timestamp,open,high,low,close,volume
2026-06-30 09:30:00,67.2026,67.3412,67.0937,67.1828,316353
2026-06-30 09:31:00,67.1927,67.2224,67.1333,67.1432,24109
2026-06-30 09:32:00,67.1383,67.1927,67.0937,67.163,20344
2026-06-30 09:33:00,67.163,67.163,67.064,67.0739,19414
2026-06-30 09:34:00,67.0739,67.0739,66.9849,67.0541,32910
2026-06-30 09:35:00,67.0363,67.1234,67.0363,67.1234,13142
2026-06-30 09:36:00,67.1333,67.163,67.0739,67.1234,20126
2026-06-30 09:37:00,67.1135,67.1729,67.0739,67.0739,32282
2026-06-30 09:38:00,67.0739,67.1729,67.0739,67.1629,24447
2026-06-30 09:39:00,67.1531,67.2323,67.1531,67.2323,15456
2026-06-30 09:40:00,67.213,67.2818,67.2026,67.2818,17823
2026-06-30 09:41:00,67.2818,67.3115,67.2323,67.2431,25111
2026-06-30 09:42:00,67.2416,67.2422,67.2026,67.2323,20082
2026-06-30 09:43:00,67.2373,67.3313,67.2224,67.3214,26366
2026-06-30 09:44:00,67.3313,67.4105,67.3214,67.4041,41154
2026-06-30 09:45:00,67.4055,67.5392,67.4055,67.4402,64590
2026-06-30 09:46:00,67.4402,67.4798,67.3907,67.4402,23367
2026-06-30 09:47:00,67.4402,67.5491,67.4402,67.5095,20262
2026-06-30 09:48:00,67.5045,67.5194,67.4204,67.5194,29103
2026-06-30 09:49:00,67.5144,67.5144,67.3848,67.455,23997
2026-06-30 09:50:00,67.46,67.4798,67.4006,67.4006,16591
2026-06-30 09:51:00,67.4006,67.4105,67.3776,67.3907,18083
2026-06-30 09:52:00,67.3907,67.4402,67.3808,67.4401,19274
2026-06-30 09:53:00,67.4303,67.4501,67.4006,67.4237,15844
2026-06-30 09:54:00,67.4204,67.46,67.4105,67.46,13815
2026-06-30 09:55:00,67.455,67.455,67.4284,67.4501,22306
2026-06-30 09:56:00,67.4455,67.455,67.3907,67.4105,19720
2026-06-30 09:57:00,67.4104,67.4402,67.3907,67.4253,19516
2026-06-30 09:58:00,67.4204,67.4501,67.3956,67.4105,16662
2026-06-30 09:59:00,67.4204,67.4204,67.3462,67.3611,21297
2026-06-30 10:00:00,67.3808,67.4451,67.3709,67.3709,51127
2026-06-30 10:01:00,67.366,67.366,67.2719,67.2719,31983
2026-06-30 10:02:00,67.262,67.2769,67.2521,67.2769,21622
2026-06-30 10:03:00,67.2769,67.2818,67.2323,67.2769,19519
2026-06-30 10:04:00,67.2769,67.2818,67.1878,67.2026,29911
2026-06-30 10:05:00,67.2026,67.2125,67.1828,67.1878,50301
2026-06-30 10:06:00,67.1878,67.2274,67.1828,67.1916,33877
2026-06-30 10:07:00,67.1878,67.1878,67.1531,67.1878,35335
2026-06-30 10:08:00,67.1878,67.2175,67.1531,67.2076,20699
2026-06-30 10:09:00,67.2178,67.2323,67.1779,67.1828,18317
2026-06-30 10:10:00,67.1927,67.2224,67.1828,67.2224,14619
2026-06-30 10:11:00,67.2175,67.2224,67.1729,67.1927,19707
2026-06-30 10:12:00,67.1828,67.1927,67.1234,67.1234,17829
2026-06-30 10:13:00,67.1234,67.1333,67.1035,67.1135,22643
2026-06-30 10:14:00,67.1135,67.1333,67.0987,67.0987,17799
2026-06-30 10:15:00,67.0937,67.1482,67.0888,67.1387,17718
2026-06-30 10:16:00,67.1333,67.1482,67.0888,67.1036,19262
2026-06-30 10:17:00,67.1036,67.1135,67.0541,67.0541,28474
2026-06-30 10:18:00,67.0541,67.0541,67.0343,67.0393,51892
2026-06-30 10:19:00,67.0393,67.0393,66.9948,66.9997,19143
2026-06-30 10:20:00,67.0046,67.0145,66.9849,66.9849,16411
2026-06-30 10:21:00,66.9849,66.9997,66.9651,66.97,13919
2026-06-30 10:22:00,66.9724,66.9822,66.9454,66.975,18177
2026-06-30 10:23:00,66.9849,67.0046,66.9693,67.0046,17308
2026-06-30 10:24:00,66.9997,67.0145,66.9849,67.0046,15232
2026-06-30 10:25:00,67.0113,67.0591,67.0046,67.0442,16780
2026-06-30 10:26:00,67.0492,67.0492,67.0195,67.0195,14651
2026-06-30 10:27:00,67.0194,67.0244,66.9799,66.9799,14168
2026-06-30 10:28:00,66.9799,67.0145,66.9799,67.0021,14872
2026-06-30 10:29:00,67.0096,67.0096,66.9799,66.9799,12860
2026-06-30 10:30:00,66.9849,67.0442,66.9849,67.043,19308
2026-06-30 10:31:00,67.0343,67.0492,67.0267,67.0492,10334
2026-06-30 10:32:00,67.0442,67.0492,67.0145,67.0145,20919
2026-06-30 10:33:00,67.0145,67.0195,66.9799,66.9948,19833
2026-06-30 10:34:00,66.9948,67.0046,66.9675,66.9675,16874
2026-06-30 10:35:00,66.97,66.9849,66.9601,66.975,14745
2026-06-30 10:36:00,66.975,66.9846,66.9453,66.97,17542
2026-06-30 10:37:00,66.97,66.9898,66.9651,66.9799,16804
2026-06-30 10:38:00,66.975,66.9849,66.9601,66.9774,15857
2026-06-30 10:39:00,66.9799,67.0046,66.9651,66.9651,11814
2026-06-30 10:40:00,66.97,66.97,66.9255,66.9255,17946
2026-06-30 10:41:00,66.9255,66.9354,66.8958,66.8958,16981
2026-06-30 10:42:00,66.8958,66.9057,66.8661,66.8908,11080
2026-06-30 10:43:00,66.8958,66.9007,66.876,66.876,14371
2026-06-30 10:44:00,66.876,66.9255,66.8676,66.9057,16373
2026-06-30 10:45:00,66.9106,66.9354,66.8958,66.8958,19185
2026-06-30 10:46:00,66.896,66.9057,66.8859,66.8859,14810
2026-06-30 10:47:00,66.8872,66.8908,66.8611,66.8611,10014
2026-06-30 10:48:00,66.8611,66.8847,66.8611,66.871,11801
2026-06-30 10:49:00,66.871,66.871,66.8562,66.8611,12080
2026-06-30 10:50:00,66.8562,66.8859,66.8413,66.8859,18613
2026-06-30 10:51:00,66.8859,66.8956,66.8611,66.8611,14605
2026-06-30 10:52:00,66.8578,66.8661,66.8463,66.8512,5333
2026-06-30 10:53:00,66.8562,66.9156,66.8512,66.9156,17748
2026-06-30 10:54:00,66.9106,66.9453,66.9106,66.9156,11973
2026-06-30 10:55:00,66.9106,66.9156,66.876,66.9057,12060
2026-06-30 10:56:00,66.9156,66.9156,66.8958,66.9106,15145
2026-06-30 10:57:00,66.9057,66.9272,66.9057,66.9272,9746
2026-06-30 10:58:00,66.9354,66.97,66.9255,66.9665,26037
2026-06-30 10:59:00,66.97,66.975,66.9651,66.97,9140
2026-06-30 11:00:00,66.9674,66.975,66.9552,66.9552,14255
2026-06-30 11:01:00,66.9502,66.9648,66.9304,66.9304,12695
2026-06-30 11:02:00,66.9255,66.9304,66.9106,66.9205,9926
2026-06-30 11:03:00,66.9156,66.9304,66.9057,66.9106,12174
2026-06-30 11:04:00,66.9057,66.9057,66.8859,66.8908,12098
2026-06-30 11:05:00,66.8908,66.9156,66.8859,66.8908,12810
2026-06-30 11:06:00,66.9007,66.9057,66.8809,66.8908,12233
2026-06-30 11:07:00,66.8958,66.9329,66.8859,66.9304,10855
2026-06-30 11:08:00,66.9255,66.9453,66.9195,66.9205,18047
2026-06-30 11:09:00,66.9205,66.9374,66.9205,66.9304,8951
2026-06-30 11:10:00,66.9255,66.9255,66.871,66.876,30880
2026-06-30 11:11:00,66.871,66.8801,66.7918,66.7918,32138
2026-06-30 11:12:00,66.7918,66.8463,66.7918,66.8166,36155
2026-06-30 11:13:00,66.8116,66.8166,66.8017,66.8068,6777
2026-06-30 11:14:00,66.8067,66.8067,66.7819,66.7918,11716
2026-06-30 11:15:00,66.7967,66.7968,66.7819,66.7857,10700
2026-06-30 11:16:00,66.777,66.7819,66.7572,66.7572,15639
2026-06-30 11:17:00,66.7602,66.7602,66.7374,66.7374,9971
2026-06-30 11:18:00,66.7349,66.7349,66.7176,66.7275,8031
2026-06-30 11:19:00,66.7225,66.7225,66.7077,66.7126,17895
2026-06-30 11:20:00,66.7176,66.7374,66.7126,66.7374,13356
2026-06-30 11:21:00,66.7374,66.7473,66.7176,66.7225,10518
2026-06-30 11:22:00,66.7225,66.7275,66.7126,66.7126,13781
2026-06-30 11:23:00,66.7126,66.7176,66.6899,66.6899,24758
2026-06-30 11:24:00,66.6879,66.6978,66.6829,66.6928,10866
2026-06-30 11:25:00,66.6928,66.7374,66.6928,66.7374,11846
2026-06-30 11:26:00,66.7374,66.7473,66.7297,66.7423,12341
2026-06-30 11:27:00,66.7473,66.7572,66.7297,66.7374,10226
2026-06-30 11:28:00,66.7324,66.7572,66.7324,66.7527,7676
2026-06-30 11:29:00,66.7522,66.7572,66.7275,66.7275,9302
2026-06-30 11:30:00,66.7275,66.7374,66.7176,66.7374,9858
2026-06-30 11:31:00,66.7374,66.7473,66.7324,66.7423,6630
2026-06-30 11:32:00,66.7374,66.7423,66.6978,66.7027,14270
2026-06-30 11:33:00,66.7027,66.7076,66.678,66.6828,10175
2026-06-30 11:34:00,66.6781,66.6978,66.678,66.6928,10411
2026-06-30 11:35:00,66.6928,66.7076,66.6829,66.6928,19326
2026-06-30 11:36:00,66.6928,66.7027,66.6879,66.6928,13552
2026-06-30 11:37:00,66.6879,66.6978,66.6582,66.6582,17742
2026-06-30 11:38:00,66.6532,66.673,66.6483,66.6681,15064
2026-06-30 11:39:00,66.6681,66.6681,66.6532,66.6582,21122
2026-06-30 11:40:00,66.6582,66.6829,66.6505,66.6819,16272
2026-06-30 11:41:00,66.6879,66.6879,66.6582,66.6582,10676
2026-06-30 11:42:00,66.6504,66.6631,66.6483,66.6582,11489
2026-06-30 11:43:00,66.6631,66.6631,66.6186,66.6285,25605
2026-06-30 11:44:00,66.6334,66.6334,66.5909,66.5939,22756
2026-06-30 11:45:00,66.5988,66.5988,66.579,66.5888,16015
2026-06-30 11:46:00,66.5888,66.5889,66.5691,66.579,14275
2026-06-30 11:47:00,66.579,66.5889,66.5741,66.579,7999
2026-06-30 11:48:00,66.579,66.678,66.5741,66.6186,54936
2026-06-30 11:49:00,66.6235,66.6273,66.6186,66.6187,4996
2026-06-30 11:50:00,66.6186,66.6384,66.6136,66.6383,13545
2026-06-30 11:51:00,66.6334,66.6334,66.6186,66.6235,6875
2026-06-30 11:52:00,66.6285,66.6384,66.6285,66.6334,5233
2026-06-30 11:53:00,66.6334,66.678,66.6334,66.678,16095
2026-06-30 11:54:00,66.673,66.6829,66.6483,66.6483,29899
2026-06-30 11:55:00,66.6532,66.6532,66.62,66.6235,17117
2026-06-30 11:56:00,66.6235,66.6594,66.6235,66.6433,19335
2026-06-30 11:57:00,66.6384,66.6468,66.6235,66.6235,14911
2026-06-30 11:58:00,66.6285,66.6334,66.589,66.5939,26615
2026-06-30 11:59:00,66.5939,66.6285,66.5939,66.6285,13432
2026-06-30 12:00:00,66.6334,66.6384,66.6186,66.6384,11227
2026-06-30 12:01:00,66.6433,66.6433,66.6136,66.6136,8402
2026-06-30 12:02:00,66.6136,66.6136,66.5988,66.6136,6658
2026-06-30 12:03:00,66.6087,66.6136,66.6087,66.6087,2752
2026-06-30 12:04:00,66.6087,66.6087,66.5889,66.6037,10601
2026-06-30 12:05:00,66.6037,66.6285,66.6037,66.6285,6592
2026-06-30 12:06:00,66.6235,66.6285,66.6087,66.6285,17714
2026-06-30 12:07:00,66.6334,66.6483,66.6285,66.6483,16119
2026-06-30 12:08:00,66.6523,66.678,66.6483,66.678,8097
2026-06-30 12:09:00,66.6879,66.6978,66.6829,66.6928,18627
2026-06-30 12:10:00,66.6976,66.7027,66.6879,66.6928,18211
2026-06-30 12:11:00,66.6879,66.7126,66.6879,66.7027,11130
2026-06-30 12:12:00,66.6978,66.7052,66.6978,66.7027,4387
2026-06-30 12:13:00,66.6996,66.6996,66.678,66.678,10184
2026-06-30 12:14:00,66.6725,66.6829,66.6681,66.6829,8067
2026-06-30 12:15:00,66.6829,66.6978,66.6829,66.6978,3954
2026-06-30 12:16:00,66.6928,66.693,66.6681,66.673,10984
2026-06-30 12:17:00,66.673,66.6768,66.6582,66.6631,13668
2026-06-30 12:18:00,66.6582,66.6681,66.6384,66.6433,10320
2026-06-30 12:19:00,66.6433,66.6482,66.6384,66.6433,9158
2026-06-30 12:20:00,66.6433,66.674,66.6384,66.673,11994
2026-06-30 12:21:00,66.678,66.678,66.6598,66.6656,8668
2026-06-30 12:22:00,66.6681,66.6928,66.6631,66.6928,6645
2026-06-30 12:23:00,66.6922,66.7077,66.6879,66.7027,13016
2026-06-30 12:24:00,66.7027,66.7077,66.7027,66.7077,6773
2026-06-30 12:25:00,66.7037,66.7176,66.6978,66.7176,9021
2026-06-30 12:26:00,66.7077,66.7176,66.7027,66.7027,8541
2026-06-30 12:27:00,66.7027,66.7077,66.6978,66.7027,5188
2026-06-30 12:28:00,66.6978,66.7027,66.6879,66.688,11054
2026-06-30 12:29:00,66.6928,66.7074,66.6879,66.7074,10314
2026-06-30 12:30:00,66.7011,66.7275,66.6978,66.7225,31430
2026-06-30 12:31:00,66.7259,66.7275,66.6978,66.7078,15226
2026-06-30 12:32:00,66.7126,66.7275,66.7126,66.7253,6773
2026-06-30 12:33:00,66.7275,66.7275,66.7077,66.7126,8857
2026-06-30 12:34:00,66.7176,66.7176,66.678,66.6965,10498
2026-06-30 12:35:00,66.6912,66.6978,66.678,66.6879,7199
2026-06-30 12:36:00,66.6829,66.6879,66.6829,66.6829,2512
2026-06-30 12:37:00,66.6839,66.6978,66.6829,66.6978,11747
2026-06-30 12:38:00,66.6928,66.7077,66.6879,66.7077,9024
2026-06-30 12:39:00,66.7176,66.7275,66.7126,66.7126,9822
2026-06-30 12:40:00,66.7189,66.7275,66.7116,66.7126,8930
2026-06-30 12:41:00,66.7126,66.7176,66.6978,66.7077,6607
2026-06-30 12:42:00,66.7126,66.7176,66.7077,66.7077,6825
2026-06-30 12:43:00,66.7126,66.7126,66.6978,66.7077,10851
2026-06-30 12:44:00,66.7027,66.7126,66.7027,66.7027,6447
2026-06-30 12:45:00,66.7027,66.7077,66.6879,66.6965,12309
2026-06-30 12:46:00,66.6928,66.6978,66.6829,66.6928,16050
2026-06-30 12:47:00,66.6978,66.6978,66.6781,66.6829,5122
2026-06-30 12:48:00,66.6829,66.6829,66.6582,66.6631,23802
2026-06-30 12:49:00,66.6681,66.678,66.6532,66.673,11252
2026-06-30 12:50:00,66.6682,66.678,66.6582,66.6653,5889
2026-06-30 12:51:00,66.6631,66.6651,66.6508,66.6582,9488
2026-06-30 12:52:00,66.6631,66.6681,66.6532,66.6582,6919
2026-06-30 12:53:00,66.6582,66.6582,66.6196,66.6235,24651
2026-06-30 12:54:00,66.6235,66.6384,66.6087,66.6285,23512
2026-06-30 12:55:00,66.6384,66.6668,66.6384,66.6582,15954
2026-06-30 12:56:00,66.6624,66.6681,66.6532,66.6582,7673
2026-06-30 12:57:00,66.6582,66.6582,66.6483,66.6532,12361
2026-06-30 12:58:00,66.6483,66.6582,66.6483,66.6532,4756
2026-06-30 12:59:00,66.6532,66.6681,66.6532,66.6582,25578
2026-06-30 13:00:00,66.6552,66.7077,66.6532,66.7077,15085
2026-06-30 13:01:00,66.7027,66.716,66.6829,66.6829,11757
2026-06-30 13:02:00,66.6879,66.6978,66.678,66.6876,4339
2026-06-30 13:03:00,66.6829,66.6879,66.6681,66.673,8678
2026-06-30 13:04:00,66.6829,66.6928,66.678,66.6829,11446
2026-06-30 13:05:00,66.6928,66.7473,66.6928,66.7473,22796
2026-06-30 13:06:00,66.7473,66.7522,66.7208,66.7225,18696
2026-06-30 13:07:00,66.7225,66.7275,66.7027,66.7027,4962
2026-06-30 13:08:00,66.6978,66.7077,66.688,66.6928,10156
2026-06-30 13:09:00,66.7027,66.7176,66.7027,66.7176,4579
2026-06-30 13:10:00,66.7176,66.7473,66.7126,66.7322,18387
2026-06-30 13:11:00,66.7324,66.7324,66.7176,66.7225,11872
2026-06-30 13:12:00,66.7225,66.7374,66.7225,66.7301,6856
2026-06-30 13:13:00,66.7324,66.7374,66.7176,66.7225,12279
2026-06-30 13:14:00,66.7225,66.7275,66.7176,66.7257,9505
2026-06-30 13:15:00,66.7225,66.7423,66.7225,66.7423,11483
2026-06-30 13:16:00,66.7473,66.7522,66.7077,66.7176,14347
2026-06-30 13:17:00,66.7176,66.7275,66.7077,66.7225,9011
2026-06-30 13:18:00,66.7225,66.7275,66.7027,66.7263,20568
2026-06-30 13:19:00,66.7225,66.7473,66.7225,66.7423,7448
2026-06-30 13:20:00,66.7473,66.7473,66.7275,66.7275,10090
2026-06-30 13:21:00,66.7374,66.7473,66.7275,66.7358,15188
2026-06-30 13:22:00,66.7324,66.7473,66.7225,66.7275,13843
2026-06-30 13:23:00,66.7225,66.7473,66.7225,66.7358,7347
2026-06-30 13:24:00,66.7324,66.7373,66.7176,66.7176,8318
2026-06-30 13:25:00,66.7225,66.7275,66.7126,66.7126,7258
2026-06-30 13:26:00,66.7126,66.7176,66.6978,66.7077,13893
2026-06-30 13:27:00,66.7027,66.7077,66.6879,66.6928,10260
2026-06-30 13:28:00,66.6879,66.6978,66.678,66.6829,13022
2026-06-30 13:29:00,66.6829,66.6879,66.678,66.6819,2784
2026-06-30 13:30:00,66.678,66.6978,66.673,66.6978,7071
2026-06-30 13:31:00,66.7027,66.7027,66.6928,66.6928,5324
2026-06-30 13:32:00,66.6879,66.7077,66.6879,66.6978,4383
2026-06-30 13:33:00,66.7027,66.7077,66.6978,66.7027,7599
2026-06-30 13:34:00,66.7027,66.7374,66.7027,66.7373,6593
2026-06-30 13:35:00,66.7324,66.7534,66.7301,66.7374,13867
2026-06-30 13:36:00,66.7364,66.7374,66.7275,66.7374,8588
2026-06-30 13:37:00,66.7473,66.7572,66.7423,66.7522,6915
2026-06-30 13:38:00,66.7532,66.7572,66.7473,66.7522,6065
2026-06-30 13:39:00,66.7522,66.7572,66.7473,66.7522,5299
2026-06-30 13:40:00,66.7522,66.7869,66.7522,66.7572,15287
2026-06-30 13:41:00,66.7572,66.7671,66.7572,66.767,8926
2026-06-30 13:42:00,66.7572,66.7572,66.7473,66.7571,7425
2026-06-30 13:43:00,66.7572,66.7769,66.7572,66.7769,7474
2026-06-30 13:44:00,66.772,66.7968,66.772,66.7968,9639
2026-06-30 13:45:00,66.7968,66.8166,66.7968,66.8121,11081
2026-06-30 13:46:00,66.8116,66.8351,66.8068,66.8265,10569
2026-06-30 13:47:00,66.8215,66.835,66.8166,66.8349,7484
2026-06-30 13:48:00,66.8314,66.8364,66.8265,66.8314,7708
2026-06-30 13:49:00,66.8314,66.8314,66.8265,66.8314,2348
2026-06-30 13:50:00,66.8314,66.8463,66.8265,66.8413,14701
2026-06-30 13:51:00,66.8512,66.8562,66.8413,66.8413,10637
2026-06-30 13:52:00,66.8413,66.8958,66.8413,66.8859,25776
2026-06-30 13:53:00,66.8958,66.9255,66.8958,66.9255,42148
2026-06-30 13:54:00,66.9255,66.9453,66.9205,66.9304,16425
2026-06-30 13:55:00,66.9255,66.9354,66.9156,66.9255,17503
2026-06-30 13:56:00,66.9304,66.9354,66.9156,66.9304,10810
2026-06-30 13:57:00,66.9304,66.9849,66.9302,66.9849,20273
2026-06-30 13:58:00,66.9799,66.9799,66.9552,66.9651,17683
2026-06-30 13:59:00,66.97,66.975,66.9651,66.9651,10278
2026-06-30 14:00:00,66.9552,66.9799,66.9552,66.9799,41850
2026-06-30 14:01:00,66.9799,66.9898,66.9552,66.9626,29558
2026-06-30 14:02:00,66.9651,66.97,66.9552,66.9601,6468
2026-06-30 14:03:00,66.9601,66.97,66.9552,66.9552,16617
2026-06-30 14:04:00,66.9552,66.9651,66.9552,66.9601,15217
2026-06-30 14:05:00,66.9552,66.9848,66.9552,66.9799,17157
2026-06-30 14:06:00,66.9799,66.9898,66.975,66.9898,25829
2026-06-30 14:07:00,66.9948,67.0145,66.9948,67.0096,6841
2026-06-30 14:08:00,67.0145,67.0195,67.0046,67.0096,15531
2026-06-30 14:09:00,67.0084,67.0096,66.9773,66.9849,16770
2026-06-30 14:10:00,66.9814,66.9814,66.9651,66.97,6686
2026-06-30 14:11:00,66.9651,67.0145,66.9651,67.0046,43193
2026-06-30 14:12:00,67.0096,67.0195,66.9997,67.0046,14525
2026-06-30 14:13:00,67.0145,67.0343,67.0096,67.0244,14511
2026-06-30 14:14:00,67.0195,67.0243,67.0145,67.0195,4703
2026-06-30 14:15:00,67.0195,67.0301,67.0145,67.0185,14951
2026-06-30 14:16:00,67.0195,67.0244,67.0046,67.0244,19299
2026-06-30 14:17:00,67.0244,67.0294,67.0195,67.0294,11750
2026-06-30 14:18:00,67.0314,67.0393,66.9849,66.9943,20780
2026-06-30 14:19:00,66.987,66.9898,66.9553,66.9601,7197
2026-06-30 14:20:00,66.9601,66.9601,66.9403,66.9403,11508
2026-06-30 14:21:00,66.9403,66.9403,66.8859,66.886,10613
2026-06-30 14:22:00,66.8859,66.8958,66.876,66.8859,7534
2026-06-30 14:23:00,66.8788,66.8908,66.8661,66.871,10104
2026-06-30 14:24:00,66.8562,66.8661,66.8512,66.8562,10751
2026-06-30 14:25:00,66.8512,66.8524,66.8413,66.8463,7897
2026-06-30 14:26:00,66.8463,66.8537,66.8364,66.8537,11550
2026-06-30 14:27:00,66.8463,66.8463,66.8265,66.8265,8202
2026-06-30 14:28:00,66.8265,66.8265,66.8116,66.8215,10008
2026-06-30 14:29:00,66.8215,66.8314,66.8166,66.8314,9804
2026-06-30 14:30:00,66.8314,66.8413,66.8017,66.8413,17019
2026-06-30 14:31:00,66.8395,66.8431,66.8265,66.8431,7174
2026-06-30 14:32:00,66.8463,66.876,66.8463,66.8661,11078
2026-06-30 14:33:00,66.8562,66.8562,66.8364,66.8413,15296
2026-06-30 14:34:00,66.8413,66.8413,66.8265,66.8314,14199
2026-06-30 14:35:00,66.8314,66.8314,66.8017,66.8017,21181
2026-06-30 14:36:00,66.7968,66.8066,66.7869,66.7918,8545
2026-06-30 14:37:00,66.7918,66.7928,66.777,66.7792,12553
2026-06-30 14:38:00,66.7819,66.7968,66.777,66.7819,23497
2026-06-30 14:39:00,66.7819,66.7968,66.777,66.7869,13465
2026-06-30 14:40:00,66.7869,66.7918,66.777,66.7819,5748
2026-06-30 14:41:00,66.7819,66.7869,66.7587,66.7671,13024
2026-06-30 14:42:00,66.7621,66.777,66.7572,66.7671,15958
2026-06-30 14:43:00,66.7671,66.7869,66.7671,66.7789,9153
2026-06-30 14:44:00,66.7819,66.7968,66.7767,66.7968,10369
2026-06-30 14:45:00,66.7918,66.7968,66.7819,66.7956,6062
2026-06-30 14:46:00,66.7918,66.7968,66.7869,66.7918,4859
2026-06-30 14:47:00,66.7869,66.7918,66.777,66.777,9339
2026-06-30 14:48:00,66.7819,66.7819,66.7572,66.7572,15458
2026-06-30 14:49:00,66.7671,66.7671,66.7572,66.7597,11354
2026-06-30 14:50:00,66.7671,66.7918,66.7621,66.7918,15279
2026-06-30 14:51:00,66.7918,66.8066,66.7918,66.8066,7162
2026-06-30 14:52:00,66.8067,66.8166,66.7988,66.8102,12650
2026-06-30 14:53:00,66.8166,66.8364,66.8067,66.8314,17568
2026-06-30 14:54:00,66.8266,66.846,66.8266,66.8314,15320
2026-06-30 14:55:00,66.8265,66.8363,66.8104,66.8104,12651
2026-06-30 14:56:00,66.8067,66.8265,66.7968,66.7968,13640
2026-06-30 14:57:00,66.8017,66.8017,66.7869,66.7918,6813
2026-06-30 14:58:00,66.7968,66.8017,66.7869,66.7968,11669
2026-06-30 14:59:00,66.7918,66.7968,66.7671,66.7671,10733
2026-06-30 15:00:00,66.772,66.7968,66.772,66.7819,16778
2026-06-30 15:01:00,66.7792,66.7864,66.7671,66.777,8859
2026-06-30 15:02:00,66.7819,66.7943,66.772,66.7869,20953
2026-06-30 15:03:00,66.7819,66.7968,66.7819,66.7968,6263
2026-06-30 15:04:00,66.7968,66.8215,66.7918,66.8116,17721
2026-06-30 15:05:00,66.8116,66.8265,66.8106,66.8265,13698
2026-06-30 15:06:00,66.8166,66.846,66.8166,66.8265,24634
2026-06-30 15:07:00,66.8305,66.8314,66.8166,66.8254,12359
2026-06-30 15:08:00,66.8215,66.8265,66.8116,66.8265,11026
2026-06-30 15:09:00,66.8166,66.8264,66.8166,66.8215,8601
2026-06-30 15:10:00,66.8166,66.8265,66.8166,66.8215,15443
2026-06-30 15:11:00,66.8215,66.8265,66.8067,66.8215,11574
2026-06-30 15:12:00,66.8215,66.8334,66.8116,66.8278,15809
2026-06-30 15:13:00,66.8363,66.8364,66.8215,66.8265,13963
2026-06-30 15:14:00,66.8314,66.8413,66.8067,66.8116,12657
2026-06-30 15:15:00,66.8067,66.8265,66.8017,66.8017,13484
2026-06-30 15:16:00,66.7968,66.8067,66.7918,66.8067,12305
2026-06-30 15:17:00,66.8017,66.8067,66.7918,66.7968,14824
2026-06-30 15:18:00,66.8041,66.8067,66.8017,66.8017,4578
2026-06-30 15:19:00,66.7968,66.8166,66.7869,66.8116,25096
2026-06-30 15:20:00,66.8067,66.8165,66.8067,66.8116,7925
2026-06-30 15:21:00,66.8116,66.8166,66.7968,66.8163,9811
2026-06-30 15:22:00,66.8116,66.8116,66.7968,66.8017,12645
2026-06-30 15:23:00,66.8017,66.8017,66.7869,66.801,38525
2026-06-30 15:24:00,66.7968,66.8017,66.7572,66.7621,21346
2026-06-30 15:25:00,66.7572,66.7572,66.7374,66.7423,19545
2026-06-30 15:26:00,66.7423,66.7473,66.7176,66.7225,27295
2026-06-30 15:27:00,66.7225,66.7374,66.7176,66.7273,16081
2026-06-30 15:28:00,66.7275,66.7275,66.6879,66.6928,34781
2026-06-30 15:29:00,66.6978,66.7275,66.6928,66.7225,11215
2026-06-30 15:30:00,66.7275,66.7572,66.7225,66.7473,26657
2026-06-30 15:31:00,66.7572,66.7869,66.7522,66.777,26679
2026-06-30 15:32:00,66.7795,66.7869,66.7789,66.7819,3773
2026-06-30 15:33:00,66.777,66.7869,66.772,66.772,15589
2026-06-30 15:34:00,66.777,66.7869,66.7572,66.7621,16122
2026-06-30 15:35:00,66.7621,66.772,66.7473,66.7562,25387
2026-06-30 15:36:00,66.7522,66.7671,66.7374,66.7572,18259
2026-06-30 15:37:00,66.7572,66.7869,66.7572,66.7671,17276
2026-06-30 15:38:00,66.772,66.7869,66.7671,66.7809,9766
2026-06-30 15:39:00,66.7819,66.7968,66.777,66.787,18908
2026-06-30 15:40:00,66.7869,66.7968,66.7671,66.7918,24469
2026-06-30 15:41:00,66.7869,66.8166,66.7869,66.8116,21706
2026-06-30 15:42:00,66.8067,66.8364,66.8067,66.8364,18042
2026-06-30 15:43:00,66.8265,66.8463,66.8265,66.8314,24162
2026-06-30 15:44:00,66.8314,66.8463,66.8215,66.8265,53340
2026-06-30 15:45:00,66.8265,66.875,66.8265,66.8562,19078
2026-06-30 15:46:00,66.8611,66.875,66.8364,66.8462,25120
2026-06-30 15:47:00,66.8364,66.8562,66.8364,66.8512,17948
2026-06-30 15:48:00,66.8463,66.8562,66.8314,66.8314,34510
2026-06-30 15:49:00,66.8314,66.8364,66.8166,66.8215,34370
2026-06-30 15:50:00,66.8265,66.8859,66.8265,66.8611,47238
2026-06-30 15:51:00,66.8661,66.8661,66.8384,66.8384,18376
2026-06-30 15:52:00,66.8413,66.8463,66.8215,66.8314,24110
2026-06-30 15:53:00,66.8364,66.8364,66.8166,66.8314,23937
2026-06-30 15:54:00,66.8314,66.8562,66.8265,66.8512,53647
2026-06-30 15:55:00,66.8463,66.876,66.8364,66.8364,78213
2026-06-30 15:56:00,66.8314,66.8562,66.8265,66.8364,72212
2026-06-30 15:57:00,66.8364,66.8364,66.8067,66.8215,60731
2026-06-30 15:58:00,66.8264,66.8264,66.7968,66.8116,72004
2026-06-30 15:59:00,66.8116,66.8166,66.7671,66.7869,208396
2026-07-01 09:30:00,66.7572,66.9948,66.7572,66.9651,206737
2026-07-01 09:31:00,66.9552,66.97,66.8017,66.8958,29856
2026-07-01 09:32:00,66.8958,66.9255,66.8067,66.9057,20993
2026-07-01 09:33:00,66.9255,66.9651,66.8611,66.9651,16654
2026-07-01 09:34:00,66.9651,66.9849,66.9255,66.9354,25452
2026-07-01 09:35:00,66.9453,67.0343,66.9453,67.0096,19104
2026-07-01 09:36:00,67.0145,67.0244,66.9453,66.9501,52724
2026-07-01 09:37:00,66.9453,66.9651,66.8958,66.9552,17955
2026-07-01 09:38:00,66.9651,66.975,66.9156,66.9255,19232
2026-07-01 09:39:00,66.9255,66.9651,66.9205,66.9552,15185
2026-07-01 09:40:00,66.9651,67.0244,66.9484,66.9928,58959
2026-07-01 09:41:00,66.9827,66.9849,66.9601,66.9651,13655
2026-07-01 09:42:00,66.9651,66.9651,66.8958,66.9007,27134
2026-07-01 09:43:00,66.9007,66.9255,66.8661,66.8661,15100
2026-07-01 09:44:00,66.876,66.8809,66.8463,66.8512,11509
2026-07-01 09:45:00,66.8562,66.8562,66.7572,66.7621,29929
2026-07-01 09:46:00,66.7621,66.777,66.7473,66.7473,12702
2026-07-01 09:47:00,66.7522,66.7819,66.6879,66.6978,21933
2026-07-01 09:48:00,66.6879,66.688,66.6186,66.6186,18962
2026-07-01 09:49:00,66.6384,66.7077,66.6186,66.6681,23477
2026-07-01 09:50:00,66.6582,66.6582,66.5889,66.6087,35212
2026-07-01 09:51:00,66.6087,66.6285,66.579,66.6087,17804
2026-07-01 09:52:00,66.6087,66.6879,66.6087,66.6681,17252
2026-07-01 09:53:00,66.673,66.6829,66.6235,66.6334,18061
2026-07-01 09:54:00,66.6334,66.668,66.6285,66.6483,10138
2026-07-01 09:55:00,66.6532,66.6681,66.6433,66.6681,16751
2026-07-01 09:56:00,66.678,66.678,66.6631,66.673,15201
2026-07-01 09:57:00,66.6879,66.7374,66.6879,66.7176,23702
2026-07-01 09:58:00,66.7212,66.7275,66.7176,66.7275,8422
2026-07-01 09:59:00,66.7225,66.7671,66.7225,66.7275,37084
2026-07-01 10:00:00,66.7324,66.7324,66.678,66.7275,25080
2026-07-01 10:01:00,66.7275,66.7621,66.6978,66.7621,10230
2026-07-01 10:02:00,66.7621,66.8067,66.7621,66.772,11858
2026-07-01 10:03:00,66.772,66.7918,66.7671,66.777,17228
2026-07-01 10:04:00,66.7869,66.7869,66.777,66.7819,7785
2026-07-01 10:05:00,66.7819,66.7869,66.777,66.777,8876
2026-07-01 10:06:00,66.777,66.7869,66.7473,66.7522,28844
2026-07-01 10:07:00,66.7473,66.8017,66.7473,66.8017,7041
2026-07-01 10:08:00,66.8067,66.8215,66.7473,66.7473,15985
2026-07-01 10:09:00,66.7484,66.7572,66.7473,66.7522,4315
2026-07-01 10:10:00,66.7473,66.7522,66.7275,66.7374,15394
2026-07-01 10:11:00,66.7374,66.7522,66.7275,66.7324,10890
2026-07-01 10:12:00,66.7275,66.7374,66.7077,66.7077,18832
2026-07-01 10:13:00,66.7077,66.7166,66.6829,66.7027,25566
2026-07-01 10:14:00,66.7027,66.7671,66.7027,66.7621,18245
2026-07-01 10:15:00,66.7671,66.777,66.7572,66.7671,7182
2026-07-01 10:16:00,66.7671,66.777,66.7374,66.7522,15162
2026-07-01 10:17:00,66.7522,66.7621,66.7473,66.7621,6518
2026-07-01 10:18:00,66.7572,66.7819,66.7572,66.7621,14925
2026-07-01 10:19:00,66.7621,66.777,66.7473,66.7621,14074
2026-07-01 10:20:00,66.7621,66.772,66.7572,66.772,15832
2026-07-01 10:21:00,66.777,66.7819,66.7572,66.7572,19394
2026-07-01 10:22:00,66.7621,66.7819,66.7473,66.777,9122
2026-07-01 10:23:00,66.7819,66.7869,66.7671,66.777,9965
2026-07-01 10:24:00,66.7671,66.7869,66.7621,66.777,10516
2026-07-01 10:25:00,66.772,66.8215,66.7671,66.8067,25689
2026-07-01 10:26:00,66.8067,66.8314,66.8067,66.8314,26790
2026-07-01 10:27:00,66.8265,66.8908,66.8265,66.8908,58054
2026-07-01 10:28:00,66.9007,66.9205,66.8859,66.9106,35754
2026-07-01 10:29:00,66.9106,66.9205,66.8859,66.9205,27306
2026-07-01 10:30:00,66.9205,66.9205,66.8463,66.8463,32238
2026-07-01 10:31:00,66.8463,66.8562,66.8166,66.8166,35647
2026-07-01 10:32:00,66.8067,66.8314,66.7968,66.8215,27189
2026-07-01 10:33:00,66.8215,66.8463,66.8116,66.8463,13616
2026-07-01 10:34:00,66.8463,66.8463,66.8017,66.8017,18811
2026-07-01 10:35:00,66.7968,66.8116,66.7671,66.7918,32249
2026-07-01 10:36:00,66.7968,66.8364,66.7869,66.8364,12886
2026-07-01 10:37:00,66.8314,66.8809,66.8265,66.876,17078
2026-07-01 10:38:00,66.8809,66.8809,66.8562,66.8562,14217
2026-07-01 10:39:00,66.8611,66.8661,66.8463,66.8463,10657
2026-07-01 10:40:00,66.8512,66.8611,66.8364,66.8364,12303
2026-07-01 10:41:00,66.8364,66.876,66.8364,66.8512,13820
2026-07-01 10:42:00,66.8512,66.9057,66.8166,66.8958,31155
2026-07-01 10:43:00,66.9057,66.9156,66.9007,66.9106,12165
2026-07-01 10:44:00,66.9131,66.9156,66.8562,66.8661,22928
2026-07-01 10:45:00,66.8661,66.871,66.8364,66.8463,14571
2026-07-01 10:46:00,66.8512,66.8561,66.8265,66.8265,19752
2026-07-01 10:47:00,66.8265,66.8512,66.8265,66.8512,12202
2026-07-01 10:48:00,66.8463,66.8463,66.8265,66.8265,18192
2026-07-01 10:49:00,66.8265,66.8562,66.8265,66.8512,10864
2026-07-01 10:50:00,66.8463,66.8512,66.8067,66.8512,30361
2026-07-01 10:51:00,66.8463,66.8512,66.8166,66.8166,17891
2026-07-01 10:52:00,66.8215,66.8364,66.8017,66.8314,20647
2026-07-01 10:53:00,66.8314,66.8512,66.8265,66.8413,28532
2026-07-01 10:54:00,66.8458,66.8463,66.8166,66.8314,19311
2026-07-01 10:55:00,66.8314,66.876,66.8314,66.8611,16534
2026-07-01 10:56:00,66.8661,66.8661,66.8562,66.8661,5613
2026-07-01 10:57:00,66.8611,66.8661,66.8265,66.8562,17617
2026-07-01 10:58:00,66.8562,66.8562,66.8463,66.8463,7212
2026-07-01 10:59:00,66.8562,66.8809,66.8463,66.8562,23933
2026-07-01 11:00:00,66.8611,66.876,66.8314,66.871,34360
2026-07-01 11:01:00,66.8661,66.8958,66.8562,66.8907,20773
2026-07-01 11:02:00,66.8958,66.9255,66.8958,66.9156,17509
2026-07-01 11:03:00,66.9205,66.9354,66.9205,66.9205,8508
2026-07-01 11:04:00,66.9254,66.9354,66.9156,66.9255,5332
2026-07-01 11:05:00,66.9304,66.9304,66.9057,66.9255,33398
2026-07-01 11:06:00,66.9255,66.9255,66.9057,66.9057,11945
2026-07-01 11:07:00,66.9146,66.9255,66.8859,66.8908,22352
2026-07-01 11:08:00,66.8908,66.8958,66.876,66.8809,9766
2026-07-01 11:09:00,66.8795,66.8859,66.876,66.8809,4937
2026-07-01 11:10:00,66.8809,66.8809,66.8463,66.8512,39253
2026-07-01 11:11:00,66.8463,66.8859,66.8413,66.8562,26157
2026-07-01 11:12:00,66.8512,66.8562,66.8364,66.8562,12764
2026-07-01 11:13:00,66.8562,66.8957,66.8562,66.8661,28515
2026-07-01 11:14:00,66.8661,66.8958,66.8562,66.8908,22869
2026-07-01 11:15:00,66.8859,66.9156,66.8859,66.8908,28535
2026-07-01 11:16:00,66.8908,66.8958,66.8661,66.8661,12249
2026-07-01 11:17:00,66.8661,66.9057,66.8562,66.9007,53459
2026-07-01 11:18:00,66.9057,66.9255,66.8859,66.9058,29629
2026-07-01 11:19:00,66.9156,66.9651,66.9156,66.9552,20604
2026-07-01 11:20:00,66.9651,67.0244,66.9552,67.0145,41675
2026-07-01 11:21:00,67.0096,67.0144,66.9849,66.9849,13887
2026-07-01 11:22:00,66.9849,67.0046,66.9849,66.9997,6410
2026-07-01 11:23:00,67.0046,67.0244,66.9898,66.9898,12131
2026-07-01 11:24:00,66.9898,67.0145,66.9552,66.9552,44942
2026-07-01 11:25:00,66.9601,66.9601,66.9403,66.9502,13321
2026-07-01 11:26:00,66.9552,66.975,66.9453,66.9453,19837
2026-07-01 11:27:00,66.9502,66.9552,66.9255,66.9255,27451
2026-07-01 11:28:00,66.9304,66.9354,66.9007,66.9205,17269
2026-07-01 11:29:00,66.9255,66.9453,66.9156,66.9156,21677
2026-07-01 11:30:00,66.9205,66.9552,66.9156,66.9502,39225
2026-07-01 11:31:00,66.9502,67.0046,66.9502,67.001,22658
2026-07-01 11:32:00,67.0046,67.0145,66.9948,66.9997,23099
2026-07-01 11:33:00,66.9997,66.9997,66.9849,66.9898,27064
2026-07-01 11:34:00,66.9898,67.0343,66.9849,67.0096,60452
2026-07-01 11:35:00,67.0096,67.0244,67.0046,67.0086,12496
2026-07-01 11:36:00,67.0145,67.0145,66.9948,67.0096,19642
2026-07-01 11:37:00,67.0046,67.0244,67.0046,67.0244,3583
2026-07-01 11:38:00,67.0244,67.0302,67.0145,67.0195,11451
2026-07-01 11:39:00,67.0195,67.0195,67.0096,67.0195,11499
2026-07-01 11:40:00,67.0195,67.0343,67.0195,67.0294,17119
2026-07-01 11:41:00,67.0294,67.0393,67.0046,67.0343,28570
2026-07-01 11:42:00,67.0442,67.0442,67.0294,67.0343,10109
2026-07-01 11:43:00,67.0374,67.0442,67.0343,67.0393,3314
2026-07-01 11:44:00,67.0393,67.0541,67.0343,67.0393,14706
2026-07-01 11:45:00,67.0343,67.0528,67.0294,67.0294,18041
2026-07-01 11:46:00,67.0269,67.0442,67.0145,67.0244,19312
2026-07-01 11:47:00,67.0294,67.0433,67.0244,67.0393,5949
2026-07-01 11:48:00,67.0393,67.0393,67.0244,67.0383,17673
2026-07-01 11:49:00,67.0393,67.0441,67.0343,67.0393,3955
2026-07-01 11:50:00,67.0393,67.0541,67.0393,67.0492,14990
2026-07-01 11:51:00,67.0442,67.064,67.0393,67.0492,19337
2026-07-01 11:52:00,67.0484,67.0541,67.0442,67.0442,7316
2026-07-01 11:53:00,67.0492,67.064,67.0442,67.064,8644
2026-07-01 11:54:00,67.0591,67.0591,67.0393,67.0393,9403
2026-07-01 11:55:00,67.0393,67.0424,67.0343,67.0343,5389
2026-07-01 11:56:00,67.0393,67.0393,67.0244,67.0244,15799
2026-07-01 11:57:00,67.0294,67.0343,67.0145,67.0195,12530
2026-07-01 11:58:00,67.0244,67.0393,67.0195,67.0294,12322
2026-07-01 11:59:00,67.0294,67.0294,67.0244,67.0294,5160
2026-07-01 12:00:00,67.0294,67.0393,67.0145,67.0393,15913
2026-07-01 12:01:00,67.0425,67.0442,67.0343,67.0343,6060
2026-07-01 12:02:00,67.0343,67.0492,67.0294,67.0492,7004
2026-07-01 12:03:00,67.0442,67.0492,67.0393,67.0492,10628
2026-07-01 12:04:00,67.0492,67.0533,67.0244,67.0294,9536
2026-07-01 12:05:00,67.0244,67.0244,66.9849,67.0243,16238
2026-07-01 12:06:00,67.0244,67.0442,67.0244,67.0442,15611
2026-07-01 12:07:00,67.0442,67.0442,67.0393,67.0442,2289
2026-07-01 12:08:00,67.0393,67.0442,67.0343,67.0442,8653
2026-07-01 12:09:00,67.0393,67.0492,67.0393,67.0443,9781
2026-07-01 12:10:00,67.0492,67.064,67.0393,67.0393,22825
2026-07-01 12:11:00,67.0442,67.0639,67.0294,67.0294,15933
2026-07-01 12:12:00,67.0343,67.064,67.0332,67.0492,7744
2026-07-01 12:13:00,67.0492,67.0591,67.0442,67.0492,22756
2026-07-01 12:14:00,67.0492,67.0789,67.0492,67.0789,48047
2026-07-01 12:15:00,67.0789,67.1036,67.0789,67.0987,13052
2026-07-01 12:16:00,67.0987,67.1086,67.0987,67.0987,12310
2026-07-01 12:17:00,67.0987,67.1035,67.0888,67.0987,12495
2026-07-01 12:18:00,67.0987,67.0987,67.0937,67.0987,6040
2026-07-01 12:19:00,67.1035,67.1035,67.0541,67.0591,9616
2026-07-01 12:20:00,67.0541,67.0789,67.0343,67.064,30031
2026-07-01 12:21:00,67.069,67.069,67.0541,67.064,4498
2026-07-01 12:22:00,67.064,67.069,67.0541,67.0639,7284
2026-07-01 12:23:00,67.0591,67.0591,67.0442,67.0492,7441
2026-07-01 12:24:00,67.0442,67.0697,67.0442,67.0697,6227
2026-07-01 12:25:00,67.0738,67.0739,67.0591,67.069,9017
2026-07-01 12:26:00,67.069,67.0838,67.069,67.0739,11389
2026-07-01 12:27:00,67.0739,67.0739,67.069,67.0698,2108
2026-07-01 12:28:00,67.0739,67.0888,67.069,67.0739,13780
2026-07-01 12:29:00,67.0739,67.0739,67.0673,67.069,7475
2026-07-01 12:30:00,67.0738,67.0738,67.069,67.069,3112
2026-07-01 12:31:00,67.069,67.069,67.0544,67.069,11616
2026-07-01 12:32:00,67.0739,67.0739,67.069,67.069,1506
2026-07-01 12:33:00,67.069,67.0739,67.0541,67.0639,12238
2026-07-01 12:34:00,67.0591,67.064,67.0492,67.064,13741
2026-07-01 12:35:00,67.064,67.064,67.0046,67.0096,11254
2026-07-01 12:36:00,67.0145,67.0312,67.0145,67.0294,13691
2026-07-01 12:37:00,67.0294,67.0294,67.0046,67.0046,8721
2026-07-01 12:38:00,67.0046,67.0096,66.9849,66.9849,13191
2026-07-01 12:39:00,66.9849,66.9849,66.9304,66.9651,24530
2026-07-01 12:40:00,66.9601,66.97,66.9583,66.97,3533
2026-07-01 12:41:00,66.9651,66.97,66.9552,66.9601,8895
2026-07-01 12:42:00,66.9601,66.9601,66.9552,66.9552,6002
2026-07-01 12:43:00,66.9502,66.9552,66.9453,66.9502,9292
2026-07-01 12:44:00,66.9477,66.97,66.9477,66.9552,11398
2026-07-01 12:45:00,66.9552,66.9552,66.9453,66.9502,3891
2026-07-01 12:46:00,66.9453,66.97,66.9453,66.97,7621
2026-07-01 12:47:00,66.97,66.9799,66.9651,66.9799,8540
2026-07-01 12:48:00,66.9799,66.9948,66.9799,66.9898,7528
2026-07-01 12:49:00,66.9912,67.0244,66.9849,67.0145,20997
2026-07-01 12:50:00,67.0096,67.0145,67.0086,67.0145,3531
2026-07-01 12:51:00,67.0129,67.0129,66.9784,66.9799,7370
2026-07-01 12:52:00,66.9849,66.9898,66.9849,66.9898,2033
2026-07-01 12:53:00,66.9898,66.9997,66.975,66.9799,10854
2026-07-01 12:54:00,66.9799,66.9849,66.9751,66.9831,1907
2026-07-01 12:55:00,66.9849,66.9849,66.975,66.9799,2742
2026-07-01 12:56:00,66.9849,66.9948,66.97,66.97,14197
2026-07-01 12:57:00,66.97,66.9803,66.9651,66.9799,7341
2026-07-01 12:58:00,66.9799,66.9799,66.9453,66.9552,18833
2026-07-01 12:59:00,66.9502,66.9552,66.9502,66.9502,3231
2026-07-01 13:00:00,66.9552,66.966,66.9523,66.9651,10421
2026-07-01 13:01:00,66.97,66.9947,66.9668,66.9947,4214
2026-07-01 13:02:00,66.9898,67.0022,66.9898,66.9997,3436
2026-07-01 13:03:00,66.9997,67.0046,66.9948,66.9997,3401
2026-07-01 13:04:00,67.0046,67.0096,66.9997,67.0046,8592
2026-07-01 13:05:00,66.9997,67.0343,66.9997,67.0343,7597
2026-07-01 13:06:00,67.0294,67.0343,67.0244,67.0294,4398
2026-07-01 13:07:00,67.0294,67.0492,67.0145,67.0145,18228
2026-07-01 13:08:00,67.0241,67.0244,67.0096,67.0244,7020
2026-07-01 13:09:00,67.0244,67.0393,67.0244,67.0294,10503
2026-07-01 13:10:00,67.0393,67.0541,67.0393,67.0492,4197
2026-07-01 13:11:00,67.0442,67.0442,67.0195,67.0195,12365
2026-07-01 13:12:00,67.0244,67.0343,67.0201,67.0296,6140
2026-07-01 13:13:00,67.0343,67.064,67.0294,67.064,32568
2026-07-01 13:14:00,67.0591,67.0739,67.0541,67.0591,28254
2026-07-01 13:15:00,67.064,67.069,67.0393,67.0402,8523
2026-07-01 13:16:00,67.04,67.0442,67.0343,67.0442,4175
2026-07-01 13:17:00,67.0392,67.0442,67.0343,67.0442,19558
2026-07-01 13:18:00,67.0393,67.0591,67.0393,67.0591,18350
2026-07-01 13:19:00,67.064,67.0789,67.0619,67.0789,8881
2026-07-01 13:20:00,67.0838,67.0838,67.0739,67.0789,7794
2026-07-01 13:21:00,67.0838,67.0937,67.0739,67.0739,19003
2026-07-01 13:22:00,67.0704,67.0937,67.0704,67.0888,3640
2026-07-01 13:23:00,67.0888,67.0937,67.069,67.069,8684
2026-07-01 13:24:00,67.0739,67.0937,67.0739,67.0936,6926
2026-07-01 13:25:00,67.0838,67.0937,67.0789,67.0888,11545
2026-07-01 13:26:00,67.0937,67.1036,67.0888,67.1036,12229
2026-07-01 13:27:00,67.0987,67.1036,67.0987,67.1035,2394
2026-07-01 13:28:00,67.0987,67.1086,67.0857,67.0888,11539
2026-07-01 13:29:00,67.0927,67.0937,67.0888,67.0936,2862
2026-07-01 13:30:00,67.0888,67.0987,67.0789,67.0789,19284
2026-07-01 13:31:00,67.0789,67.0838,67.064,67.0789,8361
2026-07-01 13:32:00,67.0789,67.1036,67.064,67.1036,14161
2026-07-01 13:33:00,67.0987,67.1135,67.0937,67.0987,8264
2026-07-01 13:34:00,67.1035,67.1036,67.0665,67.0665,19251
2026-07-01 13:35:00,67.0739,67.1036,67.0739,67.1036,17011
2026-07-01 13:36:00,67.0987,67.1036,67.0937,67.0987,6581
2026-07-01 13:37:00,67.0987,67.1135,67.0987,67.1086,4356
2026-07-01 13:38:00,67.1086,67.1234,67.0987,67.1234,19111
2026-07-01 13:39:00,67.1234,67.1432,67.1234,67.1383,12647
2026-07-01 13:40:00,67.1383,67.1531,67.1333,67.1482,18074
2026-07-01 13:41:00,67.1482,67.163,67.1432,67.1583,41202
2026-07-01 13:42:00,67.1531,67.1581,67.1334,67.1531,8075
2026-07-01 13:43:00,67.1531,67.1581,67.1383,67.1432,9275
2026-07-01 13:44:00,67.1482,67.1482,67.1284,67.1333,7193
2026-07-01 13:45:00,67.1333,67.1383,67.1284,67.1383,5865
2026-07-01 13:46:00,67.1431,67.168,67.1422,67.1482,37152
2026-07-01 13:47:00,67.1526,67.1526,67.1235,67.1333,8744
2026-07-01 13:48:00,67.1284,67.1333,67.1234,67.1284,3828
2026-07-01 13:49:00,67.1259,67.1333,67.1259,67.1284,3400
2026-07-01 13:50:00,67.1333,67.1581,67.1333,67.1482,17588
2026-07-01 13:51:00,67.1531,67.163,67.1279,67.1284,16006
2026-07-01 13:52:00,67.1284,67.1482,67.1284,67.1482,10872
2026-07-01 13:53:00,67.1531,67.1531,67.1333,67.1383,11276
2026-07-01 13:54:00,67.1432,67.1432,67.1086,67.1185,16510
2026-07-01 13:55:00,67.1185,67.1333,67.1185,67.1333,10247
2026-07-01 13:56:00,67.1333,67.1333,67.1086,67.1135,10574
2026-07-01 13:57:00,67.1135,67.1135,67.0888,67.0958,12063
2026-07-01 13:58:00,67.1036,67.1135,67.0987,67.0989,8310
2026-07-01 13:59:00,67.1036,67.1234,67.1036,67.1036,13418
2026-07-01 14:00:00,67.1036,67.1135,67.1008,67.1086,7325
2026-07-01 14:01:00,67.1086,67.1135,67.0937,67.1088,9758
2026-07-01 14:02:00,67.1135,67.1135,67.1036,67.1086,5483
2026-07-01 14:03:00,67.1036,67.1036,67.069,67.069,15456
2026-07-01 14:04:00,67.0678,67.0739,67.0656,67.0697,9088
2026-07-01 14:05:00,67.069,67.0739,67.0641,67.0641,2366
2026-07-01 14:06:00,67.064,67.0789,67.0442,67.0492,22558
2026-07-01 14:07:00,67.0492,67.0541,67.0393,67.0442,12307
2026-07-01 14:08:00,67.0492,67.0541,67.0343,67.0492,12488
2026-07-01 14:09:00,67.0442,67.069,67.0442,67.0591,19215
2026-07-01 14:10:00,67.0626,67.0789,67.0626,67.0739,14928
2026-07-01 14:11:00,67.0837,67.0937,67.0739,67.0888,12167
2026-07-01 14:12:00,67.0888,67.0937,67.0888,67.0888,5642
2026-07-01 14:13:00,67.0838,67.1086,67.0838,67.1086,9104
2026-07-01 14:14:00,67.1053,67.1135,67.0987,67.0987,18287
2026-07-01 14:15:00,67.1036,67.1135,67.0987,67.1036,11743
2026-07-01 14:16:00,67.1036,67.1036,67.0987,67.0987,1836
2026-07-01 14:17:00,67.0987,67.1036,67.0937,67.0987,16205
2026-07-01 14:18:00,67.0987,67.1036,67.0739,67.0888,15590
2026-07-01 14:19:00,67.0888,67.1086,67.0888,67.1086,12732
2026-07-01 14:20:00,67.1135,67.1135,67.0987,67.1036,12038
2026-07-01 14:21:00,67.0987,67.1036,67.0888,67.0937,10419
2026-07-01 14:22:00,67.0987,67.1036,67.0937,67.0969,4722
2026-07-01 14:23:00,67.1036,67.1036,67.0937,67.0987,14281
2026-07-01 14:24:00,67.1036,67.1036,67.0888,67.0987,15142
2026-07-01 14:25:00,67.1036,67.1036,67.0937,67.0987,4550
2026-07-01 14:26:00,67.0987,67.1036,67.0888,67.0937,20659
2026-07-01 14:27:00,67.0997,67.1036,67.0862,67.0934,11156
2026-07-01 14:28:00,67.0934,67.0987,67.0887,67.0888,7387
2026-07-01 14:29:00,67.0937,67.1036,67.0888,67.0937,10720
2026-07-01 14:30:00,67.1,67.1035,67.0937,67.0987,11610
2026-07-01 14:31:00,67.1033,67.1036,67.0937,67.096,17028
2026-07-01 14:32:00,67.0987,67.1234,67.0937,67.1234,16555
2026-07-01 14:33:00,67.1234,67.1333,67.1185,67.1234,14114
2026-07-01 14:34:00,67.117,67.1234,67.1135,67.1187,15100
2026-07-01 14:35:00,67.1185,67.1234,67.1185,67.1185,4817
2026-07-01 14:36:00,67.1185,67.1828,67.1135,67.1779,82838
2026-07-01 14:37:00,67.1779,67.1927,67.1779,67.1878,20681
2026-07-01 14:38:00,67.1927,67.2026,67.1828,67.2026,12505
2026-07-01 14:39:00,67.1927,67.1977,67.1828,67.1867,16557
2026-07-01 14:40:00,67.1878,67.1878,67.1581,67.1581,15960
2026-07-01 14:41:00,67.1531,67.1828,67.1482,67.1779,13140
2026-07-01 14:42:00,67.1779,67.1779,67.1531,67.1541,12080
2026-07-01 14:43:00,67.1581,67.1581,67.1531,67.1581,3610
2026-07-01 14:44:00,67.1581,67.1729,67.1581,67.168,10031
2026-07-01 14:45:00,67.168,67.1729,67.163,67.168,9413
2026-07-01 14:46:00,67.168,67.17,67.1234,67.1531,30733
2026-07-01 14:47:00,67.1531,67.1691,67.1531,67.163,10698
2026-07-01 14:48:00,67.1679,67.1779,67.1644,67.1729,7803
2026-07-01 14:49:00,67.1779,67.1779,67.1432,67.1531,12963
2026-07-01 14:50:00,67.1531,67.1606,67.1432,67.1432,8591
2026-07-01 14:51:00,67.1482,67.1482,67.1383,67.1482,9310
2026-07-01 14:52:00,67.1432,67.1531,67.1432,67.1531,4553
2026-07-01 14:53:00,67.1482,67.1581,67.1432,67.1531,9192
2026-07-01 14:54:00,67.1531,67.1531,67.1333,67.1483,16051
2026-07-01 14:55:00,67.153,67.153,67.1333,67.1399,10769
2026-07-01 14:56:00,67.1383,67.1384,67.1333,67.1383,4113
2026-07-01 14:57:00,67.1333,67.1383,67.1234,67.1234,18669
2026-07-01 14:58:00,67.1284,67.1333,67.1234,67.1284,9528
2026-07-01 14:59:00,67.126,67.1284,67.1135,67.121,19385
2026-07-01 15:00:00,67.1185,67.1234,67.1135,67.1185,11547
2026-07-01 15:01:00,67.1135,67.1185,67.0888,67.1036,20927
2026-07-01 15:02:00,67.1086,67.1185,67.1086,67.1185,17536
2026-07-01 15:03:00,67.1185,67.1233,67.1135,67.1185,4174
2026-07-01 15:04:00,67.1188,67.1197,67.1075,67.1075,18177
2026-07-01 15:05:00,67.1086,67.1333,67.1086,67.1185,32924
2026-07-01 15:06:00,67.1185,67.1333,67.1185,67.1284,55531
2026-07-01 15:07:00,67.1284,67.1432,67.1284,67.1383,10133
2026-07-01 15:08:00,67.1408,67.1432,67.1333,67.1383,20179
2026-07-01 15:09:00,67.1383,67.1431,67.1333,67.1333,4414
2026-07-01 15:10:00,67.1383,67.1431,67.1284,67.1284,9194
2026-07-01 15:11:00,67.1235,67.1418,67.1234,67.1383,11683
2026-07-01 15:12:00,67.1348,67.163,67.1348,67.1581,13381
2026-07-01 15:13:00,67.1581,67.163,67.1531,67.1581,6610
2026-07-01 15:14:00,67.1581,67.1828,67.1581,67.1827,12422
2026-07-01 15:15:00,67.1779,67.1779,67.1383,67.1581,34211
2026-07-01 15:16:00,67.1613,67.1629,67.1531,67.1581,7043
2026-07-01 15:17:00,67.1532,67.1729,67.1532,67.168,9947
2026-07-01 15:18:00,67.168,67.1729,67.163,67.1729,7623
2026-07-01 15:19:00,67.1729,67.1729,67.163,67.1664,9598
2026-07-01 15:20:00,67.168,67.1729,67.163,67.168,10991
2026-07-01 15:21:00,67.1729,67.1729,67.1581,67.168,26078
2026-07-01 15:22:00,67.168,67.1728,67.1333,67.1728,22941
2026-07-01 15:23:00,67.1729,67.1878,67.1729,67.1779,13907
2026-07-01 15:24:00,67.1779,67.2125,67.1729,67.2125,36358
2026-07-01 15:25:00,67.2125,67.2125,67.1928,67.2076,22730
2026-07-01 15:26:00,67.2045,67.2125,67.1828,67.1927,20303
2026-07-01 15:27:00,67.1927,67.2224,67.1927,67.2224,11219
2026-07-01 15:28:00,67.2224,67.2323,67.2125,67.2274,9524
2026-07-01 15:29:00,67.2323,67.2323,67.2125,67.2126,19602
2026-07-01 15:30:00,67.2224,67.2224,67.2026,67.2076,19771
2026-07-01 15:31:00,67.2076,67.2224,67.2076,67.2175,9263
2026-07-01 15:32:00,67.2125,67.2224,67.2076,67.2175,20109
2026-07-01 15:33:00,67.2125,67.2323,67.2125,67.2274,12817
2026-07-01 15:34:00,67.2274,67.2274,67.2076,67.2076,17220
2026-07-01 15:35:00,67.2076,67.2175,67.1828,67.1927,32323
2026-07-01 15:36:00,67.2026,67.2076,67.1849,67.2026,12674
2026-07-01 15:37:00,67.2026,67.2125,67.1955,67.2125,10384
2026-07-01 15:38:00,67.2125,67.2125,67.1927,67.1977,14523
2026-07-01 15:39:00,67.1965,67.2125,67.1953,67.2076,13096
2026-07-01 15:40:00,67.2076,67.2125,67.2026,67.2026,28900
2026-07-01 15:41:00,67.2026,67.2282,67.1977,67.2274,22015
2026-07-01 15:42:00,67.2274,67.262,67.2268,67.262,25261
2026-07-01 15:43:00,67.262,67.262,67.2472,67.2521,27547
2026-07-01 15:44:00,67.2521,67.2521,67.2224,67.2224,18994
2026-07-01 15:45:00,67.2323,67.2323,67.2224,67.2323,7170
2026-07-01 15:46:00,67.2274,67.2571,67.2274,67.2323,39143
2026-07-01 15:47:00,67.2323,67.2521,67.2323,67.2472,26232
2026-07-01 15:48:00,67.2472,67.2719,67.2422,67.2719,39099
2026-07-01 15:49:00,67.2719,67.2917,67.2422,67.2521,56213
2026-07-01 15:50:00,67.2521,67.2967,67.2422,67.262,43847
2026-07-01 15:51:00,67.2719,67.2868,67.2521,67.2868,32923
2026-07-01 15:52:00,67.2868,67.3016,67.2868,67.2967,45687
2026-07-01 15:53:00,67.2967,67.3115,67.2818,67.3016,50617
2026-07-01 15:54:00,67.3066,67.3066,67.2769,67.2868,41055
2026-07-01 15:55:00,67.2868,67.3264,67.2868,67.3165,90847
2026-07-01 15:56:00,67.3214,67.3412,67.3165,67.3412,93241
2026-07-01 15:57:00,67.3412,67.3561,67.3115,67.3561,118402
2026-07-01 15:58:00,67.3561,67.3907,67.3561,67.3907,114419
2026-07-01 15:59:00,67.3907,67.3956,67.361,67.3907,195347
2026-07-02 09:30:00,67.1234,67.2323,67.0739,67.1432,190318
2026-07-02 09:31:00,67.1432,67.262,67.1432,67.2026,39626
2026-07-02 09:32:00,67.2125,67.3165,67.2125,67.3165,18254
2026-07-02 09:33:00,67.3115,67.3808,67.3115,67.3419,19432
2026-07-02 09:34:00,67.3561,67.3561,67.2521,67.2719,12782
2026-07-02 09:35:00,67.2917,67.4006,67.2818,67.4006,29570
2026-07-02 09:36:00,67.3907,67.4006,67.3709,67.3956,38545
2026-07-02 09:37:00,67.4006,67.4402,67.4006,67.4253,32129
2026-07-02 09:38:00,67.4253,67.4402,67.3214,67.3214,17784
2026-07-02 09:39:00,67.3214,67.3214,67.2769,67.2769,7065
2026-07-02 09:40:00,67.2719,67.3907,67.2719,67.3808,15005
2026-07-02 09:41:00,67.3823,67.3907,67.3709,67.3808,11336
2026-07-02 09:42:00,67.3769,67.3907,67.3388,67.3709,14181
2026-07-02 09:43:00,67.3709,67.4204,67.3618,67.4055,13063
2026-07-02 09:44:00,67.4019,67.4699,67.3956,67.4465,17490
2026-07-02 09:45:00,67.4402,67.5293,67.4402,67.4847,53775
2026-07-02 09:46:00,67.4847,67.4892,67.3907,67.4055,13109
2026-07-02 09:47:00,67.4055,67.4498,67.4055,67.4451,14304
2026-07-02 09:48:00,67.4501,67.4501,67.3536,67.3561,66878
2026-07-02 09:49:00,67.3511,67.361,67.2818,67.2974,26026
2026-07-02 09:50:00,67.2917,67.3016,67.2818,67.2967,12675
2026-07-02 09:51:00,67.2917,67.2967,67.2472,67.2581,15625
2026-07-02 09:52:00,67.2571,67.262,67.2521,67.2571,27599
2026-07-02 09:53:00,67.2571,67.2719,67.1828,67.1828,35168
2026-07-02 09:54:00,67.1878,67.2323,67.1779,67.2274,15761
2026-07-02 09:55:00,67.2274,67.2521,67.2224,67.2284,15357
2026-07-02 09:56:00,67.2323,67.2373,67.2125,67.2274,11137
2026-07-02 09:57:00,67.2275,67.262,67.2266,67.2571,17311
2026-07-02 09:58:00,67.2571,67.2719,67.2472,67.262,37936
2026-07-02 09:59:00,67.262,67.262,67.2528,67.262,13887
2026-07-02 10:00:00,67.262,67.3511,67.2026,67.2571,51506
2026-07-02 10:01:00,67.2571,67.2769,67.2571,67.2769,27339
2026-07-02 10:02:00,67.2818,67.3165,67.262,67.2719,22996
2026-07-02 10:03:00,67.262,67.2813,67.2521,67.2719,15465
2026-07-02 10:04:00,67.2719,67.3312,67.2719,67.3264,18706
2026-07-02 10:05:00,67.3264,67.4402,67.3264,67.4402,20015
2026-07-02 10:06:00,67.4451,67.4501,67.4204,67.4253,18253
2026-07-02 10:07:00,67.4205,67.455,67.4105,67.455,19574
2026-07-02 10:08:00,67.455,67.46,67.4303,67.4402,13294
2026-07-02 10:09:00,67.4402,67.46,67.4343,67.4451,15349
2026-07-02 10:10:00,67.4501,67.459,67.4154,67.455,14863
2026-07-02 10:11:00,67.46,67.4649,67.4501,67.4649,10503
2026-07-02 10:12:00,67.46,67.4699,67.4501,67.4649,17997
2026-07-02 10:13:00,67.4649,67.4698,67.4303,67.4304,18520
2026-07-02 10:14:00,67.4352,67.4352,67.4154,67.4352,9987
2026-07-02 10:15:00,67.4303,67.4402,67.4105,67.4154,25050
2026-07-02 10:16:00,67.4204,67.4451,67.4204,67.4451,16736
2026-07-02 10:17:00,67.4451,67.5045,67.4451,67.5045,29523
2026-07-02 10:18:00,67.4996,67.5194,67.4897,67.5194,14377
2026-07-02 10:19:00,67.5144,67.5293,67.5095,67.5243,22259
2026-07-02 10:20:00,67.5194,67.5194,67.46,67.4666,13726
2026-07-02 10:21:00,67.46,67.46,67.3927,67.3956,21157
2026-07-02 10:22:00,67.3956,67.4154,67.3956,67.4006,16992
2026-07-02 10:23:00,67.4055,67.4055,67.361,67.361,27318
2026-07-02 10:24:00,67.366,67.366,67.3313,67.3464,16172
2026-07-02 10:25:00,67.3462,67.3561,67.3214,67.3561,21395
2026-07-02 10:26:00,67.3561,67.361,67.3412,67.3462,10951
2026-07-02 10:27:00,67.3487,67.3487,67.3016,67.3078,17319
2026-07-02 10:28:00,67.3066,67.366,67.3016,67.3411,20555
2026-07-02 10:29:00,67.3412,67.3412,67.3313,67.3363,5949
2026-07-02 10:30:00,67.3347,67.3412,67.3214,67.3313,20322
2026-07-02 10:31:00,67.3264,67.3511,67.3165,67.3511,13660
2026-07-02 10:32:00,67.3462,67.3511,67.3313,67.3412,21140
2026-07-02 10:33:00,67.3363,67.3412,67.3347,67.3363,7945
2026-07-02 10:34:00,67.3313,67.361,67.3313,67.3609,11841
2026-07-02 10:35:00,67.3561,67.361,67.3412,67.3511,11093
2026-07-02 10:36:00,67.3412,67.3412,67.3313,67.3412,9760
2026-07-02 10:37:00,67.3462,67.3561,67.3412,67.3495,8095
2026-07-02 10:38:00,67.3462,67.3511,67.3412,67.3462,4370
2026-07-02 10:39:00,67.3506,67.3709,67.3412,67.3561,22915
2026-07-02 10:40:00,67.3511,67.3511,67.3313,67.3313,17833
2026-07-02 10:41:00,67.3363,67.3462,67.3264,67.3363,10009
2026-07-02 10:42:00,67.3339,67.3412,67.3066,67.3165,19621
2026-07-02 10:43:00,67.3165,67.3165,67.2967,67.2967,13683
2026-07-02 10:44:00,67.2967,67.3016,67.2026,67.2323,55285
2026-07-02 10:45:00,67.2422,67.2472,67.2301,67.2323,22541
2026-07-02 10:46:00,67.2323,67.2421,67.2224,67.2224,15401
2026-07-02 10:47:00,67.2224,67.2323,67.1977,67.2323,25124
2026-07-02 10:48:00,67.2321,67.2571,67.2282,67.2521,28939
2026-07-02 10:49:00,67.2472,67.2521,67.2323,67.2422,9232
2026-07-02 10:50:00,67.2422,67.2422,67.2125,67.2175,11767
2026-07-02 10:51:00,67.2026,67.2323,67.2026,67.2323,16596
2026-07-02 10:52:00,67.2323,67.2323,67.1858,67.1977,16203
2026-07-02 10:53:00,67.1878,67.1927,67.163,67.168,12613
2026-07-02 10:54:00,67.168,67.168,67.1284,67.1284,18525
2026-07-02 10:55:00,67.1284,67.1432,67.1284,67.1383,13012
2026-07-02 10:56:00,67.1383,67.1531,67.1333,67.1531,16263
2026-07-02 10:57:00,67.1482,67.1828,67.1333,67.1828,27244
2026-07-02 10:58:00,67.1828,67.2026,67.166,67.1961,19284
2026-07-02 10:59:00,67.2026,67.2026,67.1828,67.2026,25698
2026-07-02 11:00:00,67.2026,67.2125,67.1729,67.1827,15507
2026-07-02 11:01:00,67.1828,67.1828,67.1581,67.1581,14090
2026-07-02 11:02:00,67.1581,67.163,67.1531,67.1581,11590
2026-07-02 11:03:00,67.1581,67.2175,67.1581,67.2125,22770
2026-07-02 11:04:00,67.2125,67.2175,67.2026,67.2026,14984
2026-07-02 11:05:00,67.1977,67.2373,67.1927,67.2321,15751
2026-07-02 11:06:00,67.2274,67.2274,67.1828,67.1828,15014
2026-07-02 11:07:00,67.1828,67.2125,67.1828,67.2026,11883
2026-07-02 11:08:00,67.1977,67.2026,67.1927,67.1977,6710
2026-07-02 11:09:00,67.1878,67.2224,67.1828,67.2224,22409
2026-07-02 11:10:00,67.2175,67.2224,67.2125,67.2224,10379
2026-07-02 11:11:00,67.2176,67.2224,67.2125,67.2125,13793
2026-07-02 11:12:00,67.2175,67.2175,67.206,67.2125,10680
2026-07-02 11:13:00,67.2125,67.2224,67.1927,67.1977,7662
2026-07-02 11:14:00,67.1977,67.2125,67.1927,67.2125,5927
2026-07-02 11:15:00,67.2125,67.2323,67.2125,67.2224,12586
2026-07-02 11:16:00,67.2175,67.2224,67.1754,67.1828,18174
2026-07-02 11:17:00,67.1749,67.1927,67.1729,67.1927,14328
2026-07-02 11:18:00,67.1878,67.2026,67.1763,67.2026,21773
2026-07-02 11:19:00,67.1977,67.2026,67.1581,67.1581,21862
2026-07-02 11:20:00,67.1581,67.1927,67.1581,67.1878,21668
2026-07-02 11:21:00,67.1828,67.1878,67.163,67.1779,22646
2026-07-02 11:22:00,67.1779,67.1828,67.116,67.1197,34570
2026-07-02 11:23:00,67.1234,67.1531,67.1161,67.1482,17946
2026-07-02 11:24:00,67.1432,67.1531,67.1284,67.1482,18359
2026-07-02 11:25:00,67.1482,67.163,67.1234,67.1284,20450
2026-07-02 11:26:00,67.1234,67.1284,67.0838,67.0987,37708
2026-07-02 11:27:00,67.0987,67.1124,67.0789,67.0789,18954
2026-07-02 11:28:00,67.0838,67.0919,67.064,67.0739,28793
2026-07-02 11:29:00,67.0739,67.0789,67.0591,67.0591,11882
2026-07-02 11:30:00,67.0591,67.069,67.0541,67.069,5553
2026-07-02 11:31:00,67.0739,67.0937,67.064,67.0937,12643
2026-07-02 11:32:00,67.0937,67.1135,67.0789,67.1135,14705
2026-07-02 11:33:00,67.1135,67.1234,67.0937,67.1185,14616
2026-07-02 11:34:00,67.1185,67.1234,67.1086,67.1145,10456
2026-07-02 11:35:00,67.1145,67.1234,67.1036,67.11,9882
2026-07-02 11:36:00,67.108,67.1234,67.1046,67.1086,15152
2026-07-02 11:37:00,67.1086,67.1135,67.1036,67.1078,5808
2026-07-02 11:38:00,67.1086,67.1234,67.1037,67.1185,17999
2026-07-02 11:39:00,67.1185,67.1333,67.1136,67.1234,14911
2026-07-02 11:40:00,67.1333,67.1432,67.1234,67.1284,16963
2026-07-02 11:41:00,67.1333,67.1333,67.1036,67.1185,21941
2026-07-02 11:42:00,67.1185,67.1234,67.1135,67.1185,8107
2026-07-02 11:43:00,67.1135,67.1234,67.1036,67.1185,8230
2026-07-02 11:44:00,67.1135,67.1234,67.1135,67.1185,14352
2026-07-02 11:45:00,67.1185,67.1333,67.0888,67.1086,48010
2026-07-02 11:46:00,67.1135,67.1185,67.1037,67.1185,8598
2026-07-02 11:47:00,67.1185,67.1185,67.0937,67.1135,17443
2026-07-02 11:48:00,67.1135,67.1135,67.0838,67.0888,5697
2026-07-02 11:49:00,67.0888,67.1036,67.0838,67.0987,9085
2026-07-02 11:50:00,67.1036,67.1086,67.0937,67.0987,8041
2026-07-02 11:51:00,67.1036,67.1036,67.0758,67.0758,14072
2026-07-02 11:52:00,67.0838,67.0838,67.0541,67.0541,15598
2026-07-02 11:53:00,67.0591,67.069,67.0442,67.0591,21483
2026-07-02 11:54:00,67.064,67.064,67.0244,67.0244,16673
2026-07-02 11:55:00,67.0195,67.0393,67.0145,67.0343,22027
2026-07-02 11:56:00,67.0294,67.0393,67.0145,67.0145,25956
2026-07-02 11:57:00,67.0195,67.0314,67.0046,67.0097,18806
2026-07-02 11:58:00,67.0096,67.0145,67.0046,67.0096,9072
2026-07-02 11:59:00,67.0145,67.0541,67.0096,67.0343,31604
2026-07-02 12:00:00,67.0294,67.0294,66.9651,66.9651,23784
2026-07-02 12:01:00,66.9651,66.9849,66.9354,66.9502,31478
2026-07-02 12:02:00,66.9502,66.9849,66.9354,66.9799,24883
2026-07-02 12:03:00,66.9791,67.0343,66.975,67.0146,17961
2026-07-02 12:04:00,67.0195,67.0442,67.0145,67.0393,12963
2026-07-02 12:05:00,67.0442,67.064,67.0343,67.0591,13056
2026-07-02 12:06:00,67.064,67.1036,67.0591,67.0937,19236
2026-07-02 12:07:00,67.0987,67.1185,67.0888,67.1185,10929
2026-07-02 12:08:00,67.1234,67.1729,67.1234,67.168,15886
2026-07-02 12:09:00,67.168,67.168,67.1234,67.1333,17191
2026-07-02 12:10:00,67.1284,67.1284,67.0987,67.1111,15464
2026-07-02 12:11:00,67.1086,67.1135,67.0888,67.0888,18526
2026-07-02 12:12:00,67.0903,67.0903,67.0789,67.0888,13569
2026-07-02 12:13:00,67.0838,67.1036,67.0838,67.0937,16231
2026-07-02 12:14:00,67.0888,67.1036,67.0888,67.0987,13661
2026-07-02 12:15:00,67.0987,67.1234,67.0987,67.1185,13547
2026-07-02 12:16:00,67.1185,67.1284,67.1086,67.1284,25608
2026-07-02 12:17:00,67.1284,67.1284,67.0937,67.1086,15676
2026-07-02 12:18:00,67.1086,67.1086,67.0838,67.0987,15658
2026-07-02 12:19:00,67.1036,67.1185,67.1036,67.1185,10720
2026-07-02 12:20:00,67.1234,67.1234,67.1135,67.1185,6660
2026-07-02 12:21:00,67.1185,67.1333,67.1185,67.1284,15040
2026-07-02 12:22:00,67.1333,67.1432,67.1333,67.1383,16242
2026-07-02 12:23:00,67.1432,67.163,67.1234,67.1284,30575
2026-07-02 12:24:00,67.1284,67.1432,67.1234,67.1367,11213
2026-07-02 12:25:00,67.1432,67.1729,67.1333,67.1729,15431
2026-07-02 12:26:00,67.1729,67.1927,67.1729,67.1927,20657
2026-07-02 12:27:00,67.1927,67.2026,67.1878,67.1927,16195
2026-07-02 12:28:00,67.1927,67.1927,67.1333,67.1482,21085
2026-07-02 12:29:00,67.1482,67.1531,67.1234,67.1482,17395
2026-07-02 12:30:00,67.1482,67.1482,67.1036,67.1086,21474
2026-07-02 12:31:00,67.1086,67.1135,67.0987,67.1086,10537
2026-07-02 12:32:00,67.1086,67.1234,67.0937,67.0987,14886
2026-07-02 12:33:00,67.1036,67.1185,67.1036,67.1185,14166
2026-07-02 12:34:00,67.1234,67.1333,67.1136,67.1185,22852
2026-07-02 12:35:00,67.1185,67.1432,67.1111,67.1383,13803
2026-07-02 12:36:00,67.1383,67.1432,67.1234,67.1383,13065
2026-07-02 12:37:00,67.1432,67.163,67.1432,67.1594,9493
2026-07-02 12:38:00,67.1581,67.1729,67.1432,67.1729,19776
2026-07-02 12:39:00,67.1729,67.2026,67.1729,67.1977,16055
2026-07-02 12:40:00,67.2023,67.2274,67.1927,67.2274,27528
2026-07-02 12:41:00,67.2224,67.2719,67.2224,67.2719,17724
2026-07-02 12:42:00,67.2641,67.3115,67.262,67.3066,66159
2026-07-02 12:43:00,67.3115,67.3313,67.3016,67.3313,18383
2026-07-02 12:44:00,67.3264,67.3709,67.3264,67.3511,37013
2026-07-02 12:45:00,67.3434,67.361,67.3412,67.361,22067
2026-07-02 12:46:00,67.3511,67.361,67.3313,67.3462,38162
2026-07-02 12:47:00,67.3462,67.3561,67.3412,67.3511,16464
2026-07-02 12:48:00,67.3462,67.3709,67.3363,67.366,29322
2026-07-02 12:49:00,67.366,67.3907,67.366,67.3907,19290
2026-07-02 12:50:00,67.3907,67.4006,67.3709,67.4006,25706
2026-07-02 12:51:00,67.4006,67.4204,67.4006,67.4105,39048
2026-07-02 12:52:00,67.4154,67.4402,67.4136,67.4392,28691
2026-07-02 12:53:00,67.4402,67.4501,67.4159,67.4402,37149
2026-07-02 12:54:00,67.4451,67.4748,67.4451,67.4649,34119
2026-07-02 12:55:00,67.4699,67.4996,67.46,67.4946,62199
2026-07-02 12:56:00,67.4996,67.5293,67.4897,67.5243,44108
2026-07-02 12:57:00,67.521,67.5392,67.5095,67.5392,64045
2026-07-02 12:58:00,67.5323,67.559,67.4897,67.5194,164858
2026-07-02 12:59:00,67.5095,67.559,67.4699,67.5392,358300
2026-07-02 13:00:00,67.5392,67.6306,67.3132,67.4798,2742114
2026-07-02 13:01:00,67.5491,67.658,67.3132,67.4847,75422
2026-07-02 13:02:00,67.4847,67.5689,67.4847,67.5689,16
2026-07-02 13:03:00,67.4798,67.4798,67.4798,67.4798,40
2026-07-02 13:04:00,67.5491,67.5689,67.3265,67.4402,2977
2026-07-02 13:05:00,67.3989,67.559,67.3989,67.5392,13
2026-07-02 13:06:00,67.5491,67.5491,67.3115,67.4996,1258
2026-07-02 13:07:00,67.4897,67.4897,67.4897,67.4897,102
2026-07-02 13:08:00,67.4897,67.5491,67.4897,67.5491,7310
2026-07-02 13:09:00,67.3159,67.5689,67.3159,67.4303,223
2026-07-02 13:10:00,67.5491,67.559,67.4897,67.4897,1331128
2026-07-02 13:12:00,67.4303,67.4847,67.4303,67.4303,3
2026-07-02 13:13:00,67.4303,67.4699,67.4303,67.4699,40
2026-07-02 13:15:00,67.5491,67.5491,67.5491,67.5491,2
2026-07-02 13:16:00,67.4699,67.4946,67.4468,67.4946,23
2026-07-02 13:17:00,67.4402,67.4996,67.4402,67.4996,12
2026-07-02 13:18:00,67.4699,67.559,67.4699,67.549,15
2026-07-02 13:19:00,67.4946,67.4946,67.4402,67.4946,48
2026-07-02 13:21:00,67.4699,67.4897,67.4699,67.4897,35
2026-07-02 13:23:00,67.4402,67.4946,67.4402,67.4946,1046
2026-07-02 13:24:00,67.4946,67.4946,67.4946,67.4946,9
2026-07-02 13:25:00,67.4897,67.4897,67.4897,67.4897,1
2026-07-02 13:27:00,67.4402,67.4946,67.4402,67.4699,3
2026-07-02 13:28:00,67.4501,67.5392,67.4501,67.5392,39
2026-07-02 13:29:00,67.4897,67.5391,67.4897,67.5095,21
2026-07-02 13:31:00,67.5491,67.5491,67.4798,67.4798,8
2026-07-02 13:32:00,67.4501,67.4501,67.4501,67.4501,2200
2026-07-02 13:33:00,67.4501,67.4996,67.4501,67.4996,18
2026-07-02 13:34:00,67.4996,67.4996,67.4996,67.4996,101
2026-07-02 13:35:00,67.5095,67.5095,67.4996,67.4996,7
2026-07-02 13:36:00,67.4996,67.5391,67.4501,67.5391,50
2026-07-02 13:37:00,67.46,67.5391,67.4501,67.46,1511
2026-07-02 13:38:00,67.5391,67.5391,67.4501,67.4996,213
2026-07-02 13:39:00,67.4996,67.5095,67.4501,67.5095,54
2026-07-02 13:40:00,67.5095,67.5194,67.4508,67.4508,44
2026-07-02 13:41:00,67.5095,67.5118,67.4501,67.4501,14
2026-07-02 13:42:00,67.4946,67.4946,67.4946,67.4946,10
2026-07-02 13:44:00,67.5194,67.5194,67.5194,67.5194,1
2026-07-02 13:45:00,67.4897,67.5194,67.4897,67.5194,12
2026-07-02 13:46:00,67.4501,67.4501,67.4501,67.4501,2
2026-07-02 13:48:00,67.4946,67.4946,67.4946,67.4946,10
2026-07-02 13:49:00,67.4896,67.4896,67.4896,67.4896,26
2026-07-02 13:50:00,67.4896,67.4896,67.4896,67.4896,50
2026-07-02 13:51:00,67.4699,67.4699,67.4699,67.4699,6
2026-07-02 13:52:00,67.4897,67.4897,67.4897,67.4897,10
2026-07-02 13:53:00,67.4895,67.4895,67.4895,67.4895,100
2026-07-02 13:55:00,67.4699,67.4699,67.4699,67.4699,35
2026-07-02 13:56:00,67.4699,67.4699,67.4699,67.4699,1
2026-07-02 13:58:00,67.4897,67.4897,67.4897,67.4897,1
2026-07-02 13:59:00,67.4897,67.4897,67.4501,67.4501,110
2026-07-02 14:01:00,67.4946,67.5095,67.4946,67.5095,31
2026-07-02 14:02:00,67.5144,67.5391,67.5144,67.5194,16
2026-07-02 14:03:00,67.5293,67.5293,67.5095,67.5095,100
2026-07-02 14:04:00,67.4946,67.4946,67.4946,67.4946,2
2026-07-02 14:05:00,67.4946,67.4946,67.4946,67.4946,51
2026-07-02 14:07:00,67.4502,67.4502,67.4502,67.4502,251
2026-07-02 14:08:00,67.4946,67.5392,67.4946,67.5392,21
2026-07-02 14:11:00,67.4537,67.4537,67.4537,67.4537,1000
2026-07-02 14:14:00,67.4946,67.4946,67.4946,67.4946,4
2026-07-02 14:16:00,67.4946,67.5392,67.4946,67.4946,3
2026-07-02 14:17:00,67.5095,67.5095,67.5095,67.5095,14
2026-07-02 14:18:00,67.4946,67.4946,67.4946,67.4946,20
2026-07-02 14:19:00,67.4946,67.5095,67.4946,67.5095,5
2026-07-02 14:21:00,67.4501,67.5095,67.4501,67.5095,12
2026-07-02 14:22:00,67.5392,67.5392,67.4946,67.4946,4
2026-07-02 14:23:00,67.4946,67.5095,67.4502,67.5095,54
2026-07-02 14:25:00,67.4847,67.5194,67.4847,67.5194,6
2026-07-02 14:27:00,67.5095,67.5194,67.5095,67.5194,2
2026-07-02 14:29:00,67.5194,67.5194,67.5095,67.5095,7
2026-07-02 14:30:00,67.5194,67.5194,67.4847,67.4847,155
2026-07-02 14:31:00,67.4501,67.4501,67.4501,67.4501,6
2026-07-02 14:32:00,67.4847,67.5194,67.4847,67.5194,30
2026-07-02 14:33:00,67.5194,67.5194,67.4847,67.4847,11
2026-07-02 14:34:00,67.5194,67.5194,67.5194,67.5194,5
2026-07-02 14:35:00,67.5095,67.5095,67.4501,67.4501,54
2026-07-02 14:36:00,67.5194,67.5194,67.5095,67.5095,60
2026-07-02 14:37:00,67.5194,67.5194,67.5194,67.5194,164
2026-07-02 14:38:00,67.4946,67.5095,67.4946,67.4946,59
2026-07-02 14:39:00,67.4946,67.4946,67.4946,67.4946,12
2026-07-02 14:40:00,67.4946,67.4946,67.4946,67.4946,1
2026-07-02 14:41:00,67.5391,67.5391,67.5391,67.5391,30
2026-07-02 14:42:00,67.4946,67.5293,67.4946,67.5095,4
2026-07-02 14:43:00,67.5095,67.5194,67.5095,67.5194,28
2026-07-02 14:44:00,67.5095,67.5095,67.5095,67.5095,16
2026-07-02 14:46:00,67.4946,67.4946,67.4946,67.4946,1
2026-07-02 14:48:00,67.5293,67.5293,67.5293,67.5293,20
2026-07-02 14:49:00,67.4853,67.5095,67.4853,67.5095,73
2026-07-02 14:50:00,67.5293,67.5293,67.4946,67.5095,20
2026-07-02 14:51:00,67.4996,67.5392,67.4501,67.5392,25
2026-07-02 14:52:00,67.5095,67.5095,67.4798,67.4798,6
2026-07-02 14:53:00,67.4501,67.4501,67.4501,67.4501,195
2026-07-02 14:54:00,67.4897,67.5293,67.4897,67.5293,31
2026-07-02 14:56:00,67.5095,67.5095,67.5095,67.5095,1
2026-07-02 14:57:00,67.4897,67.4897,67.4897,67.4897,20
2026-07-02 14:58:00,67.4897,67.4897,67.4897,67.4897,1
2026-07-02 14:59:00,67.4897,67.4897,67.4897,67.4897,2
2026-07-02 15:00:00,67.5293,67.5293,67.5278,67.5278,5
2026-07-02 15:01:00,67.5095,67.5292,67.4501,67.5292,27
2026-07-02 15:02:00,67.5292,67.5293,67.4897,67.4897,5
2026-07-02 15:03:00,67.4538,67.4538,67.4501,67.4501,39
2026-07-02 15:05:00,67.4897,67.4897,67.4897,67.4897,3
2026-07-02 15:06:00,67.5292,67.5292,67.4897,67.4946,320
2026-07-02 15:07:00,67.5391,67.5391,67.5391,67.5391,5
2026-07-02 15:08:00,67.5292,67.5292,67.5292,67.5292,2
2026-07-02 15:09:00,67.4897,67.5194,67.4897,67.5194,2
2026-07-02 15:10:00,67.4897,67.4897,67.4897,67.4897,1
2026-07-02 15:11:00,67.4897,67.4897,67.4897,67.4897,6
2026-07-02 15:12:00,67.4521,67.4897,67.4521,67.4897,23
2026-07-02 15:13:00,67.5293,67.5293,67.4897,67.5293,1080
2026-07-02 15:14:00,67.5293,67.5293,67.5292,67.5292,62
2026-07-02 15:15:00,67.5293,67.5293,67.4502,67.5293,63
2026-07-02 15:16:00,67.4798,67.4897,67.4798,67.4897,202
2026-07-02 15:18:00,67.5293,67.5293,67.4501,67.5292,1060
2026-07-02 15:19:00,67.4897,67.4897,67.4897,67.4897,3
2026-07-02 15:20:00,67.4897,67.5095,67.4897,67.5095,15
2026-07-02 15:21:00,67.5293,67.5293,67.5095,67.5095,3
2026-07-02 15:22:00,67.5292,67.5292,67.4504,67.5095,102
2026-07-02 15:23:00,67.4936,67.5095,67.4936,67.5095,30
2026-07-02 15:26:00,67.4897,67.4897,67.4501,67.4501,9
2026-07-02 15:28:00,67.4501,67.4501,67.4501,67.4501,42
2026-07-02 15:29:00,67.4897,67.4897,67.4798,67.4798,2
2026-07-02 15:30:00,67.5491,67.5491,67.3709,67.3709,1331115
2026-07-02 15:31:00,67.4501,67.4501,67.4501,67.4501,139
2026-07-02 15:32:00,67.4501,67.4501,67.4501,67.4501,50
2026-07-02 15:33:00,67.4897,67.4897,67.4897,67.4897,1
2026-07-02 15:34:00,67.4897,67.4897,67.4897,67.4897,137
2026-07-02 15:35:00,67.4897,67.5293,67.4649,67.4798,162
2026-07-02 15:36:00,67.4897,67.5293,67.4654,67.5293,140
2026-07-02 15:38:00,67.4897,67.4897,67.4798,67.4798,26
2026-07-02 15:39:00,67.5094,67.5095,67.5094,67.5095,11
2026-07-02 15:40:00,67.5094,67.5095,67.5094,67.5094,143
2026-07-02 15:41:00,67.5293,67.5293,67.5293,67.5293,468
2026-07-02 15:42:00,67.5293,67.5293,67.5293,67.5293,11
2026-07-02 15:44:00,67.4501,67.4501,67.4501,67.4501,8
2026-07-02 15:45:00,67.5292,67.5292,67.5292,67.5292,1
2026-07-02 15:46:00,67.5293,67.5293,67.5293,67.5293,10
2026-07-02 15:47:00,67.5293,67.5293,67.4798,67.4798,24
2026-07-02 15:48:00,67.5293,67.5293,67.4897,67.5293,5
2026-07-02 15:49:00,67.5293,67.5293,67.4501,67.5293,15
2026-07-02 15:50:00,67.5293,67.5293,67.4897,67.4897,13
2026-07-02 15:51:00,67.5293,67.5293,67.5293,67.5293,3
2026-07-02 15:52:00,67.5293,67.5293,67.5293,67.5293,259
2026-07-02 15:53:00,67.5293,67.5293,67.4897,67.4897,14
2026-07-02 15:54:00,67.5293,67.5293,67.5293,67.5293,2
2026-07-02 15:55:00,67.5293,67.5293,67.5293,67.5293,18
2026-07-02 15:57:00,67.5293,67.5293,67.4651,67.4651,209
2026-07-02 15:58:00,67.5293,67.5293,67.5293,67.5293,1
2026-07-02 15:59:00,67.5293,67.5293,67.5293,67.5293,3
2026-07-04 09:30:00,67.4699,67.5392,67.4303,67.4402,385100
2026-07-04 09:31:00,67.4451,67.5689,67.4451,67.5194,30870
2026-07-04 09:32:00,67.4996,67.5144,67.4105,67.4501,16136
2026-07-04 09:33:00,67.4501,67.6085,67.4501,67.6085,28322
2026-07-04 09:34:00,67.6184,67.6877,67.6184,67.6679,30865
2026-07-04 09:35:00,67.6778,67.6877,67.4798,67.5089,33270
2026-07-04 09:36:00,67.4946,67.6481,67.4946,67.5887,20281
2026-07-04 09:37:00,67.5887,67.6581,67.5492,67.6332,30481
2026-07-04 09:38:00,67.6283,67.658,67.6085,67.6481,14583
2026-07-04 09:39:00,67.6679,67.7273,67.658,67.7273,32566
2026-07-04 09:40:00,67.7274,67.7322,67.6698,67.7075,17453
2026-07-04 09:41:00,67.7075,67.7471,67.7025,67.7273,24725
2026-07-04 09:42:00,67.7372,67.7669,67.6976,67.7669,16955
2026-07-04 09:43:00,67.7768,67.8361,67.757,67.836,62351
2026-07-04 09:44:00,67.8262,67.8559,67.7768,67.8162,30417
2026-07-04 09:45:00,67.7965,67.846,67.7941,67.846,18472
2026-07-04 09:46:00,67.846,67.8767,67.8361,67.8708,38442
2026-07-04 09:47:00,67.8708,67.8757,67.7867,67.7867,24694
2026-07-04 09:48:00,67.7817,67.8213,67.7619,67.8163,32811
2026-07-04 09:49:00,67.8213,67.8213,67.7784,67.7867,21476
2026-07-04 09:50:00,67.7867,67.7965,67.6976,67.6976,22105
2026-07-04 09:51:00,67.7124,67.8064,67.7124,67.7965,20261
2026-07-04 09:52:00,67.7972,67.8064,67.7471,67.7669,15320
2026-07-04 09:53:00,67.7619,67.7867,67.757,67.7867,14462
2026-07-04 09:54:00,67.7867,67.8064,67.7718,67.8015,12153
2026-07-04 09:55:00,67.8015,67.8064,67.757,67.8015,18368
2026-07-04 09:56:00,67.8015,67.805,67.7372,67.757,21664
2026-07-04 09:57:00,67.7619,67.7867,67.7471,67.7827,35487
2026-07-04 09:58:00,67.7867,67.846,67.7817,67.8458,19201
2026-07-04 09:59:00,67.8361,67.8736,67.8262,67.8559,57073
2026-07-04 10:00:00,67.8658,67.9054,67.8312,67.8361,52218
2026-07-04 10:01:00,67.8361,67.8411,67.8064,67.8163,21546
2026-07-04 10:02:00,67.8163,67.8349,67.7965,67.8213,30157
2026-07-04 10:03:00,67.8213,67.8246,67.8015,67.8213,10221
2026-07-04 10:04:00,67.8163,67.8559,67.7965,67.8559,23728
2026-07-04 10:05:00,67.8559,67.8609,67.8262,67.8411,22280
2026-07-04 10:06:00,67.8364,67.846,67.8064,67.8213,15488
2026-07-04 10:07:00,67.8163,67.8361,67.8064,67.8114,15556
2026-07-04 10:08:00,67.8064,67.8114,67.7273,67.757,35755
2026-07-04 10:09:00,67.757,67.7669,67.7421,67.757,17018
2026-07-04 10:10:00,67.757,67.757,67.6926,67.7,26675
2026-07-04 10:11:00,67.6976,67.7223,67.6877,67.6948,30212
2026-07-04 10:12:00,67.6976,67.7669,67.6976,67.7619,21675
2026-07-04 10:13:00,67.757,67.7965,67.757,67.7916,14342
2026-07-04 10:14:00,67.7916,67.8114,67.7867,67.8015,22095
2026-07-04 10:15:00,67.7995,67.8114,67.7867,67.7916,16628
2026-07-04 10:16:00,67.7965,67.8163,67.7718,67.7768,24536
2026-07-04 10:17:00,67.7768,67.8064,67.752,67.8016,29685
2026-07-04 10:18:00,67.8064,67.8658,67.7867,67.8658,35140
2026-07-04 10:19:00,67.8658,67.9236,67.8658,67.9162,35129
2026-07-04 10:20:00,67.9252,67.9648,67.9153,67.9648,25319
2026-07-04 10:21:00,67.9648,67.9747,67.9599,67.9746,17388
2026-07-04 10:22:00,67.9747,68.044,67.9747,68.044,61953
2026-07-04 10:23:00,68.0391,68.0836,68.0359,68.0836,29834
2026-07-04 10:24:00,68.0836,68.1084,68.0688,68.0886,28345
2026-07-04 10:25:00,68.0886,68.0886,68.0193,68.0193,42618
2026-07-04 10:26:00,68.0193,68.044,67.9747,67.9748,22979
2026-07-04 10:27:00,67.9797,67.9797,67.9648,67.9747,33647
2026-07-04 10:28:00,67.9648,67.9698,67.9302,67.935,14109
2026-07-04 10:29:00,67.9351,67.9351,67.9054,67.9203,16803
2026-07-04 10:30:00,67.9203,67.9648,67.9054,67.9153,28382
2026-07-04 10:31:00,67.9203,67.945,67.9153,67.9153,15994
2026-07-04 10:32:00,67.9153,67.9549,67.9005,67.9054,15575
2026-07-04 10:33:00,67.8955,67.9252,67.8856,67.9252,16242
2026-07-04 10:34:00,67.9252,67.9401,67.9054,67.9054,8905
2026-07-04 10:35:00,67.9054,67.9203,67.846,67.846,38362
2026-07-04 10:36:00,67.851,67.945,67.851,67.8906,37840
2026-07-04 10:37:00,67.8955,67.8955,67.8559,67.8775,8436
2026-07-04 10:38:00,67.8807,67.8955,67.8807,67.8856,8185
2026-07-04 10:39:00,67.8906,67.9054,67.8856,67.8954,13078
2026-07-04 10:40:00,67.8955,67.9549,67.8955,67.9451,28875
2026-07-04 10:41:00,67.945,67.945,67.9153,67.9153,12273
2026-07-04 10:42:00,67.9203,67.9203,67.8856,67.9148,16063
2026-07-04 10:43:00,67.9054,67.9302,67.9054,67.9153,10632
2026-07-04 10:44:00,67.9153,67.9153,67.8807,67.8807,14742
2026-07-04 10:45:00,67.8856,67.9549,67.8856,67.9549,21829
2026-07-04 10:46:00,67.9549,67.9648,67.8856,67.8856,19823
2026-07-04 10:47:00,67.8856,67.95,67.8807,67.9401,10642
2026-07-04 10:48:00,67.945,67.945,67.9054,67.9252,18033
2026-07-04 10:49:00,67.9252,67.95,67.9005,67.9005,21750
2026-07-04 10:50:00,67.8955,67.9203,67.8807,67.9153,11243
2026-07-04 10:51:00,67.9252,67.9648,67.9153,67.9549,12966
2026-07-04 10:52:00,67.9549,67.9549,67.9253,67.945,11843
2026-07-04 10:53:00,67.9351,67.9747,67.9351,67.9698,16347
2026-07-04 10:54:00,67.9747,68.0044,67.9747,68.0044,15828
2026-07-04 10:55:00,67.9995,68.044,67.9945,68.0391,24610
2026-07-04 10:56:00,68.0391,68.0638,68.0292,68.0292,21032
2026-07-04 10:57:00,68.0292,68.044,68.0242,68.044,13613
2026-07-04 10:58:00,68.0341,68.0539,68.0242,68.044,34115
2026-07-04 10:59:00,68.0391,68.044,68.0292,68.0391,12128
2026-07-04 11:00:00,68.0391,68.0539,68.0341,68.0391,13777
2026-07-04 11:01:00,68.0391,68.044,68.0044,68.0094,26593
2026-07-04 11:02:00,68.0143,68.044,68.0143,68.044,14745
2026-07-04 11:03:00,68.049,68.0539,68.0143,68.0143,18175
2026-07-04 11:04:00,68.0044,68.0292,67.9995,68.0292,15043
2026-07-04 11:05:00,68.034,68.034,67.9869,68.0044,22374
2026-07-04 11:06:00,68.0078,68.0292,67.9945,68.0292,19176
2026-07-04 11:07:00,68.0242,68.0292,68.0094,68.0167,10638
2026-07-04 11:08:00,68.0242,68.0341,68.0242,68.0242,12515
2026-07-04 11:09:00,68.0242,68.0638,68.0242,68.0638,18709
2026-07-04 11:10:00,68.0562,68.0589,68.0193,68.0193,10766
2026-07-04 11:11:00,68.0193,68.0242,67.9896,68.0094,22488
2026-07-04 11:12:00,68.0094,68.0292,68.0094,68.0292,9914
2026-07-04 11:13:00,68.0341,68.0638,68.0341,68.0638,10716
2026-07-04 11:14:00,68.0638,68.0737,68.044,68.0688,13456
2026-07-04 11:15:00,68.0737,68.1133,68.0737,68.1133,25443
2026-07-04 11:16:00,68.1034,68.1331,68.1034,68.1282,22698
2026-07-04 11:17:00,68.133,68.143,68.1232,68.1381,19801
2026-07-04 11:18:00,68.1381,68.148,68.1282,68.1282,14974
2026-07-04 11:19:00,68.1282,68.143,68.1232,68.1381,15360
2026-07-04 11:20:00,68.1381,68.1528,68.1331,68.1381,14083
2026-07-04 11:21:00,68.1331,68.143,68.0787,68.0787,23694
2026-07-04 11:22:00,68.0737,68.1034,68.0737,68.0837,11293
2026-07-04 11:23:00,68.0935,68.0935,68.0638,68.0638,12138
2026-07-04 11:24:00,68.0638,68.0737,68.0539,68.0737,9378
2026-07-04 11:25:00,68.0688,68.0836,68.0589,68.0648,10454
2026-07-04 11:26:00,68.0688,68.0934,68.0638,68.0904,13347
2026-07-04 11:27:00,68.0886,68.1034,68.0836,68.1034,15904
2026-07-04 11:28:00,68.0985,68.1331,68.0902,68.1331,17064
2026-07-04 11:29:00,68.1331,68.143,68.1034,68.1034,10850
2026-07-04 11:30:00,68.1034,68.1034,68.0886,68.0985,9145
2026-07-04 11:31:00,68.095,68.1034,68.0886,68.0935,12762
2026-07-04 11:32:00,68.0836,68.1331,68.0688,68.1133,43262
2026-07-04 11:33:00,68.1232,68.1282,68.1134,68.1257,4717
2026-07-04 11:34:00,68.1232,68.1381,68.1183,68.1381,8251
2026-07-04 11:35:00,68.143,68.1727,68.143,68.1678,8832
2026-07-04 11:36:00,68.1628,68.1628,68.1529,68.1628,13215
2026-07-04 11:37:00,68.1678,68.1925,68.1678,68.185,9654
2026-07-04 11:38:00,68.1875,68.2123,68.1875,68.207,22542
2026-07-04 11:39:00,68.2073,68.2314,68.2024,68.2172,16165
2026-07-04 11:40:00,68.2222,68.242,68.2123,68.2221,11736
2026-07-04 11:41:00,68.2123,68.237,68.2123,68.2321,14827
2026-07-04 11:42:00,68.2346,68.2618,68.2346,68.2568,10706
2026-07-04 11:43:00,68.2568,68.2618,68.241,68.2568,14290
2026-07-04 11:44:00,68.2568,68.2618,68.2469,68.2618,10657
2026-07-04 11:45:00,68.2619,68.2717,68.2222,68.242,23437
2026-07-04 11:46:00,68.2519,68.2568,68.242,68.2568,13581
2026-07-04 11:47:00,68.2568,68.2568,68.2321,68.237,9429
2026-07-04 11:48:00,68.237,68.2618,68.237,68.2532,9599
2026-07-04 11:49:00,68.2615,68.2816,68.2568,68.2776,18380
2026-07-04 11:50:00,68.2815,68.2915,68.2667,68.2667,19394
2026-07-04 11:51:00,68.2717,68.2915,68.2717,68.2915,14412
2026-07-04 11:52:00,68.2915,68.2915,68.242,68.2469,14577
2026-07-04 11:53:00,68.2469,68.2618,68.242,68.2469,11994
2026-07-04 11:54:00,68.2469,68.2516,68.2271,68.237,10845
2026-07-04 11:55:00,68.2387,68.2667,68.2321,68.237,15743
2026-07-04 11:56:00,68.237,68.242,68.2321,68.237,9475
2026-07-04 11:57:00,68.2321,68.242,68.2236,68.234,8272
2026-07-04 11:58:00,68.242,68.242,68.2222,68.2321,11826
2026-07-04 11:59:00,68.2338,68.2338,68.2222,68.2222,5313
2026-07-04 12:00:00,68.2271,68.242,68.2222,68.237,12310
2026-07-04 12:01:00,68.237,68.237,68.2222,68.237,12142
2026-07-04 12:02:00,68.237,68.2469,68.2271,68.2271,19656
2026-07-04 12:03:00,68.2271,68.2278,68.2123,68.2271,10414
2026-07-04 12:04:00,68.2271,68.2295,68.2073,68.2123,9952
2026-07-04 12:05:00,68.2172,68.2321,68.2172,68.2321,7981
2026-07-04 12:06:00,68.2271,68.2321,68.2123,68.2124,17728
2026-07-04 12:07:00,68.2172,68.2172,68.1925,68.1974,6040
2026-07-04 12:08:00,68.194,68.2123,68.1925,68.2119,14656
2026-07-04 12:09:00,68.2123,68.2123,68.1925,68.1935,16444
2026-07-04 12:10:00,68.2024,68.2024,68.1925,68.1974,6731
2026-07-04 12:11:00,68.1974,68.2123,68.1974,68.2073,12348
2026-07-04 12:12:00,68.2054,68.2123,68.1727,68.1777,12107
2026-07-04 12:13:00,68.1727,68.1811,68.1579,68.1579,8093
2026-07-04 12:14:00,68.1529,68.1723,68.1529,68.1628,12767
2026-07-04 12:15:00,68.1678,68.2024,68.1678,68.2024,8452
2026-07-04 12:16:00,68.1925,68.2123,68.1925,68.2123,13738
2026-07-04 12:17:00,68.2073,68.2172,68.2024,68.2102,14084
2026-07-04 12:18:00,68.2073,68.2123,68.2024,68.2033,7918
2026-07-04 12:19:00,68.2073,68.2123,68.2041,68.2123,4663
2026-07-04 12:20:00,68.204,68.2519,68.204,68.2519,21407
2026-07-04 12:21:00,68.2519,68.2618,68.2321,68.2618,26073
2026-07-04 12:22:00,68.2618,68.2717,68.2618,68.2667,12099
2026-07-04 12:23:00,68.2667,68.2915,68.2568,68.2865,27708
2026-07-04 12:24:00,68.2865,68.3162,68.2817,68.2865,84615
2026-07-04 12:25:00,68.2881,68.2881,68.2664,68.2766,10460
2026-07-04 12:26:00,68.2717,68.2717,68.2618,68.2717,6613
2026-07-04 12:27:00,68.2667,68.2667,68.2519,68.2573,8088
2026-07-04 12:28:00,68.2554,68.2667,68.2123,68.2321,35488
2026-07-04 12:29:00,68.237,68.2667,68.226,68.2667,11466
2026-07-04 12:30:00,68.2712,68.2717,68.2519,68.2667,16924
2026-07-04 12:31:00,68.2667,68.2675,68.2518,68.2568,15018
2026-07-04 12:32:00,68.252,68.2667,68.2469,68.2667,11098
2026-07-04 12:33:00,68.2686,68.3212,68.2686,68.3212,17847
2026-07-04 12:34:00,68.3162,68.3558,68.3113,68.3558,64446
2026-07-04 12:35:00,68.353,68.3806,68.3459,68.3756,24574
2026-07-04 12:36:00,68.3756,68.3987,68.3707,68.3905,15416
2026-07-04 12:37:00,68.3954,68.4004,68.3906,68.4003,4630
2026-07-04 12:38:00,68.3954,68.4499,68.3905,68.4449,38370
2026-07-04 12:39:00,68.4449,68.4449,68.4301,68.435,22867
2026-07-04 12:40:00,68.435,68.44,68.4152,68.4152,11156
2026-07-04 12:41:00,68.4103,68.4301,68.4004,68.4301,28211
2026-07-04 12:42:00,68.4251,68.4895,68.4103,68.4796,31969
2026-07-04 12:43:00,68.4845,68.4895,68.4697,68.4845,22505
2026-07-04 12:44:00,68.4845,68.4994,68.4796,68.4944,16759
2026-07-04 12:45:00,68.4944,68.4944,68.4598,68.4845,29063
2026-07-04 12:46:00,68.4697,68.49,68.4697,68.4845,11517
2026-07-04 12:47:00,68.4845,68.5241,68.4796,68.5241,19281
2026-07-04 12:48:00,68.5241,68.5291,68.5093,68.5241,20078
2026-07-04 12:49:00,68.5266,68.5439,68.5192,68.539,33722
2026-07-04 12:50:00,68.539,68.5686,68.534,68.5638,13973
2026-07-04 12:51:00,68.5589,68.5884,68.5588,68.5835,18114
2026-07-04 12:52:00,68.5786,68.5983,68.5687,68.5835,19610
2026-07-04 12:53:00,68.5875,68.6082,68.5874,68.5884,30057
2026-07-04 12:54:00,68.5968,68.5983,68.5835,68.5934,6529
2026-07-04 12:55:00,68.5934,68.6231,68.5934,68.6033,25137
2026-07-04 12:56:00,68.6033,68.6082,68.5835,68.6082,22740
2026-07-04 12:57:00,68.5984,68.6082,68.5687,68.5841,23293
2026-07-04 12:58:00,68.5835,68.5835,68.5489,68.5538,32153
2026-07-04 12:59:00,68.5588,68.5588,68.539,68.5408,15651
2026-07-04 13:00:00,68.5455,68.5588,68.539,68.5538,19803
2026-07-04 13:01:00,68.5538,68.5687,68.539,68.5637,16218
2026-07-04 13:02:00,68.5637,68.5736,68.5588,68.5637,14765
2026-07-04 13:03:00,68.5637,68.5637,68.5588,68.5637,8140
2026-07-04 13:04:00,68.5602,68.5637,68.5204,68.5325,36109
2026-07-04 13:05:00,68.534,68.5489,68.5294,68.539,13553
2026-07-04 13:06:00,68.539,68.5439,68.534,68.5393,7572
2026-07-04 13:07:00,68.5439,68.5489,68.539,68.5439,7709
2026-07-04 13:08:00,68.5439,68.5983,68.539,68.5736,58148
2026-07-04 13:09:00,68.5736,68.5835,68.5687,68.5736,15517
2026-07-04 13:10:00,68.5736,68.5785,68.5734,68.5736,5521
2026-07-04 13:11:00,68.5736,68.5884,68.5687,68.5884,22213
2026-07-04 13:12:00,68.5835,68.5934,68.5786,68.5934,13375
2026-07-04 13:13:00,68.5884,68.6082,68.5884,68.6058,22664
2026-07-04 13:14:00,68.6033,68.6478,68.5934,68.6429,46026
2026-07-04 13:15:00,68.6429,68.6775,68.638,68.6676,40059
2026-07-04 13:16:00,68.6726,68.6924,68.6726,68.6874,19504
2026-07-04 13:17:00,68.6775,68.7419,68.6775,68.732,33960
2026-07-04 13:18:00,68.7369,68.7369,68.7171,68.7221,27777
2026-07-04 13:19:00,68.7171,68.7369,68.7072,68.732,32004
2026-07-04 13:20:00,68.732,68.7419,68.7171,68.7419,20151
2026-07-04 13:21:00,68.739,68.7765,68.739,68.7716,16426
2026-07-04 13:22:00,68.7716,68.7815,68.7666,68.7716,17240
2026-07-04 13:23:00,68.7716,68.8161,68.7567,68.7619,106504
2026-07-04 13:24:00,68.7617,68.7666,68.732,68.732,19346
2026-07-04 13:25:00,68.732,68.7666,68.7171,68.7666,23821
2026-07-04 13:26:00,68.7666,68.7666,68.7567,68.7617,7157
2026-07-04 13:27:00,68.7617,68.7815,68.7518,68.7815,54330
2026-07-04 13:28:00,68.7815,68.7815,68.7567,68.7666,14303
2026-07-04 13:29:00,68.7665,68.7864,68.7567,68.7716,16704
2026-07-04 13:30:00,68.7716,68.8013,68.7667,68.8013,26975
2026-07-04 13:31:00,68.8013,68.8112,68.7963,68.8013,21654
2026-07-04 13:32:00,68.8013,68.8557,68.7983,68.8557,28827
2026-07-04 13:33:00,68.8557,68.8805,68.8463,68.8793,29454
2026-07-04 13:34:00,68.8805,68.8854,68.8706,68.8776,17698
2026-07-04 13:35:00,68.8805,68.8953,68.8755,68.8904,47210
2026-07-04 13:36:00,68.8904,68.8904,68.8723,68.8851,23027
2026-07-04 13:37:00,68.8854,68.9349,68.8829,68.9201,58425
2026-07-04 13:38:00,68.9201,68.925,68.9102,68.9151,27694
2026-07-04 13:39:00,68.9151,68.9201,68.8854,68.9052,54397
2026-07-04 13:40:00,68.9003,68.9349,68.8953,68.9151,28807
2026-07-04 13:41:00,68.9201,68.93,68.9102,68.925,23298
2026-07-04 13:42:00,68.9201,68.93,68.9151,68.925,21107
2026-07-04 13:43:00,68.9339,68.9448,68.93,68.9448,12162
2026-07-04 13:44:00,68.9448,68.9498,68.93,68.9399,36121
2026-07-04 13:45:00,68.9399,68.9635,68.9399,68.9547,21177
2026-07-04 13:46:00,68.9597,68.9992,68.9597,68.9893,42523
2026-07-04 13:47:00,68.9942,69.0339,68.9844,69.0091,32454
2026-07-04 13:48:00,69.0091,69.0537,69.0091,69.0388,39251
2026-07-04 13:49:00,69.0339,69.0537,69.0141,69.0487,28799
2026-07-04 13:50:00,69.0487,69.0636,69.0438,69.0636,24878
2026-07-04 13:51:00,69.0586,69.0784,69.0537,69.0784,20263
2026-07-04 13:52:00,69.0756,69.0834,69.0586,69.0685,57102
2026-07-04 13:53:00,69.0735,69.0834,69.0586,69.0784,39166
2026-07-04 13:54:00,69.0834,69.0834,69.0735,69.0784,7544
2026-07-04 13:55:00,69.0784,69.0933,69.0761,69.0883,60320
2026-07-04 13:56:00,69.0883,69.1131,69.0784,69.0982,110510
2026-07-04 13:57:00,69.0982,69.1031,69.0438,69.0586,37284
2026-07-04 13:58:00,69.0537,69.0735,69.0339,69.0735,62560
2026-07-04 13:59:00,69.0735,69.0933,69.0645,69.0904,51695
2026-07-04 14:00:00,69.0883,69.0982,69.0636,69.0834,45151
2026-07-04 14:01:00,69.0883,69.1329,69.0339,69.0388,115514
2026-07-04 14:02:00,69.0388,69.0933,69.024,69.0784,62964
2026-07-04 14:03:00,69.0784,69.0883,69.0636,69.0735,35271
2026-07-04 14:04:00,69.0834,69.1007,69.0784,69.0883,34011
2026-07-04 14:05:00,69.0834,69.1131,69.0834,69.1081,23689
2026-07-04 14:06:00,69.1081,69.123,69.0834,69.0883,48360
2026-07-04 14:07:00,69.0883,69.0933,69.0735,69.0834,35001
2026-07-04 14:08:00,69.0834,69.123,69.0735,69.1131,33169
2026-07-04 14:09:00,69.1032,69.1081,69.0537,69.0784,38605
2026-07-04 14:10:00,69.0834,69.0834,69.065,69.0736,14772
2026-07-04 14:11:00,69.0834,69.0834,69.0735,69.0742,9313
2026-07-04 14:12:00,69.0834,69.1131,69.0735,69.1081,29371
2026-07-04 14:13:00,69.1081,69.1378,69.1032,69.1329,28265
2026-07-04 14:14:00,69.1279,69.1328,69.1131,69.123,20041
2026-07-04 14:15:00,69.1279,69.1279,69.123,69.1279,23218
2026-07-04 14:16:00,69.123,69.1428,69.1131,69.1378,39138
2026-07-04 14:17:00,69.1378,69.1428,69.1329,69.1378,4633
2026-07-04 14:18:00,69.1378,69.1487,69.1378,69.1477,17732
2026-07-04 14:19:00,69.1477,69.1626,69.1428,69.1576,26191
2026-07-04 14:20:00,69.1545,69.1774,69.1545,69.1675,23904
2026-07-04 14:21:00,69.1675,69.1725,69.1626,69.1675,5459
2026-07-04 14:22:00,69.1675,69.1725,69.1626,69.1645,9399
2026-07-04 14:23:00,69.1675,69.1824,69.1675,69.1774,31519
2026-07-04 14:24:00,69.1735,69.1824,69.1725,69.1774,20717
2026-07-04 14:25:00,69.1774,69.2368,69.1626,69.2022,90246
2026-07-04 14:26:00,69.2022,69.2071,69.1923,69.1972,29588
2026-07-04 14:27:00,69.2022,69.2022,69.1923,69.1972,17271
2026-07-04 14:28:00,69.1923,69.2121,69.1923,69.1972,23418
2026-07-04 14:29:00,69.2022,69.2022,69.1824,69.1873,39658
2026-07-04 14:30:00,69.1844,69.1923,69.1824,69.1873,25154
2026-07-04 14:31:00,69.1873,69.1906,69.1824,69.1825,11602
2026-07-04 14:32:00,69.1873,69.2022,69.1824,69.1873,28244
2026-07-04 14:33:00,69.1873,69.2022,69.1824,69.1923,37104
2026-07-04 14:34:00,69.1907,69.222,69.1873,69.2187,20854
2026-07-04 14:35:00,69.222,69.2319,69.2121,69.2311,29031
2026-07-04 14:36:00,69.2269,69.2319,69.222,69.2269,29929
2026-07-04 14:37:00,69.2269,69.2305,69.2121,69.222,39241
2026-07-04 14:38:00,69.222,69.222,69.2121,69.217,13579
2026-07-04 14:39:00,69.217,69.2269,69.2121,69.2269,34953
2026-07-04 14:40:00,69.2319,69.2715,69.2269,69.2617,42235
2026-07-04 14:41:00,69.2616,69.2764,69.2616,69.2764,27935
2026-07-04 14:42:00,69.2764,69.2814,69.2665,69.2665,45010
2026-07-04 14:43:00,69.2715,69.2715,69.2616,69.2616,13535
2026-07-04 14:44:00,69.2665,69.2715,69.265,69.2665,16789
2026-07-04 14:45:00,69.2665,69.2863,69.2566,69.2808,76431
2026-07-04 14:46:00,69.2764,69.2814,69.2665,69.2665,38777
2026-07-04 14:47:00,69.2665,69.2713,69.2071,69.2121,39686
2026-07-04 14:48:00,69.2061,69.2517,69.1923,69.1923,58985
2026-07-04 14:49:00,69.1873,69.2022,69.1824,69.1863,17021
2026-07-04 14:50:00,69.1923,69.1923,69.1643,69.1824,52208
2026-07-04 14:51:00,69.1774,69.1923,69.1725,69.1824,29069
2026-07-04 14:52:00,69.1824,69.1824,69.1725,69.1824,11650
2026-07-04 14:53:00,69.1824,69.1824,69.1032,69.1032,40168
2026-07-04 14:54:00,69.1032,69.1131,69.0735,69.0933,42339
2026-07-04 14:55:00,69.0735,69.0784,69.0438,69.0586,35987
2026-07-04 14:56:00,69.0586,69.0636,69.0388,69.0438,31849
2026-07-04 14:57:00,69.0438,69.0537,69.0438,69.0438,14532
2026-07-04 14:58:00,69.0487,69.0537,69.0388,69.0388,45155
2026-07-04 14:59:00,69.0388,69.0493,69.0388,69.0438,22080
2026-07-04 15:00:00,69.0438,69.0537,69.0339,69.0487,31982
2026-07-04 15:01:00,69.0537,69.0834,69.0487,69.0774,25337
2026-07-04 15:02:00,69.0784,69.0883,69.0537,69.0635,24329
2026-07-04 15:03:00,69.0586,69.0735,69.0553,69.0586,14135
2026-07-04 15:04:00,69.0586,69.0685,69.0487,69.0487,22433
2026-07-04 15:05:00,69.0487,69.0586,69.0357,69.0432,25775
2026-07-04 15:06:00,69.0388,69.0487,69.0339,69.0388,27690
2026-07-04 15:07:00,69.0388,69.0537,69.0339,69.0487,14859
2026-07-04 15:08:00,69.0487,69.0636,69.0339,69.0388,31261
2026-07-04 15:09:00,69.0388,69.0438,69.024,69.0388,74900
2026-07-04 15:10:00,69.0388,69.0438,69.0339,69.0388,11637
2026-07-04 15:11:00,69.0438,69.0438,69.0339,69.0388,18444
2026-07-04 15:12:00,69.0361,69.0438,69.0339,69.0438,13782
2026-07-04 15:13:00,69.0438,69.0685,69.0388,69.0388,46829
2026-07-04 15:14:00,69.0388,69.0438,68.9943,68.9943,41738
2026-07-04 15:15:00,68.9844,69.019,68.9687,69.0091,40812
2026-07-04 15:16:00,69.0091,69.0338,69.0042,69.0289,20450
2026-07-04 15:17:00,69.0289,69.0339,69.024,69.0289,29176
2026-07-04 15:18:00,69.0289,69.0537,69.0289,69.0487,19511
2026-07-04 15:19:00,69.0487,69.0537,69.0438,69.0484,24869
2026-07-04 15:20:00,69.0487,69.0933,69.0487,69.0784,20399
2026-07-04 15:21:00,69.0784,69.0784,69.0537,69.0722,19998
2026-07-04 15:22:00,69.0685,69.0834,69.0636,69.0636,27300
2026-07-04 15:23:00,69.0586,69.0636,69.0537,69.0586,8355
2026-07-04 15:24:00,69.0586,69.0636,69.0487,69.0586,20805
2026-07-04 15:25:00,69.0537,69.0933,69.0537,69.0933,20577
2026-07-04 15:26:00,69.0933,69.1032,69.0834,69.0834,14742
2026-07-04 15:27:00,69.0932,69.0932,69.0438,69.0453,36339
2026-07-04 15:28:00,69.0487,69.0636,69.0438,69.0438,33909
2026-07-04 15:29:00,69.0438,69.0537,69.0339,69.0388,31371
2026-07-04 15:30:00,69.0388,69.0537,69.0339,69.0438,26668
2026-07-04 15:31:00,69.0487,69.0537,69.0339,69.0438,49700
2026-07-04 15:32:00,69.0422,69.0834,69.0339,69.0833,40232
2026-07-04 15:33:00,69.0784,69.0933,69.0735,69.0876,39121
2026-07-04 15:34:00,69.0883,69.0982,69.0834,69.0982,25312
2026-07-04 15:35:00,69.0982,69.1428,69.0933,69.1081,51937
2026-07-04 15:36:00,69.1081,69.1131,69.1032,69.1081,40949
2026-07-04 15:37:00,69.1081,69.118,69.1032,69.118,35896
2026-07-04 15:38:00,69.118,69.1626,69.1131,69.1279,86686
2026-07-04 15:39:00,69.1279,69.1311,69.1141,69.1279,32182
2026-07-04 15:40:00,69.1279,69.1477,69.1279,69.1477,46546
2026-07-04 15:41:00,69.1477,69.1972,69.1428,69.1774,81028
2026-07-04 15:42:00,69.1774,69.1824,69.1725,69.1725,31134
2026-07-04 15:43:00,69.1774,69.1923,69.1725,69.1873,28359
2026-07-04 15:44:00,69.1873,69.2269,69.1824,69.2021,93342
2026-07-04 15:45:00,69.1972,69.2121,69.1972,69.2071,84702
2026-07-04 15:46:00,69.2064,69.222,69.2022,69.217,85712
2026-07-04 15:47:00,69.217,69.2616,69.2165,69.2269,73790
2026-07-04 15:48:00,69.2319,69.2517,69.222,69.2467,88708
2026-07-04 15:49:00,69.2467,69.2616,69.2418,69.2616,79203
2026-07-04 15:50:00,69.2616,69.3111,69.2517,69.2814,294500
2026-07-04 15:51:00,69.2764,69.3111,69.2715,69.2863,94535
2026-07-04 15:52:00,69.2863,69.2913,69.2269,69.2467,143868
2026-07-04 15:53:00,69.2467,69.2715,69.1477,69.1675,104549
2026-07-04 15:54:00,69.1675,69.2269,69.1675,69.2219,79384
2026-07-04 15:55:00,69.222,69.2467,69.217,69.2269,152462
2026-07-04 15:56:00,69.222,69.2715,69.2121,69.2418,192413
2026-07-04 15:57:00,69.2418,69.2616,69.222,69.2616,100823
2026-07-04 15:58:00,69.2566,69.2814,69.2319,69.2814,169792
2026-07-04 15:59:00,69.2814,69.4397,69.2368,69.3309,1130877
2026-07-07 09:30:00,69.1923,69.3606,69.0042,69.3358,403551
2026-07-07 09:31:00,69.3268,69.4298,69.1923,69.2418,150754
2026-07-07 09:32:00,69.2418,69.2715,69.0537,69.0636,47808
2026-07-07 09:33:00,69.0733,69.1131,68.9893,69.0685,82233
2026-07-07 09:34:00,69.0584,69.1456,69.0584,69.1428,22242
2026-07-07 09:35:00,69.1428,69.222,69.1032,69.1725,18544
2026-07-07 09:36:00,69.1626,69.1725,69.0735,69.0834,38156
2026-07-07 09:37:00,69.0933,69.0933,68.9547,68.9646,30769
2026-07-07 09:38:00,68.9745,68.9943,68.8557,68.8805,18416
2026-07-07 09:39:00,68.8854,68.9745,68.8775,68.9547,29536
2026-07-07 09:40:00,68.9646,68.9668,68.8557,68.9003,32646
2026-07-07 09:41:00,68.8964,68.9052,68.8409,68.8409,39306
2026-07-07 09:42:00,68.8261,68.8925,68.7765,68.7864,67724
2026-07-07 09:43:00,68.7815,68.7864,68.7171,68.7488,33580
2026-07-07 09:44:00,68.7468,68.9448,68.7468,68.9409,44577
2026-07-07 09:45:00,68.9448,68.9448,68.8359,68.9052,60696
2026-07-07 09:46:00,68.9062,68.925,68.8656,68.8864,52518
2026-07-07 09:47:00,68.8904,68.9646,68.8755,68.8953,31088
2026-07-07 09:48:00,68.8904,68.9052,68.7765,68.8161,24575
2026-07-07 09:49:00,68.8161,68.8805,68.8062,68.8755,30246
2026-07-07 09:50:00,68.8854,68.8953,68.8161,68.8656,45985
2026-07-07 09:51:00,68.8557,68.8755,68.8211,68.8213,20093
2026-07-07 09:52:00,68.8211,68.8656,68.8211,68.8458,52502
2026-07-07 09:53:00,68.8409,68.8557,68.8062,68.826,46041
2026-07-07 09:54:00,68.8359,68.9448,68.8261,68.8953,38485
2026-07-07 09:55:00,68.8904,68.9102,68.8458,68.8854,35432
2026-07-07 09:56:00,68.9052,68.9201,68.826,68.8459,54601
2026-07-07 09:57:00,68.8557,68.925,68.8508,68.8805,32726
2026-07-07 09:58:00,68.8755,68.925,68.8458,68.8854,73126
2026-07-07 09:59:00,68.8953,68.9448,68.8656,68.9151,33201
2026-07-07 10:00:00,68.9102,68.9844,68.8854,68.9795,44321
2026-07-07 10:01:00,68.9795,69.0141,68.9745,68.9943,28608
2026-07-07 10:02:00,68.9992,69.0685,68.9943,69.0636,34707
2026-07-07 10:03:00,69.0636,69.1131,69.0586,69.0933,25352
2026-07-07 10:04:00,69.1032,69.1032,69.0042,69.019,32154
2026-07-07 10:05:00,69.0227,69.0227,68.9498,68.9547,32864
2026-07-07 10:06:00,68.9547,68.9547,68.925,68.9349,18330
2026-07-07 10:07:00,68.9349,68.9399,68.8953,68.9052,16796
2026-07-07 10:08:00,68.9003,68.9102,68.8458,68.8557,21456
2026-07-07 10:09:00,68.8557,68.8557,68.8062,68.8112,28134
2026-07-07 10:10:00,68.8112,68.8359,68.8062,68.8358,24081
2026-07-07 10:11:00,68.831,68.9151,68.831,68.9052,30198
2026-07-07 10:12:00,68.9102,68.925,68.8854,68.8953,30520
2026-07-07 10:13:00,68.9003,68.9645,68.8953,68.9498,42437
2026-07-07 10:14:00,68.9498,68.9646,68.9498,68.9597,17253
2026-07-07 10:15:00,68.9597,68.9992,68.9448,68.9992,41900
2026-07-07 10:16:00,68.9992,68.9992,68.9349,68.9399,47310
2026-07-07 10:17:00,68.9399,68.9399,68.8755,68.8805,36659
2026-07-07 10:18:00,68.8805,68.925,68.8755,68.8937,39530
2026-07-07 10:19:00,68.8904,68.9201,68.8854,68.8953,60263
2026-07-07 10:20:00,68.8964,68.9399,68.8904,68.9349,87117
2026-07-07 10:21:00,68.9448,68.9448,68.8854,68.9201,54859
2026-07-07 10:22:00,68.9151,68.93,68.8755,68.93,27085
2026-07-07 10:23:00,68.925,68.9745,68.925,68.9646,26913
2026-07-07 10:24:00,68.9745,69.0289,68.9548,69.024,27363
2026-07-07 10:25:00,69.0339,69.0535,69.0091,69.0382,18649
2026-07-07 10:26:00,69.0339,69.0388,68.9646,68.9943,21781
2026-07-07 10:27:00,69.0027,69.0834,68.9992,69.0789,14213
2026-07-07 10:28:00,69.0784,69.0883,69.0735,69.0735,23889
2026-07-07 10:29:00,69.0735,69.0735,69.0537,69.0735,13376
2026-07-07 10:30:00,69.0685,69.0784,69.024,69.0388,20958
2026-07-07 10:31:00,69.0438,69.0537,69.0141,69.0193,17832
2026-07-07 10:32:00,69.019,69.0339,69.0042,69.0141,28290
2026-07-07 10:33:00,69.019,69.024,69.0042,69.0141,14106
2026-07-07 10:34:00,69.0091,69.0141,68.986,68.9943,19174
2026-07-07 10:35:00,68.9961,69.0141,68.9943,69.0141,10160
2026-07-07 10:36:00,69.0141,69.0685,69.0091,69.019,29387
2026-07-07 10:37:00,69.019,69.0438,69.0141,69.0289,13880
2026-07-07 10:38:00,69.0289,69.0438,69.0091,69.0213,28809
2026-07-07 10:39:00,69.024,69.0883,69.024,69.0784,16564
2026-07-07 10:40:00,69.0784,69.0933,69.0636,69.0735,14200
2026-07-07 10:41:00,69.0784,69.0933,69.0735,69.0883,15601
2026-07-07 10:42:00,69.0933,69.1032,69.0834,69.0982,23882
2026-07-07 10:43:00,69.1017,69.1329,69.0487,69.0735,22475
2026-07-07 10:44:00,69.0735,69.0784,69.0438,69.0636,15569
2026-07-07 10:45:00,69.0685,69.0834,69.0487,69.0537,15533
2026-07-07 10:46:00,69.0636,69.0685,69.0339,69.0438,31212
2026-07-07 10:47:00,69.0438,69.0735,69.0438,69.0705,13630
2026-07-07 10:48:00,69.0636,69.0933,69.0438,69.0438,24769
2026-07-07 10:49:00,69.0487,69.0636,69.0438,69.0586,12791
2026-07-07 10:50:00,69.0636,69.1032,69.0586,69.0834,18479
2026-07-07 10:51:00,69.0834,69.0883,69.0735,69.0784,17054
2026-07-07 10:52:00,69.0784,69.0933,69.0685,69.0685,19600
2026-07-07 10:53:00,69.0734,69.0933,69.0636,69.0933,8613
2026-07-07 10:54:00,69.0883,69.0883,69.0636,69.0735,23289
2026-07-07 10:55:00,69.0784,69.1131,69.0784,69.1131,15602
2026-07-07 10:56:00,69.1081,69.1279,69.0849,69.123,21388
2026-07-07 10:57:00,69.1176,69.123,69.1032,69.1131,14741
2026-07-07 10:58:00,69.1131,69.1229,69.1032,69.1081,10691
2026-07-07 10:59:00,69.1056,69.1131,69.0784,69.0784,19816
2026-07-07 11:00:00,69.0784,69.0784,69.019,69.0388,21662
2026-07-07 11:01:00,69.0388,69.0487,69.019,69.019,13995
2026-07-07 11:02:00,69.019,69.019,68.9448,68.9448,19255
2026-07-07 11:03:00,68.9448,68.9643,68.9349,68.9458,17219
2026-07-07 11:04:00,68.9448,68.9597,68.925,68.925,14204
2026-07-07 11:05:00,68.9349,68.9448,68.9102,68.9151,13859
2026-07-07 11:06:00,68.9201,68.9349,68.9052,68.9201,14903
2026-07-07 11:07:00,68.9151,68.9349,68.9151,68.9195,14966
2026-07-07 11:08:00,68.9201,68.9547,68.9201,68.9448,6819
2026-07-07 11:09:00,68.9546,68.9646,68.9448,68.9547,11707
2026-07-07 11:10:00,68.9448,68.9745,68.9448,68.9676,8424
2026-07-07 11:11:00,68.9745,68.9844,68.9696,68.9844,9416
2026-07-07 11:12:00,68.9745,68.9844,68.9547,68.9696,13915
2026-07-07 11:13:00,68.9646,68.9745,68.9349,68.9387,19268
2026-07-07 11:14:00,68.9399,68.9447,68.9151,68.9201,36688
2026-07-07 11:15:00,68.9201,68.925,68.9052,68.9102,15848
2026-07-07 11:16:00,68.9052,68.9151,68.8557,68.8557,32404
2026-07-07 11:17:00,68.8607,68.8953,68.8607,68.8904,53866
2026-07-07 11:18:00,68.8854,68.8953,68.8458,68.8458,35010
2026-07-07 11:19:00,68.831,68.9052,68.826,68.8904,19568
2026-07-07 11:20:00,68.8904,68.9052,68.8706,68.8952,44894
2026-07-07 11:21:00,68.8904,68.8904,68.8359,68.8529,14664
2026-07-07 11:22:00,68.8458,68.8656,68.8409,68.8607,13799
2026-07-07 11:23:00,68.8619,68.8706,68.826,68.831,13689
2026-07-07 11:24:00,68.831,68.8409,68.8272,68.831,9297
2026-07-07 11:25:00,68.8359,68.8409,68.826,68.8359,5642
2026-07-07 11:26:00,68.8409,68.8428,68.831,68.8409,10733
2026-07-07 11:27:00,68.8409,68.8433,68.826,68.831,7379
2026-07-07 11:28:00,68.831,68.8458,68.831,68.8359,18954
2026-07-07 11:29:00,68.8458,68.8458,68.826,68.826,9591
2026-07-07 11:30:00,68.826,68.8409,68.8062,68.8078,15537
2026-07-07 11:31:00,68.8161,68.8161,68.7766,68.8112,88240
2026-07-07 11:32:00,68.8112,68.8359,68.8112,68.8211,15669
2026-07-07 11:33:00,68.8211,68.826,68.7963,68.8161,15198
2026-07-07 11:34:00,68.8158,68.8161,68.7963,68.8013,12522
2026-07-07 11:35:00,68.7999,68.8244,68.7963,68.8211,17745
2026-07-07 11:36:00,68.8211,68.826,68.8162,68.8239,3852
2026-07-07 11:37:00,68.8211,68.826,68.8161,68.8162,6232
2026-07-07 11:38:00,68.8161,68.826,68.7963,68.8211,24617
2026-07-07 11:39:00,68.826,68.831,68.7864,68.7864,17327
2026-07-07 11:40:00,68.7963,68.7981,68.7567,68.7567,16045
2026-07-07 11:41:00,68.7568,68.7864,68.7567,68.7864,17420
2026-07-07 11:42:00,68.7863,68.7863,68.7666,68.7666,8119
2026-07-07 11:43:00,68.7666,68.7862,68.7666,68.7716,14336
2026-07-07 11:44:00,68.7716,68.7864,68.7666,68.7815,6762
2026-07-07 11:45:00,68.7766,68.7864,68.7567,68.7567,22492
2026-07-07 11:46:00,68.7617,68.7666,68.732,68.7617,28653
2026-07-07 11:47:00,68.7666,68.7963,68.7666,68.7914,21834
2026-07-07 11:48:00,68.7914,68.8062,68.7765,68.7766,13175
2026-07-07 11:49:00,68.7765,68.7963,68.7666,68.7815,17209
2026-07-07 11:50:00,68.7864,68.7864,68.7714,68.7765,6033
2026-07-07 11:51:00,68.7864,68.7963,68.7864,68.7963,9854
2026-07-07 11:52:00,68.7963,68.8013,68.7864,68.7864,13206
2026-07-07 11:53:00,68.7914,68.7963,68.7815,68.7815,17609
2026-07-07 11:54:00,68.7765,68.7864,68.7765,68.7815,7141
2026-07-07 11:55:00,68.7864,68.7864,68.7666,68.7666,7252
2026-07-07 11:56:00,68.7666,68.7815,68.7666,68.7815,15595
2026-07-07 11:57:00,68.7815,68.7963,68.7765,68.7864,10020
2026-07-07 11:58:00,68.7963,68.8062,68.7765,68.7815,41640
2026-07-07 11:59:00,68.7765,68.7864,68.7666,68.7849,15134
2026-07-07 12:00:00,68.7864,68.7864,68.7468,68.7567,34911
2026-07-07 12:01:00,68.7518,68.7546,68.7221,68.7518,13355
2026-07-07 12:02:00,68.7469,68.7564,68.7369,68.7518,9407
2026-07-07 12:03:00,68.7518,68.7567,68.6973,68.7072,25129
2026-07-07 12:04:00,68.7072,68.7072,68.6775,68.6924,18735
2026-07-07 12:05:00,68.6924,68.7122,68.6676,68.6924,31109
2026-07-07 12:06:00,68.6924,68.6973,68.6775,68.6921,26073
2026-07-07 12:07:00,68.6825,68.6874,68.6676,68.6775,10159
2026-07-07 12:08:00,68.6676,68.6775,68.6478,68.6676,14294
2026-07-07 12:09:00,68.6726,68.6825,68.6676,68.6825,6737
2026-07-07 12:10:00,68.6825,68.6973,68.6726,68.6726,25184
2026-07-07 12:11:00,68.6676,68.6825,68.6676,68.6825,8055
2026-07-07 12:12:00,68.6825,68.6973,68.6726,68.6825,17101
2026-07-07 12:13:00,68.6825,68.7072,68.6825,68.7023,12738
2026-07-07 12:14:00,68.6973,68.6973,68.6775,68.6874,9567
2026-07-07 12:15:00,68.6775,68.7023,68.6676,68.7023,13224
2026-07-07 12:16:00,68.7023,68.7171,68.6973,68.716,30414
2026-07-07 12:17:00,68.7072,68.7171,68.7072,68.7122,5104
2026-07-07 12:18:00,68.7122,68.7369,68.7122,68.7368,6352
2026-07-07 12:19:00,68.727,68.7369,68.7171,68.7221,20762
2026-07-07 12:20:00,68.727,68.732,68.7171,68.7221,8862
2026-07-07 12:21:00,68.7221,68.727,68.6986,68.6986,11378
2026-07-07 12:22:00,68.7063,68.7072,68.6973,68.7023,8258
2026-07-07 12:23:00,68.6973,68.7171,68.6973,68.7122,8975
2026-07-07 12:24:00,68.7122,68.7666,68.7122,68.7518,33811
2026-07-07 12:25:00,68.7518,68.7765,68.7419,68.7444,28011
2026-07-07 12:26:00,68.7369,68.7518,68.7369,68.7419,13994
2026-07-07 12:27:00,68.7419,68.7518,68.7369,68.7419,6696
2026-07-07 12:28:00,68.7369,68.7369,68.6973,68.7023,16365
2026-07-07 12:29:00,68.7023,68.7072,68.6973,68.6973,13778
2026-07-07 12:30:00,68.6874,68.6924,68.6676,68.6676,5567
2026-07-07 12:31:00,68.6676,68.6726,68.6478,68.6627,11533
2026-07-07 12:32:00,68.6627,68.6874,68.6627,68.6778,12108
2026-07-07 12:33:00,68.6825,68.6825,68.6676,68.6768,10614
2026-07-07 12:34:00,68.6676,68.6775,68.6676,68.6726,6939
2026-07-07 12:35:00,68.6726,68.6874,68.6726,68.6874,10622
2026-07-07 12:36:00,68.6899,68.7072,68.6874,68.7023,7113
2026-07-07 12:37:00,68.6989,68.7023,68.6874,68.6998,72639
2026-07-07 12:38:00,68.7023,68.7171,68.7023,68.7122,6902
2026-07-07 12:39:00,68.7122,68.7146,68.7072,68.7072,4244
2026-07-07 12:40:00,68.7072,68.7168,68.6973,68.7168,8692
2026-07-07 12:41:00,68.7171,68.727,68.7072,68.7122,10469
2026-07-07 12:42:00,68.7171,68.7369,68.7072,68.732,13975
2026-07-07 12:43:00,68.732,68.7322,68.7221,68.7221,5610
2026-07-07 12:44:00,68.7221,68.7419,68.7221,68.7419,8259
2026-07-07 12:45:00,68.7419,68.7467,68.7171,68.7221,10540
2026-07-07 12:46:00,68.727,68.7468,68.7171,68.7468,13963
2026-07-07 12:47:00,68.7468,68.7468,68.7369,68.7429,1921
2026-07-07 12:48:00,68.7419,68.7468,68.7308,68.7457,12077
2026-07-07 12:49:00,68.7372,68.7567,68.7369,68.7452,28701
2026-07-07 12:50:00,68.746,68.746,68.727,68.732,13812
2026-07-07 12:51:00,68.732,68.732,68.7072,68.7072,13309
2026-07-07 12:52:00,68.7072,68.7518,68.7072,68.727,109263
2026-07-07 12:53:00,68.7321,68.7321,68.6973,68.6973,8663
2026-07-07 12:54:00,68.6973,68.7023,68.6825,68.6874,8667
2026-07-07 12:55:00,68.6924,68.6973,68.6676,68.6676,17582
2026-07-07 12:56:00,68.6691,68.6764,68.6676,68.6764,3313
2026-07-07 12:57:00,68.6726,68.6924,68.6695,68.6726,10765
2026-07-07 12:58:00,68.6719,68.6775,68.6676,68.6726,2408
2026-07-07 12:59:00,68.6676,68.6775,68.6676,68.6726,4987
2026-07-07 13:00:00,68.6726,68.6775,68.6676,68.6726,5762
2026-07-07 13:01:00,68.6676,68.6676,68.6478,68.6528,9538
2026-07-07 13:02:00,68.6577,68.6775,68.6577,68.6712,12056
2026-07-07 13:03:00,68.6726,68.6731,68.6676,68.6731,2883
2026-07-07 13:04:00,68.6775,68.6873,68.6726,68.6825,5644
2026-07-07 13:05:00,68.6825,68.727,68.6825,68.727,68051
2026-07-07 13:06:00,68.7171,68.732,68.7072,68.727,10141
2026-07-07 13:07:00,68.732,68.7419,68.7288,68.732,11742
2026-07-07 13:08:00,68.732,68.732,68.7072,68.7155,7596
2026-07-07 13:09:00,68.7072,68.7171,68.7072,68.7159,5685
2026-07-07 13:10:00,68.7094,68.7369,68.7072,68.7369,18048
2026-07-07 13:11:00,68.7369,68.7468,68.727,68.7468,34452
2026-07-07 13:12:00,68.7468,68.7815,68.7468,68.7716,30185
2026-07-07 13:13:00,68.7765,68.7963,68.7765,68.7963,31546
2026-07-07 13:14:00,68.7963,68.8161,68.7864,68.7963,69577
2026-07-07 13:15:00,68.7963,68.8013,68.7383,68.7468,16874
2026-07-07 13:16:00,68.7419,68.7419,68.7072,68.7072,17803
2026-07-07 13:17:00,68.7011,68.7064,68.6973,68.7023,6581
2026-07-07 13:18:00,68.7023,68.7171,68.6883,68.6924,9502
2026-07-07 13:19:00,68.6924,68.7072,68.6775,68.7023,22960
2026-07-07 13:20:00,68.7023,68.7069,68.6775,68.6775,9839
2026-07-07 13:21:00,68.6775,68.6874,68.6775,68.6775,7259
2026-07-07 13:22:00,68.6825,68.6873,68.6775,68.6825,3091
2026-07-07 13:23:00,68.6775,68.6924,68.6775,68.6874,11720
2026-07-07 13:24:00,68.6825,68.7072,68.6825,68.7072,10471
2026-07-07 13:25:00,68.7171,68.7567,68.7122,68.7468,9982
2026-07-07 13:26:00,68.7567,68.7864,68.7567,68.7617,12847
2026-07-07 13:27:00,68.7617,68.762,68.7468,68.7567,8828
2026-07-07 13:28:00,68.7567,68.7617,68.7468,68.7567,10571
2026-07-07 13:29:00,68.7567,68.7666,68.7468,68.7567,9908
2026-07-07 13:30:00,68.7617,68.8062,68.7617,68.7864,32582
2026-07-07 13:31:00,68.7914,68.7963,68.7815,68.7815,5715
2026-07-07 13:32:00,68.7765,68.7914,68.7765,68.7914,15627
2026-07-07 13:33:00,68.7963,68.8013,68.7864,68.7963,11347
2026-07-07 13:34:00,68.7963,68.7963,68.7864,68.7914,4478
2026-07-07 13:35:00,68.7867,68.7963,68.7765,68.7864,13432
2026-07-07 13:36:00,68.7963,68.8013,68.7864,68.7914,14255
2026-07-07 13:37:00,68.7864,68.7963,68.7666,68.7728,10843
2026-07-07 13:38:00,68.7765,68.7963,68.7765,68.7864,9448
2026-07-07 13:39:00,68.7914,68.7963,68.7832,68.7864,8082
2026-07-07 13:40:00,68.7914,68.8013,68.779,68.7881,12160
2026-07-07 13:41:00,68.7914,68.8062,68.7864,68.7914,26174
2026-07-07 13:42:00,68.7871,68.7914,68.7666,68.7765,20394
2026-07-07 13:43:00,68.7815,68.7863,68.7765,68.7765,4010
2026-07-07 13:44:00,68.7815,68.7815,68.7666,68.7716,10708
2026-07-07 13:45:00,68.7716,68.7914,68.7666,68.7864,15442
2026-07-07 13:46:00,68.7914,68.7963,68.7864,68.7963,5099
2026-07-07 13:47:00,68.7864,68.8062,68.7864,68.8013,10897
2026-07-07 13:48:00,68.8013,68.8062,68.7864,68.7864,16171
2026-07-07 13:49:00,68.7864,68.7963,68.7765,68.7765,12958
2026-07-07 13:50:00,68.7815,68.7864,68.7815,68.7864,11446
2026-07-07 13:51:00,68.7815,68.7864,68.7781,68.7781,2425
2026-07-07 13:52:00,68.7815,68.7963,68.7815,68.7914,11232
2026-07-07 13:53:00,68.7914,68.7914,68.7716,68.7765,11283
2026-07-07 13:54:00,68.7716,68.7815,68.7716,68.7815,7523
2026-07-07 13:55:00,68.7815,68.7963,68.7815,68.7914,7872
2026-07-07 13:56:00,68.7914,68.8062,68.7914,68.8062,8928
2026-07-07 13:57:00,68.8062,68.8112,68.7914,68.7963,15831
2026-07-07 13:58:00,68.7963,68.8062,68.7963,68.7963,17038
2026-07-07 13:59:00,68.8013,68.8062,68.7914,68.8013,19171
2026-07-07 14:00:00,68.8013,68.8151,68.8013,68.8112,6199
2026-07-07 14:01:00,68.8112,68.8161,68.8062,68.8062,10303
2026-07-07 14:02:00,68.8112,68.8359,68.8062,68.8359,15718
2026-07-07 14:03:00,68.831,68.8359,68.8211,68.8211,8097
2026-07-07 14:04:00,68.826,68.8409,68.8161,68.8409,14087
2026-07-07 14:05:00,68.8409,68.8508,68.826,68.8508,17502
2026-07-07 14:06:00,68.846,68.8557,68.8458,68.8517,6271
2026-07-07 14:07:00,68.8508,68.8557,68.8458,68.8459,5258
2026-07-07 14:08:00,68.8508,68.8537,68.8359,68.8409,10169
2026-07-07 14:09:00,68.8458,68.8557,68.8409,68.8508,10468
2026-07-07 14:10:00,68.8557,68.8656,68.8396,68.8396,30894
2026-07-07 14:11:00,68.8409,68.8458,68.8359,68.8359,11883
2026-07-07 14:12:00,68.8359,68.8458,68.8211,68.826,17970
2026-07-07 14:13:00,68.827,68.831,68.8161,68.8211,6673
2026-07-07 14:14:00,68.826,68.83,68.8062,68.83,27257
2026-07-07 14:15:00,68.831,68.8359,68.826,68.8359,11184
2026-07-07 14:16:00,68.8281,68.8458,68.826,68.8359,20640
2026-07-07 14:17:00,68.831,68.8607,68.831,68.8607,12382
2026-07-07 14:18:00,68.8607,68.8641,68.8359,68.8409,11953
2026-07-07 14:19:00,68.8359,68.8418,68.8013,68.8013,47353
2026-07-07 14:20:00,68.8161,68.826,68.8112,68.8225,16719
2026-07-07 14:21:00,68.8211,68.8409,68.8211,68.8409,6370
2026-07-07 14:22:00,68.8409,68.8607,68.8359,68.8527,6249
2026-07-07 14:23:00,68.8498,68.8557,68.8359,68.8409,15607
2026-07-07 14:24:00,68.8398,68.8557,68.8359,68.8493,17606
2026-07-07 14:25:00,68.8508,68.8508,68.8458,68.8508,12007
2026-07-07 14:26:00,68.8508,68.8508,68.8458,68.8508,4214
2026-07-07 14:27:00,68.8458,68.8755,68.8359,68.8656,40989
2026-07-07 14:28:00,68.8656,68.8706,68.826,68.8261,43402
2026-07-07 14:29:00,68.8359,68.8557,68.8359,68.8409,18591
2026-07-07 14:30:00,68.8409,68.8508,68.8359,68.8508,11733
2026-07-07 14:31:00,68.8458,68.8755,68.8458,68.8737,7916
2026-07-07 14:32:00,68.8706,68.8805,68.8656,68.8805,10194
2026-07-07 14:33:00,68.8854,68.9052,68.8755,68.9003,55337
2026-07-07 14:34:00,68.9052,68.9349,68.9003,68.9293,13369
2026-07-07 14:35:00,68.93,68.93,68.9151,68.9151,14902
2026-07-07 14:36:00,68.9201,68.9217,68.8953,68.8954,23120
2026-07-07 14:37:00,68.8953,68.8954,68.8755,68.8755,16737
2026-07-07 14:38:00,68.8805,68.9052,68.8755,68.9052,11648
2026-07-07 14:39:00,68.9052,68.925,68.9052,68.925,16113
2026-07-07 14:40:00,68.925,68.925,68.9151,68.9201,9658
2026-07-07 14:41:00,68.9232,68.9547,68.9201,68.9507,15591
2026-07-07 14:42:00,68.9547,68.9646,68.9151,68.926,32427
2026-07-07 14:43:00,68.925,68.93,68.9052,68.9052,14138
2026-07-07 14:44:00,68.9052,68.9102,68.8953,68.8953,20307
2026-07-07 14:45:00,68.8953,68.8953,68.8656,68.8656,11493
2026-07-07 14:46:00,68.8656,68.8656,68.826,68.8359,64834
2026-07-07 14:47:00,68.8359,68.8359,68.826,68.831,16046
2026-07-07 14:48:00,68.831,68.8458,68.826,68.8458,19828
2026-07-07 14:49:00,68.8409,68.8458,68.8161,68.8241,22711
2026-07-07 14:50:00,68.8211,68.826,68.8013,68.8013,20046
2026-07-07 14:51:00,68.8013,68.8161,68.7963,68.8161,20358
2026-07-07 14:52:00,68.8161,68.8161,68.7864,68.7963,18619
2026-07-07 14:53:00,68.7914,68.8062,68.7869,68.8013,15343
2026-07-07 14:54:00,68.8013,68.8112,68.7914,68.8062,92723
2026-07-07 14:55:00,68.8075,68.8359,68.8075,68.831,19695
2026-07-07 14:56:00,68.831,68.8359,68.826,68.831,9563
2026-07-07 14:57:00,68.831,68.831,68.8062,68.8112,10206
2026-07-07 14:58:00,68.8112,68.816,68.8062,68.8112,6265
2026-07-07 14:59:00,68.8112,68.8112,68.7765,68.7842,19857
2026-07-07 15:00:00,68.7815,68.7864,68.7567,68.7665,29641
2026-07-07 15:01:00,68.7567,68.7864,68.7567,68.7815,34305
2026-07-07 15:02:00,68.7765,68.7815,68.7518,68.7567,13988
2026-07-07 15:03:00,68.7567,68.7666,68.7468,68.7617,27410
2026-07-07 15:04:00,68.7567,68.7716,68.7421,68.7468,20731
2026-07-07 15:05:00,68.7419,68.7567,68.7369,68.7369,8394
2026-07-07 15:06:00,68.7467,68.7468,68.727,68.732,15524
2026-07-07 15:07:00,68.732,68.7369,68.727,68.727,7667
2026-07-07 15:08:00,68.732,68.7567,68.7171,68.7419,32879
2026-07-07 15:09:00,68.7567,68.7963,68.7518,68.7963,23819
2026-07-07 15:10:00,68.8013,68.831,68.7963,68.8161,17577
2026-07-07 15:11:00,68.8247,68.8247,68.8023,68.8023,9327
2026-07-07 15:12:00,68.8013,68.8161,68.7864,68.808,15603
2026-07-07 15:13:00,68.8112,68.8161,68.8013,68.8108,10733
2026-07-07 15:14:00,68.8078,68.826,68.8078,68.826,16834
2026-07-07 15:15:00,68.8161,68.8161,68.8013,68.8062,16500
2026-07-07 15:16:00,68.8013,68.8161,68.7963,68.7963,20965
2026-07-07 15:17:00,68.8013,68.8013,68.7864,68.7914,13912
2026-07-07 15:18:00,68.7879,68.8062,68.7879,68.8013,15215
2026-07-07 15:19:00,68.798,68.826,68.7963,68.8211,41274
2026-07-07 15:20:00,68.826,68.8359,68.8161,68.831,9435
2026-07-07 15:21:00,68.831,68.8359,68.8211,68.826,21896
2026-07-07 15:22:00,68.8211,68.8557,68.8211,68.8508,20841
2026-07-07 15:23:00,68.8557,68.8557,68.8359,68.8409,26296
2026-07-07 15:24:00,68.8409,68.8409,68.8161,68.826,51759
2026-07-07 15:25:00,68.8161,68.8359,68.811,68.831,32292
2026-07-07 15:26:00,68.831,68.831,68.8062,68.8062,17253
2026-07-07 15:27:00,68.8062,68.8161,68.8062,68.8112,27648
2026-07-07 15:28:00,68.8107,68.826,68.8013,68.8211,40164
2026-07-07 15:29:00,68.8188,68.8359,68.8161,68.8211,32784
2026-07-07 15:30:00,68.8211,68.826,68.8062,68.8211,38627
2026-07-07 15:31:00,68.8211,68.826,68.8161,68.826,4722
2026-07-07 15:32:00,68.8259,68.8359,68.8161,68.831,32273
2026-07-07 15:33:00,68.831,68.8508,68.826,68.8508,31888
2026-07-07 15:34:00,68.8458,68.8656,68.8458,68.8607,25616
2026-07-07 15:35:00,68.8656,68.8755,68.8557,68.8755,27472
2026-07-07 15:36:00,68.8755,68.8854,68.8557,68.8656,61626
2026-07-07 15:37:00,68.8656,68.8953,68.8656,68.8879,10020
2026-07-07 15:38:00,68.8953,68.8953,68.8854,68.8904,8073
2026-07-07 15:39:00,68.8953,68.8953,68.8656,68.8706,23035
2026-07-07 15:40:00,68.8706,68.9102,68.8656,68.9102,32269
2026-07-07 15:41:00,68.9052,68.93,68.8904,68.9201,32300
2026-07-07 15:42:00,68.93,68.9597,68.93,68.9547,27230
2026-07-07 15:43:00,68.9498,68.9498,68.93,68.93,37291
2026-07-07 15:44:00,68.93,68.9448,68.925,68.9399,23965
2026-07-07 15:45:00,68.9448,68.9448,68.9052,68.9201,52610
2026-07-07 15:46:00,68.9201,68.925,68.8755,68.8777,43499
2026-07-07 15:47:00,68.8805,68.8854,68.8508,68.8508,41912
2026-07-07 15:48:00,68.8557,68.8706,68.8458,68.8458,51166
2026-07-07 15:49:00,68.85,68.8805,68.8359,68.8755,65490
2026-07-07 15:50:00,68.8854,68.9201,68.8706,68.8805,66341
2026-07-07 15:51:00,68.8805,68.8953,68.8755,68.8805,50748
2026-07-07 15:52:00,68.8805,68.925,68.8755,68.925,75287
2026-07-07 15:53:00,68.925,68.925,68.9052,68.9053,68825
2026-07-07 15:54:00,68.9102,68.9349,68.9102,68.93,57731
2026-07-07 15:55:00,68.93,68.9448,68.9151,68.93,91280
2026-07-07 15:56:00,68.93,68.9349,68.925,68.925,56301
2026-07-07 15:57:00,68.925,68.93,68.8656,68.9102,142170
2026-07-07 15:58:00,68.9121,68.9448,68.9052,68.9349,158485
2026-07-07 15:59:00,68.9349,68.9646,68.8904,68.9597,402798
2026-07-08 09:30:00,69.1923,69.2319,68.9943,68.9943,236313
2026-07-08 09:31:00,69.0042,69.0487,68.9646,69.0487,18930
2026-07-08 09:32:00,69.0487,69.1135,69.0487,69.0933,10426
2026-07-08 09:33:00,69.1131,69.1329,69.1032,69.1329,15948
2026-07-08 09:34:00,69.1329,69.1923,69.1329,69.1725,37127
2026-07-08 09:35:00,69.1725,69.1725,69.0735,69.0735,13763
2026-07-08 09:36:00,69.0834,69.123,69.0636,69.0636,19523
2026-07-08 09:37:00,69.0636,69.0834,69.0438,69.0636,13740
2026-07-08 09:38:00,69.0586,69.1428,69.0586,69.1428,15636
2026-07-08 09:39:00,69.1428,69.1527,69.0834,69.0834,12103
2026-07-08 09:40:00,69.0839,69.1972,69.0735,69.1923,25094
2026-07-08 09:41:00,69.1953,69.2022,69.1329,69.1329,19364
2026-07-08 09:42:00,69.1306,69.1725,69.123,69.1626,13192
2026-07-08 09:43:00,69.1675,69.2418,69.1627,69.2418,12596
2026-07-08 09:44:00,69.2418,69.3408,69.2319,69.3358,35218
2026-07-08 09:45:00,69.3309,69.3803,69.321,69.3608,22169
2026-07-08 09:46:00,69.3803,69.4298,69.3705,69.4001,25246
2026-07-08 09:47:00,69.4001,69.4496,69.4001,69.4348,22702
2026-07-08 09:48:00,69.4299,69.4793,69.4199,69.4595,28041
2026-07-08 09:49:00,69.4595,69.4744,69.3507,69.3507,29023
2026-07-08 09:50:00,69.3507,69.3902,69.3408,69.3606,55656
2026-07-08 09:51:00,69.3606,69.4397,69.3309,69.4397,40902
2026-07-08 09:52:00,69.4397,69.4495,69.3803,69.3853,39322
2026-07-08 09:53:00,69.3902,69.3902,69.3111,69.3111,30382
2026-07-08 09:54:00,69.316,69.321,69.2517,69.2517,22427
2026-07-08 09:55:00,69.2517,69.3012,69.2418,69.2913,17399
2026-07-08 09:56:00,69.2962,69.3309,69.2814,69.3309,38360
2026-07-08 09:57:00,69.321,69.3408,69.3012,69.3259,11806
2026-07-08 09:58:00,69.3239,69.3754,69.321,69.3704,15090
2026-07-08 09:59:00,69.3705,69.41,69.3655,69.3952,14934
2026-07-08 10:00:00,69.3902,69.3953,69.3408,69.3507,23940
2026-07-08 10:01:00,69.3507,69.4001,69.3507,69.3803,8744
2026-07-08 10:02:00,69.3803,69.4298,69.3803,69.4249,14892
2026-07-08 10:03:00,69.4199,69.4298,69.3804,69.4199,14577
2026-07-08 10:04:00,69.415,69.4298,69.4051,69.415,10681
2026-07-08 10:05:00,69.4199,69.4496,69.41,69.4493,18809
2026-07-08 10:06:00,69.4447,69.4447,69.3507,69.3507,34504
2026-07-08 10:07:00,69.3358,69.3803,69.3358,69.3408,32756
2026-07-08 10:08:00,69.3457,69.3457,69.321,69.3358,24623
2026-07-08 10:09:00,69.3358,69.3754,69.3309,69.3358,33231
2026-07-08 10:10:00,69.3358,69.4001,69.3309,69.3556,19131
2026-07-08 10:11:00,69.3556,69.3606,69.3408,69.3507,20875
2026-07-08 10:12:00,69.3457,69.3803,69.3408,69.3803,14954
2026-07-08 10:13:00,69.3803,69.4198,69.3803,69.4051,13373
2026-07-08 10:14:00,69.4051,69.415,69.3803,69.3853,29668
2026-07-08 10:15:00,69.3853,69.3985,69.3655,69.3754,14992
2026-07-08 10:16:00,69.3777,69.3952,69.3606,69.3803,8549
2026-07-08 10:17:00,69.3902,69.4546,69.3803,69.4546,21379
2026-07-08 10:18:00,69.4645,69.4694,69.3556,69.3705,21398
2026-07-08 10:19:00,69.3803,69.3902,69.3705,69.3754,8932
2026-07-08 10:20:00,69.3754,69.3803,69.3606,69.3606,11782
2026-07-08 10:21:00,69.3655,69.3705,69.321,69.3358,11904
2026-07-08 10:22:00,69.3358,69.3358,69.3012,69.3297,19355
2026-07-08 10:23:00,69.3259,69.3309,69.321,69.3271,6829
2026-07-08 10:24:00,69.3309,69.3853,69.3309,69.3853,20128
2026-07-08 10:25:00,69.3805,69.4001,69.3705,69.3952,29532
2026-07-08 10:26:00,69.3952,69.4348,69.3942,69.4249,12219
2026-07-08 10:27:00,69.4298,69.4397,69.4151,69.4339,12557
2026-07-08 10:28:00,69.4348,69.4546,69.434,69.4447,14988
2026-07-08 10:29:00,69.4447,69.4496,69.4397,69.4447,17115
2026-07-08 10:30:00,69.4397,69.4793,69.4397,69.4595,26153
2026-07-08 10:31:00,69.4595,69.4991,69.4397,69.4942,32778
2026-07-08 10:32:00,69.4942,69.4991,69.4744,69.4843,18705
2026-07-08 10:33:00,69.4843,69.509,69.4843,69.4953,13791
2026-07-08 10:34:00,69.4942,69.5189,69.4942,69.4991,17061
2026-07-08 10:35:00,69.4991,69.509,69.4991,69.5057,6653
2026-07-08 10:36:00,69.4991,69.509,69.4991,69.5041,10334
2026-07-08 10:37:00,69.5045,69.509,69.4991,69.5041,6228
2026-07-08 10:38:00,69.5041,69.514,69.4645,69.4843,28983
2026-07-08 10:39:00,69.4843,69.4991,69.4794,69.4991,9750
2026-07-08 10:40:00,69.4893,69.5189,69.4893,69.509,16460
2026-07-08 10:41:00,69.5041,69.5239,69.5041,69.514,9916
2026-07-08 10:42:00,69.514,69.5239,69.5041,69.5239,14074
2026-07-08 10:43:00,69.519,69.519,69.4991,69.5041,11514
2026-07-08 10:44:00,69.5041,69.5288,69.4595,69.4595,23694
2026-07-08 10:45:00,69.4694,69.4744,69.4496,69.4744,13534
2026-07-08 10:46:00,69.4694,69.4694,69.4496,69.4496,8375
2026-07-08 10:47:00,69.453,69.4744,69.4496,69.4645,13952
2026-07-08 10:48:00,69.4694,69.4793,69.4645,69.4694,11263
2026-07-08 10:49:00,69.4694,69.4892,69.4694,69.4843,11646
2026-07-08 10:50:00,69.4843,69.4843,69.4595,69.4595,20534
2026-07-08 10:51:00,69.4595,69.4942,69.4595,69.4793,11394
2026-07-08 10:52:00,69.4892,69.4991,69.4892,69.4892,6413
2026-07-08 10:53:00,69.4942,69.4991,69.4744,69.4744,17631
2026-07-08 10:54:00,69.4694,69.4694,69.4397,69.4447,8157
2026-07-08 10:55:00,69.4447,69.4496,69.4397,69.4447,6953
2026-07-08 10:56:00,69.4447,69.4496,69.4199,69.4447,18145
2026-07-08 10:57:00,69.4447,69.4496,69.4199,69.4199,13578
2026-07-08 10:58:00,69.415,69.4397,69.41,69.41,11813
2026-07-08 10:59:00,69.415,69.4298,69.4051,69.4249,10743
2026-07-08 11:00:00,69.4199,69.4397,69.4199,69.4348,4508
2026-07-08 11:01:00,69.4397,69.4595,69.4298,69.4496,11867
2026-07-08 11:02:00,69.4496,69.4496,69.4344,69.4447,10167
2026-07-08 11:03:00,69.4447,69.4595,69.4397,69.4496,11198
2026-07-08 11:04:00,69.4546,69.4546,69.4246,69.4348,19433
2026-07-08 11:05:00,69.4348,69.4348,69.3803,69.3823,22694
2026-07-08 11:06:00,69.3853,69.3952,69.3705,69.3754,25329
2026-07-08 11:07:00,69.3705,69.3803,69.3705,69.3754,7528
2026-07-08 11:08:00,69.3754,69.3803,69.3705,69.3754,16368
2026-07-08 11:09:00,69.3754,69.3803,69.3408,69.3507,25588
2026-07-08 11:10:00,69.351,69.3705,69.3507,69.3705,15001
2026-07-08 11:11:00,69.3655,69.39,69.3655,69.3803,18143
2026-07-08 11:12:00,69.3853,69.415,69.3853,69.4001,24563
2026-07-08 11:13:00,69.3952,69.4397,69.3952,69.4348,29091
2026-07-08 11:14:00,69.4348,69.4397,69.4001,69.4001,29758
2026-07-08 11:15:00,69.4051,69.4199,69.3902,69.3902,14176
2026-07-08 11:16:00,69.3952,69.4001,69.3803,69.3914,10275
2026-07-08 11:17:00,69.4001,69.41,69.3902,69.4051,7170
2026-07-08 11:18:00,69.41,69.41,69.3902,69.3902,17640
2026-07-08 11:19:00,69.3952,69.4001,69.3556,69.3606,16155
2026-07-08 11:20:00,69.3556,69.3655,69.3358,69.3408,22273
2026-07-08 11:21:00,69.3309,69.3309,69.2715,69.2715,36064
2026-07-08 11:22:00,69.2764,69.2814,69.2576,69.2616,13038
2026-07-08 11:23:00,69.2581,69.2764,69.2566,69.2616,9513
2026-07-08 11:24:00,69.2577,69.2616,69.2418,69.2517,12152
2026-07-08 11:25:00,69.2517,69.2566,69.222,69.2298,22361
2026-07-08 11:26:00,69.2269,69.2368,69.2123,69.2312,30107
2026-07-08 11:27:00,69.2269,69.2616,69.2269,69.2467,74319
2026-07-08 11:28:00,69.2418,69.2418,69.2121,69.222,24783
2026-07-08 11:29:00,69.222,69.2368,69.222,69.2319,43855
2026-07-08 11:30:00,69.2319,69.2368,69.2121,69.222,16512
2026-07-08 11:31:00,69.2121,69.2269,69.2022,69.2221,12956
2026-07-08 11:32:00,69.2269,69.2269,69.2121,69.2244,19609
2026-07-08 11:33:00,69.2284,69.2616,69.2269,69.2616,27964
2026-07-08 11:34:00,69.2566,69.2701,69.2566,69.2701,7219
2026-07-08 11:35:00,69.2665,69.2665,69.2517,69.2517,10067
2026-07-08 11:36:00,69.2566,69.2616,69.2517,69.2566,5618
2026-07-08 11:37:00,69.2616,69.316,69.2616,69.316,13236
2026-07-08 11:38:00,69.316,69.316,69.2715,69.2715,15689
2026-07-08 11:39:00,69.2764,69.2962,69.2764,69.2962,8950
2026-07-08 11:40:00,69.2962,69.3011,69.2913,69.2962,8487
2026-07-08 11:41:00,69.2962,69.3259,69.2957,69.3259,8181
2026-07-08 11:42:00,69.3291,69.3358,69.3259,69.3358,7274
2026-07-08 11:43:00,69.339,69.3606,69.331,69.3556,9201
2026-07-08 11:44:00,69.3606,69.3705,69.3606,69.3655,7370
2026-07-08 11:45:00,69.3705,69.3803,69.3655,69.3803,5412
2026-07-08 11:46:00,69.3803,69.4197,69.3803,69.4197,28256
2026-07-08 11:47:00,69.415,69.415,69.3902,69.4001,25634
2026-07-08 11:48:00,69.4001,69.4001,69.3803,69.3853,15461
2026-07-08 11:49:00,69.3803,69.4001,69.3803,69.3952,17359
2026-07-08 11:50:00,69.3952,69.4055,69.3902,69.4055,5780
2026-07-08 11:51:00,69.41,69.4298,69.4051,69.4297,13858
2026-07-08 11:52:00,69.4249,69.4298,69.4199,69.4298,12107
2026-07-08 11:53:00,69.4249,69.4298,69.4199,69.4249,3557
2026-07-08 11:54:00,69.4249,69.4397,69.4249,69.4397,5080
2026-07-08 11:55:00,69.4397,69.4595,69.4397,69.4471,17657
2026-07-08 11:56:00,69.4397,69.4447,69.4051,69.41,25773
2026-07-08 11:57:00,69.41,69.4372,69.4051,69.4348,8187
2026-07-08 11:58:00,69.4348,69.4397,69.4199,69.4199,20487
2026-07-08 11:59:00,69.4199,69.4249,69.41,69.415,10080
2026-07-08 12:00:00,69.41,69.4199,69.3952,69.4001,17226
2026-07-08 12:01:00,69.4051,69.4496,69.4051,69.4496,11024
2026-07-08 12:02:00,69.4495,69.4694,69.4457,69.4596,11931
2026-07-08 12:03:00,69.4645,69.4892,69.4645,69.4892,12661
2026-07-08 12:04:00,69.4892,69.4892,69.4793,69.4843,16813
2026-07-08 12:05:00,69.4843,69.5189,69.4793,69.509,23148
2026-07-08 12:06:00,69.4991,69.4991,69.4694,69.4744,12637
2026-07-08 12:07:00,69.4742,69.4843,69.4595,69.4595,9159
2026-07-08 12:08:00,69.4538,69.4538,69.4199,69.4298,11984
2026-07-08 12:09:00,69.4325,69.4397,69.4298,69.4348,9060
2026-07-08 12:10:00,69.4397,69.4447,69.4199,69.4249,18488
2026-07-08 12:11:00,69.4249,69.4249,69.4001,69.4063,10484
2026-07-08 12:12:00,69.41,69.4296,69.41,69.4249,9804
2026-07-08 12:13:00,69.4298,69.4397,69.4298,69.4348,6348
2026-07-08 12:14:00,69.4348,69.4397,69.4308,69.4308,7727
2026-07-08 12:15:00,69.4348,69.4397,69.4312,69.4386,7674
2026-07-08 12:16:00,69.4348,69.4496,69.4348,69.4496,6900
2026-07-08 12:17:00,69.4496,69.4496,69.4397,69.4447,10616
2026-07-08 12:18:00,69.4447,69.4546,69.4397,69.4546,7892
2026-07-08 12:19:00,69.4546,69.4645,69.4496,69.4595,13047
2026-07-08 12:20:00,69.4497,69.4595,69.4496,69.4595,10744
2026-07-08 12:21:00,69.4546,69.4694,69.4546,69.4645,9597
2026-07-08 12:22:00,69.4645,69.4694,69.4546,69.4595,10999
2026-07-08 12:23:00,69.4694,69.4793,69.4694,69.4694,6464
2026-07-08 12:24:00,69.4694,69.4843,69.4645,69.4793,7926
2026-07-08 12:25:00,69.4843,69.4942,69.4793,69.4793,9579
2026-07-08 12:26:00,69.4843,69.4942,69.4793,69.4843,6341
2026-07-08 12:27:00,69.4843,69.4942,69.4793,69.4843,6027
2026-07-08 12:28:00,69.4843,69.4942,69.4843,69.4892,5255
2026-07-08 12:29:00,69.4942,69.4945,69.4744,69.4744,9748
2026-07-08 12:30:00,69.4744,69.4942,69.4744,69.4942,6792
2026-07-08 12:31:00,69.4991,69.5239,69.4942,69.5189,12059
2026-07-08 12:32:00,69.514,69.5189,69.4991,69.4991,7122
2026-07-08 12:33:00,69.5041,69.509,69.4991,69.5008,4240
2026-07-08 12:34:00,69.5041,69.5041,69.4744,69.4793,14093
2026-07-08 12:35:00,69.4843,69.4843,69.4595,69.4673,10921
2026-07-08 12:36:00,69.4694,69.4942,69.4694,69.4942,10106
2026-07-08 12:37:00,69.4942,69.509,69.4916,69.5041,11003
2026-07-08 12:38:00,69.5041,69.5041,69.4892,69.4942,9124
2026-07-08 12:39:00,69.499,69.499,69.4793,69.4892,10001
2026-07-08 12:40:00,69.4843,69.4991,69.4793,69.4843,10362
2026-07-08 12:41:00,69.4793,69.4892,69.4595,69.4595,9851
2026-07-08 12:42:00,69.4546,69.4744,69.4546,69.4744,9797
2026-07-08 12:43:00,69.4694,69.4843,69.4397,69.4447,10169
2026-07-08 12:44:00,69.4447,69.4546,69.4447,69.4546,4047
2026-07-08 12:45:00,69.4546,69.4843,69.4496,69.4793,8016
2026-07-08 12:46:00,69.4744,69.4891,69.4744,69.4843,5483
2026-07-08 12:47:00,69.4843,69.5189,69.4843,69.514,14308
2026-07-08 12:48:00,69.514,69.5288,69.514,69.514,23979
2026-07-08 12:49:00,69.5103,69.5338,69.5103,69.5287,19070
2026-07-08 12:50:00,69.5189,69.5386,69.5189,69.5338,9221
2026-07-08 12:51:00,69.5338,69.5387,69.5239,69.5239,10579
2026-07-08 12:52:00,69.5189,69.5239,69.4991,69.5041,6697
2026-07-08 12:53:00,69.509,69.509,69.4694,69.4744,11478
2026-07-08 12:54:00,69.4744,69.4744,69.4199,69.4249,14169
2026-07-08 12:55:00,69.4298,69.4744,69.4298,69.4694,13830
2026-07-08 12:56:00,69.4793,69.4991,69.471,69.4744,9803
2026-07-08 12:57:00,69.4744,69.479,69.4694,69.4744,3123
2026-07-08 12:58:00,69.4793,69.4793,69.4447,69.449,9178
2026-07-08 12:59:00,69.4397,69.4595,69.4348,69.4546,9318
2026-07-08 13:00:00,69.4595,69.4693,69.4496,69.4645,3949
2026-07-08 13:01:00,69.4645,69.4744,69.4595,69.4595,7186
2026-07-08 13:02:00,69.4595,69.4892,69.4595,69.4843,8176
2026-07-08 13:03:00,69.4892,69.5239,69.4892,69.4942,12190
2026-07-08 13:04:00,69.4991,69.5158,69.4892,69.4892,9180
2026-07-08 13:05:00,69.4855,69.4942,69.4694,69.4694,11117
2026-07-08 13:06:00,69.4645,69.4942,69.4645,69.4892,5927
2026-07-08 13:07:00,69.4892,69.4991,69.4892,69.4942,7006
2026-07-08 13:08:00,69.4892,69.4942,69.4793,69.4942,9327
2026-07-08 13:09:00,69.4942,69.509,69.4892,69.5041,10204
2026-07-08 13:10:00,69.4991,69.514,69.4942,69.514,10224
2026-07-08 13:11:00,69.5189,69.5276,69.4991,69.4991,9963
2026-07-08 13:12:00,69.4991,69.5261,69.4991,69.5261,9650
2026-07-08 13:13:00,69.5239,69.5288,69.5189,69.5239,3921
2026-07-08 13:14:00,69.5239,69.5239,69.4744,69.4744,15356
2026-07-08 13:15:00,69.4763,69.4793,69.4694,69.4793,5144
2026-07-08 13:16:00,69.4694,69.4793,69.4595,69.4694,12055
2026-07-08 13:17:00,69.4694,69.4694,69.4447,69.4595,15610
2026-07-08 13:18:00,69.4645,69.4647,69.4348,69.4496,31068
2026-07-08 13:19:00,69.4398,69.4649,69.4398,69.4645,8690
2026-07-08 13:20:00,69.4595,69.4892,69.4595,69.4793,28994
2026-07-08 13:21:00,69.4793,69.4892,69.4496,69.4546,12056
2026-07-08 13:22:00,69.4397,69.4447,69.41,69.4199,10877
2026-07-08 13:23:00,69.415,69.4193,69.3803,69.3803,34182
2026-07-08 13:24:00,69.3803,69.41,69.3803,69.4001,11784
2026-07-08 13:25:00,69.4051,69.4397,69.4001,69.4348,7811
2026-07-08 13:26:00,69.4299,69.4397,69.4249,69.4263,5631
2026-07-08 13:27:00,69.4249,69.4262,69.4199,69.4249,7110
2026-07-08 13:28:00,69.4199,69.4397,69.4199,69.4348,5042
2026-07-08 13:29:00,69.4348,69.4348,69.4199,69.4249,8134
2026-07-08 13:30:00,69.4249,69.4249,69.4051,69.415,7629
2026-07-08 13:31:00,69.415,69.415,69.3902,69.4051,13190
2026-07-08 13:32:00,69.41,69.415,69.3952,69.3952,11966
2026-07-08 13:33:00,69.3803,69.4098,69.3803,69.4051,4883
2026-07-08 13:34:00,69.4001,69.4001,69.3902,69.3904,10956
2026-07-08 13:35:00,69.3952,69.3952,69.3803,69.3853,7380
2026-07-08 13:36:00,69.3853,69.4001,69.3803,69.4001,10420
2026-07-08 13:37:00,69.4001,69.4001,69.3853,69.3952,7687
2026-07-08 13:38:00,69.4001,69.4001,69.3902,69.3902,11042
2026-07-08 13:39:00,69.3952,69.3952,69.3853,69.3853,3563
2026-07-08 13:40:00,69.3902,69.3902,69.3803,69.3853,8440
2026-07-08 13:41:00,69.3803,69.3902,69.3803,69.3902,6270
2026-07-08 13:42:00,69.3952,69.3952,69.3803,69.3803,8179
2026-07-08 13:43:00,69.3853,69.4001,69.3853,69.3952,5334
2026-07-08 13:44:00,69.4,69.4199,69.3952,69.41,14204
2026-07-08 13:45:00,69.41,69.4198,69.3902,69.3902,10339
2026-07-08 13:46:00,69.3952,69.4001,69.3901,69.3901,7953
2026-07-08 13:47:00,69.3853,69.4001,69.3853,69.3952,12250
2026-07-08 13:48:00,69.3952,69.41,69.3952,69.4051,11636
2026-07-08 13:49:00,69.4051,69.41,69.4009,69.4038,3724
2026-07-08 13:50:00,69.4051,69.4296,69.3952,69.4289,15323
2026-07-08 13:51:00,69.4249,69.4397,69.42,69.4348,9367
2026-07-08 13:52:00,69.4348,69.4397,69.4298,69.4344,6890
2026-07-08 13:53:00,69.4348,69.4397,69.4346,69.4348,4185
2026-07-08 13:54:00,69.4348,69.4397,69.4298,69.4348,3804
2026-07-08 13:55:00,69.4348,69.4396,69.42,69.4348,30032
2026-07-08 13:56:00,69.4348,69.4447,69.3803,69.3853,20091
2026-07-08 13:57:00,69.3852,69.3901,69.3816,69.3853,3647
2026-07-08 13:58:00,69.3853,69.3902,69.3705,69.3705,9791
2026-07-08 13:59:00,69.3754,69.3754,69.3606,69.3606,5157
2026-07-08 14:00:00,69.3655,69.3655,69.3408,69.3457,11629
2026-07-08 14:01:00,69.3408,69.3556,69.3408,69.3449,14781
2026-07-08 14:02:00,69.3457,69.3655,69.321,69.3655,26273
2026-07-08 14:03:00,69.3655,69.3655,69.3457,69.3556,12953
2026-07-08 14:04:00,69.3556,69.3705,69.3556,69.3671,7201
2026-07-08 14:05:00,69.3655,69.3655,69.3556,69.3556,9326
2026-07-08 14:06:00,69.3556,69.3704,69.3556,69.3655,5373
2026-07-08 14:07:00,69.3655,69.3754,69.3606,69.3754,8240
2026-07-08 14:08:00,69.3797,69.3803,69.3655,69.3705,13052
2026-07-08 14:09:00,69.3655,69.3705,69.3606,69.3655,5865
2026-07-08 14:10:00,69.3655,69.3854,69.3623,69.3754,10858
2026-07-08 14:11:00,69.3754,69.3853,69.3754,69.3804,6673
2026-07-08 14:12:00,69.3853,69.3964,69.3803,69.3952,42569
2026-07-08 14:13:00,69.3952,69.3952,69.3606,69.3654,17354
2026-07-08 14:14:00,69.3655,69.3655,69.3111,69.3358,24861
2026-07-08 14:15:00,69.3358,69.3388,69.3309,69.3358,5782
2026-07-08 14:16:00,69.3309,69.3358,69.314,69.3259,13001
2026-07-08 14:17:00,69.3259,69.3259,69.321,69.3259,5180
2026-07-08 14:18:00,69.3259,69.3408,69.3213,69.3358,7893
2026-07-08 14:19:00,69.3326,69.3358,69.316,69.3308,21781
2026-07-08 14:20:00,69.3266,69.3408,69.321,69.3408,22673
2026-07-08 14:21:00,69.3457,69.3568,69.3408,69.3556,8546
2026-07-08 14:22:00,69.3556,69.3556,69.3408,69.3457,10484
2026-07-08 14:23:00,69.3457,69.3471,69.3309,69.3358,14887
2026-07-08 14:24:00,69.3312,69.3358,69.3309,69.3358,6930
2026-07-08 14:25:00,69.3309,69.3309,69.316,69.316,12209
2026-07-08 14:26:00,69.316,69.316,69.2814,69.2962,29754
2026-07-08 14:27:00,69.2962,69.3012,69.2764,69.2814,104275
2026-07-08 14:28:00,69.2863,69.2913,69.2715,69.2799,23700
2026-07-08 14:29:00,69.2764,69.2814,69.2517,69.2566,10119
2026-07-08 14:30:00,69.2616,69.2814,69.2517,69.2814,20489
2026-07-08 14:31:00,69.2781,69.2814,69.2616,69.2633,12127
2026-07-08 14:32:00,69.2665,69.2814,69.2566,69.2814,21109
2026-07-08 14:33:00,69.2814,69.2913,69.2715,69.2863,12110
2026-07-08 14:34:00,69.2913,69.3012,69.2913,69.2962,8535
2026-07-08 14:35:00,69.2962,69.3012,69.2962,69.2962,4334
2026-07-08 14:36:00,69.2913,69.3111,69.2913,69.3061,8641
2026-07-08 14:37:00,69.304,69.321,69.3012,69.3111,14905
2026-07-08 14:38:00,69.316,69.3358,69.316,69.3358,10390
2026-07-08 14:39:00,69.3407,69.3408,69.3233,69.3259,12848
2026-07-08 14:40:00,69.3259,69.3259,69.3061,69.3061,19433
2026-07-08 14:41:00,69.3061,69.311,69.3012,69.3061,9193
2026-07-08 14:42:00,69.3061,69.3109,69.2814,69.2962,15759
2026-07-08 14:43:00,69.2913,69.3012,69.2913,69.2962,28882
2026-07-08 14:44:00,69.2962,69.316,69.2913,69.316,11112
2026-07-08 14:45:00,69.3111,69.316,69.293,69.2998,16764
2026-07-08 14:46:00,69.2962,69.3111,69.2962,69.3061,11356
2026-07-08 14:47:00,69.3029,69.3111,69.3012,69.3012,5791
2026-07-08 14:48:00,69.3061,69.3187,69.3012,69.316,14721
2026-07-08 14:49:00,69.3112,69.316,69.3013,69.3061,9410
2026-07-08 14:50:00,69.3061,69.3065,69.3061,69.3061,7257
2026-07-08 14:51:00,69.3061,69.3101,69.3061,69.3061,4001
2026-07-08 14:52:00,69.3061,69.3061,69.2913,69.2962,15991
2026-07-08 14:53:00,69.2962,69.316,69.2962,69.2962,31573
2026-07-08 14:54:00,69.2962,69.3011,69.2962,69.2962,3117
2026-07-08 14:55:00,69.2962,69.3012,69.2913,69.3012,7162
2026-07-08 14:56:00,69.2962,69.2962,69.2764,69.2863,13696
2026-07-08 14:57:00,69.2913,69.2913,69.2814,69.2814,11046
2026-07-08 14:58:00,69.2863,69.2913,69.2814,69.2863,4598
2026-07-08 14:59:00,69.2863,69.2962,69.2764,69.2764,35198
2026-07-08 15:00:00,69.2764,69.2814,69.2635,69.2665,11549
2026-07-08 15:01:00,69.2665,69.2665,69.222,69.222,21220
2026-07-08 15:02:00,69.222,69.2394,69.217,69.2368,22038
2026-07-08 15:03:00,69.2368,69.2368,69.217,69.222,13858
2026-07-08 15:04:00,69.2121,69.2156,69.2022,69.2121,8039
2026-07-08 15:05:00,69.2071,69.212,69.1762,69.1774,23403
2026-07-08 15:06:00,69.1774,69.1923,69.1774,69.1824,19854
2026-07-08 15:07:00,69.1873,69.2004,69.1824,69.1873,24062
2026-07-08 15:08:00,69.1873,69.1887,69.1725,69.1774,21657
2026-07-08 15:09:00,69.1774,69.1774,69.1527,69.1527,24521
2026-07-08 15:10:00,69.1527,69.1527,69.123,69.1279,67119
2026-07-08 15:11:00,69.1279,69.1603,69.1131,69.1576,30723
2026-07-08 15:12:00,69.1566,69.1675,69.1528,69.1675,8784
2026-07-08 15:13:00,69.1626,69.1774,69.1626,69.1774,12762
2026-07-08 15:14:00,69.1824,69.1824,69.1737,69.1774,5929
2026-07-08 15:15:00,69.1774,69.1786,69.1725,69.1774,23567
2026-07-08 15:16:00,69.1774,69.1972,69.1774,69.1873,15325
2026-07-08 15:17:00,69.1873,69.1922,69.1725,69.1824,18750
2026-07-08 15:18:00,69.1873,69.2022,69.1774,69.1774,26240
2026-07-08 15:19:00,69.1725,69.1787,69.1725,69.1774,5195
2026-07-08 15:20:00,69.1725,69.1873,69.1675,69.1824,26252
2026-07-08 15:21:00,69.1774,69.1873,69.1725,69.1774,18777
2026-07-08 15:22:00,69.1824,69.1873,69.1675,69.1856,17244
2026-07-08 15:23:00,69.1848,69.1923,69.1774,69.1873,8960
2026-07-08 15:24:00,69.1873,69.2022,69.1824,69.1923,12957
2026-07-08 15:25:00,69.1972,69.1972,69.1725,69.1774,14879
2026-07-08 15:26:00,69.1822,69.1822,69.1527,69.1576,21685
2026-07-08 15:27:00,69.1576,69.1576,69.123,69.1279,23792
2026-07-08 15:28:00,69.1279,69.1329,69.123,69.1279,16834
2026-07-08 15:29:00,69.1329,69.1527,69.123,69.1527,23037
2026-07-08 15:30:00,69.1527,69.1725,69.1339,69.1428,24048
2026-07-08 15:31:00,69.1477,69.1626,69.1477,69.1527,11339
2026-07-08 15:32:00,69.1626,69.1626,69.1428,69.1477,21266
2026-07-08 15:33:00,69.1473,69.1477,69.123,69.123,22457
2026-07-08 15:34:00,69.1279,69.1428,69.1279,69.1378,23967
2026-07-08 15:35:00,69.1329,69.1329,69.1032,69.1131,16899
2026-07-08 15:36:00,69.1131,69.118,69.1032,69.1081,17588
2026-07-08 15:37:00,69.1081,69.1329,69.1081,69.1329,18659
2026-07-08 15:38:00,69.1279,69.1329,69.1279,69.1279,11977
2026-07-08 15:39:00,69.1279,69.1279,69.0933,69.0982,25908
2026-07-08 15:40:00,69.0995,69.1032,69.0735,69.0883,31754
2026-07-08 15:41:00,69.0883,69.1032,69.0883,69.0982,29279
2026-07-08 15:42:00,69.0982,69.1032,69.0933,69.0982,9302
2026-07-08 15:43:00,69.0982,69.1279,69.0735,69.1279,41753
2026-07-08 15:44:00,69.123,69.123,69.0933,69.0982,22578
2026-07-08 15:45:00,69.1032,69.1081,69.0537,69.0586,52199
2026-07-08 15:46:00,69.0537,69.0636,69.024,69.024,32834
2026-07-08 15:47:00,69.024,69.0834,69.0141,69.0834,64845
2026-07-08 15:48:00,69.0784,69.0784,69.0487,69.0685,38086
2026-07-08 15:49:00,69.0685,69.123,69.0662,69.1081,38496
2026-07-08 15:50:00,69.1032,69.123,69.0933,69.1131,39986
2026-07-08 15:51:00,69.1081,69.1279,69.1032,69.1279,34491
2026-07-08 15:52:00,69.123,69.1329,69.1032,69.1032,31974
2026-07-08 15:53:00,69.1032,69.1196,69.1032,69.1106,59591
2026-07-08 15:54:00,69.1081,69.118,69.0834,69.1081,68346
2026-07-08 15:55:00,69.1131,69.123,69.0834,69.0883,126302
2026-07-08 15:56:00,69.0883,69.1279,69.0834,69.1279,91980
2026-07-08 15:57:00,69.1329,69.1329,69.123,69.1311,103349
2026-07-08 15:58:00,69.1279,69.1725,69.123,69.1675,136774
2026-07-08 15:59:00,69.1675,69.1923,69.1527,69.1923,250132
2026-07-09 09:30:00,69.3902,69.5288,69.3803,69.4249,306227
2026-07-09 09:31:00,69.4397,69.4496,69.3606,69.4001,34780
2026-07-09 09:32:00,69.3902,69.4496,69.3408,69.3655,41474
2026-07-09 09:33:00,69.3556,69.3853,69.2913,69.3111,27478
2026-07-09 09:34:00,69.3111,69.3111,69.222,69.2715,55311
2026-07-09 09:35:00,69.2715,69.2715,69.1923,69.2022,31490
2026-07-09 09:36:00,69.2022,69.3309,69.1923,69.2913,42259
2026-07-09 09:37:00,69.2913,69.3111,69.2022,69.2121,28161
2026-07-09 09:38:00,69.2022,69.3012,69.1972,69.2972,21785
2026-07-09 09:39:00,69.3011,69.3507,69.2616,69.3358,34522
2026-07-09 09:40:00,69.3358,69.3424,69.2913,69.3408,22598
2026-07-09 09:41:00,69.3424,69.3463,69.2764,69.2913,30969
2026-07-09 09:42:00,69.2876,69.3111,69.2814,69.2873,14303
2026-07-09 09:43:00,69.2863,69.3111,69.2517,69.2913,24913
2026-07-09 09:44:00,69.3012,69.3408,69.2913,69.3111,14376
2026-07-09 09:45:00,69.321,69.3606,69.3111,69.315,20521
2026-07-09 09:46:00,69.3276,69.3507,69.2665,69.2804,20000
2026-07-09 09:47:00,69.2764,69.2913,69.2418,69.2824,17051
2026-07-09 09:48:00,69.2913,69.3408,69.2773,69.3309,17467
2026-07-09 09:49:00,69.3309,69.3606,69.3061,69.3408,18839
2026-07-09 09:50:00,69.3259,69.3803,69.3111,69.3605,21896
2026-07-09 09:51:00,69.3507,69.3705,69.3111,69.321,14276
2026-07-09 09:52:00,69.3111,69.321,69.2566,69.2715,24750
2026-07-09 09:53:00,69.2814,69.3408,69.2715,69.3309,21630
2026-07-09 09:54:00,69.3309,69.3902,69.3309,69.3655,13672
2026-07-09 09:55:00,69.3655,69.4199,69.3655,69.41,13241
2026-07-09 09:56:00,69.41,69.4447,69.4001,69.4199,12383
2026-07-09 09:57:00,69.4199,69.4595,69.4001,69.4249,21456
2026-07-09 09:58:00,69.4199,69.4892,69.4199,69.4793,17407
2026-07-09 09:59:00,69.4744,69.5189,69.4694,69.5041,38978
2026-07-09 10:00:00,69.5041,69.515,69.4694,69.4694,17231
2026-07-09 10:01:00,69.4694,69.4744,69.4397,69.4546,11689
2026-07-09 10:02:00,69.4595,69.4595,69.4199,69.4199,6789
2026-07-09 10:03:00,69.4199,69.4792,69.4199,69.4397,13847
2026-07-09 10:04:00,69.4397,69.4892,69.4348,69.4891,13177
2026-07-09 10:05:00,69.4793,69.4843,69.4298,69.4348,19681
2026-07-09 10:06:00,69.4397,69.4694,69.4001,69.4051,17107
2026-07-09 10:07:00,69.4026,69.4199,69.3902,69.415,8434
2026-07-09 10:08:00,69.41,69.4397,69.4001,69.4249,29780
2026-07-09 10:09:00,69.4249,69.4397,69.4199,69.4199,23097
2026-07-09 10:10:00,69.4249,69.4249,69.3803,69.3952,12877
2026-07-09 10:11:00,69.3952,69.41,69.3902,69.3952,12449
2026-07-09 10:12:00,69.3952,69.3952,69.3705,69.3853,9902
2026-07-09 10:13:00,69.3853,69.3853,69.3507,69.3754,20839
2026-07-09 10:14:00,69.3754,69.4397,69.3754,69.4051,44378
2026-07-09 10:15:00,69.41,69.41,69.3705,69.3803,17772
2026-07-09 10:16:00,69.3853,69.4348,69.3853,69.4199,23862
2026-07-09 10:17:00,69.4249,69.4496,69.3952,69.4397,14566
2026-07-09 10:18:00,69.4348,69.4397,69.2814,69.3309,202674
2026-07-09 10:19:00,69.2913,69.3705,69.2863,69.3705,35538
2026-07-09 10:20:00,69.3655,69.3803,69.3507,69.3507,22259
2026-07-09 10:21:00,69.3408,69.367,69.3259,69.3604,12852
2026-07-09 10:22:00,69.3559,69.3606,69.3309,69.3457,11073
2026-07-09 10:23:00,69.3452,69.3606,69.3408,69.3507,13538
2026-07-09 10:24:00,69.3507,69.3705,69.3309,69.3408,13159
2026-07-09 10:25:00,69.3408,69.3655,69.3309,69.3655,13175
2026-07-09 10:26:00,69.3705,69.3705,69.3408,69.3556,13462
2026-07-09 10:27:00,69.3606,69.3803,69.3408,69.3556,12529
2026-07-09 10:28:00,69.3507,69.3655,69.3457,69.3655,8991
2026-07-09 10:29:00,69.3607,69.3754,69.3408,69.3606,10502
2026-07-09 10:30:00,69.3556,69.3556,69.3309,69.3408,8553
2026-07-09 10:31:00,69.3309,69.3507,69.3259,69.3259,7066
2026-07-09 10:32:00,69.321,69.321,69.2962,69.2962,9274
2026-07-09 10:33:00,69.2962,69.3111,69.2935,69.3111,13149
2026-07-09 10:34:00,69.321,69.331,69.3051,69.31,13101
2026-07-09 10:35:00,69.3061,69.321,69.3061,69.3174,9541
2026-07-09 10:36:00,69.316,69.3408,69.3111,69.3259,10226
2026-07-09 10:37:00,69.316,69.321,69.2616,69.2764,43932
2026-07-09 10:38:00,69.2764,69.2962,69.2715,69.2913,7273
2026-07-09 10:39:00,69.2962,69.3111,69.2962,69.3012,11918
2026-07-09 10:40:00,69.3012,69.3012,69.2022,69.217,62905
2026-07-09 10:41:00,69.217,69.217,69.1626,69.1675,59782
2026-07-09 10:42:00,69.1675,69.1824,69.1527,69.1725,18890
2026-07-09 10:43:00,69.1774,69.2022,69.1428,69.2022,15746
2026-07-09 10:44:00,69.2071,69.2121,69.1824,69.1824,24852
2026-07-09 10:45:00,69.1824,69.1824,69.1428,69.1429,20225
2026-07-09 10:46:00,69.1477,69.1735,69.1428,69.1527,24396
2026-07-09 10:47:00,69.1576,69.1626,69.1428,69.1626,20912
2026-07-09 10:48:00,69.1576,69.1923,69.1576,69.1774,14213
2026-07-09 10:49:00,69.1824,69.2022,69.1527,69.1625,25802
2026-07-09 10:50:00,69.1527,69.1611,69.123,69.123,14084
2026-07-09 10:51:00,69.1314,69.1314,69.0834,69.1131,46185
2026-07-09 10:52:00,69.1131,69.123,69.1032,69.123,13545
2026-07-09 10:53:00,69.123,69.123,69.1032,69.1081,13339
2026-07-09 10:54:00,69.1081,69.1183,69.0982,69.0982,12578
2026-07-09 10:55:00,69.0982,69.1032,69.0834,69.0834,24896
2026-07-09 10:56:00,69.0834,69.0982,69.0537,69.0537,43622
2026-07-09 10:57:00,69.0537,69.0735,69.0487,69.0637,14823
2026-07-09 10:58:00,69.0735,69.0784,69.019,69.0196,16807
2026-07-09 10:59:00,69.019,69.0438,69.0152,69.034,19327
2026-07-09 11:00:00,69.0388,69.0834,69.0364,69.0735,31411
2026-07-09 11:01:00,69.0685,69.0933,69.0636,69.0883,22300
2026-07-09 11:02:00,69.0883,69.1477,69.0883,69.1428,35848
2026-07-09 11:03:00,69.1378,69.1873,69.1378,69.1477,30364
2026-07-09 11:04:00,69.1477,69.1626,69.1329,69.1465,243586
2026-07-09 11:05:00,69.1477,69.1477,69.1131,69.1477,18531
2026-07-09 11:06:00,69.1477,69.1576,69.1032,69.1428,23295
2026-07-09 11:07:00,69.1428,69.1477,69.1279,69.1378,9602
2026-07-09 11:08:00,69.1428,69.1428,69.1131,69.1131,13221
2026-07-09 11:09:00,69.1229,69.1229,69.0959,69.0959,13862
2026-07-09 11:10:00,69.0982,69.1032,69.0438,69.0933,27859
2026-07-09 11:11:00,69.0883,69.1081,69.0834,69.0883,12541
2026-07-09 11:12:00,69.0921,69.0921,69.0636,69.0685,7441
2026-07-09 11:13:00,69.0685,69.0834,69.0652,69.0685,20883
2026-07-09 11:14:00,69.0685,69.0933,69.0685,69.0834,17976
2026-07-09 11:15:00,69.0784,69.0933,69.0784,69.0883,11733
2026-07-09 11:16:00,69.0933,69.0933,69.0537,69.0537,18463
2026-07-09 11:17:00,69.0596,69.0596,69.0438,69.0487,10732
2026-07-09 11:18:00,69.0487,69.0636,69.0339,69.0438,21341
2026-07-09 11:19:00,69.0487,69.0537,69.0265,69.0438,12920
2026-07-09 11:20:00,69.0487,69.0636,69.0339,69.0636,15556
2026-07-09 11:21:00,69.0685,69.0735,69.0388,69.0438,14880
2026-07-09 11:22:00,69.0388,69.0537,69.0388,69.0408,16510
2026-07-09 11:23:00,69.0388,69.0388,69.0141,69.024,12207
2026-07-09 11:24:00,69.019,69.0339,69.0141,69.0289,9135
2026-07-09 11:25:00,69.0339,69.0339,69.0141,69.0272,15967
2026-07-09 11:26:00,69.024,69.0636,69.024,69.0537,21647
2026-07-09 11:27:00,69.0537,69.0735,69.0339,69.0636,20068
2026-07-09 11:28:00,69.0633,69.0834,69.0586,69.0834,15608
2026-07-09 11:29:00,69.0784,69.0834,69.0636,69.0685,21083
2026-07-09 11:30:00,69.073,69.0834,69.0537,69.0586,15927
2026-07-09 11:31:00,69.0636,69.0933,69.0586,69.0933,15729
2026-07-09 11:32:00,69.0883,69.0932,69.0735,69.0735,14372
2026-07-09 11:33:00,69.0832,69.0832,69.0735,69.0784,15466
2026-07-09 11:34:00,69.0834,69.0883,69.0538,69.0636,21226
2026-07-09 11:35:00,69.0586,69.0933,69.0586,69.0735,18592
2026-07-09 11:36:00,69.0735,69.0933,69.0637,69.0784,10848
2026-07-09 11:37:00,69.0735,69.0784,69.0537,69.0636,25666
2026-07-09 11:38:00,69.0636,69.0685,69.0463,69.0487,8583
2026-07-09 11:39:00,69.0537,69.0537,69.0438,69.0487,7617
2026-07-09 11:40:00,69.0537,69.0537,69.0438,69.0487,6940
2026-07-09 11:41:00,69.0487,69.0633,69.0339,69.0487,19222
2026-07-09 11:42:00,69.0487,69.0636,69.0487,69.0636,8679
2026-07-09 11:43:00,69.0636,69.0933,69.0636,69.0883,8165
2026-07-09 11:44:00,69.1032,69.123,69.0933,69.1199,12952
2026-07-09 11:45:00,69.123,69.1527,69.1157,69.1477,10465
2026-07-09 11:46:00,69.1527,69.1725,69.1527,69.1723,7723
2026-07-09 11:47:00,69.1675,69.1725,69.1576,69.1576,17569
2026-07-09 11:48:00,69.1527,69.2022,69.1477,69.1778,16482
2026-07-09 11:49:00,69.1774,69.1824,69.1477,69.1477,14105
2026-07-09 11:50:00,69.1527,69.1725,69.1493,69.1526,11190
2026-07-09 11:51:00,69.1527,69.1626,69.1527,69.1626,5246
2026-07-09 11:52:00,69.1527,69.1527,69.123,69.123,8545
2026-07-09 11:53:00,69.123,69.1279,69.1032,69.1081,13534
2026-07-09 11:54:00,69.1081,69.1131,69.1032,69.1081,6827
2026-07-09 11:55:00,69.1032,69.1131,69.0933,69.1032,12673
2026-07-09 11:56:00,69.1081,69.123,69.1065,69.123,5021
2026-07-09 11:57:00,69.118,69.1329,69.1131,69.1311,14967
2026-07-09 11:58:00,69.1279,69.1326,69.1175,69.1326,11787
2026-07-09 11:59:00,69.1329,69.1626,69.1329,69.1477,20216
2026-07-09 12:00:00,69.1477,69.1626,69.1428,69.1576,12231
2026-07-09 12:01:00,69.1527,69.1527,69.1032,69.1279,29780
2026-07-09 12:02:00,69.1329,69.1427,69.118,69.118,4961
2026-07-09 12:03:00,69.123,69.1279,69.1131,69.123,5729
2026-07-09 12:04:00,69.123,69.1329,69.1229,69.1279,4257
2026-07-09 12:05:00,69.123,69.1279,69.1032,69.1032,10964
2026-07-09 12:06:00,69.1081,69.118,69.0982,69.1131,15193
2026-07-09 12:07:00,69.118,69.118,69.0735,69.0735,7957
2026-07-09 12:08:00,69.0834,69.0834,69.0636,69.078,11514
2026-07-09 12:09:00,69.0784,69.0883,69.0685,69.0883,16517
2026-07-09 12:10:00,69.0883,69.0933,69.0834,69.0933,11602
2026-07-09 12:11:00,69.0834,69.1032,69.0735,69.0982,40375
2026-07-09 12:12:00,69.0982,69.123,69.0982,69.1131,13073
2026-07-09 12:13:00,69.118,69.1279,69.1131,69.1131,7536
2026-07-09 12:14:00,69.1131,69.123,69.1081,69.118,10063
2026-07-09 12:15:00,69.123,69.1329,69.1131,69.1131,16130
2026-07-09 12:16:00,69.118,69.123,69.1081,69.1081,8800
2026-07-09 12:17:00,69.113,69.113,69.0933,69.1032,7809
2026-07-09 12:18:00,69.1032,69.123,69.0933,69.118,15836
2026-07-09 12:19:00,69.118,69.123,69.1139,69.123,5582
2026-07-09 12:20:00,69.123,69.1378,69.123,69.1279,10970
2026-07-09 12:21:00,69.1256,69.1527,69.1256,69.1527,7743
2026-07-09 12:22:00,69.1527,69.1873,69.1477,69.1477,22861
2026-07-09 12:23:00,69.1429,69.1477,69.1329,69.1383,16528
2026-07-09 12:24:00,69.1428,69.1626,69.1329,69.1626,7705
2026-07-09 12:25:00,69.1576,69.1576,69.1329,69.1428,10191
2026-07-09 12:26:00,69.1428,69.1725,69.1428,69.1527,7134
2026-07-09 12:27:00,69.1527,69.1527,69.1378,69.1378,5518
2026-07-09 12:28:00,69.1378,69.1426,69.123,69.1264,9186
2026-07-09 12:29:00,69.1255,69.1428,69.1255,69.1329,15928
2026-07-09 12:30:00,69.1329,69.1378,69.118,69.118,7268
2026-07-09 12:31:00,69.123,69.1576,69.123,69.1576,9668
2026-07-09 12:32:00,69.1527,69.1675,69.1477,69.1576,6453
2026-07-09 12:33:00,69.1579,69.1824,69.1527,69.1527,21646
2026-07-09 12:34:00,69.1527,69.1626,69.123,69.123,11887
2026-07-09 12:35:00,69.118,69.1329,69.1081,69.1279,20951
2026-07-09 12:36:00,69.1328,69.1428,69.1131,69.1131,9374
2026-07-09 12:37:00,69.118,69.123,69.1081,69.1179,11588
2026-07-09 12:38:00,69.123,69.123,69.1131,69.1214,4696
2026-07-09 12:39:00,69.1131,69.1428,69.1131,69.123,15499
2026-07-09 12:40:00,69.1329,69.1329,69.1131,69.1131,9609
2026-07-09 12:41:00,69.118,69.1428,69.1131,69.1378,9639
2026-07-09 12:42:00,69.1329,69.1527,69.1329,69.1376,9679
2026-07-09 12:43:00,69.1378,69.1923,69.1378,69.1923,9331
2026-07-09 12:44:00,69.1824,69.1824,69.1725,69.1774,6907
2026-07-09 12:45:00,69.1725,69.1774,69.1576,69.1725,10370
2026-07-09 12:46:00,69.1824,69.1824,69.1725,69.175,6539
2026-07-09 12:47:00,69.1824,69.1923,69.1772,69.1774,8959
2026-07-09 12:48:00,69.1774,69.2071,69.1726,69.2071,9142
2026-07-09 12:49:00,69.2071,69.222,69.1923,69.222,9436
2026-07-09 12:50:00,69.222,69.222,69.1873,69.1923,8973
2026-07-09 12:51:00,69.1923,69.222,69.1923,69.217,12267
2026-07-09 12:52:00,69.217,69.222,69.2121,69.217,8951
2026-07-09 12:53:00,69.217,69.2415,69.217,69.217,7786
2026-07-09 12:54:00,69.2121,69.222,69.2022,69.217,11050
2026-07-09 12:55:00,69.2121,69.217,69.1873,69.1923,10213
2026-07-09 12:56:00,69.1923,69.2319,69.1923,69.2318,21980
2026-07-09 12:57:00,69.2269,69.2418,69.222,69.239,10233
2026-07-09 12:58:00,69.2319,69.2814,69.2269,69.2764,18455
2026-07-09 12:59:00,69.2813,69.3012,69.2764,69.2864,18825
2026-07-09 13:00:00,69.2814,69.291,69.2665,69.2814,18643
2026-07-09 13:01:00,69.2814,69.3061,69.2517,69.3061,33285
2026-07-09 13:02:00,69.3061,69.321,69.2913,69.316,15353
2026-07-09 13:03:00,69.3207,69.321,69.3111,69.321,8321
2026-07-09 13:04:00,69.321,69.3408,69.321,69.3309,29746
2026-07-09 13:05:00,69.3309,69.3507,69.3309,69.3366,13594
2026-07-09 13:06:00,69.3358,69.3507,69.3309,69.3408,9479
2026-07-09 13:07:00,69.3358,69.3408,69.3309,69.3309,5858
2026-07-09 13:08:00,69.336,69.3507,69.3358,69.3507,9828
2026-07-09 13:09:00,69.3508,69.3606,69.3408,69.3585,18589
2026-07-09 13:10:00,69.3511,69.3705,69.3507,69.3606,23502
2026-07-09 13:11:00,69.3507,69.3606,69.3507,69.3556,10110
2026-07-09 13:12:00,69.3556,69.3605,69.3408,69.3457,19916
2026-07-09 13:13:00,69.3457,69.3457,69.3309,69.3457,12837
2026-07-09 13:14:00,69.3457,69.3775,69.3408,69.3754,17177
2026-07-09 13:15:00,69.3803,69.3853,69.3705,69.3853,8024
2026-07-09 13:16:00,69.3853,69.388,69.3705,69.3853,20343
2026-07-09 13:17:00,69.3853,69.3901,69.3803,69.3853,12219
2026-07-09 13:18:00,69.3803,69.3901,69.3803,69.3853,4333
2026-07-09 13:19:00,69.3853,69.3902,69.3803,69.3901,10974
2026-07-09 13:20:00,69.3803,69.3894,69.3655,69.3803,17269
2026-07-09 13:21:00,69.3788,69.3902,69.3655,69.3705,11671
2026-07-09 13:22:00,69.3754,69.3754,69.3606,69.3655,7551
2026-07-09 13:23:00,69.3655,69.3705,69.3507,69.3655,15855
2026-07-09 13:24:00,69.3655,69.3664,69.3358,69.3358,10587
2026-07-09 13:25:00,69.3309,69.3408,69.3111,69.3111,19218
2026-07-09 13:26:00,69.316,69.321,69.3012,69.3111,8112
2026-07-09 13:27:00,69.3061,69.3111,69.2962,69.3111,13727
2026-07-09 13:28:00,69.3012,69.3111,69.3012,69.3061,3171
2026-07-09 13:29:00,69.3061,69.3111,69.3012,69.3061,8495
2026-07-09 13:30:00,69.3012,69.3099,69.2913,69.2962,15512
2026-07-09 13:31:00,69.3012,69.316,69.3012,69.316,14806
2026-07-09 13:32:00,69.3111,69.3111,69.3012,69.3061,6760
2026-07-09 13:33:00,69.3055,69.317,69.3055,69.316,5963
2026-07-09 13:34:00,69.316,69.3309,69.3012,69.3283,10374
2026-07-09 13:35:00,69.3358,69.3606,69.3358,69.3507,16891
2026-07-09 13:36:00,69.3457,69.3606,69.3457,69.3556,7149
2026-07-09 13:37:00,69.3556,69.3606,69.3507,69.3606,8222
2026-07-09 13:38:00,69.3544,69.3556,69.3408,69.3408,5803
2026-07-09 13:39:00,69.3457,69.3507,69.3408,69.3457,7329
2026-07-09 13:40:00,69.3457,69.3705,69.3408,69.3705,7686
2026-07-09 13:41:00,69.3705,69.3803,69.3606,69.3705,7930
2026-07-09 13:42:00,69.3754,69.3803,69.3705,69.3705,5952
2026-07-09 13:43:00,69.3754,69.4001,69.3754,69.3999,15454
2026-07-09 13:44:00,69.3952,69.41,69.3902,69.41,12458
2026-07-09 13:45:00,69.4051,69.41,69.4001,69.4011,12614
2026-07-09 13:46:00,69.4001,69.4071,69.4001,69.4051,8500
2026-07-09 13:47:00,69.4051,69.4298,69.4051,69.42,9272
2026-07-09 13:48:00,69.4249,69.4397,69.4249,69.4397,7814
2026-07-09 13:49:00,69.4348,69.4397,69.4249,69.4348,5886
2026-07-09 13:50:00,69.4333,69.4397,69.4224,69.4298,10095
2026-07-09 13:51:00,69.4372,69.4694,69.4298,69.4645,20080
2026-07-09 13:52:00,69.4645,69.4793,69.4595,69.4793,10376
2026-07-09 13:53:00,69.4843,69.4843,69.4645,69.4843,18788
2026-07-09 13:54:00,69.4843,69.4843,69.4694,69.4694,10704
2026-07-09 13:55:00,69.473,69.4892,69.4596,69.4843,20151
2026-07-09 13:56:00,69.4843,69.5288,69.4744,69.514,43469
2026-07-09 13:57:00,69.5102,69.5189,69.5041,69.515,8774
2026-07-09 13:58:00,69.514,69.5189,69.509,69.5189,5162
2026-07-09 13:59:00,69.509,69.509,69.4892,69.4942,10599
2026-07-09 14:00:00,69.4991,69.4991,69.4843,69.4892,12281
2026-07-09 14:01:00,69.4818,69.4991,69.4818,69.499,13427
2026-07-09 14:02:00,69.4893,69.514,69.4892,69.514,13205
2026-07-09 14:03:00,69.509,69.5189,69.4991,69.514,16852
2026-07-09 14:04:00,69.514,69.5189,69.4991,69.4991,6601
2026-07-09 14:05:00,69.5041,69.5041,69.4892,69.4907,8884
2026-07-09 14:06:00,69.4942,69.4944,69.4793,69.4843,14078
2026-07-09 14:07:00,69.4892,69.509,69.4892,69.4991,12186
2026-07-09 14:08:00,69.5055,69.5055,69.4793,69.4793,12696
2026-07-09 14:09:00,69.489,69.489,69.4793,69.4843,11158
2026-07-09 14:10:00,69.4843,69.4843,69.4595,69.4693,27388
2026-07-09 14:11:00,69.473,69.473,69.4397,69.4447,16295
2026-07-09 14:12:00,69.4397,69.4546,69.4397,69.4447,13207
2026-07-09 14:13:00,69.4494,69.4594,69.4397,69.4546,18732
2026-07-09 14:14:00,69.4577,69.4793,69.4546,69.4793,18943
2026-07-09 14:15:00,69.4793,69.4793,69.4637,69.4793,22236
2026-07-09 14:16:00,69.4843,69.4892,69.4793,69.4843,13892
2026-07-09 14:17:00,69.4843,69.4991,69.4793,69.4942,20377
2026-07-09 14:18:00,69.4942,69.4991,69.4892,69.4942,11854
2026-07-09 14:19:00,69.4942,69.5269,69.4892,69.5239,28202
2026-07-09 14:20:00,69.5239,69.5288,69.5189,69.5239,6011
2026-07-09 14:21:00,69.5239,69.5783,69.5239,69.5635,34023
2026-07-09 14:22:00,69.5635,69.5684,69.5536,69.5635,14361
2026-07-09 14:23:00,69.5635,69.5684,69.5486,69.5486,8060
2026-07-09 14:24:00,69.5536,69.5585,69.5387,69.5437,7722
2026-07-09 14:25:00,69.5437,69.5486,69.5288,69.5338,17250
2026-07-09 14:26:00,69.5288,69.5288,69.5189,69.5288,16531
2026-07-09 14:27:00,69.5239,69.5288,69.5189,69.5189,7444
2026-07-09 14:28:00,69.5239,69.5287,69.509,69.509,30886
2026-07-09 14:29:00,69.514,69.514,69.4892,69.509,13712
2026-07-09 14:30:00,69.5041,69.5189,69.5041,69.514,9912
2026-07-09 14:31:00,69.514,69.5189,69.509,69.509,8896
2026-07-09 14:32:00,69.514,69.5189,69.4991,69.509,16230
2026-07-09 14:33:00,69.509,69.509,69.4793,69.4892,22089
2026-07-09 14:34:00,69.4843,69.4891,69.4595,69.4601,13198
2026-07-09 14:35:00,69.4694,69.4991,69.4694,69.4942,34533
2026-07-09 14:36:00,69.4892,69.5188,69.4892,69.4991,25486
2026-07-09 14:37:00,69.4933,69.4942,69.4645,69.4694,13930
2026-07-09 14:38:00,69.4694,69.4694,69.4496,69.4496,12401
2026-07-09 14:39:00,69.4594,69.4594,69.4298,69.4298,11129
2026-07-09 14:40:00,69.4348,69.4348,69.3878,69.41,37927
2026-07-09 14:41:00,69.4001,69.41,69.3902,69.3902,10370
2026-07-09 14:42:00,69.4001,69.41,69.3803,69.3947,36003
2026-07-09 14:43:00,69.4001,69.4051,69.3754,69.3902,32783
2026-07-09 14:44:00,69.4001,69.415,69.3952,69.4051,29284
2026-07-09 14:45:00,69.4051,69.4199,69.4001,69.415,25407
2026-07-09 14:46:00,69.41,69.4496,69.41,69.4496,14643
2026-07-09 14:47:00,69.4496,69.4496,69.41,69.4249,16258
2026-07-09 14:48:00,69.4298,69.4298,69.41,69.415,7352
2026-07-09 14:49:00,69.415,69.4198,69.3902,69.3952,16217
2026-07-09 14:50:00,69.41,69.41,69.4001,69.41,26221
2026-07-09 14:51:00,69.4199,69.4298,69.41,69.4298,12943
2026-07-09 14:52:00,69.4348,69.4496,69.4298,69.4397,13830
2026-07-09 14:53:00,69.4397,69.4397,69.4199,69.4249,7388
2026-07-09 14:54:00,69.4199,69.4397,69.4199,69.4348,7755
2026-07-09 14:55:00,69.4298,69.4348,69.415,69.4298,18726
2026-07-09 14:56:00,69.4249,69.4397,69.415,69.4249,34992
2026-07-09 14:57:00,69.4249,69.4298,69.41,69.415,11743
2026-07-09 14:58:00,69.41,69.4199,69.3952,69.4199,16277
2026-07-09 14:59:00,69.4199,69.4392,69.4199,69.4348,9702
2026-07-09 15:00:00,69.4298,69.4397,69.4298,69.4348,5618
2026-07-09 15:01:00,69.4397,69.4546,69.4397,69.4447,15666
2026-07-09 15:02:00,69.4447,69.4496,69.4298,69.4496,20103
2026-07-09 15:03:00,69.4447,69.4496,69.4348,69.4447,11000
2026-07-09 15:04:00,69.4397,69.4694,69.4397,69.4694,23968
2026-07-09 15:05:00,69.4694,69.4793,69.4645,69.4645,10981
2026-07-09 15:06:00,69.4645,69.4793,69.4496,69.4496,18241
2026-07-09 15:07:00,69.4546,69.4546,69.41,69.4199,22795
2026-07-09 15:08:00,69.415,69.4298,69.4125,69.4249,14786
2026-07-09 15:09:00,69.4199,69.4843,69.4199,69.4843,11801
2026-07-09 15:10:00,69.4843,69.4991,69.4695,69.4843,17160
2026-07-09 15:11:00,69.4892,69.4991,69.4892,69.4893,7846
2026-07-09 15:12:00,69.4926,69.4991,69.4793,69.4892,14805
2026-07-09 15:13:00,69.4892,69.509,69.4694,69.509,23682
2026-07-09 15:14:00,69.5078,69.509,69.4793,69.4793,14921
2026-07-09 15:15:00,69.4694,69.4793,69.4595,69.4744,11299
2026-07-09 15:16:00,69.4713,69.4892,69.4713,69.4892,11155
2026-07-09 15:17:00,69.4843,69.4892,69.4793,69.4852,10888
2026-07-09 15:18:00,69.4843,69.509,69.4843,69.4942,17588
2026-07-09 15:19:00,69.499,69.5239,69.4892,69.514,20801
2026-07-09 15:20:00,69.509,69.5189,69.5041,69.514,10227
2026-07-09 15:21:00,69.509,69.5288,69.5041,69.514,18693
2026-07-09 15:22:00,69.514,69.5271,69.5041,69.5189,12260
2026-07-09 15:23:00,69.5227,69.5288,69.4991,69.5041,15094
2026-07-09 15:24:00,69.509,69.5189,69.5041,69.5189,10309
2026-07-09 15:25:00,69.514,69.5288,69.509,69.5189,15518
2026-07-09 15:26:00,69.509,69.5387,69.501,69.53,25928
2026-07-09 15:27:00,69.5338,69.5387,69.5288,69.5338,8059
2026-07-09 15:28:00,69.5338,69.5387,69.5189,69.5239,13885
2026-07-09 15:29:00,69.5209,69.5239,69.509,69.509,14650
2026-07-09 15:30:00,69.509,69.509,69.4694,69.4942,28841
2026-07-09 15:31:00,69.4942,69.508,69.4892,69.4991,14434
2026-07-09 15:32:00,69.4892,69.4971,69.4694,69.4843,23532
2026-07-09 15:33:00,69.4793,69.4892,69.4694,69.4694,11382
2026-07-09 15:34:00,69.4694,69.4793,69.4397,69.4397,20780
2026-07-09 15:35:00,69.4397,69.4397,69.41,69.41,18938
2026-07-09 15:36:00,69.415,69.4546,69.415,69.4546,31394
2026-07-09 15:37:00,69.4496,69.4536,69.4397,69.4397,8503
2026-07-09 15:38:00,69.4447,69.4496,69.4397,69.4397,11401
2026-07-09 15:39:00,69.4447,69.4447,69.41,69.4249,25696
2026-07-09 15:40:00,69.4249,69.4397,69.4199,69.4353,19745
2026-07-09 15:41:00,69.4397,69.4397,69.415,69.415,15734
2026-07-09 15:42:00,69.415,69.4298,69.41,69.4249,19231
2026-07-09 15:43:00,69.4298,69.4595,69.4298,69.4496,15927
2026-07-09 15:44:00,69.4546,69.4595,69.4397,69.4397,15976
2026-07-09 15:45:00,69.4397,69.4793,69.4298,69.4546,33655
2026-07-09 15:46:00,69.4496,69.4645,69.4348,69.4546,35186
2026-07-09 15:47:00,69.4546,69.4595,69.4496,69.4546,22502
2026-07-09 15:48:00,69.4595,69.4892,69.4496,69.4694,49663
2026-07-09 15:49:00,69.4645,69.4694,69.4496,69.4546,38727
2026-07-09 15:50:00,69.4496,69.4694,69.4348,69.4487,59150
2026-07-09 15:51:00,69.4496,69.5041,69.4447,69.4744,56203
2026-07-09 15:52:00,69.4793,69.509,69.4744,69.5041,31905
2026-07-09 15:53:00,69.509,69.5536,69.4991,69.5288,55820
2026-07-09 15:54:00,69.5338,69.5536,69.4991,69.5338,53671
2026-07-09 15:55:00,69.5387,69.5536,69.5189,69.5437,79484
2026-07-09 15:56:00,69.5387,69.5585,69.5387,69.5451,61537
2026-07-09 15:57:00,69.5387,69.6179,69.5387,69.6178,137703
2026-07-09 15:58:00,69.613,69.6872,69.608,69.6724,187793
2026-07-09 15:59:00,69.6724,69.7268,69.6575,69.6872,315961
2026-07-10 09:30:00,69.4694,69.7367,69.4298,69.4991,344895
2026-07-10 09:31:00,69.4694,69.4892,69.3803,69.4053,20107
2026-07-10 09:32:00,69.4298,69.5823,69.4298,69.4892,61364
2026-07-10 09:33:00,69.4991,69.5189,69.3705,69.4001,36684
2026-07-10 09:34:00,69.4001,69.4397,69.3902,69.4199,34871
2026-07-10 09:35:00,69.4268,69.5585,69.41,69.5439,27424
2026-07-10 09:36:00,69.5486,69.5882,69.509,69.509,26453
2026-07-10 09:37:00,69.4892,69.4892,69.4496,69.4595,13898
2026-07-10 09:38:00,69.4843,69.4892,69.415,69.4298,18811
2026-07-10 09:39:00,69.4199,69.4199,69.321,69.3309,21937
2026-07-10 09:40:00,69.3408,69.4991,69.2517,69.4694,116418
2026-07-10 09:41:00,69.4675,69.4675,69.3507,69.3606,27886
2026-07-10 09:42:00,69.3685,69.3705,69.2022,69.2121,84278
2026-07-10 09:43:00,69.2022,69.2517,69.1725,69.1737,56234
2026-07-10 09:44:00,69.1725,69.1725,69.0537,69.0735,32223
2026-07-10 09:45:00,69.0834,69.1428,69.0438,69.0743,92509
2026-07-10 09:46:00,69.0636,69.1329,69.0438,69.1279,33829
2026-07-10 09:47:00,69.1329,69.1427,69.0735,69.1424,23768
2026-07-10 09:48:00,69.1329,69.1923,69.1131,69.1477,21540
2026-07-10 09:49:00,69.1477,69.1626,69.1428,69.1626,9514
2026-07-10 09:50:00,69.1626,69.2517,69.1626,69.2269,18270
2026-07-10 09:51:00,69.2269,69.2814,69.2121,69.217,24925
2026-07-10 09:52:00,69.2217,69.2913,69.2217,69.2913,21268
2026-07-10 09:53:00,69.2913,69.2962,69.2418,69.2616,21323
2026-07-10 09:54:00,69.2616,69.2701,69.2319,69.2622,13762
2026-07-10 09:55:00,69.2616,69.2913,69.2558,69.2814,13374
2026-07-10 09:56:00,69.2863,69.2913,69.1824,69.1824,29255
2026-07-10 09:57:00,69.1873,69.2022,69.1626,69.1923,12495
2026-07-10 09:58:00,69.1824,69.2418,69.1824,69.2319,21301
2026-07-10 09:59:00,69.2319,69.2814,69.222,69.2566,31320
2026-07-10 10:00:00,69.2616,69.2616,69.1824,69.2121,21962
2026-07-10 10:01:00,69.2121,69.2269,69.1774,69.1923,40229
2026-07-10 10:02:00,69.1923,69.1923,69.0834,69.0928,34336
2026-07-10 10:03:00,69.0933,69.1279,69.0878,69.102,29392
2026-07-10 10:04:00,69.1032,69.1081,69.0537,69.0685,21101
2026-07-10 10:05:00,69.0735,69.1131,69.0636,69.1131,53766
2026-07-10 10:06:00,69.118,69.123,69.0438,69.0735,52462
2026-07-10 10:07:00,69.0735,69.1428,69.0735,69.116,33083
2026-07-10 10:08:00,69.1131,69.1131,69.0685,69.0834,23452
2026-07-10 10:09:00,69.0834,69.0834,69.0141,69.0537,67968
2026-07-10 10:10:00,69.0636,69.0834,69.0438,69.0784,25287
2026-07-10 10:11:00,69.0784,69.1517,69.0784,69.1477,42281
2026-07-10 10:12:00,69.1527,69.1725,69.1168,69.118,22313
2026-07-10 10:13:00,69.123,69.1576,69.102,69.1081,36200
2026-07-10 10:14:00,69.1081,69.1131,69.0834,69.0834,19653
2026-07-10 10:15:00,69.0883,69.0883,69.0487,69.0487,24821
2026-07-10 10:16:00,69.0438,69.0537,68.9844,68.9844,82095
2026-07-10 10:17:00,68.9943,69.0141,68.9745,68.9758,28171
2026-07-10 10:18:00,68.9844,69.0141,68.9696,68.9745,23460
2026-07-10 10:19:00,68.9736,69.0042,68.925,68.925,31867
2026-07-10 10:20:00,68.93,68.9349,68.8557,68.8656,57630
2026-07-10 10:21:00,68.8607,68.8706,68.8161,68.831,39380
2026-07-10 10:22:00,68.8359,68.8359,68.6874,68.6973,86128
2026-07-10 10:23:00,68.6924,68.6973,68.5786,68.5835,106709
2026-07-10 10:24:00,68.5786,68.6033,68.5588,68.5736,71943
2026-07-10 10:25:00,68.5736,68.6577,68.5654,68.6528,42927
2026-07-10 10:26:00,68.6528,68.6775,68.6379,68.6379,23882
2026-07-10 10:27:00,68.6528,68.7122,68.628,68.7122,27366
2026-07-10 10:28:00,68.7072,68.7171,68.6528,68.6627,24436
2026-07-10 10:29:00,68.6597,68.7171,68.6528,68.6973,26539
2026-07-10 10:30:00,68.6874,68.7419,68.6528,68.6627,34580
2026-07-10 10:31:00,68.6627,68.7171,68.6627,68.6726,19721
2026-07-10 10:32:00,68.6726,68.7023,68.6478,68.6528,30831
2026-07-10 10:33:00,68.6577,68.6676,68.628,68.6325,22023
2026-07-10 10:34:00,68.633,68.6775,68.633,68.6577,34964
2026-07-10 10:35:00,68.6528,68.6528,68.6231,68.6478,19717
2026-07-10 10:36:00,68.6429,68.6478,68.5687,68.5786,37077
2026-07-10 10:37:00,68.5786,68.6577,68.5786,68.6419,67401
2026-07-10 10:38:00,68.6429,68.7467,68.6181,68.727,130779
2026-07-10 10:39:00,68.727,68.7765,68.7221,68.7419,122057
2026-07-10 10:40:00,68.7419,68.8062,68.7369,68.7488,57327
2026-07-10 10:41:00,68.7518,68.7666,68.6973,68.706,28663
2026-07-10 10:42:00,68.7023,68.7171,68.6627,68.6874,33868
2026-07-10 10:43:00,68.6973,68.7171,68.6379,68.6577,87218
2026-07-10 10:44:00,68.6602,68.732,68.6577,68.7171,63180
2026-07-10 10:45:00,68.7221,68.7934,68.7072,68.7934,58875
2026-07-10 10:46:00,68.7963,68.7963,68.7567,68.7567,22513
2026-07-10 10:47:00,68.7468,68.8161,68.7468,68.7468,107267
2026-07-10 10:48:00,68.7468,68.7567,68.7072,68.7072,14007
2026-07-10 10:49:00,68.7171,68.7171,68.6528,68.6973,78616
2026-07-10 10:50:00,68.7072,68.7503,68.7072,68.7369,16064
2026-07-10 10:51:00,68.727,68.737,68.6973,68.7369,69756
2026-07-10 10:52:00,68.7419,68.8409,68.7419,68.8013,22085
2026-07-10 10:53:00,68.7963,68.8161,68.7765,68.7864,26425
2026-07-10 10:54:00,68.7963,68.8062,68.7372,68.7467,20843
2026-07-10 10:55:00,68.7419,68.7716,68.7171,68.7518,20069
2026-07-10 10:56:00,68.7468,68.7716,68.7221,68.7716,12578
2026-07-10 10:57:00,68.7716,68.7886,68.7518,68.7864,29127
2026-07-10 10:58:00,68.7963,68.8062,68.7815,68.7962,20807
2026-07-10 10:59:00,68.7914,68.8161,68.7864,68.8087,24304
2026-07-10 11:00:00,68.8112,68.8161,68.7567,68.7914,61500
2026-07-10 11:01:00,68.7963,68.8087,68.7765,68.7765,16832
2026-07-10 11:02:00,68.7864,68.8161,68.7864,68.7914,56302
2026-07-10 11:03:00,68.7864,68.8087,68.7666,68.7765,17027
2026-07-10 11:04:00,68.7765,68.8087,68.7666,68.7765,72929
2026-07-10 11:05:00,68.7765,68.7963,68.7419,68.7864,27838
2026-07-10 11:06:00,68.7963,68.8062,68.7369,68.7756,133434
2026-07-10 11:07:00,68.7765,68.8259,68.7468,68.8161,23528
2026-07-10 11:08:00,68.826,68.8458,68.7914,68.8013,29553
2026-07-10 11:09:00,68.8062,68.8161,68.7716,68.8013,19381
2026-07-10 11:10:00,68.8062,68.826,68.7815,68.7963,162802
2026-07-10 11:11:00,68.8013,68.8161,68.7518,68.7518,26269
2026-07-10 11:12:00,68.7567,68.7567,68.7072,68.727,18349
2026-07-10 11:13:00,68.727,68.7468,68.7171,68.7369,14205
2026-07-10 11:14:00,68.7418,68.7765,68.7369,68.7468,19998
2026-07-10 11:15:00,68.737,68.7567,68.7171,68.732,32342
2026-07-10 11:16:00,68.727,68.7666,68.7171,68.7568,22850
2026-07-10 11:17:00,68.7666,68.7666,68.7419,68.7419,20346
2026-07-10 11:18:00,68.7419,68.7468,68.7171,68.7171,16020
2026-07-10 11:19:00,68.7171,68.7468,68.7171,68.727,14886
2026-07-10 11:20:00,68.727,68.7468,68.7171,68.7468,18793
2026-07-10 11:21:00,68.7468,68.7666,68.7419,68.7617,16391
2026-07-10 11:22:00,68.7666,68.7864,68.7567,68.7864,18260
2026-07-10 11:23:00,68.7864,68.7963,68.7369,68.7468,19224
2026-07-10 11:24:00,68.7468,68.826,68.727,68.7369,143474
2026-07-10 11:25:00,68.7369,68.7419,68.7072,68.727,23506
2026-07-10 11:26:00,68.727,68.727,68.7023,68.727,17768
2026-07-10 11:27:00,68.727,68.727,68.6676,68.6825,36095
2026-07-10 11:28:00,68.6874,68.7963,68.6874,68.7666,86634
2026-07-10 11:29:00,68.7666,68.7765,68.7419,68.7567,183673
2026-07-10 11:30:00,68.7567,68.7993,68.727,68.7963,195621
2026-07-10 11:31:00,68.7963,68.8359,68.7716,68.8112,30279
2026-07-10 11:32:00,68.8112,68.8755,68.8112,68.8644,20967
2026-07-10 11:33:00,68.8607,68.9151,68.8557,68.8851,21514
2026-07-10 11:34:00,68.8805,68.8854,68.8557,68.8656,28648
2026-07-10 11:35:00,68.8706,68.9052,68.8657,68.9052,21254
2026-07-10 11:36:00,68.9003,68.9349,68.9003,68.925,12003
2026-07-10 11:37:00,68.9349,68.9745,68.93,68.9597,22041
2026-07-10 11:38:00,68.9597,68.9597,68.9151,68.9201,13881
2026-07-10 11:39:00,68.9201,68.9447,68.9151,68.9447,23450
2026-07-10 11:40:00,68.9399,68.9448,68.9201,68.925,15592
2026-07-10 11:41:00,68.93,68.9399,68.8783,68.8904,26622
2026-07-10 11:42:00,68.8854,68.8854,68.8557,68.8557,13666
2026-07-10 11:43:00,68.8656,68.925,68.8656,68.9201,18129
2026-07-10 11:44:00,68.925,68.925,68.8854,68.9102,18447
2026-07-10 11:45:00,68.9151,68.9151,68.9055,68.9102,11419
2026-07-10 11:46:00,68.9102,68.9498,68.9102,68.9448,25326
2026-07-10 11:47:00,68.9448,68.9597,68.9448,68.9597,18762
2026-07-10 11:48:00,68.9646,68.9646,68.9399,68.9547,9794
2026-07-10 11:49:00,68.9498,68.9498,68.8755,68.8755,18254
2026-07-10 11:50:00,68.8805,68.8805,68.8458,68.8607,29529
2026-07-10 11:51:00,68.8656,68.8755,68.8508,68.8718,20374
2026-07-10 11:52:00,68.8706,68.8854,68.8656,68.8805,18158
2026-07-10 11:53:00,68.8755,68.9151,68.8656,68.9052,22624
2026-07-10 11:54:00,68.9052,68.9151,68.8855,68.8995,13098
2026-07-10 11:55:00,68.9052,68.9151,68.9003,68.9102,15783
2026-07-10 11:56:00,68.9151,68.93,68.9052,68.9151,25424
2026-07-10 11:57:00,68.925,68.9399,68.9151,68.93,15937
2026-07-10 11:58:00,68.929,68.9448,68.9151,68.9349,13059
2026-07-10 11:59:00,68.9399,68.9498,68.9201,68.9498,43563
2026-07-10 12:00:00,68.9547,68.9646,68.93,68.93,11097
2026-07-10 12:01:00,68.925,68.935,68.9052,68.9349,16064
2026-07-10 12:02:00,68.9399,68.9399,68.8953,68.9003,14682
2026-07-10 12:03:00,68.9052,68.9151,68.8854,68.8904,24312
2026-07-10 12:04:00,68.8855,68.8855,68.8458,68.8458,23090
2026-07-10 12:05:00,68.8508,68.8508,68.7963,68.8062,22737
2026-07-10 12:06:00,68.8063,68.8161,68.7765,68.7765,37659
2026-07-10 12:07:00,68.7765,68.8211,68.7567,68.8112,22127
2026-07-10 12:08:00,68.8128,68.826,68.7963,68.8013,16251
2026-07-10 12:09:00,68.7963,68.8217,68.7963,68.8013,11707
2026-07-10 12:10:00,68.7963,68.8013,68.7666,68.7666,14721
2026-07-10 12:11:00,68.7572,68.8013,68.7567,68.7963,20204
2026-07-10 12:12:00,68.7922,68.7963,68.7666,68.7864,7806
2026-07-10 12:13:00,68.7815,68.8013,68.7765,68.7963,11851
2026-07-10 12:14:00,68.7963,68.8013,68.7864,68.7963,22739
2026-07-10 12:15:00,68.7963,68.8062,68.7864,68.7914,6081
2026-07-10 12:16:00,68.7962,68.8211,68.7864,68.8211,12285
2026-07-10 12:17:00,68.826,68.826,68.8013,68.8112,13777
2026-07-10 12:18:00,68.8211,68.8211,68.7865,68.7865,6119
2026-07-10 12:19:00,68.7927,68.7963,68.7716,68.7864,14196
2026-07-10 12:20:00,68.7815,68.7864,68.7567,68.7617,9236
2026-07-10 12:21:00,68.7617,68.7765,68.7582,68.7666,11908
2026-07-10 12:22:00,68.7716,68.7864,68.7716,68.7864,11327
2026-07-10 12:23:00,68.7765,68.7864,68.7666,68.7667,12891
2026-07-10 12:24:00,68.7716,68.7716,68.7171,68.732,24995
2026-07-10 12:25:00,68.7369,68.7471,68.7072,68.7221,10373
2026-07-10 12:26:00,68.7221,68.7666,68.7171,68.7664,17004
2026-07-10 12:27:00,68.7651,68.7666,68.7369,68.7468,16934
2026-07-10 12:28:00,68.7617,68.7666,68.7567,68.7567,9804
2026-07-10 12:29:00,68.7617,68.7765,68.7617,68.7665,9091
2026-07-10 12:30:00,68.7567,68.7567,68.7369,68.7369,8043
2026-07-10 12:31:00,68.7468,68.7567,68.7171,68.732,17734
2026-07-10 12:32:00,68.732,68.7567,68.7171,68.7567,23139
2026-07-10 12:33:00,68.7666,68.7765,68.7567,68.7617,23990
2026-07-10 12:34:00,68.7632,68.7666,68.732,68.7369,12053
2026-07-10 12:35:00,68.7369,68.7518,68.7171,68.7171,22048
2026-07-10 12:36:00,68.7221,68.727,68.6973,68.7023,13437
2026-07-10 12:37:00,68.7072,68.7171,68.6973,68.6973,9842
2026-07-10 12:38:00,68.6973,68.7072,68.6874,68.6987,16854
2026-07-10 12:39:00,68.7023,68.7072,68.6874,68.6924,7696
2026-07-10 12:40:00,68.6924,68.7023,68.6825,68.7023,11343
2026-07-10 12:41:00,68.7072,68.7468,68.6974,68.7369,20563
2026-07-10 12:42:00,68.7369,68.7369,68.7221,68.727,17550
2026-07-10 12:43:00,68.732,68.7518,68.7171,68.7518,34647
2026-07-10 12:44:00,68.752,68.7864,68.7369,68.7764,19819
2026-07-10 12:45:00,68.7716,68.7765,68.7072,68.727,34339
2026-07-10 12:46:00,68.732,68.7567,68.732,68.7419,26596
2026-07-10 12:47:00,68.7419,68.7963,68.7419,68.7666,16713
2026-07-10 12:48:00,68.7666,68.7864,68.7468,68.7617,39052
2026-07-10 12:49:00,68.7617,68.7666,68.727,68.7419,26914
2026-07-10 12:50:00,68.7419,68.7963,68.7369,68.7963,22541
2026-07-10 12:51:00,68.7963,68.7963,68.7666,68.7676,25284
2026-07-10 12:52:00,68.7666,68.7815,68.7577,68.7623,28777
2026-07-10 12:53:00,68.7617,68.7666,68.7567,68.7617,8709
2026-07-10 12:54:00,68.7617,68.7765,68.7567,68.7666,10654
2026-07-10 12:55:00,68.7666,68.7864,68.7567,68.7666,26559
2026-07-10 12:56:00,68.7666,68.7815,68.7666,68.7815,10118
2026-07-10 12:57:00,68.7765,68.7765,68.7369,68.7369,12897
2026-07-10 12:58:00,68.7468,68.7468,68.7072,68.7072,13907
2026-07-10 12:59:00,68.7072,68.7072,68.6726,68.6775,19099
2026-07-10 13:00:00,68.6775,68.6973,68.6677,68.6924,15122
2026-07-10 13:01:00,68.6973,68.7369,68.6973,68.727,11808
2026-07-10 13:02:00,68.7369,68.7617,68.7171,68.7171,17283
2026-07-10 13:03:00,68.7171,68.7467,68.7023,68.7419,18015
2026-07-10 13:04:00,68.7419,68.7419,68.7072,68.715,26114
2026-07-10 13:05:00,68.7122,68.7221,68.6973,68.7171,15969
2026-07-10 13:06:00,68.7122,68.727,68.7122,68.7221,6857
2026-07-10 13:07:00,68.727,68.7369,68.7109,68.727,17062
2026-07-10 13:08:00,68.727,68.727,68.6973,68.6973,22586
2026-07-10 13:09:00,68.7023,68.727,68.6775,68.7171,27040
2026-07-10 13:10:00,68.727,68.7419,68.7221,68.7221,12291
2026-07-10 13:11:00,68.727,68.727,68.7072,68.7072,16732
2026-07-10 13:12:00,68.7072,68.7072,68.6874,68.7072,36812
2026-07-10 13:13:00,68.7122,68.727,68.6973,68.7221,15059
2026-07-10 13:14:00,68.7181,68.7221,68.6825,68.6928,30960
2026-07-10 13:15:00,68.6973,68.6973,68.6676,68.6676,11640
2026-07-10 13:16:00,68.6726,68.6874,68.6528,68.6775,23060
2026-07-10 13:17:00,68.675,68.683,68.6676,68.6676,13728
2026-07-10 13:18:00,68.6676,68.6676,68.6479,68.6676,8167
2026-07-10 13:19:00,68.6627,68.6874,68.6617,68.6617,13683
2026-07-10 13:20:00,68.6627,68.6762,68.6478,68.6676,19433
2026-07-10 13:21:00,68.6726,68.6874,68.6528,68.6627,34930
2026-07-10 13:22:00,68.664,68.6676,68.6379,68.6528,16673
2026-07-10 13:23:00,68.6534,68.6775,68.6534,68.6775,11930
2026-07-10 13:24:00,68.6676,68.6676,68.6528,68.6627,9092
2026-07-10 13:25:00,68.6676,68.6676,68.6518,68.6577,17335
2026-07-10 13:26:00,68.6627,68.6726,68.6577,68.6577,13754
2026-07-10 13:27:00,68.6675,68.6676,68.6577,68.6577,6818
2026-07-10 13:28:00,68.6627,68.6674,68.6478,68.6478,12250
2026-07-10 13:29:00,68.6478,68.6577,68.6379,68.6478,18292
2026-07-10 13:30:00,68.6429,68.6429,68.6082,68.633,19905
2026-07-10 13:31:00,68.633,68.6379,68.6231,68.6231,6036
2026-07-10 13:32:00,68.6231,68.6429,68.6231,68.6379,7854
2026-07-10 13:33:00,68.6379,68.6478,68.628,68.6429,8443
2026-07-10 13:34:00,68.6429,68.6577,68.638,68.6478,9180
2026-07-10 13:35:00,68.6446,68.6627,68.633,68.6627,18161
2026-07-10 13:36:00,68.6662,68.6662,68.6379,68.6429,11699
2026-07-10 13:37:00,68.638,68.6478,68.633,68.6478,10426
2026-07-10 13:38:00,68.6528,68.6528,68.6429,68.6429,12842
2026-07-10 13:39:00,68.6379,68.6433,68.628,68.6378,8970
2026-07-10 13:40:00,68.6379,68.6924,68.6379,68.6924,19542
2026-07-10 13:41:00,68.6973,68.727,68.6973,68.7235,14631
2026-07-10 13:42:00,68.7221,68.7369,68.7221,68.732,11638
2026-07-10 13:43:00,68.7369,68.7468,68.6726,68.6726,41912
2026-07-10 13:44:00,68.6726,68.7072,68.6726,68.7072,62255
2026-07-10 13:45:00,68.7042,68.7072,68.6874,68.6874,12243
2026-07-10 13:46:00,68.6973,68.7171,68.6924,68.7166,24358
2026-07-10 13:47:00,68.7122,68.7369,68.7122,68.732,18779
2026-07-10 13:48:00,68.732,68.7666,68.7271,68.7617,17964
2026-07-10 13:49:00,68.7666,68.7666,68.7419,68.7468,17372
2026-07-10 13:50:00,68.7419,68.7666,68.7414,68.7617,10477
2026-07-10 13:51:00,68.7666,68.7864,68.7518,68.7684,27681
2026-07-10 13:52:00,68.7765,68.7963,68.7765,68.7864,22914
2026-07-10 13:53:00,68.7864,68.7864,68.7369,68.7468,48439
2026-07-10 13:54:00,68.7518,68.7567,68.7082,68.7181,40558
2026-07-10 13:55:00,68.7221,68.7468,68.7221,68.7468,35918
2026-07-10 13:56:00,68.7468,68.7518,68.732,68.7369,21540
2026-07-10 13:57:00,68.727,68.7369,68.7171,68.732,43795
2026-07-10 13:58:00,68.7332,68.7567,68.732,68.7369,16858
2026-07-10 13:59:00,68.7468,68.7518,68.7171,68.727,27700
2026-07-10 14:00:00,68.7369,68.7963,68.732,68.7963,43914
2026-07-10 14:01:00,68.7864,68.8062,68.7765,68.7765,31860
2026-07-10 14:02:00,68.7815,68.8112,68.7815,68.8112,21601
2026-07-10 14:03:00,68.8112,68.8112,68.7567,68.7765,19850
2026-07-10 14:04:00,68.7827,68.7864,68.7669,68.7716,20198
2026-07-10 14:05:00,68.7765,68.8062,68.7666,68.8013,24786
2026-07-10 14:06:00,68.8013,68.8052,68.7963,68.8013,6914
2026-07-10 14:07:00,68.8018,68.8018,68.7671,68.7765,16527
2026-07-10 14:08:00,68.7716,68.7864,68.7716,68.7765,12012
2026-07-10 14:09:00,68.7765,68.7765,68.727,68.727,23635
2026-07-10 14:10:00,68.7369,68.7518,68.732,68.7379,19803
2026-07-10 14:11:00,68.7468,68.7468,68.727,68.732,10688
2026-07-10 14:12:00,68.732,68.7468,68.732,68.7468,6480
2026-07-10 14:13:00,68.7419,68.7468,68.727,68.727,9751
2026-07-10 14:14:00,68.7171,68.727,68.6924,68.7023,23885
2026-07-10 14:15:00,68.6973,68.727,68.6973,68.7221,19218
2026-07-10 14:16:00,68.727,68.732,68.7072,68.7072,11883
2026-07-10 14:17:00,68.7072,68.7147,68.6775,68.6973,22739
2026-07-10 14:18:00,68.6973,68.7072,68.6874,68.7023,12096
2026-07-10 14:19:00,68.7023,68.717,68.6973,68.7072,16876
2026-07-10 14:20:00,68.7023,68.7419,68.7023,68.7419,20460
2026-07-10 14:21:00,68.7419,68.7468,68.7369,68.7468,14619
2026-07-10 14:22:00,68.7369,68.7567,68.7369,68.7369,18764
2026-07-10 14:23:00,68.7419,68.7425,68.727,68.7369,13258
2026-07-10 14:24:00,68.727,68.727,68.7072,68.7221,9977
2026-07-10 14:25:00,68.7203,68.727,68.7203,68.7231,15597
2026-07-10 14:26:00,68.7216,68.727,68.7072,68.7221,12798
2026-07-10 14:27:00,68.7171,68.7435,68.7122,68.7419,13986
2026-07-10 14:28:00,68.7419,68.7567,68.7406,68.7567,8391
2026-07-10 14:29:00,68.7557,68.7567,68.727,68.754,15189
2026-07-10 14:30:00,68.7468,68.7963,68.7468,68.7765,15922
2026-07-10 14:31:00,68.77,68.8062,68.77,68.8013,14936
2026-07-10 14:32:00,68.7964,68.8061,68.7864,68.7963,14067
2026-07-10 14:33:00,68.7963,68.8017,68.7864,68.8013,17038
2026-07-10 14:34:00,68.8013,68.8112,68.7666,68.7765,25900
2026-07-10 14:35:00,68.7815,68.7864,68.7716,68.7815,14644
2026-07-10 14:36:00,68.7765,68.7765,68.7518,68.7524,16791
2026-07-10 14:37:00,68.7518,68.7518,68.727,68.727,17627
2026-07-10 14:38:00,68.727,68.7369,68.7171,68.7221,12331
2026-07-10 14:39:00,68.7221,68.727,68.7171,68.7171,8400
2026-07-10 14:40:00,68.7221,68.732,68.7122,68.732,15120
2026-07-10 14:41:00,68.727,68.7369,68.7212,68.727,17532
2026-07-10 14:42:00,68.7221,68.7567,68.7221,68.7518,11727
2026-07-10 14:43:00,68.7468,68.7518,68.7412,68.7518,15439
2026-07-10 14:44:00,68.7518,68.7617,68.7502,68.7617,7554
2026-07-10 14:45:00,68.7617,68.7666,68.7468,68.7518,10932
2026-07-10 14:46:00,68.7518,68.7617,68.7468,68.7518,14145
2026-07-10 14:47:00,68.7484,68.7567,68.7468,68.7529,12811
2026-07-10 14:48:00,68.7566,68.7566,68.732,68.7369,14183
2026-07-10 14:49:00,68.7369,68.7567,68.7369,68.7518,10822
2026-07-10 14:50:00,68.7518,68.7666,68.7469,68.7567,12869
2026-07-10 14:51:00,68.7617,68.7864,68.7609,68.7815,7490
2026-07-10 14:52:00,68.7864,68.7963,68.7716,68.7963,32199
2026-07-10 14:53:00,68.7914,68.7963,68.7864,68.7892,17734
2026-07-10 14:54:00,68.7914,68.7963,68.7666,68.7716,18850
2026-07-10 14:55:00,68.7716,68.8013,68.7716,68.7914,19248
2026-07-10 14:56:00,68.7962,68.8062,68.7914,68.8013,11604
2026-07-10 14:57:00,68.7963,68.7963,68.7914,68.7914,7078
2026-07-10 14:58:00,68.7914,68.7963,68.7765,68.7815,30122
2026-07-10 14:59:00,68.7765,68.7963,68.7765,68.7914,21556
2026-07-10 15:00:00,68.7914,68.8062,68.7864,68.7963,32572
2026-07-10 15:01:00,68.7963,68.8013,68.7765,68.7914,25503
2026-07-10 15:02:00,68.7864,68.8013,68.7765,68.7765,20073
2026-07-10 15:03:00,68.7804,68.7864,68.7666,68.7716,11666
2026-07-10 15:04:00,68.7716,68.7765,68.7468,68.7617,13516
2026-07-10 15:05:00,68.7567,68.7617,68.7419,68.7419,17080
2026-07-10 15:06:00,68.741,68.7666,68.741,68.7617,21315
2026-07-10 15:07:00,68.7716,68.7765,68.7567,68.7765,16213
2026-07-10 15:08:00,68.7815,68.7815,68.7617,68.7666,15678
2026-07-10 15:09:00,68.7666,68.7765,68.7666,68.7716,11849
2026-07-10 15:10:00,68.7666,68.7716,68.7518,68.7518,14000
2026-07-10 15:11:00,68.7518,68.7666,68.7518,68.7617,15091
2026-07-10 15:12:00,68.7666,68.7765,68.7617,68.7716,16721
2026-07-10 15:13:00,68.7716,68.7765,68.7567,68.7567,9583
2026-07-10 15:14:00,68.7567,68.7666,68.7369,68.7617,20446
2026-07-10 15:15:00,68.7666,68.7765,68.7567,68.7765,17591
2026-07-10 15:16:00,68.7765,68.7815,68.7518,68.7567,23778
2026-07-10 15:17:00,68.7617,68.7864,68.7567,68.7815,11970
2026-07-10 15:18:00,68.7815,68.7864,68.7765,68.7815,7055
2026-07-10 15:19:00,68.7815,68.8062,68.7815,68.7864,21291
2026-07-10 15:20:00,68.7864,68.7963,68.7765,68.7815,11140
2026-07-10 15:21:00,68.7765,68.7815,68.7666,68.7765,10261
2026-07-10 15:22:00,68.7716,68.7914,68.7716,68.7765,17359
2026-07-10 15:23:00,68.7765,68.8013,68.7716,68.7963,21381
2026-07-10 15:24:00,68.7963,68.8062,68.7963,68.8013,13624
2026-07-10 15:25:00,68.8013,68.8062,68.7864,68.7864,14561
2026-07-10 15:26:00,68.7963,68.8062,68.7914,68.7914,28725
2026-07-10 15:27:00,68.7914,68.8161,68.7864,68.8062,27124
2026-07-10 15:28:00,68.8062,68.8161,68.7864,68.8013,30635
2026-07-10 15:29:00,68.8013,68.8161,68.7815,68.7864,22818
2026-07-10 15:30:00,68.7914,68.7963,68.7864,68.7914,18295
2026-07-10 15:31:00,68.7864,68.7864,68.7666,68.7765,68880
2026-07-10 15:32:00,68.7765,68.7963,68.7765,68.7914,24559
2026-07-10 15:33:00,68.7914,68.793,68.7666,68.7765,19784
2026-07-10 15:34:00,68.7765,68.7815,68.7666,68.7765,12513
2026-07-10 15:35:00,68.7765,68.7864,68.7716,68.7815,15697
2026-07-10 15:36:00,68.7815,68.7864,68.7567,68.7617,47449
2026-07-10 15:37:00,68.7567,68.7666,68.7369,68.7617,31349
2026-07-10 15:38:00,68.7567,68.7864,68.7567,68.7716,20758
2026-07-10 15:39:00,68.7716,68.7815,68.7567,68.7666,26847
2026-07-10 15:40:00,68.7716,68.826,68.7666,68.8161,43042
2026-07-10 15:41:00,68.8161,68.8508,68.8161,68.826,36395
2026-07-10 15:42:00,68.8161,68.8359,68.8161,68.8359,36566
2026-07-10 15:43:00,68.8359,68.8805,68.826,68.8656,30476
2026-07-10 15:44:00,68.8557,68.8566,68.8062,68.8112,35855
2026-07-10 15:45:00,68.8112,68.8458,68.8013,68.8409,35879
2026-07-10 15:46:00,68.8409,68.8409,68.8062,68.8112,28269
2026-07-10 15:47:00,68.8112,68.816,68.7914,68.8135,38438
2026-07-10 15:48:00,68.8112,68.8359,68.8062,68.831,44259
2026-07-10 15:49:00,68.826,68.8359,68.8161,68.826,74079
2026-07-10 15:50:00,68.8359,68.9349,68.831,68.93,136136
2026-07-10 15:51:00,68.9349,68.9399,68.925,68.925,66467
2026-07-10 15:52:00,68.925,68.9547,68.9151,68.9349,92492
2026-07-10 15:53:00,68.9399,68.9646,68.8854,68.8904,101800
2026-07-10 15:54:00,68.8854,68.9349,68.8854,68.9003,112252
2026-07-10 15:55:00,68.9052,69.0784,68.9003,69.0636,276423
2026-07-10 15:56:00,69.0586,69.1032,69.0388,69.0883,269729
2026-07-10 15:57:00,69.1032,69.123,69.0834,69.0982,257682
2026-07-10 15:58:00,69.0982,69.1824,69.0933,69.1527,325825
2026-07-10 15:59:00,69.1477,69.1824,69.0735,69.0834,408901
2026-07-11 09:30:00,69.1923,69.2319,69.1131,69.1428,206677
2026-07-11 09:31:00,69.1428,69.2616,69.1329,69.2022,18908
2026-07-11 09:32:00,69.1923,69.2418,69.1725,69.2319,16920
2026-07-11 09:33:00,69.2319,69.2798,69.2319,69.2517,18791
2026-07-11 09:34:00,69.2428,69.2814,69.2319,69.2418,21342
2026-07-11 09:35:00,69.2517,69.3012,69.2227,69.2715,38412
2026-07-11 09:36:00,69.2715,69.2962,69.2517,69.2715,11863
2026-07-11 09:37:00,69.2715,69.2715,69.2319,69.2517,12736
2026-07-11 09:38:00,69.2616,69.2913,69.2517,69.2764,13496
2026-07-11 09:39:00,69.2715,69.3209,69.2467,69.316,25187
2026-07-11 09:40:00,69.316,69.316,69.2715,69.3012,20164
2026-07-11 09:41:00,69.2976,69.3111,69.2418,69.242,27619
2026-07-11 09:42:00,69.2517,69.2715,69.2467,69.2566,13658
2026-07-11 09:43:00,69.2566,69.2665,69.1537,69.1576,25994
2026-07-11 09:44:00,69.1527,69.1626,69.1329,69.1329,21605
2026-07-11 09:45:00,69.1378,69.1378,68.9844,68.9844,27546
2026-07-11 09:46:00,68.9844,69.0042,68.9448,68.9547,23209
2026-07-11 09:47:00,68.9498,68.9795,68.9151,68.9151,12962
2026-07-11 09:48:00,68.9102,68.9745,68.8854,68.9052,31261
2026-07-11 09:49:00,68.8953,68.9052,68.8359,68.8607,16218
2026-07-11 09:50:00,68.8607,68.8953,68.8607,68.8904,11600
2026-07-11 09:51:00,68.8854,68.9151,68.8458,68.9003,30580
2026-07-11 09:52:00,68.8854,68.9102,68.8755,68.9003,11881
2026-07-11 09:53:00,68.9151,68.9795,68.9052,68.9745,62147
2026-07-11 09:54:00,68.9745,68.9943,68.9541,68.9893,18579
2026-07-11 09:55:00,68.9893,68.9893,68.9349,68.9448,17750
2026-07-11 09:56:00,68.9437,68.9437,68.8656,68.8854,12786
2026-07-11 09:57:00,68.8708,68.9102,68.8656,68.9003,13474
2026-07-11 09:58:00,68.9003,68.9052,68.8062,68.8359,15776
2026-07-11 09:59:00,68.826,68.8463,68.8112,68.8211,22773
2026-07-11 10:00:00,68.8211,68.8211,68.7468,68.7765,28349
2026-07-11 10:01:00,68.7765,68.8161,68.7567,68.7567,32162
2026-07-11 10:02:00,68.7567,68.7666,68.7072,68.7419,29150
2026-07-11 10:03:00,68.7369,68.8159,68.727,68.727,36993
2026-07-11 10:04:00,68.727,68.7369,68.6973,68.7122,20465
2026-07-11 10:05:00,68.7171,68.8211,68.7072,68.8211,24976
2026-07-11 10:06:00,68.8161,68.826,68.7567,68.7666,25077
2026-07-11 10:07:00,68.7765,68.8458,68.7666,68.8458,21343
2026-07-11 10:08:00,68.8458,68.8706,68.826,68.8706,21742
2026-07-11 10:09:00,68.8754,68.9052,68.8656,68.8904,31482
2026-07-11 10:10:00,68.8904,68.9448,68.8904,68.9052,31543
2026-07-11 10:11:00,68.9102,68.9201,68.8656,68.9151,25172
2026-07-11 10:12:00,68.9151,68.9844,68.9151,68.9844,13390
2026-07-11 10:13:00,68.9795,69.019,68.9795,69.019,11563
2026-07-11 10:14:00,69.019,69.0438,69.0042,69.024,21426
2026-07-11 10:15:00,69.0339,69.0438,68.9943,68.9943,15800
2026-07-11 10:16:00,68.9992,69.0042,68.9696,68.9745,13208
2026-07-11 10:17:00,68.9795,68.9844,68.9547,68.9597,19281
2026-07-11 10:18:00,68.9644,68.9696,68.925,68.925,15173
2026-07-11 10:19:00,68.9201,68.925,68.8508,68.8656,42506
2026-07-11 10:20:00,68.8656,68.8656,68.8211,68.8458,21661
2026-07-11 10:21:00,68.836,68.8409,68.732,68.7468,64038
2026-07-11 10:22:00,68.7518,68.7864,68.727,68.727,55879
2026-07-11 10:23:00,68.727,68.7765,68.7171,68.7666,20722
2026-07-11 10:24:00,68.7617,68.8062,68.7617,68.7914,40214
2026-07-11 10:25:00,68.7963,68.8087,68.7666,68.7815,31921
2026-07-11 10:26:00,68.7864,68.8013,68.7518,68.7617,32026
2026-07-11 10:27:00,68.7567,68.7963,68.7567,68.7815,14011
2026-07-11 10:28:00,68.7815,68.8062,68.7468,68.7468,31147
2026-07-11 10:29:00,68.7518,68.7815,68.7171,68.7765,46671
2026-07-11 10:30:00,68.7765,68.8161,68.7716,68.8161,34054
2026-07-11 10:31:00,68.8112,68.8458,68.8013,68.831,47278
2026-07-11 10:32:00,68.8359,68.8656,68.831,68.8607,35019
2026-07-11 10:33:00,68.8597,68.8731,68.826,68.826,49927
2026-07-11 10:34:00,68.8211,68.8458,68.8062,68.8062,23849
2026-07-11 10:35:00,68.8062,68.812,68.7765,68.7914,33060
2026-07-11 10:36:00,68.7914,68.8062,68.7815,68.7864,25983
2026-07-11 10:37:00,68.7864,68.8557,68.7815,68.8458,48587
2026-07-11 10:38:00,68.8508,68.8854,68.8458,68.8706,20332
2026-07-11 10:39:00,68.8661,68.8755,68.8458,68.8458,13971
2026-07-11 10:40:00,68.8508,68.8904,68.8458,68.8854,19924
2026-07-11 10:41:00,68.8904,68.9448,68.8904,68.9448,17274
2026-07-11 10:42:00,68.9448,68.9448,68.9151,68.9201,11179
2026-07-11 10:43:00,68.9201,68.9547,68.9052,68.9052,49610
2026-07-11 10:44:00,68.9052,68.9203,68.8953,68.9151,18376
2026-07-11 10:45:00,68.9201,68.9349,68.9052,68.9151,17755
2026-07-11 10:46:00,68.9151,68.9943,68.9151,68.9893,24819
2026-07-11 10:47:00,68.987,69.0042,68.987,68.9992,9023
2026-07-11 10:48:00,68.9992,69.024,68.9943,69.019,18820
2026-07-11 10:49:00,69.021,69.021,68.9943,69.0141,17827
2026-07-11 10:50:00,69.0141,69.019,68.9943,68.9992,13327
2026-07-11 10:51:00,68.9943,69.0042,68.9844,68.9893,7647
2026-07-11 10:52:00,68.9893,69.0339,68.9893,69.0141,19805
2026-07-11 10:53:00,69.0091,69.0091,68.9845,68.9992,11476
2026-07-11 10:54:00,68.9992,69.0388,68.9943,69.0388,16875
2026-07-11 10:55:00,69.0388,69.0537,69.024,69.0487,14949
2026-07-11 10:56:00,69.0487,69.0537,69.0388,69.0487,11816
2026-07-11 10:57:00,69.0487,69.0537,69.0388,69.0487,13232
2026-07-11 10:58:00,69.0487,69.0784,69.0388,69.0735,23442
2026-07-11 10:59:00,69.0834,69.0834,69.0735,69.0834,20963
2026-07-11 11:00:00,69.0933,69.0982,69.0685,69.0784,21823
2026-07-11 11:01:00,69.0735,69.1329,69.0735,69.1328,13468
2026-07-11 11:02:00,69.1329,69.1527,69.1279,69.1279,18682
2026-07-11 11:03:00,69.1329,69.1378,69.123,69.1378,7194
2026-07-11 11:04:00,69.1428,69.1626,69.1329,69.1527,10707
2026-07-11 11:05:00,69.1626,69.1923,69.1576,69.1923,9263
2026-07-11 11:06:00,69.1972,69.2616,69.1923,69.2566,199485
2026-07-11 11:07:00,69.2566,69.2715,69.2566,69.2715,5786
2026-07-11 11:08:00,69.27,69.271,69.2518,69.2566,18128
2026-07-11 11:09:00,69.2557,69.2566,69.2418,69.2467,12125
2026-07-11 11:10:00,69.2467,69.2517,69.217,69.217,10373
2026-07-11 11:11:00,69.217,69.2319,69.1725,69.1753,26318
2026-07-11 11:12:00,69.1824,69.1873,69.1334,69.1428,17481
2026-07-11 11:13:00,69.1477,69.1527,69.1131,69.1131,6680
2026-07-11 11:14:00,69.1143,69.118,69.1032,69.1131,8761
2026-07-11 11:15:00,69.1081,69.1131,69.1032,69.113,5121
2026-07-11 11:16:00,69.1081,69.1626,69.0982,69.1576,19990
2026-07-11 11:17:00,69.1527,69.1799,69.1527,69.1675,8929
2026-07-11 11:18:00,69.1626,69.1824,69.1576,69.1774,8747
2026-07-11 11:19:00,69.1774,69.1824,69.1527,69.1675,10748
2026-07-11 11:20:00,69.1626,69.1724,69.1626,69.1675,3575
2026-07-11 11:21:00,69.1675,69.1824,69.1527,69.1774,16219
2026-07-11 11:22:00,69.1774,69.1824,69.1725,69.1774,11660
2026-07-11 11:23:00,69.1725,69.1972,69.1725,69.1873,11456
2026-07-11 11:24:00,69.1873,69.2022,69.1824,69.1925,15687
2026-07-11 11:25:00,69.1972,69.1972,69.1626,69.1767,14403
2026-07-11 11:26:00,69.1824,69.1824,69.1527,69.1576,9635
2026-07-11 11:27:00,69.1545,69.1873,69.1527,69.1873,12393
2026-07-11 11:28:00,69.1923,69.2485,69.1923,69.2485,18293
2026-07-11 11:29:00,69.2492,69.2616,69.2467,69.2566,11822
2026-07-11 11:30:00,69.2616,69.2616,69.2418,69.2467,7349
2026-07-11 11:31:00,69.2477,69.2616,69.2357,69.2373,18559
2026-07-11 11:32:00,69.2368,69.2428,69.2022,69.2071,25064
2026-07-11 11:33:00,69.2022,69.2071,69.1626,69.1627,23914
2026-07-11 11:34:00,69.1675,69.1921,69.1675,69.1774,11086
2026-07-11 11:35:00,69.1725,69.1923,69.1725,69.1824,24609
2026-07-11 11:36:00,69.1873,69.1923,69.1774,69.1873,15200
2026-07-11 11:37:00,69.1873,69.1972,69.1725,69.1923,30006
2026-07-11 11:38:00,69.1972,69.2121,69.1824,69.2022,16911
2026-07-11 11:39:00,69.1923,69.2022,69.1824,69.1873,38297
2026-07-11 11:40:00,69.1824,69.1923,69.1626,69.1626,21430
2026-07-11 11:41:00,69.1626,69.1675,69.1428,69.1626,17086
2026-07-11 11:42:00,69.1675,69.1675,69.1428,69.1527,15285
2026-07-11 11:43:00,69.1576,69.1725,69.1527,69.1576,24128
2026-07-11 11:44:00,69.1576,69.1675,69.1527,69.1675,12895
2026-07-11 11:45:00,69.1675,69.1923,69.1675,69.1873,24119
2026-07-11 11:46:00,69.1873,69.1972,69.1824,69.1972,15690
2026-07-11 11:47:00,69.1972,69.2022,69.1527,69.1675,30717
2026-07-11 11:48:00,69.1675,69.1725,69.1576,69.1724,10797
2026-07-11 11:49:00,69.1675,69.1824,69.1564,69.1626,12859
2026-07-11 11:50:00,69.1626,69.1923,69.1527,69.1675,33016
2026-07-11 11:51:00,69.1675,69.1725,69.1626,69.1675,7802
2026-07-11 11:52:00,69.1675,69.1725,69.1527,69.1576,8125
2026-07-11 11:53:00,69.1576,69.2022,69.1428,69.1972,79513
2026-07-11 11:54:00,69.2021,69.2021,69.1824,69.1873,7546
2026-07-11 11:55:00,69.1873,69.2418,69.1865,69.2416,21642
2026-07-11 11:56:00,69.2418,69.2715,69.2418,69.2616,13319
2026-07-11 11:57:00,69.2703,69.2715,69.2517,69.2665,9744
2026-07-11 11:58:00,69.2715,69.2715,69.2616,69.2665,5485
2026-07-11 11:59:00,69.2667,69.2814,69.2566,69.2616,13889
2026-07-11 12:00:00,69.2517,69.2715,69.1972,69.2022,30640
2026-07-11 12:01:00,69.2121,69.2319,69.2071,69.222,21485
2026-07-11 12:02:00,69.222,69.222,69.1725,69.1824,13460
2026-07-11 12:03:00,69.1824,69.1873,69.1576,69.1873,18127
2026-07-11 12:04:00,69.1891,69.2022,69.1824,69.2022,9052
2026-07-11 12:05:00,69.1923,69.2121,69.1824,69.2121,8566
2026-07-11 12:06:00,69.217,69.2319,69.2121,69.2121,8241
2026-07-11 12:07:00,69.222,69.222,69.1923,69.217,52285
2026-07-11 12:08:00,69.217,69.222,69.2022,69.208,9341
2026-07-11 12:09:00,69.2022,69.2071,69.1923,69.2022,13035
2026-07-11 12:10:00,69.2102,69.217,69.1923,69.1923,11910
2026-07-11 12:11:00,69.1923,69.2022,69.1824,69.1923,42337
2026-07-11 12:12:00,69.1923,69.2071,69.1873,69.1972,46616
2026-07-11 12:13:00,69.1972,69.1972,69.1824,69.1824,10116
2026-07-11 12:14:00,69.1824,69.1824,69.1428,69.1428,14393
2026-07-11 12:15:00,69.1428,69.1527,69.1131,69.118,19172
2026-07-11 12:16:00,69.123,69.1428,69.123,69.1329,12308
2026-07-11 12:17:00,69.1378,69.1477,69.1329,69.1378,13146
2026-07-11 12:18:00,69.1378,69.1625,69.1378,69.1576,15485
2026-07-11 12:19:00,69.1576,69.1626,69.1527,69.1576,3581
2026-07-11 12:20:00,69.1576,69.1725,69.1559,69.1675,10961
2026-07-11 12:21:00,69.1675,69.2022,69.1626,69.2022,10046
2026-07-11 12:22:00,69.1987,69.217,69.1923,69.1923,15243
2026-07-11 12:23:00,69.1923,69.2022,69.1825,69.1923,8226
2026-07-11 12:24:00,69.1923,69.2022,69.1923,69.1957,9214
2026-07-11 12:25:00,69.1923,69.1923,69.1725,69.1774,8680
2026-07-11 12:26:00,69.1824,69.1824,69.174,69.174,4128
2026-07-11 12:27:00,69.1774,69.1923,69.1774,69.1873,7095
2026-07-11 12:28:00,69.1844,69.1923,69.1824,69.1873,3698
2026-07-11 12:29:00,69.1824,69.1923,69.1824,69.1873,4496
2026-07-11 12:30:00,69.1873,69.2022,69.1873,69.1972,5580
2026-07-11 12:31:00,69.1972,69.2022,69.1923,69.1972,6240
2026-07-11 12:32:00,69.1972,69.2022,69.1923,69.1925,2988
2026-07-11 12:33:00,69.1972,69.2071,69.1966,69.2022,10055
2026-07-11 12:34:00,69.2022,69.2121,69.1824,69.1898,11102
2026-07-11 12:35:00,69.1873,69.2022,69.1873,69.1972,8588
2026-07-11 12:36:00,69.1972,69.217,69.1924,69.217,7716
2026-07-11 12:37:00,69.222,69.2418,69.222,69.2368,7766
2026-07-11 12:38:00,69.2369,69.2517,69.2319,69.2517,13782
2026-07-11 12:39:00,69.2467,69.2467,69.2418,69.2467,3599
2026-07-11 12:40:00,69.2467,69.2665,69.2418,69.2566,13799
2026-07-11 12:41:00,69.2566,69.2715,69.217,69.217,15037
2026-07-11 12:42:00,69.217,69.2319,69.2166,69.222,16444
2026-07-11 12:43:00,69.222,69.222,69.2121,69.2121,14230
2026-07-11 12:44:00,69.2121,69.222,69.1923,69.2022,13068
2026-07-11 12:45:00,69.1972,69.1972,69.1774,69.1873,6803
2026-07-11 12:46:00,69.1873,69.1923,69.1824,69.1825,5580
2026-07-11 12:47:00,69.1873,69.1923,69.1824,69.1922,4413
2026-07-11 12:48:00,69.1873,69.1873,69.1477,69.1675,20223
2026-07-11 12:49:00,69.1675,69.1724,69.1329,69.1329,26429
2026-07-11 12:50:00,69.1279,69.1329,69.0834,69.0933,26916
2026-07-11 12:51:00,69.0932,69.1032,69.0834,69.0933,20434
2026-07-11 12:52:00,69.0933,69.1081,69.0933,69.1022,8371
2026-07-11 12:53:00,69.095,69.1428,69.095,69.1378,19512
2026-07-11 12:54:00,69.1375,69.1626,69.123,69.123,18307
2026-07-11 12:55:00,69.123,69.1282,69.1131,69.1172,10345
2026-07-11 12:56:00,69.118,69.1329,69.1032,69.1329,15800
2026-07-11 12:57:00,69.1279,69.1378,69.123,69.1279,7644
2026-07-11 12:58:00,69.1286,69.1286,69.118,69.1279,6871
2026-07-11 12:59:00,69.1279,69.1329,69.123,69.1279,4397
2026-07-11 13:00:00,69.1279,69.1477,69.1279,69.1438,9943
2026-07-11 13:01:00,69.1477,69.1527,69.1428,69.1477,10190
2026-07-11 13:02:00,69.1477,69.1527,69.1378,69.1477,5500
2026-07-11 13:03:00,69.1477,69.1626,69.1378,69.1527,6858
2026-07-11 13:04:00,69.1576,69.1576,69.1329,69.1526,13114
2026-07-11 13:05:00,69.1428,69.1477,69.1081,69.123,15139
2026-07-11 13:06:00,69.1279,69.1401,69.1177,69.1177,7085
2026-07-11 13:07:00,69.118,69.123,69.0834,69.0834,10223
2026-07-11 13:08:00,69.0834,69.0943,69.0834,69.0943,8504
2026-07-11 13:09:00,69.0982,69.1032,69.0933,69.0996,5314
2026-07-11 13:10:00,69.0982,69.1134,69.0933,69.1081,21638
2026-07-11 13:11:00,69.1131,69.1329,69.1081,69.1279,8883
2026-07-11 13:12:00,69.1329,69.1428,69.1279,69.1378,10266
2026-07-11 13:13:00,69.1378,69.1428,69.1329,69.1378,9251
2026-07-11 13:14:00,69.1378,69.1428,69.1329,69.1378,10048
2026-07-11 13:15:00,69.1378,69.1527,69.1329,69.1428,14676
2026-07-11 13:16:00,69.1527,69.1626,69.1527,69.1527,6688
2026-07-11 13:17:00,69.1576,69.1626,69.1335,69.1428,30668
2026-07-11 13:18:00,69.1378,69.1428,69.1378,69.1378,15793
2026-07-11 13:19:00,69.1378,69.1428,69.1329,69.1378,8226
2026-07-11 13:20:00,69.1378,69.1378,69.123,69.1329,46911
2026-07-11 13:21:00,69.1329,69.1329,69.0834,69.123,34404
2026-07-11 13:22:00,69.1131,69.118,69.1032,69.1081,10819
2026-07-11 13:23:00,69.1131,69.1329,69.1081,69.1329,10409
2026-07-11 13:24:00,69.1238,69.1309,69.118,69.1279,9934
2026-07-11 13:25:00,69.1329,69.1428,69.1241,69.1329,18992
2026-07-11 13:26:00,69.1231,69.1231,69.0982,69.1032,7309
2026-07-11 13:27:00,69.1032,69.1131,69.0982,69.1131,4073
2026-07-11 13:28:00,69.1081,69.1131,69.1071,69.1131,3602
2026-07-11 13:29:00,69.1131,69.1279,69.1081,69.1279,6050
2026-07-11 13:30:00,69.1272,69.1272,69.0834,69.1081,23340
2026-07-11 13:31:00,69.1081,69.1378,69.1081,69.1378,22580
2026-07-11 13:32:00,69.1378,69.1626,69.1329,69.1527,12487
2026-07-11 13:33:00,69.1527,69.1576,69.1454,69.1527,7488
2026-07-11 13:34:00,69.1576,69.1724,69.1378,69.1378,17200
2026-07-11 13:35:00,69.1378,69.1626,69.1378,69.1626,22336
2026-07-11 13:36:00,69.1576,69.1824,69.1576,69.1675,10417
2026-07-11 13:37:00,69.1725,69.1725,69.1675,69.1675,19166
2026-07-11 13:38:00,69.1725,69.1824,69.1626,69.1824,12199
2026-07-11 13:39:00,69.1725,69.1923,69.1725,69.1824,10524
2026-07-11 13:40:00,69.1725,69.1774,69.1675,69.1774,7382
2026-07-11 13:41:00,69.1774,69.1873,69.1725,69.1873,10945
2026-07-11 13:42:00,69.1873,69.1923,69.1428,69.1527,17988
2026-07-11 13:43:00,69.1527,69.1626,69.1428,69.1477,11591
2026-07-11 13:44:00,69.1428,69.1477,69.123,69.1279,10548
2026-07-11 13:45:00,69.123,69.123,69.0834,69.0834,13774
2026-07-11 13:46:00,69.0735,69.0735,69.0537,69.0685,22799
2026-07-11 13:47:00,69.0735,69.0883,69.0636,69.0836,16451
2026-07-11 13:48:00,69.0834,69.0933,69.0834,69.0933,10496
2026-07-11 13:49:00,69.0883,69.0982,69.0834,69.0933,17036
2026-07-11 13:50:00,69.0933,69.0933,69.0685,69.0734,18019
2026-07-11 13:51:00,69.0636,69.0834,69.0636,69.0644,12419
2026-07-11 13:52:00,69.0636,69.0735,69.0586,69.0586,4435
2026-07-11 13:53:00,69.0586,69.0636,69.024,69.0289,25585
2026-07-11 13:54:00,69.0289,69.0388,69.0142,69.0339,13770
2026-07-11 13:55:00,69.0438,69.0537,69.0438,69.0487,27311
2026-07-11 13:56:00,69.0487,69.0537,69.0289,69.0289,18128
2026-07-11 13:57:00,69.0289,69.0289,68.9943,68.9943,27573
2026-07-11 13:58:00,68.9943,68.9944,68.9646,68.9696,17054
2026-07-11 13:59:00,68.9646,68.9745,68.925,68.925,12435
2026-07-11 14:00:00,68.9349,68.9349,68.9102,68.925,23984
2026-07-11 14:01:00,68.93,68.9447,68.9251,68.9349,7911
2026-07-11 14:02:00,68.925,68.9448,68.9151,68.9349,42822
2026-07-11 14:03:00,68.93,68.9349,68.9053,68.915,10451
2026-07-11 14:04:00,68.9052,68.925,68.8953,68.9191,13117
2026-07-11 14:05:00,68.925,68.9597,68.9201,68.9547,11976
2026-07-11 14:06:00,68.9597,68.9646,68.9498,68.9498,10980
2026-07-11 14:07:00,68.9498,68.9646,68.925,68.925,13144
2026-07-11 14:08:00,68.9151,68.9547,68.9151,68.9349,16035
2026-07-11 14:09:00,68.9349,68.9844,68.9349,68.9745,25014
2026-07-11 14:10:00,68.9795,68.9943,68.9745,68.9942,12114
2026-07-11 14:11:00,68.9893,68.9943,68.9745,68.9745,6731
2026-07-11 14:12:00,68.9795,68.9844,68.9745,68.9795,7229
2026-07-11 14:13:00,68.9745,68.9844,68.9646,68.9795,7565
2026-07-11 14:14:00,68.9745,68.9992,68.9696,68.9992,14366
2026-07-11 14:15:00,69.0042,69.0042,68.9844,68.9844,12233
2026-07-11 14:16:00,68.9893,69.019,68.9893,69.019,14250
2026-07-11 14:17:00,69.019,69.0313,69.0141,69.0141,10196
2026-07-11 14:18:00,69.019,69.024,69.0042,69.0091,10431
2026-07-11 14:19:00,69.0091,69.0339,69.0091,69.019,14028
2026-07-11 14:20:00,69.024,69.0339,69.019,69.024,10746
2026-07-11 14:21:00,69.0289,69.0388,69.019,69.0339,15995
2026-07-11 14:22:00,69.0339,69.0586,69.0289,69.0586,14364
2026-07-11 14:23:00,69.0586,69.0614,69.0438,69.0487,5290
2026-07-11 14:24:00,69.0487,69.0487,69.0141,69.019,17129
2026-07-11 14:25:00,69.019,69.019,68.9943,68.9992,20000
2026-07-11 14:26:00,69.0042,69.0042,68.9943,68.9992,11298
2026-07-11 14:27:00,69.0042,69.024,68.9992,69.024,15595
2026-07-11 14:28:00,69.019,69.024,68.9745,68.9795,14283
2026-07-11 14:29:00,68.9745,68.9992,68.9597,68.9745,39289
2026-07-11 14:30:00,68.9696,68.9696,68.9448,68.9547,7998
2026-07-11 14:31:00,68.9646,68.9646,68.9349,68.9498,12257
2026-07-11 14:32:00,68.9448,68.9498,68.9052,68.9151,24859
2026-07-11 14:33:00,68.9201,68.925,68.8755,68.8755,33422
2026-07-11 14:34:00,68.8854,68.8854,68.8607,68.8607,22803
2026-07-11 14:35:00,68.8656,68.8656,68.8359,68.8409,32835
2026-07-11 14:36:00,68.8409,68.8508,68.831,68.8409,19978
2026-07-11 14:37:00,68.8359,68.8458,68.7963,68.8161,69641
2026-07-11 14:38:00,68.8163,68.826,68.7963,68.8062,14826
2026-07-11 14:39:00,68.8112,68.8161,68.7765,68.7893,35483
2026-07-11 14:40:00,68.7963,68.8061,68.7666,68.7815,39347
2026-07-11 14:41:00,68.7864,68.8013,68.7717,68.8013,27134
2026-07-11 14:42:00,68.8062,68.831,68.7765,68.826,26194
2026-07-11 14:43:00,68.8359,68.8359,68.7864,68.826,21334
2026-07-11 14:44:00,68.8359,68.8656,68.831,68.8656,12815
2026-07-11 14:45:00,68.8557,68.8557,68.826,68.854,21249
2026-07-11 14:46:00,68.8496,68.8557,68.8359,68.846,17321
2026-07-11 14:47:00,68.8458,68.8458,68.826,68.8359,25132
2026-07-11 14:48:00,68.8359,68.8508,68.826,68.8263,20041
2026-07-11 14:49:00,68.831,68.8323,68.826,68.831,5705
2026-07-11 14:50:00,68.831,68.8485,68.8211,68.8294,31675
2026-07-11 14:51:00,68.831,68.8409,68.8161,68.8161,13104
2026-07-11 14:52:00,68.8062,68.8161,68.8062,68.8161,14160
2026-07-11 14:53:00,68.8162,68.826,68.8062,68.8259,12058
2026-07-11 14:54:00,68.8211,68.826,68.8013,68.8062,9972
2026-07-11 14:55:00,68.8062,68.8161,68.7785,68.7815,70495
2026-07-11 14:56:00,68.7815,68.8062,68.7666,68.7765,20803
2026-07-11 14:57:00,68.7765,68.8062,68.7765,68.7963,23747
2026-07-11 14:58:00,68.7914,68.8062,68.7864,68.7914,12526
2026-07-11 14:59:00,68.7914,68.7962,68.7716,68.7716,23436
2026-07-11 15:00:00,68.7716,68.7864,68.7617,68.7765,32435
2026-07-11 15:01:00,68.7864,68.8062,68.7815,68.8013,26108
2026-07-11 15:02:00,68.8062,68.8162,68.7914,68.8013,30158
2026-07-11 15:03:00,68.7988,68.8062,68.7815,68.7815,21140
2026-07-11 15:04:00,68.7765,68.7963,68.7765,68.7914,15883
2026-07-11 15:05:00,68.7914,68.7963,68.7815,68.7963,16645
2026-07-11 15:06:00,68.7963,68.8062,68.7914,68.7963,24807
2026-07-11 15:07:00,68.7963,68.8259,68.7963,68.8172,18420
2026-07-11 15:08:00,68.8161,68.8359,68.8161,68.826,15562
2026-07-11 15:09:00,68.831,68.8557,68.826,68.8458,41295
2026-07-11 15:10:00,68.8508,68.8953,68.8508,68.8904,14815
2026-07-11 15:11:00,68.8904,68.8953,68.8805,68.8805,22605
2026-07-11 15:12:00,68.8755,68.8805,68.8607,68.8607,13799
2026-07-11 15:13:00,68.8607,68.8854,68.8607,68.8755,18817
2026-07-11 15:14:00,68.8706,68.8854,68.8656,68.8805,12085
2026-07-11 15:15:00,68.876,68.8854,68.8706,68.8805,12031
2026-07-11 15:16:00,68.8795,68.8854,68.8755,68.8755,23827
2026-07-11 15:17:00,68.8801,68.8953,68.8801,68.8854,12558
2026-07-11 15:18:00,68.8854,68.8953,68.8607,68.8716,32834
2026-07-11 15:19:00,68.8706,68.8706,68.826,68.8458,33345
2026-07-11 15:20:00,68.8508,68.8656,68.8359,68.8656,23211
2026-07-11 15:21:00,68.8656,68.8854,68.8508,68.8805,31845
2026-07-11 15:22:00,68.8854,68.9052,68.8557,68.8854,43347
2026-07-11 15:23:00,68.8904,68.9052,68.8557,68.9003,21097
2026-07-11 15:24:00,68.9003,68.9052,68.8656,68.8953,63347
2026-07-11 15:25:00,68.9003,68.9052,68.8805,68.9003,34962
2026-07-11 15:26:00,68.9003,68.9052,68.8805,68.8805,25395
2026-07-11 15:27:00,68.8853,68.8904,68.8755,68.8805,14697
2026-07-11 15:28:00,68.8805,68.8904,68.8755,68.8854,12335
2026-07-11 15:29:00,68.8854,68.8854,68.8656,68.8817,18581
2026-07-11 15:30:00,68.8755,68.8904,68.8656,68.8656,17871
2026-07-11 15:31:00,68.8607,68.8607,68.8162,68.8359,30510
2026-07-11 15:32:00,68.8359,68.8458,68.826,68.831,15976
2026-07-11 15:33:00,68.8359,68.8458,68.831,68.8457,36812
2026-07-11 15:34:00,68.8409,68.8557,68.831,68.8359,22642
2026-07-11 15:35:00,68.8359,68.8557,68.8261,68.8458,28470
2026-07-11 15:36:00,68.8508,68.8656,68.836,68.8607,29594
2026-07-11 15:37:00,68.8656,68.8706,68.8458,68.8458,27665
2026-07-11 15:38:00,68.8458,68.8607,68.8211,68.8557,35498
2026-07-11 15:39:00,68.8607,68.8656,68.8458,68.8508,18259
2026-07-11 15:40:00,68.8458,68.8458,68.8062,68.8112,19851
2026-07-11 15:41:00,68.8112,68.8112,68.7764,68.7765,46429
2026-07-11 15:42:00,68.7764,68.7815,68.7567,68.7712,39447
2026-07-11 15:43:00,68.7666,68.7666,68.6825,68.6825,86008
2026-07-11 15:44:00,68.6825,68.6973,68.6577,68.6924,73038
2026-07-11 15:45:00,68.6973,68.7122,68.6379,68.6528,57107
2026-07-11 15:46:00,68.6627,68.7171,68.6627,68.7072,44209
2026-07-11 15:47:00,68.7122,68.7122,68.6874,68.6874,20822
2026-07-11 15:48:00,68.6924,68.6924,68.6676,68.6775,57423
2026-07-11 15:49:00,68.6775,68.6775,68.6132,68.6181,54620
2026-07-11 15:50:00,68.6181,68.6181,68.5192,68.539,154385
2026-07-11 15:51:00,68.5439,68.5835,68.5192,68.5835,90030
2026-07-11 15:52:00,68.5884,68.6033,68.5588,68.5637,52604
2026-07-11 15:53:00,68.5637,68.5786,68.534,68.5736,80511
2026-07-11 15:54:00,68.5736,68.6181,68.5736,68.5984,108542
2026-07-11 15:55:00,68.5983,68.5983,68.5093,68.5291,111225
2026-07-11 15:56:00,68.5291,68.534,68.4994,68.5142,92548
2026-07-11 15:57:00,68.5241,68.5241,68.4796,68.4895,109642
2026-07-11 15:58:00,68.4895,68.5093,68.4697,68.5043,158126
2026-07-11 15:59:00,68.5093,68.5884,68.4895,68.5786,487579
2026-07-14 09:30:00,68.5983,68.7369,68.5983,68.7221,200338
2026-07-14 09:31:00,68.7122,68.826,68.6973,68.826,26182
2026-07-14 09:32:00,68.8112,68.826,68.6676,68.6874,31304
2026-07-14 09:33:00,68.6775,68.7864,68.6577,68.7369,19937
2026-07-14 09:34:00,68.732,68.824,68.7171,68.8161,19353
2026-07-14 09:35:00,68.8161,68.8161,68.7072,68.7765,19169
2026-07-14 09:36:00,68.7963,68.9201,68.7815,68.9201,30943
2026-07-14 09:37:00,68.925,68.9349,68.8755,68.8854,18261
2026-07-14 09:38:00,68.8854,68.9052,68.8161,68.8161,16058
2026-07-14 09:39:00,68.826,68.9893,68.826,68.9893,25523
2026-07-14 09:40:00,68.9893,69.0784,68.925,69.0091,39011
2026-07-14 09:41:00,69.0042,69.0834,69.0042,69.022,31512
2026-07-14 09:42:00,69.0239,69.0791,69.0239,69.0784,18897
2026-07-14 09:43:00,69.0834,69.0933,69.0537,69.0784,21355
2026-07-14 09:44:00,69.0834,69.1725,69.0834,69.123,40398
2026-07-14 09:45:00,69.1131,69.1823,69.0537,69.0636,38781
2026-07-14 09:46:00,69.0685,69.1428,69.0537,69.0636,23054
2026-07-14 09:47:00,69.0586,69.0586,69.0141,69.0165,15933
2026-07-14 09:48:00,69.0141,69.0487,68.9745,69.0487,23600
2026-07-14 09:49:00,69.0537,69.0685,68.9745,68.9745,20273
2026-07-14 09:50:00,68.9745,68.9745,68.8359,68.8458,27016
2026-07-14 09:51:00,68.8359,68.8656,68.8162,68.8458,22468
2026-07-14 09:52:00,68.8656,68.8953,68.8359,68.8359,20920
2026-07-14 09:53:00,68.8458,68.8755,68.8161,68.8161,11387
2026-07-14 09:54:00,68.826,68.8458,68.727,68.732,29351
2026-07-14 09:55:00,68.727,68.8656,68.7072,68.836,15629
2026-07-14 09:56:00,68.8359,68.8557,68.7765,68.7993,25491
2026-07-14 09:57:00,68.8062,68.8755,68.8013,68.8656,14504
2026-07-14 09:58:00,68.8656,68.9052,68.8656,68.8706,9339
2026-07-14 09:59:00,68.8706,68.9547,68.8656,68.9547,37835
2026-07-14 10:00:00,68.9547,68.9646,68.9151,68.925,29620
2026-07-14 10:01:00,68.925,68.9448,68.9003,68.9399,16020
2026-07-14 10:02:00,68.9399,68.9696,68.9003,68.9102,22569
2026-07-14 10:03:00,68.9102,68.9349,68.8854,68.8854,20036
2026-07-14 10:04:00,68.8904,68.9052,68.8755,68.8805,17165
2026-07-14 10:05:00,68.8854,68.925,68.8758,68.9102,16780
2026-07-14 10:06:00,68.9151,68.925,68.8805,68.8854,13818
2026-07-14 10:07:00,68.8904,68.9052,68.8508,68.8557,19088
2026-07-14 10:08:00,68.8508,68.8557,68.8359,68.8508,21353
2026-07-14 10:09:00,68.8458,68.8607,68.8359,68.8557,13785
2026-07-14 10:10:00,68.8458,68.9102,68.8409,68.9102,18197
2026-07-14 10:11:00,68.9052,68.9201,68.8904,68.8953,16650
2026-07-14 10:12:00,68.8953,68.9151,68.8755,68.8755,26352
2026-07-14 10:13:00,68.8706,68.8706,68.8458,68.8508,9514
2026-07-14 10:14:00,68.8508,68.9349,68.8458,68.93,74410
2026-07-14 10:15:00,68.9349,68.9745,68.93,68.9597,15248
2026-07-14 10:16:00,68.9547,69.024,68.9498,68.9696,36514
2026-07-14 10:17:00,68.9698,68.9844,68.9548,68.9597,17316
2026-07-14 10:18:00,68.9597,69.0141,68.9597,69.0091,55356
2026-07-14 10:19:00,69.0042,69.0091,68.9744,68.9744,13075
2026-07-14 10:20:00,68.9696,68.9844,68.9498,68.9704,15635
2026-07-14 10:21:00,68.9696,69.0091,68.9498,68.9498,20974
2026-07-14 10:22:00,68.9448,68.9646,68.9201,68.9547,12863
2026-07-14 10:23:00,68.9448,68.9547,68.9052,68.93,20501
2026-07-14 10:24:00,68.93,68.9745,68.93,68.9547,20688
2026-07-14 10:25:00,68.9448,68.9893,68.9448,68.9893,13000
2026-07-14 10:26:00,68.9844,69.0438,68.9745,69.0388,13190
2026-07-14 10:27:00,69.0339,69.0834,69.0289,69.0834,25052
2026-07-14 10:28:00,69.0834,69.118,69.0685,69.0933,48139
2026-07-14 10:29:00,69.099,69.123,69.0883,69.123,17135
2026-07-14 10:30:00,69.123,69.1576,69.1045,69.1477,21989
2026-07-14 10:31:00,69.1527,69.1725,69.1477,69.1576,33648
2026-07-14 10:32:00,69.1576,69.1626,69.0784,69.1231,15933
2026-07-14 10:33:00,69.1279,69.1428,69.0835,69.1131,32695
2026-07-14 10:34:00,69.1131,69.1131,69.0933,69.0933,18600
2026-07-14 10:35:00,69.1032,69.1032,69.0883,69.0982,21821
2026-07-14 10:36:00,69.0982,69.118,69.0735,69.1032,32705
2026-07-14 10:37:00,69.0933,69.0933,69.0586,69.0784,13273
2026-07-14 10:38:00,69.0784,69.0933,69.0537,69.0537,12652
2026-07-14 10:39:00,69.0586,69.0636,69.0289,69.0438,10285
2026-07-14 10:40:00,69.0388,69.0438,69.0042,69.0339,18999
2026-07-14 10:41:00,69.0537,69.1081,69.0537,69.0637,28796
2026-07-14 10:42:00,69.0685,69.0933,69.0685,69.0883,8625
2026-07-14 10:43:00,69.0933,69.1279,69.0883,69.1279,15501
2026-07-14 10:44:00,69.123,69.1626,69.118,69.1428,18843
2026-07-14 10:45:00,69.1527,69.1626,69.1428,69.1576,14960
2026-07-14 10:46:00,69.1591,69.1591,69.1032,69.1032,11001
2026-07-14 10:47:00,69.1032,69.1093,69.0735,69.0883,12078
2026-07-14 10:48:00,69.0883,69.0933,69.0487,69.0735,11609
2026-07-14 10:49:00,69.0784,69.1216,69.0784,69.118,10720
2026-07-14 10:50:00,69.1131,69.1329,69.0933,69.123,18109
2026-07-14 10:51:00,69.1279,69.1329,69.1191,69.123,12500
2026-07-14 10:52:00,69.123,69.123,69.0784,69.0933,10286
2026-07-14 10:53:00,69.0847,69.1032,69.0784,69.0982,12326
2026-07-14 10:54:00,69.0982,69.1032,69.0834,69.0933,10545
2026-07-14 10:55:00,69.0982,69.1032,69.0883,69.0883,11406
2026-07-14 10:56:00,69.0933,69.123,69.0834,69.1203,16422
2026-07-14 10:57:00,69.123,69.1725,69.118,69.1675,14086
2026-07-14 10:58:00,69.1725,69.1725,69.1428,69.1477,30006
2026-07-14 10:59:00,69.1428,69.1428,69.1131,69.1378,21738
2026-07-14 11:00:00,69.1378,69.1428,69.0735,69.0846,45869
2026-07-14 11:01:00,69.0834,69.1032,69.0537,69.0635,14592
2026-07-14 11:02:00,69.0685,69.0735,69.0042,69.0388,25949
2026-07-14 11:03:00,69.0388,69.0388,68.9943,68.9943,14144
2026-07-14 11:04:00,69.0003,69.0003,68.9547,68.9646,24315
2026-07-14 11:05:00,68.9646,69.0042,68.9646,69.0042,13955
2026-07-14 11:06:00,69.0141,69.0537,69.0042,69.0042,13332
2026-07-14 11:07:00,69.0141,69.0438,69.0141,69.0388,7653
2026-07-14 11:08:00,69.0388,69.0438,69.0185,69.0289,11266
2026-07-14 11:09:00,69.0289,69.0438,69.024,69.0388,7850
2026-07-14 11:10:00,69.0388,69.0438,69.0091,69.024,13921
2026-07-14 11:11:00,69.024,69.0586,69.024,69.0586,5724
2026-07-14 11:12:00,69.0537,69.0585,69.0339,69.0388,10707
2026-07-14 11:13:00,69.0339,69.0636,69.024,69.0636,10649
2026-07-14 11:14:00,69.0636,69.0636,68.9943,69.0141,10188
2026-07-14 11:15:00,69.019,69.0487,69.019,69.0388,7579
2026-07-14 11:16:00,69.0339,69.0735,69.0339,69.0735,11712
2026-07-14 11:17:00,69.0784,69.0834,69.0438,69.0537,15662
2026-07-14 11:18:00,69.0487,69.0883,69.0487,69.0685,8473
2026-07-14 11:19:00,69.0685,69.0685,69.0487,69.0487,9957
2026-07-14 11:20:00,69.0537,69.0735,69.024,69.0735,7793
2026-07-14 11:21:00,69.0834,69.1032,69.0784,69.0982,9235
2026-07-14 11:22:00,69.0933,69.1032,69.0834,69.0892,9453
2026-07-14 11:23:00,69.0883,69.1131,69.0883,69.1081,7752
2026-07-14 11:24:00,69.1081,69.123,69.1032,69.118,8152
2026-07-14 11:25:00,69.1131,69.1329,69.1131,69.118,11572
2026-07-14 11:26:00,69.123,69.1279,69.0834,69.0834,16486
2026-07-14 11:27:00,69.0834,69.1081,69.0735,69.0735,11434
2026-07-14 11:28:00,69.0735,69.123,69.0735,69.123,10007
2026-07-14 11:29:00,69.118,69.1279,69.1131,69.118,6831
2026-07-14 11:30:00,69.118,69.133,69.1032,69.1329,14508
2026-07-14 11:31:00,69.1279,69.1576,69.1131,69.1279,26210
2026-07-14 11:32:00,69.1329,69.1576,69.1329,69.1329,9408
2026-07-14 11:33:00,69.123,69.1279,69.0933,69.0982,10007
2026-07-14 11:34:00,69.1032,69.1428,69.1032,69.1428,7861
2026-07-14 11:35:00,69.1329,69.1329,69.123,69.1329,7013
2026-07-14 11:36:00,69.1279,69.1428,69.1279,69.1378,5670
2026-07-14 11:37:00,69.1378,69.1527,69.1378,69.1477,8462
2026-07-14 11:38:00,69.1428,69.1635,69.1428,69.1635,10319
2026-07-14 11:39:00,69.1725,69.2021,69.1725,69.1972,15825
2026-07-14 11:40:00,69.1972,69.2071,69.1822,69.1822,13804
2026-07-14 11:41:00,69.1824,69.217,69.1824,69.2071,27751
2026-07-14 11:42:00,69.2121,69.222,69.2071,69.2194,7690
2026-07-14 11:43:00,69.222,69.2319,69.217,69.2319,11858
2026-07-14 11:44:00,69.2269,69.2319,69.2022,69.2022,12938
2026-07-14 11:45:00,69.2022,69.2022,69.1873,69.1922,11661
2026-07-14 11:46:00,69.1873,69.217,69.1873,69.2121,6940
2026-07-14 11:47:00,69.217,69.222,69.2064,69.2121,10485
2026-07-14 11:48:00,69.222,69.222,69.1782,69.1782,7112
2026-07-14 11:49:00,69.175,69.2021,69.1725,69.1725,12092
2026-07-14 11:50:00,69.1774,69.1824,69.1528,69.1528,9876
2026-07-14 11:51:00,69.1576,69.1774,69.1576,69.1675,9394
2026-07-14 11:52:00,69.1626,69.1626,69.1329,69.1378,23906
2026-07-14 11:53:00,69.1329,69.1576,69.1329,69.1477,11225
2026-07-14 11:54:00,69.1477,69.1526,69.123,69.1428,13352
2026-07-14 11:55:00,69.1477,69.1527,69.123,69.123,12229
2026-07-14 11:56:00,69.123,69.1279,69.118,69.118,5881
2026-07-14 11:57:00,69.118,69.1219,69.0979,69.0982,5729
2026-07-14 11:58:00,69.0982,69.0982,69.0636,69.0735,15187
2026-07-14 11:59:00,69.0735,69.0735,69.0636,69.0735,5608
2026-07-14 12:00:00,69.0636,69.0636,69.024,69.0289,8205
2026-07-14 12:01:00,69.024,69.024,69.0042,69.024,9831
2026-07-14 12:02:00,69.0289,69.0537,69.0289,69.0339,5246
2026-07-14 12:03:00,69.0388,69.0487,69.0339,69.0413,6242
2026-07-14 12:04:00,69.043,69.0636,69.043,69.0636,6787
2026-07-14 12:05:00,69.0636,69.0883,69.0537,69.0537,12952
2026-07-14 12:06:00,69.0537,69.0636,69.0438,69.0487,8174
2026-07-14 12:07:00,69.0537,69.0883,69.0487,69.0685,9282
2026-07-14 12:08:00,69.0685,69.0883,69.0636,69.0735,5911
2026-07-14 12:09:00,69.0784,69.0883,69.0636,69.0707,11377
2026-07-14 12:10:00,69.0735,69.118,69.0735,69.1131,23439
2026-07-14 12:11:00,69.1081,69.1329,69.0982,69.1279,25481
2026-07-14 12:12:00,69.125,69.1527,69.118,69.1328,8794
2026-07-14 12:13:00,69.123,69.1576,69.123,69.1428,13474
2026-07-14 12:14:00,69.1329,69.1527,69.1279,69.1477,8001
2026-07-14 12:15:00,69.1428,69.1428,69.1279,69.1279,10973
2026-07-14 12:16:00,69.1329,69.1428,69.1279,69.1329,5960
2026-07-14 12:17:00,69.1279,69.1279,69.1132,69.1279,10798
2026-07-14 12:18:00,69.123,69.123,69.1032,69.1081,5426
2026-07-14 12:19:00,69.1032,69.118,69.0883,69.118,17323
2026-07-14 12:20:00,69.123,69.1428,69.118,69.1329,11000
2026-07-14 12:21:00,69.1329,69.1527,69.1279,69.1378,9557
2026-07-14 12:22:00,69.1378,69.1527,69.1329,69.1477,7815
2026-07-14 12:23:00,69.1428,69.1527,69.123,69.1378,11357
2026-07-14 12:24:00,69.1378,69.1378,69.1262,69.1279,14431
2026-07-14 12:25:00,69.1279,69.1279,69.0933,69.0943,8453
2026-07-14 12:26:00,69.0982,69.1093,69.0933,69.1032,9403
2026-07-14 12:27:00,69.0982,69.118,69.0982,69.1131,12691
2026-07-14 12:28:00,69.1081,69.1131,69.1081,69.1081,4807
2026-07-14 12:29:00,69.1081,69.1131,69.1081,69.1081,3331
2026-07-14 12:30:00,69.1081,69.1131,69.0982,69.0982,15674
2026-07-14 12:31:00,69.0982,69.1032,69.0685,69.0685,11319
2026-07-14 12:32:00,69.0685,69.0685,69.024,69.0339,13681
2026-07-14 12:33:00,69.0289,69.0438,69.0289,69.0388,6887
2026-07-14 12:34:00,69.0438,69.0438,69.0141,69.0141,9304
2026-07-14 12:35:00,69.019,69.0339,69.0042,69.0115,20078
2026-07-14 12:36:00,69.0141,69.0141,69.0042,69.0091,5959
2026-07-14 12:37:00,69.0042,69.0141,68.9992,68.9992,8036
2026-07-14 12:38:00,68.9992,68.9992,68.9745,68.9844,6899
2026-07-14 12:39:00,68.9745,68.9795,68.9646,68.9646,6290
2026-07-14 12:40:00,68.9696,68.9844,68.9349,68.9819,18856
2026-07-14 12:41:00,68.9795,69.0091,68.9795,68.9992,8687
2026-07-14 12:42:00,69.0042,69.0141,68.9992,69.0091,7459
2026-07-14 12:43:00,69.0042,69.0141,68.9844,68.9992,17652
2026-07-14 12:44:00,69.0042,69.0537,68.9943,69.024,13977
2026-07-14 12:45:00,69.0339,69.0339,69.019,69.019,4546
2026-07-14 12:46:00,69.0141,69.024,69.0141,69.024,3196
2026-07-14 12:47:00,69.0141,69.019,69.0042,69.0091,6984
2026-07-14 12:48:00,69.0091,69.024,69.0042,69.0141,6629
2026-07-14 12:49:00,69.0091,69.0141,69.0042,69.0091,3822
2026-07-14 12:50:00,69.0091,69.0141,68.9943,68.9992,14753
2026-07-14 12:51:00,68.9992,69.0091,68.9943,68.9995,9529
2026-07-14 12:52:00,68.9992,69.0042,68.9844,68.9992,7961
2026-07-14 12:53:00,68.9992,69.0042,68.9745,68.9745,8440
2026-07-14 12:54:00,68.9844,68.9992,68.9795,68.9943,13013
2026-07-14 12:55:00,68.9992,69.0042,68.9745,68.9795,10145
2026-07-14 12:56:00,68.9795,68.9795,68.9646,68.9795,4738
2026-07-14 12:57:00,68.9795,68.9844,68.9745,68.9745,6581
2026-07-14 12:58:00,68.9745,68.9795,68.9547,68.9547,7281
2026-07-14 12:59:00,68.9547,68.9547,68.93,68.9399,13638
2026-07-14 13:00:00,68.9448,68.9597,68.9348,68.9348,10596
2026-07-14 13:01:00,68.93,68.9349,68.9151,68.9219,13246
2026-07-14 13:02:00,68.9201,68.9349,68.9201,68.93,4517
2026-07-14 13:03:00,68.925,68.9348,68.9151,68.925,14547
2026-07-14 13:04:00,68.9211,68.9349,68.9211,68.9349,2261
2026-07-14 13:05:00,68.9349,68.9597,68.9273,68.9597,11499
2026-07-14 13:06:00,68.9597,68.9597,68.8854,68.9151,25912
2026-07-14 13:07:00,68.925,68.9349,68.9201,68.93,3496
2026-07-14 13:08:00,68.9349,68.9646,68.9261,68.9597,10953
2026-07-14 13:09:00,68.9646,68.9696,68.9597,68.9646,6979
2026-07-14 13:10:00,68.9745,68.9977,68.9646,68.9646,9978
2026-07-14 13:11:00,68.9646,68.9893,68.9547,68.9893,6654
2026-07-14 13:12:00,68.9844,68.9943,68.9597,68.9696,7065
2026-07-14 13:13:00,68.9646,68.9646,68.9399,68.9547,5919
2026-07-14 13:14:00,68.9646,68.9646,68.9498,68.9646,4757
2026-07-14 13:15:00,68.9696,68.9893,68.9696,68.9893,4269
2026-07-14 13:16:00,68.9893,68.9893,68.9646,68.9696,12415
2026-07-14 13:17:00,68.9745,68.9844,68.9696,68.9696,6622
2026-07-14 13:18:00,68.9745,68.9843,68.9696,68.9795,3511
2026-07-14 13:19:00,68.9795,68.9992,68.9795,68.9992,5363
2026-07-14 13:20:00,68.9992,68.9992,68.9745,68.9893,8353
2026-07-14 13:21:00,68.9844,68.9844,68.9646,68.9745,9551
2026-07-14 13:22:00,68.9696,68.9745,68.9646,68.9696,3711
2026-07-14 13:23:00,68.9696,68.9893,68.9696,68.9746,7724
2026-07-14 13:24:00,68.9844,68.9893,68.9786,68.9795,5734
2026-07-14 13:25:00,68.9795,68.9841,68.9745,68.9745,2761
2026-07-14 13:26:00,68.9745,68.9893,68.9745,68.9893,6124
2026-07-14 13:27:00,68.9918,68.9943,68.9844,68.9893,3816
2026-07-14 13:28:00,68.9893,68.991,68.9746,68.9844,8443
2026-07-14 13:29:00,68.9795,68.9795,68.9498,68.9696,11807
2026-07-14 13:30:00,68.9696,68.9745,68.9597,68.9597,4066
2026-07-14 13:31:00,68.9597,68.9795,68.9597,68.9696,10510
2026-07-14 13:32:00,68.9646,68.9646,68.9547,68.9597,4602
2026-07-14 13:33:00,68.9597,68.9646,68.9201,68.9349,25183
2026-07-14 13:34:00,68.9399,68.9597,68.9349,68.9448,13083
2026-07-14 13:35:00,68.9498,68.9646,68.947,68.9547,8980
2026-07-14 13:36:00,68.9547,68.9745,68.9547,68.9745,6586
2026-07-14 13:37:00,68.9745,68.9745,68.9646,68.9646,5447
2026-07-14 13:38:00,68.9713,68.9713,68.9547,68.9547,5311
2026-07-14 13:39:00,68.9548,68.9646,68.9548,68.9597,10873
2026-07-14 13:40:00,68.9646,68.9745,68.9597,68.9597,9060
2026-07-14 13:41:00,68.9547,68.9646,68.9448,68.9646,10227
2026-07-14 13:42:00,68.9597,68.9745,68.9597,68.9745,6710
2026-07-14 13:43:00,68.9696,68.9696,68.935,68.935,14822
2026-07-14 13:44:00,68.9399,68.9499,68.93,68.9448,9263
2026-07-14 13:45:00,68.9498,68.9547,68.9498,68.9547,2705
2026-07-14 13:46:00,68.9544,68.9547,68.9399,68.9448,11372
2026-07-14 13:47:00,68.9399,68.9399,68.9201,68.9201,8706
2026-07-14 13:48:00,68.9188,68.9597,68.9188,68.9547,9974
2026-07-14 13:49:00,68.9498,68.9636,68.9349,68.9448,15193
2026-07-14 13:50:00,68.9399,68.9547,68.9399,68.9502,6263
2026-07-14 13:51:00,68.9498,68.9646,68.9449,68.9646,5782
2026-07-14 13:52:00,68.9597,68.9943,68.9597,68.9893,10735
2026-07-14 13:53:00,68.9844,69.0042,68.9795,68.9795,10100
2026-07-14 13:54:00,68.9795,68.9844,68.9745,68.9795,4539
2026-07-14 13:55:00,68.9795,68.9795,68.9547,68.9611,9546
2026-07-14 13:56:00,68.9597,68.9795,68.9498,68.9745,10210
2026-07-14 13:57:00,68.9795,68.994,68.9775,68.9795,5805
2026-07-14 13:58:00,68.9844,69.0028,68.9795,68.9805,12099
2026-07-14 13:59:00,68.9844,68.9893,68.9646,68.9745,7800
2026-07-14 14:00:00,68.9745,68.9745,68.9597,68.9646,6028
2026-07-14 14:01:00,68.9646,68.9646,68.9448,68.9547,10860
2026-07-14 14:02:00,68.9498,68.9498,68.9151,68.925,10704
2026-07-14 14:03:00,68.925,68.9349,68.925,68.93,4497
2026-07-14 14:04:00,68.9349,68.9547,68.9291,68.9498,6575
2026-07-14 14:05:00,68.9547,68.9696,68.9498,68.9696,9981
2026-07-14 14:06:00,68.9745,68.9943,68.9745,68.9893,8513
2026-07-14 14:07:00,68.9893,68.994,68.9844,68.9927,5413
2026-07-14 14:08:00,68.9893,69.0042,68.9844,68.9943,11516
2026-07-14 14:09:00,68.9992,69.024,68.9992,69.019,7100
2026-07-14 14:10:00,69.019,69.0289,69.0153,69.024,8106
2026-07-14 14:11:00,69.024,69.0289,69.0141,69.0141,12050
2026-07-14 14:12:00,69.0141,69.024,68.9943,69.0042,9231
2026-07-14 14:13:00,68.9943,69.0091,68.9943,69.0043,11185
2026-07-14 14:14:00,69.0042,69.0042,68.9696,68.9696,15044
2026-07-14 14:15:00,68.9696,68.9795,68.9696,68.9795,5246
2026-07-14 14:16:00,68.9745,68.9943,68.9696,68.9943,17725
2026-07-14 14:17:00,68.9844,68.9943,68.9844,68.9943,4757
2026-07-14 14:18:00,68.9893,68.9992,68.9844,68.9992,6139
2026-07-14 14:19:00,69.0041,69.024,68.9992,69.0239,7352
2026-07-14 14:20:00,69.019,69.019,69.0043,69.0043,9591
2026-07-14 14:21:00,69.0091,69.019,69.0075,69.0091,8734
2026-07-14 14:22:00,69.0091,69.024,69.0091,69.024,10056
2026-07-14 14:23:00,69.0289,69.0438,69.0289,69.0438,8046
2026-07-14 14:24:00,69.0438,69.0685,69.0388,69.0626,15850
2026-07-14 14:25:00,69.0626,69.0636,69.0579,69.0636,4465
2026-07-14 14:26:00,69.0636,69.0735,69.0558,69.0685,16751
2026-07-14 14:27:00,69.0735,69.0735,69.0636,69.0685,8732
2026-07-14 14:28:00,69.0636,69.0933,69.0636,69.0933,11603
2026-07-14 14:29:00,69.0933,69.123,69.085,69.123,9893
2026-07-14 14:30:00,69.118,69.1279,69.1131,69.1279,14813
2026-07-14 14:31:00,69.1279,69.1279,69.1179,69.118,6400
2026-07-14 14:32:00,69.123,69.1477,69.118,69.1477,17555
2026-07-14 14:33:00,69.1477,69.1725,69.1477,69.1527,18073
2026-07-14 14:34:00,69.1576,69.1675,69.1527,69.1675,21074
2026-07-14 14:35:00,69.1675,69.1774,69.1527,69.1626,12193
2026-07-14 14:36:00,69.1576,69.1725,69.1527,69.1703,11818
2026-07-14 14:37:00,69.1675,69.1725,69.1279,69.1279,23872
2026-07-14 14:38:00,69.123,69.1329,69.1032,69.1081,10960
2026-07-14 14:39:00,69.1032,69.1428,69.1032,69.1378,23217
2026-07-14 14:40:00,69.1378,69.1972,69.1274,69.1808,58417
2026-07-14 14:41:00,69.1774,69.2517,69.1725,69.2467,75588
2026-07-14 14:42:00,69.2467,69.2616,69.2023,69.2616,53707
2026-07-14 14:43:00,69.2616,69.2665,69.1824,69.1824,24020
2026-07-14 14:44:00,69.1923,69.1923,69.1725,69.1725,8163
2026-07-14 14:45:00,69.1774,69.1824,69.1626,69.1626,17592
2026-07-14 14:46:00,69.1675,69.1972,69.1675,69.1972,8163
2026-07-14 14:47:00,69.1972,69.2121,69.1923,69.2071,8604
2026-07-14 14:48:00,69.2121,69.222,69.2022,69.2185,17688
2026-07-14 14:49:00,69.222,69.2269,69.2071,69.2269,23774
2026-07-14 14:50:00,69.2269,69.2269,69.2022,69.217,15326
2026-07-14 14:51:00,69.217,69.2319,69.2165,69.2165,19903
2026-07-14 14:52:00,69.217,69.2319,69.2121,69.2319,15115
2026-07-14 14:53:00,69.2269,69.2368,69.2121,69.2121,20596
2026-07-14 14:54:00,69.217,69.217,69.2022,69.2071,10468
2026-07-14 14:55:00,69.2071,69.2121,69.1923,69.2071,18568
2026-07-14 14:56:00,69.2119,69.2319,69.2022,69.2121,25325
2026-07-14 14:57:00,69.217,69.2418,69.217,69.2269,15101
2026-07-14 14:58:00,69.2269,69.2418,69.222,69.2368,15780
2026-07-14 14:59:00,69.2368,69.2418,69.222,69.2269,12564
2026-07-14 15:00:00,69.2269,69.2319,69.2269,69.2319,11577
2026-07-14 15:01:00,69.2269,69.2418,69.2269,69.2368,27802
2026-07-14 15:02:00,69.2368,69.2418,69.2022,69.2071,19644
2026-07-14 15:03:00,69.2071,69.222,69.1873,69.1873,38659
2026-07-14 15:04:00,69.1936,69.2071,69.1923,69.1972,27831
2026-07-14 15:05:00,69.1972,69.2121,69.1824,69.2071,32499
2026-07-14 15:06:00,69.2071,69.2121,69.1626,69.1725,19638
2026-07-14 15:07:00,69.1627,69.2022,69.1627,69.1923,17414
2026-07-14 15:08:00,69.1923,69.2022,69.1774,69.2022,13731
2026-07-14 15:09:00,69.2022,69.222,69.2022,69.2022,27571
2026-07-14 15:10:00,69.1923,69.2022,69.1774,69.2022,19715
2026-07-14 15:11:00,69.1972,69.2021,69.1824,69.1923,22750
2026-07-14 15:12:00,69.1923,69.2022,69.1725,69.1774,27932
2026-07-14 15:13:00,69.1774,69.1824,69.1725,69.1805,8294
2026-07-14 15:14:00,69.1774,69.1923,69.1774,69.1824,12357
2026-07-14 15:15:00,69.1873,69.1877,69.1725,69.1873,25562
2026-07-14 15:16:00,69.1923,69.2022,69.1873,69.1923,27454
2026-07-14 15:17:00,69.1923,69.1972,69.1774,69.1774,15502
2026-07-14 15:18:00,69.1774,69.222,69.1725,69.222,21967
2026-07-14 15:19:00,69.217,69.2217,69.1824,69.1824,17860
2026-07-14 15:20:00,69.1873,69.2022,69.1825,69.2022,9359
2026-07-14 15:21:00,69.2071,69.2121,69.1872,69.1873,13762
2026-07-14 15:22:00,69.1873,69.2319,69.1873,69.2319,22930
2026-07-14 15:23:00,69.2319,69.2418,69.2022,69.2022,22959
2026-07-14 15:24:00,69.2022,69.217,69.2022,69.2071,14400
2026-07-14 15:25:00,69.2121,69.222,69.2022,69.2071,17721
2026-07-14 15:26:00,69.2071,69.2417,69.1923,69.1972,36806
2026-07-14 15:27:00,69.1962,69.2022,69.1725,69.1842,28335
2026-07-14 15:28:00,69.1873,69.1923,69.1527,69.1576,25942
2026-07-14 15:29:00,69.1576,69.1923,69.1576,69.1578,27484
2026-07-14 15:30:00,69.1576,69.1675,69.1564,69.1626,10517
2026-07-14 15:31:00,69.1576,69.1824,69.1527,69.1824,16243
2026-07-14 15:32:00,69.1824,69.1923,69.1824,69.1873,17491
2026-07-14 15:33:00,69.1824,69.1873,69.1477,69.1477,27154
2026-07-14 15:34:00,69.1527,69.1626,69.1428,69.1576,12852
2026-07-14 15:35:00,69.1576,69.1626,69.1428,69.1576,24206
2026-07-14 15:36:00,69.1576,69.1675,69.1527,69.1527,15366
2026-07-14 15:37:00,69.1576,69.1576,69.1329,69.1477,14040
2026-07-14 15:38:00,69.1477,69.1527,69.1329,69.1378,11314
2026-07-14 15:39:00,69.1378,69.1378,69.123,69.1279,13404
2026-07-14 15:40:00,69.1279,69.1428,69.118,69.1378,19194
2026-07-14 15:41:00,69.1329,69.1428,69.118,69.1378,19379
2026-07-14 15:42:00,69.1378,69.1428,69.1032,69.1081,26504
2026-07-14 15:43:00,69.1081,69.1081,69.0784,69.0834,16142
2026-07-14 15:44:00,69.0735,69.0834,69.0438,69.0586,21092
2026-07-14 15:45:00,69.0586,69.0586,69.0339,69.0388,17922
2026-07-14 15:46:00,69.0438,69.0438,69.0141,69.019,33647
2026-07-14 15:47:00,69.019,69.024,69.0091,69.019,23261
2026-07-14 15:48:00,69.0141,69.0487,69.0141,69.0487,26174
2026-07-14 15:49:00,69.0537,69.0537,69.0289,69.0339,28371
2026-07-14 15:50:00,69.0339,69.0507,68.9844,68.9992,80569
2026-07-14 15:51:00,68.9992,69.019,68.9646,68.9696,72625
2026-07-14 15:52:00,68.9745,68.9745,68.9646,68.9745,57509
2026-07-14 15:53:00,68.9795,69.024,68.9795,69.0141,60914
2026-07-14 15:54:00,69.0141,69.0438,68.9992,69.0339,76586
2026-07-14 15:55:00,69.0339,69.0537,68.9547,68.9696,66418
2026-07-14 15:56:00,68.9646,68.9715,68.9498,68.9547,83601
2026-07-14 15:57:00,68.9597,68.9646,68.9448,68.9597,92538
2026-07-14 15:58:00,68.9597,68.9745,68.925,68.925,174744
2026-07-14 15:59:00,68.9349,68.9448,68.8755,68.925,685243
2026-07-15 09:30:00,69.1131,69.1725,69.0537,69.1032,193220
2026-07-15 09:31:00,69.1032,69.123,69.0042,69.0487,30537
2026-07-15 09:32:00,69.0487,69.1329,69.024,69.0339,24214
2026-07-15 09:33:00,69.0339,69.0388,68.9844,69.0141,20002
2026-07-15 09:34:00,69.0042,69.0042,68.9349,68.9745,20144
2026-07-15 09:35:00,68.9844,68.9943,68.9151,68.9646,13978
2026-07-15 09:36:00,68.9547,69.0438,68.9547,69.0339,7276
2026-07-15 09:37:00,69.0244,69.0339,68.9745,69.019,14210
2026-07-15 09:38:00,69.0141,69.019,68.9745,69.0042,11438
2026-07-15 09:39:00,69.0042,69.0339,68.9696,68.9825,17437
2026-07-15 09:40:00,68.9795,69.0438,68.9745,68.9943,16123
2026-07-15 09:41:00,68.9992,69.024,68.9745,69.0042,22014
2026-07-15 09:42:00,68.9992,69.0042,68.9102,68.9102,17627
2026-07-15 09:43:00,68.9151,68.9448,68.9102,68.9349,21314
2026-07-15 09:44:00,68.9349,68.9507,68.925,68.9349,14029
2026-07-15 09:45:00,68.9448,68.9547,68.9151,68.9448,14146
2026-07-15 09:46:00,68.9504,68.9504,68.9151,68.925,11950
2026-07-15 09:47:00,68.925,68.9992,68.9052,68.9943,20269
2026-07-15 09:48:00,68.9893,69.0141,68.9795,69.0042,15117
2026-07-15 09:49:00,69.0141,69.024,68.9646,68.9646,23782
2026-07-15 09:50:00,68.9745,68.9745,68.9102,68.925,17774
2026-07-15 09:51:00,68.9349,68.9646,68.93,68.9448,11912
2026-07-15 09:52:00,68.9448,68.9844,68.9448,68.9745,8125
2026-07-15 09:53:00,68.9745,68.9745,68.8755,68.9003,44474
2026-07-15 09:54:00,68.9052,68.9844,68.9052,68.9745,23522
2026-07-15 09:55:00,68.9696,68.9844,68.9547,68.9696,14779
2026-07-15 09:56:00,68.9646,69.0438,68.9646,69.0339,19711
2026-07-15 09:57:00,69.024,69.0289,68.9844,68.9844,15164
2026-07-15 09:58:00,68.9696,68.9795,68.9399,68.9795,15622
2026-07-15 09:59:00,68.9844,69.024,68.9745,69.0042,25060
2026-07-15 10:00:00,69.0042,69.0735,68.9953,69.019,21556
2026-07-15 10:01:00,69.024,69.0933,69.024,69.0933,19085
2026-07-15 10:02:00,69.0933,69.0933,69.0388,69.0537,21499
2026-07-15 10:03:00,69.0438,69.0438,69.0141,69.0388,13901
2026-07-15 10:04:00,69.0438,69.1428,69.0438,69.1279,22526
2026-07-15 10:05:00,69.1287,69.1626,69.1279,69.1279,40703
2026-07-15 10:06:00,69.1329,69.2022,69.1329,69.2022,34166
2026-07-15 10:07:00,69.1972,69.2269,69.1972,69.2122,23621
2026-07-15 10:08:00,69.2121,69.2319,69.2022,69.2269,29411
2026-07-15 10:09:00,69.2269,69.2517,69.2121,69.2467,24168
2026-07-15 10:10:00,69.2418,69.2814,69.2418,69.2418,22957
2026-07-15 10:11:00,69.2517,69.2715,69.2467,69.2665,49250
2026-07-15 10:12:00,69.2665,69.3457,69.2665,69.3408,43766
2026-07-15 10:13:00,69.3358,69.3358,69.2616,69.2665,26413
2026-07-15 10:14:00,69.2665,69.2913,69.2616,69.2616,16708
2026-07-15 10:15:00,69.2715,69.2715,69.2467,69.2665,35678
2026-07-15 10:16:00,69.2715,69.321,69.2665,69.321,19773
2026-07-15 10:17:00,69.316,69.321,69.3012,69.321,21527
2026-07-15 10:18:00,69.3211,69.3259,69.2863,69.2863,18894
2026-07-15 10:19:00,69.2863,69.2962,69.2418,69.2418,24540
2026-07-15 10:20:00,69.2418,69.2418,69.1675,69.1725,26228
2026-07-15 10:21:00,69.1725,69.1774,69.1527,69.1573,11686
2026-07-15 10:22:00,69.1576,69.1724,69.123,69.1576,19836
2026-07-15 10:23:00,69.1626,69.1725,69.1428,69.1477,12490
2026-07-15 10:24:00,69.1477,69.1527,69.123,69.1231,8379
2026-07-15 10:25:00,69.1324,69.1428,69.123,69.1329,7744
2026-07-15 10:26:00,69.1329,69.1527,69.1329,69.1428,12173
2026-07-15 10:27:00,69.1477,69.1626,69.1131,69.1378,37206
2026-07-15 10:28:00,69.1378,69.1873,69.1378,69.1873,14901
2026-07-15 10:29:00,69.1873,69.2022,69.1626,69.178,17085
2026-07-15 10:30:00,69.1774,69.222,69.1626,69.222,19369
2026-07-15 10:31:00,69.222,69.2517,69.2121,69.2517,24965
2026-07-15 10:32:00,69.2467,69.2467,69.222,69.2418,21699
2026-07-15 10:33:00,69.2319,69.2418,69.222,69.2368,14075
2026-07-15 10:34:00,69.2368,69.2616,69.2368,69.2566,23205
2026-07-15 10:35:00,69.2517,69.2715,69.2319,69.2646,27884
2026-07-15 10:36:00,69.2715,69.2715,69.222,69.2368,39114
2026-07-15 10:37:00,69.2319,69.2715,69.2319,69.2566,21706
2026-07-15 10:38:00,69.2566,69.2715,69.2566,69.2616,6193
2026-07-15 10:39:00,69.2616,69.2662,69.217,69.219,22475
2026-07-15 10:40:00,69.222,69.2715,69.222,69.256,28886
2026-07-15 10:41:00,69.2616,69.2616,69.1972,69.2022,15288
2026-07-15 10:42:00,69.1972,69.222,69.1947,69.217,21445
2026-07-15 10:43:00,69.217,69.222,69.2022,69.222,27277
2026-07-15 10:44:00,69.2219,69.222,69.2022,69.2121,24924
2026-07-15 10:45:00,69.2071,69.222,69.1947,69.217,20287
2026-07-15 10:46:00,69.217,69.2319,69.217,69.2269,18430
2026-07-15 10:47:00,69.2269,69.2304,69.2146,69.217,14854
2026-07-15 10:48:00,69.222,69.222,69.2022,69.2071,21004
2026-07-15 10:49:00,69.2071,69.222,69.2037,69.222,11359
2026-07-15 10:50:00,69.217,69.222,69.2071,69.2071,14475
2026-07-15 10:51:00,69.2121,69.2517,69.2071,69.2467,16711
2026-07-15 10:52:00,69.2467,69.2814,69.2467,69.2665,30879
2026-07-15 10:53:00,69.2616,69.2814,69.2517,69.2764,16673
2026-07-15 10:54:00,69.2757,69.321,69.2757,69.316,23217
2026-07-15 10:55:00,69.3111,69.316,69.3012,69.3061,20098
2026-07-15 10:56:00,69.3012,69.3111,69.2814,69.2962,21366
2026-07-15 10:57:00,69.2962,69.2962,69.2319,69.2368,14314
2026-07-15 10:58:00,69.2319,69.2418,69.2121,69.222,10529
2026-07-15 10:59:00,69.222,69.2318,69.2121,69.2269,16031
2026-07-15 11:00:00,69.2269,69.2301,69.1923,69.2022,13009
2026-07-15 11:01:00,69.2022,69.2022,69.1527,69.1774,14979
2026-07-15 11:02:00,69.1824,69.2121,69.1824,69.2069,5928
2026-07-15 11:03:00,69.2071,69.2071,69.1725,69.2022,11842
2026-07-15 11:04:00,69.1972,69.222,69.1972,69.218,9795
2026-07-15 11:05:00,69.2121,69.2121,69.1923,69.2022,13988
2026-07-15 11:06:00,69.1972,69.222,69.1923,69.2121,15516
2026-07-15 11:07:00,69.2071,69.222,69.2022,69.222,12829
2026-07-15 11:08:00,69.2168,69.222,69.2121,69.217,9328
2026-07-15 11:09:00,69.217,69.2616,69.2121,69.2614,22126
2026-07-15 11:10:00,69.2566,69.2913,69.2517,69.2715,15638
2026-07-15 11:11:00,69.2715,69.2764,69.2616,69.2669,27328
2026-07-15 11:12:00,69.2715,69.2913,69.2517,69.2913,26333
2026-07-15 11:13:00,69.2863,69.2863,69.2814,69.2814,8354
2026-07-15 11:14:00,69.2814,69.2814,69.2517,69.2715,21962
2026-07-15 11:15:00,69.2714,69.2764,69.2616,69.2641,17833
2026-07-15 11:16:00,69.2616,69.2665,69.2467,69.2665,19032
2026-07-15 11:17:00,69.2665,69.2665,69.2418,69.2467,11401
2026-07-15 11:18:00,69.2467,69.2566,69.2319,69.2467,7014
2026-07-15 11:19:00,69.2467,69.2665,69.2418,69.2665,13630
2026-07-15 11:20:00,69.2665,69.2814,69.2665,69.2715,10129
2026-07-15 11:21:00,69.2764,69.2811,69.2715,69.2764,13963
2026-07-15 11:22:00,69.2715,69.2814,69.2644,69.2736,12766
2026-07-15 11:23:00,69.2715,69.2874,69.2715,69.2863,8256
2026-07-15 11:24:00,69.2913,69.2913,69.2814,69.2863,3478
2026-07-15 11:25:00,69.2814,69.3012,69.2764,69.3012,17082
2026-07-15 11:26:00,69.3012,69.3061,69.2913,69.2962,16635
2026-07-15 11:27:00,69.2913,69.3012,69.2863,69.2913,18920
2026-07-15 11:28:00,69.2913,69.2913,69.2715,69.2764,11612
2026-07-15 11:29:00,69.2813,69.2813,69.2418,69.2468,13776
2026-07-15 11:30:00,69.2467,69.2467,69.2368,69.2368,13433
2026-07-15 11:31:00,69.2418,69.2566,69.222,69.2319,17074
2026-07-15 11:32:00,69.2319,69.2498,69.2319,69.238,8390
2026-07-15 11:33:00,69.2368,69.2399,69.2121,69.217,12117
2026-07-15 11:34:00,69.217,69.2467,69.217,69.2319,16359
2026-07-15 11:35:00,69.2319,69.2371,69.2319,69.2368,4647
2026-07-15 11:36:00,69.238,69.2616,69.2368,69.2566,14763
2026-07-15 11:37:00,69.2616,69.2863,69.2616,69.2814,21319
2026-07-15 11:38:00,69.2814,69.3012,69.2814,69.2913,17849
2026-07-15 11:39:00,69.3012,69.3012,69.2616,69.2714,8670
2026-07-15 11:40:00,69.2715,69.2764,69.2616,69.2715,8442
2026-07-15 11:41:00,69.2764,69.2814,69.2715,69.2764,16309
2026-07-15 11:42:00,69.2814,69.3012,69.2814,69.2965,12784
2026-07-15 11:43:00,69.3012,69.3259,69.3012,69.3259,16775
2026-07-15 11:44:00,69.3259,69.3358,69.321,69.3358,11319
2026-07-15 11:45:00,69.3358,69.3408,69.3111,69.3112,20367
2026-07-15 11:46:00,69.3111,69.321,69.2863,69.2876,11291
2026-07-15 11:47:00,69.2913,69.2962,69.2566,69.2715,19455
2026-07-15 11:48:00,69.2764,69.2764,69.2418,69.2418,10874
2026-07-15 11:49:00,69.2269,69.2418,69.222,69.2368,9832
2026-07-15 11:50:00,69.2368,69.2517,69.2319,69.2418,14818
2026-07-15 11:51:00,69.2368,69.2566,69.2319,69.2566,10150
2026-07-15 11:52:00,69.2566,69.2715,69.2541,69.2665,10240
2026-07-15 11:53:00,69.2715,69.2764,69.2616,69.2616,13209
2026-07-15 11:54:00,69.2616,69.2616,69.2517,69.2517,11088
2026-07-15 11:55:00,69.2566,69.2616,69.2319,69.2368,11121
2026-07-15 11:56:00,69.2319,69.2467,69.2319,69.2368,9365
2026-07-15 11:57:00,69.2368,69.2517,69.2343,69.2368,10353
2026-07-15 11:58:00,69.2343,69.2616,69.2343,69.2568,10541
2026-07-15 11:59:00,69.2616,69.2715,69.2418,69.2467,14220
2026-07-15 12:00:00,69.2418,69.2616,69.2319,69.2418,11749
2026-07-15 12:01:00,69.2467,69.2467,69.2319,69.2368,8848
2026-07-15 12:02:00,69.2418,69.2467,69.2319,69.2368,6518
2026-07-15 12:03:00,69.2368,69.2467,69.2319,69.2467,37038
2026-07-15 12:04:00,69.2467,69.2517,69.2418,69.2507,8355
2026-07-15 12:05:00,69.2517,69.2665,69.2474,69.2665,16279
2026-07-15 12:06:00,69.2665,69.2715,69.2616,69.2715,6123
2026-07-15 12:07:00,69.2665,69.2715,69.2616,69.2665,7360
2026-07-15 12:08:00,69.2715,69.2814,69.2715,69.2772,6917
2026-07-15 12:09:00,69.2764,69.2764,69.2665,69.2665,13744
2026-07-15 12:10:00,69.2665,69.321,69.2665,69.2962,20579
2026-07-15 12:11:00,69.2962,69.3606,69.2913,69.3507,51395
2026-07-15 12:12:00,69.3606,69.3606,69.3012,69.3012,19060
2026-07-15 12:13:00,69.3012,69.3109,69.3002,69.3012,13831
2026-07-15 12:14:00,69.2962,69.3061,69.2913,69.3061,7365
2026-07-15 12:15:00,69.3111,69.3259,69.3012,69.316,12711
2026-07-15 12:16:00,69.3111,69.321,69.3012,69.321,6701
2026-07-15 12:17:00,69.3259,69.3408,69.321,69.3408,12580
2026-07-15 12:18:00,69.3457,69.3457,69.3309,69.3358,10090
2026-07-15 12:19:00,69.3358,69.3507,69.3309,69.3309,15801
2026-07-15 12:20:00,69.3309,69.3408,69.321,69.3259,8298
2026-07-15 12:21:00,69.3259,69.3309,69.316,69.3309,6746
2026-07-15 12:22:00,69.3253,69.3408,69.3253,69.3358,9945
2026-07-15 12:23:00,69.3408,69.3507,69.3358,69.3507,10702
2026-07-15 12:24:00,69.3507,69.3507,69.3408,69.3457,14722
2026-07-15 12:25:00,69.3457,69.3507,69.3292,69.3358,19537
2026-07-15 12:26:00,69.3408,69.3507,69.3309,69.3309,9540
2026-07-15 12:27:00,69.3309,69.3408,69.3309,69.3358,12507
2026-07-15 12:28:00,69.3309,69.3407,69.3012,69.3111,17026
2026-07-15 12:29:00,69.3061,69.3606,69.3061,69.3605,14390
2026-07-15 12:30:00,69.3542,69.3754,69.3542,69.3754,7263
2026-07-15 12:31:00,69.3754,69.4199,69.3754,69.4199,35548
2026-07-15 12:32:00,69.4199,69.4199,69.3754,69.3754,29593
2026-07-15 12:33:00,69.3754,69.3902,69.3705,69.3902,9633
2026-07-15 12:34:00,69.3952,69.4051,69.3902,69.3902,14309
2026-07-15 12:35:00,69.3952,69.4298,69.3902,69.4107,19924
2026-07-15 12:36:00,69.415,69.4177,69.4001,69.415,14712
2026-07-15 12:37:00,69.41,69.4793,69.3803,69.4645,76199
2026-07-15 12:38:00,69.4693,69.4694,69.4397,69.4397,23589
2026-07-15 12:39:00,69.4397,69.4447,69.41,69.415,21343
2026-07-15 12:40:00,69.41,69.4249,69.4001,69.4249,8211
2026-07-15 12:41:00,69.4199,69.4348,69.41,69.4131,16189
2026-07-15 12:42:00,69.4199,69.4199,69.41,69.415,8724
2026-07-15 12:43:00,69.415,69.4298,69.4001,69.4051,20733
2026-07-15 12:44:00,69.4099,69.4199,69.3952,69.415,16880
2026-07-15 12:45:00,69.415,69.4298,69.4101,69.4298,16460
2026-07-15 12:46:00,69.4249,69.4595,69.4249,69.4595,11418
2026-07-15 12:47:00,69.4595,69.509,69.4546,69.509,18237
2026-07-15 12:48:00,69.509,69.509,69.4645,69.4767,24026
2026-07-15 12:49:00,69.4744,69.4892,69.4496,69.4496,17895
2026-07-15 12:50:00,69.443,69.4496,69.4199,69.4495,13924
2026-07-15 12:51:00,69.4496,69.4595,69.4447,69.4546,9269
2026-07-15 12:52:00,69.4595,69.4694,69.4546,69.4645,12454
2026-07-15 12:53:00,69.4693,69.4693,69.4421,69.4421,19636
2026-07-15 12:54:00,69.4397,69.4447,69.4199,69.4249,14141
2026-07-15 12:55:00,69.4298,69.4348,69.4199,69.4249,14747
2026-07-15 12:56:00,69.4249,69.4249,69.41,69.416,13528
2026-07-15 12:57:00,69.415,69.4348,69.415,69.4249,16974
2026-07-15 12:58:00,69.4295,69.4348,69.4199,69.4249,9566
2026-07-15 12:59:00,69.4261,69.4298,69.41,69.4199,37227
2026-07-15 13:00:00,69.4249,69.4447,69.4199,69.4447,18093
2026-07-15 13:01:00,69.4447,69.4496,69.415,69.4447,22652
2026-07-15 13:02:00,69.4447,69.4496,69.3952,69.3952,17059
2026-07-15 13:03:00,69.3952,69.4199,69.3952,69.4199,12038
2026-07-15 13:04:00,69.415,69.4261,69.41,69.41,13638
2026-07-15 13:05:00,69.415,69.4199,69.41,69.415,6270
2026-07-15 13:06:00,69.4199,69.4645,69.41,69.4645,13020
2026-07-15 13:07:00,69.4645,69.4843,69.4546,69.4694,18050
2026-07-15 13:08:00,69.4694,69.4744,69.4645,69.4645,7136
2026-07-15 13:09:00,69.4645,69.4645,69.4496,69.4595,7750
2026-07-15 13:10:00,69.4595,69.4595,69.4496,69.4595,3015
2026-07-15 13:11:00,69.4595,69.4793,69.4496,69.4744,10682
2026-07-15 13:12:00,69.4744,69.4793,69.4546,69.4546,15470
2026-07-15 13:13:00,69.4558,69.4595,69.4447,69.4447,10820
2026-07-15 13:14:00,69.4447,69.4645,69.4348,69.4645,13959
2026-07-15 13:15:00,69.4645,69.4649,69.462,69.4645,9612
2026-07-15 13:16:00,69.4645,69.4744,69.4496,69.4645,31296
2026-07-15 13:17:00,69.4694,69.4747,69.4595,69.4744,10558
2026-07-15 13:18:00,69.4708,69.4793,69.4496,69.4695,21877
2026-07-15 13:19:00,69.4744,69.4793,69.4595,69.4744,18621
2026-07-15 13:20:00,69.4793,69.4892,69.4694,69.4842,18434
2026-07-15 13:21:00,69.4892,69.4991,69.4793,69.4892,16485
2026-07-15 13:22:00,69.4843,69.4991,69.4744,69.4942,20384
2026-07-15 13:23:00,69.4892,69.509,69.4793,69.5041,38683
2026-07-15 13:24:00,69.4991,69.5041,69.4843,69.4843,16651
2026-07-15 13:25:00,69.4843,69.4991,69.4694,69.4954,16339
2026-07-15 13:26:00,69.4991,69.5189,69.4991,69.514,27730
2026-07-15 13:27:00,69.514,69.5153,69.4793,69.4843,18874
2026-07-15 13:28:00,69.4843,69.4892,69.4595,69.4645,20426
2026-07-15 13:29:00,69.4645,69.4693,69.4496,69.4496,10816
2026-07-15 13:30:00,69.4496,69.4496,69.4199,69.4204,25343
2026-07-15 13:31:00,69.42,69.4348,69.3705,69.3714,13631
2026-07-15 13:32:00,69.3754,69.3902,69.3705,69.3803,21069
2026-07-15 13:33:00,69.3902,69.4001,69.3803,69.3902,15666
2026-07-15 13:34:00,69.3902,69.3902,69.3803,69.3853,8469
2026-07-15 13:35:00,69.3853,69.4298,69.3853,69.4298,19949
2026-07-15 13:36:00,69.4298,69.4348,69.4051,69.4051,20453
2026-07-15 13:37:00,69.4051,69.41,69.3952,69.3952,7933
2026-07-15 13:38:00,69.4,69.4166,69.3927,69.4166,7455
2026-07-15 13:39:00,69.415,69.4199,69.4031,69.4196,9689
2026-07-15 13:40:00,69.4199,69.4348,69.415,69.4298,14938
2026-07-15 13:41:00,69.4298,69.4298,69.4199,69.4249,5548
2026-07-15 13:42:00,69.4298,69.4447,69.4199,69.4348,19066
2026-07-15 13:43:00,69.4348,69.4397,69.4298,69.4348,6941
2026-07-15 13:44:00,69.4348,69.4397,69.4101,69.415,13148
2026-07-15 13:45:00,69.415,69.4199,69.3803,69.3803,10396
2026-07-15 13:46:00,69.3803,69.3803,69.3358,69.3408,14248
2026-07-15 13:47:00,69.3408,69.3803,69.3309,69.3803,19487
2026-07-15 13:48:00,69.3853,69.41,69.3853,69.4051,6577
2026-07-15 13:49:00,69.4001,69.4079,69.3952,69.4051,12842
2026-07-15 13:50:00,69.4001,69.4001,69.3803,69.3902,14666
2026-07-15 13:51:00,69.4001,69.4001,69.3853,69.3952,10258
2026-07-15 13:52:00,69.3902,69.3987,69.3902,69.3952,6298
2026-07-15 13:53:00,69.3952,69.4001,69.3902,69.3902,5263
2026-07-15 13:54:00,69.3947,69.4162,69.3902,69.4162,14536
2026-07-15 13:55:00,69.41,69.4199,69.4001,69.4051,21458
2026-07-15 13:56:00,69.4051,69.4249,69.3952,69.4082,14517
2026-07-15 13:57:00,69.4051,69.4198,69.4051,69.415,7232
2026-07-15 13:58:00,69.415,69.4348,69.415,69.4249,12860
2026-07-15 13:59:00,69.4199,69.4298,69.4199,69.4249,14626
2026-07-15 14:00:00,69.4249,69.4496,69.4245,69.4447,21261
2026-07-15 14:01:00,69.4447,69.4594,69.4397,69.4496,16723
2026-07-15 14:02:00,69.4496,69.4694,69.4496,69.4694,18010
2026-07-15 14:03:00,69.4761,69.4991,69.4761,69.4942,8346
2026-07-15 14:04:00,69.4942,69.509,69.4893,69.509,8538
2026-07-15 14:05:00,69.509,69.5288,69.509,69.5189,24775
2026-07-15 14:06:00,69.5189,69.5288,69.514,69.5189,8844
2026-07-15 14:07:00,69.5239,69.5288,69.5189,69.5189,4542
2026-07-15 14:08:00,69.5189,69.5288,69.514,69.5239,10690
2026-07-15 14:09:00,69.5189,69.5189,69.4892,69.4942,13009
2026-07-15 14:10:00,69.4942,69.5189,69.4942,69.514,14418
2026-07-15 14:11:00,69.514,69.514,69.4991,69.509,9890
2026-07-15 14:12:00,69.514,69.5152,69.4892,69.4982,20262
2026-07-15 14:13:00,69.4892,69.4942,69.4694,69.471,9769
2026-07-15 14:14:00,69.4694,69.4793,69.4595,69.4595,8199
2026-07-15 14:15:00,69.4595,69.4694,69.4397,69.4397,8070
2026-07-15 14:16:00,69.4397,69.4595,69.4199,69.4595,29600
2026-07-15 14:17:00,69.4595,69.4595,69.4496,69.4595,13052
2026-07-15 14:18:00,69.4694,69.4694,69.4249,69.4354,19429
2026-07-15 14:19:00,69.4397,69.4397,69.41,69.41,20242
2026-07-15 14:20:00,69.41,69.4199,69.4001,69.415,22640
2026-07-15 14:21:00,69.4199,69.4496,69.41,69.41,19093
2026-07-15 14:22:00,69.4163,69.4199,69.41,69.41,9192
2026-07-15 14:23:00,69.415,69.4397,69.41,69.4298,18798
2026-07-15 14:24:00,69.4348,69.4496,69.4298,69.4298,17574
2026-07-15 14:25:00,69.4397,69.4495,69.4298,69.4298,11426
2026-07-15 14:26:00,69.4298,69.4377,69.4199,69.4199,11419
2026-07-15 14:27:00,69.4199,69.4298,69.3952,69.4001,14544
2026-07-15 14:28:00,69.4051,69.41,69.3902,69.3902,11401
2026-07-15 14:29:00,69.3957,69.3978,69.3733,69.3978,19230
2026-07-15 14:30:00,69.3916,69.4001,69.3902,69.3902,9937
2026-07-15 14:31:00,69.3902,69.4001,69.3902,69.3902,8901
2026-07-15 14:32:00,69.3902,69.4,69.3606,69.3607,14304
2026-07-15 14:33:00,69.3606,69.3705,69.3606,69.3655,16954
2026-07-15 14:34:00,69.3655,69.3705,69.3507,69.3507,14620
2026-07-15 14:35:00,69.3606,69.3606,69.3408,69.3507,14081
2026-07-15 14:36:00,69.3556,69.3952,69.3507,69.3802,23449
2026-07-15 14:37:00,69.3754,69.3803,69.3631,69.3705,12287
2026-07-15 14:38:00,69.3754,69.3902,69.3705,69.3705,9568
2026-07-15 14:39:00,69.3754,69.3803,69.3606,69.3754,12213
2026-07-15 14:40:00,69.3705,69.3803,69.3606,69.3606,8746
2026-07-15 14:41:00,69.3606,69.3606,69.3309,69.3408,24779
2026-07-15 14:42:00,69.3408,69.3607,69.3408,69.3607,29404
2026-07-15 14:43:00,69.3704,69.3704,69.3447,69.3507,14313
2026-07-15 14:44:00,69.3457,69.3556,69.3408,69.3556,11258
2026-07-15 14:45:00,69.3507,69.3556,69.3408,69.3457,22549
2026-07-15 14:46:00,69.3408,69.3507,69.3309,69.3507,15113
2026-07-15 14:47:00,69.3408,69.3705,69.3408,69.3655,15201
2026-07-15 14:48:00,69.3705,69.3803,69.3705,69.3761,6142
2026-07-15 14:49:00,69.3705,69.3902,69.3705,69.3853,9394
2026-07-15 14:50:00,69.3853,69.3853,69.3507,69.3655,25127
2026-07-15 14:51:00,69.3705,69.4001,69.3705,69.4001,13431
2026-07-15 14:52:00,69.4001,69.4001,69.3741,69.3902,16896
2026-07-15 14:53:00,69.3902,69.4001,69.383,69.3902,16118
2026-07-15 14:54:00,69.3902,69.4397,69.3853,69.4397,14394
2026-07-15 14:55:00,69.4298,69.4495,69.4298,69.4397,6919
2026-07-15 14:56:00,69.4447,69.4447,69.4298,69.4348,20780
2026-07-15 14:57:00,69.4397,69.4397,69.415,69.4249,18586
2026-07-15 14:58:00,69.41,69.4199,69.4051,69.4051,9637
2026-07-15 14:59:00,69.4051,69.4298,69.4051,69.41,17942
2026-07-15 15:00:00,69.41,69.4298,69.3902,69.415,22941
2026-07-15 15:01:00,69.4199,69.4199,69.4001,69.41,14336
2026-07-15 15:02:00,69.415,69.4199,69.4001,69.41,24870
2026-07-15 15:03:00,69.41,69.41,69.3902,69.3902,15171
2026-07-15 15:04:00,69.4001,69.41,69.3931,69.3931,8021
2026-07-15 15:05:00,69.3952,69.3952,69.3705,69.3754,13567
2026-07-15 15:06:00,69.3754,69.41,69.3705,69.4051,16483
2026-07-15 15:07:00,69.4051,69.41,69.3705,69.3803,30999
2026-07-15 15:08:00,69.3705,69.3952,69.3705,69.3952,17132
2026-07-15 15:09:00,69.3902,69.3952,69.3754,69.3902,24494
2026-07-15 15:10:00,69.3853,69.3853,69.3457,69.3606,34860
2026-07-15 15:11:00,69.3606,69.3607,69.3358,69.3412,26030
2026-07-15 15:12:00,69.3457,69.3655,69.3408,69.3606,22991
2026-07-15 15:13:00,69.3655,69.3803,69.3606,69.3803,24579
2026-07-15 15:14:00,69.3803,69.3902,69.3408,69.3462,24971
2026-07-15 15:15:00,69.3408,69.3408,69.3061,69.3408,24385
2026-07-15 15:16:00,69.3507,69.3902,69.3507,69.3853,20165
2026-07-15 15:17:00,69.3902,69.3902,69.3705,69.3754,19337
2026-07-15 15:18:00,69.3754,69.4,69.3705,69.4,22785
2026-07-15 15:19:00,69.3902,69.4051,69.3803,69.4001,16281
2026-07-15 15:20:00,69.405,69.41,69.3952,69.3952,23683
2026-07-15 15:21:00,69.3952,69.4051,69.3903,69.3952,14638
2026-07-15 15:22:00,69.3952,69.4051,69.3902,69.3952,15634
2026-07-15 15:23:00,69.4001,69.41,69.3977,69.4054,11168
2026-07-15 15:24:00,69.4051,69.4298,69.4045,69.4249,16607
2026-07-15 15:25:00,69.4298,69.4397,69.3902,69.3902,28784
2026-07-15 15:26:00,69.3952,69.4051,69.3606,69.4051,39412
2026-07-15 15:27:00,69.4056,69.4113,69.3952,69.41,23446
2026-07-15 15:28:00,69.415,69.4199,69.4001,69.4091,8774
2026-07-15 15:29:00,69.41,69.4397,69.41,69.4199,28058
2026-07-15 15:30:00,69.415,69.4199,69.3853,69.4051,34799
2026-07-15 15:31:00,69.4001,69.4199,69.3952,69.4051,13269
2026-07-15 15:32:00,69.41,69.4199,69.3853,69.3952,27654
2026-07-15 15:33:00,69.3902,69.3902,69.3507,69.3803,23650
2026-07-15 15:34:00,69.3853,69.3902,69.3754,69.3754,17747
2026-07-15 15:35:00,69.3754,69.3853,69.3655,69.3655,20187
2026-07-15 15:36:00,69.3705,69.3853,69.3408,69.3457,22286
2026-07-15 15:37:00,69.3507,69.3705,69.3507,69.3655,23924
2026-07-15 15:38:00,69.3655,69.3671,69.3309,69.3358,24786
2026-07-15 15:39:00,69.3309,69.3358,69.3012,69.3111,45421
2026-07-15 15:40:00,69.3162,69.3309,69.2617,69.2962,104677
2026-07-15 15:41:00,69.2913,69.2913,69.2517,69.2814,29161
2026-07-15 15:42:00,69.2804,69.2895,69.2616,69.2665,14968
2026-07-15 15:43:00,69.2616,69.2665,69.2418,69.2467,24214
2026-07-15 15:44:00,69.2517,69.2517,69.222,69.2319,38676
2026-07-15 15:45:00,69.2319,69.2418,69.2121,69.217,31775
2026-07-15 15:46:00,69.222,69.2319,69.1972,69.2022,31114
2026-07-15 15:47:00,69.2022,69.222,69.2022,69.2022,29217
2026-07-15 15:48:00,69.2071,69.2467,69.2071,69.2467,42595
2026-07-15 15:49:00,69.2467,69.2467,69.2121,69.2121,24073
2026-07-15 15:50:00,69.2121,69.2764,69.2121,69.2491,51044
2026-07-15 15:51:00,69.2467,69.2913,69.2319,69.2619,56805
2026-07-15 15:52:00,69.2715,69.2715,69.2319,69.2368,37087
2026-07-15 15:53:00,69.2418,69.2715,69.2319,69.2368,63973
2026-07-15 15:54:00,69.2418,69.2665,69.2319,69.2517,63237
2026-07-15 15:55:00,69.2467,69.3259,69.2368,69.2913,108118
2026-07-15 15:56:00,69.2962,69.2962,69.2319,69.2517,131493
2026-07-15 15:57:00,69.2517,69.2665,69.2319,69.2566,115405
2026-07-15 15:58:00,69.2566,69.321,69.2467,69.3111,146976
2026-07-15 15:59:00,69.316,69.321,69.2715,69.3012,222556
2026-07-16 09:30:00,69.4694,69.5882,69.411,69.5189,278352
2026-07-16 09:31:00,69.5387,69.5585,69.4496,69.4991,22649
2026-07-16 09:32:00,69.5067,69.5585,69.4397,69.509,33654
2026-07-16 09:33:00,69.5189,69.6153,69.4793,69.4793,34600
2026-07-16 09:34:00,69.4892,69.5684,69.4694,69.489,26288
2026-07-16 09:35:00,69.4794,69.4991,69.3754,69.3803,24693
2026-07-16 09:36:00,69.3705,69.4298,69.3457,69.3508,17205
2026-07-16 09:37:00,69.3507,69.4199,69.3408,69.3408,15673
2026-07-16 09:38:00,69.3408,69.3408,69.2467,69.2467,19303
2026-07-16 09:39:00,69.2517,69.3309,69.2418,69.3223,25108
2026-07-16 09:40:00,69.3309,69.4199,69.3309,69.41,15944
2026-07-16 09:41:00,69.4001,69.4397,69.4001,69.4397,10106
2026-07-16 09:42:00,69.4397,69.4892,69.4305,69.4892,14061
2026-07-16 09:43:00,69.4793,69.4793,69.4496,69.4793,13872
2026-07-16 09:44:00,69.4892,69.509,69.4694,69.4744,11206
2026-07-16 09:45:00,69.4595,69.4694,69.4397,69.4694,13504
2026-07-16 09:46:00,69.4793,69.509,69.4595,69.4595,16760
2026-07-16 09:47:00,69.4595,69.4843,69.4397,69.4793,15737
2026-07-16 09:48:00,69.4694,69.4991,69.4694,69.4793,30449
2026-07-16 09:49:00,69.4793,69.5387,69.4694,69.5239,24014
2026-07-16 09:50:00,69.5286,69.5585,69.5041,69.5585,16677
2026-07-16 09:51:00,69.5684,69.5882,69.5387,69.5882,21957
2026-07-16 09:52:00,69.5882,69.5882,69.5189,69.5585,29693
2026-07-16 09:53:00,69.5597,69.5967,69.5387,69.5496,21732
2026-07-16 09:54:00,69.5606,69.5684,69.509,69.5239,18447
2026-07-16 09:55:00,69.509,69.509,69.4397,69.4991,22929
2026-07-16 09:56:00,69.4991,69.5684,69.4892,69.5042,22759
2026-07-16 09:57:00,69.4991,69.5189,69.4793,69.509,15024
2026-07-16 09:58:00,69.5041,69.5683,69.4991,69.5683,20584
2026-07-16 09:59:00,69.5585,69.5981,69.5585,69.5833,20195
2026-07-16 10:00:00,69.5783,69.5783,69.5387,69.5486,22805
2026-07-16 10:01:00,69.5387,69.5486,69.4447,69.4991,88362
2026-07-16 10:02:00,69.4991,69.5486,69.4892,69.509,27734
2026-07-16 10:03:00,69.4991,69.5585,69.4892,69.5486,34860
2026-07-16 10:04:00,69.5486,69.613,69.5288,69.613,22853
2026-07-16 10:05:00,69.609,69.609,69.5288,69.5882,22215
2026-07-16 10:06:00,69.5981,69.6279,69.5833,69.6031,22327
2026-07-16 10:07:00,69.6031,69.6179,69.5585,69.6179,19580
2026-07-16 10:08:00,69.6265,69.6575,69.6179,69.6278,29061
2026-07-16 10:09:00,69.6328,69.6328,69.5882,69.5982,23512
2026-07-16 10:10:00,69.6031,69.6189,69.5684,69.5684,23109
2026-07-16 10:11:00,69.5585,69.5684,69.514,69.5684,42387
2026-07-16 10:12:00,69.5635,69.608,69.5387,69.5635,57262
2026-07-16 10:13:00,69.5684,69.5981,69.5585,69.5734,16378
2026-07-16 10:14:00,69.5684,69.5783,69.5387,69.5734,17528
2026-07-16 10:15:00,69.5585,69.5981,69.5486,69.5981,26800
2026-07-16 10:16:00,69.5932,69.6278,69.5883,69.6278,39787
2026-07-16 10:17:00,69.6179,69.6773,69.6179,69.6674,34062
2026-07-16 10:18:00,69.6625,69.707,69.5387,69.6724,455661
2026-07-16 10:19:00,69.6724,69.6823,69.6278,69.6625,37342
2026-07-16 10:20:00,69.6619,69.6971,69.6476,69.6674,29636
2026-07-16 10:21:00,69.6732,69.7961,69.6732,69.7921,82388
2026-07-16 10:22:00,69.7911,69.7961,69.7714,69.7862,44715
2026-07-16 10:23:00,69.7961,69.8852,69.7812,69.8456,126452
2026-07-16 10:24:00,69.8456,69.8456,69.7862,69.7961,30476
2026-07-16 10:25:00,69.7961,69.8307,69.7565,69.8159,41465
2026-07-16 10:26:00,69.8258,69.8258,69.7714,69.7911,25673
2026-07-16 10:27:00,69.7911,69.8001,69.712,69.712,27350
2026-07-16 10:28:00,69.707,69.7169,69.6688,69.6724,14344
2026-07-16 10:29:00,69.6758,69.707,69.6476,69.6971,28109
2026-07-16 10:30:00,69.6971,69.7466,69.6773,69.7367,25805
2026-07-16 10:31:00,69.7466,69.806,69.7417,69.7812,62204
2026-07-16 10:32:00,69.7763,69.7911,69.7565,69.7664,15751
2026-07-16 10:33:00,69.7763,69.7763,69.707,69.712,13507
2026-07-16 10:34:00,69.7169,69.7565,69.7021,69.7021,24020
2026-07-16 10:35:00,69.7021,69.7466,69.7021,69.7466,13165
2026-07-16 10:36:00,69.7417,69.7961,69.7169,69.7961,17794
2026-07-16 10:37:00,69.7862,69.7961,69.7664,69.7951,11445
2026-07-16 10:38:00,69.7961,69.806,69.7763,69.806,14306
2026-07-16 10:39:00,69.8159,69.8258,69.801,69.8159,22707
2026-07-16 10:40:00,69.8109,69.8753,69.806,69.8753,23642
2026-07-16 10:41:00,69.8703,69.9149,69.8456,69.8505,42767
2026-07-16 10:42:00,69.8505,69.905,69.8505,69.9,46326
2026-07-16 10:43:00,69.8951,69.9347,69.8654,69.9248,19150
2026-07-16 10:44:00,69.9332,69.9842,69.9149,69.9644,79022
2026-07-16 10:45:00,69.9644,69.9644,69.9,69.9,31166
2026-07-16 10:46:00,69.8951,69.905,69.837,69.837,44873
2026-07-16 10:47:00,69.8406,69.9248,69.8258,69.9248,33994
2026-07-16 10:48:00,69.9297,69.9297,69.8456,69.8916,66849
2026-07-16 10:49:00,69.8951,69.9198,69.8802,69.905,13883
2026-07-16 10:50:00,69.9,69.905,69.8456,69.8604,16600
2026-07-16 10:51:00,69.8654,69.9099,69.8307,69.8901,31493
2026-07-16 10:52:00,69.8951,69.9743,69.895,69.9644,24189
2026-07-16 10:53:00,69.9545,69.9792,69.9446,69.9743,19348
2026-07-16 10:54:00,69.9743,69.9743,69.9347,69.9495,12837
2026-07-16 10:55:00,69.9495,69.9842,69.9446,69.9446,35544
2026-07-16 10:56:00,69.9347,69.9545,69.905,69.9347,54994
2026-07-16 10:57:00,69.9435,69.9435,69.8654,69.8826,19739
2026-07-16 10:58:00,69.8753,69.8753,69.7911,69.7911,18278
2026-07-16 10:59:00,69.7862,69.8456,69.7565,69.8406,52009
2026-07-16 11:00:00,69.8357,69.8901,69.8258,69.8753,58207
2026-07-16 11:01:00,69.8792,69.8792,69.8258,69.8307,27793
2026-07-16 11:02:00,69.8287,69.8357,69.7911,69.816,20293
2026-07-16 11:03:00,69.8258,69.8357,69.7961,69.801,19464
2026-07-16 11:04:00,69.7911,69.806,69.7763,69.7961,15306
2026-07-16 11:05:00,69.7961,69.8258,69.7862,69.8208,30218
2026-07-16 11:06:00,69.8208,69.8258,69.7911,69.8077,35338
2026-07-16 11:07:00,69.806,69.806,69.7565,69.7714,13869
2026-07-16 11:08:00,69.7721,69.7812,69.7615,69.7664,13235
2026-07-16 11:09:00,69.7664,69.7763,69.7565,69.7664,24437
2026-07-16 11:10:00,69.7763,69.7763,69.7615,69.7763,16740
2026-07-16 11:11:00,69.7714,69.7763,69.7268,69.727,34721
2026-07-16 11:12:00,69.7268,69.7367,69.712,69.712,18435
2026-07-16 11:13:00,69.712,69.7763,69.707,69.7615,42707
2026-07-16 11:14:00,69.7615,69.7664,69.7466,69.7565,21888
2026-07-16 11:15:00,69.7565,69.7763,69.7565,69.7664,15879
2026-07-16 11:16:00,69.7714,69.7763,69.7367,69.7417,17409
2026-07-16 11:17:00,69.7367,69.7466,69.7268,69.7318,24890
2026-07-16 11:18:00,69.7348,69.7545,69.7169,69.7516,18398
2026-07-16 11:19:00,69.7516,69.7516,69.7268,69.735,24008
2026-07-16 11:20:00,69.7347,69.7367,69.7268,69.7268,9516
2026-07-16 11:21:00,69.7268,69.7367,69.712,69.7219,30921
2026-07-16 11:22:00,69.7219,69.7565,69.7169,69.735,18851
2026-07-16 11:23:00,69.7318,69.7366,69.6872,69.6872,34877
2026-07-16 11:24:00,69.6872,69.6872,69.6476,69.6476,16365
2026-07-16 11:25:00,69.6526,69.6971,69.6476,69.6971,15204
2026-07-16 11:26:00,69.6971,69.7664,69.6872,69.7664,37123
2026-07-16 11:27:00,69.7763,69.786,69.7477,69.7615,16073
2026-07-16 11:28:00,69.7615,69.7664,69.7367,69.7417,11205
2026-07-16 11:29:00,69.7417,69.7615,69.7318,69.7516,12577
2026-07-16 11:30:00,69.7615,69.7615,69.707,69.7169,12273
2026-07-16 11:31:00,69.7219,69.7565,69.7219,69.7219,14573
2026-07-16 11:32:00,69.7267,69.7367,69.707,69.707,13856
2026-07-16 11:33:00,69.707,69.707,69.692,69.6958,19513
2026-07-16 11:34:00,69.6922,69.7417,69.6872,69.7318,15569
2026-07-16 11:35:00,69.7318,69.7714,69.7219,69.7663,47015
2026-07-16 11:36:00,69.7619,69.7714,69.7466,69.7516,12109
2026-07-16 11:37:00,69.7466,69.7664,69.7417,69.7565,13397
2026-07-16 11:38:00,69.7565,69.7763,69.7565,69.7615,7205
2026-07-16 11:39:00,69.7565,69.7812,69.7516,69.7665,18451
2026-07-16 11:40:00,69.7664,69.8159,69.7466,69.8109,34394
2026-07-16 11:41:00,69.8109,69.8258,69.806,69.8159,11403
2026-07-16 11:42:00,69.8208,69.8258,69.806,69.8159,13411
2026-07-16 11:43:00,69.8159,69.8307,69.7961,69.8109,11437
2026-07-16 11:44:00,69.8109,69.8456,69.806,69.8357,27470
2026-07-16 11:45:00,69.8293,69.8359,69.8208,69.8357,10031
2026-07-16 11:46:00,69.8456,69.8802,69.8406,69.8753,17564
2026-07-16 11:47:00,69.8703,69.8703,69.8555,69.8604,13349
2026-07-16 11:48:00,69.8555,69.8615,69.7911,69.801,27472
2026-07-16 11:49:00,69.7911,69.8368,69.7763,69.8368,17443
2026-07-16 11:50:00,69.8406,69.8406,69.801,69.801,11339
2026-07-16 11:51:00,69.801,69.8258,69.801,69.8257,18258
2026-07-16 11:52:00,69.8109,69.8109,69.7565,69.7565,14186
2026-07-16 11:53:00,69.7615,69.7714,69.7469,69.7714,19777
2026-07-16 11:54:00,69.7763,69.8159,69.7763,69.8159,29468
2026-07-16 11:55:00,69.806,69.806,69.7763,69.7862,47328
2026-07-16 11:56:00,69.7911,69.8357,69.7911,69.8357,22663
2026-07-16 11:57:00,69.8357,69.8357,69.8159,69.8159,6287
2026-07-16 11:58:00,69.8159,69.8456,69.806,69.8406,39356
2026-07-16 11:59:00,69.8406,69.8555,69.8406,69.8505,12031
2026-07-16 12:00:00,69.8505,69.8951,69.8457,69.8901,29974
2026-07-16 12:01:00,69.8901,69.905,69.8753,69.8852,17659
2026-07-16 12:02:00,69.8901,69.895,69.8505,69.8505,24243
2026-07-16 12:03:00,69.8554,69.9,69.8505,69.9,26227
2026-07-16 12:04:00,69.9,69.9344,69.8952,69.9248,27206
2026-07-16 12:05:00,69.9297,69.9446,69.8951,69.9099,17566
2026-07-16 12:06:00,69.9149,69.9346,69.9149,69.9248,24517
2026-07-16 12:07:00,69.9297,69.9644,69.9248,69.9544,30341
2026-07-16 12:08:00,69.9545,69.9842,69.9495,69.9792,12148
2026-07-16 12:09:00,69.9792,69.9941,69.9743,69.9891,20188
2026-07-16 12:10:00,69.9891,70.0023,69.9842,69.999,19754
2026-07-16 12:11:00,70.004,70.0386,69.9891,70.004,52843
2026-07-16 12:12:00,70.004,70.0238,70.004,70.0238,19555
2026-07-16 12:13:00,70.0238,70.0436,70.004,70.0238,31789
2026-07-16 12:14:00,70.0188,70.0287,69.9842,69.9921,14940
2026-07-16 12:15:00,69.9891,70.0188,69.9842,70.0188,9237
2026-07-16 12:16:00,70.0139,70.0227,70.004,70.0041,9973
2026-07-16 12:17:00,70.0089,70.0188,69.9941,70.0159,11480
2026-07-16 12:18:00,70.0188,70.0287,70.0139,70.0238,11578
2026-07-16 12:19:00,70.0188,70.0287,70.0139,70.0238,7877
2026-07-16 12:20:00,70.0337,70.0337,70.0089,70.0295,13179
2026-07-16 12:21:00,70.0287,70.0337,70.004,70.014,16918
2026-07-16 12:22:00,70.0188,70.0386,70.0139,70.0337,20068
2026-07-16 12:23:00,70.0337,70.0436,70.0238,70.0386,19186
2026-07-16 12:24:00,70.0337,70.0436,69.9941,69.999,15336
2026-07-16 12:25:00,69.9941,70.0634,69.9941,70.0277,35397
2026-07-16 12:26:00,70.0287,70.0574,70.0256,70.0421,14646
2026-07-16 12:27:00,70.0337,70.0337,69.9941,70.0188,39539
2026-07-16 12:28:00,70.0188,70.0316,70.004,70.0287,29852
2026-07-16 12:29:00,70.0286,70.0287,69.9891,69.9891,14719
2026-07-16 12:30:00,69.9842,70.0386,69.9842,70.0249,23771
2026-07-16 12:31:00,70.0287,70.0485,70.0238,70.0436,12975
2026-07-16 12:32:00,70.0485,70.0535,70.0188,70.0386,38723
2026-07-16 12:33:00,70.0386,70.0584,70.0287,70.0535,14256
2026-07-16 12:34:00,70.0535,70.0634,70.0436,70.0584,10083
2026-07-16 12:35:00,70.0584,70.0733,70.0535,70.0584,20488
2026-07-16 12:36:00,70.0584,70.1426,70.0584,70.1426,54155
2026-07-16 12:37:00,70.1376,70.192,70.1178,70.1772,68872
2026-07-16 12:38:00,70.1772,70.192,70.1673,70.1714,19038
2026-07-16 12:39:00,70.1722,70.1817,70.1624,70.1772,23523
2026-07-16 12:40:00,70.1772,70.2019,70.1722,70.1871,48299
2026-07-16 12:41:00,70.1871,70.192,70.1673,70.1673,23979
2026-07-16 12:42:00,70.1624,70.1673,70.1449,70.1473,18303
2026-07-16 12:43:00,70.1475,70.1525,70.1228,70.1475,20597
2026-07-16 12:44:00,70.1451,70.1673,70.1327,70.1525,26096
2026-07-16 12:45:00,70.1722,70.192,70.1624,70.192,20864
2026-07-16 12:46:00,70.197,70.197,70.1722,70.192,13319
2026-07-16 12:47:00,70.1871,70.1871,70.1624,70.1673,14196
2026-07-16 12:48:00,70.1722,70.1772,70.1624,70.1722,17280
2026-07-16 12:49:00,70.1722,70.192,70.1525,70.1821,30227
2026-07-16 12:50:00,70.1871,70.197,70.1624,70.1673,17903
2026-07-16 12:51:00,70.1673,70.2366,70.1574,70.2327,41343
2026-07-16 12:52:00,70.2316,70.2316,70.1772,70.1802,24389
2026-07-16 12:53:00,70.1771,70.182,70.1722,70.1772,6975
2026-07-16 12:54:00,70.1722,70.1722,70.1624,70.1624,12389
2026-07-16 12:55:00,70.1673,70.1871,70.1624,70.1871,22919
2026-07-16 12:56:00,70.1871,70.2019,70.1722,70.1772,21312
2026-07-16 12:57:00,70.1772,70.2019,70.1723,70.1871,14432
2026-07-16 12:58:00,70.1871,70.2118,70.1772,70.2018,13827
2026-07-16 12:59:00,70.1993,70.2019,70.192,70.197,9411
2026-07-16 13:00:00,70.197,70.197,70.1446,70.1446,15503
2026-07-16 13:01:00,70.1446,70.1574,70.1228,70.1277,19363
2026-07-16 13:02:00,70.1228,70.1277,70.0832,70.1018,23653
2026-07-16 13:03:00,70.103,70.1081,70.0931,70.103,12602
2026-07-16 13:04:00,70.103,70.1228,70.098,70.1065,18905
2026-07-16 13:05:00,70.1129,70.1525,70.1129,70.1277,26365
2026-07-16 13:06:00,70.1277,70.1277,70.0931,70.098,17728
2026-07-16 13:07:00,70.098,70.103,70.0931,70.0931,5998
2026-07-16 13:08:00,70.0931,70.0931,70.0584,70.0683,14471
2026-07-16 13:09:00,70.0683,70.0782,70.0535,70.0584,15182
2026-07-16 13:10:00,70.0584,70.0584,70.0386,70.0436,6650
2026-07-16 13:11:00,70.0436,70.0436,70.0337,70.0337,4398
2026-07-16 13:12:00,70.0337,70.0386,70.0188,70.0337,19494
2026-07-16 13:13:00,70.0386,70.0634,70.0287,70.0535,13877
2026-07-16 13:14:00,70.0485,70.0634,70.0445,70.0545,8624
2026-07-16 13:15:00,70.0582,70.0634,70.0535,70.0535,6839
2026-07-16 13:16:00,70.0584,70.0832,70.0584,70.0684,11905
2026-07-16 13:17:00,70.0634,70.0832,70.0535,70.0782,16119
2026-07-16 13:18:00,70.0782,70.0931,70.0733,70.0733,11722
2026-07-16 13:19:00,70.0733,70.0881,70.0733,70.0881,10057
2026-07-16 13:20:00,70.0881,70.1079,70.0832,70.1079,6967
2026-07-16 13:21:00,70.1079,70.1178,70.103,70.1129,9104
2026-07-16 13:22:00,70.1129,70.1327,70.103,70.1325,12500
2026-07-16 13:23:00,70.1277,70.1327,70.1228,70.1277,8395
2026-07-16 13:24:00,70.1277,70.1475,70.1142,70.1475,25965
2026-07-16 13:25:00,70.1427,70.1821,70.1376,70.1525,43618
2026-07-16 13:26:00,70.1574,70.1624,70.1327,70.1376,41596
2026-07-16 13:27:00,70.1376,70.1426,70.1327,70.1327,5199
2026-07-16 13:28:00,70.1327,70.1376,70.1228,70.1277,11172
2026-07-16 13:29:00,70.1277,70.1574,70.1277,70.1475,24050
2026-07-16 13:30:00,70.1441,70.1525,70.1426,70.1426,6912
2026-07-16 13:31:00,70.1439,70.1722,70.1426,70.1682,13380
2026-07-16 13:32:00,70.1722,70.1919,70.1624,70.1673,12379
2026-07-16 13:33:00,70.1673,70.1722,70.1426,70.1438,11654
2026-07-16 13:34:00,70.1475,70.1475,70.098,70.098,15759
2026-07-16 13:35:00,70.098,70.103,70.0782,70.0832,18867
2026-07-16 13:36:00,70.0832,70.103,70.0734,70.098,14061
2026-07-16 13:37:00,70.098,70.098,70.0451,70.0451,15735
2026-07-16 13:38:00,70.0485,70.0683,70.0436,70.0584,14436
2026-07-16 13:39:00,70.0584,70.0584,70.0436,70.0485,7401
2026-07-16 13:40:00,70.0485,70.0634,70.0485,70.0616,7157
2026-07-16 13:41:00,70.0535,70.0535,70.0139,70.0188,15651
2026-07-16 13:42:00,70.0188,70.0436,70.0139,70.0436,10742
2026-07-16 13:43:00,70.0436,70.0634,70.0337,70.0386,16486
2026-07-16 13:44:00,70.0355,70.0436,70.0337,70.0386,6684
2026-07-16 13:45:00,70.0337,70.0535,70.0337,70.0485,17628
2026-07-16 13:46:00,70.0535,70.0893,70.0535,70.0893,14954
2026-07-16 13:47:00,70.0881,70.103,70.0535,70.0572,34061
2026-07-16 13:48:00,70.0615,70.0615,70.0337,70.0436,7810
2026-07-16 13:49:00,70.0362,70.0362,70.004,70.0337,27359
2026-07-16 13:50:00,70.0287,70.0436,70.0139,70.0139,14442
2026-07-16 13:51:00,70.0172,70.0238,70.0139,70.0139,12478
2026-07-16 13:52:00,70.0139,70.0238,70.004,70.0188,20749
2026-07-16 13:53:00,70.0188,70.0238,69.9976,70.0089,17232
2026-07-16 13:54:00,70.0089,70.0287,69.9941,70.0139,21164
2026-07-16 13:55:00,70.0139,70.0435,70.004,70.0096,26324
2026-07-16 13:56:00,70.0139,70.0436,70.0139,70.0436,12451
2026-07-16 13:57:00,70.0436,70.0436,70.0337,70.0386,8724
2026-07-16 13:58:00,70.0386,70.0436,70.0337,70.0386,7972
2026-07-16 13:59:00,70.0337,70.0499,70.0337,70.0449,11671
2026-07-16 14:00:00,70.0485,70.0485,70.0337,70.0337,6652
2026-07-16 14:01:00,70.0337,70.0386,70.0238,70.0378,16367
2026-07-16 14:02:00,70.0362,70.0485,70.0337,70.0337,15220
2026-07-16 14:03:00,70.0436,70.0733,70.0436,70.0733,14219
2026-07-16 14:04:00,70.0733,70.0817,70.0436,70.0552,20028
2026-07-16 14:05:00,70.0535,70.0782,70.0452,70.0733,190515
2026-07-16 14:06:00,70.0782,70.0832,70.0535,70.0535,8364
2026-07-16 14:07:00,70.0634,70.0881,70.0584,70.0782,40753
2026-07-16 14:08:00,70.0782,70.1228,70.0746,70.1079,16358
2026-07-16 14:09:00,70.1079,70.1178,70.0931,70.098,13350
2026-07-16 14:10:00,70.098,70.1426,70.0931,70.1406,20153
2026-07-16 14:11:00,70.1426,70.1525,70.1327,70.1327,14505
2026-07-16 14:12:00,70.1376,70.1525,70.1327,70.1475,4501
2026-07-16 14:13:00,70.1426,70.192,70.1426,70.192,39691
2026-07-16 14:14:00,70.1871,70.1871,70.1722,70.1772,24642
2026-07-16 14:15:00,70.1772,70.2118,70.1722,70.2118,17509
2026-07-16 14:16:00,70.2118,70.227,70.2118,70.2118,17953
2026-07-16 14:17:00,70.2168,70.24,70.2118,70.24,27785
2026-07-16 14:18:00,70.2316,70.2316,70.2118,70.2267,16016
2026-07-16 14:19:00,70.2316,70.2366,70.2217,70.2366,37761
2026-07-16 14:20:00,70.2366,70.2465,70.2217,70.2415,31087
2026-07-16 14:21:00,70.2415,70.2613,70.2217,70.2217,18772
2026-07-16 14:22:00,70.2267,70.2315,70.2035,70.2118,15180
2026-07-16 14:23:00,70.2118,70.2217,70.192,70.192,16100
2026-07-16 14:24:00,70.2019,70.2019,70.192,70.192,4771
2026-07-16 14:25:00,70.197,70.2019,70.1673,70.1673,19788
2026-07-16 14:26:00,70.1624,70.1624,70.1178,70.1228,15587
2026-07-16 14:27:00,70.1327,70.1426,70.1228,70.1376,22751
2026-07-16 14:28:00,70.1426,70.1426,70.1129,70.1129,14030
2026-07-16 14:29:00,70.1142,70.1178,70.098,70.1069,27973
2026-07-16 14:30:00,70.1079,70.1129,70.0742,70.0742,14716
2026-07-16 14:31:00,70.0782,70.0931,70.0733,70.0881,17557
2026-07-16 14:32:00,70.0881,70.1079,70.0782,70.0832,20903
2026-07-16 14:33:00,70.0881,70.0931,70.0733,70.0931,24432
2026-07-16 14:34:00,70.0881,70.0881,70.0634,70.0634,16759
2026-07-16 14:35:00,70.0683,70.0931,70.0634,70.0683,22490
2026-07-16 14:36:00,70.0634,70.0733,70.0337,70.0386,14126
2026-07-16 14:37:00,70.0386,70.0436,70.0337,70.0386,6475
2026-07-16 14:38:00,70.0386,70.0436,70.0238,70.0337,18421
2026-07-16 14:39:00,70.0337,70.062,70.0337,70.0584,10334
2026-07-16 14:40:00,70.0584,70.0733,70.0535,70.0683,27162
2026-07-16 14:41:00,70.0634,70.0832,70.0584,70.0733,35226
2026-07-16 14:42:00,70.0674,70.1079,70.0674,70.0733,14112
2026-07-16 14:43:00,70.0733,70.103,70.0635,70.103,15848
2026-07-16 14:44:00,70.103,70.1129,70.0931,70.0931,9382
2026-07-16 14:45:00,70.0931,70.0931,70.0683,70.0683,18233
2026-07-16 14:46:00,70.0683,70.0832,70.0634,70.0733,19064
2026-07-16 14:47:00,70.0782,70.0832,70.0669,70.0669,6429
2026-07-16 14:48:00,70.0634,70.0634,70.0188,70.0188,16847
2026-07-16 14:49:00,70.0238,70.0633,70.0238,70.0535,12876
2026-07-16 14:50:00,70.0535,70.0634,70.0436,70.0584,17686
2026-07-16 14:51:00,70.0584,70.0715,70.0485,70.0715,15187
2026-07-16 14:52:00,70.0732,70.0832,70.0683,70.0782,9406
2026-07-16 14:53:00,70.0832,70.103,70.0683,70.103,19662
2026-07-16 14:54:00,70.097,70.1028,70.0485,70.0588,10236
2026-07-16 14:55:00,70.0584,70.0832,70.0584,70.0832,11302
2026-07-16 14:56:00,70.0811,70.0832,70.0733,70.0832,7112
2026-07-16 14:57:00,70.0733,70.098,70.0683,70.0881,35356
2026-07-16 14:58:00,70.0881,70.098,70.0782,70.0931,16833
2026-07-16 14:59:00,70.0931,70.098,70.0832,70.0881,10555
2026-07-16 15:00:00,70.0931,70.1129,70.0733,70.0788,29695
2026-07-16 15:01:00,70.0782,70.0832,70.0683,70.0683,9108
2026-07-16 15:02:00,70.0648,70.0832,70.0634,70.0683,16652
2026-07-16 15:03:00,70.0647,70.0733,70.0337,70.0337,17281
2026-07-16 15:04:00,70.035,70.0584,70.0337,70.0485,25814
2026-07-16 15:05:00,70.0485,70.0733,70.0436,70.0683,10330
2026-07-16 15:06:00,70.0683,70.0733,70.0535,70.0584,11672
2026-07-16 15:07:00,70.0536,70.0733,70.0536,70.0634,14698
2026-07-16 15:08:00,70.0634,70.103,70.0634,70.098,28586
2026-07-16 15:09:00,70.098,70.103,70.0535,70.0629,15584
2026-07-16 15:10:00,70.0584,70.103,70.0535,70.103,22970
2026-07-16 15:11:00,70.1079,70.1327,70.1043,70.1277,18630
2026-07-16 15:12:00,70.1277,70.1277,70.1047,70.1079,13503
2026-07-16 15:13:00,70.1129,70.1475,70.1079,70.1178,24237
2026-07-16 15:14:00,70.1178,70.1326,70.1129,70.1199,19588
2026-07-16 15:15:00,70.1228,70.1426,70.1079,70.1426,17774
2026-07-16 15:16:00,70.1426,70.1821,70.1386,70.1673,21467
2026-07-16 15:17:00,70.1673,70.1673,70.1525,70.1673,28217
2026-07-16 15:18:00,70.1673,70.1722,70.1426,70.1426,17441
2026-07-16 15:19:00,70.1376,70.1415,70.1178,70.1178,21926
2026-07-16 15:20:00,70.1265,70.1426,70.1178,70.1178,18215
2026-07-16 15:21:00,70.1129,70.1277,70.103,70.1178,24796
2026-07-16 15:22:00,70.1178,70.1525,70.1178,70.1475,23594
2026-07-16 15:23:00,70.1475,70.1624,70.1426,70.1426,20210
2026-07-16 15:24:00,70.1425,70.1624,70.1366,70.1574,14245
2026-07-16 15:25:00,70.1574,70.2118,70.1475,70.1871,59402
2026-07-16 15:26:00,70.1821,70.2019,70.1821,70.197,19697
2026-07-16 15:27:00,70.197,70.2019,70.1846,70.2019,30411
2026-07-16 15:28:00,70.201,70.2109,70.192,70.2019,19643
2026-07-16 15:29:00,70.2069,70.2118,70.192,70.2069,27616
2026-07-16 15:30:00,70.2042,70.2118,70.1821,70.1911,35439
2026-07-16 15:31:00,70.1871,70.2366,70.1871,70.2316,66934
2026-07-16 15:32:00,70.2217,70.2307,70.2118,70.2118,26726
2026-07-16 15:33:00,70.2118,70.2613,70.2118,70.2465,40423
2026-07-16 15:34:00,70.2513,70.2712,70.2465,70.2663,25741
2026-07-16 15:35:00,70.2613,70.2811,70.2613,70.2762,32493
2026-07-16 15:36:00,70.2762,70.2811,70.2218,70.2218,45586
2026-07-16 15:37:00,70.2217,70.2591,70.2118,70.2415,46198
2026-07-16 15:38:00,70.2415,70.2415,70.2217,70.2366,20562
2026-07-16 15:39:00,70.2316,70.2366,70.2118,70.2168,26542
2026-07-16 15:40:00,70.2168,70.2168,70.1659,70.1772,28737
2026-07-16 15:41:00,70.1812,70.1812,70.1277,70.1574,68309
2026-07-16 15:42:00,70.1624,70.1821,70.1525,70.1772,38419
2026-07-16 15:43:00,70.1772,70.192,70.1574,70.1871,46213
2026-07-16 15:44:00,70.192,70.2118,70.192,70.2069,35461
2026-07-16 15:45:00,70.2069,70.2465,70.2069,70.2366,88144
2026-07-16 15:46:00,70.2316,70.2465,70.2069,70.2118,75738
2026-07-16 15:47:00,70.2069,70.2415,70.2019,70.2217,50483
2026-07-16 15:48:00,70.2168,70.2465,70.2118,70.2168,49403
2026-07-16 15:49:00,70.2168,70.2168,70.1821,70.2109,123146
2026-07-16 15:50:00,70.2118,70.2809,70.2069,70.2663,114734
2026-07-16 15:51:00,70.2663,70.2811,70.2613,70.2811,59801
2026-07-16 15:52:00,70.2762,70.3009,70.2514,70.291,99248
2026-07-16 15:53:00,70.296,70.296,70.2514,70.2514,65015
2026-07-16 15:54:00,70.2562,70.291,70.2562,70.2762,85932
2026-07-16 15:55:00,70.2811,70.3207,70.2811,70.2861,119340
2026-07-16 15:56:00,70.2861,70.3108,70.2762,70.291,136036
2026-07-16 15:57:00,70.291,70.3257,70.291,70.3034,139697
2026-07-16 15:58:00,70.3108,70.3801,70.3059,70.3801,218869
2026-07-16 15:59:00,70.3752,70.3801,70.3009,70.3059,393372
2026-07-17 09:30:00,69.9644,70.0139,69.7466,69.904,225584
2026-07-17 09:31:00,69.8753,70.004,69.8694,69.9644,15243
2026-07-17 09:32:00,69.9753,70.004,69.8555,69.8555,15243
2026-07-17 09:33:00,69.8555,69.9347,69.8456,69.8951,21039
2026-07-17 09:34:00,69.905,69.9644,69.8654,69.9099,14890
2026-07-17 09:35:00,69.8951,69.9792,69.8753,69.9743,21119
2026-07-17 09:36:00,69.9594,70.0238,69.9347,69.9644,14263
2026-07-17 09:37:00,69.9743,70.1624,69.9743,70.1426,25627
2026-07-17 09:38:00,70.1426,70.2217,70.0931,70.1821,28557
2026-07-17 09:39:00,70.1722,70.2118,70.1475,70.1821,20760
2026-07-17 09:40:00,70.192,70.192,70.1327,70.1821,19891
2026-07-17 09:41:00,70.1821,70.2514,70.1722,70.2485,16754
2026-07-17 09:42:00,70.2507,70.3207,70.2336,70.3009,50304
2026-07-17 09:43:00,70.3095,70.3405,70.291,70.3009,28340
2026-07-17 09:44:00,70.3108,70.3306,70.2514,70.2613,15799
2026-07-17 09:45:00,70.2465,70.3009,70.2019,70.291,24473
2026-07-17 09:46:00,70.2811,70.2861,70.1624,70.1624,11822
2026-07-17 09:47:00,70.1624,70.1624,70.0584,70.0782,27425
2026-07-17 09:48:00,70.0733,70.0832,70.0287,70.0733,15193
2026-07-17 09:49:00,70.0733,70.1327,70.0733,70.103,17117
2026-07-17 09:50:00,70.0931,70.1821,70.0931,70.1376,17949
2026-07-17 09:51:00,70.1426,70.2118,70.1426,70.2118,24197
2026-07-17 09:52:00,70.2118,70.2414,70.1624,70.2118,28479
2026-07-17 09:53:00,70.192,70.192,70.1574,70.1574,14977
2026-07-17 09:54:00,70.1624,70.2118,70.1426,70.2118,18928
2026-07-17 09:55:00,70.2168,70.2217,70.1722,70.1722,26661
2026-07-17 09:56:00,70.1673,70.2217,70.1647,70.197,16152
2026-07-17 09:57:00,70.2019,70.2217,70.1722,70.197,25048
2026-07-17 09:58:00,70.192,70.2217,70.1772,70.2217,20296
2026-07-17 09:59:00,70.2217,70.2613,70.197,70.2613,17594
2026-07-17 10:00:00,70.2613,70.2712,70.197,70.2019,37334
2026-07-17 10:01:00,70.2069,70.2514,70.2069,70.2267,17867
2026-07-17 10:02:00,70.2217,70.2415,70.2118,70.2217,10998
2026-07-17 10:03:00,70.2118,70.2418,70.2019,70.2118,16381
2026-07-17 10:04:00,70.2118,70.3059,70.2118,70.2564,34940
2026-07-17 10:05:00,70.2602,70.3009,70.2564,70.2564,14828
2026-07-17 10:06:00,70.2514,70.2613,70.2118,70.2118,22687
2026-07-17 10:07:00,70.2019,70.2267,70.192,70.2205,8384
2026-07-17 10:08:00,70.2217,70.2712,70.2118,70.2712,9088
2026-07-17 10:09:00,70.2762,70.2762,70.2366,70.2453,13465
2026-07-17 10:10:00,70.2415,70.2514,70.1972,70.2465,18245
2026-07-17 10:11:00,70.2514,70.2861,70.2514,70.2811,15488
2026-07-17 10:12:00,70.2811,70.3207,70.2762,70.3158,14322
2026-07-17 10:13:00,70.3158,70.407,70.3158,70.3999,26481
2026-07-17 10:14:00,70.4034,70.4098,70.3826,70.39,16213
2026-07-17 10:15:00,70.39,70.4296,70.39,70.4097,34011
2026-07-17 10:16:00,70.4087,70.4197,70.3826,70.3826,17997
2026-07-17 10:17:00,70.39,70.4692,70.3851,70.4494,35400
2026-07-17 10:18:00,70.4445,70.4445,70.3603,70.3603,22498
2026-07-17 10:19:00,70.3603,70.3702,70.3405,70.3603,11078
2026-07-17 10:20:00,70.3504,70.3702,70.3356,70.3455,14071
2026-07-17 10:21:00,70.3455,70.3455,70.2514,70.2811,32610
2026-07-17 10:22:00,70.2968,70.2968,70.2514,70.2799,18577
2026-07-17 10:23:00,70.291,70.3009,70.2712,70.3009,4911
2026-07-17 10:24:00,70.291,70.34,70.291,70.34,5424
2026-07-17 10:25:00,70.3405,70.3697,70.3108,70.3158,21403
2026-07-17 10:26:00,70.3119,70.3198,70.2811,70.3009,19638
2026-07-17 10:27:00,70.296,70.3207,70.2811,70.2811,6257
2026-07-17 10:28:00,70.2852,70.3108,70.2415,70.2514,10012
2026-07-17 10:29:00,70.2465,70.291,70.2415,70.2861,12141
2026-07-17 10:30:00,70.2811,70.291,70.281,70.2811,16306
2026-07-17 10:31:00,70.2811,70.2811,70.2118,70.2217,21069
2026-07-17 10:32:00,70.2118,70.2514,70.2118,70.2415,14953
2026-07-17 10:33:00,70.2366,70.2366,70.1673,70.1673,13828
2026-07-17 10:34:00,70.1683,70.1683,70.0931,70.0931,21778
2026-07-17 10:35:00,70.0931,70.103,70.0337,70.0386,57745
2026-07-17 10:36:00,70.0337,70.0634,70.0238,70.0337,19727
2026-07-17 10:37:00,70.0238,70.0733,70.0238,70.0733,10370
2026-07-17 10:38:00,70.0634,70.0832,70.0436,70.0485,10451
2026-07-17 10:39:00,70.0436,70.1129,70.0436,70.1079,28133
2026-07-17 10:40:00,70.1128,70.1129,70.0931,70.1079,14781
2026-07-17 10:41:00,70.103,70.1228,70.0733,70.1228,21404
2026-07-17 10:42:00,70.1148,70.1426,70.1129,70.1376,13938
2026-07-17 10:43:00,70.1426,70.2712,70.1426,70.2613,43627
2026-07-17 10:44:00,70.2613,70.3009,70.2564,70.2861,35351
2026-07-17 10:45:00,70.2811,70.3108,70.2564,70.3059,18561
2026-07-17 10:46:00,70.3108,70.3306,70.2415,70.2514,32841
2026-07-17 10:47:00,70.2613,70.3108,70.2514,70.291,14223
2026-07-17 10:48:00,70.296,70.3207,70.2514,70.2514,27217
2026-07-17 10:49:00,70.2465,70.2465,70.1624,70.1722,50542
2026-07-17 10:50:00,70.1821,70.2118,70.1475,70.1624,32298
2026-07-17 10:51:00,70.1624,70.1772,70.1129,70.1722,13621
2026-07-17 10:52:00,70.1821,70.2107,70.1129,70.1129,16709
2026-07-17 10:53:00,70.1129,70.2019,70.1129,70.2019,14575
2026-07-17 10:54:00,70.2004,70.2019,70.1722,70.2019,13713
2026-07-17 10:55:00,70.2118,70.2118,70.1821,70.2019,19548
2026-07-17 10:56:00,70.2019,70.2217,70.1822,70.2019,14991
2026-07-17 10:57:00,70.2019,70.2168,70.1722,70.1821,16384
2026-07-17 10:58:00,70.1722,70.192,70.1475,70.1475,15426
2026-07-17 10:59:00,70.1426,70.1821,70.1328,70.1821,15273
2026-07-17 11:00:00,70.1722,70.2019,70.1722,70.192,10898
2026-07-17 11:01:00,70.1821,70.1821,70.1475,70.1624,12913
2026-07-17 11:02:00,70.1673,70.1821,70.1426,70.1821,11985
2026-07-17 11:03:00,70.1821,70.197,70.1376,70.1871,12573
2026-07-17 11:04:00,70.2019,70.2217,70.1821,70.1821,20631
2026-07-17 11:05:00,70.1821,70.2217,70.1821,70.192,25059
2026-07-17 11:06:00,70.192,70.2019,70.1821,70.192,9446
2026-07-17 11:07:00,70.2019,70.2019,70.1426,70.1525,21064
2026-07-17 11:08:00,70.1624,70.1871,70.1525,70.1673,13398
2026-07-17 11:09:00,70.1722,70.1871,70.1574,70.1624,10513
2026-07-17 11:10:00,70.1624,70.1673,70.1327,70.1475,41285
2026-07-17 11:11:00,70.1426,70.1722,70.123,70.1722,13864
2026-07-17 11:12:00,70.1673,70.192,70.103,70.1079,19197
2026-07-17 11:13:00,70.1129,70.1475,70.1079,70.1327,17577
2026-07-17 11:14:00,70.138,70.1821,70.1228,70.1628,13732
2026-07-17 11:15:00,70.1722,70.1772,70.1228,70.1327,27031
2026-07-17 11:16:00,70.1228,70.1277,70.0584,70.0832,14625
2026-07-17 11:17:00,70.0733,70.1178,70.0634,70.098,19163
2026-07-17 11:18:00,70.103,70.103,69.9941,70.004,35090
2026-07-17 11:19:00,70.004,70.0683,69.999,70.0634,17555
2026-07-17 11:20:00,70.0593,70.0931,70.0584,70.0832,45131
2026-07-17 11:21:00,70.0881,70.0881,70.0337,70.0584,21015
2026-07-17 11:22:00,70.0535,70.103,70.0337,70.0584,11197
2026-07-17 11:23:00,70.0634,70.0931,70.0584,70.0881,42394
2026-07-17 11:24:00,70.0931,70.103,70.0733,70.0782,14890
2026-07-17 11:25:00,70.0832,70.0931,70.0634,70.078,17052
2026-07-17 11:26:00,70.0733,70.0832,70.0437,70.0532,20149
2026-07-17 11:27:00,70.0534,70.0881,70.0455,70.0712,19382
2026-07-17 11:28:00,70.0683,70.0782,70.0089,70.0139,25424
2026-07-17 11:29:00,70.004,70.0238,69.9644,69.9792,35691
2026-07-17 11:30:00,69.9842,70.0507,69.9792,70.0386,20630
2026-07-17 11:31:00,70.0337,70.0733,70.0287,70.0733,14817
2026-07-17 11:32:00,70.0731,70.103,70.0535,70.0634,19404
2026-07-17 11:33:00,70.0634,70.1327,70.0634,70.1277,14396
2026-07-17 11:34:00,70.1287,70.1317,70.1167,70.1237,22870
2026-07-17 11:35:00,70.1228,70.1426,70.1129,70.113,8257
2026-07-17 11:36:00,70.1079,70.1426,70.1079,70.1322,12648
2026-07-17 11:37:00,70.1178,70.1228,70.0733,70.1078,14294
2026-07-17 11:38:00,70.103,70.103,70.0584,70.0635,13727
2026-07-17 11:39:00,70.0634,70.0733,70.0337,70.0337,24639
2026-07-17 11:40:00,70.0238,70.0634,70.0139,70.0535,17416
2026-07-17 11:41:00,70.0552,70.0552,69.999,70.0436,24748
2026-07-17 11:42:00,70.0436,70.0485,69.9941,70.0238,20146
2026-07-17 11:43:00,70.0238,70.0485,70.0089,70.0238,17347
2026-07-17 11:44:00,70.0238,70.0238,69.999,70.0089,9880
2026-07-17 11:45:00,70.0089,70.0139,69.9446,69.9693,18907
2026-07-17 11:46:00,69.9743,69.999,69.9693,69.9792,20231
2026-07-17 11:47:00,69.9792,69.9941,69.9645,69.9693,15357
2026-07-17 11:48:00,69.9644,69.9644,69.905,69.9099,15067
2026-07-17 11:49:00,69.905,69.905,69.8406,69.8456,22373
2026-07-17 11:50:00,69.8555,69.8703,69.8357,69.8703,16440
2026-07-17 11:51:00,69.8703,69.9149,69.8654,69.9149,11587
2026-07-17 11:52:00,69.9198,69.9198,69.8357,69.8456,21610
2026-07-17 11:53:00,69.8456,69.8704,69.8357,69.8704,15896
2026-07-17 11:54:00,69.8654,69.9149,69.8654,69.9099,9926
2026-07-17 11:55:00,69.9137,69.9248,69.905,69.905,9751
2026-07-17 11:56:00,69.906,69.9149,69.9,69.9094,12048
2026-07-17 11:57:00,69.9099,69.9198,69.9,69.9198,8176
2026-07-17 11:58:00,69.9248,69.9347,69.9193,69.9297,7982
2026-07-17 11:59:00,69.9248,69.9743,69.9248,69.9693,12814
2026-07-17 12:00:00,69.9693,69.9693,69.9337,69.9396,13764
2026-07-17 12:01:00,69.9347,69.9644,69.9198,69.9396,19319
2026-07-17 12:02:00,69.9545,69.9743,69.9446,69.9743,13598
2026-07-17 12:03:00,69.9792,69.9891,69.9446,69.9682,13480
2026-07-17 12:04:00,69.9743,69.9743,69.9347,69.9396,13629
2026-07-17 12:05:00,69.9396,69.9604,69.9347,69.9347,8783
2026-07-17 12:06:00,69.9347,69.9586,69.9248,69.9446,15693
2026-07-17 12:07:00,69.9446,69.9446,69.905,69.9347,18066
2026-07-17 12:08:00,69.9347,69.9347,69.8951,69.905,12544
2026-07-17 12:09:00,69.905,69.905,69.8456,69.8555,12058
2026-07-17 12:10:00,69.8555,69.8555,69.8159,69.8258,14756
2026-07-17 12:11:00,69.8258,69.8258,69.7664,69.7812,19615
2026-07-17 12:12:00,69.7812,69.7862,69.7575,69.7615,5855
2026-07-17 12:13:00,69.7615,69.7664,69.7367,69.7417,8852
2026-07-17 12:14:00,69.7417,69.7565,69.7169,69.7367,19387
2026-07-17 12:15:00,69.7425,69.7466,69.7268,69.7268,4723
2026-07-17 12:16:00,69.7318,69.7516,69.7268,69.7417,83857
2026-07-17 12:17:00,69.7426,69.7763,69.7268,69.7565,29274
2026-07-17 12:18:00,69.7664,69.7862,69.7564,69.7565,19506
2026-07-17 12:19:00,69.7565,69.7565,69.7367,69.7516,11079
2026-07-17 12:20:00,69.7565,69.7664,69.7466,69.7525,10876
2026-07-17 12:21:00,69.7466,69.7615,69.7268,69.7615,12632
2026-07-17 12:22:00,69.7664,69.7763,69.7664,69.7747,3996
2026-07-17 12:23:00,69.7664,69.7704,69.7466,69.7466,12107
2026-07-17 12:24:00,69.7564,69.7564,69.7268,69.7369,7454
2026-07-17 12:25:00,69.7417,69.7516,69.7169,69.7367,11497
2026-07-17 12:26:00,69.7426,69.7862,69.7417,69.7811,6809
2026-07-17 12:27:00,69.7862,69.9347,69.7862,69.8456,74892
2026-07-17 12:28:00,69.8456,69.8456,69.7862,69.7911,13725
2026-07-17 12:29:00,69.7911,69.806,69.7862,69.7948,8547
2026-07-17 12:30:00,69.7961,69.801,69.7565,69.7961,17054
2026-07-17 12:31:00,69.801,69.8555,69.7961,69.8546,7544
2026-07-17 12:32:00,69.8555,69.8654,69.8505,69.8654,8206
2026-07-17 12:33:00,69.8654,69.9149,69.8654,69.9109,8704
2026-07-17 12:34:00,69.9099,69.9545,69.9099,69.9446,14891
2026-07-17 12:35:00,69.9495,69.9644,69.9396,69.9396,9546
2026-07-17 12:36:00,69.9446,69.9495,69.9347,69.9347,7606
2026-07-17 12:37:00,69.9495,69.9528,69.9297,69.9347,3447
2026-07-17 12:38:00,69.9396,69.9545,69.9396,69.9529,6796
2026-07-17 12:39:00,69.9495,69.9644,69.9446,69.9644,3494
2026-07-17 12:40:00,69.9594,69.9594,69.8953,69.9297,15172
2026-07-17 12:41:00,69.9297,69.9342,69.9248,69.9297,2980
2026-07-17 12:42:00,69.9297,69.9347,69.9149,69.9198,5646
2026-07-17 12:43:00,69.9149,69.9347,69.9,69.9248,9755
2026-07-17 12:44:00,69.9347,69.9546,69.9347,69.9505,11012
2026-07-17 12:45:00,69.9495,69.9743,69.9495,69.9693,4877
2026-07-17 12:46:00,69.9743,69.9842,69.9644,69.9743,14563
2026-07-17 12:47:00,69.9842,70.004,69.9693,70.0009,9079
2026-07-17 12:48:00,70.004,70.0337,70.004,70.0337,14873
2026-07-17 12:49:00,70.0324,70.0337,70.0139,70.0188,5965
2026-07-17 12:50:00,70.0188,70.0386,70.0188,70.0287,5332
2026-07-17 12:51:00,70.0337,70.0523,70.0287,70.0436,6628
2026-07-17 12:52:00,70.0337,70.0535,70.0287,70.0535,11427
2026-07-17 12:53:00,70.0584,70.0634,70.0139,70.0139,16099
2026-07-17 12:54:00,70.014,70.0396,70.0139,70.0386,20446
2026-07-17 12:55:00,70.0386,70.0832,70.0386,70.0832,21360
2026-07-17 12:56:00,70.0782,70.098,70.0683,70.0733,16074
2026-07-17 12:57:00,70.0782,70.0931,70.0782,70.0931,8928
2026-07-17 12:58:00,70.0881,70.1007,70.0535,70.0584,14854
2026-07-17 12:59:00,70.0557,70.0832,70.0557,70.0831,6577
2026-07-17 13:00:00,70.0832,70.103,70.0634,70.0881,23703
2026-07-17 13:01:00,70.0881,70.103,70.0832,70.098,10208
2026-07-17 13:02:00,70.098,70.098,70.0634,70.0683,11823
2026-07-17 13:03:00,70.0683,70.0683,70.0535,70.0535,16249
2026-07-17 13:04:00,70.0535,70.0535,70.0139,70.0139,10295
2026-07-17 13:05:00,70.0238,70.0238,70.0139,70.0139,3416
2026-07-17 13:06:00,70.0139,70.0139,69.9941,70.0139,18189
2026-07-17 13:07:00,70.004,70.004,69.9743,69.9842,8203
2026-07-17 13:08:00,69.9789,69.9941,69.9545,69.9941,13355
2026-07-17 13:09:00,69.9902,69.9941,69.9792,69.9823,6908
2026-07-17 13:10:00,69.9842,70.0287,69.9842,70.0228,8627
2026-07-17 13:11:00,70.0238,70.0337,70.0089,70.0228,13586
2026-07-17 13:12:00,70.0139,70.0336,70.0139,70.0238,9176
2026-07-17 13:13:00,70.0188,70.0318,70.0139,70.0318,10720
2026-07-17 13:14:00,70.0287,70.0436,70.0271,70.0386,6351
2026-07-17 13:15:00,70.0436,70.0436,70.0139,70.0274,21459
2026-07-17 13:16:00,70.0287,70.0436,70.0139,70.0436,8190
2026-07-17 13:17:00,70.0386,70.0518,70.0337,70.0485,7467
2026-07-17 13:18:00,70.0485,70.0584,70.0386,70.0485,6351
2026-07-17 13:19:00,70.0436,70.0485,70.0337,70.0485,7710
2026-07-17 13:20:00,70.0497,70.062,70.0436,70.0535,6128
2026-07-17 13:21:00,70.0535,70.0634,70.0436,70.0608,5744
2026-07-17 13:22:00,70.0634,70.0634,70.0386,70.0485,9344
2026-07-17 13:23:00,70.0485,70.0535,70.0337,70.0436,8943
2026-07-17 13:24:00,70.0386,70.0521,70.0337,70.0386,6908
2026-07-17 13:25:00,70.0436,70.0436,70.0139,70.0238,8238
2026-07-17 13:26:00,70.0238,70.0782,70.0238,70.0782,12632
2026-07-17 13:27:00,70.0782,70.0931,70.0733,70.0931,9874
2026-07-17 13:28:00,70.0881,70.1178,70.0881,70.1178,8864
2026-07-17 13:29:00,70.1228,70.1327,70.1178,70.1277,8177
2026-07-17 13:30:00,70.1277,70.1624,70.1277,70.1577,18940
2026-07-17 13:31:00,70.1624,70.1821,70.1525,70.1772,20784
2026-07-17 13:32:00,70.1772,70.2315,70.1767,70.2217,16844
2026-07-17 13:33:00,70.2267,70.2316,70.2216,70.2267,9624
2026-07-17 13:34:00,70.2316,70.2316,70.2019,70.2069,26149
2026-07-17 13:35:00,70.2118,70.2267,70.2118,70.2118,14636
2026-07-17 13:36:00,70.2217,70.2316,70.2118,70.2118,10994
2026-07-17 13:37:00,70.2168,70.2217,70.1952,70.197,15190
2026-07-17 13:38:00,70.2019,70.2267,70.2019,70.2267,10288
2026-07-17 13:39:00,70.2316,70.2316,70.2069,70.2118,10262
2026-07-17 13:40:00,70.2099,70.2217,70.2019,70.2118,11984
2026-07-17 13:41:00,70.2118,70.2267,70.2118,70.2267,2807
2026-07-17 13:42:00,70.2267,70.2414,70.2118,70.2168,14437
2026-07-17 13:43:00,70.2159,70.2168,70.2019,70.2117,6516
2026-07-17 13:44:00,70.2118,70.2118,70.1772,70.197,15397
2026-07-17 13:45:00,70.2019,70.2118,70.1966,70.2118,6747
2026-07-17 13:46:00,70.2216,70.2415,70.2069,70.2069,7557
2026-07-17 13:47:00,70.2118,70.2118,70.197,70.2018,4746
2026-07-17 13:48:00,70.2019,70.2118,70.2019,70.2069,5504
2026-07-17 13:49:00,70.2069,70.2168,70.2019,70.2168,12068
2026-07-17 13:50:00,70.2168,70.2168,70.1722,70.192,12215
2026-07-17 13:51:00,70.192,70.2019,70.1722,70.192,51123
2026-07-17 13:52:00,70.2019,70.2019,70.1624,70.1673,14717
2026-07-17 13:53:00,70.1673,70.1673,70.1228,70.1277,13532
2026-07-17 13:54:00,70.1327,70.1624,70.1327,70.1624,13050
2026-07-17 13:55:00,70.1673,70.1673,70.1426,70.1525,16761
2026-07-17 13:56:00,70.1475,70.1646,70.1475,70.1624,10664
2026-07-17 13:57:00,70.1722,70.1722,70.1574,70.1574,14132
2026-07-17 13:58:00,70.1624,70.1624,70.1426,70.1485,8056
2026-07-17 13:59:00,70.1525,70.1574,70.1426,70.1574,7752
2026-07-17 14:00:00,70.1624,70.1707,70.1525,70.1624,9428
2026-07-17 14:01:00,70.1624,70.1624,70.1228,70.1277,39526
2026-07-17 14:02:00,70.1327,70.1475,70.1327,70.1376,8482
2026-07-17 14:03:00,70.1376,70.1624,70.1327,70.1515,14979
2026-07-17 14:04:00,70.1525,70.1624,70.1475,70.1526,6881
2026-07-17 14:05:00,70.1574,70.1624,70.1327,70.1426,8993
2026-07-17 14:06:00,70.1515,70.1624,70.1426,70.1574,9829
2026-07-17 14:07:00,70.1624,70.1624,70.1574,70.1623,4658
2026-07-17 14:08:00,70.1574,70.1624,70.1426,70.1475,20343
2026-07-17 14:09:00,70.1525,70.1624,70.1428,70.1624,3554
2026-07-17 14:10:00,70.1574,70.192,70.1574,70.1624,14326
2026-07-17 14:11:00,70.1624,70.1673,70.1475,70.1673,9638
2026-07-17 14:12:00,70.1673,70.1722,70.1525,70.1574,15157
2026-07-17 14:13:00,70.1623,70.1673,70.1475,70.1673,7124
2026-07-17 14:14:00,70.1722,70.1722,70.1525,70.1525,10746
2026-07-17 14:15:00,70.1475,70.1772,70.1475,70.1673,10140
2026-07-17 14:16:00,70.1722,70.2019,70.1722,70.1905,11338
2026-07-17 14:17:00,70.192,70.192,70.1722,70.1821,15847
2026-07-17 14:18:00,70.1821,70.192,70.1671,70.1722,12535
2026-07-17 14:19:00,70.1722,70.192,70.1722,70.182,10419
2026-07-17 14:20:00,70.1821,70.1871,70.1673,70.1673,12645
2026-07-17 14:21:00,70.1675,70.1722,70.103,70.1426,25046
2026-07-17 14:22:00,70.1475,70.1525,70.1376,70.1376,4366
2026-07-17 14:23:00,70.1426,70.1722,70.1426,70.1705,5134
2026-07-17 14:24:00,70.1673,70.1722,70.1525,70.1525,8928
2026-07-17 14:25:00,70.1624,70.1624,70.1376,70.1426,5564
2026-07-17 14:26:00,70.1376,70.1426,70.0931,70.0931,11153
2026-07-17 14:27:00,70.098,70.103,70.0782,70.098,18425
2026-07-17 14:28:00,70.098,70.1129,70.0881,70.103,8130
2026-07-17 14:29:00,70.1079,70.1178,70.0832,70.0881,10523
2026-07-17 14:30:00,70.0931,70.1379,70.0931,70.1368,7308
2026-07-17 14:31:00,70.1425,70.1426,70.103,70.1129,10765
2026-07-17 14:32:00,70.1126,70.1228,70.103,70.1228,8254
2026-07-17 14:33:00,70.1277,70.1376,70.1178,70.1228,8007
2026-07-17 14:34:00,70.1327,70.1574,70.1327,70.1525,10420
2026-07-17 14:35:00,70.1448,70.1448,70.1228,70.1277,8393
2026-07-17 14:36:00,70.1311,70.1311,70.0931,70.098,13249
2026-07-17 14:37:00,70.103,70.1129,70.0733,70.0733,28896
2026-07-17 14:38:00,70.0733,70.0931,70.0634,70.0832,28369
2026-07-17 14:39:00,70.0881,70.0931,70.0832,70.0881,5847
2026-07-17 14:40:00,70.0881,70.103,70.0733,70.0832,14720
2026-07-17 14:41:00,70.0833,70.1129,70.0751,70.0782,14019
2026-07-17 14:42:00,70.0749,70.0749,70.0535,70.0633,13300
2026-07-17 14:43:00,70.0584,70.0634,70.0436,70.0436,10439
2026-07-17 14:44:00,70.0436,70.0535,70.0386,70.0485,9434
2026-07-17 14:45:00,70.0535,70.0575,70.0436,70.0436,9472
2026-07-17 14:46:00,70.0485,70.0534,70.0139,70.0386,17050
2026-07-17 14:47:00,70.0386,70.0436,70.0337,70.0436,4999
2026-07-17 14:48:00,70.0337,70.0535,70.0337,70.0535,8263
2026-07-17 14:49:00,70.0535,70.0634,70.0337,70.0337,14224
2026-07-17 14:50:00,70.0386,70.0485,70.0287,70.0436,17026
2026-07-17 14:51:00,70.0386,70.0436,70.0337,70.0385,7163
2026-07-17 14:52:00,70.0386,70.0427,70.0139,70.0229,12403
2026-07-17 14:53:00,70.0139,70.0436,70.0139,70.0398,14302
2026-07-17 14:54:00,70.0426,70.0733,70.0419,70.0683,19152
2026-07-17 14:55:00,70.0733,70.103,70.0683,70.103,15496
2026-07-17 14:56:00,70.1079,70.1228,70.098,70.098,11614
2026-07-17 14:57:00,70.0931,70.1129,70.0881,70.0974,13088
2026-07-17 14:58:00,70.103,70.1106,70.0733,70.0782,14064
2026-07-17 14:59:00,70.0814,70.0832,70.0733,70.0782,6207
2026-07-17 15:00:00,70.0733,70.0733,70.0436,70.0436,21786
2026-07-17 15:01:00,70.0436,70.0436,70.0089,70.012,28941
2026-07-17 15:02:00,70.0139,70.0436,70.0089,70.0386,17132
2026-07-17 15:03:00,70.0386,70.0931,70.0337,70.0917,24308
2026-07-17 15:04:00,70.0849,70.0881,70.0535,70.0535,11515
2026-07-17 15:05:00,70.0584,70.0931,70.0535,70.0881,9818
2026-07-17 15:06:00,70.0881,70.103,70.0832,70.098,10551
2026-07-17 15:07:00,70.0931,70.098,70.0584,70.0584,12787
2026-07-17 15:08:00,70.0535,70.0634,70.0337,70.0436,9373
2026-07-17 15:09:00,70.0386,70.0733,70.0386,70.0436,17947
2026-07-17 15:10:00,70.0436,70.0535,70.0238,70.0337,21329
2026-07-17 15:11:00,70.0386,70.0535,70.0139,70.0382,22141
2026-07-17 15:12:00,70.0436,70.0485,69.9644,69.9644,28691
2026-07-17 15:13:00,69.9545,69.9594,69.9248,69.9545,22731
2026-07-17 15:14:00,69.9546,69.999,69.9495,69.9941,19604
2026-07-17 15:15:00,69.9941,70.0238,69.9941,70.0089,14739
2026-07-17 15:16:00,70.0139,70.0338,70.004,70.0188,20641
2026-07-17 15:17:00,70.0238,70.0386,70.0188,70.0287,13983
2026-07-17 15:18:00,70.0337,70.0337,70.004,70.0094,14027
2026-07-17 15:19:00,70.0089,70.0139,69.9941,69.9941,11114
2026-07-17 15:20:00,69.999,70.004,69.9644,69.9743,20598
2026-07-17 15:21:00,69.9761,70.004,69.9693,69.9862,28496
2026-07-17 15:22:00,69.9891,70.004,69.9792,69.999,14042
2026-07-17 15:23:00,69.9941,70.004,69.9792,70.004,13497
2026-07-17 15:24:00,70.0139,70.0139,69.9743,69.9842,17553
2026-07-17 15:25:00,69.9792,70.0634,69.9792,70.0485,27094
2026-07-17 15:26:00,70.0485,70.0634,70.043,70.0436,21716
2026-07-17 15:27:00,70.0376,70.098,70.0376,70.098,24597
2026-07-17 15:28:00,70.0932,70.098,70.0683,70.0732,18848
2026-07-17 15:29:00,70.0683,70.0831,70.0634,70.0733,17669
2026-07-17 15:30:00,70.0733,70.0832,70.0535,70.0782,25054
2026-07-17 15:31:00,70.0733,70.0931,70.0485,70.0782,25515
2026-07-17 15:32:00,70.0733,70.0733,70.0535,70.0733,16352
2026-07-17 15:33:00,70.0786,70.103,70.0733,70.0832,22884
2026-07-17 15:34:00,70.0832,70.1079,70.0782,70.103,16907
2026-07-17 15:35:00,70.098,70.1129,70.0931,70.098,15034
2026-07-17 15:36:00,70.0931,70.1079,70.0782,70.1029,30898
2026-07-17 15:37:00,70.098,70.103,70.0683,70.103,27769
2026-07-17 15:38:00,70.096,70.103,70.0832,70.0881,17122
2026-07-17 15:39:00,70.0832,70.1129,70.0634,70.0864,23054
2026-07-17 15:40:00,70.0881,70.1426,70.0782,70.1327,38352
2026-07-17 15:41:00,70.1327,70.1327,70.098,70.1109,18130
2026-07-17 15:42:00,70.1129,70.1426,70.1129,70.1228,31473
2026-07-17 15:43:00,70.1129,70.1426,70.1129,70.121,26693
2026-07-17 15:44:00,70.1141,70.1148,70.0881,70.1079,20413
2026-07-17 15:45:00,70.1129,70.1129,70.0584,70.0832,35612
2026-07-17 15:46:00,70.0881,70.098,70.0782,70.0931,29193
2026-07-17 15:47:00,70.0931,70.0931,70.0634,70.0881,25939
2026-07-17 15:48:00,70.0871,70.1426,70.0871,70.1376,30612
2026-07-17 15:49:00,70.1376,70.1624,70.1277,70.1426,41357
2026-07-17 15:50:00,70.1426,70.1624,70.1079,70.1079,47292
2026-07-17 15:51:00,70.103,70.1129,70.0634,70.098,40002
2026-07-17 15:52:00,70.103,70.1376,70.103,70.1228,46856
2026-07-17 15:53:00,70.1129,70.1129,70.0931,70.098,24878
2026-07-17 15:54:00,70.103,70.103,70.0634,70.0634,33259
2026-07-17 15:55:00,70.0683,70.1327,70.0634,70.1178,97416
2026-07-17 15:56:00,70.1228,70.1426,70.103,70.103,56460
2026-07-17 15:57:00,70.1079,70.1178,70.0733,70.0881,85015
2026-07-17 15:58:00,70.0881,70.1376,70.0832,70.1079,87975
2026-07-17 15:59:00,70.1079,70.1426,70.0535,70.0535,244949
2026-07-18 09:30:00,70.4791,70.4791,70.2316,70.2316,1056840
2026-07-18 09:31:00,70.2217,70.2712,70.1821,70.1821,16816
2026-07-18 09:32:00,70.1821,70.2716,70.1821,70.2712,21132
2026-07-18 09:33:00,70.2613,70.4395,70.2613,70.3722,19431
2026-07-18 09:34:00,70.3678,70.4395,70.3678,70.4296,21834
2026-07-18 09:35:00,70.4296,70.4841,70.4098,70.4643,24909
2026-07-18 09:36:00,70.479,70.5682,70.4692,70.5484,33850
2026-07-18 09:37:00,70.5385,70.5484,70.4791,70.5464,15775
2026-07-18 09:38:00,70.5286,70.5286,70.4572,70.479,14391
2026-07-18 09:39:00,70.4692,70.5237,70.4395,70.4395,40882
2026-07-18 09:40:00,70.4296,70.5286,70.4281,70.5187,27587
2026-07-18 09:41:00,70.5138,70.6078,70.5102,70.5682,46093
2026-07-18 09:42:00,70.5609,70.6078,70.5385,70.5979,24544
2026-07-18 09:43:00,70.5979,70.6078,70.5112,70.5187,18710
2026-07-18 09:44:00,70.5187,70.5478,70.4494,70.4633,19359
2026-07-18 09:45:00,70.4593,70.5088,70.3208,70.3257,29103
2026-07-18 09:46:00,70.3257,70.3257,70.2118,70.2209,20397
2026-07-18 09:47:00,70.2118,70.223,70.192,70.2118,13650
2026-07-18 09:48:00,70.2019,70.2217,70.1426,70.1722,43786
2026-07-18 09:49:00,70.1722,70.1821,70.1525,70.1624,14677
2026-07-18 09:50:00,70.1525,70.2019,70.1228,70.192,14587
2026-07-18 09:51:00,70.197,70.2074,70.1722,70.1722,12158
2026-07-18 09:52:00,70.1722,70.1722,70.0931,70.103,15725
2026-07-18 09:53:00,70.1129,70.1129,70.0388,70.0584,18366
2026-07-18 09:54:00,70.0535,70.1228,70.0337,70.0931,23783
2026-07-18 09:55:00,70.0832,70.1129,70.0683,70.0931,19609
2026-07-18 09:56:00,70.0832,70.0931,70.0535,70.0584,15319
2026-07-18 09:57:00,70.0535,70.0832,70.0238,70.0733,27922
2026-07-18 09:58:00,70.0733,70.093,70.0634,70.0634,17670
2026-07-18 09:59:00,70.0634,70.098,70.0436,70.0931,13285
2026-07-18 10:00:00,70.0931,70.1475,70.0931,70.098,25427
2026-07-18 10:01:00,70.0931,70.0931,70.0139,70.0436,25598
2026-07-18 10:02:00,70.0337,70.0683,70.0238,70.0683,16460
2026-07-18 10:03:00,70.0733,70.1005,70.0386,70.0386,13374
2026-07-18 10:04:00,70.0436,70.0733,69.9842,69.9842,64958
2026-07-18 10:05:00,69.9941,70.0485,69.9842,70.0238,15388
2026-07-18 10:06:00,70.0139,70.0434,69.9941,70.0139,19408
2026-07-18 10:07:00,70.0073,70.0238,69.9792,69.9941,25876
2026-07-18 10:08:00,69.9941,70.0089,69.9842,69.9941,9205
2026-07-18 10:09:00,69.9891,70.0188,69.9743,69.9792,29722
2026-07-18 10:10:00,69.9842,69.9941,69.9347,69.9594,18546
2026-07-18 10:11:00,69.9644,70.004,69.9545,70.0015,12624
2026-07-18 10:12:00,69.999,70.0436,69.999,70.0287,17212
2026-07-18 10:13:00,70.0238,70.0386,70.0238,70.0238,11493
2026-07-18 10:14:00,70.0287,70.1079,70.0139,70.0881,35114
2026-07-18 10:15:00,70.0881,70.2168,70.0832,70.2019,79927
2026-07-18 10:16:00,70.2118,70.2762,70.2069,70.2614,44136
2026-07-18 10:17:00,70.2613,70.3405,70.2217,70.2366,73642
2026-07-18 10:18:00,70.2415,70.2811,70.1722,70.2712,31471
2026-07-18 10:19:00,70.2663,70.296,70.2514,70.2762,38484
2026-07-18 10:20:00,70.2762,70.2762,70.1923,70.2366,36134
2026-07-18 10:21:00,70.2514,70.2602,70.1772,70.192,14044
2026-07-18 10:22:00,70.1921,70.2613,70.1871,70.2514,28320
2026-07-18 10:23:00,70.2415,70.2514,70.1772,70.197,17352
2026-07-18 10:24:00,70.197,70.2267,70.1821,70.2267,11213
2026-07-18 10:25:00,70.2267,70.3009,70.2019,70.2019,44541
2026-07-18 10:26:00,70.192,70.192,70.1525,70.1574,14658
2026-07-18 10:27:00,70.1525,70.2415,70.1327,70.192,40852
2026-07-18 10:28:00,70.192,70.192,70.1228,70.1376,12671
2026-07-18 10:29:00,70.1228,70.1228,70.0832,70.0892,10637
2026-07-18 10:30:00,70.0931,70.1525,70.0733,70.1327,32998
2026-07-18 10:31:00,70.1228,70.1301,70.0931,70.1079,11706
2026-07-18 10:32:00,70.1079,70.2316,70.103,70.2069,38960
2026-07-18 10:33:00,70.2069,70.2069,70.1821,70.1821,5509
2026-07-18 10:34:00,70.1821,70.197,70.1426,70.1426,18013
2026-07-18 10:35:00,70.1426,70.2118,70.1426,70.1722,34573
2026-07-18 10:36:00,70.1624,70.2019,70.1574,70.1722,13669
2026-07-18 10:37:00,70.1722,70.2217,70.1525,70.1772,36218
2026-07-18 10:38:00,70.1722,70.2118,70.1722,70.2069,8768
2026-07-18 10:39:00,70.202,70.2316,70.1525,70.2019,21777
2026-07-18 10:40:00,70.2019,70.2415,70.1722,70.1772,38969
2026-07-18 10:41:00,70.1722,70.1819,70.1475,70.1722,19960
2026-07-18 10:42:00,70.1722,70.2712,70.1722,70.2118,40415
2026-07-18 10:43:00,70.2118,70.2217,70.1624,70.1821,7331
2026-07-18 10:44:00,70.1871,70.2514,70.1871,70.2478,22417
2026-07-18 10:45:00,70.2514,70.3405,70.2514,70.291,41301
2026-07-18 10:46:00,70.3009,70.3158,70.291,70.3158,14592
2026-07-18 10:47:00,70.3158,70.3702,70.3158,70.3405,56728
2026-07-18 10:48:00,70.3306,70.3306,70.291,70.3009,11587
2026-07-18 10:49:00,70.3059,70.3702,70.3009,70.3603,24760
2026-07-18 10:50:00,70.3603,70.39,70.3405,70.3405,45292
2026-07-18 10:51:00,70.3455,70.3653,70.3405,70.3504,13268
2026-07-18 10:52:00,70.3603,70.3999,70.3504,70.3789,60754
2026-07-18 10:53:00,70.3801,70.4197,70.3702,70.4197,16241
2026-07-18 10:54:00,70.4098,70.4098,70.3207,70.3504,33374
2026-07-18 10:55:00,70.3523,70.3999,70.3405,70.3405,52039
2026-07-18 10:56:00,70.3405,70.3702,70.296,70.3603,19920
2026-07-18 10:57:00,70.3504,70.3801,70.3306,70.3306,56641
2026-07-18 10:58:00,70.3306,70.3306,70.3009,70.3155,19892
2026-07-18 10:59:00,70.3207,70.3306,70.296,70.3306,13668
2026-07-18 11:00:00,70.3257,70.39,70.3257,70.3702,53678
2026-07-18 11:01:00,70.3603,70.376,70.3405,70.3702,8585
2026-07-18 11:02:00,70.3653,70.4197,70.3653,70.4197,51680
2026-07-18 11:03:00,70.4197,70.4494,70.4148,70.4346,24982
2026-07-18 11:04:00,70.4395,70.489,70.4346,70.4791,19794
2026-07-18 11:05:00,70.4841,70.5088,70.4197,70.4197,36716
2026-07-18 11:06:00,70.4246,70.4247,70.3801,70.4198,21799
2026-07-18 11:07:00,70.4296,70.4989,70.4148,70.4692,44140
2026-07-18 11:08:00,70.4643,70.4692,70.4247,70.4296,12836
2026-07-18 11:09:00,70.4395,70.5286,70.4197,70.5286,17588
2026-07-18 11:10:00,70.5286,70.5385,70.4593,70.4643,45587
2026-07-18 11:11:00,70.4593,70.489,70.4445,70.4742,19873
2026-07-18 11:12:00,70.4692,70.5088,70.4197,70.4197,60769
2026-07-18 11:13:00,70.4247,70.4544,70.4148,70.4197,7993
2026-07-18 11:14:00,70.4098,70.4296,70.3851,70.4247,27190
2026-07-18 11:15:00,70.4148,70.4593,70.3999,70.3999,34352
2026-07-18 11:16:00,70.3999,70.4197,70.3851,70.4049,11493
2026-07-18 11:17:00,70.4098,70.4692,70.4049,70.4593,40143
2026-07-18 11:18:00,70.4582,70.4593,70.39,70.39,15557
2026-07-18 11:19:00,70.395,70.4593,70.395,70.4484,25815
2026-07-18 11:20:00,70.4445,70.4593,70.4197,70.4247,28804
2026-07-18 11:21:00,70.4296,70.4544,70.4197,70.4346,7356
2026-07-18 11:22:00,70.4346,70.5088,70.4346,70.4494,51108
2026-07-18 11:23:00,70.4494,70.4494,70.4148,70.4148,14455
2026-07-18 11:24:00,70.4148,70.4692,70.4148,70.4593,21678
2026-07-18 11:25:00,70.4692,70.4989,70.395,70.395,37997
2026-07-18 11:26:00,70.39,70.4395,70.39,70.4395,16070
2026-07-18 11:27:00,70.4395,70.4494,70.4148,70.4148,46467
2026-07-18 11:28:00,70.4197,70.4197,70.39,70.4148,12012
2026-07-18 11:29:00,70.4197,70.4346,70.4049,70.4296,20490
2026-07-18 11:30:00,70.4247,70.4395,70.3801,70.39,36800
2026-07-18 11:31:00,70.39,70.39,70.3504,70.3702,15922
2026-07-18 11:32:00,70.3653,70.3999,70.3653,70.3999,36526
2026-07-18 11:33:00,70.3999,70.3999,70.3801,70.395,6911
2026-07-18 11:34:00,70.395,70.4197,70.3801,70.4197,23351
2026-07-18 11:35:00,70.4098,70.4296,70.3702,70.3801,37342
2026-07-18 11:36:00,70.3801,70.39,70.3603,70.3653,16785
2026-07-18 11:37:00,70.3653,70.39,70.3603,70.3603,18585
2026-07-18 11:38:00,70.3603,70.3801,70.3504,70.3554,7095
2026-07-18 11:39:00,70.3603,70.39,70.3306,70.3554,17946
2026-07-18 11:40:00,70.3603,70.3702,70.3257,70.3257,9449
2026-07-18 11:41:00,70.3207,70.3262,70.2935,70.3059,13358
2026-07-18 11:42:00,70.3034,70.3108,70.2514,70.2515,12624
2026-07-18 11:43:00,70.2564,70.2612,70.2267,70.2366,11304
2026-07-18 11:44:00,70.2366,70.2366,70.2168,70.2217,10367
2026-07-18 11:45:00,70.2217,70.2217,70.1821,70.1821,9040
2026-07-18 11:46:00,70.1871,70.192,70.1624,70.1624,11413
2026-07-18 11:47:00,70.1624,70.1663,70.1327,70.1416,9655
2026-07-18 11:48:00,70.1376,70.1425,70.0931,70.098,9521
2026-07-18 11:49:00,70.098,70.1129,70.0835,70.103,19275
2026-07-18 11:50:00,70.1079,70.1475,70.103,70.103,10419
2026-07-18 11:51:00,70.1079,70.1525,70.103,70.1426,14825
2026-07-18 11:52:00,70.1475,70.1525,70.1327,70.1376,6332
2026-07-18 11:53:00,70.1426,70.1475,70.1277,70.1376,10906
2026-07-18 11:54:00,70.1426,70.1624,70.1376,70.1475,15311
2026-07-18 11:55:00,70.1525,70.1772,70.1469,70.1763,20841
2026-07-18 11:56:00,70.1772,70.2118,70.1722,70.2118,24381
2026-07-18 11:57:00,70.2168,70.2216,70.1772,70.2118,34144
2026-07-18 11:58:00,70.2069,70.2316,70.2069,70.2316,7497
2026-07-18 11:59:00,70.2316,70.2811,70.2316,70.2811,15866
2026-07-18 12:00:00,70.2762,70.3108,70.2415,70.2415,22123
2026-07-18 12:01:00,70.2415,70.2811,70.2366,70.2712,9772
2026-07-18 12:02:00,70.2564,70.2613,70.2514,70.2564,4674
2026-07-18 12:03:00,70.2613,70.291,70.2564,70.2811,8849
2026-07-18 12:04:00,70.2861,70.3009,70.2811,70.2861,15421
2026-07-18 12:05:00,70.291,70.3108,70.2895,70.3059,10415
2026-07-18 12:06:00,70.3009,70.3009,70.2857,70.2861,7294
2026-07-18 12:07:00,70.291,70.3207,70.2811,70.3158,10536
2026-07-18 12:08:00,70.3158,70.3405,70.3108,70.3221,21567
2026-07-18 12:09:00,70.3286,70.3603,70.3257,70.3455,12421
2026-07-18 12:10:00,70.3455,70.39,70.3455,70.3702,11062
2026-07-18 12:11:00,70.3752,70.4296,70.3752,70.4296,8083
2026-07-18 12:12:00,70.4296,70.4593,70.4296,70.4544,12267
2026-07-18 12:13:00,70.4494,70.4544,70.4197,70.4197,12510
2026-07-18 12:14:00,70.4148,70.4296,70.4098,70.4296,6734
2026-07-18 12:15:00,70.4242,70.4395,70.4098,70.4098,11989
2026-07-18 12:16:00,70.4197,70.4296,70.3801,70.395,14549
2026-07-18 12:17:00,70.4098,70.4296,70.3999,70.4296,7616
2026-07-18 12:18:00,70.4223,70.4264,70.4148,70.4247,5801
2026-07-18 12:19:00,70.4197,70.4247,70.3851,70.39,7777
2026-07-18 12:20:00,70.3851,70.3874,70.3207,70.3207,15894
2026-07-18 12:21:00,70.3306,70.3504,70.3009,70.3108,10279
2026-07-18 12:22:00,70.3009,70.3108,70.2861,70.2861,7537
2026-07-18 12:23:00,70.2861,70.296,70.2811,70.2814,6229
2026-07-18 12:24:00,70.2861,70.291,70.2663,70.2762,11009
2026-07-18 12:25:00,70.2762,70.291,70.2712,70.2712,5195
2026-07-18 12:26:00,70.2712,70.2811,70.2514,70.2514,6688
2026-07-18 12:27:00,70.2589,70.2589,70.2267,70.2277,7275
2026-07-18 12:28:00,70.2267,70.2267,70.2118,70.2168,7252
2026-07-18 12:29:00,70.2118,70.2168,70.2019,70.2019,4978
2026-07-18 12:30:00,70.2069,70.2069,70.1574,70.1574,10440
2026-07-18 12:31:00,70.1574,70.1722,70.1475,70.1525,10732
2026-07-18 12:32:00,70.1426,70.1426,70.1277,70.1327,13881
2026-07-18 12:33:00,70.1277,70.1327,70.0931,70.0931,7971
2026-07-18 12:34:00,70.098,70.1129,70.0931,70.1129,12809
2026-07-18 12:35:00,70.1079,70.1525,70.1079,70.1079,18557
2026-07-18 12:36:00,70.1129,70.1621,70.103,70.1621,9809
2026-07-18 12:37:00,70.1552,70.1624,70.1525,70.1574,4949
2026-07-18 12:38:00,70.1525,70.1525,70.0931,70.098,8899
2026-07-18 12:39:00,70.0931,70.1129,70.0881,70.1079,9282
2026-07-18 12:40:00,70.1079,70.1426,70.1079,70.1413,9722
2026-07-18 12:41:00,70.1376,70.1475,70.1129,70.1129,14471
2026-07-18 12:42:00,70.1129,70.1399,70.1079,70.1079,11557
2026-07-18 12:43:00,70.1228,70.1228,70.103,70.1079,11686
2026-07-18 12:44:00,70.1079,70.1079,70.0881,70.0881,9900
2026-07-18 12:45:00,70.0881,70.103,70.0881,70.103,6325
2026-07-18 12:46:00,70.0931,70.0931,70.0485,70.0584,12736
2026-07-18 12:47:00,70.0535,70.0683,70.0485,70.0634,7360
2026-07-18 12:48:00,70.0584,70.0832,70.0584,70.0829,6830
2026-07-18 12:49:00,70.0832,70.1079,70.0782,70.103,13518
2026-07-18 12:50:00,70.0932,70.1129,70.0932,70.1129,5395
2026-07-18 12:51:00,70.1129,70.1277,70.0733,70.0881,17292
2026-07-18 12:52:00,70.0832,70.0832,70.0535,70.0634,7269
2026-07-18 12:53:00,70.0584,70.0634,70.0337,70.0337,8536
2026-07-18 12:54:00,70.0436,70.0436,70.0287,70.0386,8196
2026-07-18 12:55:00,70.0386,70.0485,70.0139,70.0139,9417
2026-07-18 12:56:00,70.0139,70.0337,70.0139,70.0188,7598
2026-07-18 12:57:00,70.0188,70.0386,70.0188,70.0337,8650
2026-07-18 12:58:00,70.0386,70.0436,70.0386,70.0436,7141
2026-07-18 12:59:00,70.0386,70.0535,70.0337,70.0337,39626
2026-07-18 13:00:00,70.0436,70.0436,70.0238,70.0386,8408
2026-07-18 13:01:00,70.0386,70.0386,69.999,69.999,19176
2026-07-18 13:02:00,70.004,70.0139,69.9941,70.0089,11878
2026-07-18 13:03:00,69.9941,69.9941,69.9743,69.9891,8819
2026-07-18 13:04:00,69.9924,70.004,69.9891,70.0029,5176
2026-07-18 13:05:00,70.004,70.0139,69.999,70.0139,11742
2026-07-18 13:06:00,70.0139,70.0634,70.0139,70.0584,15750
2026-07-18 13:07:00,70.0634,70.0634,70.0535,70.0634,5662
2026-07-18 13:08:00,70.0634,70.1129,70.0634,70.0881,22612
2026-07-18 13:09:00,70.0881,70.0931,70.0535,70.0744,17157
2026-07-18 13:10:00,70.0733,70.0782,70.0287,70.0287,7578
2026-07-18 13:11:00,70.0238,70.0238,70.004,70.0089,11831
2026-07-18 13:12:00,70.0139,70.0139,69.9743,69.9792,16190
2026-07-18 13:13:00,69.9825,69.9842,69.9743,69.9792,7386
2026-07-18 13:14:00,69.9792,70.004,69.9792,70.0027,7171
2026-07-18 13:15:00,70.004,70.0386,69.999,70.0386,8213
2026-07-18 13:16:00,70.0386,70.0436,70.004,70.0238,17649
2026-07-18 13:17:00,70.0307,70.0485,70.0287,70.0485,9375
2026-07-18 13:18:00,70.0436,70.0436,70.0386,70.0436,5415
2026-07-18 13:19:00,70.0436,70.0584,70.0436,70.0584,6161
2026-07-18 13:20:00,70.0634,70.0634,70.0485,70.0535,8920
2026-07-18 13:21:00,70.0584,70.0733,70.0436,70.0634,15145
2026-07-18 13:22:00,70.0584,70.0634,70.0436,70.0489,8521
2026-07-18 13:23:00,70.0436,70.0634,70.0337,70.0436,13553
2026-07-18 13:24:00,70.0485,70.0535,70.0353,70.0535,6769
2026-07-18 13:25:00,70.0535,70.0931,70.0535,70.0832,15373
2026-07-18 13:26:00,70.0785,70.0931,70.0535,70.0535,20817
2026-07-18 13:27:00,70.057,70.0634,70.0338,70.0535,12948
2026-07-18 13:28:00,70.0535,70.0634,70.0436,70.0436,7700
2026-07-18 13:29:00,70.0386,70.0535,70.0337,70.0519,11017
2026-07-18 13:30:00,70.0534,70.0535,70.0337,70.0435,6351
2026-07-18 13:31:00,70.0337,70.0436,70.0287,70.0436,9670
2026-07-18 13:32:00,70.0352,70.0436,70.0336,70.0336,8249
2026-07-18 13:33:00,70.0337,70.0535,70.0238,70.0287,11205
2026-07-18 13:34:00,70.0287,70.0287,70.0129,70.0238,6341
2026-07-18 13:35:00,70.0118,70.0139,69.9941,70.0139,10695
2026-07-18 13:36:00,70.0139,70.0152,70.004,70.0139,7469
2026-07-18 13:37:00,70.0238,70.0337,70.0188,70.0287,3660
2026-07-18 13:38:00,70.0337,70.0535,70.0287,70.0386,13594
2026-07-18 13:39:00,70.0337,70.0535,70.0287,70.0535,25963
2026-07-18 13:40:00,70.0535,70.0634,70.0535,70.0584,3009
2026-07-18 13:41:00,70.0634,70.0733,70.0535,70.0634,17159
2026-07-18 13:42:00,70.0636,70.0733,70.0485,70.0535,22053
2026-07-18 13:43:00,70.0634,70.0634,70.0337,70.0485,15869
2026-07-18 13:44:00,70.0485,70.0733,70.0485,70.0733,10036
2026-07-18 13:45:00,70.0733,70.0733,70.0436,70.0683,10099
2026-07-18 13:46:00,70.0687,70.1129,70.0683,70.103,15885
2026-07-18 13:47:00,70.0931,70.106,70.0832,70.106,7660
2026-07-18 13:48:00,70.1079,70.1228,70.103,70.1228,12844
2026-07-18 13:49:00,70.1178,70.1376,70.1178,70.1228,12563
2026-07-18 13:50:00,70.1228,70.1277,70.1079,70.1228,12484
2026-07-18 13:51:00,70.1228,70.1327,70.103,70.103,16492
2026-07-18 13:52:00,70.103,70.1079,70.0931,70.0993,11079
2026-07-18 13:53:00,70.1029,70.1228,70.098,70.1178,5414
2026-07-18 13:54:00,70.1228,70.1228,70.0832,70.092,8475
2026-07-18 13:55:00,70.0856,70.1129,70.0856,70.1079,14035
2026-07-18 13:56:00,70.1079,70.1277,70.103,70.1277,7958
2026-07-18 13:57:00,70.1327,70.1376,70.1327,70.1376,5321
2026-07-18 13:58:00,70.1376,70.1722,70.1327,70.1722,13725
2026-07-18 13:59:00,70.1663,70.1821,70.1624,70.1772,21133
2026-07-18 14:00:00,70.1772,70.1772,70.1574,70.1574,14589
2026-07-18 14:01:00,70.1574,70.1871,70.1376,70.1806,25112
2026-07-18 14:02:00,70.1821,70.1881,70.1673,70.1821,13239
2026-07-18 14:03:00,70.1772,70.1871,70.1574,70.1574,12585
2026-07-18 14:04:00,70.1574,70.1821,70.1549,70.1821,6241
2026-07-18 14:05:00,70.1772,70.1772,70.1571,70.1571,10736
2026-07-18 14:06:00,70.1574,70.192,70.1574,70.192,6914
2026-07-18 14:07:00,70.1822,70.197,70.1821,70.197,5913
2026-07-18 14:08:00,70.197,70.2019,70.1944,70.197,7267
2026-07-18 14:09:00,70.197,70.2118,70.192,70.2019,11726
2026-07-18 14:10:00,70.192,70.197,70.1722,70.1772,12984
2026-07-18 14:11:00,70.1772,70.2002,70.1772,70.2002,4262
2026-07-18 14:12:00,70.2019,70.2217,70.197,70.2168,10920
2026-07-18 14:13:00,70.2118,70.2168,70.197,70.2019,8114
2026-07-18 14:14:00,70.2069,70.2069,70.1722,70.1772,9892
2026-07-18 14:15:00,70.1772,70.2069,70.1772,70.2069,7916
2026-07-18 14:16:00,70.2019,70.2099,70.197,70.2019,6793
2026-07-18 14:17:00,70.2019,70.2069,70.1821,70.1871,20897
2026-07-18 14:18:00,70.1871,70.1871,70.1624,70.1673,8863
2026-07-18 14:19:00,70.1624,70.1821,70.1426,70.1821,16465
2026-07-18 14:20:00,70.1723,70.1772,70.1525,70.1624,9532
2026-07-18 14:21:00,70.1614,70.1722,70.1574,70.1624,3776
2026-07-18 14:22:00,70.1673,70.1722,70.1624,70.1673,4192
2026-07-18 14:23:00,70.1673,70.1722,70.1624,70.1722,4225
2026-07-18 14:24:00,70.1624,70.1624,70.1327,70.1583,24030
2026-07-18 14:25:00,70.1574,70.1624,70.1564,70.1624,2560
2026-07-18 14:26:00,70.1574,70.1772,70.1574,70.1772,7096
2026-07-18 14:27:00,70.1772,70.1821,70.1763,70.1763,4079
2026-07-18 14:28:00,70.1772,70.182,70.1574,70.1673,14731
2026-07-18 14:29:00,70.1673,70.1772,70.1668,70.1673,4970
2026-07-18 14:30:00,70.1624,70.1673,70.1525,70.1614,8764
2026-07-18 14:31:00,70.1624,70.182,70.1624,70.182,6432
2026-07-18 14:32:00,70.1772,70.1819,70.1722,70.1782,6253
2026-07-18 14:33:00,70.1722,70.1911,70.1722,70.1911,4737
2026-07-18 14:34:00,70.1871,70.1871,70.1772,70.1772,6171
2026-07-18 14:35:00,70.1821,70.2019,70.1624,70.1722,18084
2026-07-18 14:36:00,70.1673,70.1821,70.1624,70.1707,12652
2026-07-18 14:37:00,70.1673,70.1821,70.1673,70.1722,7403
2026-07-18 14:38:00,70.1624,70.1722,70.1574,70.1673,13443
2026-07-18 14:39:00,70.1673,70.1919,70.1673,70.1871,7853
2026-07-18 14:40:00,70.1852,70.2019,70.1852,70.192,6533
2026-07-18 14:41:00,70.192,70.197,70.192,70.192,8074
2026-07-18 14:42:00,70.197,70.1995,70.1821,70.1871,7976
2026-07-18 14:43:00,70.1821,70.1871,70.1376,70.1574,23279
2026-07-18 14:44:00,70.1587,70.1587,70.1426,70.1426,5743
2026-07-18 14:45:00,70.145,70.1624,70.145,70.1574,6264
2026-07-18 14:46:00,70.1533,70.1606,70.1474,70.1525,6838
2026-07-18 14:47:00,70.1574,70.1586,70.1426,70.1574,13781
2026-07-18 14:48:00,70.1624,70.1722,70.1574,70.1624,13647
2026-07-18 14:49:00,70.1549,70.1624,70.1525,70.1624,10084
2026-07-18 14:50:00,70.161,70.182,70.161,70.1772,11365
2026-07-18 14:51:00,70.1772,70.2018,70.1772,70.197,6578
2026-07-18 14:52:00,70.192,70.192,70.1722,70.1772,27553
2026-07-18 14:53:00,70.1722,70.182,70.1722,70.1739,4304
2026-07-18 14:54:00,70.1772,70.1821,70.1722,70.1772,4497
2026-07-18 14:55:00,70.1762,70.1821,70.1734,70.1772,6664
2026-07-18 14:56:00,70.1772,70.1821,70.1722,70.1722,4814
2026-07-18 14:57:00,70.1772,70.2118,70.1772,70.1871,27964
2026-07-18 14:58:00,70.1821,70.192,70.1673,70.1673,14445
2026-07-18 14:59:00,70.1673,70.1722,70.1624,70.1673,10872
2026-07-18 15:00:00,70.1673,70.1862,70.1525,70.1772,25107
2026-07-18 15:01:00,70.1821,70.1871,70.1624,70.1642,17144
2026-07-18 15:02:00,70.1722,70.192,70.1722,70.1908,11640
2026-07-18 15:03:00,70.1871,70.2316,70.1821,70.2267,22169
2026-07-18 15:04:00,70.2267,70.2366,70.2069,70.2366,20757
2026-07-18 15:05:00,70.2366,70.2366,70.2217,70.2267,6897
2026-07-18 15:06:00,70.2267,70.2316,70.2118,70.2168,12404
2026-07-18 15:07:00,70.2168,70.2217,70.2118,70.2144,4129
2026-07-18 15:08:00,70.2133,70.2217,70.2118,70.2168,5916
2026-07-18 15:09:00,70.2168,70.2175,70.192,70.192,18691
2026-07-18 15:10:00,70.197,70.198,70.192,70.197,6417
2026-07-18 15:11:00,70.197,70.2019,70.1871,70.197,13176
2026-07-18 15:12:00,70.197,70.2118,70.192,70.2032,9988
2026-07-18 15:13:00,70.2069,70.2117,70.2019,70.2069,17573
2026-07-18 15:14:00,70.2019,70.2168,70.197,70.2069,27931
2026-07-18 15:15:00,70.2069,70.2069,70.1821,70.1821,10500
2026-07-18 15:16:00,70.1836,70.1896,70.1624,70.1673,11263
2026-07-18 15:17:00,70.1722,70.1722,70.1624,70.1673,8530
2026-07-18 15:18:00,70.1673,70.1907,70.1673,70.1871,12548
2026-07-18 15:19:00,70.1871,70.2018,70.1821,70.197,11648
2026-07-18 15:20:00,70.197,70.2199,70.192,70.2199,12226
2026-07-18 15:21:00,70.2168,70.2217,70.2019,70.2067,16910
2026-07-18 15:22:00,70.2069,70.2102,70.2019,70.2069,3773
2026-07-18 15:23:00,70.2069,70.2217,70.2019,70.2019,15258
2026-07-18 15:24:00,70.2019,70.2118,70.192,70.197,11923
2026-07-18 15:25:00,70.192,70.197,70.1624,70.1673,15479
2026-07-18 15:26:00,70.1673,70.1807,70.1624,70.1807,8712
2026-07-18 15:27:00,70.1722,70.1819,70.1534,70.1574,14289
2026-07-18 15:28:00,70.1574,70.1624,70.1525,70.1574,10337
2026-07-18 15:29:00,70.1574,70.1574,70.1039,70.1039,51157
2026-07-18 15:30:00,70.1079,70.1327,70.1079,70.1138,18614
2026-07-18 15:31:00,70.1178,70.1204,70.1048,70.1204,11718
2026-07-18 15:32:00,70.1178,70.1227,70.103,70.1178,11272
2026-07-18 15:33:00,70.1178,70.1178,70.103,70.1039,8739
2026-07-18 15:34:00,70.1128,70.1128,70.0782,70.0782,35970
2026-07-18 15:35:00,70.0782,70.1079,70.0733,70.098,20004
2026-07-18 15:36:00,70.0931,70.103,70.0832,70.103,56946
2026-07-18 15:37:00,70.1129,70.1129,70.0842,70.0931,34968
2026-07-18 15:38:00,70.0931,70.098,70.0634,70.0683,20238
2026-07-18 15:39:00,70.0683,70.0832,70.0584,70.0683,20240
2026-07-18 15:40:00,70.0683,70.103,70.0635,70.098,15681
2026-07-18 15:41:00,70.0931,70.098,70.0386,70.0584,32925
2026-07-18 15:42:00,70.0634,70.0931,70.0634,70.0733,23769
2026-07-18 15:43:00,70.0683,70.0931,70.0683,70.0931,19034
2026-07-18 15:44:00,70.0881,70.1079,70.0881,70.103,16797
2026-07-18 15:45:00,70.098,70.1327,70.098,70.1277,26316
2026-07-18 15:46:00,70.1228,70.1525,70.1228,70.1277,29524
2026-07-18 15:47:00,70.1277,70.1426,70.1228,70.1426,18729
2026-07-18 15:48:00,70.1475,70.1584,70.1327,70.1574,36944
2026-07-18 15:49:00,70.1574,70.1673,70.1426,70.1574,46437
2026-07-18 15:50:00,70.1525,70.2007,70.1426,70.1673,60475
2026-07-18 15:51:00,70.1624,70.1703,70.1079,70.1703,38720
2026-07-18 15:52:00,70.1673,70.1722,70.1327,70.1426,19680
2026-07-18 15:53:00,70.1376,70.1426,70.1228,70.1228,26946
2026-07-18 15:54:00,70.1228,70.1426,70.1138,70.1228,33187
2026-07-18 15:55:00,70.1129,70.1277,70.0139,70.0188,72861
2026-07-18 15:56:00,70.0238,70.0238,69.9743,69.9792,75855
2026-07-18 15:57:00,69.9792,70.004,69.9693,69.9891,103974
2026-07-18 15:58:00,69.9853,70.0139,69.9644,69.9654,111674
2026-07-18 15:59:00,69.9743,70.0535,69.9644,70.0337,336827
2026-07-21 09:30:00,70.1426,70.2712,70.1327,70.1673,204348
2026-07-21 09:31:00,70.1821,70.192,70.0833,70.1426,16294
2026-07-21 09:32:00,70.1425,70.2217,70.1277,70.2217,16212
2026-07-21 09:33:00,70.2316,70.2811,70.2217,70.2571,34690
2026-07-21 09:34:00,70.2316,70.2316,70.1722,70.2118,13709
2026-07-21 09:35:00,70.2118,70.291,70.2118,70.2811,23286
2026-07-21 09:36:00,70.291,70.3306,70.2415,70.2613,18789
2026-07-21 09:37:00,70.2629,70.3009,70.2514,70.3009,24854
2026-07-21 09:38:00,70.3107,70.3602,70.3107,70.3229,16663
2026-07-21 09:39:00,70.3009,70.4098,70.3009,70.3603,22862
2026-07-21 09:40:00,70.3603,70.37,70.3108,70.3356,23608
2026-07-21 09:41:00,70.3455,70.39,70.3455,70.3653,9760
2026-07-21 09:42:00,70.3702,70.3702,70.3207,70.3603,21327
2026-07-21 09:43:00,70.3603,70.4296,70.3504,70.3702,20207
2026-07-21 09:44:00,70.3752,70.3999,70.3702,70.3702,13912
2026-07-21 09:45:00,70.3702,70.4593,70.3405,70.4363,21843
2026-07-21 09:46:00,70.4395,70.5088,70.4296,70.4989,16270
2026-07-21 09:47:00,70.4989,70.5187,70.4791,70.4811,29104
2026-07-21 09:48:00,70.489,70.4989,70.4593,70.4692,17377
2026-07-21 09:49:00,70.4692,70.4828,70.4099,70.4828,24266
2026-07-21 09:50:00,70.489,70.5385,70.4593,70.4593,23263
2026-07-21 09:51:00,70.4494,70.4683,70.4098,70.4098,8314
2026-07-21 09:52:00,70.39,70.4296,70.3504,70.3504,26421
2026-07-21 09:53:00,70.3405,70.3471,70.3059,70.3455,13025
2026-07-21 09:54:00,70.3455,70.3455,70.3009,70.3108,8141
2026-07-21 09:55:00,70.3207,70.3207,70.298,70.3108,9503
2026-07-21 09:56:00,70.3009,70.3158,70.2711,70.2811,17771
2026-07-21 09:57:00,70.291,70.291,70.2366,70.2415,11220
2026-07-21 09:58:00,70.2513,70.2564,70.2217,70.2267,6312
2026-07-21 09:59:00,70.2217,70.2811,70.2217,70.2316,16813
2026-07-21 10:00:00,70.2316,70.2415,70.182,70.2105,20202
2026-07-21 10:01:00,70.2069,70.2415,70.2019,70.2217,19155
2026-07-21 10:02:00,70.2118,70.2118,70.1525,70.1624,21283
2026-07-21 10:03:00,70.1574,70.2514,70.1574,70.2514,12869
2026-07-21 10:04:00,70.2514,70.2712,70.2316,70.2316,14084
2026-07-21 10:05:00,70.2403,70.2415,70.1722,70.1871,13461
2026-07-21 10:06:00,70.1871,70.192,70.1574,70.182,21460
2026-07-21 10:07:00,70.1772,70.2217,70.1772,70.1987,12760
2026-07-21 10:08:00,70.2019,70.2118,70.1327,70.1475,27408
2026-07-21 10:09:00,70.1426,70.1722,70.1327,70.1376,27529
2026-07-21 10:10:00,70.1327,70.1574,70.1079,70.1129,25306
2026-07-21 10:11:00,70.1178,70.1178,70.0535,70.0634,59032
2026-07-21 10:12:00,70.0584,70.0584,70.0089,70.0089,50001
2026-07-21 10:13:00,70.0139,70.0139,69.9594,69.9842,46484
2026-07-21 10:14:00,69.9891,70.0188,69.9743,69.9743,16853
2026-07-21 10:15:00,69.9594,69.9742,69.9348,69.9396,31192
2026-07-21 10:16:00,69.9446,70.0188,69.9347,69.9941,84645
2026-07-21 10:17:00,69.9891,69.9941,69.9535,69.9743,16411
2026-07-21 10:18:00,69.9644,69.9742,69.9446,69.9733,18437
2026-07-21 10:19:00,69.9693,70.0188,69.9644,70.0139,10966
2026-07-21 10:20:00,70.0188,70.0337,69.999,70.0287,15395
2026-07-21 10:21:00,70.0436,70.0436,69.9347,69.9446,37662
2026-07-21 10:22:00,69.9396,69.9446,69.8406,69.8406,39805
2026-07-21 10:23:00,69.8555,69.9347,69.8505,69.9347,34691
2026-07-21 10:24:00,69.9347,69.9347,69.8258,69.8307,37408
2026-07-21 10:25:00,69.8278,69.8752,69.8278,69.8703,19193
2026-07-21 10:26:00,69.8703,69.9347,69.8654,69.9084,57229
2026-07-21 10:27:00,69.9099,69.9198,69.8258,69.8307,29562
2026-07-21 10:28:00,69.8307,69.8456,69.816,69.8357,28045
2026-07-21 10:29:00,69.8456,69.8901,69.8406,69.8703,18143
2026-07-21 10:30:00,69.8684,69.8684,69.8159,69.8208,13444
2026-07-21 10:31:00,69.8208,69.8307,69.7664,69.7714,44022
2026-07-21 10:32:00,69.7714,69.7862,69.7664,69.7862,16614
2026-07-21 10:33:00,69.7812,69.801,69.7763,69.801,14853
2026-07-21 10:34:00,69.806,69.8555,69.806,69.8555,11042
2026-07-21 10:35:00,69.8468,69.8753,69.8406,69.8406,19795
2026-07-21 10:36:00,69.8456,69.9089,69.8357,69.905,24618
2026-07-21 10:37:00,69.9019,69.9248,69.8951,69.9248,11370
2026-07-21 10:38:00,69.9248,69.9545,69.9066,69.9495,23833
2026-07-21 10:39:00,69.9544,69.9792,69.9347,69.9743,13722
2026-07-21 10:40:00,69.9743,69.9941,69.9743,69.9842,17474
2026-07-21 10:41:00,69.9891,70.0056,69.9891,69.9941,12182
2026-07-21 10:42:00,69.9941,70.004,69.9842,69.999,11518
2026-07-21 10:43:00,69.999,70.0015,69.9545,69.9693,14237
2026-07-21 10:44:00,69.9743,70.0238,69.9743,70.0089,22668
2026-07-21 10:45:00,70.0089,70.0089,69.9693,69.9743,11274
2026-07-21 10:46:00,69.9743,69.994,69.9743,69.9743,15947
2026-07-21 10:47:00,69.9792,70.0139,69.9743,70.0089,13972
2026-07-21 10:48:00,70.0089,70.0337,70.004,70.0076,40274
2026-07-21 10:49:00,70.0089,70.0188,69.9941,70.0188,12282
2026-07-21 10:50:00,70.0188,70.0189,69.9545,69.9743,24907
2026-07-21 10:51:00,69.9782,70.0139,69.959,69.9842,27573
2026-07-21 10:52:00,69.9891,69.994,69.9347,69.9644,29420
2026-07-21 10:53:00,69.9594,69.9644,69.9248,69.9248,8686
2026-07-21 10:54:00,69.9198,69.9248,69.905,69.9099,7031
2026-07-21 10:55:00,69.9099,69.9149,69.8654,69.8802,15305
2026-07-21 10:56:00,69.8852,69.8909,69.8358,69.8604,14455
2026-07-21 10:57:00,69.8654,69.8753,69.8604,69.8753,8876
2026-07-21 10:58:00,69.8753,69.8753,69.8555,69.8654,5388
2026-07-21 10:59:00,69.8555,69.8753,69.8505,69.8654,22776
2026-07-21 11:00:00,69.8703,69.8802,69.8654,69.8703,13171
2026-07-21 11:01:00,69.8654,69.8654,69.8456,69.8468,15768
2026-07-21 11:02:00,69.8505,69.8703,69.8456,69.8505,11533
2026-07-21 11:03:00,69.8458,69.8604,69.8456,69.85,8024
2026-07-21 11:04:00,69.8505,69.8555,69.8406,69.8456,9684
2026-07-21 11:05:00,69.8505,69.8654,69.8505,69.8567,4398
2026-07-21 11:06:00,69.8654,69.8852,69.8654,69.8753,17574
2026-07-21 11:07:00,69.877,69.8951,69.8753,69.8852,6094
2026-07-21 11:08:00,69.8901,69.895,69.8456,69.8505,10560
2026-07-21 11:09:00,69.8555,69.8555,69.8159,69.8208,10747
2026-07-21 11:10:00,69.8258,69.8456,69.7868,69.7883,13070
2026-07-21 11:11:00,69.7961,69.8109,69.7763,69.7763,14511
2026-07-21 11:12:00,69.7714,69.7817,69.7664,69.7714,10030
2026-07-21 11:13:00,69.7714,69.7862,69.7664,69.7812,7969
2026-07-21 11:14:00,69.7812,69.8109,69.7763,69.7812,19530
2026-07-21 11:15:00,69.7862,69.802,69.7862,69.7895,11878
2026-07-21 11:16:00,69.7911,69.7961,69.7367,69.7664,24828
2026-07-21 11:17:00,69.7664,69.7664,69.7169,69.7169,8256
2026-07-21 11:18:00,69.7231,69.7466,69.7169,69.7268,16047
2026-07-21 11:19:00,69.7318,69.7327,69.7087,69.7318,8640
2026-07-21 11:20:00,69.7286,69.7318,69.7169,69.7169,7714
2026-07-21 11:21:00,69.7183,69.7268,69.7169,69.7219,4472
2026-07-21 11:22:00,69.7268,69.7862,69.7169,69.7763,33312
2026-07-21 11:23:00,69.7862,69.7961,69.7565,69.7763,40336
2026-07-21 11:24:00,69.7763,69.7812,69.7565,69.7664,11451
2026-07-21 11:25:00,69.7565,69.7664,69.7565,69.7565,5520
2026-07-21 11:26:00,69.7615,69.7664,69.7516,69.7565,16938
2026-07-21 11:27:00,69.7664,69.7763,69.7615,69.7763,12726
2026-07-21 11:28:00,69.7714,69.7714,69.6971,69.6971,17874
2026-07-21 11:29:00,69.6971,69.7219,69.6971,69.707,9913
2026-07-21 11:30:00,69.712,69.7367,69.7088,69.7367,8984
2026-07-21 11:31:00,69.7318,69.7523,69.7268,69.7516,17168
2026-07-21 11:32:00,69.7466,69.7466,69.6971,69.707,14024
2026-07-21 11:33:00,69.7169,69.7367,69.7021,69.7108,16075
2026-07-21 11:34:00,69.712,69.7268,69.6773,69.6823,20024
2026-07-21 11:35:00,69.6823,69.6823,69.6674,69.6674,7996
2026-07-21 11:36:00,69.6745,69.6773,69.613,69.613,25360
2026-07-21 11:37:00,69.6104,69.6154,69.6031,69.608,9567
2026-07-21 11:38:00,69.6031,69.6031,69.5783,69.5783,14751
2026-07-21 11:39:00,69.5783,69.5981,69.5783,69.598,14607
2026-07-21 11:40:00,69.5932,69.598,69.5882,69.5882,4933
2026-07-21 11:41:00,69.5932,69.5932,69.5387,69.5663,23721
2026-07-21 11:42:00,69.5635,69.5734,69.5486,69.5734,13664
2026-07-21 11:43:00,69.5734,69.5833,69.5585,69.5833,15191
2026-07-21 11:44:00,69.5833,69.5882,69.5783,69.5833,9004
2026-07-21 11:45:00,69.5797,69.5833,69.5437,69.5437,15287
2026-07-21 11:46:00,69.5437,69.5783,69.5387,69.5635,21860
2026-07-21 11:47:00,69.5635,69.5833,69.5635,69.5684,13015
2026-07-21 11:48:00,69.5684,69.5684,69.5387,69.5437,15468
2026-07-21 11:49:00,69.5486,69.5585,69.5239,69.5239,22253
2026-07-21 11:50:00,69.519,69.5387,69.519,69.5338,9828
2026-07-21 11:51:00,69.5387,69.5684,69.5387,69.5635,16286
2026-07-21 11:52:00,69.5625,69.6034,69.5585,69.5882,24482
2026-07-21 11:53:00,69.5934,69.608,69.5932,69.608,11113
2026-07-21 11:54:00,69.613,69.6328,69.613,69.6328,15229
2026-07-21 11:55:00,69.6328,69.6377,69.6229,69.6229,13371
2026-07-21 11:56:00,69.6229,69.6476,69.6193,69.6407,7846
2026-07-21 11:57:00,69.6378,69.6562,69.6377,69.6526,10421
2026-07-21 11:58:00,69.6526,69.6575,69.6328,69.6328,13995
2026-07-21 11:59:00,69.6328,69.6575,69.6278,69.6427,11728
2026-07-21 12:00:00,69.6377,69.6377,69.6179,69.6328,12455
2026-07-21 12:01:00,69.6278,69.6328,69.6179,69.6179,8810
2026-07-21 12:02:00,69.6278,69.6575,69.6229,69.6526,10640
2026-07-21 12:03:00,69.649,69.6773,69.6488,69.6724,15194
2026-07-21 12:04:00,69.6724,69.6955,69.6691,69.6872,14100
2026-07-21 12:05:00,69.6932,69.7021,69.6675,69.6724,14905
2026-07-21 12:06:00,69.6674,69.6773,69.6526,69.6674,15050
2026-07-21 12:07:00,69.6625,69.707,69.6625,69.7021,10802
2026-07-21 12:08:00,69.6971,69.7169,69.6971,69.7021,4161
2026-07-21 12:09:00,69.6971,69.707,69.6971,69.7021,8713
2026-07-21 12:10:00,69.7021,69.7021,69.6971,69.7021,7970
2026-07-21 12:11:00,69.6971,69.707,69.6971,69.6971,3361
2026-07-21 12:12:00,69.6971,69.707,69.6971,69.6971,2935
2026-07-21 12:13:00,69.707,69.707,69.6773,69.6773,11492
2026-07-21 12:14:00,69.6773,69.7169,69.6773,69.7169,8782
2026-07-21 12:15:00,69.7071,69.7285,69.707,69.7285,5938
2026-07-21 12:16:00,69.7367,69.7516,69.7367,69.7417,17887
2026-07-21 12:17:00,69.7417,69.7466,69.7219,69.7268,5855
2026-07-21 12:18:00,69.7169,69.7268,69.6971,69.7219,6012
2026-07-21 12:19:00,69.7268,69.7268,69.7169,69.7219,7202
2026-07-21 12:20:00,69.7229,69.7229,69.712,69.7169,5006
2026-07-21 12:21:00,69.7169,69.7367,69.712,69.7331,16356
2026-07-21 12:22:00,69.7318,69.7367,69.7318,69.7367,6016
2026-07-21 12:23:00,69.7318,69.7318,69.707,69.7318,9726
2026-07-21 12:24:00,69.7318,69.7367,69.7169,69.7318,8812
2026-07-21 12:25:00,69.7318,69.7466,69.7318,69.7466,5204
2026-07-21 12:26:00,69.7417,69.7417,69.7181,69.7318,10706
2026-07-21 12:27:00,69.7318,69.7664,69.7318,69.7664,5663
2026-07-21 12:28:00,69.7664,69.7664,69.7367,69.7379,7226
2026-07-21 12:29:00,69.7367,69.7516,69.7367,69.7417,4864
2026-07-21 12:30:00,69.7367,69.7516,69.7367,69.7417,3952
2026-07-21 12:31:00,69.7417,69.7463,69.7219,69.7219,5795
2026-07-21 12:32:00,69.7169,69.7169,69.6974,69.7088,4620
2026-07-21 12:33:00,69.7108,69.7168,69.707,69.707,2692
2026-07-21 12:34:00,69.707,69.707,69.6674,69.6773,14659
2026-07-21 12:35:00,69.6773,69.6971,69.6773,69.6922,3407
2026-07-21 12:36:00,69.6971,69.6971,69.6873,69.6873,3856
2026-07-21 12:37:00,69.6922,69.6971,69.6576,69.6674,8050
2026-07-21 12:38:00,69.6674,69.6823,69.6591,69.6625,8025
2026-07-21 12:39:00,69.6625,69.6674,69.6377,69.6427,7605
2026-07-21 12:40:00,69.6377,69.6377,69.6229,69.6377,5723
2026-07-21 12:41:00,69.6328,69.6377,69.6278,69.6377,8924
2026-07-21 12:42:00,69.6278,69.6328,69.6278,69.6328,3752
2026-07-21 12:43:00,69.6328,69.6526,69.6278,69.6526,547998
2026-07-21 12:44:00,69.6575,69.6575,69.6526,69.6526,1727
2026-07-21 12:45:00,69.6526,69.6535,69.6278,69.6328,8921
2026-07-21 12:46:00,69.6377,69.6475,69.6278,69.6377,6494
2026-07-21 12:47:00,69.6377,69.6377,69.6278,69.6377,14086
2026-07-21 12:48:00,69.6295,69.6328,69.6179,69.626,16662
2026-07-21 12:49:00,69.6278,69.6377,69.6278,69.6278,6618
2026-07-21 12:50:00,69.6278,69.6278,69.608,69.608,8137
2026-07-21 12:51:00,69.613,69.6278,69.608,69.6179,10531
2026-07-21 12:52:00,69.6229,69.6575,69.6229,69.6476,13314
2026-07-21 12:53:00,69.6427,69.6971,69.6427,69.697,11627
2026-07-21 12:54:00,69.6971,69.707,69.6872,69.6973,10214
2026-07-21 12:55:00,69.707,69.7565,69.6971,69.752,12846
2026-07-21 12:56:00,69.7565,69.7615,69.7268,69.7268,14611
2026-07-21 12:57:00,69.7219,69.7318,69.717,69.7268,7839
2026-07-21 12:58:00,69.7219,69.7417,69.7169,69.7368,5427
2026-07-21 12:59:00,69.7466,69.7565,69.7417,69.7516,11678
2026-07-21 13:00:00,69.7565,69.8042,69.7565,69.8042,14465
2026-07-21 13:01:00,69.801,69.806,69.7961,69.801,6032
2026-07-21 13:02:00,69.7961,69.806,69.7714,69.7812,8533
2026-07-21 13:03:00,69.7862,69.7862,69.7779,69.7862,2416
2026-07-21 13:04:00,69.7862,69.806,69.7812,69.806,9068
2026-07-21 13:05:00,69.806,69.8159,69.806,69.806,7338
2026-07-21 13:06:00,69.806,69.8134,69.7705,69.7763,8025
2026-07-21 13:07:00,69.7862,69.8105,69.7862,69.7961,6320
2026-07-21 13:08:00,69.7961,69.7961,69.7812,69.7862,4915
2026-07-21 13:09:00,69.7911,69.7961,69.7812,69.7911,5656
2026-07-21 13:10:00,69.7911,69.7961,69.7615,69.7714,11259
2026-07-21 13:11:00,69.7714,69.7714,69.7565,69.7714,8032
2026-07-21 13:12:00,69.7701,69.7763,69.7664,69.7684,3809
2026-07-21 13:13:00,69.7714,69.8159,69.7664,69.8159,18966
2026-07-21 13:14:00,69.8109,69.8356,69.8109,69.8213,13909
2026-07-21 13:15:00,69.8159,69.8357,69.7961,69.7961,20741
2026-07-21 13:16:00,69.7961,69.7961,69.7516,69.7516,11213
2026-07-21 13:17:00,69.7466,69.7664,69.7466,69.7565,12817
2026-07-21 13:18:00,69.7565,69.763,69.7466,69.7565,13572
2026-07-21 13:19:00,69.7615,69.7862,69.7565,69.7812,8725
2026-07-21 13:20:00,69.7862,69.806,69.7862,69.7917,14256
2026-07-21 13:21:00,69.7862,69.7862,69.7664,69.7664,7756
2026-07-21 13:22:00,69.7714,69.8208,69.7664,69.8109,18790
2026-07-21 13:23:00,69.8158,69.8258,69.806,69.8197,12116
2026-07-21 13:24:00,69.8258,69.8258,69.7812,69.7812,20183
2026-07-21 13:25:00,69.7812,69.806,69.7812,69.7961,11072
2026-07-21 13:26:00,69.801,69.801,69.7862,69.7862,5579
2026-07-21 13:27:00,69.7911,69.7961,69.7862,69.7862,2734
2026-07-21 13:28:00,69.7911,69.796,69.7862,69.7911,5055
2026-07-21 13:29:00,69.7866,69.7911,69.7664,69.7664,15714
2026-07-21 13:30:00,69.7714,69.7862,69.7466,69.7516,20144
2026-07-21 13:31:00,69.7516,69.7763,69.7466,69.7704,12019
2026-07-21 13:32:00,69.7664,69.7812,69.7664,69.7714,11433
2026-07-21 13:33:00,69.7664,69.8492,69.7664,69.8457,25341
2026-07-21 13:34:00,69.8505,69.8505,69.8456,69.8505,4999
2026-07-21 13:35:00,69.8505,69.8505,69.806,69.806,13186
2026-07-21 13:36:00,69.7961,69.7961,69.7664,69.7664,11962
2026-07-21 13:37:00,69.7466,69.7714,69.7466,69.7714,5137
2026-07-21 13:38:00,69.7664,69.7753,69.7516,69.7565,12523
2026-07-21 13:39:00,69.7565,69.7664,69.7565,69.7615,4171
2026-07-21 13:40:00,69.7664,69.806,69.7565,69.7862,28316
2026-07-21 13:41:00,69.7862,69.801,69.7862,69.7961,11848
2026-07-21 13:42:00,69.7862,69.7951,69.7862,69.7911,2219
2026-07-21 13:43:00,69.7911,69.7961,69.7664,69.7763,10893
2026-07-21 13:44:00,69.7763,69.7763,69.7664,69.7714,5719
2026-07-21 13:45:00,69.7664,69.7862,69.7664,69.7812,7707
2026-07-21 13:46:00,69.7812,69.7961,69.7763,69.7911,10564
2026-07-21 13:47:00,69.7862,69.7961,69.7812,69.7812,8244
2026-07-21 13:48:00,69.7812,69.7812,69.7664,69.7714,9392
2026-07-21 13:49:00,69.7728,69.7862,69.7618,69.7736,13686
2026-07-21 13:50:00,69.7763,69.7763,69.7466,69.7466,6936
2026-07-21 13:51:00,69.7466,69.7575,69.7367,69.7565,19421
2026-07-21 13:52:00,69.7615,69.7615,69.7268,69.7318,6948
2026-07-21 13:53:00,69.7367,69.7417,69.7292,69.7318,10851
2026-07-21 13:54:00,69.7367,69.7516,69.7367,69.7516,9431
2026-07-21 13:55:00,69.7516,69.7565,69.7367,69.7516,9505
2026-07-21 13:56:00,69.7466,69.7565,69.7466,69.7516,6572
2026-07-21 13:57:00,69.7516,69.7664,69.7466,69.7565,13340
2026-07-21 13:58:00,69.7565,69.7615,69.7466,69.7615,6354
2026-07-21 13:59:00,69.7615,69.7664,69.7565,69.7615,3161
2026-07-21 14:00:00,69.7663,69.7663,69.7565,69.7582,4879
2026-07-21 14:01:00,69.7565,69.7565,69.7367,69.7466,24636
2026-07-21 14:02:00,69.7516,69.7664,69.7466,69.7615,10824
2026-07-21 14:03:00,69.7618,69.7763,69.7565,69.7714,9814
2026-07-21 14:04:00,69.7714,69.7714,69.7565,69.7615,10342
2026-07-21 14:05:00,69.7615,69.7763,69.7565,69.7763,19862
2026-07-21 14:06:00,69.7714,69.7714,69.7677,69.7714,4164
2026-07-21 14:07:00,69.7664,69.7911,69.7664,69.7763,15053
2026-07-21 14:08:00,69.7763,69.7911,69.7763,69.7862,13869
2026-07-21 14:09:00,69.7862,69.806,69.7704,69.7862,24894
2026-07-21 14:10:00,69.7862,69.7911,69.7565,69.7565,15352
2026-07-21 14:11:00,69.7615,69.7664,69.7367,69.7466,11452
2026-07-21 14:12:00,69.7436,69.7466,69.7367,69.7417,5393
2026-07-21 14:13:00,69.7417,69.7664,69.7417,69.758,12236
2026-07-21 14:14:00,69.7615,69.7763,69.7566,69.7714,12347
2026-07-21 14:15:00,69.7714,69.7911,69.7664,69.7862,21213
2026-07-21 14:16:00,69.7812,69.801,69.7812,69.7961,11290
2026-07-21 14:17:00,69.7977,69.801,69.7714,69.7714,12191
2026-07-21 14:18:00,69.7664,69.7812,69.7615,69.7812,16073
2026-07-21 14:19:00,69.7812,69.7862,69.7664,69.7664,5157
2026-07-21 14:20:00,69.7714,69.7754,69.7565,69.7565,14987
2026-07-21 14:21:00,69.7664,69.7664,69.7466,69.7521,8859
2026-07-21 14:22:00,69.7516,69.7565,69.7367,69.7367,8808
2026-07-21 14:23:00,69.7367,69.7466,69.7367,69.7466,5006
2026-07-21 14:24:00,69.7417,69.7565,69.7367,69.7516,14821
2026-07-21 14:25:00,69.7516,69.7564,69.7466,69.7466,8610
2026-07-21 14:26:00,69.7505,69.7564,69.7386,69.7417,17650
2026-07-21 14:27:00,69.7368,69.7466,69.7367,69.7417,6743
2026-07-21 14:28:00,69.7417,69.7417,69.7268,69.7417,19974
2026-07-21 14:29:00,69.7466,69.7466,69.7367,69.7417,6651
2026-07-21 14:30:00,69.7367,69.7466,69.7367,69.7466,13804
2026-07-21 14:31:00,69.7466,69.7664,69.7417,69.7615,10229
2026-07-21 14:32:00,69.7615,69.7664,69.7565,69.7565,6023
2026-07-21 14:33:00,69.7565,69.7664,69.7565,69.7615,4644
2026-07-21 14:34:00,69.762,69.7763,69.7584,69.7615,15117
2026-07-21 14:35:00,69.7663,69.7664,69.7565,69.7615,4194
2026-07-21 14:36:00,69.7565,69.7862,69.7565,69.7812,10267
2026-07-21 14:37:00,69.7812,69.7862,69.7763,69.7812,6425
2026-07-21 14:38:00,69.7862,69.801,69.7763,69.8004,15054
2026-07-21 14:39:00,69.7989,69.8058,69.7911,69.7911,11769
2026-07-21 14:40:00,69.801,69.8258,69.7961,69.8208,15399
2026-07-21 14:41:00,69.8208,69.8604,69.8183,69.8573,9174
2026-07-21 14:42:00,69.8654,69.8852,69.8654,69.8822,15363
2026-07-21 14:43:00,69.8826,69.9149,69.8802,69.9,27480
2026-07-21 14:44:00,69.9,69.9099,69.8951,69.8951,13478
2026-07-21 14:45:00,69.8951,69.9,69.8951,69.8951,3397
2026-07-21 14:46:00,69.8951,69.9,69.8852,69.9,11609
2026-07-21 14:47:00,69.9,69.9,69.8951,69.8951,4914
2026-07-21 14:48:00,69.8951,69.905,69.8753,69.8802,15981
2026-07-21 14:49:00,69.8753,69.8802,69.8555,69.8555,13724
2026-07-21 14:50:00,69.8651,69.8654,69.8555,69.8654,11968
2026-07-21 14:51:00,69.8703,69.8951,69.8703,69.8901,14387
2026-07-21 14:52:00,69.8941,69.8951,69.8654,69.8703,13851
2026-07-21 14:53:00,69.8654,69.8703,69.8555,69.8555,11390
2026-07-21 14:54:00,69.8604,69.8753,69.8567,69.8703,9200
2026-07-21 14:55:00,69.8703,69.8753,69.8555,69.8604,10837
2026-07-21 14:56:00,69.8555,69.8604,69.8456,69.8456,7056
2026-07-21 14:57:00,69.8456,69.8456,69.8307,69.8307,8231
2026-07-21 14:58:00,69.8307,69.8357,69.8208,69.8357,16089
2026-07-21 14:59:00,69.8434,69.8456,69.8357,69.8357,7898
2026-07-21 15:00:00,69.8406,69.8406,69.7911,69.801,16194
2026-07-21 15:01:00,69.8021,69.806,69.7812,69.7862,17011
2026-07-21 15:02:00,69.7876,69.796,69.7664,69.7763,22783
2026-07-21 15:03:00,69.7812,69.7862,69.7763,69.7777,9058
2026-07-21 15:04:00,69.7862,69.7862,69.7763,69.7763,7404
2026-07-21 15:05:00,69.7763,69.7861,69.7664,69.7664,10927
2026-07-21 15:06:00,69.7664,69.7812,69.7516,69.7812,19244
2026-07-21 15:07:00,69.7803,69.7837,69.7763,69.7812,5155
2026-07-21 15:08:00,69.7812,69.7812,69.7466,69.7466,23526
2026-07-21 15:09:00,69.7466,69.7565,69.7417,69.7417,12249
2026-07-21 15:10:00,69.7367,69.7664,69.7367,69.7615,16311
2026-07-21 15:11:00,69.7615,69.7837,69.7615,69.7714,13585
2026-07-21 15:12:00,69.7664,69.7714,69.7565,69.7565,12537
2026-07-21 15:13:00,69.7565,69.7812,69.7565,69.7812,14729
2026-07-21 15:14:00,69.7862,69.7862,69.7763,69.7763,11468
2026-07-21 15:15:00,69.7763,69.7763,69.7565,69.7565,11760
2026-07-21 15:16:00,69.7565,69.7961,69.7565,69.7873,18871
2026-07-21 15:17:00,69.7862,69.8159,69.7763,69.806,15523
2026-07-21 15:18:00,69.801,69.801,69.7812,69.7812,10138
2026-07-21 15:19:00,69.7812,69.7812,69.7565,69.7664,18869
2026-07-21 15:20:00,69.7615,69.7664,69.7516,69.7615,11156
2026-07-21 15:21:00,69.7565,69.7565,69.7367,69.7367,12305
2026-07-21 15:22:00,69.7367,69.7565,69.7268,69.7516,21317
2026-07-21 15:23:00,69.7516,69.7564,69.7367,69.7417,13680
2026-07-21 15:24:00,69.7417,69.7564,69.7367,69.7516,11304
2026-07-21 15:25:00,69.7516,69.7763,69.7466,69.7615,22528
2026-07-21 15:26:00,69.7615,69.7664,69.7466,69.7466,11180
2026-07-21 15:27:00,69.7466,69.7565,69.7466,69.7516,13332
2026-07-21 15:28:00,69.7466,69.7763,69.7417,69.7417,22271
2026-07-21 15:29:00,69.7417,69.7565,69.7367,69.7516,20213
2026-07-21 15:30:00,69.7417,69.7565,69.7367,69.7417,16072
2026-07-21 15:31:00,69.7417,69.7466,69.7169,69.7169,24034
2026-07-21 15:32:00,69.7219,69.7367,69.7169,69.7245,24519
2026-07-21 15:33:00,69.7219,69.7516,69.7169,69.7417,18266
2026-07-21 15:34:00,69.7453,69.7516,69.7318,69.7507,20045
2026-07-21 15:35:00,69.7516,69.7664,69.7466,69.7615,25020
2026-07-21 15:36:00,69.7565,69.7763,69.7466,69.7664,34269
2026-07-21 15:37:00,69.7565,69.7763,69.7565,69.7664,14441
2026-07-21 15:38:00,69.7714,69.7961,69.7664,69.7862,21769
2026-07-21 15:39:00,69.7862,69.7911,69.7763,69.7763,20078
2026-07-21 15:40:00,69.7862,69.7902,69.7664,69.7714,18358
2026-07-21 15:41:00,69.7714,69.7763,69.7664,69.7708,15336
2026-07-21 15:42:00,69.7664,69.7911,69.7565,69.7862,34493
2026-07-21 15:43:00,69.7862,69.7911,69.7664,69.7664,16231
2026-07-21 15:44:00,69.7714,69.7763,69.7664,69.7714,15612
2026-07-21 15:45:00,69.7714,69.7812,69.7565,69.7565,29740
2026-07-21 15:46:00,69.7664,69.7664,69.7565,69.7664,21957
2026-07-21 15:47:00,69.7615,69.7634,69.7466,69.7516,32612
2026-07-21 15:48:00,69.7516,69.7516,69.707,69.712,32215
2026-07-21 15:49:00,69.712,69.7169,69.6872,69.6872,48435
2026-07-21 15:50:00,69.6872,69.7169,69.6773,69.6872,87323
2026-07-21 15:51:00,69.6872,69.7268,69.6872,69.7219,76736
2026-07-21 15:52:00,69.7219,69.7516,69.7169,69.7318,70821
2026-07-21 15:53:00,69.7318,69.7466,69.7169,69.7417,93062
2026-07-21 15:54:00,69.7417,69.7615,69.7367,69.7466,75344
2026-07-21 15:55:00,69.7466,69.7664,69.7268,69.7318,115456
2026-07-21 15:56:00,69.7318,69.7367,69.712,69.7219,110450
2026-07-21 15:57:00,69.7268,69.7268,69.6872,69.7021,91086
2026-07-21 15:58:00,69.7021,69.7169,69.6773,69.6823,122047
2026-07-21 15:59:00,69.6773,69.6971,69.6427,69.6773,317209
2026-07-22 09:30:00,69.7565,69.8753,69.6575,69.6872,181774
2026-07-22 09:31:00,69.6773,69.6773,69.6278,69.6278,11306
2026-07-22 09:32:00,69.6328,69.6328,69.5288,69.5486,14661
2026-07-22 09:33:00,69.5437,69.5684,69.5288,69.5486,17535
2026-07-22 09:34:00,69.5387,69.5683,69.5189,69.5585,10203
2026-07-22 09:35:00,69.5684,69.5783,69.5239,69.5635,21504
2026-07-22 09:36:00,69.5585,69.6073,69.5486,69.5882,10137
2026-07-22 09:37:00,69.5783,69.608,69.5684,69.5833,17655
2026-07-22 09:38:00,69.5882,69.5981,69.5783,69.5783,7629
2026-07-22 09:39:00,69.5783,69.6634,69.5684,69.6634,14159
2026-07-22 09:40:00,69.6476,69.6476,69.608,69.608,12580
2026-07-22 09:41:00,69.6278,69.6575,69.6179,69.6476,10278
2026-07-22 09:42:00,69.6476,69.6872,69.6278,69.6278,11878
2026-07-22 09:43:00,69.6377,69.6971,69.6377,69.6971,10140
2026-07-22 09:44:00,69.6971,69.6971,69.6179,69.6427,8307
2026-07-22 09:45:00,69.6377,69.6922,69.6179,69.6773,12753
2026-07-22 09:46:00,69.6575,69.6773,69.6377,69.6476,7420
2026-07-22 09:47:00,69.6476,69.6864,69.6278,69.6773,22154
2026-07-22 09:48:00,69.6773,69.6773,69.608,69.6179,12757
2026-07-22 09:49:00,69.6179,69.6377,69.5486,69.5486,11665
2026-07-22 09:50:00,69.5536,69.6278,69.5486,69.6278,13339
2026-07-22 09:51:00,69.6179,69.6476,69.6179,69.6476,5856
2026-07-22 09:52:00,69.6476,69.6476,69.5882,69.5981,11618
2026-07-22 09:53:00,69.5981,69.6179,69.5783,69.5981,10113
2026-07-22 09:54:00,69.5981,69.6773,69.5932,69.6724,17000
2026-07-22 09:55:00,69.6674,69.6707,69.6377,69.6489,14613
2026-07-22 09:56:00,69.6377,69.6476,69.5882,69.6278,15315
2026-07-22 09:57:00,69.6179,69.6476,69.5981,69.5981,25691
2026-07-22 09:58:00,69.608,69.6179,69.5684,69.5981,15392
2026-07-22 09:59:00,69.5882,69.613,69.5684,69.5981,14844
2026-07-22 10:00:00,69.5981,69.6575,69.5783,69.6575,11637
2026-07-22 10:01:00,69.6377,69.6724,69.6328,69.6724,9329
2026-07-22 10:02:00,69.6773,69.7268,69.6773,69.7268,12674
2026-07-22 10:03:00,69.7268,69.7417,69.7021,69.7169,26108
2026-07-22 10:04:00,69.7318,69.7417,69.6971,69.712,15746
2026-07-22 10:05:00,69.707,69.7219,69.6971,69.7021,6507
2026-07-22 10:06:00,69.6971,69.707,69.6674,69.707,13422
2026-07-22 10:07:00,69.707,69.712,69.6872,69.6872,7722
2026-07-22 10:08:00,69.6922,69.6971,69.6328,69.6328,8396
2026-07-22 10:09:00,69.6303,69.6724,69.6278,69.6699,25329
2026-07-22 10:10:00,69.6674,69.6724,69.6179,69.6229,9554
2026-07-22 10:11:00,69.6229,69.6229,69.608,69.608,10219
2026-07-22 10:12:00,69.6179,69.6229,69.5981,69.613,23670
2026-07-22 10:13:00,69.608,69.6377,69.608,69.6279,10190
2026-07-22 10:14:00,69.6278,69.6476,69.608,69.6328,35160
2026-07-22 10:15:00,69.6278,69.6278,69.6179,69.6278,6730
2026-07-22 10:16:00,69.6278,69.6278,69.5932,69.5981,16566
2026-07-22 10:17:00,69.5882,69.6229,69.5882,69.5932,8795
2026-07-22 10:18:00,69.5957,69.6031,69.5882,69.5882,5482
2026-07-22 10:19:00,69.5979,69.6375,69.5979,69.6229,22778
2026-07-22 10:20:00,69.6179,69.6179,69.5783,69.5783,27175
2026-07-22 10:21:00,69.5783,69.6328,69.5734,69.6328,25248
2026-07-22 10:22:00,69.6278,69.6773,69.608,69.6772,61588
2026-07-22 10:23:00,69.6773,69.6823,69.6625,69.6724,10338
2026-07-22 10:24:00,69.6773,69.6872,69.6674,69.6724,9571
2026-07-22 10:25:00,69.6674,69.6774,69.6575,69.6773,13724
2026-07-22 10:26:00,69.6872,69.7463,69.6872,69.7219,11379
2026-07-22 10:27:00,69.7169,69.7169,69.7021,69.707,7203
2026-07-22 10:28:00,69.7021,69.707,69.6873,69.707,8363
2026-07-22 10:29:00,69.7021,69.7169,69.6823,69.6971,15429
2026-07-22 10:30:00,69.6971,69.7021,69.6674,69.6773,9548
2026-07-22 10:31:00,69.6872,69.6872,69.6773,69.6872,4179
2026-07-22 10:32:00,69.6823,69.7268,69.6823,69.717,50572
2026-07-22 10:33:00,69.7268,69.7367,69.6724,69.6823,22159
2026-07-22 10:34:00,69.6871,69.6971,69.6871,69.6922,9835
2026-07-22 10:35:00,69.6922,69.6971,69.6674,69.6674,12689
2026-07-22 10:36:00,69.6625,69.6872,69.613,69.613,31824
2026-07-22 10:37:00,69.608,69.6204,69.5981,69.6179,9940
2026-07-22 10:38:00,69.6179,69.6278,69.6179,69.6278,6841
2026-07-22 10:39:00,69.6278,69.6427,69.5981,69.613,15475
2026-07-22 10:40:00,69.613,69.6179,69.608,69.613,3975
2026-07-22 10:41:00,69.6179,69.6229,69.6179,69.6179,10131
2026-07-22 10:42:00,69.6229,69.6377,69.608,69.6278,18757
2026-07-22 10:43:00,69.6278,69.6574,69.6179,69.6557,11918
2026-07-22 10:44:00,69.6476,69.6526,69.6427,69.6489,6178
2026-07-22 10:45:00,69.6575,69.6674,69.6377,69.6377,11401
2026-07-22 10:46:00,69.6476,69.6674,69.6278,69.6674,56849
2026-07-22 10:47:00,69.6674,69.6724,69.6526,69.6724,10009
2026-07-22 10:48:00,69.6773,69.7023,69.6674,69.6971,12135
2026-07-22 10:49:00,69.707,69.7169,69.6687,69.6724,39083
2026-07-22 10:50:00,69.6724,69.6872,69.6724,69.6872,9064
2026-07-22 10:51:00,69.6823,69.6872,69.6476,69.6625,19670
2026-07-22 10:52:00,69.6674,69.6724,69.6031,69.613,30895
2026-07-22 10:53:00,69.6178,69.6179,69.608,69.6154,11066
2026-07-22 10:54:00,69.608,69.613,69.5882,69.5981,18103
2026-07-22 10:55:00,69.5981,69.6055,69.5486,69.5734,29102
2026-07-22 10:56:00,69.5783,69.5981,69.5734,69.5833,15059
2026-07-22 10:57:00,69.5833,69.5981,69.5684,69.5684,29676
2026-07-22 10:58:00,69.5734,69.5783,69.5486,69.5684,13431
2026-07-22 10:59:00,69.5684,69.6031,69.5684,69.5882,9807
2026-07-22 11:00:00,69.5932,69.608,69.5932,69.5981,7205
2026-07-22 11:01:00,69.608,69.608,69.5981,69.5981,3792
2026-07-22 11:02:00,69.6031,69.6476,69.6031,69.6328,19746
2026-07-22 11:03:00,69.6278,69.6476,69.6278,69.6427,12755
2026-07-22 11:04:00,69.6476,69.6674,69.6476,69.6625,9276
2026-07-22 11:05:00,69.6575,69.6773,69.6575,69.6576,12280
2026-07-22 11:06:00,69.6625,69.6971,69.6427,69.6526,26054
2026-07-22 11:07:00,69.6575,69.6674,69.6476,69.6526,5772
2026-07-22 11:08:00,69.6572,69.6922,69.6477,69.6922,21670
2026-07-22 11:09:00,69.6971,69.7169,69.6971,69.712,6738
2026-07-22 11:10:00,69.707,69.7169,69.6872,69.7168,10045
2026-07-22 11:11:00,69.7071,69.7318,69.6922,69.6971,10787
2026-07-22 11:12:00,69.6971,69.7169,69.6872,69.712,4079
2026-07-22 11:13:00,69.7169,69.7169,69.707,69.707,2183
2026-07-22 11:14:00,69.707,69.7318,69.707,69.7318,9711
2026-07-22 11:15:00,69.7268,69.7318,69.704,69.712,21641
2026-07-22 11:16:00,69.712,69.7169,69.707,69.7169,12078
2026-07-22 11:17:00,69.7168,69.7169,69.6872,69.6971,24242
2026-07-22 11:18:00,69.6922,69.7169,69.6872,69.7169,11339
2026-07-22 11:19:00,69.712,69.7169,69.6922,69.7031,12736
2026-07-22 11:20:00,69.7021,69.7021,69.6773,69.6823,10586
2026-07-22 11:21:00,69.6841,69.6971,69.6674,69.6922,38457
2026-07-22 11:22:00,69.6922,69.707,69.6377,69.6377,13273
2026-07-22 11:23:00,69.6427,69.6674,69.6427,69.6625,10799
2026-07-22 11:24:00,69.6575,69.6724,69.6476,69.6675,10264
2026-07-22 11:25:00,69.6724,69.6724,69.6575,69.6633,12930
2026-07-22 11:26:00,69.6575,69.6773,69.6575,69.6724,9737
2026-07-22 11:27:00,69.6674,69.6971,69.6674,69.6971,7054
2026-07-22 11:28:00,69.707,69.7268,69.7021,69.7219,9080
2026-07-22 11:29:00,69.7219,69.7219,69.6971,69.707,10525
2026-07-22 11:30:00,69.712,69.7268,69.7071,69.717,11303
2026-07-22 11:31:00,69.7169,69.7169,69.707,69.712,7933
2026-07-22 11:32:00,69.712,69.712,69.6774,69.707,24991
2026-07-22 11:33:00,69.7021,69.707,69.6988,69.7021,2713
2026-07-22 11:34:00,69.7069,69.707,69.6971,69.707,18061
2026-07-22 11:35:00,69.707,69.712,69.6971,69.707,8938
2026-07-22 11:36:00,69.712,69.712,69.6674,69.6674,8520
2026-07-22 11:37:00,69.6674,69.6724,69.6575,69.6724,7901
2026-07-22 11:38:00,69.6773,69.6773,69.6476,69.6526,9119
2026-07-22 11:39:00,69.6574,69.6575,69.6476,69.6575,12475
2026-07-22 11:40:00,69.6526,69.6575,69.6278,69.6526,9630
2026-07-22 11:41:00,69.6575,69.6575,69.6476,69.6526,4911
2026-07-22 11:42:00,69.6526,69.6674,69.6476,69.6625,5718
2026-07-22 11:43:00,69.6674,69.6674,69.6575,69.6575,5425
2026-07-22 11:44:00,69.6575,69.6823,69.6476,69.6773,10854
2026-07-22 11:45:00,69.6763,69.707,69.6763,69.6922,10042
2026-07-22 11:46:00,69.6922,69.7169,69.6823,69.7169,10361
2026-07-22 11:47:00,69.707,69.707,69.6674,69.6922,20105
2026-07-22 11:48:00,69.6922,69.707,69.6872,69.6971,9736
2026-07-22 11:49:00,69.6972,69.7021,69.6872,69.6922,7153
2026-07-22 11:50:00,69.6936,69.6936,69.6724,69.6724,5174
2026-07-22 11:51:00,69.6724,69.6773,69.6526,69.6674,14693
2026-07-22 11:52:00,69.6773,69.6872,69.6674,69.6773,7291
2026-07-22 11:53:00,69.6773,69.6971,69.6773,69.6922,5867
2026-07-22 11:54:00,69.6922,69.6922,69.6774,69.6774,3770
2026-07-22 11:55:00,69.6823,69.712,69.6823,69.7021,12077
2026-07-22 11:56:00,69.707,69.712,69.6971,69.712,5240
2026-07-22 11:57:00,69.7169,69.7169,69.6971,69.707,8414
2026-07-22 11:58:00,69.707,69.7268,69.6994,69.7045,15033
2026-07-22 11:59:00,69.7021,69.712,69.6971,69.7011,4923
2026-07-22 12:00:00,69.7021,69.707,69.6971,69.707,5532
2026-07-22 12:01:00,69.6971,69.707,69.6823,69.6872,7852
2026-07-22 12:02:00,69.6773,69.6872,69.6773,69.6823,4024
2026-07-22 12:03:00,69.6773,69.6823,69.66,69.6625,8413
2026-07-22 12:04:00,69.6625,69.6773,69.66,69.6724,13766
2026-07-22 12:05:00,69.6684,69.6773,69.6674,69.6674,6920
2026-07-22 12:06:00,69.6722,69.6971,69.6674,69.6862,16555
2026-07-22 12:07:00,69.6823,69.6872,69.6773,69.6823,4026
2026-07-22 12:08:00,69.6872,69.6872,69.6476,69.6476,15242
2026-07-22 12:09:00,69.6575,69.6575,69.6377,69.6377,6116
2026-07-22 12:10:00,69.6427,69.6674,69.6427,69.6575,11207
2026-07-22 12:11:00,69.6575,69.6674,69.6476,69.6576,7832
2026-07-22 12:12:00,69.6673,69.6773,69.6575,69.6773,8989
2026-07-22 12:13:00,69.6724,69.6823,69.6674,69.6773,7051
2026-07-22 12:14:00,69.6838,69.707,69.6838,69.6971,10015
2026-07-22 12:15:00,69.6971,69.6971,69.6773,69.6823,6208
2026-07-22 12:16:00,69.6872,69.6971,69.6773,69.6773,9757
2026-07-22 12:17:00,69.6724,69.6773,69.6674,69.6724,3246
2026-07-22 12:18:00,69.6773,69.6773,69.6674,69.6724,15345
2026-07-22 12:19:00,69.6724,69.6773,69.6674,69.6674,6742
2026-07-22 12:20:00,69.6724,69.6772,69.6674,69.6674,3751
2026-07-22 12:21:00,69.6724,69.6724,69.6625,69.6625,6430
2026-07-22 12:22:00,69.6625,69.6625,69.6427,69.6427,6580
2026-07-22 12:23:00,69.6427,69.6427,69.5981,69.5981,22659
2026-07-22 12:24:00,69.5981,69.6031,69.5882,69.5985,11089
2026-07-22 12:25:00,69.5981,69.6031,69.5882,69.5882,6185
2026-07-22 12:26:00,69.5981,69.6179,69.5981,69.6177,8975
2026-07-22 12:27:00,69.6179,69.6179,69.5932,69.6031,7926
2026-07-22 12:28:00,69.5981,69.6179,69.5981,69.613,7605
2026-07-22 12:29:00,69.613,69.613,69.608,69.613,3673
2026-07-22 12:30:00,69.608,69.608,69.5833,69.5883,14769
2026-07-22 12:31:00,69.5887,69.5981,69.5783,69.5783,7127
2026-07-22 12:32:00,69.5932,69.5932,69.5684,69.5684,3632
2026-07-22 12:33:00,69.5684,69.5684,69.5437,69.5437,11704
2026-07-22 12:34:00,69.5486,69.5585,69.5387,69.5486,6399
2026-07-22 12:35:00,69.5476,69.5585,69.5437,69.5536,4756
2026-07-22 12:36:00,69.5486,69.5536,69.5288,69.5338,8076
2026-07-22 12:37:00,69.5387,69.5387,69.4892,69.4955,14723
2026-07-22 12:38:00,69.4991,69.509,69.4942,69.4991,6900
2026-07-22 12:39:00,69.4923,69.4991,69.4744,69.4744,13802
2026-07-22 12:40:00,69.4744,69.4942,69.4744,69.4837,13624
2026-07-22 12:41:00,69.4891,69.4892,69.4744,69.4744,8346
2026-07-22 12:42:00,69.4744,69.4744,69.4645,69.4715,8461
2026-07-22 12:43:00,69.4744,69.4744,69.4496,69.4546,9599
2026-07-22 12:44:00,69.4496,69.4595,69.4496,69.4546,5761
2026-07-22 12:45:00,69.4595,69.4694,69.4496,69.4546,9723
2026-07-22 12:46:00,69.4546,69.4694,69.4496,69.4645,9265
2026-07-22 12:47:00,69.4645,69.4645,69.4496,69.4546,8344
2026-07-22 12:48:00,69.4546,69.4595,69.4199,69.4249,10964
2026-07-22 12:49:00,69.4249,69.4298,69.4199,69.4199,9189
2026-07-22 12:50:00,69.41,69.4496,69.41,69.424,18412
2026-07-22 12:51:00,69.4249,69.4397,69.4199,69.4249,12331
2026-07-22 12:52:00,69.4249,69.4298,69.4199,69.4249,8888
2026-07-22 12:53:00,69.4199,69.4199,69.4001,69.4002,10810
2026-07-22 12:54:00,69.41,69.4199,69.4051,69.415,12153
2026-07-22 12:55:00,69.41,69.4298,69.4051,69.4249,10295
2026-07-22 12:56:00,69.4249,69.4496,69.4249,69.4348,15479
2026-07-22 12:57:00,69.4348,69.4427,69.4298,69.4348,10000
2026-07-22 12:58:00,69.4298,69.4397,69.4298,69.4348,4324
2026-07-22 12:59:00,69.4348,69.4793,69.4348,69.4793,17154
2026-07-22 13:00:00,69.4793,69.5286,69.4744,69.5189,9421
2026-07-22 13:01:00,69.5239,69.5971,69.4892,69.4991,8150
2026-07-22 13:02:00,69.509,69.509,69.4793,69.509,10271
2026-07-22 13:03:00,69.514,69.5684,69.514,69.5338,25464
2026-07-22 13:04:00,69.5338,69.5437,69.5338,69.5387,3036
2026-07-22 13:05:00,69.5486,69.5486,69.5041,69.5288,14623
2026-07-22 13:06:00,69.5288,69.5734,69.5288,69.5734,9914
2026-07-22 13:07:00,69.5734,69.613,69.5734,69.613,16728
2026-07-22 13:08:00,69.6172,69.6526,69.6172,69.6328,14079
2026-07-22 13:09:00,69.6328,69.6328,69.608,69.6179,11767
2026-07-22 13:10:00,69.6278,69.6377,69.608,69.613,10419
2026-07-22 13:11:00,69.6179,69.6278,69.6179,69.6229,5517
2026-07-22 13:12:00,69.6278,69.6447,69.6278,69.6427,11404
2026-07-22 13:13:00,69.6443,69.6476,69.6179,69.6278,8109
2026-07-22 13:14:00,69.6278,69.6328,69.6179,69.6224,4121
2026-07-22 13:15:00,69.6179,69.6229,69.608,69.613,10833
2026-07-22 13:16:00,69.613,69.6229,69.613,69.6229,3272
2026-07-22 13:17:00,69.6179,69.6229,69.608,69.6179,10816
2026-07-22 13:18:00,69.6219,69.6466,69.6179,69.6427,6158
2026-07-22 13:19:00,69.6377,69.6674,69.6278,69.6625,18856
2026-07-22 13:20:00,69.6625,69.6674,69.6526,69.6674,9853
2026-07-22 13:21:00,69.6772,69.6872,69.6674,69.6872,6583
2026-07-22 13:22:00,69.6872,69.6971,69.6674,69.6823,18163
2026-07-22 13:23:00,69.687,69.6971,69.6773,69.6922,7050
2026-07-22 13:24:00,69.6922,69.6922,69.685,69.685,4667
2026-07-22 13:25:00,69.6823,69.6823,69.6575,69.6575,16722
2026-07-22 13:26:00,69.6625,69.6625,69.6575,69.6575,2253
2026-07-22 13:27:00,69.6625,69.6625,69.6377,69.6377,14315
2026-07-22 13:28:00,69.6377,69.6377,69.6278,69.6377,6054
2026-07-22 13:29:00,69.6377,69.6575,69.6377,69.6429,16848
2026-07-22 13:30:00,69.6476,69.6724,69.6427,69.6724,12310
2026-07-22 13:31:00,69.6674,69.7021,69.6476,69.7021,14737
2026-07-22 13:32:00,69.7021,69.7021,69.6823,69.6872,8448
2026-07-22 13:33:00,69.6773,69.6773,69.6625,69.6724,7506
2026-07-22 13:34:00,69.6724,69.6724,69.6476,69.6575,14021
2026-07-22 13:35:00,69.6476,69.7021,69.6476,69.7021,14495
2026-07-22 13:36:00,69.7068,69.7069,69.6773,69.6773,6887
2026-07-22 13:37:00,69.6823,69.6823,69.6674,69.6724,3287
2026-07-22 13:38:00,69.6674,69.6773,69.6526,69.6575,17008
2026-07-22 13:39:00,69.6674,69.6674,69.6575,69.6625,2429
2026-07-22 13:40:00,69.6674,69.6674,69.6278,69.6476,19164
2026-07-22 13:41:00,69.6476,69.6674,69.6476,69.6625,7235
2026-07-22 13:42:00,69.6625,69.6772,69.6575,69.6772,9064
2026-07-22 13:43:00,69.6733,69.712,69.6674,69.707,10747
2026-07-22 13:44:00,69.6971,69.7268,69.6922,69.7169,19737
2026-07-22 13:45:00,69.7169,69.7268,69.707,69.712,8859
2026-07-22 13:46:00,69.707,69.7169,69.6872,69.697,8898
2026-07-22 13:47:00,69.6922,69.712,69.6773,69.6773,15618
2026-07-22 13:48:00,69.6816,69.6872,69.6773,69.6774,3831
2026-07-22 13:49:00,69.6823,69.6823,69.6476,69.6593,7250
2026-07-22 13:50:00,69.6674,69.6823,69.6674,69.6823,6323
2026-07-22 13:51:00,69.6839,69.6872,69.6773,69.6823,3247
2026-07-22 13:52:00,69.6773,69.6774,69.6674,69.6773,7135
2026-07-22 13:53:00,69.6724,69.6872,69.6674,69.6872,7308
2026-07-22 13:54:00,69.6872,69.6872,69.6773,69.6773,3973
2026-07-22 13:55:00,69.6823,69.6872,69.6773,69.6853,7907
2026-07-22 13:56:00,69.6872,69.7169,69.6823,69.707,10567
2026-07-22 13:57:00,69.712,69.7169,69.707,69.707,4715
2026-07-22 13:58:00,69.712,69.712,69.6971,69.7021,12030
2026-07-22 13:59:00,69.6971,69.7268,69.6971,69.7219,5410
2026-07-22 14:00:00,69.7219,69.7565,69.7219,69.7367,13392
2026-07-22 14:01:00,69.7417,69.7516,69.7367,69.7516,9813
2026-07-22 14:02:00,69.7565,69.7565,69.7466,69.7516,6255
2026-07-22 14:03:00,69.7565,69.7763,69.754,69.7763,5764
2026-07-22 14:04:00,69.7664,69.7862,69.7664,69.7664,17605
2026-07-22 14:05:00,69.7615,69.7639,69.7342,69.7417,11248
2026-07-22 14:06:00,69.7367,69.7615,69.7367,69.7615,5881
2026-07-22 14:07:00,69.7565,69.7618,69.7565,69.759,2980
2026-07-22 14:08:00,69.7615,69.7664,69.7565,69.7615,4717
2026-07-22 14:09:00,69.7565,69.7615,69.7466,69.7555,8944
2026-07-22 14:10:00,69.7491,69.7664,69.7466,69.7577,6773
2026-07-22 14:11:00,69.7615,69.7714,69.7565,69.768,6972
2026-07-22 14:12:00,69.7763,69.7763,69.7615,69.7615,9048
2026-07-22 14:13:00,69.7614,69.7639,69.7565,69.7615,8716
2026-07-22 14:14:00,69.7615,69.7709,69.7565,69.7709,7828
2026-07-22 14:15:00,69.7714,69.7961,69.7714,69.7961,11950
2026-07-22 14:16:00,69.7911,69.796,69.7763,69.7812,8732
2026-07-22 14:17:00,69.7763,69.7862,69.7664,69.7664,14456
2026-07-22 14:18:00,69.7744,69.7763,69.7664,69.7711,9269
2026-07-22 14:19:00,69.7664,69.7714,69.7615,69.7664,14135
2026-07-22 14:20:00,69.7714,69.7714,69.7664,69.7664,5835
2026-07-22 14:21:00,69.7679,69.7679,69.7318,69.7367,18564
2026-07-22 14:22:00,69.7367,69.7546,69.7367,69.7516,6489
2026-07-22 14:23:00,69.7565,69.7596,69.7466,69.7596,9202
2026-07-22 14:24:00,69.7565,69.7664,69.7466,69.7466,7700
2026-07-22 14:25:00,69.7466,69.7466,69.7169,69.7169,10740
2026-07-22 14:26:00,69.7169,69.7268,69.6971,69.707,16143
2026-07-22 14:27:00,69.7169,69.7466,69.712,69.7417,10935
2026-07-22 14:28:00,69.7466,69.7565,69.7367,69.7516,8281
2026-07-22 14:29:00,69.7565,69.7565,69.7466,69.7516,6601
2026-07-22 14:30:00,69.7466,69.7664,69.7466,69.7615,10820
2026-07-22 14:31:00,69.7615,69.7862,69.7565,69.7714,33118
2026-07-22 14:32:00,69.7664,69.7714,69.7565,69.7714,5330
2026-07-22 14:33:00,69.7763,69.7862,69.7664,69.776,6496
2026-07-22 14:34:00,69.7665,69.7763,69.7664,69.7664,2850
2026-07-22 14:35:00,69.7714,69.8109,69.7664,69.8109,14921
2026-07-22 14:36:00,69.8084,69.8357,69.8084,69.8307,13275
2026-07-22 14:37:00,69.8307,69.8357,69.8258,69.8307,3016
2026-07-22 14:38:00,69.8281,69.8555,69.8258,69.8545,17701
2026-07-22 14:39:00,69.8456,69.8555,69.8456,69.8505,7781
2026-07-22 14:40:00,69.8505,69.8505,69.8159,69.8263,12193
2026-07-22 14:41:00,69.8307,69.8357,69.8258,69.8307,9865
2026-07-22 14:42:00,69.8258,69.8307,69.8159,69.8307,9244
2026-07-22 14:43:00,69.8307,69.8456,69.8307,69.8357,4281
2026-07-22 14:44:00,69.8454,69.8555,69.8357,69.8357,29096
2026-07-22 14:45:00,69.8406,69.8456,69.8258,69.8307,10149
2026-07-22 14:46:00,69.8307,69.8357,69.8258,69.8258,2742
2026-07-22 14:47:00,69.8258,69.8318,69.8258,69.8307,8977
2026-07-22 14:48:00,69.8307,69.8357,69.8159,69.8357,9447
2026-07-22 14:49:00,69.8277,69.8357,69.8258,69.8307,5510
2026-07-22 14:50:00,69.8357,69.8357,69.8159,69.8159,8852
2026-07-22 14:51:00,69.8208,69.8257,69.806,69.8208,7425
2026-07-22 14:52:00,69.8159,69.8307,69.8159,69.8307,6597
2026-07-22 14:53:00,69.8357,69.8406,69.8259,69.8319,7880
2026-07-22 14:54:00,69.8307,69.8357,69.8159,69.8208,26080
2026-07-22 14:55:00,69.8208,69.8357,69.8159,69.8307,12467
2026-07-22 14:56:00,69.8307,69.8357,69.8258,69.8307,5294
2026-07-22 14:57:00,69.8283,69.8357,69.8159,69.8208,9249
2026-07-22 14:58:00,69.8159,69.8258,69.806,69.8159,12213
2026-07-22 14:59:00,69.8208,69.8258,69.7862,69.8208,23104
2026-07-22 15:00:00,69.8208,69.8357,69.8179,69.8307,14174
2026-07-22 15:01:00,69.8307,69.8307,69.7961,69.801,21310
2026-07-22 15:02:00,69.7961,69.8159,69.7961,69.806,24483
2026-07-22 15:03:00,69.8109,69.8158,69.806,69.8109,2608
2026-07-22 15:04:00,69.8085,69.8109,69.806,69.8109,3041
2026-07-22 15:05:00,69.8061,69.8258,69.806,69.8258,18991
2026-07-22 15:06:00,69.8208,69.8357,69.8208,69.8356,7929
2026-07-22 15:07:00,69.8357,69.8703,69.8357,69.8604,18787
2026-07-22 15:08:00,69.8555,69.8555,69.8456,69.8456,8284
2026-07-22 15:09:00,69.8505,69.8505,69.8357,69.8456,12484
2026-07-22 15:10:00,69.8406,69.8555,69.8258,69.8258,14696
2026-07-22 15:11:00,69.8307,69.8406,69.8258,69.8406,7995
2026-07-22 15:12:00,69.8456,69.8555,69.8456,69.8515,4589
2026-07-22 15:13:00,69.8555,69.8653,69.8456,69.8456,20216
2026-07-22 15:14:00,69.8554,69.8555,69.8456,69.8505,8947
2026-07-22 15:15:00,69.8456,69.8703,69.8456,69.8555,28036
2026-07-22 15:16:00,69.8604,69.8753,69.8555,69.8753,180295
2026-07-22 15:17:00,69.8802,69.8852,69.8654,69.8679,27129
2026-07-22 15:18:00,69.8654,69.8951,69.8654,69.8901,17295
2026-07-22 15:19:00,69.8901,69.8951,69.8802,69.8802,17627
2026-07-22 15:20:00,69.8801,69.8852,69.8753,69.8796,8145
2026-07-22 15:21:00,69.8778,69.8951,69.8753,69.8802,16452
2026-07-22 15:22:00,69.8754,69.8819,69.8753,69.8778,7786
2026-07-22 15:23:00,69.8802,69.8852,69.8654,69.8753,29640
2026-07-22 15:24:00,69.8655,69.8753,69.8654,69.8753,12697
2026-07-22 15:25:00,69.8679,69.8951,69.8654,69.8901,22280
2026-07-22 15:26:00,69.8901,69.905,69.8852,69.905,30022
2026-07-22 15:27:00,69.9,69.9198,69.9,69.9099,16344
2026-07-22 15:28:00,69.905,69.905,69.8951,69.897,12139
2026-07-22 15:29:00,69.9,69.9149,69.9,69.905,6953
2026-07-22 15:30:00,69.905,69.9248,69.8941,69.9198,23678
2026-07-22 15:31:00,69.9247,69.9247,69.905,69.9099,33479
2026-07-22 15:32:00,69.9099,69.9099,69.8852,69.8934,20013
2026-07-22 15:33:00,69.8901,69.8951,69.8654,69.8753,23825
2026-07-22 15:34:00,69.8753,69.8753,69.8654,69.8703,6227
2026-07-22 15:35:00,69.8703,69.8753,69.8456,69.8505,16458
2026-07-22 15:36:00,69.8507,69.8555,69.8456,69.8456,16361
2026-07-22 15:37:00,69.8456,69.8456,69.8208,69.8307,32940
2026-07-22 15:38:00,69.8259,69.8357,69.8109,69.8307,15791
2026-07-22 15:39:00,69.8307,69.8456,69.8258,69.8322,16556
2026-07-22 15:40:00,69.8307,69.8307,69.7961,69.7986,19566
2026-07-22 15:41:00,69.7961,69.8159,69.7862,69.806,27544
2026-07-22 15:42:00,69.806,69.806,69.7516,69.7665,38105
2026-07-22 15:43:00,69.7714,69.7911,69.7664,69.7763,29429
2026-07-22 15:44:00,69.7664,69.7812,69.7565,69.7615,19578
2026-07-22 15:45:00,69.7615,69.7861,69.7565,69.7861,49832
2026-07-22 15:46:00,69.7812,69.7911,69.7763,69.7911,18348
2026-07-22 15:47:00,69.7961,69.8034,69.7862,69.801,27319
2026-07-22 15:48:00,69.801,69.8258,69.7961,69.8208,40937
2026-07-22 15:49:00,69.8258,69.8555,69.8208,69.8456,42017
2026-07-22 15:50:00,69.8456,69.9099,69.8456,69.8654,111294
2026-07-22 15:51:00,69.8753,69.9099,69.8456,69.905,80677
2026-07-22 15:52:00,69.9,69.9347,69.8951,69.9198,47153
2026-07-22 15:53:00,69.9248,69.9446,69.9099,69.9248,69461
2026-07-22 15:54:00,69.9198,69.9248,69.8654,69.8802,82503
2026-07-22 15:55:00,69.8802,69.9198,69.8654,69.8654,89816
2026-07-22 15:56:00,69.8753,69.8852,69.8505,69.8555,90736
2026-07-22 15:57:00,69.8654,69.905,69.8555,69.9,99604
2026-07-22 15:58:00,69.9,69.9149,69.8679,69.8802,129334
2026-07-22 15:59:00,69.8852,69.9842,69.8852,69.9545,343692
2026-07-23 09:30:00,69.806,70.1228,69.806,70.0832,257206
2026-07-23 09:31:00,70.0733,70.1228,70.004,70.0238,39735
2026-07-23 09:32:00,70.0139,70.0931,69.9842,69.9941,25742
2026-07-23 09:33:00,69.9941,69.9941,69.806,69.8109,23404
2026-07-23 09:34:00,69.8109,69.8654,69.7169,69.8456,21246
2026-07-23 09:35:00,69.8159,69.8159,69.6575,69.6773,32013
2026-07-23 09:36:00,69.6674,69.707,69.6278,69.7069,29492
2026-07-23 09:37:00,69.6971,69.7714,69.6773,69.7664,99926
2026-07-23 09:38:00,69.7565,69.8208,69.7565,69.7941,37523
2026-07-23 09:39:00,69.7878,69.8753,69.7565,69.8406,54781
2026-07-23 09:40:00,69.8406,69.8456,69.7862,69.8357,79958
2026-07-23 09:41:00,69.8357,69.8703,69.8258,69.8654,16980
2026-07-23 09:42:00,69.8738,69.9248,69.8604,69.9149,19216
2026-07-23 09:43:00,69.9149,70.004,69.9148,69.9842,14635
2026-07-23 09:44:00,69.9941,70.004,69.9347,69.9842,389541
2026-07-23 09:45:00,69.9941,70.0238,69.9545,69.9941,20047
2026-07-23 09:46:00,69.9842,69.9842,69.9446,69.9446,13278
2026-07-23 09:47:00,69.9442,69.9693,69.9347,69.9693,25308
2026-07-23 09:48:00,69.9693,69.9743,69.9297,69.9396,39387
2026-07-23 09:49:00,69.9347,69.9743,69.9347,69.9545,24507
2026-07-23 09:50:00,69.9446,69.9594,69.905,69.9198,47190
2026-07-23 09:51:00,69.9198,69.9347,69.8852,69.9297,18813
2026-07-23 09:52:00,69.9347,69.9347,69.8951,69.9273,33875
2026-07-23 09:53:00,69.905,69.9198,69.8951,69.9099,14936
2026-07-23 09:54:00,69.905,69.9347,69.8654,69.9149,23727
2026-07-23 09:55:00,69.9198,69.9198,69.8456,69.8753,28032
2026-07-23 09:56:00,69.8753,69.8951,69.8456,69.8555,17898
2026-07-23 09:57:00,69.8555,69.9149,69.8456,69.9149,23039
2026-07-23 09:58:00,69.9248,69.9545,69.9149,69.9545,13120
2026-07-23 09:59:00,69.9545,69.9941,69.9347,69.9891,22280
2026-07-23 10:00:00,69.9743,69.9941,69.9347,69.9743,34660
2026-07-23 10:01:00,69.9842,69.9842,69.9248,69.9347,21914
2026-07-23 10:02:00,69.9347,69.9347,69.8852,69.8901,29803
2026-07-23 10:03:00,69.8951,69.9248,69.8951,69.9149,18215
2026-07-23 10:04:00,69.9198,69.9347,69.9,69.9297,38727
2026-07-23 10:05:00,69.9347,69.9446,69.905,69.9347,26894
2026-07-23 10:06:00,69.9297,69.9545,69.9149,69.9446,29161
2026-07-23 10:07:00,69.9446,69.9891,69.9396,69.9693,27107
2026-07-23 10:08:00,69.9693,69.9743,69.8852,69.8901,26845
2026-07-23 10:09:00,69.8852,69.9545,69.8555,69.8951,48614
2026-07-23 10:10:00,69.8882,69.9149,69.8852,69.8901,40828
2026-07-23 10:11:00,69.8852,69.905,69.8679,69.9,39552
2026-07-23 10:12:00,69.8951,69.9,69.8555,69.8877,52306
2026-07-23 10:13:00,69.8852,69.905,69.8654,69.8753,157676
2026-07-23 10:14:00,69.8753,69.9149,69.8753,69.905,174381
2026-07-23 10:15:00,69.905,69.9644,69.8877,69.9594,31194
2026-07-23 10:16:00,69.9644,70.0832,69.9545,70.0634,105954
2026-07-23 10:17:00,70.0731,70.0731,69.9446,70.0089,45475
2026-07-23 10:18:00,70.004,70.0238,69.9347,69.9396,23843
2026-07-23 10:19:00,69.9347,69.9433,69.8802,69.9198,17268
2026-07-23 10:20:00,69.9198,69.9545,69.9198,69.9446,19176
2026-07-23 10:21:00,69.9149,69.9545,69.9149,69.9396,13938
2026-07-23 10:22:00,69.9396,69.9545,69.9248,69.9446,14194
2026-07-23 10:23:00,69.9446,70.0039,69.9446,69.999,15515
2026-07-23 10:24:00,69.999,70.0287,69.9792,70.004,27613
2026-07-23 10:25:00,69.999,69.999,69.9347,69.9446,14361
2026-07-23 10:26:00,69.9446,69.9644,69.9347,69.9446,20838
2026-07-23 10:27:00,69.9446,69.9941,69.9446,69.9891,23656
2026-07-23 10:28:00,69.9842,70.0134,69.9792,70.0134,23377
2026-07-23 10:29:00,70.0139,70.0436,70.0139,70.0337,48073
2026-07-23 10:30:00,70.0337,70.0485,69.9941,70.0089,34506
2026-07-23 10:31:00,70.0139,70.0436,69.9842,70.004,57267
2026-07-23 10:32:00,70.004,70.0436,69.9842,70.0436,28057
2026-07-23 10:33:00,70.0436,70.0535,70.0337,70.0535,23679
2026-07-23 10:34:00,70.0476,70.0733,70.0337,70.0634,19964
2026-07-23 10:35:00,70.0535,70.0634,70.0436,70.0437,13536
2026-07-23 10:36:00,70.0436,70.0782,70.0436,70.0436,16522
2026-07-23 10:37:00,70.0436,70.0832,70.0337,70.0584,29109
2026-07-23 10:38:00,70.056,70.0931,70.0386,70.0386,24003
2026-07-23 10:39:00,70.0436,70.0683,70.0337,70.0683,9573
2026-07-23 10:40:00,70.0683,70.1228,70.0535,70.0832,34192
2026-07-23 10:41:00,70.0832,70.098,70.0733,70.098,15475
2026-07-23 10:42:00,70.0931,70.0931,70.0436,70.0782,35629
2026-07-23 10:43:00,70.0804,70.0911,70.0733,70.0911,16968
2026-07-23 10:44:00,70.0881,70.1029,70.0832,70.0931,15422
2026-07-23 10:45:00,70.0931,70.1178,70.0634,70.0832,284938
2026-07-23 10:46:00,70.0832,70.0931,70.0436,70.0436,17692
2026-07-23 10:47:00,70.0436,70.0634,69.9941,69.9941,23523
2026-07-23 10:48:00,69.9944,70.0337,69.9891,70.0089,15258
2026-07-23 10:49:00,70.0089,70.0139,69.9792,69.9842,12648
2026-07-23 10:50:00,69.9842,70.0337,69.9644,70.004,22649
2026-07-23 10:51:00,70.004,70.0092,69.9891,70.0089,15876
2026-07-23 10:52:00,70.004,70.0535,70.0015,70.0089,44670
2026-07-23 10:53:00,70.007,70.0139,69.9842,69.9845,16327
2026-07-23 10:54:00,69.9842,69.9842,69.9149,69.9149,31510
2026-07-23 10:55:00,69.9149,69.9248,69.9,69.9149,21045
2026-07-23 10:56:00,69.9099,69.9248,69.8852,69.8852,36547
2026-07-23 10:57:00,69.8852,69.9149,69.8852,69.8852,48300
2026-07-23 10:58:00,69.8852,69.8951,69.8406,69.8505,45383
2026-07-23 10:59:00,69.8555,69.9149,69.8456,69.9,54305
2026-07-23 11:00:00,69.9,69.905,69.8654,69.8778,115371
2026-07-23 11:01:00,69.8802,69.8951,69.8505,69.8555,31855
2026-07-23 11:02:00,69.8555,69.905,69.8501,69.8951,36326
2026-07-23 11:03:00,69.8951,69.9,69.8778,69.8852,18520
2026-07-23 11:04:00,69.8852,69.9,69.8802,69.8852,18094
2026-07-23 11:05:00,69.8753,69.8951,69.8654,69.8852,55877
2026-07-23 11:06:00,69.8802,69.9,69.8753,69.9,16704
2026-07-23 11:07:00,69.8951,69.8951,69.8654,69.8901,29879
2026-07-23 11:08:00,69.8852,69.9397,69.8753,69.9297,39563
2026-07-23 11:09:00,69.9297,69.9396,69.9198,69.9297,24447
2026-07-23 11:10:00,69.9297,69.9347,69.8753,69.9,133230
2026-07-23 11:11:00,69.905,69.9149,69.8951,69.9,12277
2026-07-23 11:12:00,69.905,69.9198,69.905,69.9099,36271
2026-07-23 11:13:00,69.9099,69.9198,69.905,69.905,28243
2026-07-23 11:14:00,69.905,69.9396,69.905,69.9149,23955
2026-07-23 11:15:00,69.9149,69.9347,69.9149,69.9297,18856
2026-07-23 11:16:00,69.9198,69.9297,69.905,69.9149,18565
2026-07-23 11:17:00,69.9099,69.9248,69.905,69.9099,19006
2026-07-23 11:18:00,69.905,69.9149,69.9,69.905,66190
2026-07-23 11:19:00,69.9099,69.9149,69.8753,69.9,89995
2026-07-23 11:20:00,69.9,69.9099,69.8951,69.9061,11795
2026-07-23 11:21:00,69.9149,69.9149,69.8852,69.9,45380
2026-07-23 11:22:00,69.8951,69.9099,69.8852,69.8901,44659
2026-07-23 11:23:00,69.8901,69.9,69.8852,69.8901,28718
2026-07-23 11:24:00,69.8901,69.8951,69.8753,69.8901,42227
2026-07-23 11:25:00,69.8901,69.9149,69.8852,69.9,34935
2026-07-23 11:26:00,69.9,69.9,69.8852,69.8901,40242
2026-07-23 11:27:00,69.8852,69.9149,69.8555,69.8604,550813
2026-07-23 11:28:00,69.8555,69.8654,69.8169,69.8307,124223
2026-07-23 11:29:00,69.8307,69.8753,69.8307,69.8703,63434
2026-07-23 11:30:00,69.8703,69.905,69.8555,69.9,38444
2026-07-23 11:31:00,69.9,69.905,69.8901,69.8901,105063
2026-07-23 11:32:00,69.8901,69.9099,69.8877,69.8951,24664
2026-07-23 11:33:00,69.9,69.905,69.8852,69.8951,22602
2026-07-23 11:34:00,69.9,69.905,69.8852,69.9,23964
2026-07-23 11:35:00,69.8984,69.9248,69.8901,69.905,47362
2026-07-23 11:36:00,69.9099,69.9149,69.8852,69.905,48617
2026-07-23 11:37:00,69.9099,69.9149,69.8852,69.9,25907
2026-07-23 11:38:00,69.9,69.9099,69.8951,69.8951,13580
2026-07-23 11:39:00,69.9,69.9248,69.8951,69.9149,24678
2026-07-23 11:40:00,69.9149,69.9248,69.905,69.9149,18444
2026-07-23 11:41:00,69.9099,69.9198,69.905,69.9198,8991
2026-07-23 11:42:00,69.9198,69.9743,69.9198,69.9495,21498
2026-07-23 11:43:00,69.9446,69.9545,69.9149,69.9198,17330
2026-07-23 11:44:00,69.9149,69.9248,69.905,69.9099,11387
2026-07-23 11:45:00,69.9128,69.9297,69.905,69.9149,19155
2026-07-23 11:46:00,69.9198,69.9347,69.9099,69.9149,22494
2026-07-23 11:47:00,69.9149,69.9248,69.905,69.9198,8392
2026-07-23 11:48:00,69.9198,69.9198,69.8703,69.8703,231511
2026-07-23 11:49:00,69.8604,69.8901,69.8604,69.8802,35860
2026-07-23 11:50:00,69.8778,69.8951,69.8654,69.8654,22036
2026-07-23 11:51:00,69.8654,69.8852,69.8604,69.8802,15770
2026-07-23 11:52:00,69.8802,69.8901,69.8654,69.8703,20756
2026-07-23 11:53:00,69.8703,69.8703,69.8604,69.8679,18329
2026-07-23 11:54:00,69.8703,69.8703,69.8555,69.8604,6763
2026-07-23 11:55:00,69.8654,69.8703,69.8554,69.8555,15529
2026-07-23 11:56:00,69.8555,69.8654,69.8456,69.8604,15907
2026-07-23 11:57:00,69.8604,69.8654,69.8456,69.8505,73322
2026-07-23 11:58:00,69.8505,69.8753,69.8456,69.8703,16214
2026-07-23 11:59:00,69.8654,69.8852,69.8555,69.8852,81421
2026-07-23 12:00:00,69.8852,69.9,69.8802,69.8852,15793
2026-07-23 12:01:00,69.8852,69.8901,69.8753,69.8852,11498
2026-07-23 12:02:00,69.8877,69.9297,69.8877,69.9297,13686
2026-07-23 12:03:00,69.9248,69.9446,69.9149,69.9396,15138
2026-07-23 12:04:00,69.9396,69.9545,69.9248,69.9495,19002
2026-07-23 12:05:00,69.9446,69.9792,69.9446,69.9792,8693
2026-07-23 12:06:00,69.9743,69.9792,69.9495,69.9743,17002
2026-07-23 12:07:00,69.9644,69.9792,69.9644,69.9644,5362
2026-07-23 12:08:00,69.9743,69.9743,69.9545,69.9595,8646
2026-07-23 12:09:00,69.9545,69.9743,69.9545,69.9644,9931
2026-07-23 12:10:00,69.9644,69.9743,69.8951,69.9099,35208
2026-07-23 12:11:00,69.9099,69.9396,69.905,69.9297,19570
2026-07-23 12:12:00,69.9248,69.9347,69.8951,69.8951,12001
2026-07-23 12:13:00,69.8951,69.905,69.8852,69.905,8972
2026-07-23 12:14:00,69.905,69.9446,69.905,69.9446,11623
2026-07-23 12:15:00,69.9446,69.9792,69.9446,69.9792,12884
2026-07-23 12:16:00,69.9792,69.9825,69.9743,69.9792,7356
2026-07-23 12:17:00,69.9743,69.9891,69.9545,69.9545,12728
2026-07-23 12:18:00,69.9594,69.9594,69.9,69.905,11826
2026-07-23 12:19:00,69.9,69.9248,69.8951,69.9198,20745
2026-07-23 12:20:00,69.9198,69.9297,69.9099,69.9099,27904
2026-07-23 12:21:00,69.9099,69.9198,69.8951,69.8951,27910
2026-07-23 12:22:00,69.9,69.9248,69.8951,69.9198,20514
2026-07-23 12:23:00,69.9198,69.9198,69.8951,69.8951,17070
2026-07-23 12:24:00,69.9,69.9198,69.8901,69.905,44770
2026-07-23 12:25:00,69.9,69.905,69.8951,69.8951,25397
2026-07-23 12:26:00,69.9,69.9,69.8802,69.8852,37128
2026-07-23 12:27:00,69.8802,69.8951,69.8703,69.8901,28160
2026-07-23 12:28:00,69.895,69.905,69.8852,69.9,26787
2026-07-23 12:29:00,69.8962,69.9049,69.8852,69.8852,12396
2026-07-23 12:30:00,69.8852,69.8951,69.8703,69.8901,47054
2026-07-23 12:31:00,69.8901,69.8951,69.8852,69.8852,25556
2026-07-23 12:32:00,69.8901,69.8951,69.8753,69.8901,75172
2026-07-23 12:33:00,69.8852,69.9,69.8852,69.8901,30179
2026-07-23 12:34:00,69.8901,69.9149,69.8852,69.9149,53131
2026-07-23 12:35:00,69.9149,69.9347,69.8951,69.9297,40366
2026-07-23 12:36:00,69.9347,69.9495,69.9248,69.9297,20078
2026-07-23 12:37:00,69.9297,69.9347,69.8852,69.8951,13810
2026-07-23 12:38:00,69.905,69.9248,69.9036,69.9099,11137
2026-07-23 12:39:00,69.9099,69.9198,69.9,69.9149,13258
2026-07-23 12:40:00,69.9198,69.9297,69.906,69.9212,12445
2026-07-23 12:41:00,69.9248,69.9396,69.9149,69.9396,26178
2026-07-23 12:42:00,69.9347,69.9396,69.905,69.9194,15336
2026-07-23 12:43:00,69.9248,69.9347,69.9248,69.9248,19820
2026-07-23 12:44:00,69.9347,69.9396,69.9248,69.9315,24292
2026-07-23 12:45:00,69.9347,69.9396,69.9248,69.9248,17381
2026-07-23 12:46:00,69.9248,69.9347,69.9149,69.9198,45763
2026-07-23 12:47:00,69.9149,69.9337,69.9099,69.9297,24905
2026-07-23 12:48:00,69.9297,69.9347,69.8951,69.9199,19875
2026-07-23 12:49:00,69.9248,69.9248,69.8951,69.9,10937
2026-07-23 12:50:00,69.9,69.9,69.8852,69.9,11751
2026-07-23 12:51:00,69.905,69.905,69.8951,69.9,6134
2026-07-23 12:52:00,69.9,69.905,69.8753,69.8951,53155
2026-07-23 12:53:00,69.8951,69.9248,69.8951,69.905,13584
2026-07-23 12:54:00,69.9099,69.9099,69.9,69.9,5930
2026-07-23 12:55:00,69.9,69.9297,69.8951,69.9248,10967
2026-07-23 12:56:00,69.9248,69.9297,69.905,69.905,12559
2026-07-23 12:57:00,69.9149,69.9149,69.905,69.905,6664
2026-07-23 12:58:00,69.905,69.9297,69.905,69.9248,9135
2026-07-23 12:59:00,69.9248,69.9347,69.9149,69.9248,27260
2026-07-23 13:00:00,69.9297,69.9297,69.8951,69.9,32537
2026-07-23 13:01:00,69.8967,69.905,69.8852,69.9,10570
2026-07-23 13:02:00,69.905,69.9149,69.9,69.905,9952
2026-07-23 13:03:00,69.905,69.9248,69.8951,69.9198,21129
2026-07-23 13:04:00,69.9198,69.9248,69.905,69.9147,12118
2026-07-23 13:05:00,69.9099,69.9545,69.9099,69.9484,71357
2026-07-23 13:06:00,69.9446,69.9693,69.9396,69.9644,16778
2026-07-23 13:07:00,69.9594,69.999,69.9545,69.9792,34719
2026-07-23 13:08:00,69.9743,69.9767,69.8951,69.8951,184476
2026-07-23 13:09:00,69.905,69.9495,69.8951,69.9495,44408
2026-07-23 13:10:00,69.9545,69.9545,69.9446,69.9446,8710
2026-07-23 13:11:00,69.9495,69.9511,69.9099,69.9099,20634
2026-07-23 13:12:00,69.9149,69.9347,69.9099,69.9149,10301
2026-07-23 13:13:00,69.9149,69.9149,69.8951,69.9,18841
2026-07-23 13:14:00,69.9025,69.9099,69.8951,69.905,61924
2026-07-23 13:15:00,69.9099,69.9099,69.8951,69.9,46592
2026-07-23 13:16:00,69.9,69.9198,69.8951,69.9,81556
2026-07-23 13:17:00,69.8951,69.905,69.8753,69.8852,51091
2026-07-23 13:18:00,69.8901,69.8901,69.8703,69.8802,53000
2026-07-23 13:19:00,69.8753,69.8951,69.8753,69.8852,13955
2026-07-23 13:20:00,69.8901,69.8951,69.8753,69.8802,20103
2026-07-23 13:21:00,69.8802,69.905,69.8655,69.8802,283756
2026-07-23 13:22:00,69.8802,69.8852,69.8703,69.8818,42223
2026-07-23 13:23:00,69.8802,69.8948,69.8753,69.8802,22481
2026-07-23 13:24:00,69.8802,69.8951,69.8753,69.8802,51824
2026-07-23 13:25:00,69.8852,69.8852,69.8753,69.8802,25042
2026-07-23 13:26:00,69.8802,69.8852,69.8654,69.8753,49180
2026-07-23 13:27:00,69.8753,69.8852,69.8654,69.8703,41668
2026-07-23 13:28:00,69.8753,69.8753,69.8555,69.8604,53615
2026-07-23 13:29:00,69.8604,69.885,69.8604,69.8802,30528
2026-07-23 13:30:00,69.8802,69.8951,69.8802,69.8901,7415
2026-07-23 13:31:00,69.8901,69.8951,69.8773,69.8852,13727
2026-07-23 13:32:00,69.8901,69.905,69.8852,69.9,7965
2026-07-23 13:33:00,69.9,69.905,69.8951,69.9,45287
2026-07-23 13:34:00,69.9,69.9149,69.9,69.9099,28092
2026-07-23 13:35:00,69.905,69.9198,69.8951,69.9,27283
2026-07-23 13:36:00,69.9,69.9198,69.8951,69.9099,21493
2026-07-23 13:37:00,69.9099,69.9149,69.8951,69.9,29010
2026-07-23 13:38:00,69.9,69.9198,69.9,69.9001,19731
2026-07-23 13:39:00,69.9,69.9,69.8852,69.8901,49740
2026-07-23 13:40:00,69.8901,69.9248,69.8879,69.9248,26051
2026-07-23 13:41:00,69.9198,69.9446,69.8951,69.9099,648196
2026-07-23 13:42:00,69.9099,69.9347,69.905,69.9099,29069
2026-07-23 13:43:00,69.905,69.9198,69.905,69.9149,8719
2026-07-23 13:44:00,69.9198,69.9446,69.905,69.9198,17093
2026-07-23 13:45:00,69.9198,69.9297,69.9099,69.9198,8435
2026-07-23 13:46:00,69.9149,69.9248,69.8901,69.8901,17714
2026-07-23 13:47:00,69.8951,69.9099,69.8852,69.9099,9083
2026-07-23 13:48:00,69.9124,69.9124,69.8852,69.8901,17766
2026-07-23 13:49:00,69.8951,69.9248,69.8951,69.9099,16261
2026-07-23 13:50:00,69.9149,69.9545,69.905,69.9197,18131
2026-07-23 13:51:00,69.9198,69.9297,69.9149,69.9198,13558
2026-07-23 13:52:00,69.9196,69.9247,69.9149,69.9198,8144
2026-07-23 13:53:00,69.9149,69.9248,69.8951,69.9099,37628
2026-07-23 13:54:00,69.9099,69.9198,69.905,69.9099,18189
2026-07-23 13:55:00,69.9099,69.9248,69.9099,69.9149,6551
2026-07-23 13:56:00,69.9198,69.9297,69.9149,69.9198,14350
2026-07-23 13:57:00,69.9198,69.9248,69.9149,69.9198,5155
2026-07-23 13:58:00,69.9198,69.9297,69.9149,69.9198,10695
2026-07-23 13:59:00,69.9198,69.9248,69.9099,69.9099,11158
2026-07-23 14:00:00,69.9099,69.9198,69.905,69.9099,20080
2026-07-23 14:01:00,69.9075,69.9347,69.905,69.9248,32248
2026-07-23 14:02:00,69.9198,69.9347,69.9149,69.9297,9993
2026-07-23 14:03:00,69.9347,69.9495,69.9297,69.9396,10967
2026-07-23 14:04:00,69.9396,69.9446,69.9297,69.9347,30284
2026-07-23 14:05:00,69.939,69.9396,69.9248,69.9273,28101
2026-07-23 14:06:00,69.9248,69.9347,69.9248,69.9273,18726
2026-07-23 14:07:00,69.9198,69.9248,69.9099,69.9198,14428
2026-07-23 14:08:00,69.9198,69.9248,69.9099,69.9149,11262
2026-07-23 14:09:00,69.9198,69.9198,69.905,69.9099,18551
2026-07-23 14:10:00,69.9149,69.9248,69.905,69.9099,1131289
2026-07-23 14:11:00,69.9099,69.9149,69.9,69.9099,28762
2026-07-23 14:12:00,69.9149,69.9248,69.905,69.9051,34348
2026-07-23 14:13:00,69.9099,69.9347,69.905,69.9099,77189
2026-07-23 14:14:00,69.9099,69.9248,69.9099,69.9164,58693
2026-07-23 14:15:00,69.9198,69.9545,69.916,69.9495,10742
2026-07-23 14:16:00,69.9495,69.9792,69.9495,69.9792,16718
2026-07-23 14:17:00,69.9842,70.004,69.9743,70.004,20025
2026-07-23 14:18:00,69.999,70.004,69.9941,69.9941,16859
2026-07-23 14:19:00,69.9941,70.004,69.9891,70.0039,17198
2026-07-23 14:20:00,69.9941,70.0386,69.9941,70.0386,21970
2026-07-23 14:21:00,70.0386,70.0386,70.0188,70.0287,13707
2026-07-23 14:22:00,70.0336,70.0436,70.0287,70.0287,5886
2026-07-23 14:23:00,70.0287,70.0436,70.004,70.004,28593
2026-07-23 14:24:00,70.0115,70.0139,69.9446,69.9545,35059
2026-07-23 14:25:00,69.9546,69.9693,69.9355,69.9355,23775
2026-07-23 14:26:00,69.9347,69.9446,69.9347,69.9396,31650
2026-07-23 14:27:00,69.9396,69.9594,69.9248,69.9594,24780
2026-07-23 14:28:00,69.9594,69.9594,69.9396,69.9495,12740
2026-07-23 14:29:00,69.9495,69.9545,69.9347,69.9347,10994
2026-07-23 14:30:00,69.9297,69.9693,69.9248,69.9594,16111
2026-07-23 14:31:00,69.9594,69.9941,69.9495,69.9792,12767
2026-07-23 14:32:00,69.9792,69.9842,69.9446,69.9545,18305
2026-07-23 14:33:00,69.9545,69.9644,69.9545,69.9644,3831
2026-07-23 14:34:00,69.9594,69.9941,69.9545,69.9891,23254
2026-07-23 14:35:00,69.9842,70.004,69.9743,69.999,20184
2026-07-23 14:36:00,69.999,70.0089,69.9941,70.004,14693
2026-07-23 14:37:00,70.0089,70.0139,69.9891,69.9891,13398
2026-07-23 14:38:00,69.9891,70.004,69.9149,69.9693,144573
2026-07-23 14:39:00,69.9644,69.9743,69.9495,69.9545,25939
2026-07-23 14:40:00,69.9556,69.9842,69.9545,69.9743,13666
2026-07-23 14:41:00,69.9693,69.9842,69.9693,69.9693,12023
2026-07-23 14:42:00,69.9644,69.9743,69.9545,69.961,9525
2026-07-23 14:43:00,69.9594,69.9693,69.9594,69.9644,20815
2026-07-23 14:44:00,69.9693,69.9693,69.9446,69.9446,16618
2026-07-23 14:45:00,69.9495,69.9495,69.9248,69.9396,23478
2026-07-23 14:46:00,69.9446,69.9446,69.9248,69.9396,12304
2026-07-23 14:47:00,69.9396,69.9446,69.9198,69.9248,13069
2026-07-23 14:48:00,69.9248,69.9446,69.9149,69.9198,19159
2026-07-23 14:49:00,69.9248,69.9347,69.9099,69.9297,28977
2026-07-23 14:50:00,69.9297,69.9297,69.905,69.9099,34343
2026-07-23 14:51:00,69.905,69.9149,69.8703,69.8703,39343
2026-07-23 14:52:00,69.8654,69.9446,69.8654,69.9099,40544
2026-07-23 14:53:00,69.9099,69.9248,69.905,69.9198,26901
2026-07-23 14:54:00,69.9198,69.9248,69.905,69.9149,19071
2026-07-23 14:55:00,69.9099,69.9248,69.905,69.9198,55591
2026-07-23 14:56:00,69.9198,69.9198,69.905,69.9149,28203
2026-07-23 14:57:00,69.9099,69.9297,69.905,69.9198,23005
2026-07-23 14:58:00,69.9198,69.9248,69.905,69.9174,52088
2026-07-23 14:59:00,69.9198,69.9297,69.905,69.9297,35761
2026-07-23 15:00:00,69.9297,69.9446,69.9248,69.9446,30442
2026-07-23 15:01:00,69.9372,69.9644,69.9149,69.9297,145105
2026-07-23 15:02:00,69.9297,69.9495,69.9198,69.9396,27353
2026-07-23 15:03:00,69.9396,69.9446,69.9149,69.9297,21651
2026-07-23 15:04:00,69.9297,69.9346,69.9099,69.9248,27001
2026-07-23 15:05:00,69.9198,69.9347,69.905,69.9297,20765
2026-07-23 15:06:00,69.9297,69.9347,69.9248,69.9297,22818
2026-07-23 15:07:00,69.9297,69.9396,69.9149,69.9248,37368
2026-07-23 15:08:00,69.9297,69.9297,69.9149,69.9198,20071
2026-07-23 15:09:00,69.9198,69.9248,69.9149,69.9198,11894
2026-07-23 15:10:00,69.9198,69.9297,69.9149,69.9198,40835
2026-07-23 15:11:00,69.9198,69.9347,69.9,69.9,30445
2026-07-23 15:12:00,69.9,69.9198,69.8951,69.9198,34073
2026-07-23 15:13:00,69.9149,69.9198,69.905,69.9099,31644
2026-07-23 15:14:00,69.9053,69.9248,69.905,69.905,40609
2026-07-23 15:15:00,69.9099,69.9099,69.8901,69.8951,56265
2026-07-23 15:16:00,69.9,69.9149,69.8951,69.905,44201
2026-07-23 15:17:00,69.9099,69.9149,69.8951,69.9,64655
2026-07-23 15:18:00,69.9,69.9149,69.8852,69.9,60393
2026-07-23 15:19:00,69.9,69.9149,69.8951,69.9099,41458
2026-07-23 15:20:00,69.9099,69.9347,69.9099,69.9198,69032
2026-07-23 15:21:00,69.9198,69.9347,69.9149,69.9297,28965
2026-07-23 15:22:00,69.9297,69.9501,69.9297,69.9501,25276
2026-07-23 15:23:00,69.9495,69.9545,69.9258,69.9495,36833
2026-07-23 15:24:00,69.9495,69.9703,69.9446,69.9693,21814
2026-07-23 15:25:00,69.9693,69.9743,69.9297,69.9594,47355
2026-07-23 15:26:00,69.9644,69.9941,69.9545,69.9644,39971
2026-07-23 15:27:00,69.9644,69.9644,69.9149,69.9347,231672
2026-07-23 15:28:00,69.9297,69.9347,69.9149,69.9149,59113
2026-07-23 15:29:00,69.9198,69.9248,69.9099,69.9198,29955
2026-07-23 15:30:00,69.9198,69.9347,69.905,69.905,45434
2026-07-23 15:31:00,69.9099,69.9297,69.9092,69.9198,39906
2026-07-23 15:32:00,69.9198,69.9248,69.905,69.905,27541
2026-07-23 15:33:00,69.9123,69.9248,69.905,69.9149,27769
2026-07-23 15:34:00,69.9198,69.9347,69.9149,69.9297,39450
2026-07-23 15:35:00,69.9315,69.9347,69.8951,69.9149,39001
2026-07-23 15:36:00,69.9099,69.9248,69.9099,69.9198,33960
2026-07-23 15:37:00,69.9248,69.9347,69.9149,69.9248,33147
2026-07-23 15:38:00,69.9248,69.9248,69.9099,69.9198,23604
2026-07-23 15:39:00,69.9248,69.9248,69.9149,69.9198,24775
2026-07-23 15:40:00,69.9198,69.9198,69.8802,69.8901,405555
2026-07-23 15:41:00,69.8901,69.905,69.8852,69.8951,45506
2026-07-23 15:42:00,69.9,69.9198,69.8951,69.9099,69434
2026-07-23 15:43:00,69.905,69.9248,69.905,69.9223,61949
2026-07-23 15:44:00,69.9198,69.9495,69.8951,69.9099,115496
2026-07-23 15:45:00,69.905,69.9396,69.8754,69.8901,405530
2026-07-23 15:46:00,69.8901,69.8951,69.8802,69.8852,48125
2026-07-23 15:47:00,69.8951,69.8951,69.8802,69.8857,80073
2026-07-23 15:48:00,69.8852,69.8951,69.8654,69.8703,279622
2026-07-23 15:49:00,69.8703,69.9149,69.8654,69.9,68701
2026-07-23 15:50:00,69.9,69.9297,69.9,69.9198,99238
2026-07-23 15:51:00,69.9248,69.9396,69.9156,69.9347,113191
2026-07-23 15:52:00,69.9297,69.9297,69.8852,69.8852,113130
2026-07-23 15:53:00,69.8852,69.8951,69.8555,69.8654,79749
2026-07-23 15:54:00,69.8604,69.9248,69.8555,69.8901,127067
2026-07-23 15:55:00,69.8901,69.8951,69.806,69.8307,144158
2026-07-23 15:56:00,69.8307,69.8555,69.8258,69.8505,179442
2026-07-23 15:57:00,69.8555,69.8753,69.8078,69.8307,153387
2026-07-23 15:58:00,69.8357,69.9,69.8307,69.8802,196183
2026-07-23 15:59:00,69.8802,69.905,69.8357,69.8654,575114
2026-07-24 09:30:00,69.8852,70.0535,69.8852,69.9743,257182
2026-07-24 09:31:00,69.9743,69.9941,69.905,69.9198,20468
2026-07-24 09:32:00,69.9198,69.9842,69.8952,69.9743,18904
2026-07-24 09:33:00,69.9644,69.9644,69.8951,69.8951,23384
2026-07-24 09:34:00,69.9,69.9446,69.8852,69.9149,48419
2026-07-24 09:35:00,69.9248,69.9834,69.9198,69.9644,17177
2026-07-24 09:36:00,69.9594,69.9792,69.8951,69.8951,24295
2026-07-24 09:37:00,69.8852,69.8901,69.8456,69.8852,70848
2026-07-24 09:38:00,69.905,69.9347,69.6278,69.7367,505793
2026-07-24 09:39:00,69.7367,69.8753,69.6575,69.8703,60899
2026-07-24 09:40:00,69.8753,69.8951,69.8258,69.8753,396164
2026-07-24 09:41:00,69.8555,69.8832,69.8357,69.8456,38817
2026-07-24 09:42:00,69.8357,69.8753,69.8357,69.8753,30363
2026-07-24 09:43:00,69.8753,69.9198,69.8703,69.9099,31523
2026-07-24 09:44:00,69.9099,69.9693,69.905,69.9446,24868
2026-07-24 09:45:00,69.9471,69.9842,69.9248,69.9446,27058
2026-07-24 09:46:00,69.9644,69.9733,69.9248,69.9446,22859
2026-07-24 09:47:00,69.9396,69.9693,69.9396,69.9446,23779
2026-07-24 09:48:00,69.9396,69.9396,69.8109,69.8555,61480
2026-07-24 09:49:00,69.8555,69.8555,69.7763,69.7763,80492
2026-07-24 09:50:00,69.7961,69.8159,69.7862,69.806,16340
2026-07-24 09:51:00,69.8159,69.8436,69.806,69.8307,25793
2026-07-24 09:52:00,69.8258,69.8357,69.805,69.806,31015
2026-07-24 09:53:00,69.8159,69.8406,69.7763,69.8357,24542
2026-07-24 09:54:00,69.8406,69.8555,69.7961,69.8357,25035
2026-07-24 09:55:00,69.8456,69.8555,69.801,69.806,19308
2026-07-24 09:56:00,69.806,69.8159,69.801,69.8159,33815
2026-07-24 09:57:00,69.8109,69.8357,69.7961,69.801,51048
2026-07-24 09:58:00,69.801,69.8703,69.7961,69.8555,29407
2026-07-24 09:59:00,69.8456,69.8753,69.8357,69.8703,23751
2026-07-24 10:00:00,69.8703,69.9446,69.8654,69.9167,43681
2026-07-24 10:01:00,69.9149,69.9248,69.8654,69.8802,23820
2026-07-24 10:02:00,69.8852,69.9248,69.8852,69.9103,26299
2026-07-24 10:03:00,69.9099,69.9297,69.8357,69.8357,27212
2026-07-24 10:04:00,69.8456,69.8901,69.8456,69.8753,46733
2026-07-24 10:05:00,69.8684,69.8852,69.8347,69.8505,59271
2026-07-24 10:06:00,69.8555,69.9149,69.8159,69.8258,50230
2026-07-24 10:07:00,69.8258,69.8258,69.7763,69.7862,60998
2026-07-24 10:08:00,69.7862,69.8654,69.7812,69.8456,52861
2026-07-24 10:09:00,69.8555,69.8555,69.7615,69.7714,68487
2026-07-24 10:10:00,69.7714,69.8159,69.7714,69.7961,39642
2026-07-24 10:11:00,69.7961,69.806,69.7417,69.7862,302340
2026-07-24 10:12:00,69.7862,69.7862,69.6873,69.7417,91374
2026-07-24 10:13:00,69.7466,69.7714,69.707,69.7565,157671
2026-07-24 10:14:00,69.7664,69.806,69.7367,69.7615,301967
2026-07-24 10:15:00,69.7664,69.7961,69.7367,69.7417,30301
2026-07-24 10:16:00,69.7367,69.7664,69.7268,69.7615,33197
2026-07-24 10:17:00,69.7615,69.7714,69.7268,69.7466,32954
2026-07-24 10:18:00,69.7466,69.7565,69.7169,69.7466,38208
2026-07-24 10:19:00,69.7367,69.7466,69.7367,69.7417,10671
2026-07-24 10:20:00,69.7516,69.7516,69.7268,69.7466,41676
2026-07-24 10:21:00,69.7367,69.7466,69.7268,69.7318,30831
2026-07-24 10:22:00,69.7367,69.7565,69.7318,69.7367,48946
2026-07-24 10:23:00,69.7367,69.7466,69.7169,69.7219,114454
2026-07-24 10:24:00,69.7268,69.7516,69.6872,69.7466,44388
2026-07-24 10:25:00,69.7466,69.7565,69.7021,69.7268,53035
2026-07-24 10:26:00,69.7268,69.7268,69.6773,69.6823,43294
2026-07-24 10:27:00,69.6872,69.7812,69.6823,69.7812,47650
2026-07-24 10:28:00,69.7812,69.8208,69.7812,69.8208,25956
2026-07-24 10:29:00,69.8208,69.8753,69.8159,69.8703,24451
2026-07-24 10:30:00,69.8703,69.8901,69.8109,69.8159,27549
2026-07-24 10:31:00,69.8159,69.8258,69.7862,69.8258,13425
2026-07-24 10:32:00,69.8307,69.8307,69.7763,69.7862,17584
2026-07-24 10:33:00,69.7582,69.7582,69.6922,69.6971,10485
2026-07-24 10:34:00,69.7021,69.7219,69.6773,69.7069,31347
2026-07-24 10:35:00,69.707,69.7169,69.6872,69.6949,18014
2026-07-24 10:36:00,69.6922,69.7169,69.6872,69.6922,13603
2026-07-24 10:37:00,69.6971,69.7219,69.6971,69.707,7144
2026-07-24 10:38:00,69.6971,69.707,69.6872,69.6872,14592
2026-07-24 10:39:00,69.6872,69.707,69.6823,69.6971,23085
2026-07-24 10:40:00,69.6971,69.7021,69.6823,69.6872,37041
2026-07-24 10:41:00,69.6872,69.707,69.6823,69.6971,35614
2026-07-24 10:42:00,69.7021,69.707,69.6872,69.6971,13130
2026-07-24 10:43:00,69.6971,69.7021,69.6773,69.6872,27114
2026-07-24 10:44:00,69.6872,69.707,69.6823,69.6922,28686
2026-07-24 10:45:00,69.6872,69.6971,69.6773,69.6872,49223
2026-07-24 10:46:00,69.6872,69.6971,69.6773,69.6823,115617
2026-07-24 10:47:00,69.6871,69.6882,69.6575,69.6724,29999
2026-07-24 10:48:00,69.6724,69.7466,69.6674,69.6872,77595
2026-07-24 10:49:00,69.6823,69.6971,69.6625,69.6674,290741
2026-07-24 10:50:00,69.6674,69.6872,69.6377,69.6674,61411
2026-07-24 10:51:00,69.6773,69.7169,69.6674,69.6675,30568
2026-07-24 10:52:00,69.6773,69.6872,69.6674,69.6798,45365
2026-07-24 10:53:00,69.6823,69.6971,69.6674,69.6872,52978
2026-07-24 10:54:00,69.6823,69.6872,69.6476,69.6724,118231
2026-07-24 10:55:00,69.6724,69.6872,69.6575,69.6773,570113
2026-07-24 10:56:00,69.6724,69.6736,69.6278,69.6377,41727
2026-07-24 10:57:00,69.6309,69.6625,69.5981,69.6393,150879
2026-07-24 10:58:00,69.6427,69.6575,69.6278,69.6377,41576
2026-07-24 10:59:00,69.6427,69.6431,69.6278,69.6278,71351
2026-07-24 11:00:00,69.6278,69.6278,69.6031,69.6278,40365
2026-07-24 11:01:00,69.6377,69.6377,69.6031,69.613,30147
2026-07-24 11:02:00,69.6179,69.6476,69.608,69.6377,27474
2026-07-24 11:03:00,69.6427,69.6427,69.6031,69.6105,14725
2026-07-24 11:04:00,69.6105,69.6179,69.5783,69.613,34509
2026-07-24 11:05:00,69.613,69.613,69.5783,69.6031,30181
2026-07-24 11:06:00,69.5981,69.6229,69.5882,69.6229,26155
2026-07-24 11:07:00,69.6278,69.6328,69.5783,69.5882,39047
2026-07-24 11:08:00,69.5932,69.5981,69.5684,69.5783,49814
2026-07-24 11:09:00,69.5783,69.5981,69.5783,69.5932,27979
2026-07-24 11:10:00,69.5932,69.6179,69.5783,69.6031,32504
2026-07-24 11:11:00,69.5981,69.608,69.5882,69.6031,25526
2026-07-24 11:12:00,69.6031,69.613,69.5882,69.613,24836
2026-07-24 11:13:00,69.613,69.613,69.5882,69.5882,31433
2026-07-24 11:14:00,69.5882,69.6031,69.5882,69.6031,19439
2026-07-24 11:15:00,69.6031,69.608,69.5907,69.6031,13618
2026-07-24 11:16:00,69.6031,69.6067,69.5882,69.5932,11851
2026-07-24 11:17:00,69.5981,69.6031,69.5882,69.5882,16457
2026-07-24 11:18:00,69.5882,69.6052,69.5882,69.5932,20556
2026-07-24 11:19:00,69.5932,69.5981,69.5585,69.5635,138369
2026-07-24 11:20:00,69.5635,69.5833,69.5288,69.5585,35009
2026-07-24 11:21:00,69.5635,69.5684,69.5387,69.5585,23195
2026-07-24 11:22:00,69.5585,69.5684,69.5585,69.5585,15791
2026-07-24 11:23:00,69.5635,69.5684,69.5486,69.5585,22128
2026-07-24 11:24:00,69.5585,69.5684,69.5486,69.55,27017
2026-07-24 11:25:00,69.5486,69.5585,69.5189,69.5437,61970
2026-07-24 11:26:00,69.5437,69.5585,69.5289,69.5289,35980
2026-07-24 11:27:00,69.5338,69.5486,69.5288,69.5387,36682
2026-07-24 11:28:00,69.5387,69.5585,69.5338,69.5437,24278
2026-07-24 11:29:00,69.5437,69.5684,69.5338,69.5585,30191
2026-07-24 11:30:00,69.5585,69.5684,69.5585,69.5635,14667
2026-07-24 11:31:00,69.5635,69.5684,69.5585,69.5585,22946
2026-07-24 11:32:00,69.5585,69.5684,69.5239,69.5363,448586
2026-07-24 11:33:00,69.5288,69.5486,69.5288,69.5486,33882
2026-07-24 11:34:00,69.5437,69.5783,69.5387,69.5734,12124
2026-07-24 11:35:00,69.5734,69.5783,69.5684,69.5734,6430
2026-07-24 11:36:00,69.5734,69.6179,69.5734,69.613,28271
2026-07-24 11:37:00,69.613,69.6179,69.5882,69.6031,19975
2026-07-24 11:38:00,69.6006,69.613,69.6006,69.613,15482
2026-07-24 11:39:00,69.6179,69.6179,69.5536,69.5536,47488
2026-07-24 11:40:00,69.5536,69.5585,69.5288,69.5536,46720
2026-07-24 11:41:00,69.5536,69.5833,69.5486,69.5833,18244
2026-07-24 11:42:00,69.5833,69.6031,69.5783,69.598,11518
2026-07-24 11:43:00,69.5932,69.5981,69.5882,69.5932,5282
2026-07-24 11:44:00,69.5932,69.608,69.5882,69.608,20983
2026-07-24 11:45:00,69.6031,69.6575,69.6031,69.6476,23011
2026-07-24 11:46:00,69.6526,69.707,69.6476,69.7021,23431
2026-07-24 11:47:00,69.7021,69.707,69.6773,69.6971,28135
2026-07-24 11:48:00,69.6922,69.6971,69.6773,69.6971,22210
2026-07-24 11:49:00,69.6971,69.707,69.6872,69.6872,13462
2026-07-24 11:50:00,69.6823,69.6971,69.6773,69.6971,10903
2026-07-24 11:51:00,69.6922,69.6971,69.6773,69.6872,15810
2026-07-24 11:52:00,69.6922,69.6971,69.6773,69.6773,10880
2026-07-24 11:53:00,69.6724,69.6724,69.6427,69.6427,16845
2026-07-24 11:54:00,69.6377,69.6377,69.6179,69.6328,11283
2026-07-24 11:55:00,69.6278,69.6278,69.608,69.6278,15887
2026-07-24 11:56:00,69.6229,69.6476,69.6179,69.6377,27240
2026-07-24 11:57:00,69.6427,69.6674,69.6278,69.6526,18737
2026-07-24 11:58:00,69.6476,69.6476,69.6277,69.6328,9328
2026-07-24 11:59:00,69.6328,69.6773,69.6278,69.6674,18216
2026-07-24 12:00:00,69.6674,69.6773,69.6328,69.6377,30354
2026-07-24 12:01:00,69.6476,69.6575,69.6328,69.655,20849
2026-07-24 12:02:00,69.6476,69.6625,69.6377,69.6625,11568
2026-07-24 12:03:00,69.6674,69.6674,69.6476,69.6476,4785
2026-07-24 12:04:00,69.6476,69.6534,69.6179,69.6377,145886
2026-07-24 12:05:00,69.6427,69.6476,69.6031,69.6031,15975
2026-07-24 12:06:00,69.5981,69.5981,69.5783,69.5882,13126
2026-07-24 12:07:00,69.5882,69.608,69.5783,69.6019,10877
2026-07-24 12:08:00,69.608,69.608,69.5783,69.5833,36227
2026-07-24 12:09:00,69.5783,69.5932,69.5684,69.5734,679816
2026-07-24 12:10:00,69.5758,69.6409,69.5387,69.6328,46062
2026-07-24 12:11:00,69.6328,69.6377,69.5734,69.5783,14348
2026-07-24 12:12:00,69.5783,69.6278,69.5783,69.6278,122485
2026-07-24 12:13:00,69.6278,69.6773,69.6278,69.6773,20656
2026-07-24 12:14:00,69.6823,69.6971,69.6724,69.6971,11297
2026-07-24 12:15:00,69.6922,69.7565,69.6888,69.7516,22103
2026-07-24 12:16:00,69.7565,69.7714,69.7466,69.7516,18152
2026-07-24 12:17:00,69.7516,69.7516,69.7169,69.7219,9585
2026-07-24 12:18:00,69.7268,69.7367,69.7169,69.7219,10479
2026-07-24 12:19:00,69.7169,69.7219,69.6872,69.6922,10754
2026-07-24 12:20:00,69.6971,69.6971,69.6526,69.6526,10934
2026-07-24 12:21:00,69.6377,69.6674,69.6377,69.6575,17424
2026-07-24 12:22:00,69.6625,69.6823,69.6526,69.6823,10534
2026-07-24 12:23:00,69.6823,69.6872,69.6328,69.6377,13035
2026-07-24 12:24:00,69.6476,69.6526,69.6377,69.6377,7142
2026-07-24 12:25:00,69.6444,69.6444,69.609,69.613,12592
2026-07-24 12:26:00,69.608,69.608,69.5882,69.6031,10619
2026-07-24 12:27:00,69.608,69.608,69.5882,69.5882,7171
2026-07-24 12:28:00,69.5882,69.6179,69.5882,69.6179,32084
2026-07-24 12:29:00,69.6179,69.6179,69.6031,69.608,5911
2026-07-24 12:30:00,69.5981,69.608,69.5882,69.5932,18536
2026-07-24 12:31:00,69.598,69.5981,69.5882,69.5981,27171
2026-07-24 12:32:00,69.5981,69.6179,69.5882,69.6179,28069
2026-07-24 12:33:00,69.608,69.6179,69.5932,69.5932,12029
2026-07-24 12:34:00,69.5882,69.5981,69.5882,69.5981,14254
2026-07-24 12:35:00,69.5981,69.5981,69.5783,69.5833,27891
2026-07-24 12:36:00,69.5833,69.5882,69.5635,69.5734,15056
2026-07-24 12:37:00,69.5686,69.5734,69.4843,69.4892,97931
2026-07-24 12:38:00,69.4942,69.5288,69.4892,69.5189,33271
2026-07-24 12:39:00,69.5189,69.5272,69.5189,69.5239,14606
2026-07-24 12:40:00,69.5239,69.5437,69.5189,69.5338,21158
2026-07-24 12:41:00,69.5288,69.5338,69.5189,69.5338,17722
2026-07-24 12:42:00,69.5387,69.5437,69.5288,69.5437,13335
2026-07-24 12:43:00,69.5437,69.5536,69.5387,69.5536,6976
2026-07-24 12:44:00,69.5585,69.5585,69.5288,69.5437,11662
2026-07-24 12:45:00,69.5486,69.5486,69.5313,69.5338,9502
2026-07-24 12:46:00,69.5338,69.5387,69.509,69.509,11819
2026-07-24 12:47:00,69.514,69.5288,69.4892,69.4991,36251
2026-07-24 12:48:00,69.4991,69.514,69.4942,69.5041,55507
2026-07-24 12:49:00,69.5041,69.509,69.4843,69.4892,22052
2026-07-24 12:50:00,69.4952,69.4991,69.4892,69.4942,11358
2026-07-24 12:51:00,69.4991,69.509,69.4904,69.509,10047
2026-07-24 12:52:00,69.509,69.5338,69.5066,69.5189,16914
2026-07-24 12:53:00,69.5189,69.5288,69.509,69.514,16799
2026-07-24 12:54:00,69.514,69.514,69.4892,69.4942,23209
2026-07-24 12:55:00,69.4909,69.5041,69.4892,69.5041,15855
2026-07-24 12:56:00,69.5041,69.514,69.4991,69.5091,8836
2026-07-24 12:57:00,69.514,69.514,69.4991,69.4991,11476
2026-07-24 12:58:00,69.5023,69.5041,69.4793,69.4892,9239
2026-07-24 12:59:00,69.4892,69.5041,69.4793,69.4892,22271
2026-07-24 13:00:00,69.4891,69.5041,69.4793,69.5041,40010
2026-07-24 13:01:00,69.4991,69.5189,69.4892,69.514,8197
2026-07-24 13:02:00,69.509,69.5288,69.4991,69.509,16626
2026-07-24 13:03:00,69.5189,69.5361,69.509,69.5239,19031
2026-07-24 13:04:00,69.5189,69.5189,69.4991,69.4991,7589
2026-07-24 13:05:00,69.4942,69.514,69.4892,69.514,14855
2026-07-24 13:06:00,69.5189,69.5189,69.509,69.5188,7565
2026-07-24 13:07:00,69.509,69.5143,69.4892,69.4991,19236
2026-07-24 13:08:00,69.4942,69.519,69.4942,69.519,13070
2026-07-24 13:09:00,69.5288,69.5288,69.5041,69.514,24804
2026-07-24 13:10:00,69.509,69.514,69.4892,69.4892,7642
2026-07-24 13:11:00,69.4942,69.4942,69.4793,69.4892,27130
2026-07-24 13:12:00,69.4793,69.4992,69.4793,69.4991,14754
2026-07-24 13:13:00,69.5066,69.509,69.4991,69.509,5584
2026-07-24 13:14:00,69.509,69.509,69.4892,69.4892,11660
2026-07-24 13:15:00,69.4892,69.5041,69.4892,69.5041,7539
2026-07-24 13:16:00,69.509,69.514,69.4892,69.4991,18824
2026-07-24 13:17:00,69.4942,69.4942,69.4793,69.4843,7757
2026-07-24 13:18:00,69.4892,69.4991,69.4595,69.4991,36713
2026-07-24 13:19:00,69.4991,69.5239,69.4793,69.514,40317
2026-07-24 13:20:00,69.509,69.5189,69.4889,69.4889,160364
2026-07-24 13:21:00,69.4892,69.4892,69.4348,69.4397,19161
2026-07-24 13:22:00,69.4496,69.4793,69.4496,69.4744,8973
2026-07-24 13:23:00,69.4744,69.4892,69.4744,69.4892,7716
2026-07-24 13:24:00,69.4892,69.514,69.4843,69.4991,59492
2026-07-24 13:25:00,69.4991,69.4991,69.4793,69.4942,6560
2026-07-24 13:26:00,69.4892,69.4892,69.4708,69.4793,11170
2026-07-24 13:27:00,69.4843,69.4892,69.4694,69.4694,14994
2026-07-24 13:28:00,69.4645,69.4694,69.4496,69.4645,10233
2026-07-24 13:29:00,69.4598,69.4645,69.3705,69.3853,38755
2026-07-24 13:30:00,69.3803,69.4447,69.3803,69.4397,26105
2026-07-24 13:31:00,69.4397,69.4496,69.4298,69.4447,14013
2026-07-24 13:32:00,69.4447,69.4447,69.4199,69.4386,35665
2026-07-24 13:33:00,69.4397,69.4645,69.4397,69.4546,9775
2026-07-24 13:34:00,69.4546,69.4595,69.4397,69.4546,15586
2026-07-24 13:35:00,69.4546,69.4546,69.4199,69.4467,37431
2026-07-24 13:36:00,69.4354,69.4496,69.4249,69.4496,11518
2026-07-24 13:37:00,69.4447,69.4447,69.4227,69.4227,7462
2026-07-24 13:38:00,69.4199,69.4199,69.4001,69.4199,15666
2026-07-24 13:39:00,69.4199,69.4199,69.41,69.4198,16160
2026-07-24 13:40:00,69.415,69.4397,69.4051,69.4051,120586
2026-07-24 13:41:00,69.41,69.41,69.3803,69.4051,14507
2026-07-24 13:42:00,69.4001,69.4001,69.3754,69.384,25329
2026-07-24 13:43:00,69.3902,69.3902,69.321,69.3234,29910
2026-07-24 13:44:00,69.328,69.3507,69.321,69.3408,14046
2026-07-24 13:45:00,69.3457,69.3457,69.3111,69.316,17523
2026-07-24 13:46:00,69.316,69.321,69.2418,69.2467,115295
2026-07-24 13:47:00,69.2517,69.3061,69.2517,69.3012,97585
2026-07-24 13:48:00,69.3061,69.311,69.3012,69.3013,12386
2026-07-24 13:49:00,69.3012,69.321,69.3012,69.316,27463
2026-07-24 13:50:00,69.316,69.321,69.3012,69.3012,24768
2026-07-24 13:51:00,69.3012,69.3259,69.3012,69.3061,37282
2026-07-24 13:52:00,69.3012,69.3163,69.2913,69.3163,51134
2026-07-24 13:53:00,69.316,69.3259,69.3012,69.3111,42058
2026-07-24 13:54:00,69.316,69.3556,69.3111,69.3408,15275
2026-07-24 13:55:00,69.3408,69.3457,69.3259,69.3408,15861
2026-07-24 13:56:00,69.3358,69.3507,69.3358,69.3408,12462
2026-07-24 13:57:00,69.3408,69.3507,69.3309,69.3408,23440
2026-07-24 13:58:00,69.3507,69.3754,69.3507,69.3655,11117
2026-07-24 13:59:00,69.3652,69.3705,69.3457,69.3457,14697
2026-07-24 14:00:00,69.3408,69.3655,69.3309,69.3507,28387
2026-07-24 14:01:00,69.3507,69.3704,69.3507,69.3556,8264
2026-07-24 14:02:00,69.3606,69.3902,69.3507,69.3803,15399
2026-07-24 14:03:00,69.3853,69.4001,69.3803,69.4001,22439
2026-07-24 14:04:00,69.3902,69.4199,69.3853,69.41,18167
2026-07-24 14:05:00,69.4125,69.4397,69.41,69.4298,19388
2026-07-24 14:06:00,69.4348,69.4793,69.4298,69.4447,30945
2026-07-24 14:07:00,69.4397,69.4447,69.41,69.4397,9895
2026-07-24 14:08:00,69.4397,69.4397,69.4199,69.4348,9842
2026-07-24 14:09:00,69.4298,69.4397,69.4199,69.4298,11218
2026-07-24 14:10:00,69.4348,69.4447,69.4298,69.4447,10443
2026-07-24 14:11:00,69.4397,69.4495,69.4298,69.4298,11247
2026-07-24 14:12:00,69.4348,69.4496,69.4348,69.4397,11394
2026-07-24 14:13:00,69.4397,69.4447,69.4298,69.4343,4895
2026-07-24 14:14:00,69.4298,69.4396,69.4298,69.4348,10184
2026-07-24 14:15:00,69.4397,69.4397,69.4199,69.4199,15924
2026-07-24 14:16:00,69.4199,69.4249,69.41,69.41,11308
2026-07-24 14:17:00,69.41,69.4332,69.4001,69.4051,17038
2026-07-24 14:18:00,69.4051,69.4249,69.3705,69.4199,277045
2026-07-24 14:19:00,69.4249,69.4298,69.41,69.41,15324
2026-07-24 14:20:00,69.41,69.4297,69.41,69.4249,7729
2026-07-24 14:21:00,69.4199,69.4361,69.41,69.4298,18214
2026-07-24 14:22:00,69.4348,69.4348,69.415,69.415,12224
2026-07-24 14:23:00,69.41,69.4348,69.41,69.4298,9492
2026-07-24 14:24:00,69.4298,69.4348,69.41,69.4199,13859
2026-07-24 14:25:00,69.4249,69.4249,69.4001,69.415,19887
2026-07-24 14:26:00,69.4199,69.4249,69.3952,69.4051,25753
2026-07-24 14:27:00,69.4001,69.4199,69.4001,69.41,14294
2026-07-24 14:28:00,69.41,69.4199,69.4001,69.4051,33539
2026-07-24 14:29:00,69.4071,69.41,69.3705,69.41,28280
2026-07-24 14:30:00,69.41,69.4348,69.4051,69.4249,17635
2026-07-24 14:31:00,69.4199,69.4397,69.4199,69.4397,8419
2026-07-24 14:32:00,69.4298,69.4496,69.4298,69.4496,13756
2026-07-24 14:33:00,69.4454,69.4454,69.4298,69.4348,12526
2026-07-24 14:34:00,69.4348,69.4496,69.4202,69.4249,11190
2026-07-24 14:35:00,69.426,69.426,69.41,69.415,7672
2026-07-24 14:36:00,69.415,69.4199,69.4001,69.415,24454
2026-07-24 14:37:00,69.415,69.4199,69.4001,69.4051,19664
2026-07-24 14:38:00,69.4001,69.4298,69.3902,69.4249,13548
2026-07-24 14:39:00,69.4249,69.4397,69.4199,69.4249,12732
2026-07-24 14:40:00,69.4249,69.4397,69.4199,69.4298,19103
2026-07-24 14:41:00,69.4258,69.4397,69.4199,69.4298,15015
2026-07-24 14:42:00,69.4298,69.4298,69.41,69.415,7448
2026-07-24 14:43:00,69.415,69.4199,69.41,69.41,18279
2026-07-24 14:44:00,69.415,69.4298,69.41,69.4298,31213
2026-07-24 14:45:00,69.4249,69.4447,69.4199,69.4447,17826
2026-07-24 14:46:00,69.4397,69.4397,69.41,69.41,17028
2026-07-24 14:47:00,69.41,69.447,69.4001,69.4278,38306
2026-07-24 14:48:00,69.4249,69.4447,69.4199,69.4447,107760
2026-07-24 14:49:00,69.4447,69.4496,69.415,69.4199,16927
2026-07-24 14:50:00,69.4298,69.4397,69.41,69.4397,18844
2026-07-24 14:51:00,69.4397,69.4447,69.41,69.4198,10066
2026-07-24 14:52:00,69.415,69.4249,69.4001,69.4001,93839
2026-07-24 14:53:00,69.4051,69.4397,69.3902,69.4051,193531
2026-07-24 14:54:00,69.4051,69.4078,69.3902,69.3952,29592
2026-07-24 14:55:00,69.4001,69.4001,69.3408,69.3408,57020
2026-07-24 14:56:00,69.3408,69.3507,69.3111,69.3408,26532
2026-07-24 14:57:00,69.3457,69.3507,69.3259,69.3259,16718
2026-07-24 14:58:00,69.321,69.3259,69.2913,69.3012,22899
2026-07-24 14:59:00,69.3012,69.3111,69.2913,69.3012,23765
2026-07-24 15:00:00,69.3111,69.3111,69.3012,69.3012,17981
2026-07-24 15:01:00,69.3012,69.316,69.3012,69.3061,28273
2026-07-24 15:02:00,69.3012,69.316,69.2715,69.316,59654
2026-07-24 15:03:00,69.3111,69.3111,69.2913,69.2913,15118
2026-07-24 15:04:00,69.2913,69.2982,69.2814,69.2913,25946
2026-07-24 15:05:00,69.2962,69.3209,69.2913,69.316,24575
2026-07-24 15:06:00,69.316,69.316,69.2913,69.3012,30753
2026-07-24 15:07:00,69.3061,69.3061,69.2913,69.2913,17260
2026-07-24 15:08:00,69.2913,69.3012,69.2764,69.2914,25203
2026-07-24 15:09:00,69.2962,69.3012,69.2855,69.2863,25041
2026-07-24 15:10:00,69.2913,69.3111,69.2814,69.3061,19688
2026-07-24 15:11:00,69.3111,69.316,69.2913,69.3111,20260
2026-07-24 15:12:00,69.316,69.3191,69.3012,69.3108,12491
2026-07-24 15:13:00,69.3061,69.3209,69.3061,69.3135,17263
2026-07-24 15:14:00,69.316,69.3358,69.3135,69.3309,22349
2026-07-24 15:15:00,69.3309,69.3457,69.321,69.3358,20056
2026-07-24 15:16:00,69.3408,69.3507,69.321,69.3259,29463
2026-07-24 15:17:00,69.3259,69.3358,69.321,69.3358,10771
2026-07-24 15:18:00,69.3309,69.41,69.3309,69.41,26419
2026-07-24 15:19:00,69.41,69.41,69.3902,69.3952,28013
2026-07-24 15:20:00,69.3952,69.3967,69.3902,69.3952,12757
2026-07-24 15:21:00,69.3952,69.4496,69.3902,69.4496,20279
2026-07-24 15:22:00,69.4496,69.4793,69.4447,69.4744,24451
2026-07-24 15:23:00,69.4793,69.509,69.4694,69.509,19141
2026-07-24 15:24:00,69.509,69.5189,69.4843,69.4892,27766
2026-07-24 15:25:00,69.4942,69.509,69.4892,69.4991,24723
2026-07-24 15:26:00,69.4991,69.5783,69.4942,69.5734,46168
2026-07-24 15:27:00,69.5783,69.6278,69.5734,69.6229,39377
2026-07-24 15:28:00,69.6229,69.6278,69.5684,69.5734,31918
2026-07-24 15:29:00,69.5734,69.5783,69.5387,69.5536,26888
2026-07-24 15:30:00,69.5536,69.5536,69.4892,69.4892,23021
2026-07-24 15:31:00,69.4892,69.509,69.4546,69.5041,35761
2026-07-24 15:32:00,69.4991,69.509,69.4892,69.4991,18155
2026-07-24 15:33:00,69.5041,69.509,69.4744,69.4744,33833
2026-07-24 15:34:00,69.4694,69.4843,69.4595,69.4645,25515
2026-07-24 15:35:00,69.4645,69.4694,69.4298,69.4447,35786
2026-07-24 15:36:00,69.4447,69.4496,69.4051,69.415,32032
2026-07-24 15:37:00,69.4199,69.4298,69.41,69.415,20488
2026-07-24 15:38:00,69.4199,69.4199,69.4001,69.41,29104
2026-07-24 15:39:00,69.415,69.415,69.3902,69.3952,30370
2026-07-24 15:40:00,69.3952,69.41,69.3803,69.3952,47354
2026-07-24 15:41:00,69.3927,69.4249,69.3853,69.4051,35023
2026-07-24 15:42:00,69.4001,69.4199,69.3902,69.3902,24792
2026-07-24 15:43:00,69.3952,69.4397,69.3902,69.4397,36803
2026-07-24 15:44:00,69.4199,69.4396,69.4199,69.4199,25475
2026-07-24 15:45:00,69.4199,69.4397,69.41,69.4397,64618
2026-07-24 15:46:00,69.4348,69.4348,69.41,69.41,22860
2026-07-24 15:47:00,69.415,69.4249,69.3803,69.3803,68583
2026-07-24 15:48:00,69.3853,69.4447,69.3803,69.4298,58827
2026-07-24 15:49:00,69.4348,69.4991,69.4348,69.4843,52434
2026-07-24 15:50:00,69.4694,69.4843,69.3606,69.3655,75717
2026-07-24 15:51:00,69.3606,69.3705,69.3061,69.3606,109723
2026-07-24 15:52:00,69.3606,69.3705,69.321,69.3408,108509
2026-07-24 15:53:00,69.3507,69.3606,69.3408,69.3507,45547
2026-07-24 15:54:00,69.3507,69.3605,69.3358,69.3556,113710
2026-07-24 15:55:00,69.3507,69.3606,69.2814,69.3556,304140
2026-07-24 15:56:00,69.3556,69.4001,69.3012,69.3061,207177
2026-07-24 15:57:00,69.3012,69.3803,69.3012,69.3803,122375
2026-07-24 15:58:00,69.3734,69.4001,69.3507,69.3655,222730
2026-07-24 15:59:00,69.3606,69.3606,69.3012,69.321,302946
2026-07-25 09:30:00,69.5189,69.5239,69.4001,69.4298,267688
2026-07-25 09:31:00,69.4199,69.4595,69.3803,69.3912,19025
2026-07-25 09:32:00,69.3952,69.5189,69.3803,69.509,16135
2026-07-25 09:33:00,69.5041,69.509,69.4496,69.4793,32178
2026-07-25 09:34:00,69.4645,69.5189,69.4645,69.4793,22941
2026-07-25 09:35:00,69.4694,69.4793,69.3803,69.41,17854
2026-07-25 09:36:00,69.41,69.4793,69.4001,69.4694,19326
2026-07-25 09:37:00,69.4793,69.4892,69.41,69.4298,18121
2026-07-25 09:38:00,69.4298,69.4694,69.4199,69.4645,19908
2026-07-25 09:39:00,69.4595,69.4595,69.3606,69.41,29909
2026-07-25 09:40:00,69.4199,69.4496,69.3902,69.4298,39147
2026-07-25 09:41:00,69.4298,69.4397,69.3705,69.3902,32124
2026-07-25 09:42:00,69.3902,69.3902,69.2715,69.3111,53917
2026-07-25 09:43:00,69.3012,69.3111,69.1735,69.1824,55905
2026-07-25 09:44:00,69.1725,69.173,68.9725,68.9844,124256
2026-07-25 09:45:00,68.9795,69.1032,68.9349,68.9547,87717
2026-07-25 09:46:00,68.9646,69.0537,68.9349,69.0339,66015
2026-07-25 09:47:00,69.0438,69.1032,69.0438,69.0982,27610
2026-07-25 09:48:00,69.1131,69.1131,69.0339,69.1032,21449
2026-07-25 09:49:00,69.0933,69.0933,68.9943,69.0042,35192
2026-07-25 09:50:00,68.9992,69.0438,68.9547,68.9646,41224
2026-07-25 09:51:00,68.9646,68.9693,68.8458,68.8656,52661
2026-07-25 09:52:00,68.8706,68.9052,68.8161,68.8359,30795
2026-07-25 09:53:00,68.8369,68.8607,68.727,68.727,80168
2026-07-25 09:54:00,68.7369,68.7468,68.6379,68.6675,91407
2026-07-25 09:55:00,68.6577,68.6924,68.628,68.6676,44360
2026-07-25 09:56:00,68.6577,68.6577,68.5093,68.5142,52748
2026-07-25 09:57:00,68.5043,68.5439,68.3707,68.3806,87551
2026-07-25 09:58:00,68.3905,68.5192,68.3855,68.4796,76007
2026-07-25 09:59:00,68.4796,68.5687,68.4796,68.5489,93209
2026-07-25 10:00:00,68.5489,68.6181,68.5192,68.5934,50423
2026-07-25 10:01:00,68.5983,68.7122,68.5983,68.7122,64681
2026-07-25 10:02:00,68.6973,68.7023,68.5588,68.5884,64015
2026-07-25 10:03:00,68.5934,68.5934,68.4548,68.5241,44846
2026-07-25 10:04:00,68.5291,68.6775,68.5291,68.6676,37699
2026-07-25 10:05:00,68.6676,68.6825,68.539,68.5439,30393
2026-07-25 10:06:00,68.539,68.5439,68.4598,68.5093,30874
2026-07-25 10:07:00,68.5102,68.5489,68.4598,68.4647,43458
2026-07-25 10:08:00,68.4746,68.4895,68.4206,68.4776,71958
2026-07-25 10:09:00,68.4796,68.4994,68.44,68.4895,47881
2026-07-25 10:10:00,68.4895,68.4994,68.4598,68.4647,24150
2026-07-25 10:11:00,68.4647,68.4697,68.3014,68.3162,92487
2026-07-25 10:12:00,68.3113,68.3707,68.3113,68.341,37076
2026-07-25 10:13:00,68.3459,68.3855,68.2618,68.351,82479
2026-07-25 10:14:00,68.3558,68.3608,68.2815,68.2925,33984
2026-07-25 10:15:00,68.2915,68.3905,68.2816,68.3063,47058
2026-07-25 10:16:00,68.3014,68.341,68.2865,68.2915,46506
2026-07-25 10:17:00,68.2865,68.2865,68.1331,68.2073,140809
2026-07-25 10:18:00,68.2073,68.3509,68.2024,68.3509,47343
2026-07-25 10:19:00,68.341,68.3608,68.2816,68.2915,34386
2026-07-25 10:20:00,68.2915,68.341,68.2865,68.3261,22424
2026-07-25 10:21:00,68.3311,68.3707,68.3063,68.3212,33765
2026-07-25 10:22:00,68.3162,68.3601,68.3056,68.341,27446
2026-07-25 10:23:00,68.341,68.341,68.3014,68.3311,18904
2026-07-25 10:24:00,68.3311,68.3905,68.3311,68.3905,31462
2026-07-25 10:25:00,68.4004,68.5093,68.3905,68.5043,48159
2026-07-25 10:26:00,68.5043,68.5093,68.4598,68.4796,37952
2026-07-25 10:27:00,68.4746,68.5043,68.4647,68.4944,36324
2026-07-25 10:28:00,68.4944,68.5043,68.4499,68.4598,39219
2026-07-25 10:29:00,68.4598,68.4845,68.4598,68.4697,29257
2026-07-25 10:30:00,68.4746,68.5093,68.4499,68.4994,52439
2026-07-25 10:31:00,68.4944,68.5192,68.4697,68.4845,53460
2026-07-25 10:32:00,68.4845,68.5291,68.4818,68.4895,44276
2026-07-25 10:33:00,68.4895,68.5687,68.4697,68.5687,222714
2026-07-25 10:34:00,68.5588,68.6181,68.5588,68.5884,41028
2026-07-25 10:35:00,68.5884,68.6379,68.5786,68.6231,31888
2026-07-25 10:36:00,68.628,68.6676,68.6181,68.6365,38513
2026-07-25 10:37:00,68.6379,68.6528,68.5934,68.5934,47039
2026-07-25 10:38:00,68.5983,68.5983,68.5489,68.5835,39172
2026-07-25 10:39:00,68.5786,68.5983,68.5489,68.5934,27432
2026-07-25 10:40:00,68.5983,68.6429,68.5637,68.5687,34005
2026-07-25 10:41:00,68.5786,68.633,68.5291,68.5291,29169
2026-07-25 10:42:00,68.534,68.5637,68.5043,68.5588,29883
2026-07-25 10:43:00,68.5687,68.5687,68.4994,68.5093,22677
2026-07-25 10:44:00,68.5043,68.539,68.4697,68.5093,32005
2026-07-25 10:45:00,68.5192,68.5983,68.5192,68.5934,18583
2026-07-25 10:46:00,68.5934,68.7458,68.5884,68.7369,76817
2026-07-25 10:47:00,68.7369,68.7562,68.7171,68.727,44798
2026-07-25 10:48:00,68.7221,68.7369,68.6874,68.727,19619
2026-07-25 10:49:00,68.727,68.7617,68.7072,68.7518,41172
2026-07-25 10:50:00,68.7518,68.7567,68.6973,68.7023,17296
2026-07-25 10:51:00,68.7023,68.7231,68.628,68.6726,32985
2026-07-25 10:52:00,68.6726,68.6775,68.6478,68.6478,25215
2026-07-25 10:53:00,68.6577,68.6874,68.6478,68.6726,31536
2026-07-25 10:54:00,68.6775,68.727,68.6775,68.7072,15868
2026-07-25 10:55:00,68.6874,68.7221,68.6874,68.6973,13798
2026-07-25 10:56:00,68.6924,68.7072,68.6577,68.6627,20073
2026-07-25 10:57:00,68.6577,68.6874,68.628,68.628,16729
2026-07-25 10:58:00,68.628,68.6726,68.5983,68.6726,27915
2026-07-25 10:59:00,68.6775,68.7468,68.6726,68.7468,16964
2026-07-25 11:00:00,68.7468,68.8359,68.7468,68.8359,33981
2026-07-25 11:01:00,68.826,68.8854,68.7864,68.7889,35230
2026-07-25 11:02:00,68.7963,68.8359,68.7963,68.7963,12796
2026-07-25 11:03:00,68.8021,68.8062,68.7716,68.7716,10104
2026-07-25 11:04:00,68.7765,68.7765,68.7171,68.727,9837
2026-07-25 11:05:00,68.7171,68.7864,68.7171,68.7864,25672
2026-07-25 11:06:00,68.7815,68.8013,68.7815,68.7963,16444
2026-07-25 11:07:00,68.7963,68.8359,68.7864,68.8358,27203
2026-07-25 11:08:00,68.8359,68.8854,68.8359,68.8854,19126
2026-07-25 11:09:00,68.8755,68.8854,68.8557,68.8557,14471
2026-07-25 11:10:00,68.8557,68.8557,68.8458,68.8508,5494
2026-07-25 11:11:00,68.8557,68.8557,68.7864,68.7914,12532
2026-07-25 11:12:00,68.7864,68.8607,68.7864,68.8557,20405
2026-07-25 11:13:00,68.8557,68.925,68.8508,68.8953,28934
2026-07-25 11:14:00,68.8904,68.9151,68.8557,68.9151,20048
2026-07-25 11:15:00,68.9151,68.9547,68.9003,68.9547,20432
2026-07-25 11:16:00,68.9498,68.9547,68.8953,68.9051,12976
2026-07-25 11:17:00,68.8953,68.9102,68.8953,68.8953,19625
2026-07-25 11:18:00,68.9052,68.9052,68.8904,68.9003,15324
2026-07-25 11:19:00,68.8953,68.9151,68.8656,68.9151,21923
2026-07-25 11:20:00,68.9151,68.9646,68.9151,68.9646,14162
2026-07-25 11:21:00,68.9646,68.9943,68.9597,68.9844,22375
2026-07-25 11:22:00,68.9747,69.0289,68.9745,69.0275,14690
2026-07-25 11:23:00,69.0339,69.0834,69.0339,69.0834,29216
2026-07-25 11:24:00,69.0933,69.118,69.0636,69.0636,33724
2026-07-25 11:25:00,69.0685,69.0685,69.0141,69.0464,19571
2026-07-25 11:26:00,69.0487,69.0834,69.0438,69.0438,13984
2026-07-25 11:27:00,69.0438,69.0438,69.0339,69.0339,8539
2026-07-25 11:28:00,69.0438,69.0537,69.0437,69.0487,15801
2026-07-25 11:29:00,69.0487,69.0537,69.0289,69.0289,16320
2026-07-25 11:30:00,69.0339,69.0487,69.0339,69.0487,11775
2026-07-25 11:31:00,69.0537,69.0636,69.0339,69.0388,14622
2026-07-25 11:32:00,69.0438,69.0735,69.0388,69.0685,14181
2026-07-25 11:33:00,69.0685,69.0735,69.0388,69.0388,11583
2026-07-25 11:34:00,69.0388,69.0437,68.9893,69.0289,25090
2026-07-25 11:35:00,69.0309,69.0339,69.0141,69.0141,7653
2026-07-25 11:36:00,69.024,69.0438,69.024,69.0438,13463
2026-07-25 11:37:00,69.0339,69.0834,69.0339,69.0834,29710
2026-07-25 11:38:00,69.0933,69.0933,69.0735,69.0883,14533
2026-07-25 11:39:00,69.0883,69.1032,69.0636,69.0736,20394
2026-07-25 11:40:00,69.0735,69.0933,69.0339,69.04,29585
2026-07-25 11:41:00,69.0438,69.0834,69.0438,69.0636,14054
2026-07-25 11:42:00,69.0586,69.0735,69.0537,69.0732,20975
2026-07-25 11:43:00,69.0685,69.0834,69.0636,69.0685,21150
2026-07-25 11:44:00,69.0685,69.0883,69.0537,69.0636,13544
2026-07-25 11:45:00,69.0537,69.0636,69.0537,69.0586,13124
2026-07-25 11:46:00,69.0636,69.0692,69.024,69.0537,26123
2026-07-25 11:47:00,69.0487,69.0933,69.0487,69.0933,23689
2026-07-25 11:48:00,69.0883,69.0933,69.0636,69.0685,13342
2026-07-25 11:49:00,69.0638,69.0735,69.0438,69.0487,13972
2026-07-25 11:50:00,69.0487,69.0735,69.0438,69.0636,12083
2026-07-25 11:51:00,69.0685,69.0735,69.0636,69.0685,15592
2026-07-25 11:52:00,69.0735,69.0834,69.0636,69.065,18148
2026-07-25 11:53:00,69.0636,69.1032,69.0537,69.0934,23700
2026-07-25 11:54:00,69.1032,69.1032,69.0834,69.0982,12554
2026-07-25 11:55:00,69.0982,69.0994,69.0834,69.0834,7786
2026-07-25 11:56:00,69.0834,69.1081,69.0586,69.1081,15475
2026-07-25 11:57:00,69.1131,69.1131,69.0636,69.0834,15533
2026-07-25 11:58:00,69.0923,69.118,69.0923,69.118,16903
2026-07-25 11:59:00,69.123,69.1576,69.123,69.1477,15518
2026-07-25 12:00:00,69.1526,69.1873,69.1526,69.1873,24115
2026-07-25 12:01:00,69.1923,69.2071,69.1923,69.2022,19317
2026-07-25 12:02:00,69.2022,69.2022,69.1527,69.1527,19714
2026-07-25 12:03:00,69.1576,69.1603,69.1428,69.1428,12607
2026-07-25 12:04:00,69.1527,69.1626,69.1329,69.1626,16821
2026-07-25 12:05:00,69.1626,69.1626,69.1428,69.1477,8086
2026-07-25 12:06:00,69.1527,69.1972,69.1329,69.1923,29621
2026-07-25 12:07:00,69.1923,69.2121,69.1824,69.1824,15010
2026-07-25 12:08:00,69.1774,69.2071,69.1774,69.2071,11855
2026-07-25 12:09:00,69.2071,69.2715,69.2022,69.2715,26854
2026-07-25 12:10:00,69.2715,69.3012,69.2616,69.2715,47232
2026-07-25 12:11:00,69.2665,69.2665,69.1923,69.1972,14372
2026-07-25 12:12:00,69.1923,69.2022,69.1378,69.1625,14674
2026-07-25 12:13:00,69.1576,69.1576,69.0834,69.0968,73809
2026-07-25 12:14:00,69.0933,69.1032,69.0569,69.1032,195291
2026-07-25 12:15:00,69.0982,69.1131,69.0586,69.0735,26246
2026-07-25 12:16:00,69.0586,69.0586,69.0042,69.0141,18955
2026-07-25 12:17:00,69.0141,69.024,68.9547,68.9547,18154
2026-07-25 12:18:00,68.9597,68.9646,68.925,68.93,27744
2026-07-25 12:19:00,68.925,68.925,68.9052,68.9052,8533
2026-07-25 12:20:00,68.9052,68.9349,68.8854,68.925,21591
2026-07-25 12:21:00,68.925,68.9547,68.9052,68.9498,12548
2026-07-25 12:22:00,68.9547,68.9943,68.9448,68.9448,16140
2026-07-25 12:23:00,68.9349,68.9745,68.9349,68.9643,13968
2026-07-25 12:24:00,68.9547,69.0289,68.9547,69.024,40602
2026-07-25 12:25:00,69.024,69.0537,69.024,69.0289,6377
2026-07-25 12:26:00,69.024,69.024,68.9893,69.024,10852
2026-07-25 12:27:00,69.019,69.024,69.0141,69.019,4921
2026-07-25 12:28:00,69.0141,69.0339,69.0042,69.0214,21301
2026-07-25 12:29:00,69.0141,69.024,69.0042,69.0141,9675
2026-07-25 12:30:00,69.024,69.0438,69.024,69.0289,31842
2026-07-25 12:31:00,69.0339,69.0586,69.0289,69.0536,21841
2026-07-25 12:32:00,69.0537,69.0735,69.0438,69.0636,25174
2026-07-25 12:33:00,69.0586,69.0735,69.0537,69.0636,13968
2026-07-25 12:34:00,69.0537,69.0636,69.0388,69.0636,10754
2026-07-25 12:35:00,69.0636,69.0735,69.0438,69.0586,16451
2026-07-25 12:36:00,69.0586,69.0933,69.0586,69.0933,13732
2026-07-25 12:37:00,69.0982,69.1527,69.0735,69.1526,34019
2026-07-25 12:38:00,69.1527,69.1527,69.1131,69.123,12890
2026-07-25 12:39:00,69.1279,69.1279,69.0933,69.0933,7174
2026-07-25 12:40:00,69.0982,69.1131,69.0933,69.1081,13462
2026-07-25 12:41:00,69.1081,69.123,69.1032,69.1081,9899
2026-07-25 12:42:00,69.1032,69.1081,69.0933,69.0982,10066
2026-07-25 12:43:00,69.0982,69.1601,69.0982,69.1594,17963
2026-07-25 12:44:00,69.1626,69.1626,69.1477,69.1477,8363
2026-07-25 12:45:00,69.1477,69.1526,69.1329,69.1378,14519
2026-07-25 12:46:00,69.1378,69.1725,69.123,69.1675,22774
2026-07-25 12:47:00,69.179,69.1923,69.179,69.1824,9538
2026-07-25 12:48:00,69.1824,69.1824,69.123,69.123,12553
2026-07-25 12:49:00,69.123,69.1329,69.1032,69.1278,14623
2026-07-25 12:50:00,69.1329,69.1526,69.1279,69.1477,9449
2026-07-25 12:51:00,69.1477,69.1626,69.1477,69.1626,10085
2026-07-25 12:52:00,69.1578,69.1626,69.1477,69.1477,45538
2026-07-25 12:53:00,69.1477,69.1527,69.1032,69.1141,25661
2026-07-25 12:54:00,69.118,69.123,69.0933,69.1131,35012
2026-07-25 12:55:00,69.1131,69.123,69.1032,69.1141,10377
2026-07-25 12:56:00,69.123,69.1675,69.1081,69.133,53317
2026-07-25 12:57:00,69.1378,69.1725,69.1378,69.1576,18448
2026-07-25 12:58:00,69.1626,69.1725,69.1527,69.1675,14506
2026-07-25 12:59:00,69.1725,69.1725,69.1279,69.1329,23313
2026-07-25 13:00:00,69.1329,69.1329,69.0735,69.0784,14850
2026-07-25 13:01:00,69.0784,69.0933,69.0537,69.0586,235954
2026-07-25 13:02:00,69.0685,69.0883,69.0586,69.0586,11656
2026-07-25 13:03:00,69.0586,69.0586,69.024,69.0339,27355
2026-07-25 13:04:00,69.0339,69.0438,69.0042,69.019,18593
2026-07-25 13:05:00,69.019,69.0239,69.0141,69.0141,6201
2026-07-25 13:06:00,69.0141,69.0141,68.9943,68.9992,23657
2026-07-25 13:07:00,68.9992,69.0141,68.9755,69.0091,44058
2026-07-25 13:08:00,69.0091,69.0091,68.9646,68.9696,15007
2026-07-25 13:09:00,68.9745,68.9795,68.9448,68.9448,20154
2026-07-25 13:10:00,68.9498,68.9646,68.9449,68.9646,19118
2026-07-25 13:11:00,68.9676,68.9795,68.9597,68.9606,15810
2026-07-25 13:12:00,68.9597,69.024,68.9547,69.019,15891
2026-07-25 13:13:00,69.024,69.0537,69.0042,69.0537,14225
2026-07-25 13:14:00,69.0537,69.0735,69.0289,69.0289,8476
2026-07-25 13:15:00,69.0289,69.0636,69.0289,69.0289,11175
2026-07-25 13:16:00,69.0339,69.0426,69.019,69.0426,14662
2026-07-25 13:17:00,69.0438,69.0438,69.0384,69.0388,1866
2026-07-25 13:18:00,69.0438,69.0636,69.0339,69.0586,9117
2026-07-25 13:19:00,69.0586,69.0586,69.0438,69.0438,11319
2026-07-25 13:20:00,69.0487,69.0636,69.0388,69.0388,13681
2026-07-25 13:21:00,69.0388,69.0685,69.0388,69.0685,13828
2026-07-25 13:22:00,69.0636,69.0636,69.0339,69.0388,6206
2026-07-25 13:23:00,69.0388,69.0784,69.0339,69.0636,24874
2026-07-25 13:24:00,69.0685,69.0834,69.0656,69.0834,10336
2026-07-25 13:25:00,69.0834,69.1131,69.0834,69.1131,23099
2026-07-25 13:26:00,69.1081,69.1131,69.0933,69.1032,19772
2026-07-25 13:27:00,69.0933,69.1329,69.0933,69.1279,20800
2026-07-25 13:28:00,69.1279,69.1626,69.118,69.1626,8341
2026-07-25 13:29:00,69.1576,69.1923,69.1576,69.1873,6594
2026-07-25 13:30:00,69.1873,69.1923,69.1756,69.1774,12557
2026-07-25 13:31:00,69.1774,69.1824,69.1428,69.1774,17693
2026-07-25 13:32:00,69.1774,69.222,69.1774,69.217,13718
2026-07-25 13:33:00,69.217,69.222,69.2022,69.2022,9859
2026-07-25 13:34:00,69.2071,69.2121,69.1824,69.1972,17354
2026-07-25 13:35:00,69.1972,69.1972,69.123,69.123,75496
2026-07-25 13:36:00,69.118,69.1428,69.1131,69.118,14709
2026-07-25 13:37:00,69.1131,69.1131,69.0834,69.0834,11246
2026-07-25 13:38:00,69.0834,69.0834,69.0388,69.0537,27052
2026-07-25 13:39:00,69.0537,69.0586,69.0141,69.0438,26090
2026-07-25 13:40:00,69.0339,69.0388,68.9943,68.9943,13690
2026-07-25 13:41:00,68.9992,69.0141,68.9893,68.9943,18942
2026-07-25 13:42:00,68.9943,68.9943,68.9597,68.9646,15296
2026-07-25 13:43:00,68.9646,68.9696,68.9548,68.9646,8518
2026-07-25 13:44:00,68.9646,68.9745,68.9549,68.9549,25609
2026-07-25 13:45:00,68.9597,68.9597,68.9349,68.9448,14026
2026-07-25 13:46:00,68.9448,68.9547,68.9349,68.9349,11387
2026-07-25 13:47:00,68.9399,68.9597,68.93,68.931,14302
2026-07-25 13:48:00,68.9349,68.9646,68.9349,68.9597,17155
2026-07-25 13:49:00,68.9597,68.9597,68.93,68.9305,8686
2026-07-25 13:50:00,68.925,68.9349,68.9091,68.93,14204
2026-07-25 13:51:00,68.9349,68.9448,68.9151,68.9201,7330
2026-07-25 13:52:00,68.9152,68.9349,68.9151,68.93,11781
2026-07-25 13:53:00,68.9349,68.9448,68.9151,68.93,17058
2026-07-25 13:54:00,68.93,68.93,68.925,68.93,5878
2026-07-25 13:55:00,68.9333,68.9349,68.9102,68.9102,6364
2026-07-25 13:56:00,68.9102,68.9151,68.8854,68.8904,11923
2026-07-25 13:57:00,68.8904,68.925,68.8805,68.9201,54190
2026-07-25 13:58:00,68.925,68.9349,68.9102,68.9201,17458
2026-07-25 13:59:00,68.9151,68.9249,68.9151,68.9201,3864
2026-07-25 14:00:00,68.9201,68.925,68.9151,68.9176,4240
2026-07-25 14:01:00,68.9201,68.9448,68.9052,68.9399,33528
2026-07-25 14:02:00,68.9399,68.9943,68.9399,68.9943,9353
2026-07-25 14:03:00,68.9943,68.9943,68.9844,68.9893,18716
2026-07-25 14:04:00,68.9893,68.9942,68.9646,68.9745,8711
2026-07-25 14:05:00,68.9696,68.9745,68.9474,68.9745,14815
2026-07-25 14:06:00,68.9696,68.9893,68.9696,68.9844,8911
2026-07-25 14:07:00,68.9795,68.9795,68.9547,68.9696,13828
2026-07-25 14:08:00,68.9745,68.9893,68.9745,68.9795,15035
2026-07-25 14:09:00,68.9795,68.9795,68.9646,68.9689,9935
2026-07-25 14:10:00,68.9646,68.9745,68.9646,68.9696,10362
2026-07-25 14:11:00,68.9696,68.9943,68.9696,68.9943,16765
2026-07-25 14:12:00,68.9943,68.9992,68.9844,68.9943,11671
2026-07-25 14:13:00,68.9893,68.9893,68.9745,68.9745,7746
2026-07-25 14:14:00,68.9844,68.9943,68.9547,68.9597,29964
2026-07-25 14:15:00,68.9597,68.9646,68.9547,68.9547,6317
2026-07-25 14:16:00,68.9597,68.9943,68.9498,68.9844,24970
2026-07-25 14:17:00,68.9844,68.9893,68.9793,68.9893,25247
2026-07-25 14:18:00,68.9844,68.9893,68.9745,68.9745,25513
2026-07-25 14:19:00,68.9795,68.9795,68.9547,68.9696,17242
2026-07-25 14:20:00,68.9696,68.9696,68.9349,68.9399,18197
2026-07-25 14:21:00,68.9399,68.9448,68.8854,68.9003,16917
2026-07-25 14:22:00,68.9003,68.9151,68.8904,68.8904,7961
2026-07-25 14:23:00,68.8953,68.9151,68.8904,68.9003,11404
2026-07-25 14:24:00,68.9052,68.9349,68.9052,68.9052,17288
2026-07-25 14:25:00,68.9052,68.9052,68.8656,68.8755,15962
2026-07-25 14:26:00,68.8755,68.8854,68.8706,68.8706,13740
2026-07-25 14:27:00,68.8706,68.8854,68.8706,68.8805,14878
2026-07-25 14:28:00,68.8805,68.8854,68.8458,68.8508,10141
2026-07-25 14:29:00,68.8557,68.8557,68.8409,68.8459,16239
2026-07-25 14:30:00,68.8508,68.8656,68.8458,68.8508,17446
2026-07-25 14:31:00,68.8508,68.8557,68.8458,68.8508,9057
2026-07-25 14:32:00,68.8508,68.8557,68.8359,68.8359,5582
2026-07-25 14:33:00,68.8409,68.8508,68.8285,68.8359,24145
2026-07-25 14:34:00,68.8409,68.8706,68.8409,68.8656,19597
2026-07-25 14:35:00,68.8706,68.8706,68.8557,68.8607,10526
2026-07-25 14:36:00,68.8557,68.8656,68.8557,68.8607,13499
2026-07-25 14:37:00,68.8656,68.8755,68.8458,68.8508,11994
2026-07-25 14:38:00,68.8458,68.8458,68.8161,68.8211,7448
2026-07-25 14:39:00,68.8211,68.826,68.8112,68.8211,17428
2026-07-25 14:40:00,68.8211,68.8211,68.8013,68.8013,11778
2026-07-25 14:41:00,68.8013,68.8161,68.7815,68.7815,25574
2026-07-25 14:42:00,68.7765,68.7765,68.7369,68.7716,27809
2026-07-25 14:43:00,68.7708,68.7963,68.7708,68.7815,19327
2026-07-25 14:44:00,68.7815,68.7815,68.7518,68.7765,18018
2026-07-25 14:45:00,68.7765,68.7765,68.7468,68.7666,17331
2026-07-25 14:46:00,68.7753,68.7864,68.7518,68.7864,15956
2026-07-25 14:47:00,68.7864,68.7864,68.7567,68.7617,8935
2026-07-25 14:48:00,68.7617,68.7815,68.7567,68.7567,27004
2026-07-25 14:49:00,68.7518,68.7666,68.7518,68.7617,9891
2026-07-25 14:50:00,68.7617,68.7666,68.7468,68.7518,12191
2026-07-25 14:51:00,68.7518,68.7666,68.7468,68.7567,12644
2026-07-25 14:52:00,68.7617,68.7666,68.7468,68.7488,10467
2026-07-25 14:53:00,68.7493,68.7567,68.7369,68.7507,22016
2026-07-25 14:54:00,68.7468,68.7518,68.732,68.732,13748
2026-07-25 14:55:00,68.7369,68.7518,68.727,68.7419,23754
2026-07-25 14:56:00,68.7468,68.7567,68.7369,68.7369,39807
2026-07-25 14:57:00,68.7419,68.7716,68.7369,68.7716,23734
2026-07-25 14:58:00,68.7716,68.7765,68.7567,68.7666,11491
2026-07-25 14:59:00,68.7617,68.826,68.7567,68.8093,28229
2026-07-25 15:00:00,68.8062,68.826,68.7963,68.8112,17512
2026-07-25 15:01:00,68.8062,68.8211,68.7864,68.8112,22241
2026-07-25 15:02:00,68.8112,68.8161,68.8062,68.8112,12513
2026-07-25 15:03:00,68.8112,68.8359,68.8062,68.8112,23094
2026-07-25 15:04:00,68.8062,68.8359,68.8062,68.831,21672
2026-07-25 15:05:00,68.831,68.831,68.7864,68.7864,18157
2026-07-25 15:06:00,68.7864,68.8013,68.7765,68.8013,19566
2026-07-25 15:07:00,68.8013,68.8161,68.7864,68.8112,14456
2026-07-25 15:08:00,68.8112,68.8359,68.8062,68.8337,16101
2026-07-25 15:09:00,68.831,68.831,68.7864,68.8013,41272
2026-07-25 15:10:00,68.8013,68.8013,68.7864,68.7864,10991
2026-07-25 15:11:00,68.7914,68.8458,68.7914,68.8458,37996
2026-07-25 15:12:00,68.8409,68.93,68.8409,68.925,22386
2026-07-25 15:13:00,68.9151,68.9547,68.9151,68.9547,29487
2026-07-25 15:14:00,68.9646,68.9646,68.9349,68.9399,16315
2026-07-25 15:15:00,68.9349,68.9448,68.93,68.9399,12468
2026-07-25 15:16:00,68.9399,68.9498,68.925,68.9349,17126
2026-07-25 15:17:00,68.9447,68.9448,68.9201,68.925,13631
2026-07-25 15:18:00,68.925,68.9448,68.925,68.9448,11939
2026-07-25 15:19:00,68.9399,68.9646,68.9399,68.9399,17332
2026-07-25 15:20:00,68.9399,68.9547,68.9395,68.9498,17983
2026-07-25 15:21:00,68.9498,69.024,68.9498,69.019,58963
2026-07-25 15:22:00,69.0141,69.0339,68.9992,68.9992,14657
2026-07-25 15:23:00,68.9992,69.024,68.9745,68.9943,21112
2026-07-25 15:24:00,69.0042,69.0141,68.9943,69.0042,16822
2026-07-25 15:25:00,68.9992,69.0042,68.9943,68.9992,8736
2026-07-25 15:26:00,68.9992,69.019,68.9943,69.0091,26138
2026-07-25 15:27:00,69.0042,69.024,69.0042,69.019,10888
2026-07-25 15:28:00,69.0141,69.024,68.9547,68.9582,20230
2026-07-25 15:29:00,68.9547,68.9547,68.9277,68.9349,45914
2026-07-25 15:30:00,68.9349,68.9448,68.8953,68.9052,31871
2026-07-25 15:31:00,68.9052,68.9052,68.8508,68.8607,25061
2026-07-25 15:32:00,68.8607,68.9003,68.8557,68.9003,41799
2026-07-25 15:33:00,68.9003,68.9052,68.8755,68.8805,13924
2026-07-25 15:34:00,68.8755,68.8755,68.8508,68.8706,36102
2026-07-25 15:35:00,68.8706,68.8953,68.8706,68.8953,22587
2026-07-25 15:36:00,68.8854,68.8904,68.8557,68.8557,36407
2026-07-25 15:37:00,68.8557,68.8656,68.8458,68.8656,23215
2026-07-25 15:38:00,68.8607,68.8656,68.8458,68.8508,15659
2026-07-25 15:39:00,68.8458,68.8557,68.8359,68.8508,42625
2026-07-25 15:40:00,68.8557,68.9151,68.8458,68.9151,35755
2026-07-25 15:41:00,68.9052,68.9102,68.8854,68.8904,28462
2026-07-25 15:42:00,68.8904,68.9052,68.8607,68.8607,32747
2026-07-25 15:43:00,68.8557,68.8755,68.8458,68.8755,27974
2026-07-25 15:44:00,68.8706,68.8953,68.8706,68.8904,43093
2026-07-25 15:45:00,68.8904,68.9151,68.8854,68.8904,64376
2026-07-25 15:46:00,68.8904,68.8904,68.8359,68.8409,56526
2026-07-25 15:47:00,68.8409,68.8508,68.831,68.8409,48640
2026-07-25 15:48:00,68.8409,68.8557,68.8161,68.826,63195
2026-07-25 15:49:00,68.826,68.8458,68.8161,68.831,80239
2026-07-25 15:50:00,68.8359,68.8904,68.8359,68.8508,95760
2026-07-25 15:51:00,68.8508,68.8557,68.8062,68.8112,72130
2026-07-25 15:52:00,68.8062,68.8409,68.8062,68.8359,72487
2026-07-25 15:53:00,68.8359,68.8458,68.8273,68.831,78724
2026-07-25 15:54:00,68.8359,68.8458,68.826,68.8458,96046
2026-07-25 15:55:00,68.8458,68.8547,68.8062,68.8458,135964
2026-07-25 15:56:00,68.8409,68.8755,68.8409,68.8706,87335
2026-07-25 15:57:00,68.8706,68.9151,68.8557,68.9102,162952
2026-07-25 15:58:00,68.9102,68.9547,68.9052,68.9399,188229
2026-07-25 15:59:00,68.9448,69.1527,68.9349,69.0933,537289
2026-07-28 09:30:00,69.1428,69.1923,69.0042,69.0339,223294
2026-07-28 09:31:00,69.024,69.024,68.8359,68.8631,38426
2026-07-28 09:32:00,68.8557,68.9174,68.8458,68.9174,17108
2026-07-28 09:33:00,68.9151,68.9151,68.8089,68.826,15107
2026-07-28 09:34:00,68.826,68.8656,68.8013,68.8557,17026
2026-07-28 09:35:00,68.8557,68.8557,68.7467,68.8062,30392
2026-07-28 09:36:00,68.7963,68.9646,68.7963,68.9448,21090
2026-07-28 09:37:00,68.9349,68.9349,68.7666,68.7666,15080
2026-07-28 09:38:00,68.7765,68.7963,68.6775,68.727,51883
2026-07-28 09:39:00,68.727,68.7963,68.727,68.7468,17501
2026-07-28 09:40:00,68.7666,68.7963,68.6973,68.6973,18360
2026-07-28 09:41:00,68.6943,68.6973,68.5588,68.5884,23695
2026-07-28 09:42:00,68.5983,68.6478,68.5786,68.6181,24889
2026-07-28 09:43:00,68.628,68.6577,68.5786,68.6082,25807
2026-07-28 09:44:00,68.5983,68.6528,68.5786,68.6082,21176
2026-07-28 09:45:00,68.5934,68.6082,68.5142,68.5884,35727
2026-07-28 09:46:00,68.5983,68.6132,68.539,68.5588,33584
2026-07-28 09:47:00,68.5489,68.5637,68.4895,68.5439,24184
2026-07-28 09:48:00,68.539,68.5698,68.4697,68.4994,41178
2026-07-28 09:49:00,68.5093,68.5538,68.4895,68.5093,23015
2026-07-28 09:50:00,68.5142,68.5687,68.5093,68.5093,18393
2026-07-28 09:51:00,68.5043,68.5983,68.4944,68.5687,32796
2026-07-28 09:52:00,68.5687,68.5983,68.5489,68.5687,16078
2026-07-28 09:53:00,68.5736,68.6082,68.539,68.5983,14391
2026-07-28 09:54:00,68.5983,68.6478,68.5983,68.6082,18125
2026-07-28 09:55:00,68.5983,68.618,68.5637,68.6082,15060
2026-07-28 09:56:00,68.6132,68.6181,68.5588,68.5588,19268
2026-07-28 09:57:00,68.5588,68.5884,68.539,68.5835,29325
2026-07-28 09:58:00,68.5832,68.5835,68.5192,68.5192,16112
2026-07-28 09:59:00,68.5142,68.5142,68.4796,68.4796,22085
2026-07-28 10:00:00,68.4845,68.6082,68.4697,68.5741,41071
2026-07-28 10:01:00,68.5786,68.5983,68.5489,68.5637,12941
2026-07-28 10:02:00,68.5637,68.5786,68.4895,68.5241,40070
2026-07-28 10:03:00,68.5291,68.539,68.4725,68.4994,61761
2026-07-28 10:04:00,68.5044,68.539,68.4746,68.4944,84080
2026-07-28 10:05:00,68.4994,68.5142,68.4845,68.4845,32987
2026-07-28 10:06:00,68.4845,68.5637,68.4845,68.5588,41233
2026-07-28 10:07:00,68.5538,68.5637,68.5241,68.5489,21987
2026-07-28 10:08:00,68.5588,68.6181,68.5588,68.5687,35061
2026-07-28 10:09:00,68.5637,68.6379,68.5637,68.6191,29259
2026-07-28 10:10:00,68.6231,68.6379,68.6201,68.633,15769
2026-07-28 10:11:00,68.633,68.7072,68.628,68.6887,28683
2026-07-28 10:12:00,68.6924,68.7023,68.6478,68.6676,27394
2026-07-28 10:13:00,68.6775,68.6874,68.6478,68.6726,12479
2026-07-28 10:14:00,68.6726,68.6874,68.6577,68.6676,22845
2026-07-28 10:15:00,68.6726,68.7122,68.6726,68.7122,21212
2026-07-28 10:16:00,68.7171,68.7518,68.7171,68.7419,15986
2026-07-28 10:17:00,68.7419,68.7419,68.6874,68.6874,15835
2026-07-28 10:18:00,68.6775,68.7072,68.6676,68.6726,14796
2026-07-28 10:19:00,68.6676,68.6676,68.6379,68.6379,31254
2026-07-28 10:20:00,68.6429,68.6924,68.6231,68.6478,13562
2026-07-28 10:21:00,68.6478,68.6775,68.6379,68.6676,14211
2026-07-28 10:22:00,68.6676,68.6874,68.6478,68.6874,13082
2026-07-28 10:23:00,68.6874,68.6874,68.5983,68.5983,25139
2026-07-28 10:24:00,68.6033,68.6181,68.539,68.539,21001
2026-07-28 10:25:00,68.539,68.6082,68.539,68.5983,33447
2026-07-28 10:26:00,68.5983,68.6132,68.5687,68.5687,16789
2026-07-28 10:27:00,68.5785,68.5983,68.5736,68.5983,14100
2026-07-28 10:28:00,68.5934,68.6082,68.5835,68.5983,15682
2026-07-28 10:29:00,68.5934,68.5934,68.539,68.539,20672
2026-07-28 10:30:00,68.5241,68.5637,68.5192,68.5291,22458
2026-07-28 10:31:00,68.5192,68.5489,68.4994,68.4994,26628
2026-07-28 10:32:00,68.5043,68.5043,68.4746,68.4746,21856
2026-07-28 10:33:00,68.4697,68.5291,68.4697,68.5241,15333
2026-07-28 10:34:00,68.5192,68.539,68.4697,68.4697,15542
2026-07-28 10:35:00,68.4697,68.4796,68.4301,68.4697,29771
2026-07-28 10:36:00,68.4647,68.4697,68.4548,68.4598,11800
2026-07-28 10:37:00,68.4598,68.4994,68.4598,68.4908,16257
2026-07-28 10:38:00,68.4942,68.5142,68.4796,68.4994,14850
2026-07-28 10:39:00,68.4895,68.5291,68.4895,68.5093,29401
2026-07-28 10:40:00,68.5043,68.5192,68.4895,68.4933,16154
2026-07-28 10:41:00,68.4895,68.4895,68.4598,68.4655,14260
2026-07-28 10:42:00,68.4647,68.4895,68.4598,68.4647,14205
2026-07-28 10:43:00,68.4647,68.4746,68.4598,68.4746,6339
2026-07-28 10:44:00,68.4796,68.5093,68.4746,68.4895,24464
2026-07-28 10:45:00,68.4895,68.5489,68.4895,68.5489,15948
2026-07-28 10:46:00,68.5538,68.5884,68.5538,68.5538,27390
2026-07-28 10:47:00,68.5489,68.5522,68.4994,68.5093,23108
2026-07-28 10:48:00,68.5175,68.5291,68.4994,68.5093,33713
2026-07-28 10:49:00,68.5043,68.5835,68.5043,68.5736,17335
2026-07-28 10:50:00,68.5786,68.5835,68.5637,68.5786,11645
2026-07-28 10:51:00,68.5786,68.5786,68.5489,68.5637,12925
2026-07-28 10:52:00,68.5687,68.5835,68.5687,68.5835,6575
2026-07-28 10:53:00,68.5884,68.5884,68.5538,68.5786,9621
2026-07-28 10:54:00,68.5884,68.6379,68.5884,68.633,15561
2026-07-28 10:55:00,68.6379,68.6775,68.6379,68.6675,19343
2026-07-28 10:56:00,68.6676,68.727,68.6627,68.727,55127
2026-07-28 10:57:00,68.727,68.7369,68.7188,68.7293,7857
2026-07-28 10:58:00,68.7368,68.7369,68.7072,68.7171,17418
2026-07-28 10:59:00,68.7122,68.7122,68.6676,68.6775,20816
2026-07-28 11:00:00,68.6775,68.7072,68.633,68.6379,29072
2026-07-28 11:01:00,68.6379,68.6726,68.6379,68.6528,23553
2026-07-28 11:02:00,68.6528,68.6676,68.6379,68.6429,11705
2026-07-28 11:03:00,68.6429,68.6577,68.6391,68.6577,9927
2026-07-28 11:04:00,68.6577,68.6577,68.6082,68.6166,12108
2026-07-28 11:05:00,68.6181,68.6231,68.6082,68.6082,12913
2026-07-28 11:06:00,68.6033,68.6033,68.5736,68.5835,10582
2026-07-28 11:07:00,68.5884,68.633,68.5884,68.6181,26694
2026-07-28 11:08:00,68.6097,68.6676,68.6097,68.6676,9144
2026-07-28 11:09:00,68.6627,68.6874,68.6614,68.6874,10196
2026-07-28 11:10:00,68.6874,68.7072,68.6775,68.6775,16216
2026-07-28 11:11:00,68.6775,68.7369,68.6726,68.7271,20757
2026-07-28 11:12:00,68.7283,68.7283,68.6874,68.7171,17065
2026-07-28 11:13:00,68.7122,68.7171,68.6924,68.6924,9375
2026-07-28 11:14:00,68.6874,68.7072,68.6874,68.7072,5984
2026-07-28 11:15:00,68.7023,68.7171,68.6874,68.6874,13988
2026-07-28 11:16:00,68.6874,68.717,68.6775,68.7122,11419
2026-07-28 11:17:00,68.7122,68.7221,68.7023,68.7072,10809
2026-07-28 11:18:00,68.7122,68.7221,68.7072,68.7221,7600
2026-07-28 11:19:00,68.7221,68.7342,68.7122,68.7122,10194
2026-07-28 11:20:00,68.7171,68.7567,68.7171,68.7567,22116
2026-07-28 11:21:00,68.7567,68.7617,68.7369,68.7369,12720
2026-07-28 11:22:00,68.7419,68.7468,68.7171,68.7171,15570
2026-07-28 11:23:00,68.7221,68.7567,68.7171,68.7567,25198
2026-07-28 11:24:00,68.7567,68.7815,68.727,68.7815,39988
2026-07-28 11:25:00,68.7864,68.8161,68.7765,68.7765,34274
2026-07-28 11:26:00,68.7765,68.7864,68.7468,68.7765,29519
2026-07-28 11:27:00,68.7864,68.7864,68.7072,68.7073,15190
2026-07-28 11:28:00,68.7072,68.727,68.7072,68.7122,10461
2026-07-28 11:29:00,68.7171,68.7468,68.7171,68.7221,14847
2026-07-28 11:30:00,68.727,68.727,68.6976,68.6976,9711
2026-07-28 11:31:00,68.6973,68.7369,68.6973,68.732,6596
2026-07-28 11:32:00,68.729,68.7369,68.7271,68.732,4141
2026-07-28 11:33:00,68.727,68.727,68.7072,68.7221,23704
2026-07-28 11:34:00,68.727,68.732,68.6973,68.7072,14199
2026-07-28 11:35:00,68.7072,68.727,68.7023,68.7023,15966
2026-07-28 11:36:00,68.7023,68.7072,68.6825,68.6874,7987
2026-07-28 11:37:00,68.6825,68.6973,68.6775,68.6817,11247
2026-07-28 11:38:00,68.6775,68.6973,68.6775,68.6874,16019
2026-07-28 11:39:00,68.6924,68.6973,68.6825,68.6825,13466
2026-07-28 11:40:00,68.6874,68.7072,68.6775,68.6924,59981
2026-07-28 11:41:00,68.689,68.7122,68.6874,68.7072,39570
2026-07-28 11:42:00,68.7122,68.7518,68.7072,68.7518,13827
2026-07-28 11:43:00,68.7518,68.7518,68.727,68.727,16385
2026-07-28 11:44:00,68.727,68.7518,68.7198,68.7518,9556
2026-07-28 11:45:00,68.7468,68.7567,68.7396,68.7396,11657
2026-07-28 11:46:00,68.7369,68.7716,68.7369,68.7543,22960
2026-07-28 11:47:00,68.7468,68.7963,68.7468,68.7914,11850
2026-07-28 11:48:00,68.7963,68.8557,68.7963,68.8275,25453
2026-07-28 11:49:00,68.8359,68.8556,68.831,68.8508,13608
2026-07-28 11:50:00,68.8557,68.8656,68.8458,68.8508,20987
2026-07-28 11:51:00,68.8458,68.8755,68.8458,68.8706,10912
2026-07-28 11:52:00,68.8691,68.8854,68.8607,68.8805,16202
2026-07-28 11:53:00,68.8805,68.8953,68.8409,68.8458,26912
2026-07-28 11:54:00,68.8458,68.8557,68.8359,68.8508,15854
2026-07-28 11:55:00,68.8508,68.8853,68.8458,68.8805,18108
2026-07-28 11:56:00,68.8805,68.9052,68.8755,68.9052,14339
2026-07-28 11:57:00,68.9052,68.925,68.9003,68.9102,23793
2026-07-28 11:58:00,68.9052,68.9102,68.8755,68.8904,31066
2026-07-28 11:59:00,68.8904,68.8904,68.8458,68.8557,19213
2026-07-28 12:00:00,68.8557,68.8854,68.8458,68.8569,17760
2026-07-28 12:01:00,68.8607,68.8706,68.831,68.8607,12127
2026-07-28 12:02:00,68.8656,68.8854,68.8656,68.8805,5268
2026-07-28 12:03:00,68.8805,68.8953,68.8805,68.8854,10852
2026-07-28 12:04:00,68.8904,68.8953,68.8854,68.8904,11348
2026-07-28 12:05:00,68.8854,68.8854,68.8607,68.8656,7471
2026-07-28 12:06:00,68.8656,68.8706,68.8359,68.8607,16562
2026-07-28 12:07:00,68.8602,68.8706,68.831,68.8458,17145
2026-07-28 12:08:00,68.8508,68.8557,68.8359,68.8409,10028
2026-07-28 12:09:00,68.8409,68.8458,68.7963,68.8013,10310
2026-07-28 12:10:00,68.7963,68.8013,68.7781,68.7781,10768
2026-07-28 12:11:00,68.7765,68.8211,68.7765,68.8211,10818
2026-07-28 12:12:00,68.826,68.8557,68.826,68.8508,12873
2026-07-28 12:13:00,68.8508,68.8706,68.8458,68.8706,7111
2026-07-28 12:14:00,68.8708,68.8708,68.8557,68.8656,8955
2026-07-28 12:15:00,68.8656,68.8657,68.8458,68.8557,15782
2026-07-28 12:16:00,68.8458,68.8557,68.826,68.8458,11950
2026-07-28 12:17:00,68.8438,68.8458,68.831,68.8359,3957
2026-07-28 12:18:00,68.8409,68.8458,68.8013,68.8161,8177
2026-07-28 12:19:00,68.8211,68.8458,68.8211,68.8359,10350
2026-07-28 12:20:00,68.8359,68.8359,68.7864,68.7914,8918
2026-07-28 12:21:00,68.7914,68.8013,68.7716,68.8013,19603
2026-07-28 12:22:00,68.7964,68.8013,68.7765,68.7877,11116
2026-07-28 12:23:00,68.7864,68.7864,68.7524,68.7617,8767
2026-07-28 12:24:00,68.7617,68.7819,68.7567,68.7716,9242
2026-07-28 12:25:00,68.7716,68.7716,68.7171,68.732,9320
2026-07-28 12:26:00,68.727,68.7419,68.7171,68.732,12568
2026-07-28 12:27:00,68.727,68.732,68.7172,68.727,6063
2026-07-28 12:28:00,68.7221,68.7429,68.7221,68.7419,8600
2026-07-28 12:29:00,68.7419,68.7468,68.7369,68.7419,3954
2026-07-28 12:30:00,68.7419,68.7617,68.7395,68.7567,9224
2026-07-28 12:31:00,68.7567,68.7765,68.7518,68.7567,9992
2026-07-28 12:32:00,68.7567,68.7666,68.7518,68.7617,12154
2026-07-28 12:33:00,68.7617,68.7617,68.727,68.732,10059
2026-07-28 12:34:00,68.727,68.7368,68.7122,68.7171,14779
2026-07-28 12:35:00,68.7221,68.7468,68.7171,68.7419,7684
2026-07-28 12:36:00,68.7419,68.7518,68.727,68.7518,7876
2026-07-28 12:37:00,68.7566,68.7567,68.7468,68.7567,7263
2026-07-28 12:38:00,68.7567,68.7716,68.7487,68.7716,7557
2026-07-28 12:39:00,68.7765,68.8112,68.7704,68.7963,21100
2026-07-28 12:40:00,68.8013,68.8122,68.7914,68.8112,11728
2026-07-28 12:41:00,68.8112,68.8112,68.7864,68.8062,9163
2026-07-28 12:42:00,68.7982,68.8112,68.7963,68.8013,11443
2026-07-28 12:43:00,68.8062,68.8211,68.8062,68.8112,13680
2026-07-28 12:44:00,68.8112,68.826,68.7963,68.8161,9537
2026-07-28 12:45:00,68.8161,68.8215,68.8085,68.8112,7533
2026-07-28 12:46:00,68.8062,68.8162,68.8062,68.8062,12578
2026-07-28 12:47:00,68.8112,68.8112,68.7963,68.7963,18752
2026-07-28 12:48:00,68.8062,68.8062,68.7864,68.7864,16185
2026-07-28 12:49:00,68.7864,68.8062,68.7864,68.7963,10989
2026-07-28 12:50:00,68.7963,68.8013,68.7864,68.7913,7242
2026-07-28 12:51:00,68.7865,68.8062,68.7765,68.8013,9227
2026-07-28 12:52:00,68.8013,68.8458,68.8013,68.8359,17206
2026-07-28 12:53:00,68.826,68.8409,68.8161,68.826,12080
2026-07-28 12:54:00,68.831,68.8557,68.831,68.8458,8067
2026-07-28 12:55:00,68.8458,68.8904,68.8458,68.8904,14884
2026-07-28 12:56:00,68.8904,68.8904,68.8805,68.8904,7003
2026-07-28 12:57:00,68.8854,68.9051,68.8854,68.9003,3454
2026-07-28 12:58:00,68.9052,68.9448,68.9052,68.9448,8779
2026-07-28 12:59:00,68.9399,68.9431,68.9161,68.9201,9144
2026-07-28 13:00:00,68.925,68.9349,68.9201,68.925,4761
2026-07-28 13:01:00,68.9349,68.9696,68.9349,68.9597,10725
2026-07-28 13:02:00,68.9548,68.9548,68.9102,68.9448,13258
2026-07-28 13:03:00,68.9349,68.9349,68.8904,68.8904,19924
2026-07-28 13:04:00,68.8904,68.9201,68.8904,68.9052,11818
2026-07-28 13:05:00,68.9102,68.9151,68.8805,68.8805,18356
2026-07-28 13:06:00,68.8805,68.925,68.878,68.9151,17728
2026-07-28 13:07:00,68.9151,68.925,68.9003,68.9003,11263
2026-07-28 13:08:00,68.8854,68.8854,68.8656,68.8656,13206
2026-07-28 13:09:00,68.8755,68.8953,68.8656,68.8904,13610
2026-07-28 13:10:00,68.8904,68.9052,68.8854,68.9003,10734
2026-07-28 13:11:00,68.8953,68.9102,68.8953,68.8953,15414
2026-07-28 13:12:00,68.9003,68.93,68.9003,68.925,15613
2026-07-28 13:13:00,68.925,68.9547,68.9003,68.9052,37763
2026-07-28 13:14:00,68.8953,68.925,68.8854,68.8886,22000
2026-07-28 13:15:00,68.8904,68.9102,68.8904,68.9003,14118
2026-07-28 13:16:00,68.9052,68.925,68.8953,68.925,64009
2026-07-28 13:17:00,68.925,68.9349,68.925,68.93,4652
2026-07-28 13:18:00,68.9264,68.9349,68.9151,68.9151,11115
2026-07-28 13:19:00,68.9102,68.9348,68.9052,68.9151,14077
2026-07-28 13:20:00,68.9201,68.9201,68.9052,68.9201,13414
2026-07-28 13:21:00,68.925,68.925,68.9052,68.9052,5899
2026-07-28 13:22:00,68.9052,68.9109,68.8854,68.9003,19336
2026-07-28 13:23:00,68.9003,68.925,68.8953,68.9201,15195
2026-07-28 13:24:00,68.9151,68.9201,68.9052,68.9102,9935
2026-07-28 13:25:00,68.9102,68.9102,68.8953,68.9102,11625
2026-07-28 13:26:00,68.9102,68.9102,68.8953,68.9003,6179
2026-07-28 13:27:00,68.8953,68.9052,68.8893,68.9003,9658
2026-07-28 13:28:00,68.9052,68.9052,68.8953,68.8981,3692
2026-07-28 13:29:00,68.8953,68.8953,68.8656,68.8656,14279
2026-07-28 13:30:00,68.8656,68.8656,68.8458,68.8508,20776
2026-07-28 13:31:00,68.8557,68.8607,68.8458,68.8508,13577
2026-07-28 13:32:00,68.8557,68.8557,68.831,68.8409,14121
2026-07-28 13:33:00,68.8458,68.8508,68.8359,68.8375,10002
2026-07-28 13:34:00,68.8458,68.8458,68.826,68.826,12079
2026-07-28 13:35:00,68.8161,68.8333,68.8062,68.826,20729
2026-07-28 13:36:00,68.826,68.8557,68.826,68.8458,22553
2026-07-28 13:37:00,68.8508,68.8508,68.8211,68.826,11159
2026-07-28 13:38:00,68.826,68.8458,68.8161,68.8409,14319
2026-07-28 13:39:00,68.8409,68.8607,68.8359,68.8458,12656
2026-07-28 13:40:00,68.8508,68.8656,68.8458,68.8557,9246
2026-07-28 13:41:00,68.8508,68.8557,68.8359,68.8409,16060
2026-07-28 13:42:00,68.8396,68.8458,68.831,68.831,8205
2026-07-28 13:43:00,68.826,68.8359,68.8161,68.8211,13855
2026-07-28 13:44:00,68.8211,68.826,68.8062,68.8161,15669
2026-07-28 13:45:00,68.8211,68.826,68.8161,68.8161,10726
2026-07-28 13:46:00,68.8161,68.826,68.7983,68.7983,24348
2026-07-28 13:47:00,68.7963,68.8062,68.7765,68.7963,18282
2026-07-28 13:48:00,68.7963,68.8062,68.7963,68.8013,7469
2026-07-28 13:49:00,68.8013,68.8062,68.7963,68.7963,5167
2026-07-28 13:50:00,68.7992,68.8161,68.7963,68.8112,21000
2026-07-28 13:51:00,68.8112,68.8161,68.8062,68.8062,11056
2026-07-28 13:52:00,68.8062,68.8161,68.8062,68.8161,5331
2026-07-28 13:53:00,68.8062,68.8161,68.8062,68.8062,8145
2026-07-28 13:54:00,68.8062,68.8062,68.7815,68.7914,11358
2026-07-28 13:55:00,68.7914,68.7963,68.7864,68.7963,7230
2026-07-28 13:56:00,68.7914,68.7963,68.7864,68.7914,4914
2026-07-28 13:57:00,68.7914,68.7963,68.7765,68.7765,20059
2026-07-28 13:58:00,68.7716,68.7765,68.7666,68.7716,7442
2026-07-28 13:59:00,68.7666,68.7864,68.7617,68.7617,21543
2026-07-28 14:00:00,68.7583,68.7765,68.7409,68.7419,18947
2026-07-28 14:01:00,68.7419,68.7534,68.7171,68.7171,16362
2026-07-28 14:02:00,68.727,68.7369,68.6973,68.6973,21384
2026-07-28 14:03:00,68.7023,68.7122,68.6676,68.6676,69535
2026-07-28 14:04:00,68.6726,68.6973,68.6726,68.6874,20607
2026-07-28 14:05:00,68.6924,68.7072,68.6874,68.6924,17041
2026-07-28 14:06:00,68.6924,68.6973,68.6875,68.6924,5250
2026-07-28 14:07:00,68.6896,68.7171,68.6874,68.7161,10881
2026-07-28 14:08:00,68.7122,68.7221,68.6775,68.6825,11471
2026-07-28 14:09:00,68.6825,68.7023,68.6775,68.7023,12215
2026-07-28 14:10:00,68.7072,68.7468,68.7072,68.7171,58644
2026-07-28 14:11:00,68.7219,68.732,68.7219,68.732,8053
2026-07-28 14:12:00,68.732,68.7617,68.7221,68.7617,29111
2026-07-28 14:13:00,68.7666,68.7765,68.7518,68.7716,46445
2026-07-28 14:14:00,68.7716,68.7716,68.7567,68.7617,10875
2026-07-28 14:15:00,68.7617,68.7963,68.7468,68.7567,270198
2026-07-28 14:16:00,68.7518,68.7633,68.7419,68.7468,10639
2026-07-28 14:17:00,68.7419,68.8015,68.7369,68.7716,15907
2026-07-28 14:18:00,68.7765,68.8161,68.7683,68.8161,10530
2026-07-28 14:19:00,68.8211,68.8557,68.8161,68.8557,8139
2026-07-28 14:20:00,68.8492,68.9201,68.8492,68.9201,29630
2026-07-28 14:21:00,68.9201,68.925,68.9052,68.9102,16475
2026-07-28 14:22:00,68.9102,68.9102,68.8854,68.8988,21643
2026-07-28 14:23:00,68.9003,68.925,68.8971,68.9151,30221
2026-07-28 14:24:00,68.925,68.925,68.9151,68.9201,19064
2026-07-28 14:25:00,68.925,68.9448,68.9151,68.9201,21151
2026-07-28 14:26:00,68.9151,68.925,68.8904,68.8904,5470
2026-07-28 14:27:00,68.8854,68.9151,68.8656,68.9151,25094
2026-07-28 14:28:00,68.9201,68.9201,68.8953,68.8953,13323
2026-07-28 14:29:00,68.9003,68.9003,68.8458,68.8508,12070
2026-07-28 14:30:00,68.8458,68.8755,68.8359,68.8359,20876
2026-07-28 14:31:00,68.8359,68.8508,68.826,68.826,9538
2026-07-28 14:32:00,68.831,68.8409,68.8211,68.831,10222
2026-07-28 14:33:00,68.8261,68.831,68.7914,68.831,22074
2026-07-28 14:34:00,68.826,68.826,68.8013,68.8062,10327
2026-07-28 14:35:00,68.8062,68.8161,68.8013,68.8062,20896
2026-07-28 14:36:00,68.8013,68.8013,68.7666,68.7666,20602
2026-07-28 14:37:00,68.7716,68.7914,68.7468,68.7864,39263
2026-07-28 14:38:00,68.7914,68.7963,68.7666,68.7963,6340
2026-07-28 14:39:00,68.7887,68.8062,68.7815,68.8013,12326
2026-07-28 14:40:00,68.8013,68.8359,68.8013,68.831,16205
2026-07-28 14:41:00,68.831,68.8458,68.831,68.8378,5643
2026-07-28 14:42:00,68.8359,68.8656,68.8359,68.8557,11667
2026-07-28 14:43:00,68.8607,68.8656,68.8557,68.8607,5978
2026-07-28 14:44:00,68.8656,68.8854,68.8607,68.8607,19477
2026-07-28 14:45:00,68.8607,68.8755,68.8557,68.8656,11238
2026-07-28 14:46:00,68.8656,68.8656,68.8383,68.8508,17171
2026-07-28 14:47:00,68.8508,68.8557,68.8409,68.8409,9730
2026-07-28 14:48:00,68.8458,68.8557,68.8458,68.8508,5822
2026-07-28 14:49:00,68.8508,68.8508,68.8359,68.8458,7871
2026-07-28 14:50:00,68.8508,68.8557,68.8409,68.8458,6287
2026-07-28 14:51:00,68.8458,68.8557,68.8409,68.8508,9145
2026-07-28 14:52:00,68.8557,68.8656,68.8409,68.8409,12187
2026-07-28 14:53:00,68.8409,68.8458,68.831,68.8359,13503
2026-07-28 14:54:00,68.8359,68.8557,68.8359,68.8433,11961
2026-07-28 14:55:00,68.8401,68.8557,68.8401,68.8508,9387
2026-07-28 14:56:00,68.8557,68.8557,68.8161,68.831,37115
2026-07-28 14:57:00,68.826,68.826,68.7963,68.7963,10683
2026-07-28 14:58:00,68.8062,68.8359,68.7963,68.8211,15191
2026-07-28 14:59:00,68.8211,68.826,68.8161,68.8161,2346
2026-07-28 15:00:00,68.8161,68.8409,68.8013,68.8013,17483
2026-07-28 15:01:00,68.8062,68.831,68.8062,68.831,15596
2026-07-28 15:02:00,68.8334,68.8359,68.8211,68.8211,9763
2026-07-28 15:03:00,68.8227,68.8409,68.8062,68.831,20182
2026-07-28 15:04:00,68.8359,68.8458,68.8359,68.8359,5262
2026-07-28 15:05:00,68.8458,68.8458,68.8062,68.8062,13568
2026-07-28 15:06:00,68.8145,68.8458,68.8112,68.8112,21813
2026-07-28 15:07:00,68.8116,68.826,68.8104,68.8171,18301
2026-07-28 15:08:00,68.8211,68.8211,68.81,68.8211,12094
2026-07-28 15:09:00,68.8209,68.8359,68.8161,68.831,8628
2026-07-28 15:10:00,68.826,68.8458,68.826,68.8375,14258
2026-07-28 15:11:00,68.8359,68.8544,68.831,68.8359,11596
2026-07-28 15:12:00,68.844,68.8557,68.826,68.8458,14955
2026-07-28 15:13:00,68.8458,68.8557,68.8359,68.8359,9874
2026-07-28 15:14:00,68.8359,68.8557,68.8359,68.8385,7901
2026-07-28 15:15:00,68.8359,68.8409,68.8161,68.8211,18149
2026-07-28 15:16:00,68.8161,68.8409,68.8062,68.8062,20594
2026-07-28 15:17:00,68.8009,68.8013,68.7765,68.7817,28233
2026-07-28 15:18:00,68.7815,68.7963,68.7617,68.7666,25244
2026-07-28 15:19:00,68.7617,68.7855,68.7617,68.7684,10371
2026-07-28 15:20:00,68.7716,68.7716,68.7369,68.7369,12521
2026-07-28 15:21:00,68.7419,68.7716,68.7419,68.7716,19155
2026-07-28 15:22:00,68.7666,68.8013,68.7666,68.7963,16130
2026-07-28 15:23:00,68.7864,68.8161,68.7864,68.7963,37715
2026-07-28 15:24:00,68.8013,68.8062,68.7963,68.8062,6518
2026-07-28 15:25:00,68.8062,68.826,68.8062,68.8062,14982
2026-07-28 15:26:00,68.8161,68.826,68.7864,68.7865,36297
2026-07-28 15:27:00,68.7963,68.8112,68.7963,68.8062,14232
2026-07-28 15:28:00,68.8037,68.8062,68.7963,68.8013,18988
2026-07-28 15:29:00,68.8062,68.8062,68.7864,68.7963,26452
2026-07-28 15:30:00,68.8062,68.8161,68.7815,68.7864,35591
2026-07-28 15:31:00,68.7765,68.7914,68.7617,68.7815,36615
2026-07-28 15:32:00,68.7765,68.7864,68.7716,68.7815,11760
2026-07-28 15:33:00,68.7815,68.7963,68.7765,68.7914,28866
2026-07-28 15:34:00,68.7963,68.7963,68.7617,68.7766,25187
2026-07-28 15:35:00,68.7765,68.7864,68.7765,68.7784,13917
2026-07-28 15:36:00,68.7765,68.7963,68.7765,68.7864,31350
2026-07-28 15:37:00,68.7914,68.7963,68.7765,68.7765,10119
2026-07-28 15:38:00,68.7864,68.8112,68.7815,68.7864,27792
2026-07-28 15:39:00,68.7914,68.8013,68.7864,68.8013,19870
2026-07-28 15:40:00,68.8062,68.8161,68.7716,68.7864,36243
2026-07-28 15:41:00,68.7914,68.8037,68.7815,68.8013,52103
2026-07-28 15:42:00,68.8062,68.8161,68.7864,68.7914,21865
2026-07-28 15:43:00,68.7914,68.7938,68.7765,68.7765,11665
2026-07-28 15:44:00,68.7815,68.7914,68.7716,68.7914,31968
2026-07-28 15:45:00,68.7938,68.7963,68.7617,68.7831,51628
2026-07-28 15:46:00,68.7815,68.8211,68.7815,68.8211,31636
2026-07-28 15:47:00,68.8161,68.831,68.8062,68.8212,28992
2026-07-28 15:48:00,68.8161,68.826,68.8062,68.8211,26638
2026-07-28 15:49:00,68.826,68.8607,68.8211,68.8607,38571
2026-07-28 15:50:00,68.8656,68.8904,68.8508,68.8508,50328
2026-07-28 15:51:00,68.8508,68.8755,68.8458,68.8706,34192
2026-07-28 15:52:00,68.8706,68.8706,68.826,68.8458,86335
2026-07-28 15:53:00,68.8557,68.8656,68.8458,68.8607,52629
2026-07-28 15:54:00,68.8607,68.9003,68.8557,68.8904,164718
2026-07-28 15:55:00,68.8953,68.9102,68.8755,68.8854,54252
2026-07-28 15:56:00,68.8805,68.8953,68.8656,68.8904,100892
2026-07-28 15:57:00,68.8904,68.9052,68.8458,68.8953,166388
2026-07-28 15:58:00,68.8953,68.9052,68.8755,68.8953,139395
2026-07-28 15:59:00,68.9003,68.9547,68.8953,68.9052,261324
2026-07-29 09:30:00,68.8458,68.9745,68.8161,68.8755,208160
2026-07-29 09:31:00,68.8854,68.8953,68.7617,68.8124,15328
2026-07-29 09:32:00,68.8062,68.8557,68.727,68.7518,18774
2026-07-29 09:33:00,68.7518,68.7864,68.6874,68.7666,28244
2026-07-29 09:34:00,68.7765,68.8062,68.6874,68.6874,28923
2026-07-29 09:35:00,68.6973,68.6973,68.5687,68.5934,36420
2026-07-29 09:36:00,68.5884,68.6385,68.5786,68.5884,29479
2026-07-29 09:37:00,68.5884,68.5983,68.4994,68.4994,24664
2026-07-29 09:38:00,68.4896,68.5489,68.4004,68.4152,84281
2026-07-29 09:39:00,68.4152,68.44,68.3707,68.3733,39235
2026-07-29 09:40:00,68.3855,68.4301,68.3014,68.4103,53454
2026-07-29 09:41:00,68.4133,68.4894,68.3509,68.4894,26040
2026-07-29 09:42:00,68.4895,68.5489,68.4895,68.5439,29354
2026-07-29 09:43:00,68.5391,68.5736,68.5093,68.5291,22935
2026-07-29 09:44:00,68.5291,68.5983,68.5192,68.5982,5336
2026-07-29 09:45:00,68.5934,68.6676,68.5884,68.6577,39058
2026-07-29 09:46:00,68.6478,68.6775,68.628,68.6577,26412
2026-07-29 09:47:00,68.6726,68.7666,68.6676,68.7666,17670
2026-07-29 09:48:00,68.7755,68.7755,68.7369,68.7468,10539
2026-07-29 09:49:00,68.7567,68.7666,68.7369,68.7666,16834
2026-07-29 09:50:00,68.7567,68.8309,68.7469,68.8309,16313
2026-07-29 09:51:00,68.8359,68.8656,68.7963,68.8409,59513
2026-07-29 09:52:00,68.8458,68.8854,68.8409,68.8755,25508
2026-07-29 09:53:00,68.8755,68.9102,68.8656,68.9102,32539
2026-07-29 09:54:00,68.9151,68.9349,68.8161,68.8706,33768
2026-07-29 09:55:00,68.8706,68.8805,68.7567,68.7852,49906
2026-07-29 09:56:00,68.7815,68.8211,68.7815,68.8161,32591
2026-07-29 09:57:00,68.8161,68.826,68.7567,68.7666,172427
2026-07-29 09:58:00,68.7666,68.8161,68.7666,68.8062,58213
2026-07-29 09:59:00,68.7963,68.8062,68.7864,68.7914,33808
2026-07-29 10:00:00,68.7914,68.8656,68.7765,68.8557,66529
2026-07-29 10:01:00,68.8557,68.8854,68.7963,68.8161,79550
2026-07-29 10:02:00,68.8102,68.8161,68.6084,68.628,64814
2026-07-29 10:03:00,68.6181,68.6676,68.6132,68.6379,26148
2026-07-29 10:04:00,68.6478,68.7419,68.6478,68.7369,15931
2026-07-29 10:05:00,68.732,68.7963,68.7171,68.7963,23175
2026-07-29 10:06:00,68.7914,68.8755,68.7914,68.826,98377
2026-07-29 10:07:00,68.8359,68.8359,68.7567,68.7765,34703
2026-07-29 10:08:00,68.7666,68.7963,68.7419,68.7864,30532
2026-07-29 10:09:00,68.7765,68.7963,68.7666,68.7914,12552
2026-07-29 10:10:00,68.7963,68.8062,68.7468,68.7765,31554
2026-07-29 10:11:00,68.7914,68.8755,68.7765,68.8755,19013
2026-07-29 10:12:00,68.8755,68.9052,68.8607,68.9052,14245
2026-07-29 10:13:00,68.9102,68.93,68.9003,68.9102,15715
2026-07-29 10:14:00,68.9052,68.9151,68.8854,68.8854,12397
2026-07-29 10:15:00,68.8904,68.9151,68.8656,68.8953,19943
2026-07-29 10:16:00,68.8953,68.9547,68.8904,68.9547,17005
2026-07-29 10:17:00,68.9592,68.9932,68.9547,68.9893,23063
2026-07-29 10:18:00,68.9893,69.0042,68.9745,69.0042,30244
2026-07-29 10:19:00,68.9992,69.0289,68.9844,69.0091,35997
2026-07-29 10:20:00,69.0091,69.0532,68.9893,68.9992,92925
2026-07-29 10:21:00,68.9992,69.0426,68.9974,68.9992,41918
2026-07-29 10:22:00,68.9968,69.0141,68.9943,68.9979,27842
2026-07-29 10:23:00,68.9992,69.0141,68.9844,69.0091,23537
2026-07-29 10:24:00,69.0042,69.0127,68.9844,68.9992,15094
2026-07-29 10:25:00,68.9992,69.0636,68.9943,69.0636,14670
2026-07-29 10:26:00,69.0586,69.1081,69.0537,69.0933,30705
2026-07-29 10:27:00,69.0834,69.0933,69.0661,69.0883,10357
2026-07-29 10:28:00,69.0883,69.1279,69.0883,69.1032,23280
2026-07-29 10:29:00,69.1081,69.1081,69.0636,69.0733,27632
2026-07-29 10:30:00,69.0636,69.0834,69.0339,69.0834,9808
2026-07-29 10:31:00,69.0784,69.1329,69.0735,69.1293,13768
2026-07-29 10:32:00,69.123,69.1378,69.0834,69.1009,16317
2026-07-29 10:33:00,69.0982,69.118,69.0636,69.0834,9478
2026-07-29 10:34:00,69.0794,69.0883,69.0537,69.0784,21085
2026-07-29 10:35:00,69.0784,69.0804,69.0339,69.0359,20037
2026-07-29 10:36:00,69.0386,69.0537,69.0289,69.0537,12594
2026-07-29 10:37:00,69.0438,69.0537,69.0083,69.0438,15447
2026-07-29 10:38:00,69.0388,69.0388,68.9847,69.024,12871
2026-07-29 10:39:00,69.024,69.0784,69.024,69.0636,17564
2026-07-29 10:40:00,69.0636,69.0685,69.0339,69.0685,19089
2026-07-29 10:41:00,69.0735,69.0883,69.0537,69.0834,20856
2026-07-29 10:42:00,69.0784,69.0834,69.0537,69.0537,7201
2026-07-29 10:43:00,69.0487,69.0537,69.0438,69.0501,11436
2026-07-29 10:44:00,69.0438,69.0438,69.0141,69.024,12009
2026-07-29 10:45:00,69.0289,69.0289,68.9844,68.9943,15121
2026-07-29 10:46:00,68.9844,68.9844,68.9448,68.9547,27851
2026-07-29 10:47:00,68.9547,68.9646,68.9102,68.925,31720
2026-07-29 10:48:00,68.93,68.9547,68.925,68.9498,12539
2026-07-29 10:49:00,68.9547,68.9646,68.9448,68.9597,12211
2026-07-29 10:50:00,68.9597,69.0091,68.9597,68.9795,21865
2026-07-29 10:51:00,68.9795,69.0151,68.9795,69.0141,13457
2026-07-29 10:52:00,69.0129,69.0289,69.0091,69.0289,10891
2026-07-29 10:53:00,69.024,69.0339,69.0141,69.0166,14879
2026-07-29 10:54:00,69.0218,69.0537,69.019,69.024,36164
2026-07-29 10:55:00,69.024,69.0438,69.0091,69.014,16367
2026-07-29 10:56:00,69.0141,69.019,68.9893,69.0091,12670
2026-07-29 10:57:00,69.0141,69.0388,69.0091,69.0141,20361
2026-07-29 10:58:00,69.0141,69.019,68.9751,68.9751,14350
2026-07-29 10:59:00,68.9844,68.9844,68.9597,68.9745,16179
2026-07-29 11:00:00,68.9745,68.9893,68.9646,68.9696,13194
2026-07-29 11:01:00,68.9696,68.9844,68.9151,68.9151,23619
2026-07-29 11:02:00,68.9201,68.9349,68.8755,68.8755,19669
2026-07-29 11:03:00,68.8755,68.8834,68.8656,68.8755,11432
2026-07-29 11:04:00,68.8656,68.9151,68.8557,68.8953,21535
2026-07-29 11:05:00,68.8938,68.8953,68.826,68.8508,14888
2026-07-29 11:06:00,68.8508,68.8557,68.8161,68.826,20182
2026-07-29 11:07:00,68.826,68.8359,68.7963,68.8062,20821
2026-07-29 11:08:00,68.8112,68.8161,68.7864,68.7963,15688
2026-07-29 11:09:00,68.8062,68.8062,68.7666,68.7666,15075
2026-07-29 11:10:00,68.7765,68.8062,68.7765,68.7864,27664
2026-07-29 11:11:00,68.7963,68.8161,68.7666,68.7666,20262
2026-07-29 11:12:00,68.7716,68.7963,68.7468,68.7567,13699
2026-07-29 11:13:00,68.7479,68.7666,68.7369,68.7369,10755
2026-07-29 11:14:00,68.7369,68.7468,68.7122,68.7122,15879
2026-07-29 11:15:00,68.7171,68.7567,68.7122,68.7369,13827
2026-07-29 11:16:00,68.7369,68.7369,68.6973,68.7191,14340
2026-07-29 11:17:00,68.727,68.727,68.7072,68.727,8617
2026-07-29 11:18:00,68.7221,68.7468,68.7171,68.7171,21000
2026-07-29 11:19:00,68.7122,68.7468,68.7072,68.7419,17247
2026-07-29 11:20:00,68.7567,68.7567,68.7369,68.7419,18195
2026-07-29 11:21:00,68.7414,68.7467,68.7014,68.7014,12709
2026-07-29 11:22:00,68.7023,68.7072,68.6775,68.6825,8340
2026-07-29 11:23:00,68.6874,68.6924,68.6577,68.6627,21054
2026-07-29 11:24:00,68.6676,68.6775,68.6528,68.6726,13405
2026-07-29 11:25:00,68.6775,68.6825,68.6726,68.6825,9900
2026-07-29 11:26:00,68.6825,68.7468,68.6775,68.727,26622
2026-07-29 11:27:00,68.732,68.7468,68.732,68.7468,13957
2026-07-29 11:28:00,68.737,68.7617,68.7369,68.7419,20702
2026-07-29 11:29:00,68.732,68.7368,68.7171,68.7221,5764
2026-07-29 11:30:00,68.7221,68.7623,68.7221,68.7623,18334
2026-07-29 11:31:00,68.7617,68.7617,68.727,68.7617,19896
2026-07-29 11:32:00,68.7617,68.7617,68.7072,68.7221,16343
2026-07-29 11:33:00,68.7221,68.732,68.7171,68.7221,11302
2026-07-29 11:34:00,68.7171,68.727,68.7122,68.7171,9154
2026-07-29 11:35:00,68.7072,68.7369,68.7072,68.727,11626
2026-07-29 11:36:00,68.732,68.7369,68.727,68.732,6132
2026-07-29 11:37:00,68.7369,68.8161,68.7369,68.8062,22802
2026-07-29 11:38:00,68.8062,68.8062,68.7666,68.7704,16672
2026-07-29 11:39:00,68.7666,68.7666,68.7171,68.7419,17739
2026-07-29 11:40:00,68.7419,68.7518,68.7369,68.7369,6702
2026-07-29 11:41:00,68.7369,68.7567,68.7369,68.7567,15571
2026-07-29 11:42:00,68.7666,68.7863,68.7567,68.7666,8093
2026-07-29 11:43:00,68.7567,68.7627,68.748,68.748,7275
2026-07-29 11:44:00,68.7567,68.7666,68.732,68.732,19938
2026-07-29 11:45:00,68.7369,68.8161,68.7369,68.8112,13140
2026-07-29 11:46:00,68.8112,68.8112,68.737,68.7815,24543
2026-07-29 11:47:00,68.7765,68.7765,68.727,68.7468,39182
2026-07-29 11:48:00,68.7376,68.7765,68.7369,68.7765,16506
2026-07-29 11:49:00,68.7774,68.7864,68.7419,68.7666,23886
2026-07-29 11:50:00,68.7666,68.7765,68.7518,68.7518,8336
2026-07-29 11:51:00,68.7518,68.7716,68.7477,68.7716,13499
2026-07-29 11:52:00,68.7765,68.7864,68.7765,68.7815,7340
2026-07-29 11:53:00,68.7815,68.7864,68.7666,68.7716,9220
2026-07-29 11:54:00,68.7666,68.7666,68.7072,68.7072,24808
2026-07-29 11:55:00,68.709,68.7171,68.6777,68.6825,34075
2026-07-29 11:56:00,68.6826,68.6874,68.6429,68.6528,14287
2026-07-29 11:57:00,68.6577,68.6676,68.628,68.6627,15345
2026-07-29 11:58:00,68.6593,68.6775,68.6577,68.6676,11619
2026-07-29 11:59:00,68.6676,68.6775,68.6231,68.633,41689
2026-07-29 12:00:00,68.628,68.6726,68.628,68.6577,14761
2026-07-29 12:01:00,68.6577,68.666,68.6577,68.6627,7315
2026-07-29 12:02:00,68.6627,68.6727,68.6627,68.6676,14619
2026-07-29 12:03:00,68.6627,68.6676,68.6429,68.6429,12186
2026-07-29 12:04:00,68.6429,68.6528,68.6379,68.6528,12078
2026-07-29 12:05:00,68.6577,68.6676,68.6429,68.6429,8937
2026-07-29 12:06:00,68.6379,68.6477,68.6379,68.6429,13932
2026-07-29 12:07:00,68.6379,68.6429,68.6033,68.6379,21978
2026-07-29 12:08:00,68.6478,68.6676,68.6429,68.6676,6566
2026-07-29 12:09:00,68.6726,68.6726,68.6478,68.6478,12802
2026-07-29 12:10:00,68.6528,68.6676,68.6082,68.6181,20538
2026-07-29 12:11:00,68.628,68.6379,68.6231,68.633,9520
2026-07-29 12:12:00,68.628,68.633,68.6082,68.6308,11694
2026-07-29 12:13:00,68.628,68.6478,68.628,68.633,6591
2026-07-29 12:14:00,68.628,68.628,68.6033,68.6102,8479
2026-07-29 12:15:00,68.6132,68.628,68.6083,68.6231,8818
2026-07-29 12:16:00,68.6231,68.6379,68.6082,68.6082,19754
2026-07-29 12:17:00,68.6132,68.6181,68.5904,68.6082,8346
2026-07-29 12:18:00,68.6033,68.6339,68.6033,68.6339,11524
2026-07-29 12:19:00,68.633,68.6528,68.628,68.6528,6420
2026-07-29 12:20:00,68.6528,68.6874,68.6528,68.6874,16025
2026-07-29 12:21:00,68.6874,68.6874,68.6825,68.6873,7193
2026-07-29 12:22:00,68.6825,68.7023,68.6825,68.6874,31898
2026-07-29 12:23:00,68.6924,68.732,68.6875,68.7221,18758
2026-07-29 12:24:00,68.7221,68.7467,68.7221,68.7467,5469
2026-07-29 12:25:00,68.7369,68.7518,68.7369,68.7468,10925
2026-07-29 12:26:00,68.7468,68.7518,68.732,68.7371,19178
2026-07-29 12:27:00,68.7468,68.7468,68.7369,68.7419,4590
2026-07-29 12:28:00,68.7419,68.7419,68.727,68.727,7482
2026-07-29 12:29:00,68.727,68.7468,68.7221,68.7419,16860
2026-07-29 12:30:00,68.7419,68.7567,68.7419,68.7518,5076
2026-07-29 12:31:00,68.7518,68.7617,68.7468,68.7518,16501
2026-07-29 12:32:00,68.7485,68.7617,68.7468,68.7468,8805
2026-07-29 12:33:00,68.7518,68.7518,68.727,68.727,10960
2026-07-29 12:34:00,68.7369,68.7369,68.7171,68.7171,7778
2026-07-29 12:35:00,68.7221,68.7369,68.7221,68.732,10058
2026-07-29 12:36:00,68.732,68.7369,68.7171,68.732,15259
2026-07-29 12:37:00,68.732,68.7567,68.727,68.7567,17990
2026-07-29 12:38:00,68.7518,68.7729,68.7518,68.7729,10372
2026-07-29 12:39:00,68.7765,68.7815,68.7567,68.7567,12768
2026-07-29 12:40:00,68.7617,68.7864,68.7567,68.7815,9336
2026-07-29 12:41:00,68.7815,68.7963,68.779,68.7914,8255
2026-07-29 12:42:00,68.7864,68.8359,68.7864,68.831,26714
2026-07-29 12:43:00,68.8277,68.8557,68.8277,68.8508,39857
2026-07-29 12:44:00,68.8557,68.8557,68.8458,68.8483,10845
2026-07-29 12:45:00,68.8508,68.9052,68.8483,68.9003,31453
2026-07-29 12:46:00,68.9052,68.9201,68.8978,68.9102,49140
2026-07-29 12:47:00,68.9151,68.9448,68.9151,68.9399,20480
2026-07-29 12:48:00,68.9399,68.9399,68.925,68.9399,27820
2026-07-29 12:49:00,68.9399,68.9943,68.9373,68.9844,26493
2026-07-29 12:50:00,68.9844,69.0042,68.9745,68.9943,42945
2026-07-29 12:51:00,69.0042,69.0438,68.9943,69.0373,43568
2026-07-29 12:52:00,69.0339,69.0388,68.9399,68.9547,25390
2026-07-29 12:53:00,68.9547,68.9547,68.9052,68.9498,14690
2026-07-29 12:54:00,68.9547,68.9547,68.925,68.9399,42103
2026-07-29 12:55:00,68.9399,68.9448,68.8963,68.925,260056
2026-07-29 12:56:00,68.925,68.93,68.8675,68.8755,27027
2026-07-29 12:57:00,68.8854,68.8854,68.8211,68.8211,13905
2026-07-29 12:58:00,68.826,68.826,68.7765,68.8112,27876
2026-07-29 12:59:00,68.8062,68.8161,68.7963,68.7963,21727
2026-07-29 13:00:00,68.7864,68.7963,68.7391,68.7468,17969
2026-07-29 13:01:00,68.7475,68.7518,68.7369,68.7419,9637
2026-07-29 13:02:00,68.7369,68.7419,68.6775,68.6874,23211
2026-07-29 13:03:00,68.6874,68.6973,68.6874,68.6973,7541
2026-07-29 13:04:00,68.6874,68.732,68.6775,68.7122,30709
2026-07-29 13:05:00,68.7171,68.7617,68.7122,68.7369,27967
2026-07-29 13:06:00,68.7419,68.8409,68.7419,68.831,17138
2026-07-29 13:07:00,68.8409,68.8458,68.7963,68.8062,23290
2026-07-29 13:08:00,68.8062,68.826,68.7778,68.7778,12143
2026-07-29 13:09:00,68.7765,68.7963,68.727,68.7369,27665
2026-07-29 13:10:00,68.7369,68.7419,68.7171,68.7172,9982
2026-07-29 13:11:00,68.7171,68.7468,68.6924,68.7369,16192
2026-07-29 13:12:00,68.7369,68.7369,68.7072,68.7122,12223
2026-07-29 13:13:00,68.7122,68.7122,68.6676,68.6696,11596
2026-07-29 13:14:00,68.6726,68.6924,68.6627,68.6825,14090
2026-07-29 13:15:00,68.6825,68.6973,68.6801,68.6924,4855
2026-07-29 13:16:00,68.6924,68.7171,68.6924,68.6973,10893
2026-07-29 13:17:00,68.7023,68.7369,68.7023,68.732,10710
2026-07-29 13:18:00,68.732,68.7419,68.7221,68.7419,18730
2026-07-29 13:19:00,68.7468,68.7518,68.7419,68.7518,8344
2026-07-29 13:20:00,68.7518,68.7716,68.7468,68.7617,16349
2026-07-29 13:21:00,68.7617,68.7617,68.7286,68.732,12045
2026-07-29 13:22:00,68.732,68.7617,68.7291,68.7567,13839
2026-07-29 13:23:00,68.7468,68.7567,68.7419,68.7518,11175
2026-07-29 13:24:00,68.7567,68.7666,68.7567,68.7617,4636
2026-07-29 13:25:00,68.7617,68.7666,68.7369,68.7369,15468
2026-07-29 13:26:00,68.7369,68.7369,68.6973,68.6985,13295
2026-07-29 13:27:00,68.6973,68.6973,68.6775,68.6874,11364
2026-07-29 13:28:00,68.6874,68.6973,68.6775,68.6924,7410
2026-07-29 13:29:00,68.6874,68.7122,68.6874,68.7122,8229
2026-07-29 13:30:00,68.7122,68.7153,68.7003,68.7072,8986
2026-07-29 13:31:00,68.7023,68.7023,68.6528,68.6528,11835
2026-07-29 13:32:00,68.6577,68.6627,68.6528,68.6577,10966
2026-07-29 13:33:00,68.6627,68.6726,68.6578,68.6726,6746
2026-07-29 13:34:00,68.6775,68.6972,68.6775,68.6924,7052
2026-07-29 13:35:00,68.6973,68.6973,68.6716,68.6716,19649
2026-07-29 13:36:00,68.6726,68.6774,68.6627,68.6676,12118
2026-07-29 13:37:00,68.6627,68.6775,68.6577,68.6676,14379
2026-07-29 13:38:00,68.6726,68.6973,68.6478,68.6528,29197
2026-07-29 13:39:00,68.6478,68.6627,68.6478,68.6478,9948
2026-07-29 13:40:00,68.649,68.649,68.6181,68.6231,9435
2026-07-29 13:41:00,68.6181,68.6528,68.6181,68.6528,7920
2026-07-29 13:42:00,68.6576,68.6576,68.6379,68.6379,8945
2026-07-29 13:43:00,68.6379,68.6429,68.6082,68.6132,11986
2026-07-29 13:44:00,68.6082,68.6136,68.5884,68.5884,18646
2026-07-29 13:45:00,68.5884,68.6231,68.5786,68.6231,17816
2026-07-29 13:46:00,68.628,68.6379,68.6132,68.618,12101
2026-07-29 13:47:00,68.6132,68.6132,68.5983,68.6033,5116
2026-07-29 13:48:00,68.5983,68.5983,68.5835,68.5934,10464
2026-07-29 13:49:00,68.5983,68.6082,68.5884,68.6037,10947
2026-07-29 13:50:00,68.6058,68.6132,68.6033,68.6082,17229
2026-07-29 13:51:00,68.6132,68.6181,68.6082,68.6082,5141
2026-07-29 13:52:00,68.6082,68.6132,68.5884,68.6033,30487
2026-07-29 13:53:00,68.5983,68.6082,68.5884,68.5934,19472
2026-07-29 13:54:00,68.5934,68.5934,68.5884,68.5884,9869
2026-07-29 13:55:00,68.5885,68.5983,68.5884,68.5884,9390
2026-07-29 13:56:00,68.5884,68.6181,68.5835,68.6181,27108
2026-07-29 13:57:00,68.6132,68.616,68.5983,68.5983,8895
2026-07-29 13:58:00,68.5934,68.5934,68.5786,68.5934,11911
2026-07-29 13:59:00,68.5884,68.6132,68.5884,68.6033,23235
2026-07-29 14:00:00,68.6081,68.6081,68.5538,68.5538,22243
2026-07-29 14:01:00,68.5538,68.5538,68.5093,68.534,24083
2026-07-29 14:02:00,68.534,68.534,68.5043,68.5291,10321
2026-07-29 14:03:00,68.534,68.539,68.5093,68.5252,12955
2026-07-29 14:04:00,68.5203,68.529,68.5192,68.5241,11160
2026-07-29 14:05:00,68.5291,68.539,68.5192,68.5294,31889
2026-07-29 14:06:00,68.534,68.5386,68.4746,68.4796,14470
2026-07-29 14:07:00,68.4697,68.4778,68.4301,68.4529,48669
2026-07-29 14:08:00,68.4499,68.4697,68.4499,68.4697,18413
2026-07-29 14:09:00,68.4647,68.4796,68.4598,68.4647,22225
2026-07-29 14:10:00,68.4647,68.4747,68.4647,68.4647,21518
2026-07-29 14:11:00,68.4647,68.4796,68.4598,68.4746,14030
2026-07-29 14:12:00,68.4746,68.4796,68.4599,68.4647,8920
2026-07-29 14:13:00,68.4647,68.4895,68.4598,68.4845,12232
2026-07-29 14:14:00,68.4853,68.4994,68.483,68.4994,10642
2026-07-29 14:15:00,68.4944,68.4944,68.4796,68.4845,10689
2026-07-29 14:16:00,68.4895,68.5192,68.4796,68.5191,21479
2026-07-29 14:17:00,68.5142,68.5439,68.5142,68.5439,13517
2026-07-29 14:18:00,68.5489,68.5538,68.5142,68.5241,18928
2026-07-29 14:19:00,68.5241,68.5241,68.5142,68.5192,10470
2026-07-29 14:20:00,68.5241,68.5439,68.5192,68.5439,10483
2026-07-29 14:21:00,68.539,68.5488,68.539,68.5403,4549
2026-07-29 14:22:00,68.5439,68.5489,68.5192,68.529,14094
2026-07-29 14:23:00,68.5192,68.5241,68.4944,68.5008,15839
2026-07-29 14:24:00,68.5093,68.5093,68.4994,68.504,5616
2026-07-29 14:25:00,68.4994,68.5043,68.4895,68.5043,14770
2026-07-29 14:26:00,68.5043,68.5093,68.4994,68.4994,3378
2026-07-29 14:27:00,68.5043,68.5043,68.4845,68.4894,13256
2026-07-29 14:28:00,68.4895,68.5043,68.4845,68.4845,13848
2026-07-29 14:29:00,68.4822,68.5093,68.4796,68.4994,12662
2026-07-29 14:30:00,68.5092,68.5092,68.4994,68.5014,3026
2026-07-29 14:31:00,68.5043,68.5043,68.4895,68.4911,63030
2026-07-29 14:32:00,68.4895,68.4994,68.4251,68.4449,44621
2026-07-29 14:33:00,68.4499,68.4994,68.4499,68.4994,14267
2026-07-29 14:34:00,68.4944,68.5142,68.4895,68.4895,23046
2026-07-29 14:35:00,68.4895,68.5192,68.4895,68.4944,36405
2026-07-29 14:36:00,68.4921,68.5093,68.4906,68.4944,14212
2026-07-29 14:37:00,68.4944,68.4944,68.4697,68.4944,17716
2026-07-29 14:38:00,68.4895,68.4944,68.4598,68.4746,16165
2026-07-29 14:39:00,68.4746,68.4795,68.4697,68.4746,8994
2026-07-29 14:40:00,68.4746,68.4944,68.4697,68.4944,11510
2026-07-29 14:41:00,68.4943,68.5043,68.4845,68.4845,22551
2026-07-29 14:42:00,68.4846,68.4895,68.4746,68.4845,11130
2026-07-29 14:43:00,68.4845,68.5043,68.4796,68.5043,10461
2026-07-29 14:44:00,68.5077,68.5081,68.4994,68.5043,18974
2026-07-29 14:45:00,68.5043,68.5093,68.4994,68.5043,13056
2026-07-29 14:46:00,68.5043,68.5043,68.4697,68.4845,30066
2026-07-29 14:47:00,68.4854,68.4878,68.4643,68.4647,21111
2026-07-29 14:48:00,68.4697,68.4697,68.4103,68.4202,36832
2026-07-29 14:49:00,68.4202,68.435,68.4152,68.4251,16483
2026-07-29 14:50:00,68.4251,68.4449,68.4251,68.4449,14749
2026-07-29 14:51:00,68.4449,68.4499,68.4301,68.44,13621
2026-07-29 14:52:00,68.435,68.435,68.3855,68.3954,29729
2026-07-29 14:53:00,68.3954,68.4053,68.3806,68.4053,20163
2026-07-29 14:54:00,68.4053,68.44,68.4051,68.435,11511
2026-07-29 14:55:00,68.435,68.435,68.4152,68.4152,31351
2026-07-29 14:56:00,68.4251,68.4251,68.4004,68.4053,17973
2026-07-29 14:57:00,68.4083,68.4103,68.3905,68.3954,39677
2026-07-29 14:58:00,68.4004,68.4004,68.3806,68.3905,15047
2026-07-29 14:59:00,68.3905,68.4004,68.3855,68.3954,50396
2026-07-29 15:00:00,68.3954,68.4004,68.3311,68.341,29486
2026-07-29 15:01:00,68.336,68.336,68.2865,68.2865,30001
2026-07-29 15:02:00,68.2816,68.3113,68.2816,68.2964,30797
2026-07-29 15:03:00,68.2964,68.3113,68.2915,68.2964,26043
2026-07-29 15:04:00,68.3014,68.3212,68.2915,68.2964,34325
2026-07-29 15:05:00,68.2964,68.3012,68.2915,68.2964,11178
2026-07-29 15:06:00,68.2964,68.3113,68.2915,68.3063,24541
2026-07-29 15:07:00,68.3063,68.341,68.3014,68.3261,37059
2026-07-29 15:08:00,68.3261,68.3459,68.3212,68.3459,14558
2026-07-29 15:09:00,68.3459,68.3509,68.341,68.3459,8364
2026-07-29 15:10:00,68.3459,68.3459,68.3014,68.3063,32114
2026-07-29 15:11:00,68.3063,68.3113,68.3014,68.3063,16413
2026-07-29 15:12:00,68.3063,68.3113,68.3014,68.3063,22633
2026-07-29 15:13:00,68.3113,68.3162,68.2915,68.2933,33963
2026-07-29 15:14:00,68.2964,68.3113,68.2964,68.3063,18007
2026-07-29 15:15:00,68.3063,68.3113,68.3014,68.3063,13317
2026-07-29 15:16:00,68.3063,68.3212,68.3014,68.3212,26122
2026-07-29 15:17:00,68.3143,68.3162,68.2915,68.3063,28570
2026-07-29 15:18:00,68.3063,68.3113,68.2816,68.3063,49390
2026-07-29 15:19:00,68.3113,68.3113,68.2865,68.3063,30627
2026-07-29 15:20:00,68.3014,68.3162,68.2915,68.3063,48148
2026-07-29 15:21:00,68.3063,68.3113,68.2865,68.3014,28440
2026-07-29 15:22:00,68.2915,68.3113,68.2865,68.3063,22326
2026-07-29 15:23:00,68.3063,68.3509,68.305,68.3459,29218
2026-07-29 15:24:00,68.3459,68.3608,68.3459,68.3558,28739
2026-07-29 15:25:00,68.3558,68.3608,68.3212,68.3261,22604
2026-07-29 15:26:00,68.3261,68.3311,68.3063,68.3113,39268
2026-07-29 15:27:00,68.3113,68.3459,68.3051,68.3261,33119
2026-07-29 15:28:00,68.3311,68.341,68.3134,68.3212,37540
2026-07-29 15:29:00,68.3212,68.3277,68.3014,68.3036,18255
2026-07-29 15:30:00,68.3063,68.3212,68.2964,68.3113,63112
2026-07-29 15:31:00,68.3063,68.3212,68.2915,68.3162,25209
2026-07-29 15:32:00,68.3162,68.3459,68.3113,68.3459,36933
2026-07-29 15:33:00,68.3459,68.3756,68.3459,68.3707,35057
2026-07-29 15:34:00,68.3657,68.3905,68.3608,68.3855,24377
2026-07-29 15:35:00,68.3855,68.3905,68.3657,68.3756,34618
2026-07-29 15:36:00,68.3756,68.3905,68.3311,68.3311,38100
2026-07-29 15:37:00,68.341,68.3608,68.3212,68.3558,39369
2026-07-29 15:38:00,68.3558,68.3905,68.3509,68.3608,48884
2026-07-29 15:39:00,68.3657,68.3707,68.3537,68.3656,28117
2026-07-29 15:40:00,68.3657,68.3806,68.3608,68.3707,17036
2026-07-29 15:41:00,68.3657,68.3905,68.3608,68.3855,33318
2026-07-29 15:42:00,68.3855,68.3855,68.3459,68.3459,23280
2026-07-29 15:43:00,68.3475,68.3806,68.341,68.3806,39644
2026-07-29 15:44:00,68.3806,68.4103,68.3806,68.4026,37586
2026-07-29 15:45:00,68.4053,68.44,68.4053,68.435,42979
2026-07-29 15:46:00,68.435,68.4598,68.4004,68.44,50192
2026-07-29 15:47:00,68.44,68.4944,68.435,68.4944,40410
2026-07-29 15:48:00,68.4944,68.5241,68.4746,68.5192,60905
2026-07-29 15:49:00,68.5093,68.5538,68.5043,68.5429,56141
2026-07-29 15:50:00,68.5489,68.5639,68.534,68.5538,60224
2026-07-29 15:51:00,68.5538,68.5983,68.5192,68.5588,63919
2026-07-29 15:52:00,68.5637,68.5637,68.5291,68.5439,83251
2026-07-29 15:53:00,68.5439,68.5538,68.5093,68.5538,77166
2026-07-29 15:54:00,68.5538,68.5588,68.539,68.5538,73332
2026-07-29 15:55:00,68.5588,68.5588,68.5142,68.5142,87527
2026-07-29 15:56:00,68.5142,68.5489,68.5093,68.539,127398
2026-07-29 15:57:00,68.539,68.539,68.4994,68.4994,97745
2026-07-29 15:58:00,68.5093,68.5291,68.4796,68.5241,221374
2026-07-29 15:59:00,68.5241,68.5291,68.4499,68.4796,389644
2026-07-30 09:30:00,68.4796,68.4895,68.0737,68.0737,312837
2026-07-30 09:31:00,68.1034,68.2321,68.0935,68.1232,51616
2026-07-30 09:32:00,68.1282,68.2024,67.8856,68.0391,86708
2026-07-30 09:33:00,68.044,68.0836,67.8856,67.9153,58698
2026-07-30 09:34:00,67.9351,67.9846,67.8856,67.9153,95226
2026-07-30 09:35:00,67.9203,68.0143,67.8757,67.8955,61865
2026-07-30 09:36:00,67.8955,67.9252,67.757,67.9153,87379
2026-07-30 09:37:00,67.8955,67.9252,67.7768,67.7916,39339
2026-07-30 09:38:00,67.7965,67.9648,67.7965,67.9648,45417
2026-07-30 09:39:00,67.9599,67.9648,67.8361,67.846,64109
2026-07-30 09:40:00,67.8559,67.8658,67.7769,67.8658,50061
2026-07-30 09:41:00,67.8757,67.8757,67.7867,67.8114,44661
2026-07-30 09:42:00,67.8312,67.9252,67.8064,67.8981,39989
2026-07-30 09:43:00,67.9153,67.9648,67.846,67.8807,24462
2026-07-30 09:44:00,67.8757,67.9153,67.8559,67.8757,65375
2026-07-30 09:45:00,67.8757,67.9153,67.7669,67.7867,30481
2026-07-30 09:46:00,67.7848,67.8163,67.7273,67.7867,38913
2026-07-30 09:47:00,67.7867,67.7965,67.7372,67.757,51923
2026-07-30 09:48:00,67.757,67.757,67.6877,67.6877,29822
2026-07-30 09:49:00,67.6976,67.754,67.6679,67.6877,36073
2026-07-30 09:50:00,67.6778,67.7273,67.6406,67.6481,40445
2026-07-30 09:51:00,67.6481,67.6877,67.6134,67.6184,33178
2026-07-30 09:52:00,67.6184,67.6283,67.5986,67.5986,31257
2026-07-30 09:53:00,67.6085,67.6778,67.6035,67.6332,63977
2026-07-30 09:54:00,67.6332,67.7075,67.6332,67.7075,20704
2026-07-30 09:55:00,67.6976,67.757,67.6689,67.757,35487
2026-07-30 09:56:00,67.7471,67.7471,67.6679,67.6778,19572
2026-07-30 09:57:00,67.6778,67.7965,67.6778,67.7867,27669
2026-07-30 09:58:00,67.7867,67.7867,67.7273,67.7473,28005
2026-07-30 09:59:00,67.7471,67.7471,67.7174,67.7372,22808
2026-07-30 10:00:00,67.7322,67.7768,67.7273,67.7481,41473
2026-07-30 10:01:00,67.752,67.7669,67.6728,67.6778,40195
2026-07-30 10:02:00,67.6827,67.7273,67.6778,67.7075,36788
2026-07-30 10:03:00,67.7025,67.7669,67.6778,67.7025,24016
2026-07-30 10:04:00,67.6976,67.7867,67.6976,67.7372,33384
2026-07-30 10:05:00,67.7421,67.8213,67.7322,67.8015,29205
2026-07-30 10:06:00,67.8015,67.8411,67.7768,67.8262,27234
2026-07-30 10:07:00,67.8262,67.8856,67.8262,67.8807,32585
2026-07-30 10:08:00,67.8658,67.9054,67.8262,67.8943,55498
2026-07-30 10:09:00,67.8906,67.935,67.8757,67.9302,21517
2026-07-30 10:10:00,67.9252,67.9896,67.9148,67.9747,25859
2026-07-30 10:11:00,67.9747,68.0391,67.9549,68.0094,56213
2026-07-30 10:12:00,68.0102,68.0836,68.0102,68.0836,21431
2026-07-30 10:13:00,68.0836,68.0836,67.9252,67.9252,57192
2026-07-30 10:14:00,67.9302,67.9648,67.9073,67.9073,53260
2026-07-30 10:15:00,67.9104,67.9153,67.7817,67.8163,91191
2026-07-30 10:16:00,67.8114,67.8411,67.7867,67.8361,32872
2026-07-30 10:17:00,67.8361,67.851,67.7817,67.7867,30991
2026-07-30 10:18:00,67.7817,67.846,67.7669,67.7678,27611
2026-07-30 10:19:00,67.7768,67.7965,67.7174,67.7174,38054
2026-07-30 10:20:00,67.7223,67.8163,67.7174,67.8163,66583
2026-07-30 10:21:00,67.8114,67.8559,67.7867,67.8163,37196
2026-07-30 10:22:00,67.8262,67.8572,67.8064,67.8572,36621
2026-07-30 10:23:00,67.8658,67.8757,67.8163,67.8262,35226
2026-07-30 10:24:00,67.8312,67.9054,67.8312,67.9005,38859
2026-07-30 10:25:00,67.9054,67.9252,67.8609,67.9153,29072
2026-07-30 10:26:00,67.9203,67.9351,67.8757,67.8757,29227
2026-07-30 10:27:00,67.8757,67.9104,67.8708,67.9104,35766
2026-07-30 10:28:00,67.9054,67.945,67.8906,67.9401,28937
2026-07-30 10:29:00,67.9401,67.945,67.8955,67.9054,34259
2026-07-30 10:30:00,67.9104,67.945,67.9104,67.9302,26074
2026-07-30 10:31:00,67.9327,68.0094,67.9302,68.0094,25900
2026-07-30 10:32:00,68.0094,68.0094,67.945,67.9896,61913
2026-07-30 10:33:00,67.9896,68.0044,67.9846,67.9995,21107
2026-07-30 10:34:00,67.9995,68.0366,67.95,67.9991,68263
2026-07-30 10:35:00,67.9995,68.0143,67.9648,67.9736,39921
2026-07-30 10:36:00,67.9698,67.9747,67.9401,67.945,35338
2026-07-30 10:37:00,67.949,67.95,67.9203,67.9302,42759
2026-07-30 10:38:00,67.9302,67.9302,67.9054,67.9054,40909
2026-07-30 10:39:00,67.9054,67.9599,67.8955,67.9401,65028
2026-07-30 10:40:00,67.9351,67.9648,67.9252,67.945,40840
2026-07-30 10:41:00,67.95,67.9945,67.9252,67.95,94786
2026-07-30 10:42:00,67.9467,67.9846,67.9252,67.9401,86850
2026-07-30 10:43:00,67.9352,68.0242,67.9352,67.9945,31299
2026-07-30 10:44:00,67.9945,68.044,67.9846,68.0391,35888
2026-07-30 10:45:00,68.0341,68.0539,67.9945,67.9995,90895
2026-07-30 10:46:00,67.9995,68.0935,67.9945,68.0787,52987
2026-07-30 10:47:00,68.0737,68.0836,68.0242,68.0737,56183
2026-07-30 10:48:00,68.0737,68.0985,68.0391,68.0935,44945
2026-07-30 10:49:00,68.1034,68.1329,68.0935,68.1183,49458
2026-07-30 10:50:00,68.1231,68.1293,68.0935,68.1183,26824
2026-07-30 10:51:00,68.1183,68.1529,68.0935,68.1529,24555
2026-07-30 10:52:00,68.1529,68.1579,68.1133,68.1331,50123
2026-07-30 10:53:00,68.143,68.1925,68.1282,68.1727,43850
2026-07-30 10:54:00,68.1777,68.1777,68.0886,68.1183,47508
2026-07-30 10:55:00,68.1232,68.1331,68.0836,68.0886,35280
2026-07-30 10:56:00,68.0886,68.1133,68.0836,68.1034,25116
2026-07-30 10:57:00,68.0935,68.1925,68.0886,68.1826,36235
2026-07-30 10:58:00,68.1826,68.1974,68.1534,68.1902,15700
2026-07-30 10:59:00,68.1875,68.2717,68.1875,68.242,57417
2026-07-30 11:00:00,68.2421,68.2519,68.1282,68.1282,26840
2026-07-30 11:01:00,68.1282,68.1727,68.1133,68.1579,19795
2026-07-30 11:02:00,68.1579,68.1826,68.1331,68.1331,19041
2026-07-30 11:03:00,68.1279,68.2192,68.1279,68.2172,18701
2026-07-30 11:04:00,68.2172,68.242,68.2123,68.237,13335
2026-07-30 11:05:00,68.237,68.3113,68.237,68.3113,24448
2026-07-30 11:06:00,68.3063,68.3112,68.2618,68.2654,48961
2026-07-30 11:07:00,68.2667,68.2816,68.2123,68.2717,45438
2026-07-30 11:08:00,68.2717,68.3212,68.2618,68.3014,21024
2026-07-30 11:09:00,68.2964,68.3459,68.2964,68.336,12641
2026-07-30 11:10:00,68.336,68.336,68.2915,68.3014,17727
2026-07-30 11:11:00,68.2964,68.3014,68.237,68.2519,25626
2026-07-30 11:12:00,68.2532,68.2915,68.2519,68.2568,37805
2026-07-30 11:13:00,68.2519,68.2717,68.2123,68.242,40136
2026-07-30 11:14:00,68.242,68.242,68.2073,68.242,24078
2026-07-30 11:15:00,68.237,68.3113,68.237,68.2964,43156
2026-07-30 11:16:00,68.2982,68.3311,68.2816,68.3311,17117
2026-07-30 11:17:00,68.341,68.3707,68.341,68.3509,31029
2026-07-30 11:18:00,68.341,68.3657,68.3212,68.3657,50437
2026-07-30 11:19:00,68.3558,68.3608,68.3014,68.3014,21987
2026-07-30 11:20:00,68.3014,68.3509,68.3014,68.3459,15827
2026-07-30 11:21:00,68.341,68.3509,68.3311,68.3311,14141
2026-07-30 11:22:00,68.3212,68.3707,68.3113,68.336,16622
2026-07-30 11:23:00,68.3355,68.3657,68.3261,68.3261,18437
2026-07-30 11:24:00,68.3261,68.3707,68.3261,68.3558,16561
2026-07-30 11:25:00,68.3558,68.3608,68.336,68.3459,22918
2026-07-30 11:26:00,68.3509,68.3905,68.3459,68.3657,20801
2026-07-30 11:27:00,68.3608,68.3707,68.3459,68.3558,14570
2026-07-30 11:28:00,68.3459,68.3459,68.2865,68.3014,20737
2026-07-30 11:29:00,68.3014,68.3311,68.2816,68.2816,34375
2026-07-30 11:30:00,68.2915,68.2915,68.242,68.2568,21572
2026-07-30 11:31:00,68.2469,68.336,68.2469,68.3311,15063
2026-07-30 11:32:00,68.336,68.4152,68.336,68.3756,26882
2026-07-30 11:33:00,68.3855,68.4004,68.3509,68.3954,13579
2026-07-30 11:34:00,68.3954,68.4004,68.3707,68.4004,29750
2026-07-30 11:35:00,68.4152,68.4251,68.3855,68.3855,18864
2026-07-30 11:36:00,68.4004,68.4053,68.3657,68.3707,12011
2026-07-30 11:37:00,68.3707,68.3855,68.3212,68.3212,38226
2026-07-30 11:38:00,68.3212,68.3311,68.3113,68.3113,17767
2026-07-30 11:39:00,68.3162,68.3459,68.3113,68.3311,16531
2026-07-30 11:40:00,68.3391,68.3391,68.3113,68.3212,15759
2026-07-30 11:41:00,68.3187,68.341,68.3113,68.3162,18222
2026-07-30 11:42:00,68.3113,68.3212,68.2717,68.2816,14622
2026-07-30 11:43:00,68.2915,68.3014,68.2766,68.3014,98250
2026-07-30 11:44:00,68.3014,68.341,68.3014,68.341,55064
2026-07-30 11:45:00,68.341,68.3608,68.2964,68.2964,293271
2026-07-30 11:46:00,68.3014,68.341,68.3014,68.3311,20262
2026-07-30 11:47:00,68.3212,68.3212,68.2915,68.2915,21849
2026-07-30 11:48:00,68.2865,68.2865,68.2701,68.2766,15036
2026-07-30 11:49:00,68.2717,68.3063,68.2618,68.2667,15847
2026-07-30 11:50:00,68.2667,68.3311,68.2618,68.2915,112015
2026-07-30 11:51:00,68.2915,68.2915,68.2321,68.2321,29928
2026-07-30 11:52:00,68.2321,68.2568,68.2271,68.2271,18160
2026-07-30 11:53:00,68.242,68.3063,68.2321,68.3014,16060
2026-07-30 11:54:00,68.3113,68.3212,68.2915,68.2951,14566
2026-07-30 11:55:00,68.2915,68.3113,68.2766,68.2964,11844
2026-07-30 11:56:00,68.2929,68.3261,68.2865,68.3029,16408
2026-07-30 11:57:00,68.3113,68.341,68.3014,68.3014,14399
2026-07-30 11:58:00,68.2964,68.3212,68.2816,68.3014,13550
2026-07-30 11:59:00,68.2964,68.3063,68.2816,68.3014,22392
2026-07-30 12:00:00,68.3014,68.3212,68.2915,68.3014,15374
2026-07-30 12:01:00,68.3014,68.3162,68.2915,68.3063,19462
2026-07-30 12:02:00,68.3088,68.3311,68.3063,68.3063,17790
2026-07-30 12:03:00,68.3103,68.3509,68.3014,68.3311,23544
2026-07-30 12:04:00,68.3261,68.3558,68.3261,68.3459,17524
2026-07-30 12:05:00,68.341,68.3893,68.336,68.3806,20509
2026-07-30 12:06:00,68.3806,68.3806,68.3459,68.3558,14492
2026-07-30 12:07:00,68.3509,68.3509,68.336,68.341,9242
2026-07-30 12:08:00,68.341,68.3806,68.341,68.3672,18479
2026-07-30 12:09:00,68.3707,68.3707,68.3608,68.3657,9832
2026-07-30 12:10:00,68.3707,68.3806,68.3558,68.3657,14922
2026-07-30 12:11:00,68.3657,68.4202,68.3657,68.4004,20389
2026-07-30 12:12:00,68.4004,68.435,68.3954,68.4152,20767
2026-07-30 12:13:00,68.4103,68.44,68.4103,68.4302,11604
2026-07-30 12:14:00,68.435,68.435,68.4103,68.4103,16911
2026-07-30 12:15:00,68.4004,68.4152,68.3806,68.4004,10203
2026-07-30 12:16:00,68.4053,68.4251,68.4004,68.4202,10501
2026-07-30 12:17:00,68.4103,68.4301,68.4103,68.4251,13620
2026-07-30 12:18:00,68.4202,68.4251,68.4103,68.4103,10427
2026-07-30 12:19:00,68.4004,68.4103,68.3667,68.3667,24055
2026-07-30 12:20:00,68.3707,68.44,68.3707,68.435,32861
2026-07-30 12:21:00,68.44,68.4598,68.4301,68.45,17047
2026-07-30 12:22:00,68.4598,68.4994,68.4598,68.4647,41818
2026-07-30 12:23:00,68.4697,68.4944,68.4697,68.4796,15017
2026-07-30 12:24:00,68.4857,68.4895,68.4599,68.4677,22099
2026-07-30 12:25:00,68.4647,68.4779,68.4548,68.4746,12368
2026-07-30 12:26:00,68.4796,68.534,68.4731,68.5241,19935
2026-07-30 12:27:00,68.5291,68.539,68.5093,68.539,18061
2026-07-30 12:28:00,68.534,68.5439,68.5105,68.534,12032
2026-07-30 12:29:00,68.534,68.5489,68.534,68.539,11492
2026-07-30 12:30:00,68.534,68.539,68.5193,68.5291,8318
2026-07-30 12:31:00,68.5241,68.534,68.5043,68.5093,13430
2026-07-30 12:32:00,68.5093,68.5093,68.4746,68.4746,14035
2026-07-30 12:33:00,68.4746,68.4845,68.4697,68.4796,9721
2026-07-30 12:34:00,68.4746,68.4796,68.4613,68.4746,11135
2026-07-30 12:35:00,68.4746,68.4994,68.4697,68.4845,14955
2026-07-30 12:36:00,68.4845,68.5241,68.4796,68.5142,13632
2026-07-30 12:37:00,68.5142,68.5192,68.4845,68.4845,13813
2026-07-30 12:38:00,68.4845,68.4895,68.4647,68.4697,14554
2026-07-30 12:39:00,68.4647,68.4697,68.4499,68.4499,16119
2026-07-30 12:40:00,68.4548,68.4598,68.44,68.4515,15233
2026-07-30 12:41:00,68.4548,68.4598,68.4301,68.4548,19818
2026-07-30 12:42:00,68.4499,68.4574,68.44,68.4474,10589
2026-07-30 12:43:00,68.4499,68.4548,68.4499,68.4548,7367
2026-07-30 12:44:00,68.4548,68.4796,68.4548,68.4796,13751
2026-07-30 12:45:00,68.4697,68.4746,68.4413,68.4499,17263
2026-07-30 12:46:00,68.4449,68.4548,68.4421,68.4449,10721
2026-07-30 12:47:00,68.4499,68.4499,68.4053,68.4202,23477
2026-07-30 12:48:00,68.4251,68.44,68.4251,68.44,4928
2026-07-30 12:49:00,68.4301,68.435,68.4152,68.4301,14787
2026-07-30 12:50:00,68.4301,68.4301,68.4202,68.4251,15348
2026-07-30 12:51:00,68.4301,68.44,68.4005,68.4103,48619
2026-07-30 12:52:00,68.4053,68.4103,68.3855,68.4103,26405
2026-07-30 12:53:00,68.4053,68.4598,68.4004,68.4598,35860
2026-07-30 12:54:00,68.4548,68.4598,68.435,68.435,11560
2026-07-30 12:55:00,68.435,68.44,68.4202,68.4251,10092
2026-07-30 12:56:00,68.44,68.4598,68.4301,68.4548,23800
2026-07-30 12:57:00,68.4548,68.4548,68.44,68.4499,10988
2026-07-30 12:58:00,68.4449,68.4598,68.44,68.44,25761
2026-07-30 12:59:00,68.4449,68.4697,68.435,68.435,21745
2026-07-30 13:00:00,68.435,68.4499,68.4212,68.4301,23833
2026-07-30 13:01:00,68.435,68.4376,68.4202,68.4202,5536
2026-07-30 13:02:00,68.4152,68.4301,68.4103,68.4103,16659
2026-07-30 13:03:00,68.4053,68.4053,68.3806,68.3905,18328
2026-07-30 13:04:00,68.3905,68.4003,68.3806,68.3855,9845
2026-07-30 13:05:00,68.3905,68.4301,68.3806,68.4251,26085
2026-07-30 13:06:00,68.4202,68.4202,68.4004,68.4202,16663
2026-07-30 13:07:00,68.4301,68.4499,68.4202,68.435,4436
2026-07-30 13:08:00,68.4301,68.435,68.4005,68.4053,14766
2026-07-30 13:09:00,68.4004,68.4103,68.3806,68.3806,16648
2026-07-30 13:10:00,68.3855,68.3905,68.3608,68.3608,12388
2026-07-30 13:11:00,68.3657,68.3657,68.3212,68.3311,20400
2026-07-30 13:12:00,68.3212,68.3261,68.3015,68.3015,28612
2026-07-30 13:13:00,68.3063,68.3162,68.2865,68.2964,16426
2026-07-30 13:14:00,68.2915,68.3014,68.2658,68.2667,22331
2026-07-30 13:15:00,68.2667,68.2865,68.2619,68.2667,12897
2026-07-30 13:16:00,68.2618,68.2717,68.2321,68.237,22109
2026-07-30 13:17:00,68.2321,68.242,68.2222,68.2321,12070
2026-07-30 13:18:00,68.2271,68.2617,68.2172,68.2321,26310
2026-07-30 13:19:00,68.2321,68.2469,68.2222,68.2322,26216
2026-07-30 13:20:00,68.2321,68.242,68.2024,68.2024,15180
2026-07-30 13:21:00,68.2059,68.2222,68.1925,68.2172,38462
2026-07-30 13:22:00,68.2172,68.2506,68.2123,68.2506,27775
2026-07-30 13:23:00,68.2519,68.2915,68.237,68.2667,66394
2026-07-30 13:24:00,68.2672,68.2964,68.1974,68.2024,169742
2026-07-30 13:25:00,68.2024,68.242,68.1777,68.1826,30118
2026-07-30 13:26:00,68.1777,68.242,68.1777,68.2271,21510
2026-07-30 13:27:00,68.2321,68.2321,68.2172,68.2222,13069
2026-07-30 13:28:00,68.2197,68.2321,68.1925,68.2024,17707
2026-07-30 13:29:00,68.1974,68.1974,68.1381,68.1628,39145
2026-07-30 13:30:00,68.153,68.1628,68.1034,68.1134,24694
2026-07-30 13:31:00,68.1133,68.1282,68.0985,68.0985,31708
2026-07-30 13:32:00,68.0935,68.1133,68.0737,68.0985,33108
2026-07-30 13:33:00,68.0935,68.0985,68.0539,68.0688,117824
2026-07-30 13:34:00,68.0688,68.0688,68.0242,68.049,41606
2026-07-30 13:35:00,68.049,68.0539,68.0243,68.0539,30294
2026-07-30 13:36:00,68.0589,68.0836,68.0391,68.044,17237
2026-07-30 13:37:00,68.049,68.0935,68.0466,68.0589,22594
2026-07-30 13:38:00,68.0539,68.0935,68.0341,68.0935,25818
2026-07-30 13:39:00,68.0935,68.0935,68.0341,68.0638,19004
2026-07-30 13:40:00,68.0589,68.0836,68.0292,68.049,26625
2026-07-30 13:41:00,68.044,68.049,68.0143,68.0341,20627
2026-07-30 13:42:00,68.0341,68.044,68.0094,68.0439,31975
2026-07-30 13:43:00,68.044,68.0737,68.0341,68.0638,12300
2026-07-30 13:44:00,68.0637,68.0935,68.044,68.049,39634
2026-07-30 13:45:00,68.0539,68.0836,68.049,68.0638,20801
2026-07-30 13:46:00,68.0688,68.0787,68.0242,68.049,22543
2026-07-30 13:47:00,68.0589,68.1123,68.0589,68.1123,14743
2026-07-30 13:48:00,68.1084,68.143,68.1034,68.1407,63594
2026-07-30 13:49:00,68.1381,68.1727,68.1381,68.1529,14069
2026-07-30 13:50:00,68.148,68.1875,68.143,68.1812,14096
2026-07-30 13:51:00,68.1812,68.1925,68.1727,68.1826,13929
2026-07-30 13:52:00,68.1826,68.1826,68.1529,68.1628,41324
2026-07-30 13:53:00,68.1579,68.237,68.1529,68.2321,40172
2026-07-30 13:54:00,68.2321,68.2519,68.2271,68.2321,30290
2026-07-30 13:55:00,68.2321,68.237,68.2123,68.2222,13049
2026-07-30 13:56:00,68.2172,68.2222,68.1829,68.1925,23078
2026-07-30 13:57:00,68.1826,68.2073,68.1727,68.1727,21548
2026-07-30 13:58:00,68.1777,68.1825,68.1331,68.1331,31880
2026-07-30 13:59:00,68.1381,68.1826,68.1331,68.1678,27914
2026-07-30 14:00:00,68.1727,68.1925,68.1034,68.1232,72108
2026-07-30 14:01:00,68.1232,68.1579,68.1133,68.1133,87232
2026-07-30 14:02:00,68.1133,68.148,68.1034,68.1232,31849
2026-07-30 14:03:00,68.1232,68.1232,68.0935,68.109,35471
2026-07-30 14:04:00,68.1133,68.1974,68.1034,68.1974,37426
2026-07-30 14:05:00,68.1974,68.2519,68.1925,68.2519,36403
2026-07-30 14:06:00,68.2618,68.2618,68.2321,68.2568,13518
2026-07-30 14:07:00,68.2519,68.2568,68.237,68.2469,22198
2026-07-30 14:08:00,68.242,68.2519,68.2024,68.2073,23519
2026-07-30 14:09:00,68.2123,68.2123,68.1875,68.2024,16297
2026-07-30 14:10:00,68.2123,68.2469,68.2123,68.2271,15133
2026-07-30 14:11:00,68.2321,68.2816,68.2271,68.2766,12860
2026-07-30 14:12:00,68.2766,68.336,68.2717,68.3212,25550
2026-07-30 14:13:00,68.3212,68.3212,68.2915,68.2964,17499
2026-07-30 14:14:00,68.2915,68.3014,68.2717,68.2717,39645
2026-07-30 14:15:00,68.2717,68.2816,68.1875,68.2519,53300
2026-07-30 14:16:00,68.2469,68.2519,68.1974,68.2073,18856
2026-07-30 14:17:00,68.2073,68.2519,68.2024,68.242,24640
2026-07-30 14:18:00,68.237,68.2519,68.2172,68.2469,29969
2026-07-30 14:19:00,68.242,68.242,68.1777,68.1777,30395
2026-07-30 14:20:00,68.1777,68.237,68.1628,68.237,17911
2026-07-30 14:21:00,68.2397,68.242,68.1925,68.2024,19442
2026-07-30 14:22:00,68.1925,68.2172,68.1529,68.1875,78594
2026-07-30 14:23:00,68.1875,68.2321,68.1628,68.1628,123984
2026-07-30 14:24:00,68.1628,68.1727,68.1529,68.1628,17857
2026-07-30 14:25:00,68.1628,68.1925,68.1628,68.1678,18256
2026-07-30 14:26:00,68.1678,68.2123,68.1678,68.1875,25886
2026-07-30 14:27:00,68.1875,68.2024,68.1826,68.1974,15845
2026-07-30 14:28:00,68.2024,68.2172,68.1628,68.2024,44642
2026-07-30 14:29:00,68.1925,68.1925,68.143,68.1875,58818
2026-07-30 14:30:00,68.1875,68.2321,68.1727,68.2271,24857
2026-07-30 14:31:00,68.2321,68.2453,68.2073,68.2123,32890
2026-07-30 14:32:00,68.2123,68.242,68.1925,68.237,20091
2026-07-30 14:33:00,68.237,68.2469,68.2172,68.2367,20959
2026-07-30 14:34:00,68.2321,68.2519,68.2222,68.2271,35448
2026-07-30 14:35:00,68.2271,68.2321,68.1875,68.2073,38453
2026-07-30 14:36:00,68.2024,68.2222,68.1579,68.179,32655
2026-07-30 14:37:00,68.1727,68.1946,68.1628,68.1875,26427
2026-07-30 14:38:00,68.1875,68.2222,68.1836,68.2172,20791
2026-07-30 14:39:00,68.2172,68.2321,68.2124,68.2271,16319
2026-07-30 14:40:00,68.2267,68.2271,68.2024,68.2222,33849
2026-07-30 14:41:00,68.2271,68.237,68.2024,68.2024,70665
2026-07-30 14:42:00,68.2024,68.2024,68.1875,68.1974,33232
2026-07-30 14:43:00,68.1974,68.1974,68.1331,68.1331,33930
2026-07-30 14:44:00,68.1282,68.1529,68.1282,68.148,28275
2026-07-30 14:45:00,68.143,68.1579,68.1133,68.1579,72119
2026-07-30 14:46:00,68.1579,68.1974,68.1577,68.1941,32062
2026-07-30 14:47:00,68.1974,68.1974,68.1628,68.1777,26559
2026-07-30 14:48:00,68.1777,68.1925,68.143,68.148,32008
2026-07-30 14:49:00,68.148,68.1826,68.143,68.1777,23883
2026-07-30 14:50:00,68.1777,68.2012,68.1628,68.1875,41813
2026-07-30 14:51:00,68.1974,68.2123,68.1777,68.1777,29720
2026-07-30 14:52:00,68.1826,68.2,68.1183,68.1232,39216
2026-07-30 14:53:00,68.1232,68.143,68.0638,68.1133,46341
2026-07-30 14:54:00,68.1084,68.1133,68.0668,68.1084,32197
2026-07-30 14:55:00,68.1133,68.1232,68.0836,68.0836,35877
2026-07-30 14:56:00,68.0886,68.1232,68.0836,68.1183,26809
2026-07-30 14:57:00,68.1282,68.1331,68.1034,68.1183,36990
2026-07-30 14:58:00,68.1183,68.1331,68.1133,68.1232,19047
2026-07-30 14:59:00,68.1133,68.1232,68.0836,68.0836,32187
2026-07-30 15:00:00,68.0935,68.1331,68.0737,68.133,38705
2026-07-30 15:01:00,68.1282,68.1579,68.1232,68.1331,26963
2026-07-30 15:02:00,68.1331,68.1331,68.0886,68.0935,32592
2026-07-30 15:03:00,68.0935,68.1232,68.0836,68.1133,34276
2026-07-30 15:04:00,68.1183,68.1232,68.0539,68.0539,25384
2026-07-30 15:05:00,68.0539,68.0848,68.0391,68.069,37204
2026-07-30 15:06:00,68.0688,68.1034,68.0589,68.1034,39873
2026-07-30 15:07:00,68.0935,68.0935,68.0688,68.0787,28868
2026-07-30 15:08:00,68.0787,68.0834,68.044,68.0688,31581
2026-07-30 15:09:00,68.0589,68.0638,68.0341,68.0391,19460
2026-07-30 15:10:00,68.0391,68.0439,67.9995,68.0242,54805
2026-07-30 15:11:00,68.0193,68.044,68.0044,68.0292,89202
2026-07-30 15:12:00,68.0292,68.0341,67.945,67.945,103795
2026-07-30 15:13:00,67.9351,67.945,67.8955,67.9153,82907
2026-07-30 15:14:00,67.9134,67.9549,67.9054,67.9484,81772
2026-07-30 15:15:00,67.9549,67.9698,67.9153,67.9203,46121
2026-07-30 15:16:00,67.9251,67.9351,67.8906,67.8955,41652
2026-07-30 15:17:00,67.8955,67.9153,67.8559,67.9104,50257
2026-07-30 15:18:00,67.9054,67.9153,67.846,67.846,53388
2026-07-30 15:19:00,67.846,67.8609,67.8163,67.8262,80248
2026-07-30 15:20:00,67.836,67.8906,67.8163,67.8856,50183
2026-07-30 15:21:00,67.8955,67.9351,67.8906,67.9203,43990
2026-07-30 15:22:00,67.9153,67.9351,67.9005,67.9302,41780
2026-07-30 15:23:00,67.9302,67.945,67.9203,67.9351,35093
2026-07-30 15:24:00,67.9401,67.9747,67.9302,67.9599,32519
2026-07-30 15:25:00,67.9599,68.0094,67.945,68.0094,42167
2026-07-30 15:26:00,68.0044,68.0094,67.95,67.9698,39704
2026-07-30 15:27:00,67.9724,67.9747,67.8658,67.8757,53521
2026-07-30 15:28:00,67.8807,67.8955,67.8559,67.8708,43808
2026-07-30 15:29:00,67.8708,67.8955,67.8708,67.8954,35116
2026-07-30 15:30:00,67.8906,67.8955,67.8559,67.8658,76684
2026-07-30 15:31:00,67.8609,67.8658,67.8163,67.8213,40866
2026-07-30 15:32:00,67.8213,67.8262,67.8015,67.8064,95354
2026-07-30 15:33:00,67.8064,67.8163,67.7817,67.7865,81844
2026-07-30 15:34:00,67.7817,67.8361,67.7817,67.8262,107882
2026-07-30 15:35:00,67.8262,67.9339,67.8213,67.9302,56764
2026-07-30 15:36:00,67.9252,67.95,67.8856,67.8856,60499
2026-07-30 15:37:00,67.8906,67.8906,67.846,67.846,45597
2026-07-30 15:38:00,67.8411,67.9153,67.8411,67.9104,39595
2026-07-30 15:39:00,67.9153,67.9995,67.9104,67.9995,44084
2026-07-30 15:40:00,67.9995,68.0094,67.9654,67.9945,51039
2026-07-30 15:41:00,67.9995,68.049,67.9846,67.9846,50825
2026-07-30 15:42:00,67.9846,68.0341,67.9698,68.0341,43165
2026-07-30 15:43:00,68.0341,68.1034,68.0341,68.0886,48045
2026-07-30 15:44:00,68.0886,68.1331,68.0886,68.1282,47967
2026-07-30 15:45:00,68.1282,68.148,68.1045,68.1232,63559
2026-07-30 15:46:00,68.1183,68.133,68.0836,68.0985,81653
2026-07-30 15:47:00,68.1034,68.1084,68.0242,68.0242,61614
2026-07-30 15:48:00,68.0341,68.0341,67.9747,67.9797,63328
2026-07-30 15:49:00,67.9797,68.0044,67.9648,67.9797,54266
2026-07-30 15:50:00,67.9846,68.044,67.9747,68.0292,133173
2026-07-30 15:51:00,68.0341,68.0539,67.8856,67.8955,125222
2026-07-30 15:52:00,67.9054,67.9401,67.8658,67.8807,92377
2026-07-30 15:53:00,67.8757,67.8955,67.846,67.8807,111863
2026-07-30 15:54:00,67.8757,67.9846,67.8757,67.9797,121740
2026-07-30 15:55:00,67.9797,68.0292,67.9747,67.9995,205642
2026-07-30 15:56:00,67.9945,68.0143,67.9747,67.9896,198912
2026-07-30 15:57:00,67.9896,67.9945,67.9054,67.9104,173937
2026-07-30 15:58:00,67.9104,67.945,67.8856,67.9005,248243
2026-07-30 15:59:00,67.9153,67.9599,67.8658,67.945,609834
2026-07-31 09:30:00,68.2123,68.2519,68.143,68.1826,198502
2026-07-31 09:31:00,68.1925,68.232,68.0539,68.0995,24798
2026-07-31 09:32:00,68.0935,68.1529,68.044,68.044,13163
2026-07-31 09:33:00,68.044,68.1331,68.0242,68.1133,20047
2026-07-31 09:34:00,68.1331,68.2123,68.1133,68.1579,21692
2026-07-31 09:35:00,68.143,68.1826,68.0935,68.143,23858
2026-07-31 09:36:00,68.143,68.2123,68.0737,68.0834,56425
2026-07-31 09:37:00,68.0836,68.0836,68.0044,68.0242,31907
2026-07-31 09:38:00,68.0242,68.0331,67.8658,67.8757,43671
2026-07-31 09:39:00,67.8906,67.9153,67.8559,67.8952,26443
2026-07-31 09:40:00,67.8658,67.9153,67.8262,67.8733,31753
2026-07-31 09:41:00,67.8658,67.9549,67.8658,67.9351,23083
2026-07-31 09:42:00,67.9252,67.9945,67.9198,67.9549,43240
2026-07-31 09:43:00,67.9549,67.9945,67.9153,67.9648,20043
2026-07-31 09:44:00,67.9645,67.9846,67.9351,67.9698,25440
2026-07-31 09:45:00,67.9698,68.0143,67.9549,68.0044,43771
2026-07-31 09:46:00,67.9896,68.0836,67.9648,68.0638,32865
2026-07-31 09:47:00,68.0737,68.1133,68.0688,68.0935,22529
2026-07-31 09:48:00,68.1034,68.1331,68.0737,68.1133,23099
2026-07-31 09:49:00,68.1133,68.1777,68.1133,68.1529,38550
2026-07-31 09:50:00,68.1826,68.2123,68.143,68.2073,33301
2026-07-31 09:51:00,68.2123,68.2816,68.2123,68.242,51605
2026-07-31 09:52:00,68.2321,68.242,68.2024,68.2222,14540
2026-07-31 09:53:00,68.2123,68.2271,68.0787,68.1331,39877
2026-07-31 09:54:00,68.1331,68.2024,68.1331,68.1974,14630
2026-07-31 09:55:00,68.1925,68.2222,68.1617,68.1727,14740
2026-07-31 09:56:00,68.1826,68.2123,68.1826,68.2123,13991
2026-07-31 09:57:00,68.2123,68.3212,68.2123,68.3014,57759
2026-07-31 09:58:00,68.3212,68.341,68.2816,68.3311,42441
2026-07-31 09:59:00,68.3212,68.3707,68.3212,68.3608,24898
2026-07-31 10:00:00,68.3509,68.3806,68.2915,68.2915,28424
2026-07-31 10:01:00,68.3063,68.3509,68.2816,68.2816,28140
2026-07-31 10:02:00,68.2766,68.341,68.2469,68.2618,31947
2026-07-31 10:03:00,68.2667,68.2717,68.2222,68.2519,20360
2026-07-31 10:04:00,68.2519,68.2519,68.1628,68.2024,30497
2026-07-31 10:05:00,68.2073,68.2123,68.143,68.1777,28464
2026-07-31 10:06:00,68.1777,68.2024,68.1678,68.1875,26131
2026-07-31 10:07:00,68.1925,68.2519,68.1826,68.2479,58436
2026-07-31 10:08:00,68.2519,68.2915,68.2469,68.2914,33439
2026-07-31 10:09:00,68.2816,68.2816,68.2321,68.2321,22201
2026-07-31 10:10:00,68.2321,68.2915,68.2024,68.2071,62488
2026-07-31 10:11:00,68.211,68.2222,68.1628,68.2123,29517
2026-07-31 10:12:00,68.2172,68.2667,68.2123,68.2172,23325
2026-07-31 10:13:00,68.2172,68.242,68.2123,68.2271,25719
2026-07-31 10:14:00,68.2223,68.2321,68.1727,68.1743,20708
2026-07-31 10:15:00,68.1826,68.2321,68.1826,68.2321,16156
2026-07-31 10:16:00,68.2321,68.2816,68.2123,68.2172,21113
2026-07-31 10:17:00,68.2222,68.2321,68.2024,68.2172,14750
2026-07-31 10:18:00,68.2123,68.2717,68.2123,68.242,33735
2026-07-31 10:19:00,68.237,68.2618,68.2321,68.2568,22134
2026-07-31 10:20:00,68.2618,68.3113,68.2618,68.2766,30331
2026-07-31 10:21:00,68.2766,68.3113,68.2717,68.2964,28654
2026-07-31 10:22:00,68.3014,68.341,68.3014,68.3112,34729
2026-07-31 10:23:00,68.3063,68.3113,68.2618,68.2964,27980
2026-07-31 10:24:00,68.3014,68.3509,68.2915,68.3509,34105
2026-07-31 10:25:00,68.3509,68.3509,68.2964,68.3014,54254
2026-07-31 10:26:00,68.3014,68.3311,68.3014,68.3311,26882
2026-07-31 10:27:00,68.3261,68.3311,68.3063,68.3113,19657
2026-07-31 10:28:00,68.3063,68.3113,68.2731,68.2816,28492
2026-07-31 10:29:00,68.2766,68.2816,68.2222,68.2271,21503
2026-07-31 10:30:00,68.2271,68.2474,68.2036,68.2469,26396
2026-07-31 10:31:00,68.242,68.2568,68.2222,68.2321,21430
2026-07-31 10:32:00,68.2321,68.2321,68.1739,68.1875,26013
2026-07-31 10:33:00,68.1925,68.1925,68.1529,68.1596,28601
2026-07-31 10:34:00,68.1628,68.1925,68.1529,68.1875,43664
2026-07-31 10:35:00,68.1925,68.1925,68.1183,68.1183,31236
2026-07-31 10:36:00,68.1232,68.1232,68.0638,68.0638,27349
2026-07-31 10:37:00,68.0688,68.0737,68.0222,68.0292,50300
2026-07-31 10:38:00,68.0242,68.0886,68.0242,68.0836,34646
2026-07-31 10:39:00,68.0737,68.0787,68.054,68.0688,20205
2026-07-31 10:40:00,68.0688,68.143,68.0688,68.1282,28801
2026-07-31 10:41:00,68.1232,68.1727,68.1183,68.1575,30390
2026-07-31 10:42:00,68.1579,68.1586,68.1084,68.1325,35594
2026-07-31 10:43:00,68.1331,68.1678,68.1331,68.1678,17585
2026-07-31 10:44:00,68.1875,68.2073,68.1777,68.1925,26846
2026-07-31 10:45:00,68.1974,68.242,68.1974,68.237,25601
2026-07-31 10:46:00,68.237,68.2915,68.237,68.2865,28753
2026-07-31 10:47:00,68.2915,68.3162,68.2816,68.2915,30381
2026-07-31 10:48:00,68.2964,68.3162,68.2915,68.2964,23929
2026-07-31 10:49:00,68.2915,68.2915,68.2718,68.2766,18751
2026-07-31 10:50:00,68.2766,68.3212,68.2766,68.3014,24513
2026-07-31 10:51:00,68.3113,68.3162,68.2915,68.2964,12771
2026-07-31 10:52:00,68.2964,68.3311,68.2964,68.3297,25935
2026-07-31 10:53:00,68.3311,68.341,68.3014,68.3212,58980
2026-07-31 10:54:00,68.3261,68.3385,68.3113,68.3356,14746
2026-07-31 10:55:00,68.336,68.3459,68.336,68.341,18761
2026-07-31 10:56:00,68.341,68.3509,68.3311,68.3459,33997
2026-07-31 10:57:00,68.3459,68.3707,68.3459,68.3657,27088
2026-07-31 10:58:00,68.3657,68.3756,68.3411,68.3657,42350
2026-07-31 10:59:00,68.3657,68.3707,68.3459,68.3459,52356
2026-07-31 11:00:00,68.3459,68.3608,68.3311,68.3558,35266
2026-07-31 11:01:00,68.3558,68.3657,68.3311,68.3311,29637
2026-07-31 11:02:00,68.336,68.336,68.3113,68.3212,17880
2026-07-31 11:03:00,68.3162,68.3806,68.3162,68.3695,21874
2026-07-31 11:04:00,68.3608,68.3756,68.3558,68.3756,16061
2026-07-31 11:05:00,68.3708,68.4301,68.3708,68.4251,37876
2026-07-31 11:06:00,68.4202,68.4684,68.4103,68.4647,29700
2026-07-31 11:07:00,68.4598,68.4895,68.4401,68.4401,31056
2026-07-31 11:08:00,68.4499,68.4647,68.44,68.4499,20989
2026-07-31 11:09:00,68.4598,68.4796,68.4598,68.4609,16812
2026-07-31 11:10:00,68.4697,68.4697,68.4202,68.4202,32805
2026-07-31 11:11:00,68.4251,68.44,68.4103,68.4103,39238
2026-07-31 11:12:00,68.4152,68.4152,68.3707,68.3707,16774
2026-07-31 11:13:00,68.379,68.379,68.3509,68.3608,20936
2026-07-31 11:14:00,68.3657,68.4004,68.3648,68.3756,50677
2026-07-31 11:15:00,68.3756,68.4202,68.3742,68.3954,30857
2026-07-31 11:16:00,68.3954,68.4449,68.3954,68.435,33499
2026-07-31 11:17:00,68.4301,68.435,68.4103,68.413,16584
2026-07-31 11:18:00,68.4202,68.435,68.4103,68.4165,39771
2026-07-31 11:19:00,68.4152,68.4298,68.3954,68.3954,92265
2026-07-31 11:20:00,68.3954,68.3954,68.3657,68.3657,70020
2026-07-31 11:21:00,68.3657,68.4499,68.3657,68.4498,24055
2026-07-31 11:22:00,68.44,68.4598,68.4301,68.4598,24862
2026-07-31 11:23:00,68.4598,68.4845,68.4449,68.4598,54108
2026-07-31 11:24:00,68.4548,68.4796,68.4499,68.4796,40178
2026-07-31 11:25:00,68.4746,68.5192,68.4647,68.5177,18348
2026-07-31 11:26:00,68.5142,68.5489,68.5142,68.5489,15009
2026-07-31 11:27:00,68.5538,68.5538,68.4944,68.4944,33867
2026-07-31 11:28:00,68.4994,68.5192,68.4994,68.5192,54891
2026-07-31 11:29:00,68.5142,68.5439,68.5093,68.5439,17748
2026-07-31 11:30:00,68.534,68.5736,68.534,68.5736,33472
2026-07-31 11:31:00,68.5786,68.5934,68.5291,68.5291,25792
2026-07-31 11:32:00,68.5093,68.5142,68.4895,68.5142,40081
2026-07-31 11:33:00,68.5095,68.5096,68.4697,68.4895,35615
2026-07-31 11:34:00,68.4895,68.5192,68.4861,68.5093,18732
2026-07-31 11:35:00,68.5192,68.5786,68.5192,68.5786,21933
2026-07-31 11:36:00,68.5736,68.5884,68.5093,68.5391,80389
2026-07-31 11:37:00,68.5439,68.5588,68.539,68.5538,15141
2026-07-31 11:38:00,68.5538,68.5983,68.5538,68.5885,18477
2026-07-31 11:39:00,68.5983,68.6082,68.5687,68.5711,20078
2026-07-31 11:40:00,68.5736,68.5934,68.5687,68.5934,18925
2026-07-31 11:41:00,68.5983,68.6379,68.5983,68.6231,39595
2026-07-31 11:42:00,68.628,68.6379,68.6231,68.628,39221
2026-07-31 11:43:00,68.633,68.6676,68.633,68.6675,29936
2026-07-31 11:44:00,68.6676,68.6825,68.6627,68.6726,36954
2026-07-31 11:45:00,68.6726,68.7072,68.6726,68.6924,77295
2026-07-31 11:46:00,68.68,68.727,68.6676,68.727,68873
2026-07-31 11:47:00,68.732,68.732,68.7072,68.732,28612
2026-07-31 11:48:00,68.732,68.7369,68.6577,68.6825,53831
2026-07-31 11:49:00,68.6874,68.6973,68.6577,68.6775,80089
2026-07-31 11:50:00,68.6874,68.6874,68.5884,68.6033,27653
2026-07-31 11:51:00,68.5984,68.6528,68.5983,68.6305,27315
2026-07-31 11:52:00,68.628,68.6676,68.6132,68.6627,24519
2026-07-31 11:53:00,68.6676,68.6973,68.6528,68.6924,23078
2026-07-31 11:54:00,68.6874,68.6973,68.6775,68.6825,20118
2026-07-31 11:55:00,68.6825,68.6973,68.6775,68.6973,33861
2026-07-31 11:56:00,68.6973,68.6973,68.6676,68.6726,34575
2026-07-31 11:57:00,68.6726,68.6726,68.6181,68.633,26258
2026-07-31 11:58:00,68.628,68.6379,68.6101,68.6101,20370
2026-07-31 11:59:00,68.6132,68.6429,68.6132,68.628,22496
2026-07-31 12:00:00,68.6379,68.6478,68.628,68.6429,14329
2026-07-31 12:01:00,68.6429,68.6528,68.6181,68.6181,19149
2026-07-31 12:02:00,68.6165,68.6165,68.5588,68.5671,19787
2026-07-31 12:03:00,68.5588,68.5884,68.5588,68.5786,16235
2026-07-31 12:04:00,68.5786,68.5786,68.534,68.534,23262
2026-07-31 12:05:00,68.5291,68.5291,68.4697,68.4895,28190
2026-07-31 12:06:00,68.4796,68.4895,68.4499,68.4499,35243
2026-07-31 12:07:00,68.4598,68.4994,68.4548,68.4796,32666
2026-07-31 12:08:00,68.4796,68.4796,68.44,68.44,22853
2026-07-31 12:09:00,68.435,68.4355,68.4004,68.4202,31363
2026-07-31 12:10:00,68.4152,68.4301,68.3905,68.3954,46490
2026-07-31 12:11:00,68.3954,68.44,68.3905,68.4302,17649
2026-07-31 12:12:00,68.4301,68.4301,68.4103,68.4287,12110
2026-07-31 12:13:00,68.4301,68.4598,68.4202,68.4567,24067
2026-07-31 12:14:00,68.4548,68.5241,68.4499,68.5142,32376
2026-07-31 12:15:00,68.5192,68.539,68.4895,68.4944,58378
2026-07-31 12:16:00,68.4944,68.5093,68.4499,68.4548,35460
2026-07-31 12:17:00,68.4548,68.4647,68.4251,68.4548,29451
2026-07-31 12:18:00,68.4598,68.4895,68.4598,68.4682,24183
2026-07-31 12:19:00,68.4647,68.4746,68.4499,68.4598,14363
2026-07-31 12:20:00,68.4548,68.4598,68.4007,68.4007,15092
2026-07-31 12:21:00,68.4053,68.4103,68.3806,68.3906,41834
2026-07-31 12:22:00,68.3905,68.4004,68.3756,68.3789,26819
2026-07-31 12:23:00,68.3756,68.3806,68.3261,68.3261,16627
2026-07-31 12:24:00,68.3249,68.3509,68.3212,68.331,35464
2026-07-31 12:25:00,68.3261,68.3509,68.3261,68.3459,26108
2026-07-31 12:26:00,68.341,68.3756,68.341,68.3756,38461
2026-07-31 12:27:00,68.3756,68.3806,68.341,68.3707,16340
2026-07-31 12:28:00,68.3707,68.3905,68.3509,68.3657,18060
2026-07-31 12:29:00,68.3657,68.4548,68.3657,68.4349,19815
2026-07-31 12:30:00,68.4389,68.44,68.4004,68.4004,14449
2026-07-31 12:31:00,68.3954,68.4152,68.3954,68.4004,36768
2026-07-31 12:32:00,68.3954,68.4004,68.3657,68.3657,11432
2026-07-31 12:33:00,68.3657,68.3889,68.3657,68.3756,10855
2026-07-31 12:34:00,68.3756,68.3855,68.3558,68.3608,17524
2026-07-31 12:35:00,68.3707,68.3756,68.3608,68.3657,10118
2026-07-31 12:36:00,68.3689,68.4004,68.336,68.3842,59421
2026-07-31 12:37:00,68.3856,68.3905,68.3707,68.3806,11756
2026-07-31 12:38:00,68.3707,68.3905,68.3558,68.3855,13571
2026-07-31 12:39:00,68.3855,68.4004,68.3855,68.3969,10073
2026-07-31 12:40:00,68.3954,68.4004,68.3707,68.3855,29375
2026-07-31 12:41:00,68.3905,68.4152,68.3509,68.3855,32224
2026-07-31 12:42:00,68.3905,68.4004,68.3608,68.3608,21039
2026-07-31 12:43:00,68.3608,68.3608,68.3212,68.3261,13357
2026-07-31 12:44:00,68.336,68.3509,68.3113,68.3162,13755
2026-07-31 12:45:00,68.3212,68.3608,68.3162,68.3558,21827
2026-07-31 12:46:00,68.3608,68.3806,68.3459,68.3608,21521
2026-07-31 12:47:00,68.3657,68.3959,68.363,68.3954,20211
2026-07-31 12:48:00,68.3954,68.4301,68.3806,68.3855,34029
2026-07-31 12:49:00,68.3855,68.4004,68.3756,68.3855,24258
2026-07-31 12:50:00,68.3855,68.3905,68.3657,68.3657,15798
2026-07-31 12:51:00,68.3657,68.4004,68.3608,68.3954,31640
2026-07-31 12:52:00,68.3954,68.4202,68.3855,68.4004,16652
2026-07-31 12:53:00,68.4103,68.4499,68.4103,68.4499,10579
2026-07-31 12:54:00,68.4598,68.4895,68.4548,68.4894,12899
2026-07-31 12:55:00,68.4796,68.4994,68.4796,68.4845,9999
2026-07-31 12:56:00,68.4845,68.5043,68.4798,68.4994,13158
2026-07-31 12:57:00,68.4944,68.5065,68.4697,68.4697,14520
2026-07-31 12:58:00,68.4796,68.4895,68.4746,68.4746,9988
2026-07-31 12:59:00,68.4697,68.4895,68.4647,68.4796,11949
2026-07-31 13:00:00,68.4845,68.5291,68.4796,68.5142,15808
2026-07-31 13:01:00,68.5182,68.534,68.5093,68.5142,14530
2026-07-31 13:02:00,68.5192,68.539,68.5142,68.539,13001
2026-07-31 13:03:00,68.534,68.5489,68.5241,68.5241,15615
2026-07-31 13:04:00,68.5254,68.539,68.5254,68.534,39898
2026-07-31 13:05:00,68.534,68.539,68.4994,68.5291,39908
2026-07-31 13:06:00,68.5007,68.5291,68.4994,68.4994,24819
2026-07-31 13:07:00,68.5043,68.5192,68.4796,68.5142,48458
2026-07-31 13:08:00,68.5142,68.5254,68.5142,68.5241,9897
2026-07-31 13:09:00,68.5241,68.5687,68.5142,68.5489,34340
2026-07-31 13:10:00,68.5538,68.5588,68.5192,68.5216,22577
2026-07-31 13:11:00,68.5241,68.539,68.5093,68.5291,19825
2026-07-31 13:12:00,68.534,68.5637,68.5291,68.5637,10719
2026-07-31 13:13:00,68.5687,68.5687,68.5538,68.5538,27692
2026-07-31 13:14:00,68.5538,68.5588,68.539,68.5439,14268
2026-07-31 13:15:00,68.5439,68.5588,68.5332,68.5489,15857
2026-07-31 13:16:00,68.5449,68.5588,68.539,68.5439,12295
2026-07-31 13:17:00,68.5489,68.5588,68.5192,68.5241,18910
2026-07-31 13:18:00,68.5289,68.5687,68.5218,68.5637,21160
2026-07-31 13:19:00,68.5637,68.5687,68.5291,68.534,17831
2026-07-31 13:20:00,68.534,68.5786,68.534,68.5736,15240
2026-07-31 13:21:00,68.5736,68.5786,68.5588,68.5736,22497
2026-07-31 13:22:00,68.5687,68.5884,68.5687,68.5835,17749
2026-07-31 13:23:00,68.5835,68.6181,68.5786,68.6034,25803
2026-07-31 13:24:00,68.6033,68.628,68.5983,68.6231,16377
2026-07-31 13:25:00,68.6231,68.6379,68.6181,68.6262,21226
2026-07-31 13:26:00,68.6266,68.6577,68.6181,68.6577,26519
2026-07-31 13:27:00,68.6577,68.6973,68.6577,68.6973,53851
2026-07-31 13:28:00,68.6973,68.7171,68.6874,68.7122,25323
2026-07-31 13:29:00,68.7171,68.7468,68.7171,68.7171,44058
2026-07-31 13:30:00,68.7171,68.7468,68.709,68.732,18405
2026-07-31 13:31:00,68.732,68.7429,68.7171,68.7419,15566
2026-07-31 13:32:00,68.7369,68.7468,68.7171,68.732,16260
2026-07-31 13:33:00,68.732,68.7369,68.6874,68.7023,48590
2026-07-31 13:34:00,68.7023,68.7171,68.7023,68.7171,12161
2026-07-31 13:35:00,68.7122,68.7369,68.7072,68.7221,105043
2026-07-31 13:36:00,68.7171,68.727,68.68,68.684,22955
2026-07-31 13:37:00,68.6971,68.6973,68.6676,68.6726,12389
2026-07-31 13:38:00,68.6726,68.6775,68.6478,68.6676,28352
2026-07-31 13:39:00,68.6726,68.6775,68.6577,68.6676,20960
2026-07-31 13:40:00,68.6726,68.7171,68.6676,68.6676,30810
2026-07-31 13:41:00,68.6775,68.7468,68.6775,68.7419,32915
2026-07-31 13:42:00,68.7419,68.7468,68.6726,68.6874,31488
2026-07-31 13:43:00,68.6874,68.6973,68.6825,68.6973,10342
2026-07-31 13:44:00,68.6924,68.727,68.6874,68.7171,21432
2026-07-31 13:45:00,68.7171,68.727,68.6985,68.7221,16361
2026-07-31 13:46:00,68.7171,68.7468,68.7072,68.7171,30570
2026-07-31 13:47:00,68.7122,68.7171,68.6924,68.7023,25087
2026-07-31 13:48:00,68.7023,68.7122,68.6874,68.6973,22584
2026-07-31 13:49:00,68.6924,68.7072,68.6874,68.7072,9866
2026-07-31 13:50:00,68.7023,68.7023,68.6429,68.6429,21686
2026-07-31 13:51:00,68.6379,68.6478,68.5786,68.5934,38983
2026-07-31 13:52:00,68.5983,68.628,68.5983,68.6231,17037
2026-07-31 13:53:00,68.628,68.633,68.5983,68.5983,24157
2026-07-31 13:54:00,68.5972,68.6082,68.5637,68.5637,17338
2026-07-31 13:55:00,68.5637,68.5736,68.5588,68.5687,12274
2026-07-31 13:56:00,68.5588,68.5637,68.539,68.5538,18723
2026-07-31 13:57:00,68.5538,68.5588,68.5193,68.534,16930
2026-07-31 13:58:00,68.539,68.5637,68.534,68.5538,38959
2026-07-31 13:59:00,68.5538,68.5884,68.5538,68.5706,17946
2026-07-31 14:00:00,68.5687,68.5962,68.5489,68.5687,23798
2026-07-31 14:01:00,68.5637,68.5687,68.5588,68.5686,19611
2026-07-31 14:02:00,68.5687,68.5786,68.5588,68.5687,21071
2026-07-31 14:03:00,68.5637,68.5637,68.534,68.5489,19430
2026-07-31 14:04:00,68.5489,68.5588,68.534,68.5538,20348
2026-07-31 14:05:00,68.5489,68.5983,68.5489,68.5934,11936
2026-07-31 14:06:00,68.5934,68.6132,68.5835,68.6132,18944
2026-07-31 14:07:00,68.6181,68.6379,68.5983,68.633,16307
2026-07-31 14:08:00,68.633,68.6379,68.5884,68.6033,30398
2026-07-31 14:09:00,68.6033,68.6132,68.5786,68.6132,12715
2026-07-31 14:10:00,68.6132,68.6334,68.5983,68.6132,20478
2026-07-31 14:11:00,68.6132,68.6181,68.5983,68.6033,14457
2026-07-31 14:12:00,68.6033,68.6181,68.5786,68.5983,57656
2026-07-31 14:13:00,68.5884,68.5884,68.539,68.5736,29249
2026-07-31 14:14:00,68.5736,68.5983,68.5736,68.5934,14563
2026-07-31 14:15:00,68.5983,68.6478,68.5983,68.6429,30143
2026-07-31 14:16:00,68.6478,68.6676,68.628,68.628,25984
2026-07-31 14:17:00,68.633,68.6429,68.628,68.6429,10695
2026-07-31 14:18:00,68.6429,68.6577,68.6231,68.628,18122
2026-07-31 14:19:00,68.628,68.628,68.6181,68.6231,8089
2026-07-31 14:20:00,68.6231,68.6231,68.5489,68.5637,97723
2026-07-31 14:21:00,68.5637,68.5687,68.5291,68.534,20862
2026-07-31 14:22:00,68.539,68.539,68.5093,68.5192,24825
2026-07-31 14:23:00,68.5142,68.5241,68.5093,68.5142,19941
2026-07-31 14:24:00,68.5142,68.5191,68.4895,68.4944,19787
2026-07-31 14:25:00,68.499,68.5489,68.4944,68.534,42930
2026-07-31 14:26:00,68.5291,68.5588,68.5142,68.5439,44064
2026-07-31 14:27:00,68.5439,68.5637,68.5291,68.5379,21158
2026-07-31 14:28:00,68.534,68.5372,68.5142,68.5142,13591
2026-07-31 14:29:00,68.5142,68.5291,68.4845,68.4845,16451
2026-07-31 14:30:00,68.4895,68.5043,68.4845,68.4944,21222
2026-07-31 14:31:00,68.4944,68.4994,68.4697,68.4944,27316
2026-07-31 14:32:00,68.4994,68.539,68.4994,68.539,19120
2026-07-31 14:33:00,68.539,68.5489,68.534,68.5439,14024
2026-07-31 14:34:00,68.5439,68.5489,68.5142,68.539,22878
2026-07-31 14:35:00,68.539,68.5538,68.5291,68.534,24884
2026-07-31 14:36:00,68.534,68.5381,68.5192,68.5192,11630
2026-07-31 14:37:00,68.5291,68.539,68.4796,68.4895,41326
2026-07-31 14:38:00,68.4895,68.4994,68.4796,68.4944,13028
2026-07-31 14:39:00,68.4944,68.539,68.4899,68.5241,16050
2026-07-31 14:40:00,68.5266,68.5489,68.5241,68.5439,19595
2026-07-31 14:41:00,68.5489,68.5489,68.5192,68.534,28711
2026-07-31 14:42:00,68.5291,68.539,68.5241,68.534,12472
2026-07-31 14:43:00,68.5291,68.539,68.5093,68.5241,23542
2026-07-31 14:44:00,68.5241,68.5538,68.5241,68.5489,27277
2026-07-31 14:45:00,68.5489,68.5538,68.539,68.5439,45863
2026-07-31 14:46:00,68.539,68.5489,68.5291,68.5489,20595
2026-07-31 14:47:00,68.5489,68.6132,68.539,68.6132,84204
2026-07-31 14:48:00,68.6132,68.6132,68.5885,68.6082,32239
2026-07-31 14:49:00,68.6132,68.628,68.6106,68.6106,13994
2026-07-31 14:50:00,68.6132,68.6181,68.6033,68.6033,19253
2026-07-31 14:51:00,68.6033,68.6379,68.6033,68.633,19615
2026-07-31 14:52:00,68.633,68.6528,68.628,68.6528,14929
2026-07-31 14:53:00,68.6528,68.6973,68.6528,68.6924,24052
2026-07-31 14:54:00,68.6973,68.7221,68.6924,68.7056,24066
2026-07-31 14:55:00,68.6973,68.7023,68.6874,68.6924,32094
2026-07-31 14:56:00,68.6924,68.7171,68.6875,68.7122,19097
2026-07-31 14:57:00,68.7122,68.727,68.7072,68.7221,17834
2026-07-31 14:58:00,68.7221,68.7368,68.7122,68.7221,17235
2026-07-31 14:59:00,68.7221,68.7343,68.6973,68.7221,26141
2026-07-31 15:00:00,68.7221,68.727,68.7072,68.7122,20226
2026-07-31 15:01:00,68.7122,68.7171,68.6924,68.7072,30592
2026-07-31 15:02:00,68.7072,68.7221,68.6973,68.7221,43110
2026-07-31 15:03:00,68.7234,68.727,68.6874,68.7023,20277
2026-07-31 15:04:00,68.7023,68.732,68.6985,68.732,18523
2026-07-31 15:05:00,68.732,68.7369,68.7072,68.7221,25290
2026-07-31 15:06:00,68.727,68.7468,68.7221,68.7419,26410
2026-07-31 15:07:00,68.7429,68.743,68.732,68.742,14397
2026-07-31 15:08:00,68.7419,68.7567,68.7419,68.7518,28801
2026-07-31 15:09:00,68.7518,68.7963,68.7419,68.7914,47364
2026-07-31 15:10:00,68.7864,68.7914,68.7617,68.7864,29601
2026-07-31 15:11:00,68.7815,68.7963,68.7666,68.7751,33649
2026-07-31 15:12:00,68.7716,68.8062,68.7666,68.7914,35833
2026-07-31 15:13:00,68.7865,68.7865,68.7617,68.7815,18301
2026-07-31 15:14:00,68.7825,68.8062,68.7815,68.8013,30579
2026-07-31 15:15:00,68.8013,68.8211,68.7963,68.7963,35872
2026-07-31 15:16:00,68.7963,68.8161,68.7815,68.7815,41995
2026-07-31 15:17:00,68.7815,68.7864,68.727,68.727,49882
2026-07-31 15:18:00,68.732,68.7369,68.7171,68.7171,18908
2026-07-31 15:19:00,68.7221,68.7221,68.6577,68.6627,94198
2026-07-31 15:20:00,68.6627,68.6775,68.6379,68.6379,59488
2026-07-31 15:21:00,68.6429,68.6478,68.628,68.6429,57906
2026-07-31 15:22:00,68.6478,68.6478,68.6082,68.6429,65489
2026-07-31 15:23:00,68.6379,68.6775,68.628,68.6627,22344
2026-07-31 15:24:00,68.6627,68.8161,68.6577,68.8062,147073
2026-07-31 15:25:00,68.8062,68.8161,68.7963,68.8047,40421
2026-07-31 15:26:00,68.8013,68.8458,68.7914,68.8359,48967
2026-07-31 15:27:00,68.8359,68.8409,68.7963,68.8013,41131
2026-07-31 15:28:00,68.7963,68.826,68.7963,68.8013,42939
2026-07-31 15:29:00,68.8013,68.8706,68.8013,68.8656,28071
2026-07-31 15:30:00,68.8656,68.8755,68.8359,68.8409,43338
2026-07-31 15:31:00,68.8409,68.8557,68.8211,68.8285,36338
2026-07-31 15:32:00,68.826,68.8359,68.7963,68.8062,33843
2026-07-31 15:33:00,68.8062,68.8557,68.7864,68.8458,30094
2026-07-31 15:34:00,68.8359,68.8854,68.831,68.8458,91986
2026-07-31 15:35:00,68.8458,68.8953,68.8458,68.8805,30496
2026-07-31 15:36:00,68.8854,68.9201,68.8706,68.9201,41243
2026-07-31 15:37:00,68.925,68.9547,68.9201,68.9448,48105
2026-07-31 15:38:00,68.9498,68.9547,68.9003,68.9003,42788
2026-07-31 15:39:00,68.9003,68.925,68.8755,68.9003,92403
2026-07-31 15:40:00,68.9003,68.9052,68.8458,68.8508,40810
2026-07-31 15:41:00,68.8508,68.8953,68.8334,68.8953,35399
2026-07-31 15:42:00,68.8953,68.9151,68.8706,68.8755,40784
2026-07-31 15:43:00,68.8706,68.9035,68.8607,68.8953,37422
2026-07-31 15:44:00,68.8904,68.9349,68.8904,68.9251,38539
2026-07-31 15:45:00,68.93,68.9399,68.9052,68.93,57325
2026-07-31 15:46:00,68.9302,69.0042,68.93,68.9696,70261
2026-07-31 15:47:00,68.9696,68.9745,68.9349,68.9498,50414
2026-07-31 15:48:00,68.9448,68.9597,68.9251,68.9349,50234
2026-07-31 15:49:00,68.9349,68.9824,68.9346,68.9547,70790
2026-07-31 15:50:00,68.9547,68.9597,68.8755,68.9003,112514
2026-07-31 15:51:00,68.8954,68.925,68.8854,68.9151,99431
2026-07-31 15:52:00,68.925,68.9646,68.8805,68.8904,75956
2026-07-31 15:53:00,68.8904,68.8904,68.8508,68.8706,99807
2026-07-31 15:54:00,68.8706,68.8953,68.8557,68.8904,122552
2026-07-31 15:55:00,68.9052,68.9992,68.9052,68.9745,203944
2026-07-31 15:56:00,68.9696,69.0438,68.9646,68.9992,263232
2026-07-31 15:57:00,69.0042,69.0438,68.9992,69.0339,184531
2026-07-31 15:58:00,69.0289,69.0438,68.9893,68.9893,252479
2026-07-31 15:59:00,68.9943,69.0933,68.9844,69.0735,600007
2026-08-01 09:30:00,68.8953,69.3408,68.8854,69.2517,509311
2026-08-01 09:31:00,69.2319,69.3087,69.1131,69.1131,53762
2026-08-01 09:32:00,69.123,69.41,69.1131,69.3061,83097
2026-08-01 09:33:00,69.3061,69.3705,69.3012,69.316,80644
2026-08-01 09:34:00,69.316,69.4991,69.2715,69.4298,110337
2026-08-01 09:35:00,69.4397,69.5239,69.3882,69.4199,98759
2026-08-01 09:36:00,69.4397,69.4496,69.222,69.2715,294441
2026-08-01 09:37:00,69.2566,69.4595,69.1824,69.2071,224997
2026-08-01 09:38:00,69.2319,69.3606,69.222,69.2923,108084
2026-08-01 09:39:00,69.3012,69.3507,69.2319,69.2913,62878
2026-08-01 09:40:00,69.3012,69.3046,69.1527,69.2121,118701
2026-08-01 09:41:00,69.211,69.222,69.123,69.2121,66958
2026-08-01 09:42:00,69.222,69.2814,69.1626,69.1923,80741
2026-08-01 09:43:00,69.1873,69.2319,69.1725,69.2121,66044
2026-08-01 09:44:00,69.217,69.2616,69.1725,69.2022,39768
2026-08-01 09:45:00,69.217,69.4397,69.217,69.4249,112615
2026-08-01 09:46:00,69.4199,69.4397,69.3754,69.3852,64348
2026-08-01 09:47:00,69.3853,69.4397,69.3507,69.4084,39731
2026-08-01 09:48:00,69.4001,69.4199,69.3507,69.3606,47976
2026-08-01 09:49:00,69.3507,69.4001,69.3408,69.3803,30458
2026-08-01 09:50:00,69.3803,69.4397,69.3408,69.4199,40954
2026-08-01 09:51:00,69.41,69.4694,69.3795,69.3795,84479
2026-08-01 09:52:00,69.3803,69.4397,69.3705,69.41,39252
2026-08-01 09:53:00,69.41,69.415,69.321,69.3606,58855
2026-08-01 09:54:00,69.3803,69.4496,69.3705,69.4496,56883
2026-08-01 09:55:00,69.4584,69.4645,69.3606,69.3754,80744
2026-08-01 09:56:00,69.3754,69.4199,69.3606,69.4051,50018
2026-08-01 09:57:00,69.4051,69.4447,69.3803,69.4051,47361
2026-08-01 09:58:00,69.4051,69.4051,69.3507,69.3792,37847
2026-08-01 09:59:00,69.3803,69.4051,69.3309,69.3803,53960
2026-08-01 10:00:00,69.3902,69.4051,69.3012,69.3408,48406
2026-08-01 10:01:00,69.321,69.3309,69.1725,69.2022,69792
2026-08-01 10:02:00,69.2071,69.2121,69.1131,69.123,56706
2026-08-01 10:03:00,69.123,69.2319,69.123,69.2121,32178
2026-08-01 10:04:00,69.2022,69.2368,69.1758,69.2368,40828
2026-08-01 10:05:00,69.2467,69.2665,69.1032,69.118,95642
2026-08-01 10:06:00,69.1032,69.123,68.9893,68.9992,74927
2026-08-01 10:07:00,68.9943,69.0042,68.9201,68.9201,44892
2026-08-01 10:08:00,68.9201,68.9448,68.8211,68.831,49942
2026-08-01 10:09:00,68.826,68.9348,68.8062,68.9033,45995
2026-08-01 10:10:00,68.9052,68.9943,68.8954,68.9399,41495
2026-08-01 10:11:00,68.9349,69.0339,68.9349,68.9646,61989
2026-08-01 10:12:00,68.9646,68.9745,68.8359,68.8745,58116
2026-08-01 10:13:00,68.8706,68.925,68.8062,68.826,35285
2026-08-01 10:14:00,68.8458,68.8557,68.727,68.7567,39447
2026-08-01 10:15:00,68.7765,68.831,68.7468,68.7764,56251
2026-08-01 10:16:00,68.7676,68.7716,68.6973,68.7221,44440
2026-08-01 10:17:00,68.7221,68.732,68.6429,68.6775,81285
2026-08-01 10:18:00,68.6677,68.6775,68.6132,68.6577,35773
2026-08-01 10:19:00,68.6478,68.6478,68.4994,68.5192,40374
2026-08-01 10:20:00,68.5142,68.5687,68.4796,68.4994,38499
2026-08-01 10:21:00,68.4973,68.4994,68.44,68.4548,28803
2026-08-01 10:22:00,68.4796,68.5489,68.471,68.5489,44759
2026-08-01 10:23:00,68.539,68.5489,68.5093,68.5142,24045
2026-08-01 10:24:00,68.5142,68.539,68.4796,68.4944,114070
2026-08-01 10:25:00,68.4944,68.4994,68.4152,68.4499,43162
2026-08-01 10:26:00,68.4449,68.4994,68.3954,68.3954,78582
2026-08-01 10:27:00,68.3905,68.3905,68.3162,68.3162,51741
2026-08-01 10:28:00,68.3212,68.3867,68.3114,68.3608,39967
2026-08-01 10:29:00,68.3558,68.3657,68.3311,68.34,31138
2026-08-01 10:30:00,68.3311,68.3459,68.3113,68.3261,38667
2026-08-01 10:31:00,68.3261,68.3608,68.2717,68.3162,61127
2026-08-01 10:32:00,68.3162,68.3162,68.2816,68.2964,65076
2026-08-01 10:33:00,68.3014,68.3509,68.2915,68.3113,48991
2026-08-01 10:34:00,68.3113,68.3261,68.2519,68.3014,39259
2026-08-01 10:35:00,68.3014,68.3162,68.2519,68.2519,30508
2026-08-01 10:36:00,68.2568,68.2717,68.2024,68.2073,30830
2026-08-01 10:37:00,68.2123,68.2519,68.1678,68.1678,22816
2026-08-01 10:38:00,68.1676,68.1974,68.1381,68.148,27229
2026-08-01 10:39:00,68.148,68.1925,68.1331,68.1381,49456
2026-08-01 10:40:00,68.1331,68.1777,68.0935,68.0935,39726
2026-08-01 10:41:00,68.0965,68.0965,67.9747,68.0044,84304
2026-08-01 10:42:00,68.0143,68.0242,67.9153,67.9203,78325
2026-08-01 10:43:00,67.9203,67.9747,67.8955,67.9104,56730
2026-08-01 10:44:00,67.9104,67.9747,67.898,67.9648,52305
2026-08-01 10:45:00,67.9698,68.0193,67.8955,67.9054,61150
2026-08-01 10:46:00,67.9104,67.9252,67.7817,67.8361,89674
2026-08-01 10:47:00,67.846,67.846,67.7322,67.7372,74638
2026-08-01 10:48:00,67.7372,67.8856,67.7372,67.8262,81350
2026-08-01 10:49:00,67.8213,67.8361,67.8015,67.8312,26133
2026-08-01 10:50:00,67.8312,67.846,67.8064,67.8312,43485
2026-08-01 10:51:00,67.8262,67.8262,67.7816,67.7867,31106
2026-08-01 10:52:00,67.7817,67.7867,67.6877,67.7273,43111
2026-08-01 10:53:00,67.7322,67.7471,67.6778,67.7124,39396
2026-08-01 10:54:00,67.7124,67.7223,67.6332,67.653,37189
2026-08-01 10:55:00,67.658,67.6679,67.5788,67.6184,81427
2026-08-01 10:56:00,67.6134,67.6184,67.5689,67.5837,30982
2026-08-01 10:57:00,67.5837,67.5837,67.5194,67.5342,57933
2026-08-01 10:58:00,67.5392,67.5884,67.4996,67.5491,46623
2026-08-01 10:59:00,67.5491,67.5887,67.5491,67.5639,62144
2026-08-01 11:00:00,67.5689,67.6283,67.559,67.6134,56158
2026-08-01 11:01:00,67.6085,67.6085,67.5342,67.5491,68411
2026-08-01 11:02:00,67.5441,67.559,67.4402,67.4649,65997
2026-08-01 11:03:00,67.4649,67.4798,67.4402,67.46,74719
2026-08-01 11:04:00,67.4699,67.4699,67.4303,67.4352,59652
2026-08-01 11:05:00,67.4303,67.4402,67.3709,67.4105,115065
2026-08-01 11:06:00,67.4105,67.5095,67.4105,67.4847,37315
2026-08-01 11:07:00,67.4801,67.5392,67.4501,67.4512,54267
2026-08-01 11:08:00,67.455,67.455,67.3907,67.4402,31730
2026-08-01 11:09:00,67.4352,67.4402,67.3956,67.4352,30882
2026-08-01 11:10:00,67.4402,67.4451,67.4006,67.4006,28294
2026-08-01 11:11:00,67.3907,67.3907,67.3511,67.3709,62777
2026-08-01 11:12:00,67.366,67.3709,67.3363,67.361,100054
2026-08-01 11:13:00,67.361,67.3759,67.2719,67.3115,107613
2026-08-01 11:14:00,67.2868,67.361,67.2868,67.3115,44875
2026-08-01 11:15:00,67.3066,67.3313,67.2917,67.2967,55944
2026-08-01 11:16:00,67.3016,67.4204,67.3016,67.4006,62635
2026-08-01 11:17:00,67.3956,67.4005,67.3313,67.3313,42644
2026-08-01 11:18:00,67.3313,67.3759,67.3115,67.3759,27590
2026-08-01 11:19:00,67.3759,67.4006,67.3759,67.3907,20108
2026-08-01 11:20:00,67.3858,67.4303,67.3858,67.3956,32402
2026-08-01 11:21:00,67.3907,67.4402,67.3907,67.3907,32245
2026-08-01 11:22:00,67.3858,67.3907,67.361,67.3759,21719
2026-08-01 11:23:00,67.3759,67.3808,67.3511,67.361,51890
2026-08-01 11:24:00,67.366,67.3858,67.361,67.366,26002
2026-08-01 11:25:00,67.361,67.361,67.3016,67.3115,40705
2026-08-01 11:26:00,67.3066,67.3313,67.2274,67.2274,42614
2026-08-01 11:27:00,67.2224,67.3016,67.2224,67.292,74700
2026-08-01 11:28:00,67.2967,67.2967,67.1828,67.2076,108755
2026-08-01 11:29:00,67.2026,67.2422,67.2026,67.2281,38502
2026-08-01 11:30:00,67.2323,67.2422,67.2125,67.2274,28142
2026-08-01 11:31:00,67.2224,67.2224,67.1531,67.1581,62515
2026-08-01 11:32:00,67.1581,67.1581,67.1135,67.1185,59855
2026-08-01 11:33:00,67.1185,67.1284,67.0541,67.069,108300
2026-08-01 11:34:00,67.0739,67.1383,67.069,67.1333,49333
2026-08-01 11:35:00,67.1383,67.2224,67.1383,67.2224,38157
2026-08-01 11:36:00,67.2224,67.2224,67.1828,67.1829,44515
2026-08-01 11:37:00,67.1878,67.2719,67.1855,67.267,36140
2026-08-01 11:38:00,67.2719,67.3312,67.267,67.3066,33547
2026-08-01 11:39:00,67.3115,67.3115,67.2521,67.2521,26980
2026-08-01 11:40:00,67.2472,67.2719,67.2125,67.2571,23723
2026-08-01 11:41:00,67.2571,67.2868,67.2224,67.2868,20060
2026-08-01 11:42:00,67.2868,67.2868,67.1927,67.262,49634
2026-08-01 11:43:00,67.267,67.2917,67.2323,67.2373,73180
2026-08-01 11:44:00,67.2373,67.2373,67.1432,67.1581,37516
2026-08-01 11:45:00,67.1581,67.163,67.1234,67.1383,40708
2026-08-01 11:46:00,67.1383,67.2323,67.1036,67.2125,69114
2026-08-01 11:47:00,67.2076,67.2521,67.163,67.2472,84905
2026-08-01 11:48:00,67.2472,67.267,67.1977,67.2472,35681
2026-08-01 11:49:00,67.2521,67.3412,67.2521,67.3363,31227
2026-08-01 11:50:00,67.3363,67.361,67.3333,67.3561,36278
2026-08-01 11:51:00,67.3561,67.361,67.3313,67.3363,41941
2026-08-01 11:52:00,67.3412,67.3412,67.267,67.2868,33230
2026-08-01 11:53:00,67.2832,67.3214,67.262,67.3165,73478
2026-08-01 11:54:00,67.3165,67.3214,67.2868,67.3066,21568
2026-08-01 11:55:00,67.3066,67.3412,67.3066,67.3165,36989
2026-08-01 11:56:00,67.3165,67.3759,67.2571,67.3561,73805
2026-08-01 11:57:00,67.361,67.3956,67.3412,67.366,60734
2026-08-01 11:58:00,67.3709,67.3808,67.3412,67.366,43874
2026-08-01 11:59:00,67.366,67.3709,67.3412,67.3462,31355
2026-08-01 12:00:00,67.3462,67.351,67.3264,67.3264,26253
2026-08-01 12:01:00,67.3313,67.3313,67.3016,67.3214,29403
2026-08-01 12:02:00,67.3214,67.3511,67.3164,67.3511,30361
2026-08-01 12:03:00,67.3462,67.3956,67.3462,67.3766,54634
2026-08-01 12:04:00,67.3759,67.4154,67.3709,67.4154,42054
2026-08-01 12:05:00,67.4154,67.4154,67.3709,67.3956,33300
2026-08-01 12:06:00,67.4006,67.4996,67.3907,67.4946,52223
2026-08-01 12:07:00,67.4996,67.5392,67.4946,67.5045,35505
2026-08-01 12:08:00,67.4996,67.5045,67.455,67.4836,47428
2026-08-01 12:09:00,67.4798,67.4798,67.4352,67.4487,32603
2026-08-01 12:10:00,67.4402,67.4451,67.3808,67.3808,26636
2026-08-01 12:11:00,67.3709,67.4303,67.361,67.4303,25522
2026-08-01 12:12:00,67.4204,67.4402,67.3412,67.3412,31640
2026-08-01 12:13:00,67.3412,67.3759,67.3165,67.3363,24825
2026-08-01 12:14:00,67.3313,67.3363,67.2818,67.3165,18355
2026-08-01 12:15:00,67.3165,67.3511,67.3165,67.3511,24854
2026-08-01 12:16:00,67.3462,67.3462,67.3016,67.3313,14544
2026-08-01 12:17:00,67.3313,67.455,67.3313,67.4352,28841
2026-08-01 12:18:00,67.4345,67.4366,67.3808,67.3838,29279
2026-08-01 12:19:00,67.3858,67.46,67.3808,67.3956,60484
2026-08-01 12:20:00,67.4006,67.4055,67.3808,67.3858,25865
2026-08-01 12:21:00,67.3808,67.455,67.3709,67.455,57137
2026-08-01 12:22:00,67.455,67.455,67.361,67.3808,35450
2026-08-01 12:23:00,67.3759,67.4171,67.361,67.4171,14425
2026-08-01 12:24:00,67.4154,67.4352,67.3858,67.4105,22058
2026-08-01 12:25:00,67.4067,67.4253,67.3907,67.4059,16685
2026-08-01 12:26:00,67.4055,67.4253,67.4006,67.4154,16380
2026-08-01 12:27:00,67.4154,67.4204,67.3956,67.4105,21056
2026-08-01 12:28:00,67.4055,67.4303,67.3858,67.4253,16672
2026-08-01 12:29:00,67.4303,67.46,67.4105,67.4154,53813
2026-08-01 12:30:00,67.4204,67.4303,67.3907,67.4204,40805
2026-08-01 12:31:00,67.4253,67.4946,67.4253,67.4798,38054
2026-08-01 12:32:00,67.4847,67.4897,67.46,67.46,33476
2026-08-01 12:33:00,67.4748,67.5392,67.4699,67.5095,72516
2026-08-01 12:34:00,67.5144,67.5144,67.4501,67.4649,28980
2026-08-01 12:35:00,67.46,67.4897,67.4501,67.455,50642
2026-08-01 12:36:00,67.4501,67.5441,67.4501,67.5243,28367
2026-08-01 12:37:00,67.5293,67.5441,67.4897,67.4897,44497
2026-08-01 12:38:00,67.4996,67.5095,67.46,67.4699,65525
2026-08-01 12:39:00,67.4649,67.5194,67.46,67.5111,21702
2026-08-01 12:40:00,67.5143,67.5342,67.4748,67.5342,35453
2026-08-01 12:41:00,67.5296,67.5837,67.5194,67.5639,72439
2026-08-01 12:42:00,67.559,67.5887,67.554,67.5639,30629
2026-08-01 12:43:00,67.5639,67.5788,67.5392,67.554,77545
2026-08-01 12:44:00,67.5491,67.554,67.5293,67.5392,27392
2026-08-01 12:45:00,67.5392,67.5689,67.4798,67.5592,48012
2026-08-01 12:46:00,67.559,67.6679,67.5491,67.658,139586
2026-08-01 12:47:00,67.6629,67.7075,67.6382,67.6779,28973
2026-08-01 12:48:00,67.6827,67.7273,67.6823,67.7223,20669
2026-08-01 12:49:00,67.7124,67.7372,67.6977,67.7174,17252
2026-08-01 12:50:00,67.7222,67.7669,67.7174,67.7273,39443
2026-08-01 12:51:00,67.7273,67.7273,67.6283,67.6283,24224
2026-08-01 12:52:00,67.6332,67.6382,67.5788,67.5788,18263
2026-08-01 12:53:00,67.5788,67.5837,67.5095,67.5095,22502
2026-08-01 12:54:00,67.5144,67.5342,67.4847,67.4897,21715
2026-08-01 12:55:00,67.4996,67.5194,67.4699,67.4996,24704
2026-08-01 12:56:00,67.4996,67.5243,67.4897,67.5045,12886
2026-08-01 12:57:00,67.5095,67.5193,67.4798,67.4897,28098
2026-08-01 12:58:00,67.4897,67.4897,67.4501,67.455,21231
2026-08-01 12:59:00,67.455,67.455,67.4204,67.4207,16643
2026-08-01 13:00:00,67.4261,67.46,67.4253,67.4352,16739
2026-08-01 13:01:00,67.4352,67.4352,67.4021,67.4055,10691
2026-08-01 13:02:00,67.4055,67.4055,67.3759,67.3808,13367
2026-08-01 13:03:00,67.3759,67.3759,67.3264,67.3561,30732
2026-08-01 13:04:00,67.3561,67.3561,67.3313,67.3363,14268
2026-08-01 13:05:00,67.3363,67.3412,67.2967,67.2967,40240
2026-08-01 13:06:00,67.2967,67.3214,67.2967,67.3016,16805
2026-08-01 13:07:00,67.3066,67.3398,67.3066,67.3066,33916
2026-08-01 13:08:00,67.3066,67.3511,67.3066,67.3462,18818
2026-08-01 13:09:00,67.3561,67.361,67.3315,67.3363,22999
2026-08-01 13:10:00,67.3412,67.3907,67.3363,67.3858,33243
2026-08-01 13:11:00,67.3907,67.4352,67.3907,67.4055,32108
2026-08-01 13:12:00,67.4055,67.4303,67.3956,67.4303,5796
2026-08-01 13:13:00,67.4253,67.4699,67.4253,67.4697,36755
2026-08-01 13:14:00,67.46,67.4748,67.455,67.4649,41591
2026-08-01 13:15:00,67.4649,67.4748,67.4402,67.4451,40556
2026-08-01 13:16:00,67.4451,67.4699,67.4303,67.4352,98546
2026-08-01 13:17:00,67.4402,67.46,67.4352,67.4403,15801
2026-08-01 13:18:00,67.4451,67.4451,67.4303,67.4352,7567
2026-08-01 13:19:00,67.4352,67.4451,67.4204,67.4253,14748
2026-08-01 13:20:00,67.4253,67.4253,67.4006,67.4006,15810
2026-08-01 13:21:00,67.4055,67.4104,67.3808,67.3907,18142
2026-08-01 13:22:00,67.3956,67.3956,67.361,67.366,11260
2026-08-01 13:23:00,67.366,67.3759,67.3511,67.3561,19411
2026-08-01 13:24:00,67.3561,67.361,67.3462,67.3511,15298
2026-08-01 13:25:00,67.3511,67.3808,67.3412,67.3808,23347
2026-08-01 13:26:00,67.3759,67.3759,67.3561,67.3709,19852
2026-08-01 13:27:00,67.366,67.3808,67.366,67.366,10694
2026-08-01 13:28:00,67.3709,67.3808,67.366,67.366,27407
2026-08-01 13:29:00,67.366,67.3808,67.361,67.3759,15254
2026-08-01 13:30:00,67.3808,67.3808,67.3561,67.366,21441
2026-08-01 13:31:00,67.366,67.3709,67.3462,67.3561,16180
2026-08-01 13:32:00,67.3561,67.3561,67.3216,67.3264,17414
2026-08-01 13:33:00,67.3264,67.3313,67.3115,67.3308,23021
2026-08-01 13:34:00,67.3264,67.3709,67.3264,67.366,28093
2026-08-01 13:35:00,67.366,67.3808,67.3558,67.3561,19964
2026-08-01 13:36:00,67.3561,67.366,67.3412,67.3462,25990
2026-08-01 13:37:00,67.3462,67.366,67.3363,67.3412,53768
2026-08-01 13:38:00,67.3462,67.3462,67.3165,67.3264,14350
2026-08-01 13:39:00,67.3264,67.3313,67.3162,67.3312,16833
2026-08-01 13:40:00,67.3264,67.3511,67.3214,67.3264,21240
2026-08-01 13:41:00,67.3264,67.3363,67.3214,67.3214,14114
2026-08-01 13:42:00,67.3264,67.3313,67.3115,67.3165,14275
2026-08-01 13:43:00,67.3165,67.3165,67.2373,67.2422,32202
2026-08-01 13:44:00,67.2422,67.2521,67.2373,67.2373,21065
2026-08-01 13:45:00,67.2422,67.3066,67.2373,67.2818,23159
2026-08-01 13:46:00,67.2917,67.3213,67.2917,67.3165,15820
2026-08-01 13:47:00,67.3165,67.3213,67.2917,67.3015,19475
2026-08-01 13:48:00,67.2967,67.3481,67.2967,67.3363,71797
2026-08-01 13:49:00,67.3363,67.3511,67.3355,67.3355,23741
2026-08-01 13:50:00,67.3363,67.3412,67.3313,67.3412,27271
2026-08-01 13:51:00,67.3363,67.4055,67.3363,67.3956,25681
2026-08-01 13:52:00,67.4006,67.4352,67.3858,67.4352,35896
2026-08-01 13:53:00,67.4303,67.4451,67.4204,67.4303,21660
2026-08-01 13:54:00,67.4303,67.4451,67.4105,67.4154,31879
2026-08-01 13:55:00,67.4154,67.4204,67.4145,67.4154,8874
2026-08-01 13:56:00,67.4154,67.4154,67.4006,67.4154,16298
2026-08-01 13:57:00,67.4158,67.4402,67.4154,67.4253,13890
2026-08-01 13:58:00,67.4303,67.4501,67.4253,67.4402,15305
2026-08-01 13:59:00,67.4402,67.4402,67.3858,67.3858,19404
2026-08-01 14:00:00,67.3808,67.3907,67.3561,67.3561,15629
2026-08-01 14:01:00,67.3511,67.3561,67.2967,67.3165,29006
2026-08-01 14:02:00,67.3174,67.3174,67.2862,67.2917,24166
2026-08-01 14:03:00,67.2868,67.2967,67.2868,67.2868,8378
2026-08-01 14:04:00,67.2868,67.3115,67.2819,67.3115,18981
2026-08-01 14:05:00,67.3115,67.3561,67.3115,67.3511,18749
2026-08-01 14:06:00,67.3511,67.3808,67.3432,67.3709,15171
2026-08-01 14:07:00,67.361,67.3759,67.3511,67.366,28796
2026-08-01 14:08:00,67.361,67.366,67.3412,67.3462,15785
2026-08-01 14:09:00,67.3481,67.3759,67.3414,67.3759,15496
2026-08-01 14:10:00,67.3759,67.4352,67.3709,67.4204,16813
2026-08-01 14:11:00,67.4303,67.4501,67.4006,67.4105,27811
2026-08-01 14:12:00,67.4087,67.4402,67.4006,67.4352,21943
2026-08-01 14:13:00,67.4303,67.4451,67.4253,67.4451,23724
2026-08-01 14:14:00,67.4402,67.4501,67.4402,67.4451,16609
2026-08-01 14:15:00,67.4451,67.4699,67.4402,67.4649,19006
2026-08-01 14:16:00,67.4649,67.4748,67.4649,67.4649,22800
2026-08-01 14:17:00,67.4649,67.4897,67.46,67.46,30467
2026-08-01 14:18:00,67.4649,67.4649,67.4352,67.4451,21174
2026-08-01 14:19:00,67.4501,67.4897,67.4451,67.4737,38955
2026-08-01 14:20:00,67.4748,67.4897,67.4748,67.4847,17612
2026-08-01 14:21:00,67.4798,67.4847,67.4303,67.4451,25093
2026-08-01 14:22:00,67.4451,67.4798,67.4451,67.4773,16551
2026-08-01 14:23:00,67.4798,67.4897,67.4748,67.4847,42934
2026-08-01 14:24:00,67.4847,67.4897,67.4501,67.4581,12668
2026-08-01 14:25:00,67.4501,67.455,67.4105,67.4352,19370
2026-08-01 14:26:00,67.4402,67.4501,67.4303,67.4451,20235
2026-08-01 14:27:00,67.4451,67.4501,67.4352,67.4451,18106
2026-08-01 14:28:00,67.4451,67.4649,67.4451,67.455,33336
2026-08-01 14:29:00,67.46,67.46,67.4402,67.46,19859
2026-08-01 14:30:00,67.4502,67.46,67.4303,67.4352,21683
2026-08-01 14:31:00,67.436,67.436,67.4105,67.4154,30438
2026-08-01 14:32:00,67.4154,67.4501,67.4154,67.4402,12239
2026-08-01 14:33:00,67.4352,67.46,67.4303,67.455,24992
2026-08-01 14:34:00,67.46,67.4748,67.4501,67.455,26259
2026-08-01 14:35:00,67.46,67.46,67.4204,67.4207,26034
2026-08-01 14:36:00,67.4204,67.4501,67.4204,67.4451,14272
2026-08-01 14:37:00,67.4451,67.554,67.4451,67.5243,112032
2026-08-01 14:38:00,67.5194,67.554,67.5095,67.5243,19891
2026-08-01 14:39:00,67.5243,67.5689,67.4897,67.4897,18912
2026-08-01 14:40:00,67.4897,67.5887,67.4798,67.5887,40028
2026-08-01 14:41:00,67.5887,67.6085,67.5837,67.6035,21379
2026-08-01 14:42:00,67.6085,67.6579,67.6035,67.6332,33097
2026-08-01 14:43:00,67.6332,67.7075,67.6306,67.7075,32824
2026-08-01 14:44:00,67.7025,67.7174,67.5986,67.6184,48608
2026-08-01 14:45:00,67.6233,67.6382,67.619,67.619,14578
2026-08-01 14:46:00,67.6283,67.6332,67.6035,67.6134,30218
2026-08-01 14:47:00,67.6134,67.6481,67.6134,67.6332,24824
2026-08-01 14:48:00,67.6332,67.6877,67.6332,67.6827,17621
2026-08-01 14:49:00,67.6778,67.6778,67.6085,67.6134,20224
2026-08-01 14:50:00,67.6184,67.6481,67.6134,67.6382,19505
2026-08-01 14:51:00,67.6431,67.648,67.6184,67.6431,19530
2026-08-01 14:52:00,67.6481,67.6629,67.6382,67.658,17414
2026-08-01 14:53:00,67.6629,67.6679,67.6303,67.6303,18692
2026-08-01 14:54:00,67.6332,67.6382,67.5986,67.6183,24047
2026-08-01 14:55:00,67.6085,67.6481,67.6085,67.6382,20883
2026-08-01 14:56:00,67.648,67.648,67.6134,67.638,26663
2026-08-01 14:57:00,67.6382,67.6926,67.6382,67.6679,27092
2026-08-01 14:58:00,67.6778,67.6926,67.6581,67.688,152049
2026-08-01 14:59:00,67.6926,67.6976,67.6728,67.6728,32512
2026-08-01 15:00:00,67.6778,67.6778,67.6481,67.6728,26984
2026-08-01 15:01:00,67.6728,67.6827,67.658,67.6582,23914
2026-08-01 15:02:00,67.6629,67.6877,67.658,67.6827,20351
2026-08-01 15:03:00,67.6778,67.6778,67.6481,67.6629,24044
2026-08-01 15:04:00,67.6679,67.6679,67.6283,67.6283,15449
2026-08-01 15:05:00,67.6338,67.6338,67.5689,67.5936,25496
2026-08-01 15:06:00,67.5986,67.6085,67.5788,67.5788,22979
2026-08-01 15:07:00,67.5869,67.5986,67.5806,67.5887,15985
2026-08-01 15:08:00,67.5986,67.6085,67.589,67.589,24099
2026-08-01 15:09:00,67.5936,67.5986,67.5837,67.5887,13494
2026-08-01 15:10:00,67.5837,67.5887,67.5293,67.5441,25061
2026-08-01 15:11:00,67.5491,67.5887,67.5491,67.5837,28358
2026-08-01 15:12:00,67.5837,67.5837,67.5689,67.5689,262714
2026-08-01 15:13:00,67.5738,67.658,67.5293,67.5293,102186
2026-08-01 15:14:00,67.5194,67.6233,67.5095,67.6233,29993
2026-08-01 15:15:00,67.6184,67.6184,67.5639,67.6067,34524
2026-08-01 15:16:00,67.6035,67.6085,67.5293,67.5837,34662
2026-08-01 15:17:00,67.5837,67.5837,67.5095,67.554,41228
2026-08-01 15:18:00,67.559,67.5837,67.559,67.559,17896
2026-08-01 15:19:00,67.5639,67.5656,67.5095,67.5491,28488
2026-08-01 15:20:00,67.5491,67.5689,67.5293,67.5639,38015
2026-08-01 15:21:00,67.5628,67.5986,67.5491,67.559,41960
2026-08-01 15:22:00,67.554,67.5986,67.554,67.5591,38658
2026-08-01 15:23:00,67.559,67.5689,67.5194,67.5491,50269
2026-08-01 15:24:00,67.559,67.559,67.5194,67.5382,47257
2026-08-01 15:25:00,67.5342,67.5689,67.5293,67.5293,34693
2026-08-01 15:26:00,67.5293,67.5788,67.5243,67.5641,24638
2026-08-01 15:27:00,67.5689,67.5837,67.5293,67.5837,36033
2026-08-01 15:28:00,67.5837,67.5986,67.5491,67.5887,35446
2026-08-01 15:29:00,67.5986,67.6184,67.5491,67.5936,62798
2026-08-01 15:30:00,67.5986,67.6283,67.5491,67.5689,166935
2026-08-01 15:31:00,67.5788,67.5986,67.559,67.5986,32860
2026-08-01 15:32:00,67.5986,67.5986,67.5491,67.5887,49353
2026-08-01 15:33:00,67.5887,67.5986,67.5194,67.5738,63088
2026-08-01 15:34:00,67.5738,67.5887,67.4946,67.4946,75974
2026-08-01 15:35:00,67.4897,67.5342,67.46,67.5342,74265
2026-08-01 15:36:00,67.5342,67.5689,67.5095,67.5293,47151
2026-08-01 15:37:00,67.5342,67.5357,67.4897,67.4946,71690
2026-08-01 15:38:00,67.4946,67.4996,67.4105,67.4253,69961
2026-08-01 15:39:00,67.4204,67.4501,67.4105,67.4402,65004
2026-08-01 15:40:00,67.4352,67.4352,67.3759,67.3808,59052
2026-08-01 15:41:00,67.3858,67.4204,67.3808,67.3956,74176
2026-08-01 15:42:00,67.3956,67.4352,67.3858,67.4204,77627
2026-08-01 15:43:00,67.4253,67.46,67.4204,67.455,68562
2026-08-01 15:44:00,67.455,67.5095,67.4402,67.4699,77756
2026-08-01 15:45:00,67.4649,67.5788,67.4501,67.5738,79213
2026-08-01 15:46:00,67.5738,67.5788,67.4798,67.4798,87680
2026-08-01 15:47:00,67.4798,67.4798,67.3907,67.3954,115581
2026-08-01 15:48:00,67.3956,67.4352,67.3907,67.4253,115233
2026-08-01 15:49:00,67.4204,67.4402,67.4006,67.4105,111782
2026-08-01 15:50:00,67.4154,67.6679,67.4006,67.4798,301223
2026-08-01 15:51:00,67.4798,67.4946,67.4501,67.455,149018
2026-08-01 15:52:00,67.4501,67.4897,67.4303,67.4897,182963
2026-08-01 15:53:00,67.4996,67.5689,67.4996,67.5095,124465
2026-08-01 15:54:00,67.5194,67.5392,67.4798,67.5342,160931
2026-08-01 15:55:00,67.5194,67.5788,67.4996,67.5738,209096
2026-08-01 15:56:00,67.5738,67.5986,67.559,67.559,200458
2026-08-01 15:57:00,67.5639,67.6382,67.5491,67.6035,213751
2026-08-01 15:58:00,67.6035,67.6877,67.5738,67.6728,401518
2026-08-01 15:59:00,67.6728,67.7669,67.6679,67.7471,835794
2026-08-04 09:30:00,67.4105,67.5491,66.8958,67.0852,812035
2026-08-04 09:31:00,67.1729,67.2422,66.876,67.054,74844
2026-08-04 09:32:00,66.9651,67.0442,66.4998,66.7572,107532
2026-08-04 09:33:00,66.7572,67.0541,66.6087,66.9453,73551
2026-08-04 09:34:00,66.9354,66.9651,66.6879,66.6978,122738
2026-08-04 09:35:00,66.7572,66.7572,66.4404,66.5493,110945
2026-08-04 09:36:00,66.5196,66.6582,66.4404,66.5988,107185
2026-08-04 09:37:00,66.5939,66.6582,66.5048,66.6037,101979
2026-08-04 09:38:00,66.5988,66.6285,66.4206,66.4998,120238
2026-08-04 09:39:00,66.5196,67.0145,66.5196,66.9205,181556
2026-08-04 09:40:00,66.9205,67.3016,66.876,67.2719,173184
2026-08-04 09:41:00,67.2521,67.4006,67.1531,67.3313,100757
2026-08-04 09:42:00,67.3313,67.4699,67.1828,67.2719,102800
2026-08-04 09:43:00,67.3016,67.4897,67.2625,67.3016,90964
2026-08-04 09:44:00,67.3115,67.4006,67.1333,67.3709,59578
2026-08-04 09:45:00,67.3709,67.6481,67.3115,67.6382,105789
2026-08-04 09:46:00,67.6085,67.6382,67.4006,67.4204,72563
2026-08-04 09:47:00,67.4204,67.4501,67.3214,67.361,68293
2026-08-04 09:48:00,67.3511,67.4798,67.2917,67.3511,107249
2026-08-04 09:49:00,67.3412,67.4204,67.2422,67.3412,97146
2026-08-04 09:50:00,67.3412,67.5986,67.3214,67.5144,82694
2026-08-04 09:51:00,67.5235,67.6877,67.4996,67.6382,88724
2026-08-04 09:52:00,67.6481,67.8856,67.6184,67.7174,163675
2026-08-04 09:53:00,67.7075,67.7124,67.4501,67.5194,40590
2026-08-04 09:54:00,67.5293,67.5293,67.361,67.4204,43428
2026-08-04 09:55:00,67.4303,67.4501,67.2224,67.2274,45432
2026-08-04 09:56:00,67.2175,67.2719,67.1927,67.2472,85522
2026-08-04 09:57:00,67.2333,67.2422,67.0343,67.0739,40055
2026-08-04 09:58:00,67.0739,67.1135,66.975,67.064,67962
2026-08-04 09:59:00,67.0739,67.0739,66.9651,67.0046,24701
2026-08-04 10:00:00,67.0145,67.3115,67.0145,67.163,96375
2026-08-04 10:01:00,67.163,67.2818,67.163,67.2521,55196
2026-08-04 10:02:00,67.2521,67.2521,67.0541,67.0541,53349
2026-08-04 10:03:00,67.0443,67.0838,66.9552,66.9948,112572
2026-08-04 10:04:00,66.9948,67.0244,66.9354,66.9552,74849
2026-08-04 10:05:00,66.9552,66.9552,66.8463,66.9255,50259
2026-08-04 10:06:00,66.9156,66.9552,66.8775,66.9156,58235
2026-08-04 10:07:00,66.9255,67.0739,66.9255,67.0591,54407
2026-08-04 10:08:00,67.0442,67.1234,66.9752,67.0244,49683
2026-08-04 10:09:00,67.0145,67.1432,67.0046,67.1383,31709
2026-08-04 10:10:00,67.1333,67.1333,67.0244,67.064,26258
2026-08-04 10:11:00,67.064,67.1531,67.0497,67.1333,34988
2026-08-04 10:12:00,67.1234,67.163,67.0453,67.1333,28805
2026-08-04 10:13:00,67.1333,67.1333,67.0739,67.1234,26577
2026-08-04 10:14:00,67.1036,67.1531,67.0591,67.1432,33980
2026-08-04 10:15:00,67.1333,67.1531,67.0838,67.1135,51033
2026-08-04 10:16:00,67.1234,67.2125,67.1135,67.2125,60995
2026-08-04 10:17:00,67.2125,67.3214,67.1927,67.3214,78219
2026-08-04 10:18:00,67.3313,67.3412,67.2125,67.3313,32757
2026-08-04 10:19:00,67.3363,67.3808,67.1729,67.2026,41806
2026-08-04 10:20:00,67.2026,67.2472,66.5097,67.1581,56402
2026-08-04 10:21:00,67.1581,67.7471,66.5097,67.1828,59059
2026-08-04 10:22:00,67.1828,67.7124,67.0294,67.0442,36295
2026-08-04 10:23:00,67.0393,67.1878,67.0046,67.0046,48679
2026-08-04 10:24:00,67.0096,67.0393,66.9403,66.9898,32568
2026-08-04 10:25:00,67.0046,67.0353,66.9304,66.9403,30926
2026-08-04 10:26:00,66.9403,66.9997,66.9255,66.9849,26551
2026-08-04 10:27:00,66.975,67.0492,66.9453,66.9948,51081
2026-08-04 10:28:00,67.0046,67.0046,66.9007,66.9255,43228
2026-08-04 10:29:00,66.9255,66.975,66.876,66.876,37272
2026-08-04 10:30:00,66.8859,66.9106,66.8463,66.8562,21958
2026-08-04 10:31:00,66.8463,66.876,66.8346,66.8562,23304
2026-08-04 10:32:00,66.8611,66.8958,66.7671,66.7819,60056
2026-08-04 10:33:00,66.7869,66.8166,66.777,66.777,22640
2026-08-04 10:34:00,66.772,66.7968,66.7473,66.7572,43125
2026-08-04 10:35:00,66.7572,66.8364,66.7423,66.7671,42463
2026-08-04 10:36:00,66.7473,67.1828,66.7473,66.7819,36595
2026-08-04 10:37:00,66.7673,66.8611,66.7225,66.7374,38583
2026-08-04 10:38:00,66.7473,66.7968,66.7275,66.7374,39905
2026-08-04 10:39:00,66.7423,66.7869,66.7225,66.7869,23091
2026-08-04 10:40:00,66.7819,66.8116,66.7126,66.7324,30614
2026-08-04 10:41:00,66.7324,66.797,66.7275,66.7275,24642
2026-08-04 10:42:00,66.7374,66.7374,66.6186,66.6384,61815
2026-08-04 10:43:00,66.6483,66.6829,66.6186,66.6681,61863
2026-08-04 10:44:00,66.6483,66.7275,66.6186,66.678,57550
2026-08-04 10:45:00,66.6879,66.9601,66.673,66.6879,34294
2026-08-04 10:46:00,66.678,66.6879,66.6582,66.673,23082
2026-08-04 10:47:00,66.678,66.73,66.678,66.7077,40770
2026-08-04 10:48:00,66.6978,66.777,66.6384,66.7374,42003
2026-08-04 10:49:00,66.7374,66.7968,66.7374,66.7571,19449
2026-08-04 10:50:00,66.7572,66.8413,66.7572,66.7819,29096
2026-08-04 10:51:00,66.772,66.8166,66.772,66.8166,19799
2026-08-04 10:52:00,66.8364,66.876,66.8017,66.8413,26817
2026-08-04 10:53:00,66.8413,66.8958,66.8265,66.8958,23807
2026-08-04 10:54:00,66.8859,66.8859,66.7968,66.8166,24182
2026-08-04 10:55:00,66.8166,66.8562,66.7869,66.7869,31741
2026-08-04 10:56:00,66.777,66.777,66.678,66.6994,24678
2026-08-04 10:57:00,66.6978,66.7572,66.6879,66.7324,22487
2026-08-04 10:58:00,66.7374,66.7423,66.678,66.6829,31615
2026-08-04 10:59:00,66.678,66.6978,66.6087,66.6285,23726
2026-08-04 11:00:00,66.6186,66.7077,66.6087,66.6285,48335
2026-08-04 11:01:00,66.6483,66.6597,66.5691,66.5691,29399
2026-08-04 11:02:00,66.5592,66.5642,66.4998,66.5008,32065
2026-08-04 11:03:00,66.5196,66.5691,66.48,66.48,87854
2026-08-04 11:04:00,66.4701,66.5196,66.381,66.4306,88480
2026-08-04 11:05:00,66.4355,66.4899,66.4157,66.4503,33723
2026-08-04 11:06:00,66.4602,66.5196,66.4454,66.4899,34161
2026-08-04 11:07:00,66.48,66.5592,66.4652,66.5048,64627
2026-08-04 11:08:00,66.5097,66.6879,66.5097,66.6681,56639
2026-08-04 11:09:00,66.6589,66.678,66.579,66.6285,35921
2026-08-04 11:10:00,66.6285,66.678,66.579,66.678,30095
2026-08-04 11:11:00,66.6829,66.6978,66.6272,66.6285,48823
2026-08-04 11:12:00,66.6285,66.6681,66.6087,66.6532,50088
2026-08-04 11:13:00,66.6582,66.6582,66.5741,66.6087,50211
2026-08-04 11:14:00,66.5988,66.6087,66.5493,66.5592,40657
2026-08-04 11:15:00,66.5543,66.6087,66.5295,66.6087,28027
2026-08-04 11:16:00,66.6087,66.6285,66.5692,66.5741,18096
2026-08-04 11:17:00,66.5741,66.5741,66.5296,66.5493,25933
2026-08-04 11:18:00,66.5493,66.5493,66.4919,66.5048,22350
2026-08-04 11:19:00,66.5048,66.5295,66.485,66.485,23415
2026-08-04 11:20:00,66.48,66.5394,66.4503,66.5345,41494
2026-08-04 11:21:00,66.5295,66.5988,66.5246,66.5395,29954
2026-08-04 11:22:00,66.5444,66.5889,66.5395,66.5642,12263
2026-08-04 11:23:00,66.5642,66.5889,66.5345,66.5889,17613
2026-08-04 11:24:00,66.579,66.5889,66.5341,66.584,21267
2026-08-04 11:25:00,66.579,66.5889,66.5394,66.5394,23973
2026-08-04 11:26:00,66.5295,66.5295,66.48,66.5246,30732
2026-08-04 11:27:00,66.5246,66.5939,66.5048,66.5889,26417
2026-08-04 11:28:00,66.579,66.6285,66.5592,66.6235,34607
2026-08-04 11:29:00,66.6235,66.6582,66.6087,66.6384,23635
2026-08-04 11:30:00,66.6285,66.6384,66.5592,66.6037,30607
2026-08-04 11:31:00,66.5988,66.6483,66.579,66.6384,50975
2026-08-04 11:32:00,66.6483,66.6483,66.5889,66.6186,39795
2026-08-04 11:33:00,66.6087,66.6879,66.5988,66.6483,23455
2026-08-04 11:34:00,66.6582,66.6681,66.584,66.6334,28683
2026-08-04 11:35:00,66.6285,66.6582,66.5832,66.5939,20940
2026-08-04 11:36:00,66.5988,66.6483,66.5889,66.6359,22749
2026-08-04 11:37:00,66.6334,66.7176,66.6235,66.7027,39539
2026-08-04 11:38:00,66.7077,66.7473,66.6978,66.7473,24730
2026-08-04 11:39:00,66.7423,66.7572,66.7027,66.7374,23704
2026-08-04 11:40:00,66.7373,66.7423,66.6879,66.6879,21337
2026-08-04 11:41:00,66.678,66.6879,66.6285,66.6285,28114
2026-08-04 11:42:00,66.6384,66.6879,66.6384,66.6879,14607
2026-08-04 11:43:00,66.6879,66.7077,66.6681,66.6829,18032
2026-08-04 11:44:00,66.678,66.6978,66.6631,66.678,12789
2026-08-04 11:45:00,66.6879,66.6879,66.6187,66.6235,26850
2026-08-04 11:46:00,66.6283,66.6582,66.6186,66.6235,29904
2026-08-04 11:47:00,66.6284,66.678,66.6136,66.6186,19856
2026-08-04 11:48:00,66.6136,66.6186,66.6037,66.6087,10188
2026-08-04 11:49:00,66.6127,66.6127,66.5691,66.584,27115
2026-08-04 11:50:00,66.579,66.6285,66.5592,66.5592,39525
2026-08-04 11:51:00,66.5691,66.6037,66.5394,66.5906,23516
2026-08-04 11:52:00,66.5939,66.6493,66.589,66.6285,25870
2026-08-04 11:53:00,66.6384,66.6879,66.6235,66.6681,22930
2026-08-04 11:54:00,66.678,66.7423,66.673,66.7176,26835
2026-08-04 11:55:00,66.7186,66.7275,66.6582,66.6928,30520
2026-08-04 11:56:00,66.6928,66.7077,66.6235,66.6483,36910
2026-08-04 11:57:00,66.6433,66.673,66.6433,66.6532,26362
2026-08-04 11:58:00,66.6532,66.6681,66.6186,66.6235,36089
2026-08-04 11:59:00,66.6186,66.6384,66.6186,66.6384,33107
2026-08-04 12:00:00,66.6384,66.6879,66.6235,66.6384,43878
2026-08-04 12:01:00,66.6285,66.6384,66.5444,66.5493,30271
2026-08-04 12:02:00,66.5444,66.5988,66.5196,66.5988,25692
2026-08-04 12:03:00,66.5889,66.6235,66.5889,66.5987,24007
2026-08-04 12:04:00,66.5988,66.6582,66.5988,66.6532,20313
2026-08-04 12:05:00,66.6582,66.6582,66.6087,66.6235,17218
2026-08-04 12:06:00,66.6285,66.7176,66.6235,66.7126,27199
2026-08-04 12:07:00,66.7126,66.7473,66.6978,66.7027,40249
2026-08-04 12:08:00,66.7027,66.7077,66.6879,66.7077,16891
2026-08-04 12:09:00,66.7027,66.7275,66.7027,66.7225,24010
2026-08-04 12:10:00,66.7275,66.7572,66.6928,66.7572,25454
2026-08-04 12:11:00,66.7473,66.7671,66.7374,66.7621,23903
2026-08-04 12:12:00,66.7621,66.8017,66.7572,66.772,29589
2026-08-04 12:13:00,66.777,66.777,66.7522,66.7671,15368
2026-08-04 12:14:00,66.7572,66.7572,66.7225,66.7572,18083
2026-08-04 12:15:00,66.7671,66.8364,66.7572,66.8364,21863
2026-08-04 12:16:00,66.8314,66.8463,66.8067,66.8116,26692
2026-08-04 12:17:00,66.8166,66.8562,66.8017,66.8512,21867
2026-08-04 12:18:00,66.8562,66.9057,66.8017,66.8265,44130
2026-08-04 12:19:00,66.8265,66.871,66.8067,66.8562,17906
2026-08-04 12:20:00,66.8562,66.8562,66.8314,66.8561,18204
2026-08-04 12:21:00,66.8562,66.8859,66.8562,66.8611,20289
2026-08-04 12:22:00,66.8661,66.8859,66.8413,66.8413,11417
2026-08-04 12:23:00,66.8463,66.8859,66.8463,66.876,22812
2026-08-04 12:24:00,66.871,66.8958,66.8265,66.8265,56679
2026-08-04 12:25:00,66.8215,66.8661,66.8166,66.8463,17525
2026-08-04 12:26:00,66.8463,66.8908,66.8463,66.8562,17670
2026-08-04 12:27:00,66.8562,66.8661,66.7869,66.7869,36245
2026-08-04 12:28:00,66.777,66.777,66.6978,66.7077,29743
2026-08-04 12:29:00,66.7176,66.7869,66.7077,66.7869,14907
2026-08-04 12:30:00,66.7869,66.7869,66.7126,66.7374,26983
2026-08-04 12:31:00,66.7275,66.7621,66.6879,66.7474,38785
2026-08-04 12:32:00,66.7572,66.7801,66.7275,66.7539,28661
2026-08-04 12:33:00,66.7473,66.7671,66.7134,66.7225,21871
2026-08-04 12:34:00,66.7176,66.7176,66.6978,66.7176,13226
2026-08-04 12:35:00,66.7176,66.7176,66.6879,66.7077,15404
2026-08-04 12:36:00,66.7077,66.7176,66.6928,66.7077,11685
2026-08-04 12:37:00,66.7077,66.7077,66.673,66.6879,26264
2026-08-04 12:38:00,66.6978,66.772,66.6978,66.7671,30528
2026-08-04 12:39:00,66.7671,66.777,66.7176,66.7572,17573
2026-08-04 12:40:00,66.7621,66.7968,66.7473,66.7869,15234
2026-08-04 12:41:00,66.777,66.8116,66.7572,66.7869,31391
2026-08-04 12:42:00,66.7918,66.8364,66.7819,66.8265,18927
2026-08-04 12:43:00,66.8187,66.8314,66.7671,66.772,23742
2026-08-04 12:44:00,66.7671,66.772,66.7473,66.7473,15885
2026-08-04 12:45:00,66.7473,66.7572,66.7225,66.7275,20813
2026-08-04 12:46:00,66.7275,66.7374,66.7077,66.7275,13582
2026-08-04 12:47:00,66.7324,66.7572,66.7077,66.7572,14191
2026-08-04 12:48:00,66.7473,66.7819,66.7374,66.767,22762
2026-08-04 12:49:00,66.7621,66.7671,66.7077,66.7077,15238
2026-08-04 12:50:00,66.7176,66.7176,66.6681,66.7077,19360
2026-08-04 12:51:00,66.6979,66.7225,66.6979,66.7027,9458
2026-08-04 12:52:00,66.6978,66.6978,66.6681,66.678,19928
2026-08-04 12:53:00,66.6879,66.7275,66.678,66.7275,13009
2026-08-04 12:54:00,66.7275,66.7473,66.7126,66.7275,17594
2026-08-04 12:55:00,66.7225,66.772,66.7225,66.772,19828
2026-08-04 12:56:00,66.7671,66.8116,66.7572,66.7572,15607
2026-08-04 12:57:00,66.7572,66.7968,66.7473,66.7671,17450
2026-08-04 12:58:00,66.7671,66.8364,66.7671,66.8215,25295
2026-08-04 12:59:00,66.8166,66.8166,66.7802,66.7802,27199
2026-08-04 13:00:00,66.7819,66.7869,66.7077,66.7077,28485
2026-08-04 13:01:00,66.7077,66.7423,66.7077,66.7176,10940
2026-08-04 13:02:00,66.7175,66.7225,66.678,66.6781,11041
2026-08-04 13:03:00,66.678,66.6879,66.6384,66.678,24441
2026-08-04 13:04:00,66.678,66.6978,66.6582,66.6829,18495
2026-08-04 13:05:00,66.678,66.678,66.6235,66.6235,7636
2026-08-04 13:06:00,66.6186,66.6285,66.5741,66.6087,32966
2026-08-04 13:07:00,66.5988,66.6186,66.5741,66.6037,19807
2026-08-04 13:08:00,66.6087,66.6334,66.5889,66.6136,44050
2026-08-04 13:09:00,66.6186,66.6631,66.6136,66.6483,11952
2026-08-04 13:10:00,66.6433,66.6582,66.6285,66.6433,16034
2026-08-04 13:11:00,66.6433,66.6532,66.6186,66.6187,11906
2026-08-04 13:12:00,66.6186,66.6582,66.6136,66.6582,25039
2026-08-04 13:13:00,66.6532,66.6829,66.6509,66.6509,22086
2026-08-04 13:14:00,66.6483,66.6582,66.6384,66.6384,13064
2026-08-04 13:15:00,66.6433,66.6483,66.579,66.579,20203
2026-08-04 13:16:00,66.5741,66.5889,66.5691,66.5889,20576
2026-08-04 13:17:00,66.5939,66.6285,66.5939,66.6037,12125
2026-08-04 13:18:00,66.6037,66.6087,66.5988,66.6037,11316
2026-08-04 13:19:00,66.5988,66.5988,66.579,66.5889,17635
2026-08-04 13:20:00,66.584,66.5988,66.584,66.5889,10865
2026-08-04 13:21:00,66.5889,66.5987,66.579,66.5889,20317
2026-08-04 13:22:00,66.5889,66.6433,66.584,66.6384,16547
2026-08-04 13:23:00,66.6384,66.6384,66.6136,66.6186,13141
2026-08-04 13:24:00,66.6235,66.6235,66.6037,66.6136,10695
2026-08-04 13:25:00,66.6087,66.6285,66.6087,66.6285,14122
2026-08-04 13:26:00,66.6285,66.678,66.6186,66.6681,15799
2026-08-04 13:27:00,66.673,66.678,66.6285,66.6384,10546
2026-08-04 13:28:00,66.6334,66.6532,66.6186,66.6235,18553
2026-08-04 13:29:00,66.6235,66.673,66.6235,66.6433,29891
2026-08-04 13:30:00,66.6384,66.6483,66.6235,66.6334,13565
2026-08-04 13:31:00,66.6285,66.6285,66.5889,66.5889,12024
2026-08-04 13:32:00,66.5939,66.6077,66.5694,66.5889,22425
2026-08-04 13:33:00,66.579,66.6285,66.579,66.6186,24756
2026-08-04 13:34:00,66.6186,66.6334,66.5889,66.589,21646
2026-08-04 13:35:00,66.5889,66.6186,66.5691,66.5691,15908
2026-08-04 13:36:00,66.5691,66.5789,66.5436,66.5436,15982
2026-08-04 13:37:00,66.5493,66.5493,66.5048,66.5097,14573
2026-08-04 13:38:00,66.5096,66.5394,66.4998,66.5147,21497
2026-08-04 13:39:00,66.5147,66.5196,66.4504,66.4553,8601
2026-08-04 13:40:00,66.4553,66.481,66.4553,66.4652,18963
2026-08-04 13:41:00,66.4652,66.48,66.4256,66.4256,15425
2026-08-04 13:42:00,66.4256,66.4404,66.4207,66.4207,24895
2026-08-04 13:43:00,66.4206,66.4256,66.3711,66.3758,33266
2026-08-04 13:44:00,66.3711,66.381,66.3315,66.3612,43720
2026-08-04 13:45:00,66.3612,66.3711,66.3464,66.3514,14794
2026-08-04 13:46:00,66.3606,66.3909,66.3606,66.3662,30182
2026-08-04 13:47:00,66.3711,66.381,66.3563,66.3563,17142
2026-08-04 13:48:00,66.3563,66.381,66.3563,66.3711,16671
2026-08-04 13:49:00,66.3662,66.381,66.3612,66.3712,11540
2026-08-04 13:50:00,66.3761,66.381,66.3513,66.3711,28438
2026-08-04 13:51:00,66.3711,66.4008,66.3563,66.3563,23949
2026-08-04 13:52:00,66.3612,66.4206,66.3612,66.3959,22283
2026-08-04 13:53:00,66.4008,66.4206,66.3959,66.4008,22316
2026-08-04 13:54:00,66.4058,66.4404,66.4008,66.4355,22110
2026-08-04 13:55:00,66.4355,66.4454,66.4008,66.4107,16274
2026-08-04 13:56:00,66.4058,66.4107,66.4008,66.4008,12029
2026-08-04 13:57:00,66.4058,66.4157,66.3959,66.4157,22257
2026-08-04 13:58:00,66.4107,66.4701,66.4107,66.4553,26289
2026-08-04 13:59:00,66.4602,66.4899,66.4503,66.4503,15788
2026-08-04 14:00:00,66.4553,66.4553,66.4008,66.4404,31713
2026-08-04 14:01:00,66.4404,66.4404,66.3909,66.4232,25522
2026-08-04 14:02:00,66.4206,66.48,66.4206,66.48,18659
2026-08-04 14:03:00,66.48,66.4949,66.4503,66.4553,14623
2026-08-04 14:04:00,66.4553,66.4553,66.4256,66.4305,13870
2026-08-04 14:05:00,66.4206,66.4503,66.4107,66.4305,19133
2026-08-04 14:06:00,66.4404,66.4701,66.4404,66.4404,15362
2026-08-04 14:07:00,66.4454,66.4503,66.4207,66.4355,12728
2026-08-04 14:08:00,66.4305,66.48,66.4305,66.4703,15933
2026-08-04 14:09:00,66.4701,66.4899,66.4602,66.485,15045
2026-08-04 14:10:00,66.485,66.4899,66.4355,66.4454,11191
2026-08-04 14:11:00,66.4503,66.4602,66.4454,66.4503,12351
2026-08-04 14:12:00,66.4602,66.4949,66.4504,66.4701,20014
2026-08-04 14:13:00,66.4701,66.4899,66.4602,66.4751,11808
2026-08-04 14:14:00,66.4701,66.4701,66.4305,66.4504,16667
2026-08-04 14:15:00,66.4553,66.4701,66.4454,66.4602,16405
2026-08-04 14:16:00,66.4553,66.4652,66.4505,66.4602,11107
2026-08-04 14:17:00,66.4602,66.5097,66.4553,66.4899,18397
2026-08-04 14:18:00,66.4899,66.4949,66.4731,66.4731,14367
2026-08-04 14:19:00,66.48,66.48,66.4553,66.4602,14351
2026-08-04 14:20:00,66.4652,66.4701,66.4626,66.4701,60923
2026-08-04 14:21:00,66.4602,66.4899,66.4602,66.485,15281
2026-08-04 14:22:00,66.4801,66.4998,66.4305,66.4404,46261
2026-08-04 14:23:00,66.4503,66.4998,66.4503,66.4701,22365
2026-08-04 14:24:00,66.48,66.5147,66.48,66.4949,16001
2026-08-04 14:25:00,66.4949,66.4998,66.485,66.4998,6553
2026-08-04 14:26:00,66.4998,66.5048,66.4899,66.4998,14224
2026-08-04 14:27:00,66.4998,66.5295,66.4998,66.5048,16279
2026-08-04 14:28:00,66.5097,66.5889,66.5097,66.584,29229
2026-08-04 14:29:00,66.5889,66.6285,66.5889,66.6037,49830
2026-08-04 14:30:00,66.5889,66.6334,66.5889,66.5889,32898
2026-08-04 14:31:00,66.5939,66.6087,66.579,66.5939,27047
2026-08-04 14:32:00,66.5889,66.5889,66.5444,66.5493,26531
2026-08-04 14:33:00,66.5543,66.5592,66.5196,66.5543,21827
2026-08-04 14:34:00,66.5493,66.5493,66.5048,66.5295,19884
2026-08-04 14:35:00,66.5246,66.5345,66.4998,66.4998,16977
2026-08-04 14:36:00,66.4949,66.4998,66.485,66.4899,12652
2026-08-04 14:37:00,66.4949,66.5147,66.4751,66.48,19995
2026-08-04 14:38:00,66.4752,66.4998,66.4701,66.4899,20870
2026-08-04 14:39:00,66.4949,66.5147,66.4899,66.5048,13655
2026-08-04 14:40:00,66.4998,66.5076,66.4652,66.5076,29956
2026-08-04 14:41:00,66.5048,66.5592,66.4998,66.5394,21404
2026-08-04 14:42:00,66.5394,66.5592,66.5295,66.5394,16168
2026-08-04 14:43:00,66.5493,66.6037,66.543,66.5988,20637
2026-08-04 14:44:00,66.5988,66.5988,66.5496,66.579,28814
2026-08-04 14:45:00,66.579,66.6343,66.5691,66.5889,31518
2026-08-04 14:46:00,66.5889,66.6285,66.5889,66.6037,27842
2026-08-04 14:47:00,66.6087,66.6681,66.579,66.6681,32918
2026-08-04 14:48:00,66.6582,66.6582,66.6087,66.6285,19871
2026-08-04 14:49:00,66.6384,66.6681,66.6334,66.6433,16612
2026-08-04 14:50:00,66.6483,66.6681,66.6384,66.6681,19123
2026-08-04 14:51:00,66.6631,66.678,66.6483,66.6483,26876
2026-08-04 14:52:00,66.6582,66.6582,66.6087,66.6087,20059
2026-08-04 14:53:00,66.6186,66.6235,66.579,66.579,20243
2026-08-04 14:54:00,66.5889,66.5988,66.5295,66.5295,27908
2026-08-04 14:55:00,66.5197,66.5642,66.4998,66.4998,20966
2026-08-04 14:56:00,66.4899,66.5196,66.4899,66.5048,14748
2026-08-04 14:57:00,66.5097,66.5592,66.5048,66.5592,34178
2026-08-04 14:58:00,66.5592,66.5889,66.5493,66.5889,18674
2026-08-04 14:59:00,66.579,66.5889,66.5444,66.5543,28425
2026-08-04 15:00:00,66.5592,66.5988,66.5592,66.5627,15614
2026-08-04 15:01:00,66.5642,66.5642,66.48,66.5394,37769
2026-08-04 15:02:00,66.5345,66.579,66.5345,66.5394,30824
2026-08-04 15:03:00,66.5394,66.5592,66.5246,66.5444,30847
2026-08-04 15:04:00,66.5493,66.5493,66.5097,66.5097,18651
2026-08-04 15:05:00,66.4998,66.5394,66.48,66.5048,64466
2026-08-04 15:06:00,66.5048,66.5368,66.4998,66.5368,25578
2026-08-04 15:07:00,66.5394,66.5493,66.5196,66.5246,29257
2026-08-04 15:08:00,66.5147,66.5196,66.485,66.4899,46448
2026-08-04 15:09:00,66.4801,66.4899,66.4602,66.4751,26262
2026-08-04 15:10:00,66.4701,66.4899,66.4503,66.4602,28398
2026-08-04 15:11:00,66.4602,66.4602,66.4305,66.4355,24804
2026-08-04 15:12:00,66.4355,66.4503,66.3711,66.381,70159
2026-08-04 15:13:00,66.381,66.386,66.3513,66.3563,31620
2026-08-04 15:14:00,66.3612,66.3612,66.3315,66.3414,41866
2026-08-04 15:15:00,66.3414,66.4008,66.3414,66.3909,44056
2026-08-04 15:16:00,66.3909,66.3909,66.3711,66.386,23910
2026-08-04 15:17:00,66.386,66.3909,66.3513,66.3612,42642
2026-08-04 15:18:00,66.3612,66.381,66.3563,66.3711,19134
2026-08-04 15:19:00,66.3711,66.3959,66.3612,66.381,28021
2026-08-04 15:20:00,66.381,66.4206,66.3612,66.4008,33773
2026-08-04 15:21:00,66.406,66.4107,66.3414,66.3563,28135
2026-08-04 15:22:00,66.3563,66.3761,66.3365,66.3662,24223
2026-08-04 15:23:00,66.3711,66.3909,66.3513,66.3513,34152
2026-08-04 15:24:00,66.3464,66.3662,66.3464,66.3563,20797
2026-08-04 15:25:00,66.3612,66.3612,66.3464,66.3464,15842
2026-08-04 15:26:00,66.3513,66.4058,66.3464,66.4009,46805
2026-08-04 15:27:00,66.4008,66.4157,66.3909,66.3959,13544
2026-08-04 15:28:00,66.3959,66.3959,66.3513,66.3612,43372
2026-08-04 15:29:00,66.364,66.381,66.3316,66.344,23447
2026-08-04 15:30:00,66.3513,66.3612,66.3018,66.3266,116872
2026-08-04 15:31:00,66.3266,66.3513,66.3216,66.3365,54984
2026-08-04 15:32:00,66.3414,66.3414,66.2771,66.2969,37706
2026-08-04 15:33:00,66.2954,66.3167,66.2622,66.282,34661
2026-08-04 15:34:00,66.282,66.3315,66.2771,66.3266,30164
2026-08-04 15:35:00,66.3216,66.3414,66.3018,66.3226,48269
2026-08-04 15:36:00,66.3266,66.3414,66.2919,66.2969,33567
2026-08-04 15:37:00,66.2919,66.3068,66.2622,66.3018,41110
2026-08-04 15:38:00,66.2919,66.2919,66.2325,66.2672,56868
2026-08-04 15:39:00,66.2721,66.282,66.2653,66.2721,26328
2026-08-04 15:40:00,66.2622,66.2919,66.2523,66.2533,46098
2026-08-04 15:41:00,66.2524,66.3167,66.2474,66.3018,28465
2026-08-04 15:42:00,66.3018,66.3117,66.2721,66.2771,42796
2026-08-04 15:43:00,66.2771,66.2771,66.2424,66.2424,38922
2026-08-04 15:44:00,66.2523,66.2672,66.2424,66.2573,53253
2026-08-04 15:45:00,66.2523,66.3018,66.2523,66.282,73204
2026-08-04 15:46:00,66.2771,66.3117,66.2672,66.2771,49039
2026-08-04 15:47:00,66.2771,66.2919,66.2622,66.2771,52064
2026-08-04 15:48:00,66.2771,66.2969,66.2622,66.2919,58350
2026-08-04 15:49:00,66.2919,66.3266,66.2919,66.3117,64976
2026-08-04 15:50:00,66.3117,66.4899,66.3018,66.4751,90303
2026-08-04 15:51:00,66.4701,66.5493,66.4652,66.5196,167042
2026-08-04 15:52:00,66.5147,66.5444,66.4602,66.4751,125975
2026-08-04 15:53:00,66.4701,66.5394,66.4503,66.5246,74657
2026-08-04 15:54:00,66.5196,66.5543,66.5097,66.5345,101575
2026-08-04 15:55:00,66.5394,66.6384,66.5345,66.6384,175928
2026-08-04 15:56:00,66.6334,66.7473,66.6334,66.7126,291060
2026-08-04 15:57:00,66.7126,66.7968,66.7077,66.7869,324724
2026-08-04 15:58:00,66.7968,66.8512,66.772,66.7968,401485
2026-08-04 15:59:00,66.7918,66.8958,66.7572,66.8859,738340
2026-08-05 09:30:00,67.1531,67.3511,67.0739,67.3214,294383
2026-08-05 09:31:00,67.3214,67.3907,67.262,67.3313,27304
2026-08-05 09:32:00,67.3016,67.4699,67.163,67.163,41754
2026-08-05 09:33:00,67.1828,67.3115,67.1135,67.2719,36224
2026-08-05 09:34:00,67.2868,67.3277,67.2125,67.2719,26294
2026-08-05 09:35:00,67.2818,67.5095,67.2521,67.4392,59574
2026-08-05 09:36:00,67.4402,67.5095,67.4303,67.4501,52029
2026-08-05 09:37:00,67.4402,67.5392,67.4352,67.5278,29950
2026-08-05 09:38:00,67.5293,67.5689,67.46,67.4699,56663
2026-08-05 09:39:00,67.4402,67.5392,67.4402,67.4996,25656
2026-08-05 09:40:00,67.5243,67.5788,67.5095,67.5095,27493
2026-08-05 09:41:00,67.4996,67.5392,67.4501,67.4649,27707
2026-08-05 09:42:00,67.4649,67.5194,67.4105,67.4154,39192
2026-08-05 09:43:00,67.4204,67.4204,67.2719,67.2818,57250
2026-08-05 09:44:00,67.2719,67.4105,67.2719,67.3709,31402
2026-08-05 09:45:00,67.3709,67.4303,67.3412,67.4204,31453
2026-08-05 09:46:00,67.4204,67.4501,67.3956,67.4204,21290
2026-08-05 09:47:00,67.4204,67.5243,67.4006,67.5194,32408
2026-08-05 09:48:00,67.5095,67.5392,67.4649,67.4733,33225
2026-08-05 09:49:00,67.4748,67.5095,67.4303,67.4699,60136
2026-08-05 09:50:00,67.46,67.5102,67.4402,67.4897,18716
2026-08-05 09:51:00,67.4897,67.6035,67.4847,67.6,29003
2026-08-05 09:52:00,67.6085,67.6184,67.5689,67.6184,20437
2026-08-05 09:53:00,67.6184,67.658,67.5738,67.6184,24539
2026-08-05 09:54:00,67.6085,67.658,67.5986,67.6332,29134
2026-08-05 09:55:00,67.6481,67.6481,67.6085,67.6332,24521
2026-08-05 09:56:00,67.6283,67.7174,67.6283,67.6778,27955
2026-08-05 09:57:00,67.6679,67.6679,67.5689,67.5837,33873
2026-08-05 09:58:00,67.5788,67.5887,67.5473,67.5689,44904
2026-08-05 09:59:00,67.5689,67.5887,67.5243,67.5293,37970
2026-08-05 10:00:00,67.5293,67.5293,67.4402,67.455,52324
2026-08-05 10:01:00,67.46,67.4798,67.4303,67.4748,72857
2026-08-05 10:02:00,67.4748,67.5441,67.4748,67.5441,56124
2026-08-05 10:03:00,67.5441,67.5441,67.4798,67.5095,25620
2026-08-05 10:04:00,67.5095,67.5788,67.5095,67.569,46289
2026-08-05 10:05:00,67.5788,67.6877,67.5738,67.6877,31738
2026-08-05 10:06:00,67.6778,67.7075,67.6629,67.6877,23792
2026-08-05 10:07:00,67.7025,67.7025,67.6184,67.653,28690
2026-08-05 10:08:00,67.6628,67.6728,67.6131,67.658,25057
2026-08-05 10:09:00,67.658,67.7471,67.658,67.6976,31327
2026-08-05 10:10:00,67.6976,67.7174,67.6085,67.658,21740
2026-08-05 10:11:00,67.653,67.6877,67.6332,67.6392,20512
2026-08-05 10:12:00,67.6436,67.7075,67.6431,67.6976,29963
2026-08-05 10:13:00,67.6778,67.7075,67.6679,67.7075,17711
2026-08-05 10:14:00,67.7075,67.7174,67.6728,67.6877,20799
2026-08-05 10:15:00,67.6905,67.7025,67.658,67.6629,17296
2026-08-05 10:16:00,67.6629,67.7075,67.6582,67.7025,20746
2026-08-05 10:17:00,67.7025,67.7025,67.6085,67.6382,54563
2026-08-05 10:18:00,67.6382,67.6629,67.6283,67.6629,13866
2026-08-05 10:19:00,67.6629,67.6646,67.6233,67.6283,16542
2026-08-05 10:20:00,67.6283,67.653,67.6184,67.6283,14282
2026-08-05 10:21:00,67.6382,67.6926,67.6283,67.6728,30345
2026-08-05 10:22:00,67.6728,67.6877,67.6481,67.6517,13753
2026-08-05 10:23:00,67.658,67.6728,67.6382,67.658,14080
2026-08-05 10:24:00,67.653,67.7124,67.653,67.7124,15435
2026-08-05 10:25:00,67.7124,67.7619,67.7124,67.7322,22003
2026-08-05 10:26:00,67.7273,67.7372,67.7174,67.7223,18408
2026-08-05 10:27:00,67.7272,67.752,67.6987,67.7075,23750
2026-08-05 10:28:00,67.7075,67.7371,67.6976,67.7273,14838
2026-08-05 10:29:00,67.7223,67.7768,67.7174,67.7322,22808
2026-08-05 10:30:00,67.7372,67.7436,67.6679,67.6867,24356
2026-08-05 10:31:00,67.6827,67.6976,67.6728,67.6926,17956
2026-08-05 10:32:00,67.6926,67.7372,67.6783,67.7372,20334
2026-08-05 10:33:00,67.7372,67.7471,67.6877,67.6976,20214
2026-08-05 10:34:00,67.6976,67.7768,67.6976,67.7669,26593
2026-08-05 10:35:00,67.7619,67.7817,67.752,67.7669,14309
2026-08-05 10:36:00,67.7669,67.8163,67.7619,67.8064,33095
2026-08-05 10:37:00,67.8064,67.8064,67.7768,67.8015,23479
2026-08-05 10:38:00,67.8114,67.8336,67.7831,67.7831,31029
2026-08-05 10:39:00,67.7867,67.8163,67.757,67.8163,31938
2026-08-05 10:40:00,67.8213,67.8361,67.7718,67.7718,18301
2026-08-05 10:41:00,67.7669,67.7669,67.7174,67.757,30953
2026-08-05 10:42:00,67.757,67.7669,67.7075,67.7248,43867
2026-08-05 10:43:00,67.7223,67.757,67.7223,67.752,24118
2026-08-05 10:44:00,67.752,67.8163,67.7471,67.8114,19966
2026-08-05 10:45:00,67.8114,67.8163,67.7718,67.8015,18804
2026-08-05 10:46:00,67.8015,67.8856,67.8015,67.8708,31475
2026-08-05 10:47:00,67.8658,67.9252,67.8658,67.9203,23513
2026-08-05 10:48:00,67.9153,67.9203,67.8955,67.9203,19756
2026-08-05 10:49:00,67.9252,67.9351,67.9005,67.9252,26554
2026-08-05 10:50:00,67.9252,67.9252,67.8559,67.8757,22187
2026-08-05 10:51:00,67.8658,67.8757,67.8411,67.8708,29584
2026-08-05 10:52:00,67.8708,67.9054,67.8658,67.9005,16368
2026-08-05 10:53:00,67.9005,67.9054,67.846,67.846,17497
2026-08-05 10:54:00,67.8411,67.8757,67.8411,67.8609,16634
2026-08-05 10:55:00,67.8757,67.8856,67.8609,67.8807,22143
2026-08-05 10:56:00,67.8856,67.9153,67.8791,67.9054,21415
2026-08-05 10:57:00,67.8987,67.9054,67.8361,67.8411,22954
2026-08-05 10:58:00,67.8411,67.8609,67.8203,67.8361,27667
2026-08-05 10:59:00,67.8312,67.8559,67.8262,67.851,10527
2026-08-05 11:00:00,67.846,67.8658,67.8312,67.8312,22232
2026-08-05 11:01:00,67.8262,67.8262,67.7965,67.8163,24224
2026-08-05 11:02:00,67.8114,67.8262,67.7916,67.8082,14075
2026-08-05 11:03:00,67.8064,67.8312,67.7867,67.8213,21524
2026-08-05 11:04:00,67.8262,67.851,67.8064,67.8114,41913
2026-08-05 11:05:00,67.7965,67.8856,67.7965,67.8807,21069
2026-08-05 11:06:00,67.8856,67.9054,67.8476,67.8476,18772
2026-08-05 11:07:00,67.851,67.8517,67.7965,67.8312,37766
2026-08-05 11:08:00,67.8262,67.8312,67.757,67.7619,19881
2026-08-05 11:09:00,67.757,67.7669,67.7124,67.7174,17424
2026-08-05 11:10:00,67.7223,67.7421,67.7075,67.7124,28006
2026-08-05 11:11:00,67.7124,67.7273,67.6878,67.7075,29770
2026-08-05 11:12:00,67.7075,67.7075,67.6679,67.6778,26317
2026-08-05 11:13:00,67.6728,67.6877,67.6679,67.6728,18810
2026-08-05 11:14:00,67.6778,67.6975,67.658,67.6629,27938
2026-08-05 11:15:00,67.6629,67.6778,67.6085,67.6085,34673
2026-08-05 11:16:00,67.6035,67.6563,67.5887,67.6431,24078
2026-08-05 11:17:00,67.6431,67.6481,67.5986,67.5986,28706
2026-08-05 11:18:00,67.6035,67.6082,67.5639,67.5738,26815
2026-08-05 11:19:00,67.5788,67.5837,67.5095,67.5095,34169
2026-08-05 11:20:00,67.5045,67.5096,67.4699,67.4847,36681
2026-08-05 11:21:00,67.4798,67.4996,67.4451,67.4501,27841
2026-08-05 11:22:00,67.4501,67.4798,67.4501,67.4773,21830
2026-08-05 11:23:00,67.4699,67.5095,67.4616,67.5095,23839
2026-08-05 11:24:00,67.5052,67.5194,67.4798,67.4847,19887
2026-08-05 11:25:00,67.4847,67.5095,67.4836,67.4996,21278
2026-08-05 11:26:00,67.4946,67.5491,67.4946,67.5441,25675
2026-08-05 11:27:00,67.5491,67.5639,67.5095,67.5194,15158
2026-08-05 11:28:00,67.5243,67.5243,67.4699,67.4798,24561
2026-08-05 11:29:00,67.4699,67.4748,67.4303,67.4303,17298
2026-08-05 11:30:00,67.4204,67.4204,67.3858,67.4006,43899
2026-08-05 11:31:00,67.3907,67.4204,67.3709,67.4105,43930
2026-08-05 11:32:00,67.4105,67.4204,67.4006,67.4204,40608
2026-08-05 11:33:00,67.4105,67.4107,67.3759,67.3808,18118
2026-08-05 11:34:00,67.3808,67.4072,67.3654,67.4072,14320
2026-08-05 11:35:00,67.4105,67.4352,67.3907,67.4187,31468
2026-08-05 11:36:00,67.4204,67.4467,67.4154,67.4402,16343
2026-08-05 11:37:00,67.4465,67.4897,67.4465,67.4649,17440
2026-08-05 11:38:00,67.46,67.4699,67.3907,67.4006,37974
2026-08-05 11:39:00,67.4028,67.4105,67.3808,67.4105,20772
2026-08-05 11:40:00,67.4154,67.4303,67.4055,67.4303,22609
2026-08-05 11:41:00,67.4303,67.4501,67.4204,67.4204,15938
2026-08-05 11:42:00,67.4105,67.4204,67.366,67.3709,19997
2026-08-05 11:43:00,67.3611,67.4798,67.3611,67.4748,30946
2026-08-05 11:44:00,67.4847,67.5095,67.46,67.4897,14258
2026-08-05 11:45:00,67.4897,67.559,67.4847,67.5342,20322
2026-08-05 11:46:00,67.5342,67.5491,67.4946,67.4946,17515
2026-08-05 11:47:00,67.5095,67.5388,67.5045,67.5388,16057
2026-08-05 11:48:00,67.5392,67.559,67.5342,67.5342,14269
2026-08-05 11:49:00,67.5392,67.5689,67.5294,67.5689,13875
2026-08-05 11:50:00,67.5689,67.6085,67.5639,67.5986,13107
2026-08-05 11:51:00,67.5986,67.6184,67.5933,67.5936,14086
2026-08-05 11:52:00,67.5936,67.6134,67.5936,67.5986,8140
2026-08-05 11:53:00,67.6085,67.6382,67.6085,67.6382,19095
2026-08-05 11:54:00,67.6382,67.6679,67.6085,67.6184,24454
2026-08-05 11:55:00,67.6184,67.6728,67.6085,67.653,14210
2026-08-05 11:56:00,67.658,67.6581,67.5986,67.6184,28832
2026-08-05 11:57:00,67.6184,67.6324,67.6085,67.6134,11257
2026-08-05 11:58:00,67.6184,67.6283,67.5999,67.6184,11948
2026-08-05 11:59:00,67.6283,67.648,67.6233,67.6323,11823
2026-08-05 12:00:00,67.6382,67.6481,67.6283,67.6332,17097
2026-08-05 12:01:00,67.6332,67.6778,67.6321,67.6778,14484
2026-08-05 12:02:00,67.6877,67.6976,67.658,67.6679,13924
2026-08-05 12:03:00,67.6728,67.7174,67.6728,67.6976,14141
2026-08-05 12:04:00,67.6976,67.7471,67.6976,67.7273,19220
2026-08-05 12:05:00,67.7372,67.7372,67.7222,67.7322,9292
2026-08-05 12:06:00,67.7372,67.7669,67.7273,67.7669,12993
2026-08-05 12:07:00,67.7669,67.7669,67.7273,67.7471,12530
2026-08-05 12:08:00,67.752,67.752,67.6976,67.7075,12384
2026-08-05 12:09:00,67.7124,67.7223,67.7025,67.7075,7845
2026-08-05 12:10:00,67.7072,67.7273,67.6877,67.7174,16245
2026-08-05 12:11:00,67.7223,67.7322,67.7075,67.7322,11065
2026-08-05 12:12:00,67.737,67.737,67.6877,67.6976,9830
2026-08-05 12:13:00,67.7025,67.7273,67.7025,67.7273,15101
2026-08-05 12:14:00,67.7223,67.7322,67.7124,67.7273,11360
2026-08-05 12:15:00,67.7273,67.752,67.7174,67.7471,15987
2026-08-05 12:16:00,67.752,67.7619,67.7421,67.7544,16737
2026-08-05 12:17:00,67.752,67.752,67.7372,67.752,14490
2026-08-05 12:18:00,67.752,67.7718,67.7471,67.752,9408
2026-08-05 12:19:00,67.752,67.7669,67.7322,67.7322,15614
2026-08-05 12:20:00,67.7322,67.7471,67.7273,67.7372,13263
2026-08-05 12:21:00,67.7471,67.757,67.7124,67.7174,27460
2026-08-05 12:22:00,67.7223,67.7273,67.6877,67.6926,10040
2026-08-05 12:23:00,67.6877,67.7025,67.6778,67.6979,12486
2026-08-05 12:24:00,67.6997,67.7174,67.6778,67.6877,8344
2026-08-05 12:25:00,67.6827,67.6877,67.658,67.658,14197
2026-08-05 12:26:00,67.658,67.6679,67.6431,67.6679,10673
2026-08-05 12:27:00,67.6778,67.6877,67.6679,67.6728,8889
2026-08-05 12:28:00,67.6728,67.6778,67.6679,67.6778,6469
2026-08-05 12:29:00,67.6827,67.6926,67.658,67.658,10469
2026-08-05 12:30:00,67.6679,67.6877,67.6184,67.6283,21852
2026-08-05 12:31:00,67.6382,67.6481,67.6283,67.6332,6218
2026-08-05 12:32:00,67.6332,67.6382,67.6184,67.6332,8557
2026-08-05 12:33:00,67.6332,67.658,67.6283,67.653,9737
2026-08-05 12:34:00,67.6481,67.658,67.6431,67.658,8496
2026-08-05 12:35:00,67.6522,67.6679,67.6481,67.658,14165
2026-08-05 12:36:00,67.653,67.6741,67.653,67.6728,16591
2026-08-05 12:37:00,67.6679,67.7075,67.6679,67.7075,12727
2026-08-05 12:38:00,67.7075,67.7174,67.7025,67.7075,6491
2026-08-05 12:39:00,67.7075,67.7124,67.6877,67.6877,8965
2026-08-05 12:40:00,67.6926,67.7025,67.6778,67.6976,13090
2026-08-05 12:41:00,67.7025,67.7124,67.6976,67.7075,7975
2026-08-05 12:42:00,67.7025,67.7025,67.6827,67.7025,10833
2026-08-05 12:43:00,67.7025,67.7372,67.7025,67.7372,8990
2026-08-05 12:44:00,67.7372,67.7559,67.7322,67.7322,11941
2026-08-05 12:45:00,67.7301,67.747,67.7301,67.7372,6922
2026-08-05 12:46:00,67.7372,67.757,67.7322,67.757,11121
2026-08-05 12:47:00,67.757,67.757,67.7223,67.7223,15881
2026-08-05 12:48:00,67.7372,67.7471,67.7273,67.7322,8697
2026-08-05 12:49:00,67.7273,67.7322,67.6877,67.6926,12911
2026-08-05 12:50:00,67.6926,67.7273,67.6926,67.7273,9463
2026-08-05 12:51:00,67.7273,67.7421,67.7124,67.7124,15439
2026-08-05 12:52:00,67.7124,67.7965,67.7124,67.7965,19004
2026-08-05 12:53:00,67.7965,67.8163,67.7965,67.8114,15837
2026-08-05 12:54:00,67.8064,67.8114,67.8015,67.8064,10421
2026-08-05 12:55:00,67.8015,67.8262,67.7916,67.8262,10711
2026-08-05 12:56:00,67.8312,67.8361,67.8163,67.8163,7845
2026-08-05 12:57:00,67.8213,67.8213,67.8064,67.8213,11635
2026-08-05 12:58:00,67.8262,67.8262,67.7867,67.8114,25837
2026-08-05 12:59:00,67.8163,67.8213,67.7867,67.7867,15668
2026-08-05 13:00:00,67.7867,67.8064,67.7471,67.757,21694
2026-08-05 13:01:00,67.757,67.7965,67.757,67.7965,15815
2026-08-05 13:02:00,67.7916,67.8411,67.7916,67.8163,11189
2026-08-05 13:03:00,67.8163,67.846,67.8114,67.8411,8902
2026-08-05 13:04:00,67.8411,67.8411,67.8015,67.8312,12726
2026-08-05 13:05:00,67.8312,67.8757,67.8312,67.8658,21002
2026-08-05 13:06:00,67.8609,67.8955,67.8609,67.8955,11361
2026-08-05 13:07:00,67.9054,67.9054,67.851,67.851,13181
2026-08-05 13:08:00,67.8559,67.8609,67.8312,67.8559,18487
2026-08-05 13:09:00,67.8658,67.8658,67.8361,67.8609,13376
2026-08-05 13:10:00,67.8609,67.8856,67.8559,67.8757,7071
2026-08-05 13:11:00,67.8658,67.8757,67.8658,67.8708,7425
2026-08-05 13:12:00,67.8757,67.8757,67.8559,67.8658,10843
2026-08-05 13:13:00,67.8715,67.8757,67.8361,67.846,12725
2026-08-05 13:14:00,67.846,67.8559,67.8361,67.8559,6223
2026-08-05 13:15:00,67.8597,67.8757,67.8597,67.8708,10384
2026-08-05 13:16:00,67.8708,67.9153,67.8708,67.9153,12702
2026-08-05 13:17:00,67.9153,67.9252,67.8956,67.8997,23861
2026-08-05 13:18:00,67.9005,67.9153,67.8856,67.8856,15771
2026-08-05 13:19:00,67.8807,67.8906,67.8559,67.8609,20023
2026-08-05 13:20:00,67.8609,67.8757,67.8559,67.8689,13545
2026-08-05 13:21:00,67.8658,67.8708,67.8312,67.8312,30583
2026-08-05 13:22:00,67.8328,67.8361,67.8064,67.8064,9488
2026-08-05 13:23:00,67.8064,67.8261,67.7867,67.8114,14239
2026-08-05 13:24:00,67.8163,67.8163,67.7916,67.8064,12569
2026-08-05 13:25:00,67.8114,67.8361,67.8114,67.8361,7910
2026-08-05 13:26:00,67.8361,67.8361,67.8262,67.8361,5388
2026-08-05 13:27:00,67.8262,67.8361,67.8262,67.8337,43937
2026-08-05 13:28:00,67.8213,67.8361,67.8184,67.8312,20391
2026-08-05 13:29:00,67.8312,67.8361,67.8262,67.8312,12020
2026-08-05 13:30:00,67.8312,67.8658,67.8312,67.846,29216
2026-08-05 13:31:00,67.8559,67.8559,67.8262,67.8262,8632
2026-08-05 13:32:00,67.8163,67.8559,67.8163,67.8559,8522
2026-08-05 13:33:00,67.8559,67.8658,67.851,67.8559,15982
2026-08-05 13:34:00,67.8658,67.8955,67.8657,67.8955,7704
2026-08-05 13:35:00,67.8906,67.9053,67.8856,67.8955,16164
2026-08-05 13:36:00,67.8955,67.9203,67.8955,67.9104,10756
2026-08-05 13:37:00,67.9133,67.9133,67.8955,67.8955,12637
2026-08-05 13:38:00,67.8893,67.9005,67.8893,67.9005,4038
2026-08-05 13:39:00,67.9005,67.9054,67.8775,67.8807,9737
2026-08-05 13:40:00,67.8807,67.8955,67.8658,67.8658,13033
2026-08-05 13:41:00,67.8658,67.8756,67.8559,67.8609,11274
2026-08-05 13:42:00,67.8609,67.8658,67.8312,67.8312,12194
2026-08-05 13:43:00,67.8262,67.8443,67.8262,67.8411,20581
2026-08-05 13:44:00,67.8361,67.8559,67.8361,67.8411,19856
2026-08-05 13:45:00,67.846,67.846,67.8064,67.8064,29832
2026-08-05 13:46:00,67.8064,67.8559,67.8064,67.8559,25559
2026-08-05 13:47:00,67.846,67.8757,67.8361,67.8708,22921
2026-08-05 13:48:00,67.8756,67.8757,67.8562,67.8609,10307
2026-08-05 13:49:00,67.8609,67.8658,67.8361,67.8361,15982
2026-08-05 13:50:00,67.8361,67.8361,67.8163,67.8206,11805
2026-08-05 13:51:00,67.8213,67.8262,67.8114,67.8163,16389
2026-08-05 13:52:00,67.8114,67.8162,67.7817,67.7817,21579
2026-08-05 13:53:00,67.7768,67.7867,67.7421,67.7471,26390
2026-08-05 13:54:00,67.7471,67.757,67.7471,67.757,22587
2026-08-05 13:55:00,67.757,67.7669,67.7471,67.752,15675
2026-08-05 13:56:00,67.752,67.7669,67.7421,67.757,20735
2026-08-05 13:57:00,67.757,67.7669,67.7471,67.7619,13221
2026-08-05 13:58:00,67.762,67.7669,67.7421,67.757,15014
2026-08-05 13:59:00,67.7471,67.7471,67.7124,67.7124,16287
2026-08-05 14:00:00,67.7174,67.7223,67.6877,67.6926,24174
2026-08-05 14:01:00,67.6926,67.6926,67.653,67.653,11569
2026-08-05 14:02:00,67.653,67.6679,67.6382,67.6679,10467
2026-08-05 14:03:00,67.6629,67.668,67.6288,67.6288,17000
2026-08-05 14:04:00,67.6283,67.6332,67.5887,67.5887,24357
2026-08-05 14:05:00,67.5887,67.5986,67.5689,67.5738,18813
2026-08-05 14:06:00,67.5689,67.5788,67.554,67.559,17655
2026-08-05 14:07:00,67.5639,67.5689,67.5392,67.5392,19564
2026-08-05 14:08:00,67.5392,67.554,67.5392,67.5441,16785
2026-08-05 14:09:00,67.5491,67.5589,67.5293,67.5342,14135
2026-08-05 14:10:00,67.5342,67.554,67.5342,67.5491,22164
2026-08-05 14:11:00,67.5491,67.554,67.5293,67.5342,10387
2026-08-05 14:12:00,67.5319,67.5392,67.5144,67.5144,11820
2026-08-05 14:13:00,67.5144,67.5191,67.4897,67.4946,15683
2026-08-05 14:14:00,67.4946,67.505,67.4847,67.4897,19973
2026-08-05 14:15:00,67.4897,67.4996,67.46,67.4897,34695
2026-08-05 14:16:00,67.4897,67.5095,67.4897,67.4996,42724
2026-08-05 14:17:00,67.4996,67.5547,67.4996,67.554,17817
2026-08-05 14:18:00,67.5491,67.6167,67.5392,67.6085,34068
2026-08-05 14:19:00,67.6085,67.6183,67.5936,67.6134,22419
2026-08-05 14:20:00,67.6085,67.6283,67.6085,67.6233,14661
2026-08-05 14:21:00,67.6233,67.6431,67.6184,67.6431,18155
2026-08-05 14:22:00,67.6406,67.6679,67.6283,67.6679,22665
2026-08-05 14:23:00,67.6728,67.6827,67.6679,67.6778,13658
2026-08-05 14:24:00,67.6778,67.6926,67.6778,67.6819,24587
2026-08-05 14:25:00,67.6827,67.6877,67.6679,67.6679,13633
2026-08-05 14:26:00,67.6728,67.6827,67.6481,67.658,19806
2026-08-05 14:27:00,67.658,67.6679,67.6481,67.6679,11282
2026-08-05 14:28:00,67.6679,67.6679,67.6481,67.653,10040
2026-08-05 14:29:00,67.658,67.7075,67.658,67.6976,16537
2026-08-05 14:30:00,67.6976,67.733,67.6877,67.733,19717
2026-08-05 14:31:00,67.7273,67.7421,67.7273,67.7421,12743
2026-08-05 14:32:00,67.7421,67.757,67.7372,67.757,20471
2026-08-05 14:33:00,67.752,67.7718,67.7471,67.7619,18719
2026-08-05 14:34:00,67.7619,67.7718,67.7619,67.7718,15199
2026-08-05 14:35:00,67.7718,67.8067,67.7718,67.8067,21706
2026-08-05 14:36:00,67.8064,67.8262,67.8064,67.8213,14699
2026-08-05 14:37:00,67.8213,67.8312,67.8213,67.8213,11749
2026-08-05 14:38:00,67.8262,67.8361,67.8163,67.8263,10268
2026-08-05 14:39:00,67.8312,67.8361,67.8114,67.8114,12083
2026-08-05 14:40:00,67.8114,67.812,67.7965,67.8064,9102
2026-08-05 14:41:00,67.8069,67.8163,67.8015,67.8015,16726
2026-08-05 14:42:00,67.8064,67.8114,67.7965,67.8064,13919
2026-08-05 14:43:00,67.8015,67.8163,67.7965,67.8114,13407
2026-08-05 14:44:00,67.8114,67.8319,67.8114,67.8312,13655
2026-08-05 14:45:00,67.8312,67.846,67.8163,67.8213,21400
2026-08-05 14:46:00,67.823,67.8262,67.8114,67.8213,13163
2026-08-05 14:47:00,67.8213,67.8213,67.7965,67.8018,14941
2026-08-05 14:48:00,67.7965,67.8063,67.7867,67.7867,16789
2026-08-05 14:49:00,67.7965,67.8163,67.7867,67.8015,23331
2026-08-05 14:50:00,67.8015,67.8163,67.7916,67.8125,12059
2026-08-05 14:51:00,67.8114,67.8163,67.7916,67.8015,13506
2026-08-05 14:52:00,67.8015,67.8213,67.8015,67.8213,9065
2026-08-05 14:53:00,67.8199,67.8262,67.8114,67.8213,16325
2026-08-05 14:54:00,67.8213,67.8262,67.8163,67.8262,14238
2026-08-05 14:55:00,67.8213,67.8312,67.7965,67.8015,43163
2026-08-05 14:56:00,67.8015,67.8064,67.7768,67.7768,18139
2026-08-05 14:57:00,67.7768,67.7768,67.752,67.752,13056
2026-08-05 14:58:00,67.752,67.752,67.6679,67.6728,25887
2026-08-05 14:59:00,67.6728,67.6728,67.6382,67.6382,20696
2026-08-05 15:00:00,67.6382,67.6382,67.5689,67.5788,55126
2026-08-05 15:01:00,67.5689,67.5738,67.5441,67.554,18411
2026-08-05 15:02:00,67.554,67.559,67.5194,67.5342,38116
2026-08-05 15:03:00,67.5342,67.5441,67.4798,67.4847,48997
2026-08-05 15:04:00,67.4897,67.4996,67.455,67.455,33718
2026-08-05 15:05:00,67.455,67.4953,67.4502,67.4699,46651
2026-08-05 15:06:00,67.4748,67.5194,67.4748,67.5144,30598
2026-08-05 15:07:00,67.5144,67.5243,67.4649,67.4699,50226
2026-08-05 15:08:00,67.4748,67.4996,67.4699,67.4798,33421
2026-08-05 15:09:00,67.4897,67.5491,67.4897,67.5392,55316
2026-08-05 15:10:00,67.5293,67.5491,67.5293,67.5342,21674
2026-08-05 15:11:00,67.5342,67.5374,67.5087,67.5087,20875
2026-08-05 15:12:00,67.5045,67.5392,67.5045,67.5342,29521
2026-08-05 15:13:00,67.5392,67.5392,67.5144,67.5255,23502
2026-08-05 15:14:00,67.5243,67.5689,67.5194,67.5689,46281
2026-08-05 15:15:00,67.5689,67.5788,67.5441,67.5491,24905
2026-08-05 15:16:00,67.5491,67.5491,67.4748,67.4748,17013
2026-08-05 15:17:00,67.4748,67.4748,67.4403,67.455,34739
2026-08-05 15:18:00,67.455,67.46,67.4105,67.4204,22793
2026-08-05 15:19:00,67.4114,67.4451,67.4114,67.4352,39841
2026-08-05 15:20:00,67.4352,67.4451,67.4154,67.4451,44122
2026-08-05 15:21:00,67.4402,67.4996,67.4402,67.4996,24365
2026-08-05 15:22:00,67.4996,67.5491,67.4847,67.5441,28646
2026-08-05 15:23:00,67.5441,67.5738,67.5441,67.5689,36004
2026-08-05 15:24:00,67.5788,67.6134,67.5788,67.6134,35860
2026-08-05 15:25:00,67.6184,67.6332,67.6184,67.6233,33317
2026-08-05 15:26:00,67.6184,67.6283,67.5986,67.6035,26622
2026-08-05 15:27:00,67.6035,67.6382,67.6035,67.6233,40762
2026-08-05 15:28:00,67.6184,67.6184,67.5689,67.6184,67377
2026-08-05 15:29:00,67.6184,67.6481,67.6086,67.6233,34772
2026-08-05 15:30:00,67.6233,67.6283,67.5689,67.6233,41768
2026-08-05 15:31:00,67.6233,67.6233,67.5788,67.6184,33720
2026-08-05 15:32:00,67.6184,67.6184,67.5689,67.5689,31193
2026-08-05 15:33:00,67.5738,67.6085,67.559,67.6035,45627
2026-08-05 15:34:00,67.6035,67.6104,67.5833,67.6035,32951
2026-08-05 15:35:00,67.6035,67.6134,67.5788,67.5837,28333
2026-08-05 15:36:00,67.5837,67.5887,67.5491,67.5738,41126
2026-08-05 15:37:00,67.5689,67.6085,67.5689,67.5837,27007
2026-08-05 15:38:00,67.5887,67.6085,67.5837,67.5936,27984
2026-08-05 15:39:00,67.5936,67.5986,67.5837,67.5936,18130
2026-08-05 15:40:00,67.5936,67.5936,67.5621,67.5689,37510
2026-08-05 15:41:00,67.5639,67.5639,67.5095,67.5193,53583
2026-08-05 15:42:00,67.5194,67.5445,67.5045,67.5045,53905
2026-08-05 15:43:00,67.4996,67.5095,67.4897,67.5095,50661
2026-08-05 15:44:00,67.5144,67.5144,67.4699,67.4748,29172
2026-08-05 15:45:00,67.4748,67.4748,67.4204,67.4253,56781
2026-08-05 15:46:00,67.4303,67.4402,67.4006,67.4055,36597
2026-08-05 15:47:00,67.4006,67.4055,67.3709,67.3759,53476
2026-08-05 15:48:00,67.3808,67.4204,67.3709,67.4154,60574
2026-08-05 15:49:00,67.4154,67.4303,67.3907,67.3907,63943
2026-08-05 15:50:00,67.3907,67.4303,67.3511,67.4253,118874
2026-08-05 15:51:00,67.4253,67.4352,67.3264,67.3313,68092
2026-08-05 15:52:00,67.3363,67.3363,67.2422,67.267,82398
2026-08-05 15:53:00,67.267,67.3214,67.262,67.3066,102465
2026-08-05 15:54:00,67.3066,67.3066,67.2125,67.2373,73694
2026-08-05 15:55:00,67.2373,67.2496,67.1779,67.2026,155138
2026-08-05 15:56:00,67.2076,67.2323,67.2026,67.2175,137307
2026-08-05 15:57:00,67.2175,67.2224,67.163,67.1729,200484
2026-08-05 15:58:00,67.1729,67.1729,67.1135,67.1135,312835
2026-08-05 15:59:00,67.1135,67.1234,66.9948,66.9948,722050
2026-08-06 09:30:00,67.1828,67.2323,66.9255,67.163,360907
2026-08-06 09:31:00,67.1333,67.2521,67.0244,67.2026,40894
2026-08-06 09:32:00,67.1927,67.2472,67.1581,67.163,27488
2026-08-06 09:33:00,67.1639,67.3115,67.0541,67.0541,48441
2026-08-06 09:34:00,67.0541,67.064,66.9354,66.9849,61868
2026-08-06 09:35:00,66.975,66.975,66.876,66.9453,55678
2026-08-06 09:36:00,66.9453,66.9849,66.876,66.876,69041
2026-08-06 09:37:00,66.876,66.8958,66.7572,66.7869,90230
2026-08-06 09:38:00,66.7968,66.8364,66.7374,66.777,102574
2026-08-06 09:39:00,66.772,66.777,66.6879,66.6978,65138
2026-08-06 09:40:00,66.6978,66.7671,66.6483,66.7423,46416
2026-08-06 09:41:00,66.7392,66.8166,66.7176,66.7968,112336
2026-08-06 09:42:00,66.7869,66.7968,66.6681,66.678,58480
2026-08-06 09:43:00,66.678,66.7968,66.673,66.7621,87941
2026-08-06 09:44:00,66.7671,66.7968,66.7178,66.7473,76875
2026-08-06 09:45:00,66.7572,66.8166,66.7324,66.8017,84035
2026-08-06 09:46:00,66.8017,66.8067,66.7275,66.7671,33536
2026-08-06 09:47:00,66.7572,66.777,66.7225,66.7275,43607
2026-08-06 09:48:00,66.7374,66.7572,66.6879,66.6978,49577
2026-08-06 09:49:00,66.7027,66.7027,66.6087,66.6186,63784
2026-08-06 09:50:00,66.6136,66.6384,66.5592,66.6087,49414
2026-08-06 09:51:00,66.6087,66.6582,66.5642,66.6582,68105
2026-08-06 09:52:00,66.6681,66.673,66.5889,66.6532,98909
2026-08-06 09:53:00,66.6532,66.6581,66.5889,66.5988,36619
2026-08-06 09:54:00,66.6087,66.7572,66.5989,66.7274,61494
2026-08-06 09:55:00,66.7275,66.8166,66.678,66.7671,70982
2026-08-06 09:56:00,66.7572,66.8859,66.7374,66.8116,106672
2026-08-06 09:57:00,66.8163,66.876,66.7869,66.8562,110922
2026-08-06 09:58:00,66.8661,66.8859,66.8017,66.8166,110317
2026-08-06 09:59:00,66.8265,66.9156,66.8166,66.9106,103646
2026-08-06 10:00:00,66.9156,66.9453,66.8809,66.9057,71480
2026-08-06 10:01:00,66.9007,67.0046,66.8859,66.97,65460
2026-08-06 10:02:00,66.975,67.0393,66.9651,67.0096,48650
2026-08-06 10:03:00,67.0096,67.0789,66.9948,67.0318,69502
2026-08-06 10:04:00,67.0244,67.0294,66.9471,66.9502,33891
2026-08-06 10:05:00,66.9552,66.9651,66.8959,66.9205,28316
2026-08-06 10:06:00,66.9205,67.0244,66.9106,67.0121,95985
2026-08-06 10:07:00,67.0143,67.1135,67.0046,67.0739,112836
2026-08-06 10:08:00,67.0789,67.1581,67.0492,67.1581,71767
2026-08-06 10:09:00,67.168,67.2026,67.1383,67.1828,41655
2026-08-06 10:10:00,67.1779,67.1977,67.1432,67.163,29954
2026-08-06 10:11:00,67.1531,67.1977,67.1432,67.1581,19750
2026-08-06 10:12:00,67.1581,67.1828,67.0838,67.1135,23292
2026-08-06 10:13:00,67.1036,67.1432,67.0937,67.1413,19766
2026-08-06 10:14:00,67.1333,67.1432,67.0987,67.1333,38834
2026-08-06 10:15:00,67.1234,67.1333,67.1036,67.1234,32170
2026-08-06 10:16:00,67.1185,67.1333,67.1086,67.1333,37365
2026-08-06 10:17:00,67.1284,67.1888,67.1284,67.1729,58371
2026-08-06 10:18:00,67.1581,67.1828,67.1086,67.1185,85231
2026-08-06 10:19:00,67.1135,67.1333,67.0937,67.1185,36486
2026-08-06 10:20:00,67.1148,67.1531,67.1148,67.1432,40025
2026-08-06 10:21:00,67.1482,67.1482,67.0739,67.1036,16371
2026-08-06 10:22:00,67.1135,67.1135,67.0888,67.1086,28506
2026-08-06 10:23:00,67.1086,67.1086,67.0838,67.1033,37907
2026-08-06 10:24:00,67.0987,67.1333,67.0987,67.1158,30787
2026-08-06 10:25:00,67.1185,67.1314,67.0838,67.1036,20359
2026-08-06 10:26:00,67.1135,67.1333,67.0964,67.1135,45445
2026-08-06 10:27:00,67.1234,67.1581,67.1036,67.1383,58499
2026-08-06 10:28:00,67.1432,67.1581,67.1036,67.1286,21099
2026-08-06 10:29:00,67.1284,67.1729,67.1284,67.1581,39800
2026-08-06 10:30:00,67.1581,67.1729,67.1383,67.1432,90425
2026-08-06 10:31:00,67.1333,67.1333,67.0838,67.1135,25001
2026-08-06 10:32:00,67.1185,67.163,67.1185,67.1284,30191
2026-08-06 10:33:00,67.1284,67.1531,67.1284,67.1383,30655
2026-08-06 10:34:00,67.1383,67.1432,67.1086,67.1432,28037
2026-08-06 10:35:00,67.1333,67.1432,67.1135,67.1284,27979
2026-08-06 10:36:00,67.1284,67.1927,67.1284,67.168,71496
2026-08-06 10:37:00,67.168,67.2026,67.168,67.1977,26473
2026-08-06 10:38:00,67.2026,67.2125,67.1977,67.2125,32293
2026-08-06 10:39:00,67.2076,67.2125,67.1581,67.168,37703
2026-08-06 10:40:00,67.168,67.2026,67.163,67.1828,32140
2026-08-06 10:41:00,67.1828,67.1828,67.163,67.1828,16418
2026-08-06 10:42:00,67.1779,67.2224,67.1779,67.2076,31044
2026-08-06 10:43:00,67.2026,67.2125,67.1966,67.1977,21721
2026-08-06 10:44:00,67.1977,67.2125,67.1977,67.2076,37527
2026-08-06 10:45:00,67.2076,67.2125,67.1828,67.1977,27772
2026-08-06 10:46:00,67.1977,67.2076,67.1531,67.1581,31015
2026-08-06 10:47:00,67.1581,67.1927,67.1581,67.1878,28302
2026-08-06 10:48:00,67.1878,67.2026,67.1828,67.1977,51997
2026-08-06 10:49:00,67.2026,67.2719,67.2026,67.267,20564
2026-08-06 10:50:00,67.267,67.3214,67.267,67.267,53234
2026-08-06 10:51:00,67.267,67.2719,67.2274,67.2373,34001
2026-08-06 10:52:00,67.2373,67.2521,67.2373,67.2472,9464
2026-08-06 10:53:00,67.2472,67.2521,67.2076,67.2076,34491
2026-08-06 10:54:00,67.2076,67.2224,67.1771,67.1771,21583
2026-08-06 10:55:00,67.1779,67.1977,67.168,67.1977,15706
2026-08-06 10:56:00,67.1977,67.2323,67.1977,67.2175,28442
2026-08-06 10:57:00,67.2224,67.2422,67.2125,67.2274,14333
2026-08-06 10:58:00,67.2241,67.2323,67.2125,67.2125,24824
2026-08-06 10:59:00,67.2175,67.2323,67.2125,67.2224,30346
2026-08-06 11:00:00,67.2125,67.2274,67.1729,67.2274,38294
2026-08-06 11:01:00,67.2224,67.2274,67.1828,67.1828,27179
2026-08-06 11:02:00,67.1828,67.1828,67.1135,67.1185,54574
2026-08-06 11:03:00,67.1234,67.1432,67.0838,67.0838,29749
2026-08-06 11:04:00,67.0888,67.1284,67.0888,67.1234,19259
2026-08-06 11:05:00,67.1185,67.1432,67.1135,67.1383,27993
2026-08-06 11:06:00,67.1383,67.1729,67.1333,67.168,13790
2026-08-06 11:07:00,67.163,67.168,67.1333,67.1629,37335
2026-08-06 11:08:00,67.1581,67.1729,67.1482,67.1482,22714
2026-08-06 11:09:00,67.1482,67.1531,67.1333,67.1383,16992
2026-08-06 11:10:00,67.1432,67.1432,67.069,67.0739,33753
2026-08-06 11:11:00,67.0739,67.0739,66.9997,67.0145,40515
2026-08-06 11:12:00,67.0195,67.064,67.0195,67.0244,16682
2026-08-06 11:13:00,67.0244,67.0442,67.0145,67.0145,15238
2026-08-06 11:14:00,67.0046,67.0046,66.9502,66.9668,27408
2026-08-06 11:15:00,66.97,67.0145,66.97,66.9849,31383
2026-08-06 11:16:00,66.975,66.9849,66.9651,66.9799,27510
2026-08-06 11:17:00,66.975,66.9849,66.9651,66.9799,19745
2026-08-06 11:18:00,66.9849,66.9866,66.9502,66.9502,38556
2026-08-06 11:19:00,66.9502,66.9849,66.9502,66.9799,21122
2026-08-06 11:20:00,66.975,66.9849,66.9156,66.9205,26284
2026-08-06 11:21:00,66.9156,66.9255,66.9057,66.9057,36782
2026-08-06 11:22:00,66.9156,66.9304,66.8958,66.8958,23473
2026-08-06 11:23:00,66.9007,66.9205,66.8958,66.9007,24093
2026-08-06 11:24:00,66.9057,66.9156,66.8611,66.8661,33530
2026-08-06 11:25:00,66.8611,66.8908,66.8562,66.8908,54794
2026-08-06 11:26:00,66.8908,66.9354,66.8893,66.9304,17985
2026-08-06 11:27:00,66.9304,66.9502,66.9255,66.9502,27291
2026-08-06 11:28:00,66.953,66.9849,66.9453,66.9799,31497
2026-08-06 11:29:00,66.975,66.9849,66.9601,66.9601,20095
2026-08-06 11:30:00,66.9601,66.9898,66.9552,66.9898,27833
2026-08-06 11:31:00,66.9849,67.0145,66.9849,67.0145,18118
2026-08-06 11:32:00,67.0046,67.0046,66.9552,66.9651,72943
2026-08-06 11:33:00,66.9601,66.9948,66.9601,66.9898,38018
2026-08-06 11:34:00,66.985,67.0046,66.9794,66.9948,21335
2026-08-06 11:35:00,66.9849,67.0343,66.9849,67.0046,27526
2026-08-06 11:36:00,66.9997,67.0888,66.9997,67.0888,34753
2026-08-06 11:37:00,67.0888,67.1036,67.064,67.1036,18050
2026-08-06 11:38:00,67.1086,67.1828,67.1086,67.1828,34226
2026-08-06 11:39:00,67.1878,67.2422,67.163,67.2026,70388
2026-08-06 11:40:00,67.2026,67.2472,67.2026,67.2224,45409
2026-08-06 11:41:00,67.2224,67.262,67.2224,67.2323,34564
2026-08-06 11:42:00,67.2323,67.2521,67.2026,67.2274,39617
2026-08-06 11:43:00,67.2322,67.2323,67.1729,67.1878,29484
2026-08-06 11:44:00,67.1927,67.1927,67.1135,67.1234,31752
2026-08-06 11:45:00,67.1185,67.1432,67.0987,67.0987,26593
2026-08-06 11:46:00,67.0937,67.1086,67.0492,67.0937,17920
2026-08-06 11:47:00,67.0937,67.1135,67.0838,67.1086,22978
2026-08-06 11:48:00,67.1086,67.1086,67.0442,67.0838,20640
2026-08-06 11:49:00,67.0789,67.0888,67.0442,67.0492,22877
2026-08-06 11:50:00,67.0442,67.0442,66.9948,66.9948,33085
2026-08-06 11:51:00,66.9997,67.0442,66.9849,67.0442,21972
2026-08-06 11:52:00,67.0442,67.064,67.0244,67.0393,19313
2026-08-06 11:53:00,67.0393,67.0393,67.0145,67.0294,13807
2026-08-06 11:54:00,67.0343,67.0442,67.0294,67.0343,12865
2026-08-06 11:55:00,67.0343,67.0343,66.9948,67.0046,18881
2026-08-06 11:56:00,67.0046,67.0195,66.9849,66.9915,14855
2026-08-06 11:57:00,66.9948,67.0244,66.9849,67.0195,28207
2026-08-06 11:58:00,67.0146,67.1234,67.0146,67.1185,22811
2026-08-06 11:59:00,67.1234,67.1234,67.1036,67.1185,12844
2026-08-06 12:00:00,67.1135,67.1135,67.0838,67.0838,11744
2026-08-06 12:01:00,67.0888,67.1036,67.0739,67.0937,18244
2026-08-06 12:02:00,67.0888,67.0937,67.0046,67.0096,18244
2026-08-06 12:03:00,67.0046,67.0225,66.9314,66.9314,29371
2026-08-06 12:04:00,66.9255,66.97,66.9156,66.9453,41099
2026-08-06 12:05:00,66.9502,66.975,66.9106,66.975,33337
2026-08-06 12:06:00,66.9651,66.9948,66.9651,66.975,19822
2026-08-06 12:07:00,66.9849,66.9849,66.9453,66.9502,16018
2026-08-06 12:08:00,66.9453,66.9799,66.9354,66.9799,17100
2026-08-06 12:09:00,66.9799,67.0096,66.975,66.9997,17216
2026-08-06 12:10:00,66.9948,66.9948,66.9651,66.9651,13580
2026-08-06 12:11:00,66.9651,66.975,66.9453,66.9453,14251
2026-08-06 12:12:00,66.9453,66.9453,66.9156,66.9255,10474
2026-08-06 12:13:00,66.9304,66.9651,66.9156,66.9255,23310
2026-08-06 12:14:00,66.9255,66.9898,66.9156,66.9799,19574
2026-08-06 12:15:00,66.9799,66.9948,66.9453,66.9454,12314
2026-08-06 12:16:00,66.9403,66.9403,66.9156,66.9255,13389
2026-08-06 12:17:00,66.9291,66.9453,66.9156,66.9453,11876
2026-08-06 12:18:00,66.9403,67.0096,66.9354,66.9799,23055
2026-08-06 12:19:00,66.9849,67.0145,66.97,67.0046,7910
2026-08-06 12:20:00,66.9948,67.0294,66.9849,67.0294,15173
2026-08-06 12:21:00,67.0294,67.064,67.0195,67.0541,13750
2026-08-06 12:22:00,67.0591,67.064,67.0145,67.0195,19839
2026-08-06 12:23:00,67.0195,67.0195,66.9948,66.9948,31879
2026-08-06 12:24:00,66.9948,67.0046,66.975,66.9898,24650
2026-08-06 12:25:00,66.9898,66.9948,66.9354,66.9354,19460
2026-08-06 12:26:00,66.9354,66.9354,66.9057,66.9057,21589
2026-08-06 12:27:00,66.9057,66.9057,66.8859,66.9007,22925
2026-08-06 12:28:00,66.9007,66.9255,66.8859,66.8908,44346
2026-08-06 12:29:00,66.8958,66.8958,66.8661,66.8859,40853
2026-08-06 12:30:00,66.8859,66.8859,66.8562,66.871,12681
2026-08-06 12:31:00,66.8661,66.876,66.8562,66.8661,12886
2026-08-06 12:32:00,66.8611,66.876,66.8562,66.8661,20336
2026-08-06 12:33:00,66.8562,66.8809,66.8562,66.8611,21621
2026-08-06 12:34:00,66.8562,66.876,66.8364,66.8364,29063
2026-08-06 12:35:00,66.8364,66.8562,66.8166,66.8364,59131
2026-08-06 12:36:00,66.8265,66.8364,66.8265,66.8314,25344
2026-08-06 12:37:00,66.8314,66.8364,66.7572,66.7572,27202
2026-08-06 12:38:00,66.7572,66.7968,66.7572,66.7819,56481
2026-08-06 12:39:00,66.777,66.7968,66.7671,66.7671,16509
2026-08-06 12:40:00,66.7769,66.7769,66.7374,66.7621,24004
2026-08-06 12:41:00,66.7621,66.7621,66.7324,66.7374,22681
2026-08-06 12:42:00,66.7427,66.7427,66.6532,66.6532,22687
2026-08-06 12:43:00,66.6532,66.6631,66.6384,66.6384,56239
2026-08-06 12:44:00,66.6384,66.6483,66.6186,66.6186,22712
2026-08-06 12:45:00,66.6186,66.6384,66.6087,66.6087,47873
2026-08-06 12:46:00,66.6136,66.6384,66.5889,66.5939,45152
2026-08-06 12:47:00,66.5889,66.5988,66.5592,66.5642,31321
2026-08-06 12:48:00,66.5592,66.6186,66.5592,66.6136,74025
2026-08-06 12:49:00,66.6186,66.6235,66.6087,66.6087,23556
2026-08-06 12:50:00,66.6136,66.6186,66.579,66.6037,34312
2026-08-06 12:51:00,66.6037,66.6631,66.5988,66.6483,38400
2026-08-06 12:52:00,66.6532,66.6582,66.6384,66.6483,20063
2026-08-06 12:53:00,66.6384,66.6384,66.5939,66.6037,22346
2026-08-06 12:54:00,66.6087,66.6433,66.5988,66.6384,14240
2026-08-06 12:55:00,66.6334,66.6384,66.6186,66.6285,18611
2026-08-06 12:56:00,66.6285,66.6285,66.5988,66.6087,16433
2026-08-06 12:57:00,66.6136,66.6285,66.5939,66.6186,21691
2026-08-06 12:58:00,66.6235,66.6384,66.579,66.579,19270
2026-08-06 12:59:00,66.5889,66.6087,66.584,66.5889,23984
2026-08-06 13:00:00,66.584,66.6186,66.584,66.6136,20190
2026-08-06 13:01:00,66.6183,66.6681,66.6136,66.6582,27686
2026-08-06 13:02:00,66.668,66.6681,66.6136,66.6136,31064
2026-08-06 13:03:00,66.6136,66.6384,66.6087,66.6186,27258
2026-08-06 13:04:00,66.6285,66.6383,66.6186,66.6285,16568
2026-08-06 13:05:00,66.6285,66.6384,66.5988,66.6334,23791
2026-08-06 13:06:00,66.6334,66.6581,66.6285,66.6433,23834
2026-08-06 13:07:00,66.6384,66.6582,66.6334,66.6433,14622
2026-08-06 13:08:00,66.6483,66.6582,66.6384,66.6582,20349
2026-08-06 13:09:00,66.6631,66.6631,66.6186,66.6235,30674
2026-08-06 13:10:00,66.6186,66.6384,66.5889,66.5889,21852
2026-08-06 13:11:00,66.5889,66.5889,66.5493,66.5592,19324
2026-08-06 13:12:00,66.5691,66.579,66.5394,66.5444,12821
2026-08-06 13:13:00,66.5394,66.584,66.5295,66.584,19454
2026-08-06 13:14:00,66.5889,66.5939,66.5642,66.579,19080
2026-08-06 13:15:00,66.5691,66.5741,66.5295,66.5394,12729
2026-08-06 13:16:00,66.5394,66.5889,66.5295,66.5468,19515
2026-08-06 13:17:00,66.5493,66.5493,66.5295,66.5493,17797
2026-08-06 13:18:00,66.5395,66.5691,66.5394,66.5394,14140
2026-08-06 13:19:00,66.5345,66.5592,66.5295,66.5394,22984
2026-08-06 13:20:00,66.5394,66.5592,66.5295,66.5394,28789
2026-08-06 13:21:00,66.5345,66.5493,66.5102,66.5196,40161
2026-08-06 13:22:00,66.5196,66.579,66.5097,66.5592,29418
2026-08-06 13:23:00,66.5493,66.584,66.5493,66.5738,22219
2026-08-06 13:24:00,66.5642,66.5691,66.5493,66.5691,15776
2026-08-06 13:25:00,66.579,66.6186,66.5741,66.6186,26009
2026-08-06 13:26:00,66.6186,66.6483,66.5988,66.6334,53374
2026-08-06 13:27:00,66.6334,66.6384,66.6037,66.6087,27429
2026-08-06 13:28:00,66.5988,66.6087,66.584,66.584,17325
2026-08-06 13:29:00,66.579,66.6087,66.579,66.6037,15727
2026-08-06 13:30:00,66.6037,66.6186,66.5889,66.5939,23136
2026-08-06 13:31:00,66.5988,66.6087,66.584,66.584,25357
2026-08-06 13:32:00,66.584,66.5988,66.5741,66.5889,35456
2026-08-06 13:33:00,66.5889,66.5889,66.5394,66.5444,27577
2026-08-06 13:34:00,66.5394,66.579,66.5394,66.5691,39999
2026-08-06 13:35:00,66.5741,66.5988,66.5592,66.569,24446
2026-08-06 13:36:00,66.5592,66.5889,66.5543,66.5889,23790
2026-08-06 13:37:00,66.5889,66.6384,66.5889,66.6334,17661
2026-08-06 13:38:00,66.6384,66.6582,66.6334,66.6582,13502
2026-08-06 13:39:00,66.6561,66.6879,66.6285,66.6829,21912
2026-08-06 13:40:00,66.678,66.6978,66.6681,66.678,17065
2026-08-06 13:41:00,66.6829,66.6978,66.673,66.678,23762
2026-08-06 13:42:00,66.6829,66.6829,66.6087,66.6235,25226
2026-08-06 13:43:00,66.6186,66.6186,66.5889,66.5941,12497
2026-08-06 13:44:00,66.5889,66.6235,66.5889,66.6087,16426
2026-08-06 13:45:00,66.5988,66.6136,66.584,66.6031,11071
2026-08-06 13:46:00,66.6037,66.6037,66.5444,66.5691,34625
2026-08-06 13:47:00,66.5741,66.579,66.5097,66.5147,23997
2026-08-06 13:48:00,66.5147,66.5246,66.48,66.48,29088
2026-08-06 13:49:00,66.4899,66.4949,66.4602,66.4602,21357
2026-08-06 13:50:00,66.4701,66.5196,66.4602,66.5196,27900
2026-08-06 13:51:00,66.5246,66.5246,66.4899,66.4998,12033
2026-08-06 13:52:00,66.4949,66.4949,66.4503,66.4899,29110
2026-08-06 13:53:00,66.4853,66.4998,66.4602,66.4701,15667
2026-08-06 13:54:00,66.4701,66.5196,66.4701,66.5147,19184
2026-08-06 13:55:00,66.5097,66.5147,66.4949,66.4998,15772
2026-08-06 13:56:00,66.4998,66.5196,66.4899,66.4899,17745
2026-08-06 13:57:00,66.4949,66.5097,66.48,66.485,14872
2026-08-06 13:58:00,66.485,66.5097,66.4503,66.4602,28580
2026-08-06 13:59:00,66.4602,66.5196,66.4602,66.5196,28940
2026-08-06 14:00:00,66.5147,66.5345,66.5097,66.5295,14078
2026-08-06 14:01:00,66.5295,66.5345,66.4899,66.4899,10014
2026-08-06 14:02:00,66.4949,66.4998,66.4701,66.48,18421
2026-08-06 14:03:00,66.4701,66.4753,66.4206,66.4256,18193
2026-08-06 14:04:00,66.4206,66.4206,66.3612,66.4107,46533
2026-08-06 14:05:00,66.4157,66.4305,66.4008,66.4033,15549
2026-08-06 14:06:00,66.4058,66.4404,66.4058,66.4355,15976
2026-08-06 14:07:00,66.4404,66.4503,66.4206,66.4305,23257
2026-08-06 14:08:00,66.4256,66.4503,66.4206,66.4206,9394
2026-08-06 14:09:00,66.4206,66.4305,66.4107,66.4206,13151
2026-08-06 14:10:00,66.4157,66.4206,66.381,66.386,12887
2026-08-06 14:11:00,66.381,66.381,66.3464,66.3563,24718
2026-08-06 14:12:00,66.3612,66.381,66.3513,66.357,14546
2026-08-06 14:13:00,66.3513,66.3612,66.2969,66.3563,56881
2026-08-06 14:14:00,66.3612,66.3662,66.3315,66.3315,24429
2026-08-06 14:15:00,66.3414,66.3414,66.2523,66.287,48320
2026-08-06 14:16:00,66.2742,66.2919,66.2622,66.2622,25052
2026-08-06 14:17:00,66.2721,66.3513,66.2672,66.3206,29632
2026-08-06 14:18:00,66.3167,66.3315,66.282,66.282,34483
2026-08-06 14:19:00,66.2919,66.3414,66.2919,66.3315,25782
2026-08-06 14:20:00,66.3315,66.3563,66.3018,66.3117,71463
2026-08-06 14:21:00,66.3117,66.3216,66.3068,66.3068,18404
2026-08-06 14:22:00,66.3068,66.3167,66.2622,66.2672,21198
2026-08-06 14:23:00,66.2672,66.3315,66.2622,66.3167,24197
2026-08-06 14:24:00,66.3117,66.3216,66.287,66.3117,20875
2026-08-06 14:25:00,66.3117,66.3611,66.3068,66.3611,23123
2026-08-06 14:26:00,66.3563,66.3711,66.3464,66.3711,24321
2026-08-06 14:27:00,66.3711,66.381,66.3315,66.3464,14747
2026-08-06 14:28:00,66.3513,66.3612,66.3414,66.3612,276838
2026-08-06 14:29:00,66.3563,66.3662,66.3464,66.3513,20720
2026-08-06 14:30:00,66.3513,66.381,66.3117,66.381,27189
2026-08-06 14:31:00,66.3761,66.4008,66.3513,66.3563,16456
2026-08-06 14:32:00,66.3563,66.3563,66.2641,66.2771,33803
2026-08-06 14:33:00,66.282,66.3008,66.2622,66.2622,13758
2026-08-06 14:34:00,66.2622,66.287,66.2622,66.282,14318
2026-08-06 14:35:00,66.282,66.2919,66.2622,66.2721,40311
2026-08-06 14:36:00,66.2771,66.3018,66.2721,66.282,13708
2026-08-06 14:37:00,66.282,66.282,66.2424,66.2721,33226
2026-08-06 14:38:00,66.2771,66.2771,66.2424,66.2424,13827
2026-08-06 14:39:00,66.2474,66.2622,66.2474,66.2622,22374
2026-08-06 14:40:00,66.2622,66.3216,66.2622,66.3117,31124
2026-08-06 14:41:00,66.3117,66.3315,66.3018,66.3266,20620
2026-08-06 14:42:00,66.3216,66.3414,66.3117,66.3117,20246
2026-08-06 14:43:00,66.3117,66.3167,66.3018,66.3043,19794
2026-08-06 14:44:00,66.3018,66.3018,66.282,66.2919,40382
2026-08-06 14:45:00,66.3018,66.3117,66.282,66.2919,21016
2026-08-06 14:46:00,66.3018,66.3115,66.287,66.2919,14852
2026-08-06 14:47:00,66.2919,66.2919,66.2375,66.2721,45434
2026-08-06 14:48:00,66.2721,66.2721,66.2424,66.2622,13846
2026-08-06 14:49:00,66.2622,66.2672,66.2424,66.2523,17312
2026-08-06 14:50:00,66.2523,66.2523,66.2325,66.2325,13496
2026-08-06 14:51:00,66.2325,66.2424,66.1831,66.2029,38194
2026-08-06 14:52:00,66.2029,66.2226,66.188,66.188,14533
2026-08-06 14:53:00,66.188,66.188,66.1633,66.1778,23995
2026-08-06 14:54:00,66.1831,66.188,66.1551,66.1633,16209
2026-08-06 14:55:00,66.1583,66.2029,66.1534,66.1831,30376
2026-08-06 14:56:00,66.1831,66.2127,66.1732,66.2078,23320
2026-08-06 14:57:00,66.2078,66.2375,66.205,66.2325,18837
2026-08-06 14:58:00,66.2325,66.2474,66.2325,66.2325,19337
2026-08-06 14:59:00,66.2375,66.2375,66.193,66.2004,10537
2026-08-06 15:00:00,66.1979,66.1979,66.1435,66.1484,60473
2026-08-06 15:01:00,66.1534,66.1732,66.1336,66.1633,475939
2026-08-06 15:02:00,66.1633,66.2325,66.1633,66.2325,28851
2026-08-06 15:03:00,66.2276,66.2721,66.2226,66.2622,38747
2026-08-06 15:04:00,66.2672,66.2721,66.2573,66.2622,18306
2026-08-06 15:05:00,66.2623,66.2623,66.2325,66.2573,30070
2026-08-06 15:06:00,66.2573,66.3018,66.2573,66.2672,26426
2026-08-06 15:07:00,66.2672,66.2721,66.2325,66.2474,28322
2026-08-06 15:08:00,66.2424,66.2424,66.2177,66.2177,26212
2026-08-06 15:09:00,66.2276,66.2276,66.1732,66.1732,22433
2026-08-06 15:10:00,66.1781,66.188,66.1633,66.1633,17479
2026-08-06 15:11:00,66.1682,66.2029,66.1682,66.2029,37890
2026-08-06 15:12:00,66.1979,66.2325,66.1831,66.2325,31455
2026-08-06 15:13:00,66.2226,66.2375,66.2029,66.2029,29155
2026-08-06 15:14:00,66.2029,66.2226,66.193,66.1979,32576
2026-08-06 15:15:00,66.2029,66.2226,66.193,66.2127,16785
2026-08-06 15:16:00,66.2127,66.2128,66.1732,66.1831,27548
2026-08-06 15:17:00,66.1781,66.2029,66.1781,66.1979,27708
2026-08-06 15:18:00,66.1979,66.2325,66.193,66.2127,37725
2026-08-06 15:19:00,66.2127,66.2276,66.2029,66.2276,22042
2026-08-06 15:20:00,66.2276,66.2721,66.2226,66.2622,19172
2026-08-06 15:21:00,66.2721,66.2721,66.2127,66.2127,19237
2026-08-06 15:22:00,66.2177,66.2424,66.2177,66.2276,33260
2026-08-06 15:23:00,66.2226,66.2325,66.2029,66.2127,25542
2026-08-06 15:24:00,66.2127,66.2474,66.2078,66.2474,41814
2026-08-06 15:25:00,66.2474,66.2573,66.2276,66.2375,25973
2026-08-06 15:26:00,66.2325,66.2593,66.2138,66.2573,32561
2026-08-06 15:27:00,66.2573,66.2622,66.2127,66.2177,20117
2026-08-06 15:28:00,66.2177,66.2325,66.2177,66.2226,23433
2026-08-06 15:29:00,66.2264,66.2474,66.2127,66.2326,37310
2026-08-06 15:30:00,66.2325,66.2474,66.2078,66.2177,40929
2026-08-06 15:31:00,66.2127,66.2523,66.2127,66.2523,84854
2026-08-06 15:32:00,66.2573,66.3413,66.2573,66.3365,48556
2026-08-06 15:33:00,66.3365,66.371,66.3315,66.3365,30065
2026-08-06 15:34:00,66.3315,66.3711,66.3315,66.3672,35752
2026-08-06 15:35:00,66.3662,66.3761,66.3315,66.3414,37495
2026-08-06 15:36:00,66.3414,66.3711,66.3365,66.3662,28378
2026-08-06 15:37:00,66.3662,66.4008,66.3632,66.3761,43390
2026-08-06 15:38:00,66.3711,66.3959,66.3612,66.3761,34938
2026-08-06 15:39:00,66.3711,66.381,66.3365,66.3662,36223
2026-08-06 15:40:00,66.3662,66.4008,66.3315,66.3315,44736
2026-08-06 15:41:00,66.3315,66.3513,66.3114,66.3464,28719
2026-08-06 15:42:00,66.3513,66.3513,66.2919,66.3068,42577
2026-08-06 15:43:00,66.3055,66.3055,66.2523,66.2622,46238
2026-08-06 15:44:00,66.2523,66.3018,66.2474,66.2969,57071
2026-08-06 15:45:00,66.3018,66.3711,66.2969,66.3711,57331
2026-08-06 15:46:00,66.3662,66.4404,66.3612,66.4107,87346
2026-08-06 15:47:00,66.4107,66.4404,66.386,66.4355,52294
2026-08-06 15:48:00,66.4355,66.4602,66.4206,66.4305,55132
2026-08-06 15:49:00,66.4355,66.4899,66.4305,66.485,75585
2026-08-06 15:50:00,66.48,66.5147,66.3711,66.3761,93871
2026-08-06 15:51:00,66.3711,66.381,66.2721,66.3018,114416
2026-08-06 15:52:00,66.3018,66.3018,66.2325,66.282,77520
2026-08-06 15:53:00,66.2771,66.3216,66.2622,66.2771,82227
2026-08-06 15:54:00,66.2771,66.2896,66.2226,66.2474,109030
2026-08-06 15:55:00,66.2523,66.2573,66.193,66.2029,107630
2026-08-06 15:56:00,66.2078,66.2177,66.1385,66.188,185071
2026-08-06 15:57:00,66.188,66.1979,66.1633,66.193,162358
2026-08-06 15:58:00,66.1979,66.2226,66.1732,66.2127,210397
2026-08-06 15:59:00,66.2078,66.2622,66.1732,66.2523,618873
2026-08-07 09:30:00,66.1633,66.2424,66.0544,66.0989,266781
2026-08-07 09:31:00,66.0841,66.1633,65.995,66.1391,38508
2026-08-07 09:32:00,66.1435,66.2721,66.0544,66.1732,40514
2026-08-07 09:33:00,66.1838,66.4008,66.1838,66.386,17522
2026-08-07 09:34:00,66.386,66.44,66.2137,66.2424,52468
2026-08-07 09:35:00,66.2325,66.3414,66.2264,66.2622,35486
2026-08-07 09:36:00,66.2424,66.3216,66.2226,66.2325,38657
2026-08-07 09:37:00,66.2226,66.3612,66.2226,66.3018,81007
2026-08-07 09:38:00,66.3414,66.3909,66.3062,66.3464,49588
2026-08-07 09:39:00,66.3365,66.5394,66.3315,66.4612,29243
2026-08-07 09:40:00,66.4602,66.5097,66.4553,66.4602,33210
2026-08-07 09:41:00,66.4602,66.5196,66.4602,66.5147,39488
2026-08-07 09:42:00,66.4998,66.6185,66.4759,66.5892,30258
2026-08-07 09:43:00,66.5889,66.7176,66.579,66.7176,33892
2026-08-07 09:44:00,66.72,66.777,66.72,66.7473,25772
2026-08-07 09:45:00,66.7473,66.8364,66.7473,66.8116,28595
2026-08-07 09:46:00,66.8166,66.8472,66.7449,66.8364,20608
2026-08-07 09:47:00,66.8364,66.8463,66.7572,66.7621,38491
2026-08-07 09:48:00,66.777,66.8562,66.777,66.8166,27956
2026-08-07 09:49:00,66.8166,66.8804,66.777,66.8314,24535
2026-08-07 09:50:00,66.8364,66.8957,66.7275,66.7572,34802
2026-08-07 09:51:00,66.7621,66.7869,66.7374,66.777,25760
2026-08-07 09:52:00,66.7869,66.8463,66.7869,66.8067,25693
2026-08-07 09:53:00,66.7968,66.9324,66.7918,66.9007,17924
2026-08-07 09:54:00,66.9057,67.0442,66.9057,67.0343,43835
2026-08-07 09:55:00,67.0343,67.0838,67.0046,67.0294,47384
2026-08-07 09:56:00,67.0244,67.0937,67.0145,67.064,25024
2026-08-07 09:57:00,67.064,67.0937,67.0492,67.0838,21726
2026-08-07 09:58:00,67.0789,67.1432,67.064,67.1383,25235
2026-08-07 09:59:00,67.1333,67.163,67.1135,67.1333,30963
2026-08-07 10:00:00,67.1333,67.1432,67.0442,67.1211,61287
2026-08-07 10:01:00,67.1234,67.1828,67.1234,67.1828,22687
2026-08-07 10:02:00,67.1926,67.2224,67.1333,67.1531,29450
2026-08-07 10:03:00,67.1531,67.1927,67.1433,67.1828,19096
2026-08-07 10:04:00,67.1828,67.2322,67.1234,67.1234,23755
2026-08-07 10:05:00,67.1136,67.1136,67.0244,67.0768,36348
2026-08-07 10:06:00,67.069,67.1284,67.0541,67.0541,26498
2026-08-07 10:07:00,67.0541,67.0541,66.9948,67.0195,27280
2026-08-07 10:08:00,67.0244,67.0244,66.9552,66.9552,26688
2026-08-07 10:09:00,66.9502,66.9849,66.9454,66.9651,17134
2026-08-07 10:10:00,66.9651,66.9651,66.9255,66.9255,20208
2026-08-07 10:11:00,66.9255,66.9403,66.8958,66.9157,13869
2026-08-07 10:12:00,66.9255,66.9898,66.9255,66.9898,12820
2026-08-07 10:13:00,66.9898,67.0244,66.9898,67.0195,17345
2026-08-07 10:14:00,67.0244,67.1432,67.0244,67.1333,21064
2026-08-07 10:15:00,67.1333,67.1383,67.0937,67.1036,25560
2026-08-07 10:16:00,67.1036,67.1432,67.0492,67.0492,44948
2026-08-07 10:17:00,67.0442,67.064,67.0145,67.0442,32639
2026-08-07 10:18:00,67.0442,67.0442,66.9651,67.0145,32008
2026-08-07 10:19:00,67.0343,67.0541,66.9948,66.9948,13552
2026-08-07 10:20:00,66.9948,67.0096,66.9601,66.9849,16638
2026-08-07 10:21:00,66.9898,67.0046,66.9849,66.9948,14527
2026-08-07 10:22:00,66.9908,67.0442,66.9908,67.0442,10547
2026-08-07 10:23:00,67.0393,67.0492,67.0145,67.0343,18768
2026-08-07 10:24:00,67.0442,67.0789,67.0343,67.0789,18664
2026-08-07 10:25:00,67.0789,67.1432,67.0739,67.1432,22068
2026-08-07 10:26:00,67.1403,67.1828,67.1333,67.1743,20678
2026-08-07 10:27:00,67.1729,67.1729,67.0838,67.0888,19883
2026-08-07 10:28:00,67.0937,67.1531,67.0888,67.1472,21450
2026-08-07 10:29:00,67.1383,67.168,67.1234,67.163,24128
2026-08-07 10:30:00,67.163,67.1729,67.1333,67.1729,15569
2026-08-07 10:31:00,67.1631,67.1729,67.1482,67.1482,10927
2026-08-07 10:32:00,67.1482,67.1531,67.1284,67.1383,11342
2026-08-07 10:33:00,67.1333,67.1333,67.0789,67.1036,19799
2026-08-07 10:34:00,67.1086,67.1086,67.0838,67.0937,16384
2026-08-07 10:35:00,67.0838,67.1135,67.0838,67.1086,29809
2026-08-07 10:36:00,67.1036,67.1135,67.0838,67.1036,24388
2026-08-07 10:37:00,67.1036,67.112,67.0888,67.0937,18343
2026-08-07 10:38:00,67.0937,67.1482,67.0838,67.1234,31570
2026-08-07 10:39:00,67.1234,67.1482,67.0789,67.0789,23574
2026-08-07 10:40:00,67.069,67.1333,67.069,67.1036,18494
2026-08-07 10:41:00,67.1086,67.1432,67.0937,67.1135,24194
2026-08-07 10:42:00,67.1135,67.1135,67.064,67.069,15602
2026-08-07 10:43:00,67.069,67.0838,67.0541,67.0664,14201
2026-08-07 10:44:00,67.0739,67.1135,67.0541,67.1135,16688
2026-08-07 10:45:00,67.1135,67.163,67.1135,67.1432,17406
2026-08-07 10:46:00,67.1432,67.1927,67.1432,67.163,26494
2026-08-07 10:47:00,67.163,67.163,67.1333,67.1333,13014
2026-08-07 10:48:00,67.1333,67.1432,67.1036,67.1383,30291
2026-08-07 10:49:00,67.1383,67.163,67.1383,67.1576,17140
2026-08-07 10:50:00,67.1531,67.1531,67.1036,67.1036,10999
2026-08-07 10:51:00,67.1135,67.1482,67.1036,67.1284,30120
2026-08-07 10:52:00,67.1284,67.1432,67.0888,67.1036,20919
2026-08-07 10:53:00,67.0987,67.1036,67.0541,67.064,25129
2026-08-07 10:54:00,67.0591,67.0739,67.0541,67.0591,8904
2026-08-07 10:55:00,67.0591,67.1086,67.0591,67.1086,18462
2026-08-07 10:56:00,67.1086,67.1432,67.0937,67.1135,35633
2026-08-07 10:57:00,67.1135,67.1333,67.1036,67.1086,18727
2026-08-07 10:58:00,67.1135,67.1343,67.1036,67.1214,21033
2026-08-07 10:59:00,67.1217,67.1234,67.0789,67.0789,30387
2026-08-07 11:00:00,67.0789,67.0838,67.0393,67.0591,31352
2026-08-07 11:01:00,67.0541,67.0838,67.0442,67.064,17923
2026-08-07 11:02:00,67.0739,67.1185,67.0739,67.1036,15887
2026-08-07 11:03:00,67.1036,67.1086,67.0739,67.0937,34095
2026-08-07 11:04:00,67.0937,67.1205,67.0937,67.1135,9713
2026-08-07 11:05:00,67.1036,67.1036,67.0739,67.0888,13942
2026-08-07 11:06:00,67.0838,67.1036,67.064,67.064,14571
2026-08-07 11:07:00,67.069,67.0937,67.064,67.069,10621
2026-08-07 11:08:00,67.0739,67.0739,67.0492,67.0492,13037
2026-08-07 11:09:00,67.0442,67.0442,66.9898,66.9948,32560
2026-08-07 11:10:00,66.9948,67.0007,66.9502,66.9703,30255
2026-08-07 11:11:00,66.97,67.0046,66.97,66.9799,26304
2026-08-07 11:12:00,66.975,66.975,66.9106,66.9205,18223
2026-08-07 11:13:00,66.9255,66.9255,66.9057,66.9106,17286
2026-08-07 11:14:00,66.9156,66.9452,66.871,66.876,15398
2026-08-07 11:15:00,66.871,66.9156,66.8661,66.9156,18755
2026-08-07 11:16:00,66.9106,66.9354,66.9106,66.9205,13595
2026-08-07 11:17:00,66.9205,66.9205,66.876,66.8908,14441
2026-08-07 11:18:00,66.8958,66.9106,66.8859,66.8958,21612
2026-08-07 11:19:00,66.8908,66.8958,66.8463,66.8473,24381
2026-08-07 11:20:00,66.8512,66.8859,66.8512,66.8809,15608
2026-08-07 11:21:00,66.876,66.8834,66.8611,66.8661,46085
2026-08-07 11:22:00,66.871,66.9156,66.8661,66.9106,49627
2026-08-07 11:23:00,66.9106,66.9403,66.9007,66.9106,41648
2026-08-07 11:24:00,66.912,66.9552,66.9057,66.9453,30199
2026-08-07 11:25:00,66.9552,66.9799,66.9453,66.9651,40491
2026-08-07 11:26:00,66.9712,66.9948,66.9651,66.975,15985
2026-08-07 11:27:00,66.975,66.9849,66.9453,66.9849,50199
2026-08-07 11:28:00,66.975,67.0244,66.97,67.0244,22193
2026-08-07 11:29:00,67.0145,67.034,67.0046,67.0096,29990
2026-08-07 11:30:00,67.0096,67.0145,66.9849,67.0046,35266
2026-08-07 11:31:00,67.0145,67.0541,67.0096,67.0541,18977
2026-08-07 11:32:00,67.0591,67.0888,67.0591,67.069,24987
2026-08-07 11:33:00,67.069,67.0888,67.0046,67.0244,25857
2026-08-07 11:34:00,67.0244,67.0343,67.0079,67.0195,20839
2026-08-07 11:35:00,67.0217,67.0217,66.9799,67.0044,28364
2026-08-07 11:36:00,66.9997,66.9997,66.9355,66.9651,19565
2026-08-07 11:37:00,66.974,66.975,66.9255,66.9601,30738
2026-08-07 11:38:00,66.9749,66.975,66.9255,66.9304,14443
2026-08-07 11:39:00,66.9304,66.9552,66.9304,66.9354,12902
2026-08-07 11:40:00,66.9354,66.9403,66.8968,66.9007,21233
2026-08-07 11:41:00,66.8958,66.8958,66.8512,66.8611,19349
2026-08-07 11:42:00,66.8562,66.8562,66.8364,66.8463,19391
2026-08-07 11:43:00,66.8413,66.8413,66.8265,66.8314,10171
2026-08-07 11:44:00,66.8364,66.8463,66.8067,66.8364,27247
2026-08-07 11:45:00,66.8314,66.8512,66.8249,66.8315,17334
2026-08-07 11:46:00,66.8364,66.8461,66.8265,66.8364,18207
2026-08-07 11:47:00,66.8314,66.8661,66.8265,66.8512,12688
2026-08-07 11:48:00,66.8562,66.8661,66.8413,66.8464,12958
2026-08-07 11:49:00,66.8512,66.8621,66.8314,66.8413,13414
2026-08-07 11:50:00,66.8364,66.8611,66.8299,66.8611,22291
2026-08-07 11:51:00,66.8661,66.871,66.8562,66.8661,11917
2026-08-07 11:52:00,66.8661,66.8859,66.8512,66.8512,21239
2026-08-07 11:53:00,66.8562,66.8562,66.8288,66.8413,10720
2026-08-07 11:54:00,66.8463,66.8463,66.8191,66.8239,9716
2026-08-07 11:55:00,66.8166,66.8166,66.7972,66.8116,15040
2026-08-07 11:56:00,66.8116,66.8166,66.7671,66.7671,34574
2026-08-07 11:57:00,66.772,66.7869,66.7672,66.777,15948
2026-08-07 11:58:00,66.777,66.8017,66.772,66.8017,10822
2026-08-07 11:59:00,66.8066,66.8265,66.7918,66.8265,10314
2026-08-07 12:00:00,66.8215,66.8223,66.7968,66.8017,9565
2026-08-07 12:01:00,66.8017,66.8067,66.7918,66.7918,9822
2026-08-07 12:02:00,66.7918,66.8264,66.7819,66.8166,15019
2026-08-07 12:03:00,66.8265,66.8363,66.8265,66.8314,10458
2026-08-07 12:04:00,66.8314,66.8627,66.8265,66.8627,10008
2026-08-07 12:05:00,66.8661,66.9255,66.8661,66.9205,12634
2026-08-07 12:06:00,66.9156,66.9354,66.8958,66.9057,39410
2026-08-07 12:07:00,66.8995,66.9057,66.8859,66.9057,17869
2026-08-07 12:08:00,66.9057,66.9057,66.8562,66.8562,7712
2026-08-07 12:09:00,66.8562,66.8621,66.8067,66.8067,16134
2026-08-07 12:10:00,66.8067,66.871,66.8017,66.8661,16954
2026-08-07 12:11:00,66.8562,66.871,66.8364,66.8409,19201
2026-08-07 12:12:00,66.8364,66.8562,66.8067,66.8116,34492
2026-08-07 12:13:00,66.8166,66.8413,66.8166,66.831,13237
2026-08-07 12:14:00,66.8463,66.8661,66.8364,66.8661,10351
2026-08-07 12:15:00,66.871,66.8859,66.8661,66.8859,15451
2026-08-07 12:16:00,66.8859,66.8859,66.8166,66.8166,14341
2026-08-07 12:17:00,66.8215,66.8215,66.777,66.7967,24862
2026-08-07 12:18:00,66.7869,66.8166,66.7869,66.8095,11424
2026-08-07 12:19:00,66.8067,66.8166,66.7472,66.777,32295
2026-08-07 12:20:00,66.7869,66.8364,66.7869,66.8166,21227
2026-08-07 12:21:00,66.8166,66.8265,66.7968,66.8017,8931
2026-08-07 12:22:00,66.7988,66.8016,66.7554,66.7571,13881
2026-08-07 12:23:00,66.7572,66.7621,66.7176,66.7225,11620
2026-08-07 12:24:00,66.7225,66.7374,66.7077,66.7225,10921
2026-08-07 12:25:00,66.7324,66.7473,66.7275,66.7374,10720
2026-08-07 12:26:00,66.7324,66.7374,66.7126,66.7126,9621
2026-08-07 12:27:00,66.7176,66.7275,66.7077,66.7225,6074
2026-08-07 12:28:00,66.7225,66.7275,66.6879,66.6978,11346
2026-08-07 12:29:00,66.6928,66.7077,66.6928,66.7077,5840
2026-08-07 12:30:00,66.6978,66.6978,66.6582,66.6631,14447
2026-08-07 12:31:00,66.6582,66.6681,66.6483,66.6582,9198
2026-08-07 12:32:00,66.6582,66.6582,66.6433,66.6483,7431
2026-08-07 12:33:00,66.6483,66.6582,66.5691,66.5691,47202
2026-08-07 12:34:00,66.579,66.6037,66.5444,66.5444,15919
2026-08-07 12:35:00,66.5493,66.5493,66.5196,66.5244,14898
2026-08-07 12:36:00,66.5246,66.5246,66.48,66.4949,28169
2026-08-07 12:37:00,66.4899,66.4899,66.4305,66.4602,21911
2026-08-07 12:38:00,66.4602,66.485,66.4602,66.4652,12797
2026-08-07 12:39:00,66.4701,66.4701,66.4305,66.4425,11475
2026-08-07 12:40:00,66.4503,66.4503,66.4206,66.4305,17979
2026-08-07 12:41:00,66.4305,66.4404,66.4206,66.4206,9887
2026-08-07 12:42:00,66.4256,66.4305,66.4058,66.4285,15835
2026-08-07 12:43:00,66.4256,66.5097,66.4256,66.5048,16805
2026-08-07 12:44:00,66.5096,66.5246,66.4602,66.5196,43975
2026-08-07 12:45:00,66.5097,66.5592,66.5097,66.5394,12584
2026-08-07 12:46:00,66.5444,66.6087,66.5394,66.6065,23344
2026-08-07 12:47:00,66.6037,66.6285,66.6037,66.6285,8152
2026-08-07 12:48:00,66.6285,66.6482,66.6087,66.6334,13882
2026-08-07 12:49:00,66.6285,66.6285,66.6037,66.6186,13373
2026-08-07 12:50:00,66.6483,66.6483,66.6285,66.6285,12753
2026-08-07 12:51:00,66.6334,66.678,66.6334,66.6582,17324
2026-08-07 12:52:00,66.6582,66.6582,66.6384,66.6532,12886
2026-08-07 12:53:00,66.6532,66.673,66.6532,66.6582,8451
2026-08-07 12:54:00,66.6681,66.6952,66.6681,66.6879,11155
2026-08-07 12:55:00,66.6928,66.7324,66.6879,66.7176,14460
2026-08-07 12:56:00,66.7176,66.7225,66.6967,66.6978,11952
2026-08-07 12:57:00,66.6978,66.7225,66.6978,66.7175,20534
2026-08-07 12:58:00,66.7175,66.7275,66.6978,66.7027,9554
2026-08-07 12:59:00,66.6978,66.7077,66.6879,66.6978,9742
2026-08-07 13:00:00,66.7077,66.7176,66.6681,66.6928,17997
2026-08-07 13:01:00,66.6978,66.7324,66.6978,66.7324,8367
2026-08-07 13:02:00,66.7324,66.7324,66.6928,66.7077,20789
2026-08-07 13:03:00,66.7176,66.7275,66.6829,66.7275,8468
2026-08-07 13:04:00,66.7262,66.7324,66.7077,66.7126,7594
2026-08-07 13:05:00,66.7176,66.7374,66.6978,66.7275,27706
2026-08-07 13:06:00,66.7275,66.7275,66.6829,66.6928,11643
2026-08-07 13:07:00,66.6879,66.6928,66.678,66.6879,13948
2026-08-07 13:08:00,66.678,66.6879,66.6681,66.6829,9207
2026-08-07 13:09:00,66.6879,66.7174,66.6879,66.7174,19298
2026-08-07 13:10:00,66.7126,66.7275,66.673,66.7077,34247
2026-08-07 13:11:00,66.7077,66.7225,66.6928,66.7225,29978
2026-08-07 13:12:00,66.7225,66.7473,66.7126,66.7423,19321
2026-08-07 13:13:00,66.7374,66.7572,66.7126,66.7225,35302
2026-08-07 13:14:00,66.7275,66.7275,66.6978,66.6978,37899
2026-08-07 13:15:00,66.6978,66.6978,66.6582,66.6928,37472
2026-08-07 13:16:00,66.6978,66.7275,66.6978,66.7176,13637
2026-08-07 13:17:00,66.7275,66.7374,66.7077,66.7374,26081
2026-08-07 13:18:00,66.7374,66.7473,66.7275,66.7473,13593
2026-08-07 13:19:00,66.7461,66.8145,66.7461,66.8116,19219
2026-08-07 13:20:00,66.8113,66.8364,66.8113,66.8364,13325
2026-08-07 13:21:00,66.8413,66.8562,66.8307,66.8364,24411
2026-08-07 13:22:00,66.8314,66.8364,66.7968,66.8067,21930
2026-08-07 13:23:00,66.8166,66.8364,66.8163,66.8314,23422
2026-08-07 13:24:00,66.8364,66.8512,66.8265,66.8265,11864
2026-08-07 13:25:00,66.8265,66.8364,66.7968,66.8116,18404
2026-08-07 13:26:00,66.8067,66.8463,66.8067,66.8364,10570
2026-08-07 13:27:00,66.8445,66.8445,66.8265,66.8265,19675
2026-08-07 13:28:00,66.8265,66.8363,66.8166,66.8314,11907
2026-08-07 13:29:00,66.8314,66.9057,66.8314,66.8958,18135
2026-08-07 13:30:00,66.9007,66.9502,66.8958,66.9156,48714
2026-08-07 13:31:00,66.9057,66.9304,66.9057,66.9255,24645
2026-08-07 13:32:00,66.9255,66.9325,66.8958,66.9057,16752
2026-08-07 13:33:00,66.8958,66.9243,66.8958,66.9156,18131
2026-08-07 13:34:00,66.9205,66.9205,66.8958,66.9134,13092
2026-08-07 13:35:00,66.9057,66.9099,66.8364,66.8366,22131
2026-08-07 13:36:00,66.8413,66.871,66.8413,66.8463,20973
2026-08-07 13:37:00,66.8464,66.9156,66.8464,66.9156,18017
2026-08-07 13:38:00,66.9255,66.9403,66.9058,66.9354,18175
2026-08-07 13:39:00,66.9354,66.9354,66.9057,66.9203,17666
2026-08-07 13:40:00,66.9205,66.9205,66.8958,66.9106,11449
2026-08-07 13:41:00,66.9106,66.9205,66.8908,66.9057,18025
2026-08-07 13:42:00,66.8958,66.9007,66.8809,66.8859,7832
2026-08-07 13:43:00,66.8908,66.9057,66.8809,66.8958,16112
2026-08-07 13:44:00,66.8958,66.9156,66.8661,66.8661,32445
2026-08-07 13:45:00,66.8611,66.8859,66.8463,66.8809,13704
2026-08-07 13:46:00,66.876,66.8908,66.871,66.8859,9783
2026-08-07 13:47:00,66.8859,66.8908,66.876,66.8827,11635
2026-08-07 13:48:00,66.8809,66.8809,66.8383,66.8512,12698
2026-08-07 13:49:00,66.8562,66.8562,66.8017,66.8017,13209
2026-08-07 13:50:00,66.8017,66.8413,66.7968,66.8413,16307
2026-08-07 13:51:00,66.8413,66.876,66.8364,66.8514,17000
2026-08-07 13:52:00,66.8463,66.8463,66.8266,66.8361,13333
2026-08-07 13:53:00,66.8265,66.8562,66.8265,66.8512,7919
2026-08-07 13:54:00,66.8562,66.876,66.8512,66.876,11937
2026-08-07 13:55:00,66.876,66.876,66.8463,66.871,14712
2026-08-07 13:56:00,66.8759,66.876,66.8611,66.8611,23003
2026-08-07 13:57:00,66.8562,66.8563,66.8364,66.8364,8342
2026-08-07 13:58:00,66.8364,66.8463,66.8364,66.8413,13865
2026-08-07 13:59:00,66.8463,66.8463,66.8215,66.8314,29213
2026-08-07 14:00:00,66.8265,66.8314,66.8116,66.8116,14587
2026-08-07 14:01:00,66.8215,66.8265,66.7969,66.7969,17473
2026-08-07 14:02:00,66.8017,66.8024,66.777,66.7969,13433
2026-08-07 14:03:00,66.8017,66.8463,66.7968,66.8463,8994
2026-08-07 14:04:00,66.8413,66.8512,66.8364,66.8413,12836
2026-08-07 14:05:00,66.8463,66.8858,66.8364,66.876,14977
2026-08-07 14:06:00,66.8809,66.9043,66.876,66.9007,15836
2026-08-07 14:07:00,66.9007,66.9057,66.8859,66.8859,10057
2026-08-07 14:08:00,66.8908,66.8908,66.8661,66.876,11968
2026-08-07 14:09:00,66.876,66.8958,66.876,66.8809,10553
2026-08-07 14:10:00,66.8859,66.8973,66.8859,66.8906,9529
2026-08-07 14:11:00,66.8958,66.9057,66.8901,66.9057,17998
2026-08-07 14:12:00,66.8977,66.9156,66.8958,66.9057,8892
2026-08-07 14:13:00,66.9057,66.9156,66.8958,66.9156,9911
2026-08-07 14:14:00,66.9156,66.9156,66.8958,66.8958,9072
2026-08-07 14:15:00,66.9007,66.9354,66.9001,66.9254,13652
2026-08-07 14:16:00,66.9255,66.9304,66.9077,66.9117,10434
2026-08-07 14:17:00,66.9057,66.9156,66.8859,66.8859,9547
2026-08-07 14:18:00,66.8908,66.9403,66.8859,66.9354,13650
2026-08-07 14:19:00,66.9354,66.9354,66.9106,66.9196,15751
2026-08-07 14:20:00,66.9205,66.9552,66.9205,66.9453,7057
2026-08-07 14:21:00,66.9403,66.9453,66.9106,66.9156,10233
2026-08-07 14:22:00,66.9156,66.9353,66.9156,66.9205,8230
2026-08-07 14:23:00,66.9157,66.9255,66.9106,66.9106,11243
2026-08-07 14:24:00,66.9106,66.9255,66.9103,66.9205,9432
2026-08-07 14:25:00,66.9255,66.9552,66.9255,66.9552,13427
2026-08-07 14:26:00,66.9453,66.9552,66.9156,66.9453,25237
2026-08-07 14:27:00,66.9502,66.9502,66.8809,66.8809,28294
2026-08-07 14:28:00,66.8908,66.9354,66.8908,66.9304,18019
2026-08-07 14:29:00,66.9354,66.9403,66.9106,66.9205,13576
2026-08-07 14:30:00,66.9205,66.9354,66.9106,66.9304,18768
2026-08-07 14:31:00,66.9301,66.9502,66.9258,66.9403,25544
2026-08-07 14:32:00,66.9453,66.9502,66.9304,66.9304,13825
2026-08-07 14:33:00,66.9304,66.9304,66.9057,66.9205,8268
2026-08-07 14:34:00,66.9304,66.9354,66.9106,66.9106,11199
2026-08-07 14:35:00,66.9057,66.9156,66.9057,66.9057,7307
2026-08-07 14:36:00,66.9156,66.9255,66.8958,66.9156,28699
2026-08-07 14:37:00,66.9156,66.9255,66.8958,66.9057,10372
2026-08-07 14:38:00,66.9057,66.9057,66.8958,66.902,6699
2026-08-07 14:39:00,66.9057,66.9057,66.876,66.8809,16720
2026-08-07 14:40:00,66.8809,66.8908,66.8611,66.8683,25861
2026-08-07 14:41:00,66.871,66.871,66.8314,66.8314,19174
2026-08-07 14:42:00,66.8314,66.8364,66.7869,66.8166,28536
2026-08-07 14:43:00,66.8217,66.8217,66.7819,66.8027,17580
2026-08-07 14:44:00,66.7968,66.8246,66.7968,66.7986,12282
2026-08-07 14:45:00,66.8017,66.8265,66.7906,66.8265,19488
2026-08-07 14:46:00,66.8239,66.8413,66.8116,66.8413,11877
2026-08-07 14:47:00,66.8463,66.8562,66.8314,66.8314,15003
2026-08-07 14:48:00,66.8314,66.8512,66.8166,66.8413,16699
2026-08-07 14:49:00,66.8463,66.8562,66.8314,66.8364,16602
2026-08-07 14:50:00,66.8364,66.8514,66.8314,66.8324,27584
2026-08-07 14:51:00,66.8334,66.8522,66.8265,66.8512,24113
2026-08-07 14:52:00,66.8463,66.8463,66.8116,66.8116,15254
2026-08-07 14:53:00,66.8111,66.8364,66.8067,66.8241,20129
2026-08-07 14:54:00,66.8265,66.8364,66.8167,66.827,6980
2026-08-07 14:55:00,66.8364,66.8512,66.8265,66.8413,35597
2026-08-07 14:56:00,66.8413,66.8463,66.8265,66.8364,12407
2026-08-07 14:57:00,66.8314,66.8314,66.8116,66.8166,18866
2026-08-07 14:58:00,66.8067,66.8265,66.8067,66.8215,12147
2026-08-07 14:59:00,66.822,66.8463,66.8166,66.8413,10822
2026-08-07 15:00:00,66.8364,66.8512,66.8235,66.8512,10881
2026-08-07 15:01:00,66.8512,66.876,66.8512,66.871,14606
2026-08-07 15:02:00,66.876,66.876,66.8562,66.8563,18687
2026-08-07 15:03:00,66.8611,66.8629,66.8413,66.8562,21368
2026-08-07 15:04:00,66.8512,66.8512,66.8067,66.8166,20933
2026-08-07 15:05:00,66.8067,66.8067,66.777,66.8017,32148
2026-08-07 15:06:00,66.8017,66.871,66.8017,66.871,23071
2026-08-07 15:07:00,66.871,66.8859,66.8562,66.8661,25746
2026-08-07 15:08:00,66.8661,66.9106,66.8661,66.9106,22694
2026-08-07 15:09:00,66.9156,66.9613,66.9102,66.9502,15230
2026-08-07 15:10:00,66.9502,66.9552,66.9304,66.9354,22445
2026-08-07 15:11:00,66.9453,66.9849,66.9453,66.97,19237
2026-08-07 15:12:00,66.9601,66.9849,66.9354,66.975,23913
2026-08-07 15:13:00,66.9799,66.9799,66.9601,66.9651,14784
2026-08-07 15:14:00,66.9601,66.975,66.9354,66.9453,18727
2026-08-07 15:15:00,66.9403,66.9849,66.9403,66.9849,14664
2026-08-07 15:16:00,66.9898,66.9997,66.9601,66.9849,19572
2026-08-07 15:17:00,66.9849,66.9898,66.9156,66.9205,28299
2026-08-07 15:18:00,66.9156,66.9255,66.9106,66.9136,14212
2026-08-07 15:19:00,66.9109,66.9601,66.9109,66.9453,26566
2026-08-07 15:20:00,66.9403,66.9502,66.9255,66.9299,15626
2026-08-07 15:21:00,66.9354,66.9651,66.9255,66.9651,17340
2026-08-07 15:22:00,66.9648,67.0046,66.9601,66.9997,12489
2026-08-07 15:23:00,67.0046,67.0096,66.975,66.9849,26484
2026-08-07 15:24:00,66.975,66.9849,66.9453,66.9601,15344
2026-08-07 15:25:00,66.9651,66.975,66.9552,66.9651,17255
2026-08-07 15:26:00,66.9651,66.97,66.9453,66.9502,21857
2026-08-07 15:27:00,66.9502,66.9502,66.9156,66.9403,19758
2026-08-07 15:28:00,66.9403,66.9451,66.8908,66.9354,24675
2026-08-07 15:29:00,66.9255,66.9304,66.8908,66.8958,13439
2026-08-07 15:30:00,66.9007,66.9007,66.8562,66.8611,22550
2026-08-07 15:31:00,66.8658,66.8658,66.8215,66.8413,37132
2026-08-07 15:32:00,66.8463,66.8512,66.8116,66.8265,26508
2026-08-07 15:33:00,66.8265,66.8265,66.7819,66.7819,20920
2026-08-07 15:34:00,66.7819,66.8067,66.7572,66.8017,37202
2026-08-07 15:35:00,66.8017,66.8116,66.777,66.777,30207
2026-08-07 15:36:00,66.772,66.7869,66.7621,66.7621,19608
2026-08-07 15:37:00,66.7572,66.7936,66.7572,66.7918,40501
2026-08-07 15:38:00,66.7869,66.8314,66.777,66.8314,41779
2026-08-07 15:39:00,66.8265,66.8463,66.8166,66.8463,20872
2026-08-07 15:40:00,66.8463,66.8908,66.8413,66.8809,23223
2026-08-07 15:41:00,66.8809,66.9153,66.8809,66.9106,23255
2026-08-07 15:42:00,66.9057,66.9156,66.8958,66.8996,24546
2026-08-07 15:43:00,66.9057,66.9304,66.8993,66.9304,32984
2026-08-07 15:44:00,66.9304,66.9502,66.9156,66.9502,55034
2026-08-07 15:45:00,66.9502,66.9502,66.9106,66.9304,39426
2026-08-07 15:46:00,66.9255,66.9354,66.8908,66.8958,43198
2026-08-07 15:47:00,66.8958,66.8958,66.8562,66.8809,47986
2026-08-07 15:48:00,66.876,66.9057,66.871,66.9007,51587
2026-08-07 15:49:00,66.9007,66.9057,66.8611,66.871,33634
2026-08-07 15:50:00,66.876,66.8958,66.8314,66.8314,60414
2026-08-07 15:51:00,66.8314,66.8413,66.777,66.7869,53424
2026-08-07 15:52:00,66.7869,66.8314,66.777,66.8215,64554
2026-08-07 15:53:00,66.8215,66.8413,66.8116,66.8364,60425
2026-08-07 15:54:00,66.8364,66.8621,66.8265,66.8611,56063
2026-08-07 15:55:00,66.8661,66.876,66.8265,66.8512,105386
2026-08-07 15:56:00,66.8562,66.8859,66.8463,66.8463,92287
2026-08-07 15:57:00,66.8512,66.8611,66.8265,66.8413,119615
2026-08-07 15:58:00,66.8462,66.9057,66.8364,66.9007,161463
2026-08-07 15:59:00,66.9007,67.0442,66.8958,66.9552,480548
2026-08-08 09:30:00,67.163,67.2026,66.7473,66.777,251820
2026-08-08 09:31:00,66.7671,66.8562,66.7374,66.8264,25139
2026-08-08 09:32:00,66.8265,66.9699,66.8166,66.8859,17804
2026-08-08 09:33:00,66.8905,66.8958,66.6978,66.7275,38564
2026-08-08 09:34:00,66.7275,66.8067,66.7077,66.7473,15412
2026-08-08 09:35:00,66.7572,66.7572,66.7077,66.7176,26765
2026-08-08 09:36:00,66.7097,66.7176,66.6483,66.7027,24058
2026-08-08 09:37:00,66.7126,66.8067,66.6978,66.7621,24373
2026-08-08 09:38:00,66.7671,66.7869,66.7275,66.7671,15382
2026-08-08 09:39:00,66.7671,66.8265,66.7621,66.8215,31883
2026-08-08 09:40:00,66.8166,66.8512,66.8017,66.8144,51107
2026-08-08 09:41:00,66.8067,66.8611,66.772,66.777,24013
2026-08-08 09:42:00,66.7869,66.7918,66.7176,66.7473,24337
2026-08-08 09:43:00,66.7473,66.8364,66.7324,66.8364,14413
2026-08-08 09:44:00,66.8364,66.9156,66.8364,66.9156,63367
2026-08-08 09:45:00,66.9057,66.9799,66.8908,66.9193,26601
2026-08-08 09:46:00,66.9156,67.0145,66.9156,67.0145,28809
2026-08-08 09:47:00,67.0145,67.0244,66.9354,66.9453,20484
2026-08-08 09:48:00,66.9354,66.975,66.9205,66.9205,39823
2026-08-08 09:49:00,66.9205,66.9601,66.9156,66.9205,53306
2026-08-08 09:50:00,66.9205,67.0442,66.9106,67.0442,28246
2026-08-08 09:51:00,67.0343,67.0937,67.0343,67.0937,29484
2026-08-08 09:52:00,67.1036,67.1333,67.0739,67.1234,34961
2026-08-08 09:53:00,67.1234,67.1383,67.1086,67.1169,12049
2026-08-08 09:54:00,67.1185,67.1779,67.1185,67.1729,19889
2026-08-08 09:55:00,67.1729,67.2208,67.1729,67.2208,23700
2026-08-08 09:56:00,67.2125,67.2175,67.1779,67.2125,63244
2026-08-08 09:57:00,67.2175,67.3016,67.2076,67.3016,31082
2026-08-08 09:58:00,67.3016,67.366,67.2967,67.366,39491
2026-08-08 09:59:00,67.366,67.3907,67.3016,67.3066,27595
2026-08-08 10:00:00,67.3066,67.3709,67.3016,67.3363,35713
2026-08-08 10:01:00,67.3412,67.361,67.3115,67.3115,25395
2026-08-08 10:02:00,67.3165,67.4006,67.3116,67.3956,24853
2026-08-08 10:03:00,67.3907,67.4204,67.366,67.4204,21730
2026-08-08 10:04:00,67.4204,67.4501,67.4006,67.4451,27776
2026-08-08 10:05:00,67.4451,67.4451,67.3907,67.4204,26397
2026-08-08 10:06:00,67.4253,67.4402,67.361,67.4253,37851
2026-08-08 10:07:00,67.4402,67.4946,67.4253,67.4798,62911
2026-08-08 10:08:00,67.4699,67.5293,67.455,67.4847,48892
2026-08-08 10:09:00,67.4847,67.4897,67.4303,67.4303,25665
2026-08-08 10:10:00,67.4352,67.455,67.4204,67.4337,23103
2026-08-08 10:11:00,67.4352,67.4402,67.3066,67.3165,40150
2026-08-08 10:12:00,67.3165,67.3511,67.3115,67.3165,26857
2026-08-08 10:13:00,67.3115,67.3214,67.2323,67.2373,41273
2026-08-08 10:14:00,67.2323,67.2422,67.2026,67.2422,16827
2026-08-08 10:15:00,67.2323,67.3016,67.2274,67.2719,27402
2026-08-08 10:16:00,67.2719,67.3115,67.2125,67.2175,33923
2026-08-08 10:17:00,67.2224,67.2571,67.2125,67.2472,22546
2026-08-08 10:18:00,67.2438,67.262,67.1828,67.2224,21764
2026-08-08 10:19:00,67.2224,67.262,67.2125,67.262,25377
2026-08-08 10:20:00,67.2719,67.2885,67.262,67.2868,18589
2026-08-08 10:21:00,67.2917,67.3511,67.2917,67.3412,27645
2026-08-08 10:22:00,67.3363,67.3462,67.3264,67.3313,15129
2026-08-08 10:23:00,67.3412,67.4154,67.3412,67.4154,24450
2026-08-08 10:24:00,67.4154,67.4451,67.3956,67.4253,32928
2026-08-08 10:25:00,67.4253,67.4649,67.4204,67.4649,27965
2026-08-08 10:26:00,67.4649,67.5044,67.4402,67.4542,50192
2026-08-08 10:27:00,67.4501,67.455,67.4204,67.4405,19309
2026-08-08 10:28:00,67.4451,67.4451,67.4105,67.4253,22550
2026-08-08 10:29:00,67.4253,67.4303,67.3907,67.3956,17667
2026-08-08 10:30:00,67.3907,67.4006,67.3511,67.361,14619
2026-08-08 10:31:00,67.361,67.366,67.3016,67.3066,32745
2026-08-08 10:32:00,67.3066,67.3114,67.2472,67.2472,24010
2026-08-08 10:33:00,67.252,67.252,67.163,67.2076,33469
2026-08-08 10:34:00,67.2026,67.267,67.2026,67.2323,24925
2026-08-08 10:35:00,67.2373,67.2373,67.2036,67.2175,33847
2026-08-08 10:36:00,67.2175,67.262,67.2125,67.2521,33047
2026-08-08 10:37:00,67.2472,67.2472,67.163,67.1878,25755
2026-08-08 10:38:00,67.1828,67.2026,67.1729,67.2026,8002
2026-08-08 10:39:00,67.2026,67.2125,67.1729,67.1927,27839
2026-08-08 10:40:00,67.2026,67.2521,67.2026,67.2373,27833
2026-08-08 10:41:00,67.2323,67.2323,67.163,67.168,14623
2026-08-08 10:42:00,67.168,67.2076,67.163,67.163,19160
2026-08-08 10:43:00,67.168,67.1688,67.1234,67.168,22856
2026-08-08 10:44:00,67.168,67.1828,67.163,67.1729,16193
2026-08-08 10:45:00,67.1729,67.2125,67.1729,67.1828,53214
2026-08-08 10:46:00,67.184,67.184,67.1036,67.1036,19374
2026-08-08 10:47:00,67.1036,67.1036,67.0541,67.0591,16303
2026-08-08 10:48:00,67.0591,67.1581,67.0541,67.1383,27872
2026-08-08 10:49:00,67.1433,67.1729,67.1333,67.1383,9975
2026-08-08 10:50:00,67.1333,67.163,67.1135,67.1482,30045
2026-08-08 10:51:00,67.1482,67.1581,67.1315,67.1416,20103
2026-08-08 10:52:00,67.1383,67.163,67.1333,67.163,23482
2026-08-08 10:53:00,67.163,67.1927,67.1531,67.1927,12328
2026-08-08 10:54:00,67.1927,67.1927,67.1667,67.1828,7468
2026-08-08 10:55:00,67.1729,67.1838,67.1729,67.1729,7815
2026-08-08 10:56:00,67.168,67.2175,67.168,67.1927,11580
2026-08-08 10:57:00,67.1977,67.2521,67.1977,67.2208,24209
2026-08-08 10:58:00,67.2175,67.2323,67.2125,67.2224,21848
2026-08-08 10:59:00,67.2175,67.2472,67.2175,67.2472,8774
2026-08-08 11:00:00,67.2502,67.2769,67.2422,67.2769,11422
2026-08-08 11:01:00,67.2793,67.2818,67.2719,67.2817,9548
2026-08-08 11:02:00,67.2769,67.3016,67.2719,67.2818,14671
2026-08-08 11:03:00,67.2917,67.2917,67.2818,67.2818,7865
2026-08-08 11:04:00,67.2818,67.2818,67.2571,67.2769,14337
2026-08-08 11:05:00,67.2769,67.3115,67.262,67.267,13755
2026-08-08 11:06:00,67.262,67.2623,67.2274,67.2274,17349
2026-08-08 11:07:00,67.2373,67.2419,67.2175,67.2274,13983
2026-08-08 11:08:00,67.2274,67.2521,67.2224,67.2422,26356
2026-08-08 11:09:00,67.2422,67.2719,67.2363,67.2521,69867
2026-08-08 11:10:00,67.2597,67.2718,67.2422,67.2422,13171
2026-08-08 11:11:00,67.2472,67.2719,67.2274,67.2422,27992
2026-08-08 11:12:00,67.2422,67.267,67.2224,67.267,17006
2026-08-08 11:13:00,67.262,67.3115,67.2521,67.3066,15828
2026-08-08 11:14:00,67.3115,67.3511,67.3115,67.3363,15317
2026-08-08 11:15:00,67.3363,67.3363,67.3066,67.3066,15505
2026-08-08 11:16:00,67.3016,67.3066,67.2323,67.2373,17475
2026-08-08 11:17:00,67.2324,67.2373,67.2076,67.2125,46488
2026-08-08 11:18:00,67.2125,67.2274,67.1927,67.2274,14873
2026-08-08 11:19:00,67.2274,67.2521,67.2274,67.2521,13182
2026-08-08 11:20:00,67.2472,67.269,67.2373,67.2373,17812
2026-08-08 11:21:00,67.2422,67.3002,67.2373,67.3002,14021
2026-08-08 11:22:00,67.2967,67.3165,67.2917,67.3016,12499
2026-08-08 11:23:00,67.3016,67.3262,67.2967,67.3115,14516
2026-08-08 11:24:00,67.3115,67.3115,67.262,67.262,14292
2026-08-08 11:25:00,67.267,67.2769,67.2323,67.2323,25234
2026-08-08 11:26:00,67.2323,67.2472,67.2323,67.2323,6611
2026-08-08 11:27:00,67.2323,67.2422,67.1977,67.2026,34418
2026-08-08 11:28:00,67.1977,67.2026,67.163,67.1729,37523
2026-08-08 11:29:00,67.1729,67.1878,67.163,67.1765,20368
2026-08-08 11:30:00,67.1729,67.2472,67.163,67.2322,86294
2026-08-08 11:31:00,67.2323,67.262,67.2125,67.2224,14942
2026-08-08 11:32:00,67.2294,67.2323,67.2224,67.2224,11300
2026-08-08 11:33:00,67.2299,67.2299,67.1977,67.2076,21353
2026-08-08 11:34:00,67.2076,67.2125,67.1828,67.1927,14031
2026-08-08 11:35:00,67.2026,67.2076,67.1779,67.1779,11196
2026-08-08 11:36:00,67.1779,67.1903,67.1779,67.1828,10424
2026-08-08 11:37:00,67.1779,67.1878,67.1432,67.1482,19288
2026-08-08 11:38:00,67.1531,67.1581,67.1135,67.1482,32815
2026-08-08 11:39:00,67.1482,67.168,67.1383,67.168,14119
2026-08-08 11:40:00,67.168,67.1729,67.1531,67.1581,7507
2026-08-08 11:41:00,67.163,67.2175,67.163,67.2125,16158
2026-08-08 11:42:00,67.2125,67.2125,67.1729,67.1878,10524
2026-08-08 11:43:00,67.1878,67.1927,67.1828,67.1878,5627
2026-08-08 11:44:00,67.1828,67.1878,67.163,67.1783,15732
2026-08-08 11:45:00,67.1828,67.1878,67.168,67.1779,13867
2026-08-08 11:46:00,67.1779,67.1993,67.1779,67.1927,13342
2026-08-08 11:47:00,67.1927,67.2175,67.1927,67.1927,13564
2026-08-08 11:48:00,67.2006,67.2175,67.1927,67.2175,9153
2026-08-08 11:49:00,67.2175,67.239,67.2175,67.2274,9143
2026-08-08 11:50:00,67.2224,67.2322,67.2026,67.2125,11433
2026-08-08 11:51:00,67.2224,67.2373,67.2175,67.2175,15493
2026-08-08 11:52:00,67.2224,67.2224,67.2026,67.2124,8652
2026-08-08 11:53:00,67.2076,67.2202,67.1977,67.2125,16018
2026-08-08 11:54:00,67.2175,67.2323,67.1977,67.2323,16694
2026-08-08 11:55:00,67.2274,67.2323,67.1928,67.1977,14515
2026-08-08 11:56:00,67.1977,67.2224,67.1482,67.1482,46406
2026-08-08 11:57:00,67.1482,67.163,67.1482,67.151,14895
2026-08-08 11:58:00,67.1531,67.163,67.1284,67.1432,35294
2026-08-08 11:59:00,67.1432,67.1482,67.1234,67.1333,20917
2026-08-08 12:00:00,67.1333,67.1796,67.1274,67.163,20162
2026-08-08 12:01:00,67.168,67.1878,67.1581,67.163,12093
2026-08-08 12:02:00,67.168,67.1729,67.1531,67.1581,10317
2026-08-08 12:03:00,67.1581,67.1581,67.1135,67.1135,14306
2026-08-08 12:04:00,67.1185,67.1383,67.0838,67.1234,75236
2026-08-08 12:05:00,67.1221,67.1383,67.064,67.0838,38563
2026-08-08 12:06:00,67.0838,67.1927,67.0739,67.163,81757
2026-08-08 12:07:00,67.168,67.1729,67.1333,67.1333,23146
2026-08-08 12:08:00,67.1432,67.1432,67.1036,67.1036,15461
2026-08-08 12:09:00,67.1036,67.1135,67.0937,67.0937,6119
2026-08-08 12:10:00,67.1035,67.1035,67.069,67.0935,6104
2026-08-08 12:11:00,67.0915,67.1234,67.0888,67.0937,29441
2026-08-08 12:12:00,67.0888,67.0888,67.0046,67.0145,42388
2026-08-08 12:13:00,67.0096,67.0195,66.9948,67.007,9241
2026-08-08 12:14:00,67.0096,67.0937,67.0096,67.069,75441
2026-08-08 12:15:00,67.069,67.1135,67.0492,67.0492,32589
2026-08-08 12:16:00,67.0541,67.0541,66.975,66.9914,14194
2026-08-08 12:17:00,66.975,67.0235,66.975,67.0046,5854
2026-08-08 12:18:00,67.0145,67.0442,66.9997,67.0145,15236
2026-08-08 12:19:00,67.0046,67.0046,66.9651,66.9651,18574
2026-08-08 12:20:00,66.9552,66.9948,66.9552,66.9701,10278
2026-08-08 12:21:00,66.97,66.9849,66.9453,66.9849,34646
2026-08-08 12:22:00,66.9849,66.9948,66.9799,66.9948,5710
2026-08-08 12:23:00,66.9915,67.0096,66.97,67.0096,9151
2026-08-08 12:24:00,67.0046,67.0233,66.9997,67.0195,12163
2026-08-08 12:25:00,67.0244,67.0492,67.0195,67.0244,9065
2026-08-08 12:26:00,67.0195,67.0294,67.0096,67.0242,9006
2026-08-08 12:27:00,67.0195,67.0244,66.9997,66.9997,15438
2026-08-08 12:28:00,66.9997,67.0046,66.9799,66.9849,15841
2026-08-08 12:29:00,66.9799,66.9948,66.9799,66.9799,12898
2026-08-08 12:30:00,66.975,66.9948,66.97,66.9898,11838
2026-08-08 12:31:00,66.9948,67.0343,66.9948,67.0244,15471
2026-08-08 12:32:00,67.0294,67.0294,67.0057,67.0096,11157
2026-08-08 12:33:00,67.0096,67.0195,67.0096,67.0195,11396
2026-08-08 12:34:00,67.0244,67.0393,67.0145,67.0145,11879
2026-08-08 12:35:00,67.0195,67.0329,67.0096,67.0195,14772
2026-08-08 12:36:00,67.0244,67.0329,67.0195,67.0319,9047
2026-08-08 12:37:00,67.0294,67.0343,67.0096,67.0145,10025
2026-08-08 12:38:00,67.0096,67.0492,67.0096,67.0492,8431
2026-08-08 12:39:00,67.0442,67.069,67.0294,67.0393,28415
2026-08-08 12:40:00,67.0294,67.0294,66.9997,66.9997,15674
2026-08-08 12:41:00,67.0046,67.0046,66.9354,66.9552,25848
2026-08-08 12:42:00,66.9502,66.9552,66.9403,66.9453,15626
2026-08-08 12:43:00,66.9502,66.9601,66.9304,66.9502,21304
2026-08-08 12:44:00,66.9552,66.9799,66.9454,66.97,20342
2026-08-08 12:45:00,66.97,66.97,66.9255,66.9255,44771
2026-08-08 12:46:00,66.9255,66.9601,66.9255,66.9553,23128
2026-08-08 12:47:00,66.9601,66.9799,66.9601,66.97,15962
2026-08-08 12:48:00,66.97,66.9948,66.9601,66.991,12532
2026-08-08 12:49:00,66.9948,67.0145,66.9849,66.9849,8649
2026-08-08 12:50:00,66.9936,67.0144,66.975,67.0126,50365
2026-08-08 12:51:00,67.0046,67.0046,66.9502,66.965,102029
2026-08-08 12:52:00,66.9601,66.9795,66.9378,66.9795,35254
2026-08-08 12:53:00,66.9849,66.9948,66.9601,66.9724,50328
2026-08-08 12:54:00,66.97,66.9933,66.9601,66.975,20678
2026-08-08 12:55:00,66.9849,67.0145,66.975,66.9948,21623
2026-08-08 12:56:00,66.9948,67.0244,66.9948,67.0195,33492
2026-08-08 12:57:00,67.0244,67.0504,67.0146,67.0195,25584
2026-08-08 12:58:00,67.0195,67.0342,67.0046,67.0046,17246
2026-08-08 12:59:00,66.9997,67.0145,66.9997,67.0096,9882
2026-08-08 13:00:00,67.0062,67.0145,66.975,66.9948,45279
2026-08-08 13:01:00,67.0046,67.0541,66.9997,67.0442,37070
2026-08-08 13:02:00,67.0492,67.064,67.0492,67.0591,6944
2026-08-08 13:03:00,67.0541,67.0591,67.0343,67.0492,12099
2026-08-08 13:04:00,67.0492,67.064,67.0465,67.0541,10707
2026-08-08 13:05:00,67.0541,67.0591,67.0145,67.0177,12806
2026-08-08 13:06:00,67.0244,67.0541,67.0195,67.0541,7717
2026-08-08 13:07:00,67.0541,67.0739,67.0541,67.0739,4989
2026-08-08 13:08:00,67.0702,67.0789,67.0442,67.0442,17585
2026-08-08 13:09:00,67.0393,67.0937,67.0244,67.0888,43376
2026-08-08 13:10:00,67.0888,67.1185,67.0789,67.0789,24670
2026-08-08 13:11:00,67.0838,67.0888,67.0393,67.0393,17314
2026-08-08 13:12:00,67.0442,67.1109,67.0393,67.1036,26455
2026-08-08 13:13:00,67.1086,67.1185,67.1036,67.1086,17720
2026-08-08 13:14:00,67.1093,67.1234,67.0838,67.1036,32270
2026-08-08 13:15:00,67.1086,67.1531,67.1036,67.1531,18468
2026-08-08 13:16:00,67.1482,67.1828,67.1432,67.1818,13349
2026-08-08 13:17:00,67.1828,67.1927,67.1729,67.1729,6635
2026-08-08 13:18:00,67.1828,67.2076,67.1779,67.2076,10808
2026-08-08 13:19:00,67.2125,67.2224,67.2076,67.2224,7850
2026-08-08 13:20:00,67.2173,67.2323,67.2076,67.2175,8181
2026-08-08 13:21:00,67.2125,67.2125,67.1531,67.1581,34113
2026-08-08 13:22:00,67.1581,67.1917,67.1482,67.1878,15022
2026-08-08 13:23:00,67.1927,67.2175,67.1759,67.1779,13371
2026-08-08 13:24:00,67.1779,67.2026,67.1729,67.1977,18170
2026-08-08 13:25:00,67.1977,67.2224,67.1977,67.2076,11802
2026-08-08 13:26:00,67.2076,67.2076,67.1828,67.1977,13040
2026-08-08 13:27:00,67.1945,67.2026,67.1878,67.1878,9758
2026-08-08 13:28:00,67.1878,67.2303,67.1878,67.2303,16246
2026-08-08 13:29:00,67.2274,67.2818,67.2175,67.2818,36187
2026-08-08 13:30:00,67.2719,67.3115,67.2719,67.3066,23220
2026-08-08 13:31:00,67.3016,67.3066,67.2472,67.2521,24974
2026-08-08 13:32:00,67.2571,67.2719,67.2472,67.267,24868
2026-08-08 13:33:00,67.2644,67.2719,67.2472,67.2472,12850
2026-08-08 13:34:00,67.2472,67.2719,67.2224,67.262,15937
2026-08-08 13:35:00,67.2571,67.2571,67.2224,67.2274,9016
2026-08-08 13:36:00,67.2224,67.2719,67.2175,67.2637,17504
2026-08-08 13:37:00,67.267,67.2917,67.2571,67.2868,10917
2026-08-08 13:38:00,67.2868,67.2869,67.2472,67.2571,13922
2026-08-08 13:39:00,67.2521,67.2571,67.2026,67.2224,37026
2026-08-08 13:40:00,67.2224,67.2274,67.1676,67.168,13660
2026-08-08 13:41:00,67.1729,67.1729,67.1284,67.1333,10240
2026-08-08 13:42:00,67.1333,67.1333,67.1036,67.1333,42917
2026-08-08 13:43:00,67.1432,67.1531,67.1284,67.1482,11133
2026-08-08 13:44:00,67.1482,67.1531,67.1284,67.1383,10807
2026-08-08 13:45:00,67.1432,67.1564,67.1135,67.1333,33420
2026-08-08 13:46:00,67.1333,67.1581,67.1333,67.1581,17542
2026-08-08 13:47:00,67.1531,67.1729,67.1333,67.168,11141
2026-08-08 13:48:00,67.163,67.163,67.1333,67.1383,5856
2026-08-08 13:49:00,67.1333,67.1432,67.1284,67.1284,7142
2026-08-08 13:50:00,67.1333,67.1531,67.1284,67.1333,13621
2026-08-08 13:51:00,67.1284,67.168,67.1234,67.168,15831
2026-08-08 13:52:00,67.168,67.1808,67.168,67.1725,7393
2026-08-08 13:53:00,67.1729,67.1828,67.1571,67.1571,8647
2026-08-08 13:54:00,67.1531,67.1581,67.1135,67.1255,22583
2026-08-08 13:55:00,67.128,67.1284,67.0789,67.0937,11910
2026-08-08 13:56:00,67.0838,67.1095,67.0838,67.1086,6364
2026-08-08 13:57:00,67.1036,67.1135,67.0987,67.1086,9834
2026-08-08 13:58:00,67.1036,67.1086,67.0789,67.0838,10045
2026-08-08 13:59:00,67.0739,67.0987,67.0739,67.0987,10544
2026-08-08 14:00:00,67.0888,67.0888,67.069,67.0801,12985
2026-08-08 14:01:00,67.0739,67.0987,67.0678,67.0937,9735
2026-08-08 14:02:00,67.0937,67.0937,67.0655,67.0655,12470
2026-08-08 14:03:00,67.0678,67.0739,67.0591,67.0684,10054
2026-08-08 14:04:00,67.069,67.0739,67.0343,67.0343,7096
2026-08-08 14:05:00,67.0244,67.0393,67.0244,67.0393,5390
2026-08-08 14:06:00,67.0343,67.0442,67.0244,67.0343,13418
2026-08-08 14:07:00,67.0244,67.0343,67.0195,67.0294,7738
2026-08-08 14:08:00,67.0245,67.0492,67.0244,67.0492,7487
2026-08-08 14:09:00,67.0485,67.0789,67.0442,67.0789,7606
2026-08-08 14:10:00,67.0838,67.0937,67.0442,67.0442,33771
2026-08-08 14:11:00,67.0541,67.0789,67.0479,67.064,18348
2026-08-08 14:12:00,67.0739,67.0937,67.0591,67.0838,10121
2026-08-08 14:13:00,67.0838,67.1185,67.0838,67.1036,11323
2026-08-08 14:14:00,67.1086,67.1091,67.1036,67.1091,3584
2026-08-08 14:15:00,67.1086,67.1218,67.0838,67.1035,15470
2026-08-08 14:16:00,67.0987,67.1169,67.0888,67.1169,11629
2026-08-08 14:17:00,67.1135,67.1185,67.0937,67.0987,14862
2026-08-08 14:18:00,67.1036,67.1284,67.1036,67.1086,20290
2026-08-08 14:19:00,67.1086,67.1185,67.0957,67.1036,13557
2026-08-08 14:20:00,67.1086,67.1135,67.0937,67.1061,10619
2026-08-08 14:21:00,67.1086,67.1086,67.0739,67.0739,10392
2026-08-08 14:22:00,67.0764,67.1086,67.0739,67.1036,11006
2026-08-08 14:23:00,67.1036,67.1086,67.069,67.0789,7800
2026-08-08 14:24:00,67.0739,67.0739,67.069,67.069,6171
2026-08-08 14:25:00,67.069,67.1035,67.069,67.0838,12528
2026-08-08 14:26:00,67.0838,67.1135,67.0838,67.1076,11392
2026-08-08 14:27:00,67.1086,67.1135,67.1036,67.1086,3634
2026-08-08 14:28:00,67.1086,67.1135,67.1036,67.1086,16423
2026-08-08 14:29:00,67.1086,67.1111,67.1036,67.1086,7215
2026-08-08 14:30:00,67.1086,67.1201,67.0789,67.0789,22702
2026-08-08 14:31:00,67.0789,67.1135,67.0739,67.0937,13380
2026-08-08 14:32:00,67.0987,67.1135,67.0939,67.1036,9654
2026-08-08 14:33:00,67.1086,67.1135,67.0937,67.1086,9148
2026-08-08 14:34:00,67.0958,67.0987,67.0789,67.0838,13098
2026-08-08 14:35:00,67.0789,67.0838,67.0611,67.064,11899
2026-08-08 14:36:00,67.0591,67.1036,67.0591,67.0987,10574
2026-08-08 14:37:00,67.0987,67.1036,67.0767,67.0987,8460
2026-08-08 14:38:00,67.0987,67.1135,67.0937,67.1086,6944
2026-08-08 14:39:00,67.1135,67.1234,67.1036,67.1036,9718
2026-08-08 14:40:00,67.1086,67.1086,67.0828,67.0828,14460
2026-08-08 14:41:00,67.0789,67.0888,67.0739,67.0888,6046
2026-08-08 14:42:00,67.0888,67.0888,67.0655,67.069,14439
2026-08-08 14:43:00,67.069,67.0937,67.069,67.0888,42222
2026-08-08 14:44:00,67.1036,67.1234,67.0987,67.1086,14791
2026-08-08 14:45:00,67.1132,67.1383,67.1086,67.1333,24700
2026-08-08 14:46:00,67.1333,67.1383,67.1135,67.1234,11450
2026-08-08 14:47:00,67.1284,67.1432,67.1185,67.1185,10922
2026-08-08 14:48:00,67.1185,67.1224,67.1086,67.1185,7126
2026-08-08 14:49:00,67.1166,67.1166,67.0937,67.1086,13966
2026-08-08 14:50:00,67.1086,67.1104,67.064,67.064,9626
2026-08-08 14:51:00,67.0541,67.0987,67.0393,67.0888,17219
2026-08-08 14:52:00,67.0849,67.0859,67.0543,67.0543,5599
2026-08-08 14:53:00,67.064,67.069,67.0393,67.0579,10689
2026-08-08 14:54:00,67.0591,67.069,67.0591,67.069,7314
2026-08-08 14:55:00,67.069,67.0789,67.064,67.069,26847
2026-08-08 14:56:00,67.069,67.0739,67.064,67.0717,12951
2026-08-08 14:57:00,67.069,67.0789,67.069,67.0789,10834
2026-08-08 14:58:00,67.0789,67.0987,67.0739,67.0987,12738
2026-08-08 14:59:00,67.1036,67.1135,67.0987,67.1086,30421
2026-08-08 15:00:00,67.1086,67.1185,67.0838,67.0838,35558
2026-08-08 15:01:00,67.0789,67.1036,67.0789,67.0888,11654
2026-08-08 15:02:00,67.0937,67.1036,67.0739,67.0987,13494
2026-08-08 15:03:00,67.0978,67.0987,67.0739,67.0739,9234
2026-08-08 15:04:00,67.0789,67.1086,67.0739,67.0987,24137
2026-08-08 15:05:00,67.0987,67.1086,67.0937,67.1086,6949
2026-08-08 15:06:00,67.1036,67.1086,67.0937,67.1086,18277
2026-08-08 15:07:00,67.1036,67.1531,67.0937,67.1234,27729
2026-08-08 15:08:00,67.1284,67.1432,67.1185,67.1185,10440
2026-08-08 15:09:00,67.1185,67.1432,67.1185,67.1383,9559
2026-08-08 15:10:00,67.1383,67.1581,67.1333,67.1402,12701
2026-08-08 15:11:00,67.1383,67.1719,67.1383,67.168,9479
2026-08-08 15:12:00,67.168,67.168,67.1383,67.1383,16795
2026-08-08 15:13:00,67.1334,67.1531,67.1334,67.1516,11398
2026-08-08 15:14:00,67.1482,67.1517,67.1432,67.1482,8986
2026-08-08 15:15:00,67.1482,67.1828,67.1482,67.168,24169
2026-08-08 15:16:00,67.168,67.1729,67.1531,67.163,18883
2026-08-08 15:17:00,67.1581,67.163,67.1482,67.1482,5951
2026-08-08 15:18:00,67.1482,67.163,67.1482,67.163,16539
2026-08-08 15:19:00,67.168,67.1828,67.163,67.1729,6537
2026-08-08 15:20:00,67.1729,67.1729,67.1432,67.1482,15704
2026-08-08 15:21:00,67.1432,67.1432,67.1185,67.1383,46154
2026-08-08 15:22:00,67.1333,67.1531,67.1234,67.1531,23557
2026-08-08 15:23:00,67.1529,67.1531,67.1037,67.1284,57278
2026-08-08 15:24:00,67.1328,67.133,67.1135,67.1271,15975
2026-08-08 15:25:00,67.1284,67.1328,67.1185,67.1286,39332
2026-08-08 15:26:00,67.1234,67.1484,67.1234,67.1482,28063
2026-08-08 15:27:00,67.1433,67.1729,67.1284,67.1482,23849
2026-08-08 15:28:00,67.1432,67.1581,67.1333,67.1417,19151
2026-08-08 15:29:00,67.1333,67.1432,67.1135,67.1234,14605
2026-08-08 15:30:00,67.1234,67.1581,67.1185,67.1581,46919
2026-08-08 15:31:00,67.1581,67.1828,67.1482,67.1482,32465
2026-08-08 15:32:00,67.1482,67.1906,67.1482,67.1482,37375
2026-08-08 15:33:00,67.1482,67.1828,67.1482,67.1581,32865
2026-08-08 15:34:00,67.1531,67.1581,67.1284,67.1284,41536
2026-08-08 15:35:00,67.1333,67.163,67.1284,67.1482,38587
2026-08-08 15:36:00,67.1531,67.1828,67.1472,67.1795,24057
2026-08-08 15:37:00,67.1779,67.1779,67.1482,67.1531,17009
2026-08-08 15:38:00,67.1531,67.168,67.1531,67.1581,14123
2026-08-08 15:39:00,67.163,67.163,67.1432,67.1482,32955
2026-08-08 15:40:00,67.1432,67.1482,67.1234,67.1234,21169
2026-08-08 15:41:00,67.1234,67.1333,67.0937,67.0987,40225
2026-08-08 15:42:00,67.1036,67.1086,67.0838,67.1086,43180
2026-08-08 15:43:00,67.1086,67.1333,67.0987,67.1185,86846
2026-08-08 15:44:00,67.1179,67.1185,67.0888,67.1086,26739
2026-08-08 15:45:00,67.1135,67.1383,67.1086,67.1086,34344
2026-08-08 15:46:00,67.1086,67.1333,67.1086,67.1185,20414
2026-08-08 15:47:00,67.1185,67.1284,67.0937,67.1185,33513
2026-08-08 15:48:00,67.1135,67.1432,67.1135,67.1383,30720
2026-08-08 15:49:00,67.1383,67.1383,67.0937,67.0937,48649
2026-08-08 15:50:00,67.0937,67.1333,67.0739,67.0888,69132
2026-08-08 15:51:00,67.0917,67.1531,67.0888,67.1482,48123
2026-08-08 15:52:00,67.1482,67.1482,67.1086,67.1185,64254
2026-08-08 15:53:00,67.1135,67.1284,67.1135,67.1135,63690
2026-08-08 15:54:00,67.1135,67.1234,67.1036,67.1185,78112
2026-08-08 15:55:00,67.1185,67.1531,67.064,67.1135,114108
2026-08-08 15:56:00,67.1135,67.2125,67.1086,67.2125,130841
2026-08-08 15:57:00,67.2125,67.2422,67.2076,67.2224,139398
2026-08-08 15:58:00,67.2274,67.2917,67.2125,67.2917,204330
2026-08-08 15:59:00,67.2917,67.3709,67.2125,67.262,545920
2026-08-11 09:30:00,67.6481,67.7273,67.5986,67.6085,330106
2026-08-11 09:31:00,67.6085,67.7471,67.5887,67.6778,62838
2026-08-11 09:32:00,67.7174,67.752,67.4699,67.5045,66703
2026-08-11 09:33:00,67.5045,67.5639,67.4303,67.5293,66599
2026-08-11 09:34:00,67.5243,67.658,67.5095,67.5689,68134
2026-08-11 09:35:00,67.5689,67.6976,67.5095,67.6629,56142
2026-08-11 09:36:00,67.6481,67.7174,67.6481,67.6679,32163
2026-08-11 09:37:00,67.6679,67.6778,67.5095,67.5095,44577
2026-08-11 09:38:00,67.5095,67.5392,67.4006,67.4337,29708
2026-08-11 09:39:00,67.4303,67.4922,67.3808,67.4204,38540
2026-08-11 09:40:00,67.4006,67.4961,67.4006,67.4897,18958
2026-08-11 09:41:00,67.4798,67.5144,67.4352,67.4996,35585
2026-08-11 09:42:00,67.4897,67.5095,67.4204,67.4204,17131
2026-08-11 09:43:00,67.4402,67.5194,67.4402,67.5194,22745
2026-08-11 09:44:00,67.5293,67.5986,67.4996,67.5788,28720
2026-08-11 09:45:00,67.5788,67.6085,67.5491,67.6084,44020
2026-08-11 09:46:00,67.6047,67.6047,67.5392,67.5392,23345
2026-08-11 09:47:00,67.5194,67.559,67.5095,67.5392,21113
2026-08-11 09:48:00,67.5392,67.5441,67.5194,67.5314,27817
2026-08-11 09:49:00,67.5293,67.5342,67.5045,67.5194,27807
2026-08-11 09:50:00,67.5195,67.5689,67.4897,67.4897,25403
2026-08-11 09:51:00,67.4946,67.5243,67.455,67.46,37963
2026-08-11 09:52:00,67.4689,67.5045,67.4689,67.4897,18183
2026-08-11 09:53:00,67.4897,67.5095,67.4798,67.4897,34951
2026-08-11 09:54:00,67.4897,67.5227,67.4897,67.5227,11310
2026-08-11 09:55:00,67.5243,67.5688,67.5045,67.554,44015
2026-08-11 09:56:00,67.554,67.6481,67.554,67.6181,50487
2026-08-11 09:57:00,67.6085,67.6481,67.6085,67.6431,23937
2026-08-11 09:58:00,67.6439,67.6877,67.6321,67.658,38115
2026-08-11 09:59:00,67.6629,67.6629,67.6283,67.6481,33878
2026-08-11 10:00:00,67.653,67.658,67.5936,67.6431,80730
2026-08-11 10:01:00,67.6431,67.6679,67.5887,67.5887,45947
2026-08-11 10:02:00,67.5986,67.6481,67.5986,67.6085,38045
2026-08-11 10:03:00,67.6095,67.6283,67.5689,67.6283,28815
2026-08-11 10:04:00,67.6283,67.6481,67.6085,67.6128,20491
2026-08-11 10:05:00,67.6184,67.653,67.6184,67.6283,29720
2026-08-11 10:06:00,67.6233,67.7223,67.6233,67.7223,39102
2026-08-11 10:07:00,67.7223,67.7223,67.6778,67.6778,38488
2026-08-11 10:08:00,67.6679,67.6778,67.6283,67.6629,20474
2026-08-11 10:09:00,67.658,67.6679,67.6308,67.658,21422
2026-08-11 10:10:00,67.6629,67.7768,67.6629,67.7669,40188
2026-08-11 10:11:00,67.7718,67.8015,67.7471,67.7817,17979
2026-08-11 10:12:00,67.7817,67.7867,67.7274,67.752,21037
2026-08-11 10:13:00,67.7471,67.7867,67.7471,67.7867,26383
2026-08-11 10:14:00,67.7831,67.8064,67.7471,67.7817,25372
2026-08-11 10:15:00,67.7817,67.7965,67.7768,67.7817,17456
2026-08-11 10:16:00,67.7817,67.8361,67.7768,67.8164,39506
2026-08-11 10:17:00,67.8262,67.8341,67.8064,67.8213,15874
2026-08-11 10:18:00,67.8213,67.8361,67.8161,67.8262,27032
2026-08-11 10:19:00,67.8262,67.8757,67.8213,67.8757,49537
2026-08-11 10:20:00,67.8757,67.9252,67.8559,67.9252,51126
2026-08-11 10:21:00,67.9153,67.9846,67.9005,67.9747,171415
2026-08-11 10:22:00,67.9747,67.9896,67.9252,67.9351,69081
2026-08-11 10:23:00,67.9351,67.945,67.8658,67.9153,122937
2026-08-11 10:24:00,67.9153,67.9945,67.9054,67.9945,74352
2026-08-11 10:25:00,67.9896,67.9945,67.9153,67.9401,66452
2026-08-11 10:26:00,67.945,67.9648,67.9401,67.9549,35073
2026-08-11 10:27:00,67.9648,67.9945,67.95,67.9945,21465
2026-08-11 10:28:00,67.9995,68.0242,67.9945,68.0044,54683
2026-08-11 10:29:00,68.0044,68.0044,67.9252,67.95,82848
2026-08-11 10:30:00,67.9549,67.9747,67.945,67.9599,36309
2026-08-11 10:31:00,67.9599,68.0341,67.9599,68.0044,43732
2026-08-11 10:32:00,67.9995,68.034,67.9797,68.0242,37595
2026-08-11 10:33:00,68.0341,68.0836,68.0341,68.0737,74229
2026-08-11 10:34:00,68.0737,68.0836,68.0638,68.0688,20327
2026-08-11 10:35:00,68.0737,68.0737,68.044,68.049,54741
2026-08-11 10:36:00,68.049,68.0935,68.044,68.0836,73187
2026-08-11 10:37:00,68.0787,68.0836,68.044,68.0787,45176
2026-08-11 10:38:00,68.0787,68.1331,68.0737,68.1232,33403
2026-08-11 10:39:00,68.1232,68.1232,68.1034,68.1183,22914
2026-08-11 10:40:00,68.1183,68.1529,68.0935,68.1529,46707
2026-08-11 10:41:00,68.1529,68.1727,68.148,68.148,46211
2026-08-11 10:42:00,68.1529,68.237,68.1529,68.2321,59527
2026-08-11 10:43:00,68.242,68.3162,68.242,68.3162,92372
2026-08-11 10:44:00,68.3212,68.3707,68.247,68.247,70871
2026-08-11 10:45:00,68.2519,68.2618,68.2271,68.237,21710
2026-08-11 10:46:00,68.2321,68.3186,68.2024,68.3186,52938
2026-08-11 10:47:00,68.3212,68.3905,68.3113,68.3855,40044
2026-08-11 10:48:00,68.3905,68.4202,68.3608,68.3706,59692
2026-08-11 10:49:00,68.3702,68.4103,68.3608,68.3707,46436
2026-08-11 10:50:00,68.3806,68.3806,68.341,68.3558,71433
2026-08-11 10:51:00,68.3509,68.3608,68.3113,68.3261,37679
2026-08-11 10:52:00,68.3261,68.3558,68.3212,68.3261,30034
2026-08-11 10:53:00,68.3278,68.3707,68.3113,68.3707,30963
2026-08-11 10:54:00,68.3708,68.3806,68.3114,68.3261,54913
2026-08-11 10:55:00,68.3212,68.3311,68.2915,68.2915,25547
2026-08-11 10:56:00,68.2865,68.3459,68.2816,68.3212,31512
2026-08-11 10:57:00,68.3311,68.3311,68.3014,68.3063,13473
2026-08-11 10:58:00,68.3063,68.3806,68.3014,68.3756,29702
2026-08-11 10:59:00,68.3806,68.3806,68.3509,68.3558,24514
2026-08-11 11:00:00,68.3608,68.3806,68.341,68.3756,24712
2026-08-11 11:01:00,68.3756,68.3806,68.3509,68.3558,28103
2026-08-11 11:02:00,68.3558,68.3707,68.3311,68.3657,20291
2026-08-11 11:03:00,68.3608,68.3806,68.3509,68.3707,19499
2026-08-11 11:04:00,68.3717,68.3717,68.3014,68.3051,19906
2026-08-11 11:05:00,68.3113,68.3855,68.3113,68.3806,25922
2026-08-11 11:06:00,68.3756,68.4053,68.3707,68.3855,29339
2026-08-11 11:07:00,68.3855,68.3905,68.3063,68.3063,42650
2026-08-11 11:08:00,68.3014,68.3111,68.2623,68.2817,33082
2026-08-11 11:09:00,68.2964,68.3261,68.2816,68.3014,14872
2026-08-11 11:10:00,68.2964,68.3014,68.242,68.242,19099
2026-08-11 11:11:00,68.237,68.2717,68.237,68.2597,19146
2026-08-11 11:12:00,68.2618,68.2618,68.237,68.2469,12089
2026-08-11 11:13:00,68.2469,68.2865,68.2321,68.2865,35523
2026-08-11 11:14:00,68.2915,68.3212,68.2816,68.2915,39215
2026-08-11 11:15:00,68.2915,68.3063,68.2618,68.3014,40788
2026-08-11 11:16:00,68.3113,68.3212,68.2916,68.2916,19391
2026-08-11 11:17:00,68.2965,68.3014,68.2766,68.2915,22064
2026-08-11 11:18:00,68.2915,68.336,68.2915,68.3114,22837
2026-08-11 11:19:00,68.3162,68.3261,68.2915,68.3014,39368
2026-08-11 11:20:00,68.3063,68.3509,68.3014,68.3409,18683
2026-08-11 11:21:00,68.341,68.341,68.3014,68.3063,11282
2026-08-11 11:22:00,68.3014,68.3063,68.2321,68.242,82718
2026-08-11 11:23:00,68.237,68.2618,68.1826,68.1925,69170
2026-08-11 11:24:00,68.1826,68.2123,68.0341,68.0341,125944
2026-08-11 11:25:00,68.0341,68.049,68.0044,68.0242,36703
2026-08-11 11:26:00,68.0341,68.1084,68.0242,68.1084,49706
2026-08-11 11:27:00,68.1084,68.1529,68.0935,68.1133,48781
2026-08-11 11:28:00,68.1133,68.1579,68.1133,68.1381,31679
2026-08-11 11:29:00,68.143,68.1529,68.0935,68.1005,18920
2026-08-11 11:30:00,68.0935,68.1282,68.0638,68.1282,24917
2026-08-11 11:31:00,68.1331,68.2568,68.1331,68.2519,41963
2026-08-11 11:32:00,68.2469,68.2519,68.2024,68.2123,62232
2026-08-11 11:33:00,68.2024,68.2172,68.1826,68.2073,100374
2026-08-11 11:34:00,68.2073,68.2618,68.2024,68.2568,21962
2026-08-11 11:35:00,68.2568,68.2915,68.2123,68.2321,26728
2026-08-11 11:36:00,68.2271,68.2321,68.1925,68.2123,36927
2026-08-11 11:37:00,68.2222,68.2222,68.2024,68.2024,18959
2026-08-11 11:38:00,68.2073,68.242,68.1925,68.237,18375
2026-08-11 11:39:00,68.242,68.2717,68.2271,68.2271,13017
2026-08-11 11:40:00,68.2321,68.242,68.1925,68.2222,22216
2026-08-11 11:41:00,68.2222,68.2271,68.1974,68.2024,15936
2026-08-11 11:42:00,68.2073,68.2123,68.1925,68.1974,17131
2026-08-11 11:43:00,68.1925,68.2123,68.1777,68.1777,23163
2026-08-11 11:44:00,68.1781,68.1875,68.1727,68.1875,9904
2026-08-11 11:45:00,68.1925,68.2123,68.1727,68.1796,15862
2026-08-11 11:46:00,68.1777,68.2172,68.1777,68.2123,18462
2026-08-11 11:47:00,68.2172,68.2271,68.2024,68.2123,22694
2026-08-11 11:48:00,68.2073,68.2222,68.1925,68.2073,18120
2026-08-11 11:49:00,68.2024,68.2222,68.2024,68.2172,12436
2026-08-11 11:50:00,68.2172,68.2519,68.1974,68.2519,27762
2026-08-11 11:51:00,68.2519,68.3014,68.2519,68.3014,29246
2026-08-11 11:52:00,68.3014,68.3113,68.2915,68.3113,25912
2026-08-11 11:53:00,68.3113,68.341,68.3014,68.3311,23043
2026-08-11 11:54:00,68.3311,68.3459,68.3261,68.3409,18947
2026-08-11 11:55:00,68.336,68.3608,68.336,68.3558,18070
2026-08-11 11:56:00,68.3509,68.3707,68.3509,68.3657,10037
2026-08-11 11:57:00,68.3707,68.4004,68.3657,68.4004,11981
2026-08-11 11:58:00,68.4004,68.4103,68.3756,68.4039,25194
2026-08-11 11:59:00,68.4049,68.4301,68.4004,68.4251,33373
2026-08-11 12:00:00,68.4251,68.4697,68.4251,68.4647,50198
2026-08-11 12:01:00,68.4697,68.4895,68.4449,68.4746,36883
2026-08-11 12:02:00,68.4796,68.4994,68.4598,68.4994,38321
2026-08-11 12:03:00,68.4994,68.5093,68.4499,68.4499,29358
2026-08-11 12:04:00,68.4548,68.4697,68.4301,68.4548,22597
2026-08-11 12:05:00,68.4548,68.5093,68.4548,68.4697,31417
2026-08-11 12:06:00,68.4647,68.4647,68.4116,68.4202,21878
2026-08-11 12:07:00,68.4103,68.4152,68.3855,68.4103,23333
2026-08-11 12:08:00,68.4103,68.4301,68.3954,68.4004,24539
2026-08-11 12:09:00,68.3954,68.4251,68.3954,68.4152,19182
2026-08-11 12:10:00,68.4202,68.4697,68.4103,68.44,52994
2026-08-11 12:11:00,68.44,68.4548,68.435,68.4499,18205
2026-08-11 12:12:00,68.4496,68.4796,68.4202,68.4746,21070
2026-08-11 12:13:00,68.4796,68.4994,68.4598,68.4944,23250
2026-08-11 12:14:00,68.4994,68.5241,68.4746,68.4895,36917
2026-08-11 12:15:00,68.4994,68.5093,68.4796,68.4994,23764
2026-08-11 12:16:00,68.4994,68.5093,68.4314,68.435,27492
2026-08-11 12:17:00,68.44,68.44,68.4213,68.4301,15964
2026-08-11 12:18:00,68.4301,68.4301,68.4004,68.4201,26491
2026-08-11 12:19:00,68.4202,68.4202,68.3806,68.3855,26644
2026-08-11 12:20:00,68.3905,68.3905,68.3657,68.3657,11150
2026-08-11 12:21:00,68.3657,68.4004,68.3609,68.3905,33545
2026-08-11 12:22:00,68.3954,68.4598,68.3954,68.435,99937
2026-08-11 12:23:00,68.435,68.435,68.4004,68.4053,13481
2026-08-11 12:24:00,68.4053,68.44,68.4053,68.44,10963
2026-08-11 12:25:00,68.435,68.44,68.4202,68.4399,13198
2026-08-11 12:26:00,68.4341,68.4598,68.4301,68.4499,26595
2026-08-11 12:27:00,68.4448,68.4548,68.4301,68.435,41883
2026-08-11 12:28:00,68.435,68.4396,68.3905,68.3954,21417
2026-08-11 12:29:00,68.3954,68.3954,68.341,68.3509,24435
2026-08-11 12:30:00,68.341,68.3608,68.3212,68.3509,21252
2026-08-11 12:31:00,68.3509,68.3806,68.3261,68.341,49357
2026-08-11 12:32:00,68.341,68.3508,68.3261,68.336,9077
2026-08-11 12:33:00,68.3345,68.3558,68.3345,68.341,10187
2026-08-11 12:34:00,68.336,68.341,68.2816,68.2816,42683
2026-08-11 12:35:00,68.2816,68.2915,68.2618,68.2915,15547
2026-08-11 12:36:00,68.3014,68.3212,68.2915,68.2964,715641
2026-08-11 12:37:00,68.2964,68.3283,68.237,68.237,43682
2026-08-11 12:38:00,68.2321,68.2469,68.2172,68.2271,30480
2026-08-11 12:39:00,68.2321,68.2667,68.2222,68.2619,33273
2026-08-11 12:40:00,68.2717,68.2816,68.2619,68.2717,12233
2026-08-11 12:41:00,68.2766,68.3212,68.2717,68.3014,30434
2026-08-11 12:42:00,68.3063,68.3113,68.2618,68.2618,21475
2026-08-11 12:43:00,68.2667,68.3014,68.2667,68.3014,7581
2026-08-11 12:44:00,68.3014,68.3212,68.2816,68.2964,15418
2026-08-11 12:45:00,68.2915,68.341,68.2915,68.3311,21078
2026-08-11 12:46:00,68.3261,68.341,68.3212,68.341,15217
2026-08-11 12:47:00,68.341,68.3608,68.3311,68.3558,7600
2026-08-11 12:48:00,68.3608,68.3608,68.341,68.3459,13262
2026-08-11 12:49:00,68.3459,68.3509,68.3261,68.3355,13765
2026-08-11 12:50:00,68.336,68.341,68.3162,68.336,15887
2026-08-11 12:51:00,68.341,68.3608,68.336,68.3608,10930
2026-08-11 12:52:00,68.3608,68.4103,68.3608,68.4053,47012
2026-08-11 12:53:00,68.4004,68.4202,68.3905,68.4202,41816
2026-08-11 12:54:00,68.4202,68.44,68.4177,68.44,15498
2026-08-11 12:55:00,68.435,68.44,68.4301,68.4301,5669
2026-08-11 12:56:00,68.44,68.44,68.3707,68.3877,51359
2026-08-11 12:57:00,68.3806,68.3806,68.3212,68.3261,20376
2026-08-11 12:58:00,68.3261,68.3509,68.3113,68.3509,21422
2026-08-11 12:59:00,68.3509,68.3608,68.3113,68.3261,29678
2026-08-11 13:00:00,68.3212,68.3261,68.2717,68.2915,36184
2026-08-11 13:01:00,68.2915,68.3014,68.2717,68.2914,27788
2026-08-11 13:02:00,68.2915,68.2915,68.2682,68.2682,11058
2026-08-11 13:03:00,68.2618,68.2816,68.2618,68.2816,11354
2026-08-11 13:04:00,68.2816,68.3162,68.2816,68.3113,8474
2026-08-11 13:05:00,68.3113,68.3212,68.3014,68.3113,18885
2026-08-11 13:06:00,68.3113,68.341,68.3111,68.336,13753
2026-08-11 13:07:00,68.336,68.3459,68.3212,68.3311,23655
2026-08-11 13:08:00,68.3311,68.341,68.3212,68.341,15850
2026-08-11 13:09:00,68.341,68.341,68.3261,68.341,10687
2026-08-11 13:10:00,68.336,68.341,68.3261,68.336,8635
2026-08-11 13:11:00,68.338,68.3707,68.338,68.3558,17236
2026-08-11 13:12:00,68.3509,68.3509,68.341,68.3459,13111
2026-08-11 13:13:00,68.341,68.3459,68.3014,68.3063,13801
2026-08-11 13:14:00,68.3063,68.3113,68.2915,68.3063,13667
2026-08-11 13:15:00,68.3063,68.3212,68.3063,68.3114,8087
2026-08-11 13:16:00,68.3162,68.341,68.3162,68.3287,17524
2026-08-11 13:17:00,68.3311,68.341,68.3212,68.3261,23115
2026-08-11 13:18:00,68.3261,68.3311,68.3014,68.3162,24057
2026-08-11 13:19:00,68.3162,68.3311,68.3162,68.3162,11556
2026-08-11 13:20:00,68.3182,68.3212,68.2816,68.2865,28805
2026-08-11 13:21:00,68.2861,68.341,68.2816,68.341,60113
2026-08-11 13:22:00,68.341,68.3707,68.336,68.3706,21527
2026-08-11 13:23:00,68.3657,68.3707,68.3063,68.3113,29497
2026-08-11 13:24:00,68.3113,68.3376,68.3113,68.3376,6965
2026-08-11 13:25:00,68.3311,68.336,68.2678,68.2717,16540
2026-08-11 13:26:00,68.2717,68.2816,68.2618,68.2816,21347
2026-08-11 13:27:00,68.2915,68.341,68.2915,68.341,8121
2026-08-11 13:28:00,68.336,68.3707,68.3162,68.3558,19902
2026-08-11 13:29:00,68.3608,68.3806,68.3509,68.3509,14077
2026-08-11 13:30:00,68.3509,68.3657,68.3509,68.3657,8298
2026-08-11 13:31:00,68.3707,68.3905,68.3707,68.3905,16789
2026-08-11 13:32:00,68.3905,68.4301,68.3905,68.4251,9686
2026-08-11 13:33:00,68.4301,68.4301,68.4053,68.4251,22272
2026-08-11 13:34:00,68.4202,68.4647,68.4103,68.4647,27187
2026-08-11 13:35:00,68.4548,68.4697,68.44,68.44,17435
2026-08-11 13:36:00,68.4499,68.4697,68.4301,68.4697,11615
2026-08-11 13:37:00,68.4647,68.4746,68.4499,68.4598,18542
2026-08-11 13:38:00,68.4548,68.4548,68.4202,68.4202,20184
2026-08-11 13:39:00,68.4251,68.435,68.4103,68.4103,10957
2026-08-11 13:40:00,68.4152,68.4152,68.3806,68.4082,31946
2026-08-11 13:41:00,68.4103,68.4598,68.4055,68.4598,55718
2026-08-11 13:42:00,68.4598,68.4598,68.4251,68.4499,43046
2026-08-11 13:43:00,68.4499,68.4746,68.44,68.4598,22829
2026-08-11 13:44:00,68.4598,68.4647,68.44,68.4499,20664
2026-08-11 13:45:00,68.4499,68.4598,68.4202,68.435,30274
2026-08-11 13:46:00,68.44,68.4499,68.4202,68.4251,15980
2026-08-11 13:47:00,68.4202,68.4251,68.3954,68.3954,24728
2026-08-11 13:48:00,68.395,68.4004,68.3558,68.3806,26881
2026-08-11 13:49:00,68.3806,68.3905,68.3212,68.3212,14740
2026-08-11 13:50:00,68.3212,68.3311,68.3014,68.3014,29172
2026-08-11 13:51:00,68.3113,68.3212,68.3014,68.3162,41755
2026-08-11 13:52:00,68.3113,68.3608,68.3014,68.3212,71071
2026-08-11 13:53:00,68.3212,68.3261,68.3014,68.3261,18889
2026-08-11 13:54:00,68.3213,68.3311,68.3113,68.3162,11707
2026-08-11 13:55:00,68.3162,68.3311,68.3113,68.3113,31375
2026-08-11 13:56:00,68.3208,68.3311,68.3113,68.3311,8676
2026-08-11 13:57:00,68.3212,68.3459,68.3162,68.3459,30630
2026-08-11 13:58:00,68.3509,68.3608,68.341,68.3459,20205
2026-08-11 13:59:00,68.3459,68.3608,68.341,68.341,22255
2026-08-11 14:00:00,68.3312,68.3608,68.3312,68.3459,11979
2026-08-11 14:01:00,68.3459,68.4004,68.341,68.3707,58761
2026-08-11 14:02:00,68.3707,68.3855,68.3707,68.3855,18208
2026-08-11 14:03:00,68.3872,68.4053,68.3806,68.3806,21258
2026-08-11 14:04:00,68.3756,68.3806,68.3657,68.3657,17792
2026-08-11 14:05:00,68.3608,68.3657,68.3509,68.3558,16683
2026-08-11 14:06:00,68.3558,68.3608,68.3366,68.3366,27611
2026-08-11 14:07:00,68.3459,68.3459,68.3212,68.341,11557
2026-08-11 14:08:00,68.3459,68.3608,68.3311,68.351,18844
2026-08-11 14:09:00,68.3558,68.3608,68.341,68.3558,7425
2026-08-11 14:10:00,68.3608,68.4053,68.3608,68.3954,15496
2026-08-11 14:11:00,68.3905,68.4004,68.3756,68.3905,13913
2026-08-11 14:12:00,68.4004,68.4301,68.4004,68.4251,22388
2026-08-11 14:13:00,68.4298,68.43,68.3905,68.4103,27336
2026-08-11 14:14:00,68.4202,68.4301,68.4202,68.4301,9156
2026-08-11 14:15:00,68.435,68.4449,68.4251,68.4251,17423
2026-08-11 14:16:00,68.4251,68.44,68.4202,68.44,15619
2026-08-11 14:17:00,68.44,68.4796,68.4301,68.476,14771
2026-08-11 14:18:00,68.4796,68.4944,68.4697,68.4859,25221
2026-08-11 14:19:00,68.4845,68.4895,68.4499,68.4746,48840
2026-08-11 14:20:00,68.4746,68.4895,68.4746,68.4845,21932
2026-08-11 14:21:00,68.485,68.4944,68.4697,68.4746,20929
2026-08-11 14:22:00,68.4746,68.4994,68.4697,68.4944,31288
2026-08-11 14:23:00,68.4944,68.4944,68.4746,68.4845,21948
2026-08-11 14:24:00,68.4845,68.4845,68.4251,68.4298,33119
2026-08-11 14:25:00,68.4251,68.435,68.4202,68.4251,26553
2026-08-11 14:26:00,68.4301,68.4449,68.3806,68.3855,32762
2026-08-11 14:27:00,68.3806,68.4251,68.3806,68.3905,49017
2026-08-11 14:28:00,68.3855,68.4251,68.3855,68.4068,20344
2026-08-11 14:29:00,68.4053,68.4053,68.3608,68.3608,15386
2026-08-11 14:30:00,68.3608,68.3608,68.3113,68.3212,53556
2026-08-11 14:31:00,68.3113,68.3212,68.2915,68.3113,62246
2026-08-11 14:32:00,68.3113,68.3261,68.3014,68.3014,42512
2026-08-11 14:33:00,68.3113,68.3113,68.2915,68.3065,17038
2026-08-11 14:34:00,68.3063,68.3261,68.2915,68.2915,17977
2026-08-11 14:35:00,68.2964,68.2964,68.2618,68.2816,28558
2026-08-11 14:36:00,68.2717,68.2865,68.2717,68.286,16482
2026-08-11 14:37:00,68.2915,68.2915,68.2519,68.2717,27837
2026-08-11 14:38:00,68.2717,68.3014,68.2667,68.2718,66834
2026-08-11 14:39:00,68.2766,68.3063,68.2717,68.2915,20449
2026-08-11 14:40:00,68.2914,68.2914,68.2618,68.2766,30410
2026-08-11 14:41:00,68.2816,68.2964,68.2766,68.2865,12393
2026-08-11 14:42:00,68.2816,68.2865,68.2667,68.2766,29577
2026-08-11 14:43:00,68.2766,68.2816,68.242,68.2618,28004
2026-08-11 14:44:00,68.2579,68.2766,68.242,68.2568,99139
2026-08-11 14:45:00,68.2618,68.2618,68.2123,68.2172,9338
2026-08-11 14:46:00,68.2123,68.2172,68.1529,68.1529,25084
2026-08-11 14:47:00,68.1529,68.1974,68.1529,68.1974,26233
2026-08-11 14:48:00,68.1925,68.1974,68.1331,68.1331,15124
2026-08-11 14:49:00,68.143,68.1884,68.143,68.1884,18179
2026-08-11 14:50:00,68.1925,68.1974,68.1529,68.1974,16230
2026-08-11 14:51:00,68.1974,68.2321,68.1974,68.2073,15134
2026-08-11 14:52:00,68.2073,68.2222,68.2024,68.2123,15289
2026-08-11 14:53:00,68.2222,68.232,68.2071,68.2073,15741
2026-08-11 14:54:00,68.2024,68.2222,68.2024,68.2172,7371
2026-08-11 14:55:00,68.2222,68.2222,68.2024,68.2073,12384
2026-08-11 14:56:00,68.2123,68.2123,68.1875,68.1925,17421
2026-08-11 14:57:00,68.1925,68.2222,68.1925,68.2026,20787
2026-08-11 14:58:00,68.2024,68.2073,68.1925,68.1974,18107
2026-08-11 14:59:00,68.2024,68.2073,68.1826,68.1826,12813
2026-08-11 15:00:00,68.1826,68.2024,68.1678,68.1678,29183
2026-08-11 15:01:00,68.1678,68.1826,68.1628,68.1826,13945
2026-08-11 15:02:00,68.1826,68.2271,68.1777,68.2271,23290
2026-08-11 15:03:00,68.2321,68.2321,68.2169,68.2222,12342
2026-08-11 15:04:00,68.2172,68.242,68.2172,68.2321,21206
2026-08-11 15:05:00,68.2271,68.2321,68.1925,68.2024,17376
2026-08-11 15:06:00,68.1974,68.1974,68.1727,68.1727,18334
2026-08-11 15:07:00,68.1826,68.1925,68.1529,68.1529,19313
2026-08-11 15:08:00,68.1585,68.1628,68.1133,68.1133,39334
2026-08-11 15:09:00,68.1183,68.1331,68.1034,68.1259,21705
2026-08-11 15:10:00,68.1232,68.1282,68.1034,68.1183,43364
2026-08-11 15:11:00,68.1183,68.1628,68.1183,68.1579,15052
2026-08-11 15:12:00,68.1628,68.1628,68.1232,68.1232,20780
2026-08-11 15:13:00,68.1282,68.1295,68.0836,68.1133,46611
2026-08-11 15:14:00,68.1133,68.1331,68.1133,68.1282,10813
2026-08-11 15:15:00,68.1282,68.1331,68.0836,68.0985,35346
2026-08-11 15:16:00,68.0985,68.1678,68.0985,68.1579,84248
2026-08-11 15:17:00,68.1628,68.2024,68.1579,68.2024,14111
2026-08-11 15:18:00,68.2024,68.2024,68.1678,68.1826,49799
2026-08-11 15:19:00,68.1826,68.1925,68.143,68.148,19788
2026-08-11 15:20:00,68.1529,68.1925,68.1282,68.1282,27361
2026-08-11 15:21:00,68.1282,68.1727,68.1232,68.1529,23940
2026-08-11 15:22:00,68.1529,68.2073,68.1529,68.2073,15053
2026-08-11 15:23:00,68.2073,68.2172,68.1826,68.1875,32253
2026-08-11 15:24:00,68.1826,68.1974,68.1727,68.1777,24289
2026-08-11 15:25:00,68.1777,68.1925,68.1678,68.1678,22982
2026-08-11 15:26:00,68.1678,68.1826,68.1529,68.1777,25137
2026-08-11 15:27:00,68.1826,68.1826,68.143,68.1727,24447
2026-08-11 15:28:00,68.1777,68.2024,68.1727,68.1777,20963
2026-08-11 15:29:00,68.1777,68.1826,68.1628,68.1826,47108
2026-08-11 15:30:00,68.1777,68.2024,68.1777,68.1974,40753
2026-08-11 15:31:00,68.1974,68.2123,68.1728,68.2073,33441
2026-08-11 15:32:00,68.212,68.2222,68.2024,68.2222,29940
2026-08-11 15:33:00,68.2123,68.2172,68.1678,68.1678,65792
2026-08-11 15:34:00,68.1727,68.1727,68.1331,68.1381,23508
2026-08-11 15:35:00,68.1331,68.1381,68.0341,68.0439,70360
2026-08-11 15:36:00,68.0391,68.0539,67.9945,67.9995,74417
2026-08-11 15:37:00,68.0044,68.0143,67.9401,67.9549,74748
2026-08-11 15:38:00,67.9549,67.9698,67.9451,67.95,69763
2026-08-11 15:39:00,67.95,68.0143,67.95,67.9896,45843
2026-08-11 15:40:00,67.9896,67.9945,67.945,67.9846,83525
2026-08-11 15:41:00,67.9896,68.0094,67.9648,67.9698,40691
2026-08-11 15:42:00,67.9698,67.9698,67.95,67.9549,48803
2026-08-11 15:43:00,67.9599,67.9995,67.9549,67.9896,57231
2026-08-11 15:44:00,67.9896,67.9945,67.9549,67.9599,104385
2026-08-11 15:45:00,67.9648,67.9797,67.9351,67.945,52948
2026-08-11 15:46:00,67.945,67.9698,67.9005,67.9005,65355
2026-08-11 15:47:00,67.9054,67.95,67.8856,67.9351,39821
2026-08-11 15:48:00,67.945,67.945,67.8955,67.9104,47942
2026-08-11 15:49:00,67.9054,67.9351,67.8757,67.9277,54414
2026-08-11 15:50:00,67.9277,68.0193,67.9203,67.9995,89221
2026-08-11 15:51:00,67.9995,68.0044,67.9153,67.9599,82146
2026-08-11 15:52:00,67.9599,67.9747,67.95,67.9648,51273
2026-08-11 15:53:00,67.9648,67.9846,67.9401,67.9599,90935
2026-08-11 15:54:00,67.9549,67.9747,67.945,67.9698,81049
2026-08-11 15:55:00,67.9648,68.0044,67.955,67.9706,130743
2026-08-11 15:56:00,67.9698,68.044,67.9698,68.0391,121499
2026-08-11 15:57:00,68.0391,68.044,68.0242,68.044,116317
2026-08-11 15:58:00,68.044,68.0638,68.0044,68.0143,234182
2026-08-11 15:59:00,68.0242,68.0638,68.0044,68.044,495948
2026-08-12 09:30:00,67.7372,67.9153,67.7055,67.7669,386398
2026-08-12 09:31:00,67.757,67.757,67.658,67.7273,46992
2026-08-12 09:32:00,67.7223,67.7965,67.6679,67.7867,85619
2026-08-12 09:33:00,67.7805,67.8163,67.7075,67.7471,101897
2026-08-12 09:34:00,67.7273,67.7372,67.6283,67.6827,91832
2026-08-12 09:35:00,67.6877,67.757,67.6382,67.7471,116938
2026-08-12 09:36:00,67.7471,67.7867,67.6283,67.6283,84143
2026-08-12 09:37:00,67.6332,67.6629,67.6085,67.6629,56589
2026-08-12 09:38:00,67.6629,67.6877,67.5689,67.6085,73925
2026-08-12 09:39:00,67.6085,67.6085,67.5095,67.5887,130295
2026-08-12 09:40:00,67.5986,67.6481,67.5788,67.6431,47876
2026-08-12 09:41:00,67.6431,67.6679,67.6085,67.6431,33886
2026-08-12 09:42:00,67.6382,67.6481,67.5194,67.5243,40984
2026-08-12 09:43:00,67.5194,67.5194,67.4204,67.4352,35808
2026-08-12 09:44:00,67.4352,67.4352,67.3412,67.3858,66107
2026-08-12 09:45:00,67.3808,67.3808,67.2521,67.2571,118755
2026-08-12 09:46:00,67.262,67.2818,67.1234,67.1234,77515
2026-08-12 09:47:00,67.1234,67.2422,67.1135,67.1828,60872
2026-08-12 09:48:00,67.1828,67.2818,67.1828,67.2571,65197
2026-08-12 09:49:00,67.2521,67.2897,67.163,67.1828,42842
2026-08-12 09:50:00,67.1828,67.2026,67.1234,67.1799,43961
2026-08-12 09:51:00,67.1729,67.2323,67.1729,67.2026,40927
2026-08-12 09:52:00,67.1977,67.1977,67.1333,67.1383,41343
2026-08-12 09:53:00,67.1432,67.1432,67.0739,67.1086,67284
2026-08-12 09:54:00,67.1234,67.1333,67.1036,67.1036,34227
2026-08-12 09:55:00,67.1036,67.1134,66.9255,67.0343,127823
2026-08-12 09:56:00,67.0442,67.0937,67.0195,67.0244,56234
2026-08-12 09:57:00,67.0244,67.0343,66.9156,66.9354,123413
2026-08-12 09:58:00,66.9304,66.9354,66.8859,66.9255,57185
2026-08-12 09:59:00,66.9255,66.9651,66.9156,66.9502,62588
2026-08-12 10:00:00,66.9453,67.0442,66.9354,67.0145,51467
2026-08-12 10:01:00,67.0096,67.0492,66.975,66.9997,68491
2026-08-12 10:02:00,67.0096,67.0096,66.8661,66.8859,54282
2026-08-12 10:03:00,66.8954,66.9205,66.876,66.9158,28582
2026-08-12 10:04:00,66.9205,66.9453,66.8859,66.9106,77006
2026-08-12 10:05:00,66.9156,66.9156,66.8562,66.8562,54039
2026-08-12 10:06:00,66.8463,66.8512,66.7374,66.7374,82937
2026-08-12 10:07:00,66.7423,66.7473,66.678,66.6978,67068
2026-08-12 10:08:00,66.6978,66.7473,66.6582,66.7027,60561
2026-08-12 10:09:00,66.7077,66.7324,66.678,66.7324,37571
2026-08-12 10:10:00,66.7324,66.7374,66.6285,66.6582,53020
2026-08-12 10:11:00,66.6639,66.6764,66.5691,66.6186,60304
2026-08-12 10:12:00,66.6235,66.7225,66.6186,66.7225,36693
2026-08-12 10:13:00,66.7225,66.7473,66.6681,66.732,50619
2026-08-12 10:14:00,66.7275,66.7435,66.668,66.668,44133
2026-08-12 10:15:00,66.6631,66.7077,66.6483,66.6631,37828
2026-08-12 10:16:00,66.6582,66.6879,66.6384,66.6582,39400
2026-08-12 10:17:00,66.6582,66.6681,66.6087,66.6136,30135
2026-08-12 10:18:00,66.6147,66.6186,66.5691,66.5988,45680
2026-08-12 10:19:00,66.6087,66.6087,66.5394,66.6037,65724
2026-08-12 10:20:00,66.6087,66.6334,66.5889,66.6186,43923
2026-08-12 10:21:00,66.6136,66.6186,66.5691,66.584,23622
2026-08-12 10:22:00,66.579,66.6453,66.579,66.6334,55113
2026-08-12 10:23:00,66.6334,66.6384,66.5889,66.5939,24346
2026-08-12 10:24:00,66.5988,66.6384,66.5988,66.6384,31331
2026-08-12 10:25:00,66.6384,66.6541,66.6087,66.6136,28350
2026-08-12 10:26:00,66.609,66.6235,66.5741,66.6235,26923
2026-08-12 10:27:00,66.6235,66.6532,66.6087,66.6483,16171
2026-08-12 10:28:00,66.6433,66.6483,66.6186,66.6483,23263
2026-08-12 10:29:00,66.6433,66.6483,66.5957,66.6087,36766
2026-08-12 10:30:00,66.6037,66.6037,66.5741,66.5741,23897
2026-08-12 10:31:00,66.5741,66.579,66.5395,66.5493,56507
2026-08-12 10:32:00,66.5444,66.5493,66.4998,66.5196,78033
2026-08-12 10:33:00,66.5246,66.5246,66.4701,66.4899,60122
2026-08-12 10:34:00,66.4899,66.5097,66.4602,66.4949,67228
2026-08-12 10:35:00,66.4899,66.5493,66.485,66.5196,47566
2026-08-12 10:36:00,66.5246,66.5987,66.5147,66.5987,136747
2026-08-12 10:37:00,66.5988,66.6483,66.5592,66.5592,63244
2026-08-12 10:38:00,66.5691,66.5988,66.5493,66.5592,53754
2026-08-12 10:39:00,66.569,66.6483,66.5642,66.6186,25826
2026-08-12 10:40:00,66.6136,66.678,66.6136,66.6631,130982
2026-08-12 10:41:00,66.6582,66.6585,66.5147,66.5988,94898
2026-08-12 10:42:00,66.6037,66.6582,66.6037,66.6582,29253
2026-08-12 10:43:00,66.6582,66.6681,66.5691,66.5889,35081
2026-08-12 10:44:00,66.584,66.5939,66.5622,66.5689,25205
2026-08-12 10:45:00,66.5642,66.6285,66.5592,66.6136,25692
2026-08-12 10:46:00,66.6136,66.7077,66.6136,66.6879,47813
2026-08-12 10:47:00,66.6928,66.7176,66.6879,66.7078,55351
2026-08-12 10:48:00,66.7126,66.7522,66.7126,66.7374,44193
2026-08-12 10:49:00,66.7374,66.7819,66.7176,66.756,75848
2026-08-12 10:50:00,66.7572,66.8116,66.7572,66.8057,58952
2026-08-12 10:51:00,66.7968,66.8364,66.7968,66.8116,56395
2026-08-12 10:52:00,66.8116,66.8116,66.7671,66.7869,63006
2026-08-12 10:53:00,66.7869,66.8116,66.772,66.8116,27766
2026-08-12 10:54:00,66.8067,66.8116,66.7968,66.8023,45107
2026-08-12 10:55:00,66.8023,66.8166,66.7671,66.772,74781
2026-08-12 10:56:00,66.772,66.772,66.7077,66.7137,48832
2026-08-12 10:57:00,66.7126,66.7127,66.6582,66.6582,31480
2026-08-12 10:58:00,66.6681,66.7077,66.6681,66.6829,40601
2026-08-12 10:59:00,66.6811,66.7077,66.678,66.7019,73150
2026-08-12 11:00:00,66.7027,66.7374,66.7027,66.7374,69146
2026-08-12 11:01:00,66.7324,66.7374,66.7077,66.7126,19916
2026-08-12 11:02:00,66.7113,66.7176,66.6978,66.6978,25491
2026-08-12 11:03:00,66.7027,66.7633,66.6879,66.7633,25408
2026-08-12 11:04:00,66.7621,66.8017,66.7621,66.7997,29124
2026-08-12 11:05:00,66.7968,66.8413,66.7869,66.8413,39390
2026-08-12 11:06:00,66.8463,66.8512,66.8067,66.8067,29974
2026-08-12 11:07:00,66.8116,66.8314,66.7918,66.8265,17148
2026-08-12 11:08:00,66.8314,66.8463,66.8265,66.8413,12172
2026-08-12 11:09:00,66.8365,66.8451,66.7869,66.7968,29021
2026-08-12 11:10:00,66.7918,66.7918,66.7473,66.772,53080
2026-08-12 11:11:00,66.772,66.8562,66.772,66.8536,33835
2026-08-12 11:12:00,66.8512,66.8661,66.8417,66.8611,26268
2026-08-12 11:13:00,66.8611,66.8958,66.8562,66.8857,22429
2026-08-12 11:14:00,66.8859,66.8859,66.8166,66.8265,28400
2026-08-12 11:15:00,66.8265,66.8265,66.777,66.777,13940
2026-08-12 11:16:00,66.7813,66.7813,66.7077,66.7374,40260
2026-08-12 11:17:00,66.7324,66.7819,66.7177,66.772,52933
2026-08-12 11:18:00,66.772,66.7844,66.7671,66.772,19877
2026-08-12 11:19:00,66.772,66.8463,66.772,66.8413,19993
2026-08-12 11:20:00,66.8413,66.8661,66.8265,66.8611,26427
2026-08-12 11:21:00,66.8661,66.8958,66.8611,66.8908,27832
2026-08-12 11:22:00,66.8908,66.8908,66.8314,66.8809,49057
2026-08-12 11:23:00,66.8809,66.9156,66.8809,66.9057,13051
2026-08-12 11:24:00,66.9156,66.9849,66.9106,66.975,51309
2026-08-12 11:25:00,66.9799,66.9799,66.8958,66.9106,83709
2026-08-12 11:26:00,66.9095,66.9156,66.8859,66.8859,28655
2026-08-12 11:27:00,66.8859,66.8908,66.8463,66.8611,28268
2026-08-12 11:28:00,66.8615,66.9056,66.8611,66.8859,33362
2026-08-12 11:29:00,66.876,66.8809,66.8364,66.8413,21992
2026-08-12 11:30:00,66.8463,66.8957,66.8463,66.8809,26437
2026-08-12 11:31:00,66.8859,66.9255,66.876,66.8809,31071
2026-08-12 11:32:00,66.8796,66.9205,66.8796,66.8958,14312
2026-08-12 11:33:00,66.8908,66.8958,66.8796,66.8809,17852
2026-08-12 11:34:00,66.8809,66.9205,66.8809,66.9205,16126
2026-08-12 11:35:00,66.9205,66.9205,66.8809,66.8958,34223
2026-08-12 11:36:00,66.8908,66.8908,66.8265,66.8512,57268
2026-08-12 11:37:00,66.8413,66.871,66.8364,66.8611,24130
2026-08-12 11:38:00,66.8614,66.8908,66.8611,66.8908,25647
2026-08-12 11:39:00,66.8958,66.9255,66.8859,66.9057,53963
2026-08-12 11:40:00,66.9057,66.9156,66.876,66.8809,37844
2026-08-12 11:41:00,66.8809,66.8958,66.8364,66.8463,23131
2026-08-12 11:42:00,66.8512,66.8759,66.8265,66.8759,22441
2026-08-12 11:43:00,66.876,66.8859,66.8611,66.8661,16522
2026-08-12 11:44:00,66.8611,66.9304,66.8562,66.917,29733
2026-08-12 11:45:00,66.9205,66.9453,66.876,66.8809,37516
2026-08-12 11:46:00,66.8859,66.8908,66.8413,66.8562,26202
2026-08-12 11:47:00,66.8512,66.8858,66.8463,66.871,15378
2026-08-12 11:48:00,66.871,66.876,66.8661,66.871,11880
2026-08-12 11:49:00,66.8661,66.871,66.8463,66.8463,21925
2026-08-12 11:50:00,66.8512,66.871,66.8463,66.871,33042
2026-08-12 11:51:00,66.871,66.876,66.8562,66.8562,12476
2026-08-12 11:52:00,66.866,66.8661,66.8463,66.8463,21370
2026-08-12 11:53:00,66.8562,66.9205,66.8463,66.8859,43972
2026-08-12 11:54:00,66.8809,66.9057,66.876,66.9007,16213
2026-08-12 11:55:00,66.8958,66.9007,66.8611,66.8611,22955
2026-08-12 11:56:00,66.8611,66.876,66.8562,66.8661,26385
2026-08-12 11:57:00,66.8562,66.8658,66.8463,66.8522,13170
2026-08-12 11:58:00,66.8512,66.9007,66.8463,66.8859,47394
2026-08-12 11:59:00,66.8859,66.8958,66.8859,66.8958,8324
2026-08-12 12:00:00,66.8908,66.9007,66.8859,66.9007,19539
2026-08-12 12:01:00,66.9037,66.9601,66.9037,66.9601,50078
2026-08-12 12:02:00,66.9601,66.9997,66.9354,66.9997,49778
2026-08-12 12:03:00,66.9968,66.9997,66.975,66.9898,28225
2026-08-12 12:04:00,66.9948,67.0046,66.9898,66.9997,12759
2026-08-12 12:05:00,66.9948,67.0046,66.9552,66.9601,25449
2026-08-12 12:06:00,66.9601,66.9651,66.9453,66.9453,31389
2026-08-12 12:07:00,66.9502,66.9502,66.9156,66.9156,17509
2026-08-12 12:08:00,66.9156,66.9156,66.876,66.8809,23211
2026-08-12 12:09:00,66.8779,66.8858,66.8661,66.871,14683
2026-08-12 12:10:00,66.871,66.871,66.8463,66.854,25409
2026-08-12 12:11:00,66.8562,66.8661,66.8314,66.8413,36066
2026-08-12 12:12:00,66.8413,66.8859,66.8413,66.8859,25517
2026-08-12 12:13:00,66.876,66.9255,66.876,66.9106,60660
2026-08-12 12:14:00,66.9106,66.9205,66.871,66.912,25892
2026-08-12 12:15:00,66.9106,66.9156,66.8908,66.9068,16491
2026-08-12 12:16:00,66.9106,66.975,66.9106,66.975,31597
2026-08-12 12:17:00,66.97,67.0096,66.97,66.9997,39769
2026-08-12 12:18:00,66.9948,66.9948,66.9552,66.9601,20745
2026-08-12 12:19:00,66.9601,66.9601,66.9156,66.9304,16745
2026-08-12 12:20:00,66.9255,66.9948,66.9205,66.9898,46725
2026-08-12 12:21:00,66.9899,67.0145,66.97,66.97,30492
2026-08-12 12:22:00,66.975,66.9849,66.9651,66.975,9060
2026-08-12 12:23:00,66.9799,66.9849,66.9354,66.9502,23903
2026-08-12 12:24:00,66.9453,66.9651,66.9354,66.9601,14633
2026-08-12 12:25:00,66.9601,66.9843,66.9552,66.9843,25753
2026-08-12 12:26:00,66.9824,66.9948,66.9651,66.9651,22420
2026-08-12 12:27:00,66.9601,66.9601,66.9453,66.9453,12969
2026-08-12 12:28:00,66.9453,66.9453,66.9007,66.9106,22003
2026-08-12 12:29:00,66.9057,66.9057,66.8859,66.8908,16673
2026-08-12 12:30:00,66.8908,66.8908,66.8661,66.876,27595
2026-08-12 12:31:00,66.871,66.9255,66.8661,66.9205,19095
2026-08-12 12:32:00,66.9205,66.9255,66.8958,66.9106,14069
2026-08-12 12:33:00,66.9106,66.9354,66.9106,66.9304,13679
2026-08-12 12:34:00,66.9255,66.9354,66.9007,66.9106,19223
2026-08-12 12:35:00,66.9057,66.9453,66.9057,66.9355,46730
2026-08-12 12:36:00,66.9403,66.9849,66.9403,66.97,28727
2026-08-12 12:37:00,66.97,67.0046,66.9691,66.9997,11859
2026-08-12 12:38:00,66.9997,67.0145,66.9997,67.0096,6356
2026-08-12 12:39:00,67.0096,67.0541,67.0096,67.0393,70326
2026-08-12 12:40:00,67.0442,67.0442,67.0145,67.0204,34571
2026-08-12 12:41:00,67.0244,67.0343,67.0195,67.0294,9954
2026-08-12 12:42:00,67.0244,67.0541,67.0096,67.0541,26212
2026-08-12 12:43:00,67.064,67.1135,67.064,67.0987,32366
2026-08-12 12:44:00,67.1022,67.1036,67.0739,67.0789,188571
2026-08-12 12:45:00,67.0789,67.0838,67.0442,67.0504,24718
2026-08-12 12:46:00,67.0492,67.1729,67.0442,67.1531,83444
2026-08-12 12:47:00,67.1432,67.168,67.1234,67.163,20812
2026-08-12 12:48:00,67.1553,67.163,67.1333,67.1432,20931
2026-08-12 12:49:00,67.1531,67.163,67.1432,67.161,21660
2026-08-12 12:50:00,67.1531,67.1828,67.1531,67.1531,24913
2026-08-12 12:51:00,67.163,67.1828,67.1581,67.1729,69353
2026-08-12 12:52:00,67.169,67.1729,67.1531,67.1581,56600
2026-08-12 12:53:00,67.163,67.1828,67.163,67.1779,9770
2026-08-12 12:54:00,67.1779,67.1922,67.1729,67.1878,25677
2026-08-12 12:55:00,67.1878,67.1878,67.1729,67.1729,18679
2026-08-12 12:56:00,67.168,67.1779,67.163,67.168,17926
2026-08-12 12:57:00,67.163,67.1828,67.1432,67.1828,42249
2026-08-12 12:58:00,67.1878,67.1927,67.1828,67.1927,6700
2026-08-12 12:59:00,67.1878,67.2076,67.1828,67.2008,28947
2026-08-12 13:00:00,67.1977,67.1977,67.1729,67.1779,25322
2026-08-12 13:01:00,67.1779,67.1878,67.1779,67.1779,19012
2026-08-12 13:02:00,67.1779,67.1828,67.1432,67.1639,22656
2026-08-12 13:03:00,67.168,67.1729,67.163,67.163,16805
2026-08-12 13:04:00,67.1581,67.1977,67.1581,67.1779,23950
2026-08-12 13:05:00,67.1828,67.1878,67.1729,67.1878,16673
2026-08-12 13:06:00,67.1878,67.1894,67.1729,67.1878,11263
2026-08-12 13:07:00,67.1878,67.1927,67.1729,67.1779,12693
2026-08-12 13:08:00,67.1729,67.1828,67.1531,67.168,40883
2026-08-12 13:09:00,67.163,67.168,67.1333,67.1383,15104
2026-08-12 13:10:00,67.1383,67.1531,67.1333,67.1531,29257
2026-08-12 13:11:00,67.1486,67.1531,67.1432,67.1482,8110
2026-08-12 13:12:00,67.1432,67.1482,67.1036,67.1086,19910
2026-08-12 13:13:00,67.1135,67.1284,67.1036,67.1284,20761
2026-08-12 13:14:00,67.1284,67.1284,67.1036,67.1086,15000
2026-08-12 13:15:00,67.1036,67.1086,67.0541,67.0987,26308
2026-08-12 13:16:00,67.0987,67.1135,67.0987,67.1119,10441
2026-08-12 13:17:00,67.1086,67.1086,67.0838,67.0937,34488
2026-08-12 13:18:00,67.0937,67.0937,67.0838,67.0838,7430
2026-08-12 13:19:00,67.0888,67.0987,67.0838,67.0888,14440
2026-08-12 13:20:00,67.0888,67.0888,67.0739,67.0789,18926
2026-08-12 13:21:00,67.0789,67.0987,67.0789,67.0888,26940
2026-08-12 13:22:00,67.0935,67.0937,67.0838,67.0876,7344
2026-08-12 13:23:00,67.0838,67.1234,67.0838,67.1185,24395
2026-08-12 13:24:00,67.1185,67.1284,67.1036,67.1284,24450
2026-08-12 13:25:00,67.1284,67.1581,67.1279,67.1581,33260
2026-08-12 13:26:00,67.163,67.2076,67.1581,67.2076,18386
2026-08-12 13:27:00,67.2076,67.2092,67.1729,67.1779,17828
2026-08-12 13:28:00,67.1828,67.1878,67.163,67.163,25405
2026-08-12 13:29:00,67.163,67.1729,67.163,67.168,11789
2026-08-12 13:30:00,67.168,67.1977,67.163,67.1878,26619
2026-08-12 13:31:00,67.1878,67.2224,67.1828,67.2026,34325
2026-08-12 13:32:00,67.2076,67.2076,67.168,67.1729,22319
2026-08-12 13:33:00,67.1779,67.1827,67.1581,67.1729,33624
2026-08-12 13:34:00,67.1779,67.1982,67.1771,67.1982,18353
2026-08-12 13:35:00,67.1977,67.2026,67.1927,67.1977,11773
2026-08-12 13:36:00,67.1977,67.2224,67.1927,67.2175,30739
2026-08-12 13:37:00,67.2175,67.2175,67.1927,67.2026,23894
2026-08-12 13:38:00,67.1977,67.2026,67.1927,67.1977,17686
2026-08-12 13:39:00,67.1927,67.1927,67.1779,67.1866,28623
2026-08-12 13:40:00,67.1878,67.1927,67.1729,67.1729,24484
2026-08-12 13:41:00,67.1729,67.1729,67.1531,67.1581,15625
2026-08-12 13:42:00,67.1581,67.1629,67.1432,67.153,20700
2026-08-12 13:43:00,67.1531,67.2125,67.1482,67.1927,41115
2026-08-12 13:44:00,67.1927,67.1927,67.163,67.168,12997
2026-08-12 13:45:00,67.168,67.1828,67.168,67.1828,14354
2026-08-12 13:46:00,67.1828,67.1927,67.1234,67.1383,50390
2026-08-12 13:47:00,67.1333,67.1333,67.0839,67.0937,53816
2026-08-12 13:48:00,67.0987,67.1234,67.0987,67.0987,35659
2026-08-12 13:49:00,67.0937,67.0937,67.064,67.0789,21867
2026-08-12 13:50:00,67.0789,67.0888,67.0541,67.064,33370
2026-08-12 13:51:00,67.064,67.0738,67.0541,67.064,41464
2026-08-12 13:52:00,67.0591,67.064,67.0343,67.0393,25186
2026-08-12 13:53:00,67.0393,67.0442,67.0195,67.0195,21718
2026-08-12 13:54:00,67.0195,67.0739,67.0145,67.069,57804
2026-08-12 13:55:00,67.0739,67.1234,67.0739,67.1185,47748
2026-08-12 13:56:00,67.1135,67.1185,67.0937,67.1086,25438
2026-08-12 13:57:00,67.1086,67.1086,67.0541,67.0541,27715
2026-08-12 13:58:00,67.064,67.1036,67.064,67.064,46601
2026-08-12 13:59:00,67.064,67.0739,67.0541,67.0591,39073
2026-08-12 14:00:00,67.0541,67.1086,67.0541,67.1036,27539
2026-08-12 14:01:00,67.0962,67.0993,67.0541,67.0541,46643
2026-08-12 14:02:00,67.0591,67.0738,67.0566,67.0665,22213
2026-08-12 14:03:00,67.0739,67.1135,67.069,67.1061,22796
2026-08-12 14:04:00,67.1086,67.1086,67.0838,67.0888,20528
2026-08-12 14:05:00,67.0888,67.0937,67.0541,67.0591,43548
2026-08-12 14:06:00,67.0591,67.0639,67.0145,67.0244,30633
2026-08-12 14:07:00,67.0294,67.0442,67.0244,67.0294,36059
2026-08-12 14:08:00,67.0294,67.0343,67.0145,67.0294,27258
2026-08-12 14:09:00,67.0294,67.069,67.0294,67.0541,36164
2026-08-12 14:10:00,67.0492,67.0541,67.0244,67.0269,19779
2026-08-12 14:11:00,67.0294,67.0343,67.0244,67.0244,32470
2026-08-12 14:12:00,67.0244,67.0804,67.0244,67.064,34573
2026-08-12 14:13:00,67.064,67.0702,67.0541,67.064,26836
2026-08-12 14:14:00,67.069,67.0838,67.064,67.064,29668
2026-08-12 14:15:00,67.069,67.0987,67.064,67.0739,34850
2026-08-12 14:16:00,67.0739,67.0789,67.064,67.069,63648
2026-08-12 14:17:00,67.064,67.069,67.0482,67.0591,23916
2026-08-12 14:18:00,67.0492,67.064,67.0244,67.0393,18737
2026-08-12 14:19:00,67.0393,67.0393,67.0244,67.0244,14677
2026-08-12 14:20:00,67.0244,67.0639,67.0244,67.0617,38837
2026-08-12 14:21:00,67.0571,67.0637,67.0393,67.0393,22933
2026-08-12 14:22:00,67.0393,67.0492,67.0343,67.0343,23338
2026-08-12 14:23:00,67.0343,67.0422,67.0244,67.0244,13282
2026-08-12 14:24:00,67.0244,67.0343,67.0244,67.0294,15672
2026-08-12 14:25:00,67.0244,67.0343,67.0145,67.0195,18231
2026-08-12 14:26:00,67.0211,67.0294,67.0145,67.0195,20210
2026-08-12 14:27:00,67.0195,67.0195,66.9948,66.9997,36332
2026-08-12 14:28:00,66.9948,67.0442,66.9948,67.0393,38756
2026-08-12 14:29:00,67.0393,67.0536,67.0145,67.0195,29415
2026-08-12 14:30:00,67.0195,67.0442,67.0145,67.0393,22860
2026-08-12 14:31:00,67.0393,67.0591,67.0393,67.0541,26619
2026-08-12 14:32:00,67.0492,67.0499,67.0343,67.0492,26454
2026-08-12 14:33:00,67.0463,67.0591,67.0244,67.0244,29521
2026-08-12 14:34:00,67.0294,67.0541,67.0244,67.0492,18041
2026-08-12 14:35:00,67.0492,67.0838,67.0442,67.0641,40995
2026-08-12 14:36:00,67.069,67.0739,67.064,67.0682,14122
2026-08-12 14:37:00,67.069,67.0704,67.0244,67.0244,28327
2026-08-12 14:38:00,67.0294,67.0789,67.0294,67.0789,19637
2026-08-12 14:39:00,67.0789,67.0888,67.0787,67.0838,13329
2026-08-12 14:40:00,67.0888,67.0937,67.0838,67.0888,14554
2026-08-12 14:41:00,67.0888,67.1135,67.0838,67.1036,36386
2026-08-12 14:42:00,67.1036,67.1531,67.1036,67.1482,20993
2026-08-12 14:43:00,67.1482,67.1531,67.1383,67.1383,15591
2026-08-12 14:44:00,67.1383,67.1432,67.1234,67.1234,12529
2026-08-12 14:45:00,67.1235,67.1432,67.1234,67.1369,17182
2026-08-12 14:46:00,67.1383,67.168,67.1383,67.1432,24550
2026-08-12 14:47:00,67.1432,67.1432,67.1277,67.1284,16024
2026-08-12 14:48:00,67.1271,67.1531,67.1271,67.1434,16979
2026-08-12 14:49:00,67.1482,67.163,67.1432,67.1432,66627
2026-08-12 14:50:00,67.1432,67.1432,67.1036,67.1135,23932
2026-08-12 14:51:00,67.1185,67.1192,67.0937,67.0987,21931
2026-08-12 14:52:00,67.0987,67.1135,67.0937,67.0937,17432
2026-08-12 14:53:00,67.0937,67.1036,67.0937,67.0987,14528
2026-08-12 14:54:00,67.0987,67.0987,67.0838,67.0838,18540
2026-08-12 14:55:00,67.0838,67.0892,67.0739,67.0739,21625
2026-08-12 14:56:00,67.0789,67.0789,67.064,67.064,15445
2026-08-12 14:57:00,67.069,67.0838,67.064,67.069,33572
2026-08-12 14:58:00,67.069,67.0937,67.064,67.0838,19912
2026-08-12 14:59:00,67.0937,67.1135,67.0888,67.1086,21544
2026-08-12 15:00:00,67.1086,67.1135,67.0987,67.0987,21089
2026-08-12 15:01:00,67.0987,67.1779,67.0987,67.1531,112623
2026-08-12 15:02:00,67.159,67.1878,67.1531,67.1779,28248
2026-08-12 15:03:00,67.1779,67.2125,67.1779,67.1977,25593
2026-08-12 15:04:00,67.1977,67.2023,67.163,67.1779,29149
2026-08-12 15:05:00,67.1779,67.1977,67.1532,67.1533,64334
2026-08-12 15:06:00,67.1531,67.168,67.1432,67.1581,28807
2026-08-12 15:07:00,67.1581,67.1729,67.1531,67.1531,27186
2026-08-12 15:08:00,67.1581,67.1726,67.1333,67.1333,36121
2026-08-12 15:09:00,67.1431,67.163,67.1333,67.1482,25820
2026-08-12 15:10:00,67.1482,67.163,67.1432,67.1581,23255
2026-08-12 15:11:00,67.1581,67.1729,67.1482,67.163,21054
2026-08-12 15:12:00,67.168,67.1788,67.163,67.168,24303
2026-08-12 15:13:00,67.168,67.168,67.1531,67.1581,35255
2026-08-12 15:14:00,67.1581,67.1729,67.0888,67.0888,82879
2026-08-12 15:15:00,67.0888,67.1234,67.0888,67.1234,25125
2026-08-12 15:16:00,67.1194,67.1198,67.1036,67.1036,13219
2026-08-12 15:17:00,67.1086,67.1135,67.069,67.1086,52627
2026-08-12 15:18:00,67.1086,67.1333,67.1072,67.1185,32636
2026-08-12 15:19:00,67.1234,67.1234,67.1036,67.1086,42273
2026-08-12 15:20:00,67.1086,67.1135,67.0739,67.0739,42821
2026-08-12 15:21:00,67.0789,67.0838,67.0343,67.0442,54413
2026-08-12 15:22:00,67.0442,67.0739,67.0442,67.0541,35194
2026-08-12 15:23:00,67.0596,67.1036,67.0541,67.0937,38957
2026-08-12 15:24:00,67.0987,67.0987,67.0541,67.0591,41897
2026-08-12 15:25:00,67.0591,67.0591,67.0343,67.0492,50257
2026-08-12 15:26:00,67.0492,67.0937,67.0442,67.0492,48354
2026-08-12 15:27:00,67.0442,67.0541,67.0046,67.0046,51691
2026-08-12 15:28:00,67.0096,67.0527,67.0046,67.0527,47650
2026-08-12 15:29:00,67.0492,67.0739,67.0492,67.069,28332
2026-08-12 15:30:00,67.069,67.069,67.0046,67.0096,43365
2026-08-12 15:31:00,67.0096,67.0892,67.0046,67.0789,45141
2026-08-12 15:32:00,67.0806,67.1135,67.0739,67.1135,25264
2026-08-12 15:33:00,67.1185,67.1333,67.1135,67.1284,29862
2026-08-12 15:34:00,67.1284,67.1531,67.1185,67.1482,51845
2026-08-12 15:35:00,67.1482,67.1779,67.1432,67.1729,33391
2026-08-12 15:36:00,67.1779,67.1954,67.1729,67.1729,86114
2026-08-12 15:37:00,67.168,67.168,67.1234,67.1333,48653
2026-08-12 15:38:00,67.1333,67.1482,67.1333,67.1333,53545
2026-08-12 15:39:00,67.1383,67.1383,67.1135,67.1185,30436
2026-08-12 15:40:00,67.1185,67.1333,67.1135,67.1135,38956
2026-08-12 15:41:00,67.1036,67.1333,67.0977,67.1185,52012
2026-08-12 15:42:00,67.1185,67.1233,67.0838,67.1036,43697
2026-08-12 15:43:00,67.1036,67.1333,67.1036,67.1284,59021
2026-08-12 15:44:00,67.1284,67.1828,67.1284,67.1828,79126
2026-08-12 15:45:00,67.1581,67.1878,67.1383,67.1878,79131
2026-08-12 15:46:00,67.1878,67.2419,67.1531,67.2419,78798
2026-08-12 15:47:00,67.2389,67.262,67.2323,67.2487,79159
2026-08-12 15:48:00,67.2521,67.2917,67.2472,67.267,104152
2026-08-12 15:49:00,67.2719,67.2967,67.262,67.2868,71743
2026-08-12 15:50:00,67.2818,67.2868,67.2274,67.2274,113378
2026-08-12 15:51:00,67.2274,67.2818,67.2175,67.2521,135783
2026-08-12 15:52:00,67.2571,67.2719,67.2422,67.267,116883
2026-08-12 15:53:00,67.267,67.2719,67.2026,67.2076,115317
2026-08-12 15:54:00,67.2076,67.2323,67.1729,67.2274,204720
2026-08-12 15:55:00,67.2323,67.3016,67.2274,67.2967,185226
2026-08-12 15:56:00,67.2917,67.3363,67.2868,67.3066,253414
2026-08-12 15:57:00,67.3066,67.3511,67.3016,67.3462,204714
2026-08-12 15:58:00,67.3511,67.4402,67.3412,67.4204,559138
2026-08-12 15:59:00,67.4154,67.4748,67.4105,67.4501,494151
2026-08-13 09:30:00,67.2323,67.2818,67.163,67.2323,447760
2026-08-13 09:31:00,67.2323,67.4204,67.2026,67.4154,114449
2026-08-13 09:32:00,67.4154,67.4699,67.3511,67.361,69449
2026-08-13 09:33:00,67.3709,67.4402,67.2818,67.4105,57637
2026-08-13 09:34:00,67.4105,67.559,67.3907,67.5144,33978
2026-08-13 09:35:00,67.4798,67.5293,67.4501,67.5194,34504
2026-08-13 09:36:00,67.5095,67.5095,67.2818,67.2818,81005
2026-08-13 09:37:00,67.3016,67.4253,67.2917,67.3709,63254
2026-08-13 09:38:00,67.3829,67.4105,67.3313,67.3709,35089
2026-08-13 09:39:00,67.3808,67.3907,67.3214,67.361,34337
2026-08-13 09:40:00,67.3709,67.3709,67.3115,67.3561,35051
2026-08-13 09:41:00,67.361,67.4006,67.3511,67.3907,85801
2026-08-13 09:42:00,67.3956,67.4798,67.3907,67.4798,114798
2026-08-13 09:43:00,67.4798,67.6778,67.4699,67.6164,105967
2026-08-13 09:44:00,67.6134,67.6184,67.5491,67.5738,68470
2026-08-13 09:45:00,67.5788,67.5936,67.5194,67.554,55120
2026-08-13 09:46:00,67.554,67.5689,67.4897,67.4897,53759
2026-08-13 09:47:00,67.4966,67.5144,67.4501,67.5144,68685
2026-08-13 09:48:00,67.5144,67.5441,67.5045,67.5144,57650
2026-08-13 09:49:00,67.5095,67.5441,67.4798,67.4798,66318
2026-08-13 09:50:00,67.4897,67.5689,67.4847,67.5639,220802
2026-08-13 09:51:00,67.5639,67.5788,67.5392,67.559,58884
2026-08-13 09:52:00,67.5555,67.5887,67.5392,67.5491,70865
2026-08-13 09:53:00,67.5441,67.5788,67.5342,67.5441,47978
2026-08-13 09:54:00,67.5441,67.5837,67.5392,67.5837,66283
2026-08-13 09:55:00,67.5887,67.5887,67.5788,67.5837,32908
2026-08-13 09:56:00,67.5837,67.5986,67.5194,67.5837,170443
2026-08-13 09:57:00,67.5788,67.5788,67.5392,67.5639,68096
2026-08-13 09:58:00,67.5639,67.6877,67.5629,67.6827,80234
2026-08-13 09:59:00,67.6778,67.6827,67.5788,67.6134,62879
2026-08-13 10:00:00,67.6184,67.7025,67.6184,67.6877,85113
2026-08-13 10:01:00,67.7025,67.7075,67.6184,67.6431,93764
2026-08-13 10:02:00,67.6431,67.6926,67.6431,67.653,59302
2026-08-13 10:03:00,67.658,67.7421,67.658,67.7124,51298
2026-08-13 10:04:00,67.7075,67.713,67.6481,67.7074,65727
2026-08-13 10:05:00,67.7025,67.7273,67.6679,67.7174,58953
2026-08-13 10:06:00,67.7174,67.7768,67.7174,67.752,53981
2026-08-13 10:07:00,67.757,67.7718,67.6283,67.6382,91699
2026-08-13 10:08:00,67.6431,67.7768,67.6382,67.7768,57462
2026-08-13 10:09:00,67.7768,67.8064,67.752,67.8018,79704
2026-08-13 10:10:00,67.8015,67.8114,67.7768,67.7965,65446
2026-08-13 10:11:00,67.8015,67.8856,67.7916,67.8757,71836
2026-08-13 10:12:00,67.8807,67.9104,67.8361,67.8609,101873
2026-08-13 10:13:00,67.8658,67.9252,67.8163,67.8559,55649
2026-08-13 10:14:00,67.8609,67.8807,67.8262,67.8312,40992
2026-08-13 10:15:00,67.8312,67.9008,67.8213,67.9005,61768
2026-08-13 10:16:00,67.8955,67.9153,67.8658,67.9104,29234
2026-08-13 10:17:00,67.9091,67.9104,67.7867,67.7867,46755
2026-08-13 10:18:00,67.7916,67.8262,67.7867,67.8015,38326
2026-08-13 10:19:00,67.7965,67.8015,67.7471,67.7471,27487
2026-08-13 10:20:00,67.752,67.7619,67.7075,67.747,67935
2026-08-13 10:21:00,67.7421,67.757,67.7223,67.7471,32537
2026-08-13 10:22:00,67.7406,67.7619,67.7322,67.7619,49162
2026-08-13 10:23:00,67.7619,67.7867,67.7174,67.7718,50055
2026-08-13 10:24:00,67.7669,67.8064,67.7619,67.7817,46391
2026-08-13 10:25:00,67.7817,67.846,67.7619,67.8411,118832
2026-08-13 10:26:00,67.8441,67.8658,67.8163,67.8213,58625
2026-08-13 10:27:00,67.8213,67.8559,67.7867,67.8559,44867
2026-08-13 10:28:00,67.8556,67.945,67.8556,67.9351,52166
2026-08-13 10:29:00,67.9302,67.9302,67.8758,67.9054,43780
2026-08-13 10:30:00,67.9005,67.9054,67.846,67.9054,24355
2026-08-13 10:31:00,67.9104,67.9648,67.9104,67.95,49145
2026-08-13 10:32:00,67.9401,67.9549,67.9153,67.9203,32241
2026-08-13 10:33:00,67.9252,67.945,67.8163,67.8163,90228
2026-08-13 10:34:00,67.8163,67.8658,67.8064,67.8609,49685
2026-08-13 10:35:00,67.8609,67.9054,67.8559,67.9005,40717
2026-08-13 10:36:00,67.8955,67.9005,67.8411,67.8559,31349
2026-08-13 10:37:00,67.851,67.9054,67.846,67.9054,18009
2026-08-13 10:38:00,67.9005,67.9054,67.8757,67.9005,26982
2026-08-13 10:39:00,67.8955,67.8955,67.8163,67.8261,32969
2026-08-13 10:40:00,67.8213,67.8559,67.8064,67.846,52420
2026-08-13 10:41:00,67.846,67.8559,67.7867,67.7867,33196
2026-08-13 10:42:00,67.7768,67.7768,67.7223,67.7421,80228
2026-08-13 10:43:00,67.7372,67.7421,67.7075,67.7322,27512
2026-08-13 10:44:00,67.7323,67.757,67.7124,67.7421,31331
2026-08-13 10:45:00,67.7421,67.7669,67.7421,67.752,23659
2026-08-13 10:46:00,67.7471,67.757,67.7223,67.7322,27830
2026-08-13 10:47:00,67.7322,67.7322,67.6877,67.7075,49938
2026-08-13 10:48:00,67.7025,67.7471,67.6976,67.7421,43939
2026-08-13 10:49:00,67.7421,67.7867,67.7372,67.7817,62180
2026-08-13 10:50:00,67.7808,67.8213,67.7768,67.8114,51321
2026-08-13 10:51:00,67.8163,67.9153,67.8163,67.9054,37027
2026-08-13 10:52:00,67.9098,67.9153,67.8213,67.8312,57486
2026-08-13 10:53:00,67.8312,67.8658,67.7965,67.8609,37806
2026-08-13 10:54:00,67.8559,67.8856,67.8411,67.8708,27045
2026-08-13 10:55:00,67.8658,67.8955,67.8262,67.8609,44391
2026-08-13 10:56:00,67.8609,67.8757,67.8559,67.8708,24428
2026-08-13 10:57:00,67.8708,67.8955,67.846,67.8609,80561
2026-08-13 10:58:00,67.8559,67.9302,67.8559,67.9302,21499
2026-08-13 10:59:00,67.9252,67.9302,67.8708,67.8855,34752
2026-08-13 11:00:00,67.8807,67.9153,67.8807,67.9054,29673
2026-08-13 11:01:00,67.9104,67.9153,67.8757,67.8757,36891
2026-08-13 11:02:00,67.8807,67.8906,67.846,67.846,33322
2026-08-13 11:03:00,67.851,67.851,67.7916,67.8114,49115
2026-08-13 11:04:00,67.8114,67.8147,67.7867,67.7867,38492
2026-08-13 11:05:00,67.7916,67.8757,67.7817,67.8609,50387
2026-08-13 11:06:00,67.8658,67.9203,67.8609,67.9104,41647
2026-08-13 11:07:00,67.9152,67.9831,67.9128,67.9599,30607
2026-08-13 11:08:00,67.9599,67.9747,67.9252,67.9747,25136
2026-08-13 11:09:00,67.9698,67.9747,67.9252,67.9599,33485
2026-08-13 11:10:00,67.9648,67.9747,67.9054,67.9054,22806
2026-08-13 11:11:00,67.9054,67.9203,67.8955,67.9203,18307
2026-08-13 11:12:00,67.9203,67.9203,67.8856,67.8856,14023
2026-08-13 11:13:00,67.8906,67.8955,67.846,67.846,24437
2026-08-13 11:14:00,67.851,67.8526,67.8163,67.8213,28225
2026-08-13 11:15:00,67.8213,67.8426,67.8213,67.8312,19212
2026-08-13 11:16:00,67.8312,67.8331,67.7669,67.7817,48559
2026-08-13 11:17:00,67.7768,67.8262,67.7768,67.7916,51160
2026-08-13 11:18:00,67.7916,67.8163,67.7707,67.7718,37057
2026-08-13 11:19:00,67.7718,67.8163,67.7718,67.8114,62220
2026-08-13 11:20:00,67.8114,67.8163,67.7867,67.8015,52268
2026-08-13 11:21:00,67.8064,67.8114,67.7471,67.7718,80681
2026-08-13 11:22:00,67.7768,67.7867,67.752,67.7718,28883
2026-08-13 11:23:00,67.7768,67.7867,67.7273,67.7273,33716
2026-08-13 11:24:00,67.7223,67.757,67.7025,67.752,47501
2026-08-13 11:25:00,67.757,67.7867,67.7421,67.7817,227887
2026-08-13 11:26:00,67.7867,67.7867,67.7372,67.752,19335
2026-08-13 11:27:00,67.752,67.7669,67.7273,67.7421,28964
2026-08-13 11:28:00,67.7372,67.7372,67.7075,67.7075,13875
2026-08-13 11:29:00,67.7075,67.757,67.7025,67.752,41715
2026-08-13 11:30:00,67.752,67.7669,67.7322,67.7619,26670
2026-08-13 11:31:00,67.757,67.7817,67.757,67.7768,23036
2026-08-13 11:32:00,67.7867,67.8163,67.7718,67.8163,38568
2026-08-13 11:33:00,67.8114,67.8361,67.7965,67.7965,36367
2026-08-13 11:34:00,67.8064,67.8064,67.7669,67.7718,14667
2026-08-13 11:35:00,67.7718,67.8064,67.7718,67.8015,17800
2026-08-13 11:36:00,67.8015,67.8163,67.7768,67.7867,18062
2026-08-13 11:37:00,67.7916,67.8064,67.7718,67.7718,24316
2026-08-13 11:38:00,67.7718,67.7718,67.7471,67.757,18001
2026-08-13 11:39:00,67.752,67.7767,67.752,67.757,19952
2026-08-13 11:40:00,67.7619,67.7669,67.7273,67.7273,14798
2026-08-13 11:41:00,67.7322,67.7372,67.6679,67.6926,30063
2026-08-13 11:42:00,67.6889,67.6926,67.6283,67.6283,23607
2026-08-13 11:43:00,67.6283,67.6382,67.5986,67.6134,23899
2026-08-13 11:44:00,67.6183,67.6283,67.6085,67.6233,18457
2026-08-13 11:45:00,67.6233,67.6548,67.6184,67.653,13190
2026-08-13 11:46:00,67.658,67.6778,67.6481,67.6679,42922
2026-08-13 11:47:00,67.6725,67.6876,67.6725,67.6827,12026
2026-08-13 11:48:00,67.6877,67.6877,67.6679,67.6679,10600
2026-08-13 11:49:00,67.6679,67.6778,67.6283,67.6481,29375
2026-08-13 11:50:00,67.6431,67.6827,67.6283,67.6827,27420
2026-08-13 11:51:00,67.6877,67.7124,67.6382,67.6481,57320
2026-08-13 11:52:00,67.6481,67.6877,67.6382,67.6679,44307
2026-08-13 11:53:00,67.6679,67.6827,67.653,67.6778,21079
2026-08-13 11:54:00,67.6679,67.7174,67.6679,67.7075,13695
2026-08-13 11:55:00,67.7174,67.7273,67.6905,67.7025,27299
2026-08-13 11:56:00,67.7075,67.7223,67.6778,67.6827,19313
2026-08-13 11:57:00,67.6827,67.6877,67.653,67.6778,53443
2026-08-13 11:58:00,67.6778,67.6827,67.6679,67.6803,13978
2026-08-13 11:59:00,67.683,67.6976,67.653,67.6877,56253
2026-08-13 12:00:00,67.6877,67.6877,67.6629,67.6876,12673
2026-08-13 12:01:00,67.6827,67.7372,67.6827,67.7372,24967
2026-08-13 12:02:00,67.7372,67.7768,67.7322,67.7619,57018
2026-08-13 12:03:00,67.7669,67.7867,67.7174,67.7174,21644
2026-08-13 12:04:00,67.7174,67.7372,67.6976,67.7298,26322
2026-08-13 12:05:00,67.7273,67.747,67.7223,67.7273,25775
2026-08-13 12:06:00,67.7322,67.7916,67.7322,67.7817,22976
2026-08-13 12:07:00,67.7817,67.8114,67.7817,67.8114,34774
2026-08-13 12:08:00,67.8163,67.8213,67.8015,67.8161,25809
2026-08-13 12:09:00,67.8114,67.8262,67.8015,67.8262,15497
2026-08-13 12:10:00,67.8262,67.8609,67.8114,67.8609,35055
2026-08-13 12:11:00,67.8609,67.8807,67.8609,67.8708,20825
2026-08-13 12:12:00,67.8757,67.8955,67.8658,67.8856,19815
2026-08-13 12:13:00,67.8856,67.9115,67.8807,67.9104,21859
2026-08-13 12:14:00,67.9153,67.9153,67.8609,67.8757,32414
2026-08-13 12:15:00,67.8658,67.8658,67.7768,67.8015,46196
2026-08-13 12:16:00,67.8064,67.8114,67.7669,67.7669,20396
2026-08-13 12:17:00,67.7589,67.8015,67.757,67.7768,27954
2026-08-13 12:18:00,67.7669,67.7916,67.7619,67.7768,24979
2026-08-13 12:19:00,67.7768,67.7817,67.7372,67.7421,35324
2026-08-13 12:20:00,67.7471,67.7669,67.7273,67.7669,25132
2026-08-13 12:21:00,67.7718,67.822,67.7718,67.7867,28078
2026-08-13 12:22:00,67.7867,67.8213,67.7768,67.7817,29350
2026-08-13 12:23:00,67.7817,67.7866,67.7174,67.7174,22347
2026-08-13 12:24:00,67.7174,67.7223,67.6728,67.6827,26631
2026-08-13 12:25:00,67.6877,67.6877,67.658,67.6778,17016
2026-08-13 12:26:00,67.6728,67.7223,67.6728,67.7223,15184
2026-08-13 12:27:00,67.7223,67.7273,67.7025,67.7273,14725
2026-08-13 12:28:00,67.7223,67.7372,67.6976,67.7124,14844
2026-08-13 12:29:00,67.7124,67.7174,67.7075,67.7124,4597
2026-08-13 12:30:00,67.7124,67.7273,67.6976,67.7099,18543
2026-08-13 12:31:00,67.7124,67.752,67.7124,67.752,21230
2026-08-13 12:32:00,67.752,67.8312,67.7471,67.8262,65331
2026-08-13 12:33:00,67.8312,67.8361,67.7965,67.8064,44573
2026-08-13 12:34:00,67.8161,67.8161,67.757,67.7669,29776
2026-08-13 12:35:00,67.757,67.7718,67.752,67.7718,14759
2026-08-13 12:36:00,67.7768,67.8163,67.7768,67.8015,20489
2026-08-13 12:37:00,67.8015,67.8262,67.8015,67.8213,10507
2026-08-13 12:38:00,67.8213,67.8213,67.7965,67.8015,19153
2026-08-13 12:39:00,67.8037,67.851,67.7965,67.8361,14926
2026-08-13 12:40:00,67.8361,67.8411,67.8213,67.8262,39859
2026-08-13 12:41:00,67.8312,67.8312,67.7867,67.7867,24277
2026-08-13 12:42:00,67.7867,67.7965,67.7471,67.7619,20219
2026-08-13 12:43:00,67.7619,67.7669,67.757,67.7619,11733
2026-08-13 12:44:00,67.757,67.757,67.6976,67.7164,36009
2026-08-13 12:45:00,67.7124,67.7174,67.6976,67.7025,15928
2026-08-13 12:46:00,67.7025,67.7372,67.7025,67.7322,16452
2026-08-13 12:47:00,67.7372,67.7372,67.7075,67.7223,18862
2026-08-13 12:48:00,67.7273,67.7273,67.7075,67.7075,16371
2026-08-13 12:49:00,67.7124,67.7124,67.6827,67.6949,18309
2026-08-13 12:50:00,67.6976,67.7124,67.6877,67.7124,16721
2026-08-13 12:51:00,67.7124,67.7322,67.7124,67.7223,21306
2026-08-13 12:52:00,67.7223,67.7273,67.7174,67.7223,25402
2026-08-13 12:53:00,67.7223,67.7273,67.7124,67.7223,23554
2026-08-13 12:54:00,67.7223,67.7471,67.7174,67.7421,12503
2026-08-13 12:55:00,67.7421,67.7471,67.7075,67.7135,18796
2026-08-13 12:56:00,67.7124,67.7718,67.7124,67.7471,32493
2026-08-13 12:57:00,67.752,67.757,67.7372,67.7372,16283
2026-08-13 12:58:00,67.7421,67.7471,67.7273,67.7322,14765
2026-08-13 12:59:00,67.7322,67.7471,67.7223,67.7421,29593
2026-08-13 13:00:00,67.7421,67.7421,67.6728,67.6728,52769
2026-08-13 13:01:00,67.6728,67.6827,67.6629,67.6827,18945
2026-08-13 13:02:00,67.6827,67.7075,67.6778,67.7025,11875
2026-08-13 13:03:00,67.7025,67.7174,67.7025,67.7174,11500
2026-08-13 13:04:00,67.7075,67.7174,67.7025,67.7124,25338
2026-08-13 13:05:00,67.7124,67.7273,67.7124,67.7223,11400
2026-08-13 13:06:00,67.7223,67.7619,67.7124,67.7619,27840
2026-08-13 13:07:00,67.7619,67.7768,67.7619,67.7718,25683
2026-08-13 13:08:00,67.7718,67.7817,67.7421,67.752,29055
2026-08-13 13:09:00,67.752,67.7669,67.7471,67.7619,17557
2026-08-13 13:10:00,67.757,67.757,67.7124,67.7174,24338
2026-08-13 13:11:00,67.7124,67.7124,67.6827,67.7075,22110
2026-08-13 13:12:00,67.7025,67.7173,67.6976,67.7025,22077
2026-08-13 13:13:00,67.7075,67.7124,67.6976,67.7025,14750
2026-08-13 13:14:00,67.6976,67.7025,67.6679,67.6728,16430
2026-08-13 13:15:00,67.6739,67.7075,67.6728,67.6926,23341
2026-08-13 13:16:00,67.6976,67.6976,67.653,67.6728,36587
2026-08-13 13:17:00,67.6737,67.6737,67.653,67.6629,25632
2026-08-13 13:18:00,67.6629,67.6877,67.658,67.6827,13586
2026-08-13 13:19:00,67.6778,67.6877,67.6778,67.6827,5848
2026-08-13 13:20:00,67.6778,67.6877,67.6481,67.653,33484
2026-08-13 13:21:00,67.653,67.6827,67.6085,67.6679,77364
2026-08-13 13:22:00,67.6728,67.7273,67.6728,67.6778,52557
2026-08-13 13:23:00,67.6778,67.6976,67.6728,67.6728,23552
2026-08-13 13:24:00,67.6728,67.6827,67.6382,67.6382,20882
2026-08-13 13:25:00,67.6431,67.6629,67.6233,67.6481,21125
2026-08-13 13:26:00,67.653,67.6778,67.6481,67.6679,21815
2026-08-13 13:27:00,67.6679,67.6728,67.6382,67.653,24480
2026-08-13 13:28:00,67.6481,67.6877,67.6382,67.6728,28805
2026-08-13 13:29:00,67.6679,67.7174,67.658,67.6877,36940
2026-08-13 13:30:00,67.6877,67.7965,67.6877,67.7718,56899
2026-08-13 13:31:00,67.7669,67.846,67.7669,67.7965,52424
2026-08-13 13:32:00,67.8015,67.8559,67.7867,67.8411,50783
2026-08-13 13:33:00,67.846,67.8559,67.8015,67.8213,44056
2026-08-13 13:34:00,67.8213,67.8259,67.8064,67.8114,13733
2026-08-13 13:35:00,67.8064,67.8559,67.8064,67.8064,37247
2026-08-13 13:36:00,67.8064,67.8262,67.7916,67.7965,23693
2026-08-13 13:37:00,67.7965,67.8114,67.7867,67.8064,36304
2026-08-13 13:38:00,67.8064,67.8213,67.8015,67.8213,18346
2026-08-13 13:39:00,67.8163,67.8609,67.8163,67.8559,18867
2026-08-13 13:40:00,67.8658,67.8955,67.8559,67.8856,25605
2026-08-13 13:41:00,67.8856,67.8955,67.8757,67.8906,25078
2026-08-13 13:42:00,67.8906,67.8955,67.8609,67.8609,23172
2026-08-13 13:43:00,67.8559,67.8807,67.8559,67.8658,21152
2026-08-13 13:44:00,67.8658,67.8856,67.8609,67.8807,20142
2026-08-13 13:45:00,67.8807,67.8856,67.8559,67.8609,30437
2026-08-13 13:46:00,67.8609,67.8856,67.8559,67.8708,62059
2026-08-13 13:47:00,67.8708,67.8856,67.846,67.846,31575
2026-08-13 13:48:00,67.846,67.846,67.8163,67.8213,18805
2026-08-13 13:49:00,67.8226,67.8312,67.8015,67.8064,53125
2026-08-13 13:50:00,67.8114,67.8163,67.7718,67.8015,42845
2026-08-13 13:51:00,67.8015,67.8213,67.7965,67.8064,23471
2026-08-13 13:52:00,67.8114,67.8114,67.7669,67.7669,36216
2026-08-13 13:53:00,67.7733,67.8015,67.7669,67.7965,21017
2026-08-13 13:54:00,67.7965,67.8361,67.7965,67.831,42543
2026-08-13 13:55:00,67.8312,67.8558,67.8262,67.851,48733
2026-08-13 13:56:00,67.846,67.846,67.8064,67.8411,54041
2026-08-13 13:57:00,67.846,67.9153,67.8383,67.8955,43821
2026-08-13 13:58:00,67.8955,67.9054,67.8163,67.8213,43126
2026-08-13 13:59:00,67.8262,67.8361,67.8262,67.8312,19551
2026-08-13 14:00:00,67.8312,67.8312,67.8064,67.8163,58453
2026-08-13 14:01:00,67.8163,67.8261,67.8015,67.8114,26244
2026-08-13 14:02:00,67.8114,67.8262,67.8114,67.8213,25427
2026-08-13 14:03:00,67.8213,67.846,67.8163,67.8213,28942
2026-08-13 14:04:00,67.8213,67.8262,67.8064,67.8262,26723
2026-08-13 14:05:00,67.8262,67.8361,67.8015,67.8163,44858
2026-08-13 14:06:00,67.8163,67.8163,67.8064,67.8114,18731
2026-08-13 14:07:00,67.8114,67.8161,67.7916,67.8015,45471
2026-08-13 14:08:00,67.8062,67.8163,67.7916,67.8163,38909
2026-08-13 14:09:00,67.8114,67.8262,67.8064,67.8213,35301
2026-08-13 14:10:00,67.8262,67.846,67.8262,67.8361,29997
2026-08-13 14:11:00,67.8411,67.8609,67.8394,67.8411,38124
2026-08-13 14:12:00,67.8411,67.851,67.8361,67.851,14290
2026-08-13 14:13:00,67.851,67.8559,67.846,67.8559,15781
2026-08-13 14:14:00,67.851,67.8559,67.8213,67.8213,38057
2026-08-13 14:15:00,67.8213,67.8757,67.8163,67.8708,48101
2026-08-13 14:16:00,67.8708,67.8906,67.8559,67.8609,65628
2026-08-13 14:17:00,67.8609,67.8658,67.846,67.856,18004
2026-08-13 14:18:00,67.8559,67.8658,67.8361,67.8424,29553
2026-08-13 14:19:00,67.8411,67.8708,67.8361,67.851,36489
2026-08-13 14:20:00,67.851,67.8757,67.851,67.8708,27553
2026-08-13 14:21:00,67.8708,67.8708,67.8163,67.8213,47745
2026-08-13 14:22:00,67.8213,67.846,67.8064,67.8213,28962
2026-08-13 14:23:00,67.8262,67.851,67.8213,67.851,25741
2026-08-13 14:24:00,67.8559,67.8559,67.8361,67.851,17123
2026-08-13 14:25:00,67.8559,67.8609,67.846,67.851,15068
2026-08-13 14:26:00,67.8559,67.8559,67.8213,67.8312,27331
2026-08-13 14:27:00,67.8312,67.8312,67.7965,67.7965,53310
2026-08-13 14:28:00,67.8064,67.8262,67.8064,67.8213,13334
2026-08-13 14:29:00,67.8187,67.8658,67.8114,67.8609,47331
2026-08-13 14:30:00,67.8609,67.8708,67.8361,67.8411,31767
2026-08-13 14:31:00,67.8411,67.846,67.8262,67.8312,20019
2026-08-13 14:32:00,67.8312,67.846,67.8213,67.8213,14542
2026-08-13 14:33:00,67.8213,67.8317,67.8065,67.8114,14965
2026-08-13 14:34:00,67.8114,67.846,67.8114,67.846,58593
2026-08-13 14:35:00,67.8411,67.8411,67.8015,67.8114,25092
2026-08-13 14:36:00,67.8122,67.8262,67.8015,67.8015,17828
2026-08-13 14:37:00,67.8064,67.8163,67.8015,67.8015,13778
2026-08-13 14:38:00,67.7965,67.7965,67.7817,67.7916,8192
2026-08-13 14:39:00,67.7916,67.8015,67.7421,67.7916,110831
2026-08-13 14:40:00,67.7965,67.7965,67.7867,67.7916,28508
2026-08-13 14:41:00,67.7916,67.8724,67.7916,67.8724,34097
2026-08-13 14:42:00,67.8708,67.8757,67.851,67.851,25582
2026-08-13 14:43:00,67.846,67.8559,67.846,67.846,12533
2026-08-13 14:44:00,67.846,67.8559,67.8361,67.8412,29666
2026-08-13 14:45:00,67.8411,67.8757,67.8411,67.8609,33517
2026-08-13 14:46:00,67.8609,67.8658,67.846,67.851,20775
2026-08-13 14:47:00,67.853,67.853,67.8361,67.8411,26277
2026-08-13 14:48:00,67.8411,67.846,67.8163,67.8213,21452
2026-08-13 14:49:00,67.8213,67.851,67.8164,67.8411,34391
2026-08-13 14:50:00,67.8361,67.8609,67.8263,67.8609,33764
2026-08-13 14:51:00,67.8658,67.9153,67.856,67.8757,64021
2026-08-13 14:52:00,67.8807,67.9104,67.8658,67.8708,42633
2026-08-13 14:53:00,67.8708,67.8757,67.8361,67.8361,39542
2026-08-13 14:54:00,67.8361,67.8411,67.8213,67.8213,26316
2026-08-13 14:55:00,67.8213,67.846,67.8213,67.8411,24223
2026-08-13 14:56:00,67.8411,67.846,67.8292,67.8312,56467
2026-08-13 14:57:00,67.8312,67.9252,67.8312,67.9203,65296
2026-08-13 14:58:00,67.9203,67.9747,67.9203,67.9401,57114
2026-08-13 14:59:00,67.9401,67.9747,67.9153,67.9153,63008
2026-08-13 15:00:00,67.9203,67.945,67.9054,67.9054,250427
2026-08-13 15:01:00,67.9054,67.9153,67.8955,67.9104,31030
2026-08-13 15:02:00,67.9153,67.95,67.9054,67.945,45260
2026-08-13 15:03:00,67.95,67.9549,67.9104,67.9203,98164
2026-08-13 15:04:00,67.9174,67.945,67.9153,67.9252,32285
2026-08-13 15:05:00,67.9302,67.9351,67.9005,67.9203,43237
2026-08-13 15:06:00,67.9203,67.945,67.9203,67.9252,38174
2026-08-13 15:07:00,67.9153,67.9351,67.9153,67.9203,16996
2026-08-13 15:08:00,67.9252,67.9351,67.9054,67.9104,29537
2026-08-13 15:09:00,67.9104,67.9203,67.8955,67.8955,35596
2026-08-13 15:10:00,67.9005,67.9054,67.8856,67.8906,31672
2026-08-13 15:11:00,67.8906,67.9252,67.8856,67.9251,26922
2026-08-13 15:12:00,67.9153,67.9698,67.9153,67.9599,64134
2026-08-13 15:13:00,67.9599,67.9698,67.9252,67.9351,62798
2026-08-13 15:14:00,67.9351,67.95,67.9104,67.945,40433
2026-08-13 15:15:00,67.95,67.9549,67.9054,67.9054,38490
2026-08-13 15:16:00,67.9054,67.9152,67.8856,67.8906,21286
2026-08-13 15:17:00,67.8906,67.8906,67.8559,67.8609,27857
2026-08-13 15:18:00,67.8559,67.8559,67.8163,67.8163,38654
2026-08-13 15:19:00,67.8213,67.8361,67.7916,67.8312,76383
2026-08-13 15:20:00,67.8312,67.846,67.8163,67.8213,51660
2026-08-13 15:21:00,67.8163,67.846,67.8114,67.8411,37292
2026-08-13 15:22:00,67.8411,67.8609,67.8361,67.851,44655
2026-08-13 15:23:00,67.851,67.8658,67.8312,67.851,79195
2026-08-13 15:24:00,67.851,67.8609,67.8312,67.8609,31028
2026-08-13 15:25:00,67.8609,67.8757,67.8559,67.8609,49490
2026-08-13 15:26:00,67.8559,67.8609,67.8262,67.8262,41782
2026-08-13 15:27:00,67.8312,67.8411,67.8064,67.8114,31210
2026-08-13 15:28:00,67.8064,67.8163,67.7916,67.7916,28693
2026-08-13 15:29:00,67.7965,67.7965,67.7669,67.7718,42430
2026-08-13 15:30:00,67.7718,67.7718,67.7322,67.7322,112815
2026-08-13 15:31:00,67.7273,67.7867,67.7174,67.7817,54818
2026-08-13 15:32:00,67.7864,67.8262,67.7817,67.8213,53944
2026-08-13 15:33:00,67.8213,67.8213,67.7768,67.7768,39826
2026-08-13 15:34:00,67.7768,67.7769,67.7471,67.7471,35784
2026-08-13 15:35:00,67.752,67.7916,67.7471,67.7916,37000
2026-08-13 15:36:00,67.7916,67.8359,67.7916,67.8213,73963
2026-08-13 15:37:00,67.8213,67.8262,67.7768,67.7916,55052
2026-08-13 15:38:00,67.7867,67.8163,67.7867,67.7867,71157
2026-08-13 15:39:00,67.7867,67.7916,67.7372,67.7718,86911
2026-08-13 15:40:00,67.7718,67.8064,67.7718,67.8015,44991
2026-08-13 15:41:00,67.8015,67.8064,67.757,67.7718,267676
2026-08-13 15:42:00,67.7669,67.7867,67.7669,67.7822,47697
2026-08-13 15:43:00,67.7817,67.8213,67.757,67.8213,77867
2026-08-13 15:44:00,67.8213,67.851,67.8197,67.851,76533
2026-08-13 15:45:00,67.851,67.8559,67.8361,67.8411,64095
2026-08-13 15:46:00,67.8411,67.8559,67.8163,67.851,99756
2026-08-13 15:47:00,67.851,67.8609,67.8361,67.851,93842
2026-08-13 15:48:00,67.8559,67.8658,67.846,67.851,69704
2026-08-13 15:49:00,67.851,67.8757,67.8361,67.8658,85970
2026-08-13 15:50:00,67.8757,67.8906,67.8064,67.8114,178202
2026-08-13 15:51:00,67.8114,67.8559,67.8111,67.8411,116435
2026-08-13 15:52:00,67.8411,67.8559,67.8163,67.851,107566
2026-08-13 15:53:00,67.851,67.8559,67.8262,67.8312,111086
2026-08-13 15:54:00,67.8312,67.8411,67.8114,67.8114,175367
2026-08-13 15:55:00,67.8114,67.8559,67.8064,67.851,233738
2026-08-13 15:56:00,67.8559,67.8955,67.8163,67.8906,326898
2026-08-13 15:57:00,67.8856,67.9054,67.8559,67.9005,217460
2026-08-13 15:58:00,67.9005,68.0044,67.8955,67.9747,405289
2026-08-13 15:59:00,67.9846,68.0935,67.8757,67.9153,832618
2026-08-14 09:30:00,73.3695,73.6764,73.0726,73.3349,1730546
2026-08-14 09:31:00,73.3349,73.6863,73.0528,73.231,783824
2026-08-14 09:32:00,73.2409,73.3201,72.6172,72.6519,699606
2026-08-14 09:33:00,72.6172,72.934,72.3104,72.8859,870083
2026-08-14 09:34:00,72.8647,73.0429,72.5677,72.7954,458212
2026-08-14 09:35:00,72.7954,73.2211,72.7855,72.9439,713170
2026-08-14 09:36:00,72.9241,73.3893,72.9043,73.3251,473702
2026-08-14 09:37:00,73.3102,73.419,72.934,73.0231,369698
2026-08-14 09:38:00,73.0256,73.0924,72.7162,72.9192,454818
2026-08-14 09:39:00,72.9192,73.0033,72.7459,72.7635,326286
2026-08-14 09:40:00,72.7558,72.8746,72.7162,72.8251,296474
2026-08-14 09:41:00,72.8548,72.9033,72.4787,72.637,300784
2026-08-14 09:42:00,72.642,72.7063,72.5479,72.6816,185741
2026-08-14 09:43:00,72.6816,72.704,72.5479,72.6865,187265
2026-08-14 09:44:00,72.6766,72.8152,72.5084,72.7608,229358
2026-08-14 09:45:00,72.7608,72.7756,72.5677,72.6766,215484
2026-08-14 09:46:00,72.6667,72.7222,72.5974,72.6667,128902
2026-08-14 09:47:00,72.6759,72.7142,72.6073,72.6667,137815
2026-08-14 09:48:00,72.6681,72.6964,72.5479,72.6073,222145
2026-08-14 09:49:00,72.6151,72.6271,72.2708,72.3125,305698
2026-08-14 09:50:00,72.3203,72.4688,72.2114,72.251,375691
2026-08-14 09:51:00,72.2312,72.2312,72.0431,72.2213,365332
2026-08-14 09:52:00,72.2115,72.3995,72.1223,72.2411,201427
2026-08-14 09:53:00,72.2411,72.3005,72.1817,72.2316,110595
2026-08-14 09:54:00,72.246,72.3896,72.1223,72.1809,161202
2026-08-14 09:55:00,72.1817,72.2906,72.0431,72.1322,331594
2026-08-14 09:56:00,72.1322,72.4193,72.1322,72.3896,219242
2026-08-14 09:57:00,72.3975,72.4193,72.2411,72.3203,140021
2026-08-14 09:58:00,72.3203,72.3995,72.246,72.251,159311
2026-08-14 09:59:00,72.251,72.2658,72.0926,72.152,181301
2026-08-14 10:00:00,72.1421,72.2708,72.1124,72.251,190423
2026-08-14 10:01:00,72.2468,72.3005,72.2213,72.2906,147500
2026-08-14 10:02:00,72.2955,72.5381,72.2559,72.4985,245564
2026-08-14 10:03:00,72.4985,72.5183,72.35,72.4886,200795
2026-08-14 10:04:00,72.4836,72.5084,72.3203,72.445,116443
2026-08-14 10:05:00,72.449,72.4539,72.2906,72.35,148811
2026-08-14 10:06:00,72.345,72.444,72.3054,72.3896,135057
2026-08-14 10:07:00,72.3897,72.4292,72.3401,72.3599,136682
2026-08-14 10:08:00,72.3648,72.4094,72.3054,72.3747,131328
2026-08-14 10:09:00,72.3747,72.4292,72.3104,72.4044,320444
2026-08-14 10:10:00,72.4094,72.4985,72.3747,72.4341,126547
2026-08-14 10:11:00,72.4391,72.4836,72.4094,72.4293,105272
2026-08-14 10:12:00,72.4193,72.4688,72.3896,72.449,79255
2026-08-14 10:13:00,72.4489,72.5776,72.4143,72.5034,121680
2026-08-14 10:14:00,72.5034,72.6073,72.4688,72.5775,85616
2026-08-14 10:15:00,72.5776,72.6568,72.5232,72.6469,123980
2026-08-14 10:16:00,72.637,72.6864,72.5974,72.6816,103981
2026-08-14 10:17:00,72.6766,72.7855,72.6271,72.637,244245
2026-08-14 10:18:00,72.6321,72.642,72.5677,72.5727,150422
2026-08-14 10:19:00,72.5727,72.7058,72.5282,72.5529,153411
2026-08-14 10:20:00,72.5578,72.6271,72.4796,72.4796,96226
2026-08-14 10:21:00,72.4886,72.5245,72.3401,72.3853,146435
2026-08-14 10:22:00,72.3846,72.5479,72.3698,72.5479,270929
2026-08-14 10:23:00,72.5282,72.642,72.4985,72.6222,104250
2026-08-14 10:24:00,72.6172,72.6568,72.6073,72.6123,77416
2026-08-14 10:25:00,72.6171,72.637,72.5282,72.5381,76911
2026-08-14 10:26:00,72.5381,72.5875,72.5084,72.5282,68532
2026-08-14 10:27:00,72.5232,72.5827,72.4985,72.5084,71940
2026-08-14 10:28:00,72.5133,72.5548,72.4589,72.5084,93652
2026-08-14 10:29:00,72.5084,72.5183,72.4391,72.4539,50220
2026-08-14 10:30:00,72.4589,72.5181,72.3896,72.4044,70979
2026-08-14 10:31:00,72.4078,72.4684,72.3351,72.345,113120
2026-08-14 10:32:00,72.3401,72.3796,72.2609,72.3203,155746
2026-08-14 10:33:00,72.3203,72.4094,72.2807,72.3995,92204
2026-08-14 10:34:00,72.3896,72.4094,72.3203,72.345,85660
2026-08-14 10:35:00,72.345,72.4391,72.345,72.4242,107763
2026-08-14 10:36:00,72.4193,72.4391,72.3698,72.3698,67582
2026-08-14 10:37:00,72.3747,72.4044,72.3351,72.3846,66738
2026-08-14 10:38:00,72.3846,72.4193,72.3698,72.3846,70797
2026-08-14 10:39:00,72.3846,72.4094,72.345,72.3747,67041
2026-08-14 10:40:00,72.3747,72.3995,72.3351,72.3648,58223
2026-08-14 10:41:00,72.3599,72.3945,72.35,72.3765,46442
2026-08-14 10:42:00,72.3747,72.3995,72.3599,72.3656,36131
2026-08-14 10:43:00,72.3648,72.4688,72.3648,72.4143,92810
2026-08-14 10:44:00,72.4094,72.4539,72.4019,72.444,42416
2026-08-14 10:45:00,72.444,72.4449,72.3351,72.3648,72755
2026-08-14 10:46:00,72.3648,72.4787,72.3623,72.47,73878
2026-08-14 10:47:00,72.4737,72.5578,72.4737,72.543,111743
2026-08-14 10:48:00,72.543,72.5578,72.4985,72.5479,74750
2026-08-14 10:49:00,72.543,72.5776,72.5084,72.5776,73229
2026-08-14 10:50:00,72.5776,72.6073,72.5628,72.5826,121032
2026-08-14 10:51:00,72.5863,72.6271,72.5084,72.543,85709
2026-08-14 10:52:00,72.543,72.5727,72.5282,72.5381,75864
2026-08-14 10:53:00,72.5331,72.6271,72.4787,72.4787,128439
2026-08-14 10:54:00,72.475,72.4886,72.3995,72.4737,73537
2026-08-14 10:55:00,72.4729,72.4787,72.4292,72.4293,54436
2026-08-14 10:56:00,72.4341,72.5776,72.4193,72.5727,71964
2026-08-14 10:57:00,72.5678,72.5925,72.5282,72.5776,81197
2026-08-14 10:58:00,72.5875,72.5974,72.4985,72.5628,81533
2026-08-14 10:59:00,72.5578,72.627,72.5283,72.5826,62731
2026-08-14 11:00:00,72.5826,72.5875,72.5282,72.5282,76627
2026-08-14 11:01:00,72.5351,72.5875,72.5133,72.5776,49170
2026-08-14 11:02:00,72.5776,72.5776,72.4391,72.4737,69537
2026-08-14 11:03:00,72.4688,72.4688,72.3401,72.345,84336
2026-08-14 11:04:00,72.3401,72.3402,72.2906,72.3351,66733
2026-08-14 11:05:00,72.3351,72.3995,72.3302,72.3995,61281
2026-08-14 11:06:00,72.3995,72.3995,72.3005,72.3104,78604
2026-08-14 11:07:00,72.3104,72.3202,72.1421,72.2709,216923
2026-08-14 11:08:00,72.2757,72.2906,72.2312,72.2708,72343
2026-08-14 11:09:00,72.2708,72.33,72.2609,72.3203,49391
2026-08-14 11:10:00,72.3203,72.3252,72.251,72.2835,80737
2026-08-14 11:11:00,72.2856,72.2906,72.2213,72.2906,80482
2026-08-14 11:12:00,72.2856,72.3104,72.251,72.2906,61723
2026-08-14 11:13:00,72.2906,72.2906,72.251,72.2844,50931
2026-08-14 11:14:00,72.2856,72.3599,72.2807,72.3401,74649
2026-08-14 11:15:00,72.3351,72.3782,72.3203,72.3203,51294
2026-08-14 11:16:00,72.3252,72.3599,72.2757,72.3054,76883
2026-08-14 11:17:00,72.3104,72.3452,72.2906,72.3252,157463
2026-08-14 11:18:00,72.3252,72.3401,72.2708,72.2856,129349
2026-08-14 11:19:00,72.2856,72.35,72.2213,72.3448,80253
2026-08-14 11:20:00,72.345,72.4193,72.3104,72.4062,77441
2026-08-14 11:21:00,72.4094,72.4787,72.4094,72.444,64091
2026-08-14 11:22:00,72.444,72.449,72.3945,72.4242,52221
2026-08-14 11:23:00,72.4242,72.4246,72.3104,72.4044,69930
2026-08-14 11:24:00,72.4044,72.4341,72.3945,72.4044,27135
2026-08-14 11:25:00,72.4044,72.4094,72.3401,72.3995,41527
2026-08-14 11:26:00,72.3945,72.4391,72.3599,72.3747,54730
2026-08-14 11:27:00,72.3698,72.4094,72.3599,72.3699,35521
2026-08-14 11:28:00,72.3758,72.3896,72.345,72.3503,38205
2026-08-14 11:29:00,72.3599,72.3747,72.3131,72.3153,45612
2026-08-14 11:30:00,72.3203,72.3599,72.3203,72.3302,33493
2026-08-14 11:31:00,72.3351,72.3896,72.3203,72.3351,56672
2026-08-14 11:32:00,72.3351,72.35,72.261,72.3005,53282
2026-08-14 11:33:00,72.3054,72.3401,72.2559,72.3401,47281
2026-08-14 11:34:00,72.3351,72.3401,72.2856,72.3103,24638
2026-08-14 11:35:00,72.3054,72.3797,72.2906,72.3153,75151
2026-08-14 11:36:00,72.3203,72.3401,72.2807,72.3383,49746
2026-08-14 11:37:00,72.3351,72.3797,72.3302,72.3351,33082
2026-08-14 11:38:00,72.3357,72.3401,72.2931,72.3054,37147
2026-08-14 11:39:00,72.3054,72.3252,72.251,72.3054,132624
2026-08-14 11:40:00,72.3005,72.3302,72.2856,72.3104,101920
2026-08-14 11:41:00,72.3103,72.3896,72.2807,72.3797,57518
2026-08-14 11:42:00,72.3747,72.5281,72.3698,72.5073,157259
2026-08-14 11:43:00,72.5034,72.5925,72.4688,72.4935,129312
2026-08-14 11:44:00,72.4935,72.5874,72.4589,72.5306,101712
2026-08-14 11:45:00,72.5381,72.5875,72.4689,72.4787,66590
2026-08-14 11:46:00,72.4796,72.4836,72.3797,72.3994,57601
2026-08-14 11:47:00,72.3945,72.4391,72.3797,72.4094,37542
2026-08-14 11:48:00,72.4143,72.4985,72.4096,72.4539,49526
2026-08-14 11:49:00,72.4589,72.5084,72.4392,72.4886,37777
2026-08-14 11:50:00,72.4886,72.4886,72.449,72.4688,60929
2026-08-14 11:51:00,72.4775,72.4786,72.4242,72.4641,78870
2026-08-14 11:52:00,72.4638,72.5282,72.4638,72.5133,93527
2026-08-14 11:53:00,72.5133,72.5183,72.4193,72.4985,79541
2026-08-14 11:54:00,72.5034,72.5084,72.4613,72.4737,59756
2026-08-14 11:55:00,72.4737,72.5479,72.4737,72.5034,56039
2026-08-14 11:56:00,72.4935,72.4985,72.4292,72.4787,103940
2026-08-14 11:57:00,72.4737,72.4787,72.3896,72.3945,78048
2026-08-14 11:58:00,72.3945,72.4242,72.392,72.4143,48778
2026-08-14 11:59:00,72.4094,72.4391,72.3896,72.3995,86526
2026-08-14 12:00:00,72.3995,72.449,72.3896,72.4292,77518
2026-08-14 12:01:00,72.4292,72.5133,72.4193,72.4292,74794
2026-08-14 12:02:00,72.4341,72.4341,72.3797,72.3846,52407
2026-08-14 12:03:00,72.3797,72.3797,72.3351,72.3549,83409
2026-08-14 12:04:00,72.3599,72.4539,72.3599,72.449,95314
2026-08-14 12:05:00,72.449,72.4589,72.35,72.3867,132004
2026-08-14 12:06:00,72.3846,72.4292,72.3846,72.4193,57550
2026-08-14 12:07:00,72.4242,72.4688,72.3995,72.4143,106577
2026-08-14 12:08:00,72.4143,72.4292,72.3648,72.3698,52971
2026-08-14 12:09:00,72.3698,72.4143,72.3599,72.3599,57385
2026-08-14 12:10:00,72.3599,72.4787,72.35,72.4193,65825
2026-08-14 12:11:00,72.4143,72.449,72.4094,72.444,27337
2026-08-14 12:12:00,72.449,72.4589,72.3896,72.3995,41487
2026-08-14 12:13:00,72.3945,72.3995,72.3747,72.3846,49235
2026-08-14 12:14:00,72.3896,72.4292,72.3699,72.3896,62742
2026-08-14 12:15:00,72.3995,72.4391,72.3995,72.4341,20481
2026-08-14 12:16:00,72.4391,72.4391,72.4094,72.4143,21526
2026-08-14 12:17:00,72.4143,72.4347,72.4094,72.4193,38066
2026-08-14 12:18:00,72.4143,72.4292,72.3995,72.4094,32769
2026-08-14 12:19:00,72.4094,72.4292,72.3911,72.4044,43001
2026-08-14 12:20:00,72.4044,72.444,72.3896,72.4292,30469
2026-08-14 12:21:00,72.4391,72.4391,72.4094,72.4143,12781
2026-08-14 12:22:00,72.4193,72.4391,72.3897,72.4341,29694
2026-08-14 12:23:00,72.4341,72.4576,72.4094,72.4392,42177
2026-08-14 12:24:00,72.4391,72.4489,72.4044,72.4143,23420
2026-08-14 12:25:00,72.4094,72.4388,72.4044,72.4143,37126
2026-08-14 12:26:00,72.4143,72.4341,72.3995,72.4241,45576
2026-08-14 12:27:00,72.4292,72.4638,72.4193,72.4638,59345
2026-08-14 12:28:00,72.4688,72.5578,72.449,72.5529,68249
2026-08-14 12:29:00,72.5578,72.5677,72.4986,72.4986,50701
2026-08-14 12:30:00,72.5034,72.5034,72.4341,72.449,39603
2026-08-14 12:31:00,72.4491,72.4688,72.4193,72.4341,42586
2026-08-14 12:32:00,72.4391,72.4737,72.4341,72.4539,32595
2026-08-14 12:33:00,72.4588,72.5529,72.4588,72.5529,57869
2026-08-14 12:34:00,72.5479,72.5479,72.4886,72.4915,24276
2026-08-14 12:35:00,72.4886,72.4985,72.4688,72.4688,22739
2026-08-14 12:36:00,72.4737,72.4886,72.4589,72.4836,22477
2026-08-14 12:37:00,72.4787,72.5577,72.4787,72.5133,57342
2026-08-14 12:38:00,72.5133,72.5133,72.4193,72.4242,60478
2026-08-14 12:39:00,72.4242,72.444,72.4094,72.4143,38529
2026-08-14 12:40:00,72.4193,72.449,72.4094,72.4094,43335
2026-08-14 12:41:00,72.4056,72.4193,72.3995,72.3995,36427
2026-08-14 12:42:00,72.4044,72.4292,72.3896,72.3945,27834
2026-08-14 12:43:00,72.3945,72.4094,72.3896,72.4044,24303
2026-08-14 12:44:00,72.4044,72.4193,72.3896,72.4044,37856
2026-08-14 12:45:00,72.4046,72.4589,72.4044,72.4541,30290
2026-08-14 12:46:00,72.449,72.449,72.4094,72.4094,26469
2026-08-14 12:47:00,72.4094,72.4341,72.4094,72.4232,31568
2026-08-14 12:48:00,72.4242,72.449,72.3995,72.449,25596
2026-08-14 12:49:00,72.4539,72.4589,72.4193,72.4341,42548
2026-08-14 12:50:00,72.4253,72.4253,72.3797,72.3995,54775
2026-08-14 12:51:00,72.3995,72.4093,72.3549,72.3846,73612
2026-08-14 12:52:00,72.3896,72.3896,72.3747,72.3895,15537
2026-08-14 12:53:00,72.3797,72.4044,72.3797,72.3994,25028
2026-08-14 12:54:00,72.3995,72.4292,72.3995,72.4143,34058
2026-08-14 12:55:00,72.4094,72.4589,72.4094,72.4394,41822
2026-08-14 12:56:00,72.444,72.449,72.3995,72.4094,45641
2026-08-14 12:57:00,72.4094,72.4292,72.3945,72.4193,36753
2026-08-14 12:58:00,72.4193,72.4292,72.3995,72.4094,31094
2026-08-14 12:59:00,72.4193,72.4292,72.3995,72.4194,21318
2026-08-14 13:00:00,72.4193,72.4292,72.4094,72.4143,23382
2026-08-14 13:01:00,72.4143,72.4292,72.3995,72.3995,22845
2026-08-14 13:02:00,72.4044,72.4193,72.3995,72.4044,26930
2026-08-14 13:03:00,72.4094,72.4589,72.4044,72.4589,46558
2026-08-14 13:04:00,72.4589,72.4589,72.4051,72.4051,36633
2026-08-14 13:05:00,72.4044,72.4193,72.3995,72.4044,23415
2026-08-14 13:06:00,72.4044,72.4094,72.3747,72.3762,60442
2026-08-14 13:07:00,72.3747,72.3846,72.3252,72.3252,80361
2026-08-14 13:08:00,72.3302,72.3796,72.3005,72.3302,51607
2026-08-14 13:09:00,72.3252,72.3846,72.3252,72.3846,21132
2026-08-14 13:10:00,72.3846,72.4193,72.3698,72.3846,57945
2026-08-14 13:11:00,72.3846,72.3995,72.3698,72.3747,19312
2026-08-14 13:12:00,72.3747,72.3945,72.3549,72.3645,44168
2026-08-14 13:13:00,72.3648,72.4292,72.3599,72.4045,31604
2026-08-14 13:14:00,72.4037,72.4391,72.3995,72.4044,44481
2026-08-14 13:15:00,72.4044,72.444,72.3996,72.4341,27834
2026-08-14 13:16:00,72.4341,72.4391,72.3995,72.4235,40765
2026-08-14 13:17:00,72.4193,72.4242,72.4044,72.4094,29345
2026-08-14 13:18:00,72.4143,72.4193,72.3995,72.4143,35730
2026-08-14 13:19:00,72.4143,72.4292,72.3995,72.4143,38873
2026-08-14 13:20:00,72.4193,72.4193,72.3995,72.4094,35787
2026-08-14 13:21:00,72.4094,72.4391,72.4094,72.4292,32764
2026-08-14 13:22:00,72.4391,72.4589,72.4193,72.4341,39440
2026-08-14 13:23:00,72.4292,72.4391,72.4019,72.4391,29441
2026-08-14 13:24:00,72.4341,72.4391,72.4044,72.4044,15356
2026-08-14 13:25:00,72.4193,72.4391,72.4094,72.4292,29520
2026-08-14 13:26:00,72.4354,72.4589,72.4242,72.4391,47327
2026-08-14 13:27:00,72.444,72.4539,72.4341,72.4539,15976
2026-08-14 13:28:00,72.4512,72.4886,72.444,72.4638,34368
2026-08-14 13:29:00,72.4688,72.4688,72.4094,72.4094,31194
2026-08-14 13:30:00,72.4143,72.4193,72.3995,72.4193,32614
2026-08-14 13:31:00,72.4291,72.444,72.3945,72.4044,38384
2026-08-14 13:32:00,72.4044,72.4193,72.3896,72.4193,23270
2026-08-14 13:33:00,72.4242,72.4391,72.4193,72.4242,24573
2026-08-14 13:34:00,72.4242,72.4292,72.3896,72.3945,34451
2026-08-14 13:35:00,72.3945,72.4242,72.3846,72.3945,28234
2026-08-14 13:36:00,72.3945,72.4292,72.3896,72.4143,48916
2026-08-14 13:37:00,72.4193,72.4193,72.4044,72.4143,21842
2026-08-14 13:38:00,72.4143,72.4242,72.3995,72.4044,26952
2026-08-14 13:39:00,72.4044,72.4292,72.3995,72.4242,41043
2026-08-14 13:40:00,72.4143,72.547,72.4094,72.543,130729
2026-08-14 13:41:00,72.543,72.5677,72.5183,72.5183,70474
2026-08-14 13:42:00,72.5195,72.5529,72.5084,72.543,35665
2026-08-14 13:43:00,72.5479,72.5776,72.5381,72.5479,48604
2026-08-14 13:44:00,72.543,72.5677,72.5184,72.5628,49610
2026-08-14 13:45:00,72.5628,72.5727,72.5479,72.5628,43047
2026-08-14 13:46:00,72.5677,72.5925,72.5529,72.5727,43539
2026-08-14 13:47:00,72.5776,72.5776,72.4985,72.4985,59807
2026-08-14 13:48:00,72.5034,72.5381,72.4886,72.5331,26122
2026-08-14 13:49:00,72.5381,72.6271,72.538,72.5925,100329
2026-08-14 13:50:00,72.5951,72.6073,72.5677,72.5677,55797
2026-08-14 13:51:00,72.5727,72.6271,72.5687,72.6222,39022
2026-08-14 13:52:00,72.6222,72.6618,72.5974,72.6123,95249
2026-08-14 13:53:00,72.6172,72.6321,72.5677,72.5776,140741
2026-08-14 13:54:00,72.5875,72.6042,72.5183,72.5232,53306
2026-08-14 13:55:00,72.5183,72.5331,72.5084,72.5331,35575
2026-08-14 13:56:00,72.5282,72.5974,72.5282,72.5677,37922
2026-08-14 13:57:00,72.5628,72.5628,72.4886,72.5034,31296
2026-08-14 13:58:00,72.4986,72.5084,72.4193,72.4589,62194
2026-08-14 13:59:00,72.4688,72.4886,72.4391,72.4392,28308
2026-08-14 14:00:00,72.444,72.5529,72.4341,72.5084,48504
2026-08-14 14:01:00,72.5084,72.5578,72.4341,72.5578,109726
2026-08-14 14:02:00,72.5578,72.5727,72.5232,72.5381,41073
2026-08-14 14:03:00,72.5479,72.5875,72.5381,72.5702,51398
2026-08-14 14:04:00,72.5628,72.6172,72.5578,72.5925,62414
2026-08-14 14:05:00,72.5875,72.637,72.5875,72.617,54144
2026-08-14 14:06:00,72.6123,72.6568,72.6073,72.6172,82240
2026-08-14 14:07:00,72.6123,72.6172,72.5381,72.5383,70717
2026-08-14 14:08:00,72.5381,72.5578,72.5084,72.5133,27814
2026-08-14 14:09:00,72.5084,72.5331,72.4985,72.5034,115873
2026-08-14 14:10:00,72.4985,72.4985,72.449,72.449,41436
2026-08-14 14:11:00,72.4539,72.4886,72.4292,72.4886,42779
2026-08-14 14:12:00,72.4935,72.5183,72.4836,72.5082,34139
2026-08-14 14:13:00,72.5034,72.5183,72.4886,72.5183,34108
2026-08-14 14:14:00,72.5232,72.5578,72.5133,72.5529,53518
2026-08-14 14:15:00,72.5529,72.5776,72.5479,72.5727,41885
2026-08-14 14:16:00,72.5727,72.5727,72.5479,72.5645,25431
2026-08-14 14:17:00,72.5677,72.5776,72.5282,72.5504,44980
2026-08-14 14:18:00,72.5529,72.5578,72.5331,72.543,26360
2026-08-14 14:19:00,72.543,72.5578,72.5381,72.5479,21297
2026-08-14 14:20:00,72.543,72.5677,72.5183,72.5628,45693
2026-08-14 14:21:00,72.5675,72.5675,72.543,72.5529,21142
2026-08-14 14:22:00,72.5578,72.5628,72.5282,72.5282,20960
2026-08-14 14:23:00,72.5331,72.5925,72.5331,72.5529,42483
2026-08-14 14:24:00,72.5578,72.5974,72.5479,72.5875,20605
2026-08-14 14:25:00,72.5776,72.5875,72.5479,72.5578,55104
2026-08-14 14:26:00,72.5578,72.5875,72.5479,72.5642,43974
2026-08-14 14:27:00,72.5677,72.6222,72.5677,72.5974,36816
2026-08-14 14:28:00,72.6073,72.6073,72.582,72.6024,21311
2026-08-14 14:29:00,72.6024,72.6469,72.6024,72.642,45238
2026-08-14 14:30:00,72.6469,72.6568,72.637,72.642,28962
2026-08-14 14:31:00,72.6436,72.6667,72.6172,72.6469,53902
2026-08-14 14:32:00,72.642,72.6865,72.642,72.6618,40479
2026-08-14 14:33:00,72.6568,72.6816,72.6519,72.6667,39259
2026-08-14 14:34:00,72.6667,72.6964,72.6568,72.6717,58299
2026-08-14 14:35:00,72.6766,72.736,72.6713,72.7113,89317
2026-08-14 14:36:00,72.7113,72.736,72.6964,72.7262,25000
2026-08-14 14:37:00,72.7261,72.736,72.7063,72.7161,36867
2026-08-14 14:38:00,72.7113,72.7558,72.6865,72.6915,105833
2026-08-14 14:39:00,72.6915,72.7063,72.6766,72.7063,37130
2026-08-14 14:40:00,72.7063,72.7558,72.6964,72.736,38426
2026-08-14 14:41:00,72.7459,72.8152,72.7311,72.7954,267522
2026-08-14 14:42:00,72.7951,72.8449,72.7855,72.8351,52827
2026-08-14 14:43:00,72.8449,72.8598,72.8053,72.8103,77336
2026-08-14 14:44:00,72.8103,72.8499,72.7756,72.84,89767
2026-08-14 14:45:00,72.84,72.8499,72.736,72.741,71418
2026-08-14 14:46:00,72.741,72.7905,72.736,72.7529,31226
2026-08-14 14:47:00,72.7509,72.7558,72.6915,72.7212,47440
2026-08-14 14:48:00,72.7192,72.7558,72.7192,72.7212,48406
2026-08-14 14:49:00,72.7162,72.7212,72.6469,72.6813,51639
2026-08-14 14:50:00,72.6864,72.6865,72.6321,72.659,63431
2026-08-14 14:51:00,72.6642,72.7113,72.647,72.6905,43685
2026-08-14 14:52:00,72.6915,72.6964,72.6172,72.6618,60926
2026-08-14 14:53:00,72.6667,72.6915,72.637,72.642,25527
2026-08-14 14:54:00,72.6468,72.6766,72.637,72.6568,28459
2026-08-14 14:55:00,72.6568,72.7014,72.6568,72.7014,46263
2026-08-14 14:56:00,72.6964,72.7261,72.6865,72.7113,50349
2026-08-14 14:57:00,72.7261,72.7458,72.706,72.7311,56969
2026-08-14 14:58:00,72.7311,72.7558,72.7162,72.736,54609
2026-08-14 14:59:00,72.7311,72.7657,72.6865,72.7212,76973
2026-08-14 15:00:00,72.7212,72.7212,72.6667,72.6816,49953
2026-08-14 15:01:00,72.6865,72.7063,72.6692,72.6816,36696
2026-08-14 15:02:00,72.6816,72.7117,72.6766,72.6766,28243
2026-08-14 15:03:00,72.6816,72.7261,72.6766,72.7063,35541
2026-08-14 15:04:00,72.7014,72.7162,72.6469,72.6666,61481
2026-08-14 15:05:00,72.6667,72.6667,72.6123,72.637,71775
2026-08-14 15:06:00,72.6324,72.642,72.5677,72.5727,83019
2026-08-14 15:07:00,72.5775,72.5875,72.5578,72.5628,44896
2026-08-14 15:08:00,72.5628,72.6073,72.5479,72.6024,72682
2026-08-14 15:09:00,72.5974,72.6073,72.5875,72.5915,22796
2026-08-14 15:10:00,72.5876,72.5974,72.5727,72.5925,35122
2026-08-14 15:11:00,72.5876,72.6172,72.5381,72.5479,88974
2026-08-14 15:12:00,72.5479,72.5628,72.5034,72.5484,93519
2026-08-14 15:13:00,72.5438,72.5578,72.5232,72.5529,36613
2026-08-14 15:14:00,72.5529,72.5974,72.5529,72.5925,40611
2026-08-14 15:15:00,72.5925,72.6172,72.5677,72.5875,73162
2026-08-14 15:16:00,72.5974,72.6073,72.5084,72.5084,50632
2026-08-14 15:17:00,72.5133,72.5776,72.5084,72.5578,37688
2026-08-14 15:18:00,72.5628,72.5677,72.5183,72.5529,57689
2026-08-14 15:19:00,72.5529,72.5578,72.5232,72.5232,39506
2026-08-14 15:20:00,72.5232,72.5282,72.4688,72.4836,57637
2026-08-14 15:21:00,72.4836,72.4935,72.4292,72.4292,80657
2026-08-14 15:22:00,72.4341,72.4935,72.4292,72.4935,48437
2026-08-14 15:23:00,72.4985,72.5628,72.4886,72.5479,107394
2026-08-14 15:24:00,72.5529,72.5677,72.5183,72.5232,59943
2026-08-14 15:25:00,72.5232,72.524,72.4836,72.5084,157920
2026-08-14 15:26:00,72.4985,72.6024,72.4985,72.5331,197348
2026-08-14 15:27:00,72.5282,72.5282,72.4638,72.5084,42825
2026-08-14 15:28:00,72.5034,72.5153,72.4787,72.4935,39911
2026-08-14 15:29:00,72.4935,72.5183,72.4688,72.4688,46939
2026-08-14 15:30:00,72.4638,72.4688,72.4292,72.4292,54431
2026-08-14 15:31:00,72.4292,72.4341,72.3648,72.3896,83653
2026-08-14 15:32:00,72.3846,72.4687,72.3846,72.4589,86791
2026-08-14 15:33:00,72.4539,72.4589,72.4193,72.4539,50378
2026-08-14 15:34:00,72.4539,72.4589,72.4193,72.4193,49862
2026-08-14 15:35:00,72.4242,72.4886,72.4242,72.4836,70247
2026-08-14 15:36:00,72.4787,72.4787,72.4391,72.449,42807
2026-08-14 15:37:00,72.449,72.4876,72.444,72.4836,58208
2026-08-14 15:38:00,72.4836,72.5578,72.4787,72.543,75997
2026-08-14 15:39:00,72.543,72.5835,72.5183,72.5776,69483
2026-08-14 15:40:00,72.5727,72.6172,72.5479,72.5875,101516
2026-08-14 15:41:00,72.5826,72.5875,72.5183,72.5183,74834
2026-08-14 15:42:00,72.5232,72.5479,72.5183,72.5185,51906
2026-08-14 15:43:00,72.5232,72.5677,72.5084,72.5628,63520
2026-08-14 15:44:00,72.5628,72.5925,72.5381,72.5381,113264
2026-08-14 15:45:00,72.5381,72.5628,72.5183,72.5479,144929
2026-08-14 15:46:00,72.5479,72.5628,72.4886,72.4985,114438
2026-08-14 15:47:00,72.5034,72.5282,72.4886,72.4985,79616
2026-08-14 15:48:00,72.4984,72.5084,72.4589,72.4836,159678
2026-08-14 15:49:00,72.4836,72.4985,72.4193,72.4935,135467
2026-08-14 15:50:00,72.4886,72.4886,72.3203,72.3401,226414
2026-08-14 15:51:00,72.345,72.3693,72.2064,72.2906,233676
2026-08-14 15:52:00,72.2856,72.3005,72.2361,72.2906,149676
2026-08-14 15:53:00,72.2827,72.2856,72.2411,72.2559,138622
2026-08-14 15:54:00,72.251,72.35,72.246,72.345,191161
2026-08-14 15:55:00,72.35,72.3698,72.2312,72.3104,294473
2026-08-14 15:56:00,72.3153,72.3599,72.3054,72.3203,183976
2026-08-14 15:57:00,72.3302,72.3599,72.2906,72.2906,345993
2026-08-14 15:58:00,72.2856,72.3104,72.2609,72.2658,416787
2026-08-14 15:59:00,72.2708,72.5183,72.2609,72.4341,673043
2026-08-15 09:30:00,72.1672,72.2863,72.1077,72.2202,1025152
2026-08-15 09:31:00,72.1871,72.2218,72.068,72.197,48350
2026-08-15 09:32:00,72.2268,72.2466,71.9985,72.1871,101475
2026-08-15 09:33:00,72.1871,72.5047,72.1739,72.3459,244503
2026-08-15 09:34:00,72.336,72.4451,72.2863,72.3369,59552
2026-08-15 09:35:00,72.3459,72.3459,72.0977,72.1053,58292
2026-08-15 09:36:00,72.1077,72.3161,71.9885,72.3087,95285
2026-08-15 09:37:00,72.3161,72.465,72.3012,72.4303,71711
2026-08-15 09:38:00,72.4452,72.4551,72.3459,72.3955,65775
2026-08-15 09:39:00,72.3955,72.5047,72.3658,72.3658,110040
2026-08-15 09:40:00,72.3757,72.465,72.3261,72.3758,57882
2026-08-15 09:41:00,72.3921,72.5742,72.2963,72.5097,106068
2026-08-15 09:42:00,72.5246,72.5246,72.2963,72.3856,57534
2026-08-15 09:43:00,72.3955,72.5544,72.3806,72.5147,51226
2026-08-15 09:44:00,72.5246,72.5444,72.1672,72.3757,53550
2026-08-15 09:45:00,72.3806,72.4551,72.3658,72.4551,40929
2026-08-15 09:46:00,72.4452,72.5047,72.4154,72.465,49502
2026-08-15 09:47:00,72.4551,72.6239,72.4551,72.5941,68431
2026-08-15 09:48:00,72.5941,72.6536,72.5841,72.5891,52859
2026-08-15 09:49:00,72.5891,72.6338,72.5643,72.6129,52011
2026-08-15 09:50:00,72.6139,72.7926,72.6139,72.7728,96485
2026-08-15 09:51:00,72.7628,72.8224,72.7628,72.8125,40978
2026-08-15 09:52:00,72.8125,72.8224,72.6933,72.7182,47876
2026-08-15 09:53:00,72.7182,72.8025,72.7132,72.7678,32935
2026-08-15 09:54:00,72.7579,72.7579,72.6734,72.7579,39505
2026-08-15 09:55:00,72.7579,72.8025,72.7233,72.8025,27578
2026-08-15 09:56:00,72.8041,72.8571,72.7728,72.8323,48872
2026-08-15 09:57:00,72.8421,72.9018,72.8224,72.9018,30520
2026-08-15 09:58:00,72.9117,72.9365,72.8869,72.9266,39704
2026-08-15 09:59:00,72.9217,72.9266,72.8621,72.877,55034
2026-08-15 10:00:00,72.8819,72.9316,72.8621,72.8819,60200
2026-08-15 10:01:00,72.8819,72.8869,72.7828,72.8621,60347
2026-08-15 10:02:00,72.8548,72.9316,72.8025,72.8025,56091
2026-08-15 10:03:00,72.8075,72.9117,72.8075,72.8671,49094
2026-08-15 10:04:00,72.8819,72.9117,72.8225,72.8671,30333
2026-08-15 10:05:00,72.872,72.9167,72.872,72.8919,38796
2026-08-15 10:06:00,72.8919,72.9266,72.872,72.8869,54126
2026-08-15 10:07:00,72.8819,72.9018,72.8373,72.8671,42049
2026-08-15 10:08:00,72.8691,72.8819,72.8025,72.8522,51270
2026-08-15 10:09:00,72.8671,72.9217,72.8522,72.9216,123325
2026-08-15 10:10:00,72.9117,72.9415,72.9041,72.9217,28403
2026-08-15 10:11:00,72.9217,72.9217,72.7628,72.8274,53511
2026-08-15 10:12:00,72.8224,72.877,72.8025,72.8323,37842
2026-08-15 10:13:00,72.8373,72.8869,72.8125,72.8869,21170
2026-08-15 10:14:00,72.8869,72.9316,72.8869,72.8968,80627
2026-08-15 10:15:00,72.8968,72.9614,72.8919,72.9316,81714
2026-08-15 10:16:00,72.924,72.9564,72.9217,72.9415,58633
2026-08-15 10:17:00,72.9365,72.9365,72.8671,72.9257,64625
2026-08-15 10:18:00,72.9266,72.9266,72.8472,72.877,28317
2026-08-15 10:19:00,72.877,72.877,72.7926,72.8274,43278
2026-08-15 10:20:00,72.8323,72.8919,72.8125,72.8472,50083
2026-08-15 10:21:00,72.8472,72.8594,72.7827,72.7855,28712
2026-08-15 10:22:00,72.7876,72.7926,72.6338,72.6437,81092
2026-08-15 10:23:00,72.6338,72.6834,72.6338,72.6685,31276
2026-08-15 10:24:00,72.6735,72.7132,72.6735,72.7082,33555
2026-08-15 10:25:00,72.7082,72.7529,72.6735,72.6933,39908
2026-08-15 10:26:00,72.6933,72.7281,72.6834,72.6834,26635
2026-08-15 10:27:00,72.6834,72.7876,72.6834,72.733,48799
2026-08-15 10:28:00,72.7281,72.7527,72.6785,72.7281,43921
2026-08-15 10:29:00,72.73,72.7479,72.6834,72.6835,30958
2026-08-15 10:30:00,72.6834,72.7082,72.6437,72.7082,63426
2026-08-15 10:31:00,72.7082,72.7527,72.6933,72.7118,27765
2026-08-15 10:32:00,72.7111,72.7579,72.6834,72.7132,51985
2026-08-15 10:33:00,72.7216,72.738,72.7082,72.7372,19510
2026-08-15 10:34:00,72.7428,72.748,72.6884,72.7386,43964
2026-08-15 10:35:00,72.738,72.7628,72.6884,72.7085,61067
2026-08-15 10:36:00,72.7082,72.8222,72.7082,72.7876,62639
2026-08-15 10:37:00,72.7876,72.8621,72.7827,72.7926,83026
2026-08-15 10:38:00,72.8125,72.8571,72.805,72.8571,20167
2026-08-15 10:39:00,72.858,72.9365,72.858,72.9117,54994
2026-08-15 10:40:00,72.9068,72.9217,72.877,72.9018,44336
2026-08-15 10:41:00,72.8968,72.9217,72.8522,72.9167,24093
2026-08-15 10:42:00,72.9217,72.9911,72.9217,72.9862,85823
2026-08-15 10:43:00,72.9911,73.011,72.9663,72.9713,46630
2026-08-15 10:44:00,72.9614,73.0209,72.9564,72.9961,62451
2026-08-15 10:45:00,72.9911,72.9911,72.8819,72.9167,73074
2026-08-15 10:46:00,72.9167,72.9514,72.9117,72.9514,22105
2026-08-15 10:47:00,72.9465,73.0209,72.9415,73.016,62659
2026-08-15 10:48:00,73.0209,73.0656,72.9862,72.9862,77115
2026-08-15 10:49:00,72.9862,72.9911,72.9317,72.9465,56400
2026-08-15 10:50:00,72.9415,72.9663,72.9117,72.9564,57329
2026-08-15 10:51:00,72.9614,73.0308,72.9614,72.9961,44739
2026-08-15 10:52:00,72.9911,73.0209,72.9564,73.006,49668
2026-08-15 10:53:00,73.006,73.0219,72.9515,72.9564,101271
2026-08-15 10:54:00,72.9564,72.9812,72.9068,72.9266,64587
2026-08-15 10:55:00,72.9316,72.9812,72.9217,72.9353,49076
2026-08-15 10:56:00,72.9365,72.9571,72.9068,72.9068,22580
2026-08-15 10:57:00,72.9068,72.9514,72.8869,72.9266,98838
2026-08-15 10:58:00,72.9266,72.9514,72.9217,72.9316,35621
2026-08-15 10:59:00,72.9217,72.9217,72.872,72.8919,17290
2026-08-15 11:00:00,72.8929,72.9414,72.8919,72.9365,37620
2026-08-15 11:01:00,72.9365,72.9614,72.8968,72.9316,34307
2026-08-15 11:02:00,72.939,73.006,72.9316,72.9763,49281
2026-08-15 11:03:00,72.9763,72.9812,72.8472,72.8646,27825
2026-08-15 11:04:00,72.8662,72.9018,72.8522,72.8522,21620
2026-08-15 11:05:00,72.862,72.8869,72.8324,72.8869,46047
2026-08-15 11:06:00,72.8919,72.9217,72.877,72.8819,40292
2026-08-15 11:07:00,72.877,72.9117,72.8671,72.8671,46042
2026-08-15 11:08:00,72.8621,72.8869,72.8522,72.877,15215
2026-08-15 11:09:00,72.877,72.8869,72.8621,72.872,20644
2026-08-15 11:10:00,72.877,72.8919,72.8069,72.8422,55438
2026-08-15 11:11:00,72.8472,72.8621,72.8472,72.8571,14083
2026-08-15 11:12:00,72.8571,72.9315,72.8545,72.8919,35063
2026-08-15 11:13:00,72.9018,72.9217,72.9018,72.9217,13384
2026-08-15 11:14:00,72.9217,72.9316,72.8968,72.9266,15953
2026-08-15 11:15:00,72.9266,72.9812,72.9266,72.9415,46547
2026-08-15 11:16:00,72.9316,72.9316,72.8472,72.8571,22369
2026-08-15 11:17:00,72.8522,72.9217,72.8521,72.877,46720
2026-08-15 11:18:00,72.872,72.8919,72.8323,72.8522,30884
2026-08-15 11:19:00,72.8423,72.8968,72.8423,72.8968,20809
2026-08-15 11:20:00,72.892,72.9117,72.8522,72.8522,40826
2026-08-15 11:21:00,72.8522,72.9018,72.8522,72.8869,19826
2026-08-15 11:22:00,72.8869,72.9316,72.8869,72.9167,31299
2026-08-15 11:23:00,72.9181,72.9514,72.9167,72.9416,17927
2026-08-15 11:24:00,72.9514,72.9514,72.9117,72.9266,23448
2026-08-15 11:25:00,72.9266,72.9514,72.9068,72.9365,42668
2026-08-15 11:26:00,72.9316,72.9365,72.9117,72.9316,16203
2026-08-15 11:27:00,72.9266,72.9564,72.9018,72.9167,43669
2026-08-15 11:28:00,72.9167,72.9167,72.872,72.9167,24661
2026-08-15 11:29:00,72.9167,72.9365,72.9167,72.9266,20473
2026-08-15 11:30:00,72.9266,72.9415,72.8819,72.8819,33608
2026-08-15 11:31:00,72.8881,72.9117,72.8671,72.8919,44360
2026-08-15 11:32:00,72.8919,72.9018,72.8671,72.8671,41994
2026-08-15 11:33:00,72.8621,72.8671,72.8224,72.8323,42340
2026-08-15 11:34:00,72.8224,72.8422,72.7926,72.7926,59609
2026-08-15 11:35:00,72.7926,72.8125,72.7678,72.7728,23353
2026-08-15 11:36:00,72.7777,72.7926,72.7529,72.7628,20379
2026-08-15 11:37:00,72.7579,72.8224,72.7479,72.7926,39438
2026-08-15 11:38:00,72.7876,72.7876,72.7529,72.7579,9869
2026-08-15 11:39:00,72.7579,72.7827,72.7579,72.7777,19532
2026-08-15 11:40:00,72.7777,72.8422,72.7678,72.7827,44472
2026-08-15 11:41:00,72.7925,72.8421,72.7876,72.8373,36133
2026-08-15 11:42:00,72.8373,72.8501,72.8174,72.8373,21016
2026-08-15 11:43:00,72.8323,72.8522,72.8125,72.8125,18950
2026-08-15 11:44:00,72.8125,72.8224,72.8025,72.814,15072
2026-08-15 11:45:00,72.8125,72.8224,72.7728,72.7752,25713
2026-08-15 11:46:00,72.7728,72.8571,72.7628,72.8571,31272
2026-08-15 11:47:00,72.8522,72.8968,72.8422,72.8919,27259
2026-08-15 11:48:00,72.8919,72.9018,72.877,72.8968,26765
2026-08-15 11:49:00,72.8968,72.9017,72.8819,72.8819,12111
2026-08-15 11:50:00,72.8819,72.9018,72.877,72.877,18660
2026-08-15 11:51:00,72.8819,72.8819,72.8422,72.8422,24667
2026-08-15 11:52:00,72.8373,72.8472,72.8224,72.8472,28677
2026-08-15 11:53:00,72.8458,72.8571,72.8224,72.8472,15399
2026-08-15 11:54:00,72.8443,72.9371,72.8443,72.9279,52860
2026-08-15 11:55:00,72.9316,72.9763,72.9217,72.9763,65644
2026-08-15 11:56:00,72.9812,72.9812,72.9316,72.9564,34698
2026-08-15 11:57:00,72.9514,72.9564,72.8968,72.9346,28932
2026-08-15 11:58:00,72.9365,72.9415,72.9316,72.939,8182
2026-08-15 11:59:00,72.9365,72.9415,72.9217,72.9226,20286
2026-08-15 12:00:00,72.9266,72.9365,72.9117,72.9266,13049
2026-08-15 12:01:00,72.9257,72.9415,72.9117,72.9365,22694
2026-08-15 12:02:00,72.9414,72.9465,72.9217,72.9266,25534
2026-08-15 12:03:00,72.9266,72.9316,72.9018,72.9217,15695
2026-08-15 12:04:00,72.9117,72.9216,72.877,72.9183,31043
2026-08-15 12:05:00,72.9167,72.9216,72.8919,72.9018,10566
2026-08-15 12:06:00,72.9018,72.9068,72.8523,72.877,23215
2026-08-15 12:07:00,72.8819,72.8819,72.8621,72.872,7727
2026-08-15 12:08:00,72.872,72.9018,72.872,72.872,20005
2026-08-15 12:09:00,72.877,72.8919,72.8224,72.8224,17559
2026-08-15 12:10:00,72.8274,72.8621,72.8274,72.8323,28088
2026-08-15 12:11:00,72.8373,72.8583,72.8025,72.8125,17308
2026-08-15 12:12:00,72.8075,72.8224,72.8025,72.8025,21237
2026-08-15 12:13:00,72.8025,72.8373,72.8025,72.8373,23894
2026-08-15 12:14:00,72.8422,72.8522,72.8075,72.8274,17698
2026-08-15 12:15:00,72.8323,72.8621,72.8323,72.8621,13770
2026-08-15 12:16:00,72.8571,72.8671,72.8472,72.8522,20367
2026-08-15 12:17:00,72.8571,72.8671,72.8522,72.8522,13817
2026-08-15 12:18:00,72.8579,72.8621,72.8522,72.8621,5655
2026-08-15 12:19:00,72.8522,72.8621,72.8174,72.8373,26834
2026-08-15 12:20:00,72.8224,72.8422,72.8174,72.8274,13152
2026-08-15 12:21:00,72.8274,72.8274,72.8025,72.8075,10777
2026-08-15 12:22:00,72.8075,72.8571,72.8075,72.8323,19106
2026-08-15 12:23:00,72.8272,72.8522,72.8224,72.8274,23866
2026-08-15 12:24:00,72.8274,72.8323,72.8125,72.8224,13952
2026-08-15 12:25:00,72.8174,72.8621,72.8025,72.8025,33250
2026-08-15 12:26:00,72.8025,72.8422,72.8025,72.8422,24176
2026-08-15 12:27:00,72.8323,72.8621,72.8125,72.8373,37706
2026-08-15 12:28:00,72.8373,72.8621,72.8224,72.8472,42804
2026-08-15 12:29:00,72.8472,72.8671,72.8422,72.8422,55624
2026-08-15 12:30:00,72.8422,72.8621,72.8025,72.8174,42824
2026-08-15 12:31:00,72.8174,72.8522,72.8125,72.8421,23401
2026-08-15 12:32:00,72.833,72.8522,72.8274,72.8522,17081
2026-08-15 12:33:00,72.8522,72.8719,72.8522,72.8671,22311
2026-08-15 12:34:00,72.8621,72.8819,72.8621,72.8621,20466
2026-08-15 12:35:00,72.872,72.877,72.8621,72.8671,24628
2026-08-15 12:36:00,72.8671,72.9018,72.8522,72.8968,25943
2026-08-15 12:37:00,72.8919,72.9018,72.8422,72.8522,43864
2026-08-15 12:38:00,72.8571,72.8571,72.8125,72.8274,18624
2026-08-15 12:39:00,72.8274,72.8373,72.7926,72.7926,24314
2026-08-15 12:40:00,72.7827,72.7827,72.7728,72.7777,25336
2026-08-15 12:41:00,72.7777,72.7827,72.7281,72.7281,19500
2026-08-15 12:42:00,72.7231,72.733,72.6983,72.7132,36998
2026-08-15 12:43:00,72.7182,72.7231,72.6933,72.6934,19234
2026-08-15 12:44:00,72.6983,72.7268,72.6933,72.7031,29112
2026-08-15 12:45:00,72.7033,72.7033,72.6884,72.6983,8623
2026-08-15 12:46:00,72.6933,72.6933,72.6338,72.6636,35037
2026-08-15 12:47:00,72.6586,72.6636,72.6338,72.6636,32369
2026-08-15 12:48:00,72.6735,72.6735,72.6636,72.6636,4548
2026-08-15 12:49:00,72.6641,72.6785,72.6437,72.6437,28471
2026-08-15 12:50:00,72.6536,72.6586,72.6338,72.6536,21377
2026-08-15 12:51:00,72.6586,72.6636,72.6387,72.6479,22084
2026-08-15 12:52:00,72.6437,72.6586,72.6338,72.6487,13600
2026-08-15 12:53:00,72.6536,72.6735,72.6239,72.6463,29992
2026-08-15 12:54:00,72.6487,72.6636,72.6338,72.6338,19000
2026-08-15 12:55:00,72.6338,72.6735,72.6338,72.6735,23199
2026-08-15 12:56:00,72.6785,72.7182,72.6785,72.7182,24216
2026-08-15 12:57:00,72.7182,72.7281,72.7142,72.7231,13682
2026-08-15 12:58:00,72.733,72.733,72.6884,72.6884,23620
2026-08-15 12:59:00,72.6933,72.7281,72.6884,72.7182,20750
2026-08-15 13:00:00,72.7182,72.7231,72.7082,72.7182,8497
2026-08-15 13:01:00,72.7182,72.7182,72.6536,72.6536,24222
2026-08-15 13:02:00,72.6487,72.6586,72.6437,72.6487,16980
2026-08-15 13:03:00,72.6437,72.6536,72.6338,72.6338,17238
2026-08-15 13:04:00,72.6339,72.6636,72.6338,72.6436,13168
2026-08-15 13:05:00,72.6387,72.6387,72.604,72.604,23373
2026-08-15 13:06:00,72.599,72.6139,72.5792,72.5891,27765
2026-08-15 13:07:00,72.5891,72.604,72.5891,72.599,11892
2026-08-15 13:08:00,72.6039,72.604,72.5345,72.5376,30647
2026-08-15 13:09:00,72.5382,72.5395,72.5296,72.5395,28599
2026-08-15 13:10:00,72.5395,72.5494,72.5246,72.5494,55359
2026-08-15 13:11:00,72.5494,72.5693,72.5345,72.5445,29996
2026-08-15 13:12:00,72.5494,72.5544,72.5246,72.5395,14842
2026-08-15 13:13:00,72.5443,72.5444,72.5047,72.5097,21677
2026-08-15 13:14:00,72.5097,72.5147,72.5047,72.5097,9504
2026-08-15 13:15:00,72.5097,72.5395,72.4998,72.5395,32782
2026-08-15 13:16:00,72.5395,72.5415,72.5345,72.5345,7709
2026-08-15 13:17:00,72.5395,72.5444,72.5296,72.5345,15607
2026-08-15 13:18:00,72.5345,72.5593,72.5345,72.5593,27079
2026-08-15 13:19:00,72.5593,72.5742,72.559,72.5693,20709
2026-08-15 13:20:00,72.5693,72.5742,72.5395,72.5494,17337
2026-08-15 13:21:00,72.5494,72.5593,72.5395,72.5494,20834
2026-08-15 13:22:00,72.5544,72.5693,72.5395,72.5693,20528
2026-08-15 13:23:00,72.5741,72.5792,72.5544,72.5642,18612
2026-08-15 13:24:00,72.5628,72.5643,72.5345,72.5395,30599
2026-08-15 13:25:00,72.5345,72.5642,72.5345,72.5593,15769
2026-08-15 13:26:00,72.5643,72.5693,72.5544,72.5593,21667
2026-08-15 13:27:00,72.5643,72.5742,72.5345,72.5742,24535
2026-08-15 13:28:00,72.5792,72.584,72.5693,72.5792,11930
2026-08-15 13:29:00,72.5792,72.5805,72.5494,72.5543,24614
2026-08-15 13:30:00,72.5544,72.5792,72.5494,72.5593,18462
2026-08-15 13:31:00,72.5593,72.5891,72.5593,72.5891,15669
2026-08-15 13:32:00,72.5891,72.5941,72.5742,72.5774,15373
2026-08-15 13:33:00,72.5841,72.604,72.5792,72.6039,10718
2026-08-15 13:34:00,72.599,72.6239,72.599,72.609,21450
2026-08-15 13:35:00,72.609,72.609,72.5742,72.5841,21087
2026-08-15 13:36:00,72.594,72.604,72.5891,72.5972,13184
2026-08-15 13:37:00,72.5941,72.609,72.5792,72.5891,27135
2026-08-15 13:38:00,72.5841,72.5941,72.5693,72.5891,16827
2026-08-15 13:39:00,72.5941,72.604,72.5941,72.599,16908
2026-08-15 13:40:00,72.604,72.604,72.5841,72.5943,13241
2026-08-15 13:41:00,72.599,72.604,72.5544,72.5941,44083
2026-08-15 13:42:00,72.5891,72.604,72.5544,72.5693,27662
2026-08-15 13:43:00,72.5643,72.5792,72.5544,72.5743,25358
2026-08-15 13:44:00,72.5825,72.5909,72.5742,72.5841,15082
2026-08-15 13:45:00,72.5841,72.5841,72.5444,72.5494,20573
2026-08-15 13:46:00,72.5444,72.5544,72.5395,72.5443,15036
2026-08-15 13:47:00,72.5395,72.5494,72.5147,72.5296,25548
2026-08-15 13:48:00,72.5296,72.5742,72.5246,72.5643,29800
2026-08-15 13:49:00,72.5742,72.6189,72.5742,72.6189,22247
2026-08-15 13:50:00,72.6189,72.6536,72.5643,72.5693,66320
2026-08-15 13:51:00,72.5693,72.5841,72.5693,72.5841,8766
2026-08-15 13:52:00,72.5792,72.5841,72.5643,72.5792,27606
2026-08-15 13:53:00,72.5792,72.5841,72.5693,72.5792,20278
2026-08-15 13:54:00,72.5792,72.584,72.5643,72.5792,27922
2026-08-15 13:55:00,72.5792,72.604,72.5742,72.6039,37303
2026-08-15 13:56:00,72.599,72.609,72.5841,72.609,27375
2026-08-15 13:57:00,72.6113,72.6437,72.609,72.6387,29202
2026-08-15 13:58:00,72.6387,72.6785,72.6387,72.6735,22092
2026-08-15 13:59:00,72.6735,72.7218,72.6735,72.7132,35140
2026-08-15 14:00:00,72.7182,72.749,72.7033,72.7329,28681
2026-08-15 14:01:00,72.7281,72.7396,72.7082,72.733,33065
2026-08-15 14:02:00,72.733,72.733,72.7231,72.7281,17087
2026-08-15 14:03:00,72.733,72.733,72.7132,72.7182,31246
2026-08-15 14:04:00,72.7183,72.7678,72.7132,72.7628,75448
2026-08-15 14:05:00,72.7579,72.7728,72.7579,72.7703,42478
2026-08-15 14:06:00,72.7674,72.7827,72.7674,72.7777,19426
2026-08-15 14:07:00,72.7827,72.8323,72.7777,72.8274,19969
2026-08-15 14:08:00,72.8323,72.8323,72.7678,72.8124,33633
2026-08-15 14:09:00,72.8125,72.8224,72.7926,72.7976,21726
2026-08-15 14:10:00,72.7926,72.8125,72.7926,72.8075,16868
2026-08-15 14:11:00,72.8075,72.8125,72.8025,72.8125,7948
2026-08-15 14:12:00,72.8174,72.8323,72.8174,72.8274,25213
2026-08-15 14:13:00,72.8323,72.8323,72.7827,72.8025,26847
2026-08-15 14:14:00,72.8025,72.8224,72.8025,72.8174,16464
2026-08-15 14:15:00,72.8174,72.8221,72.8025,72.815,33616
2026-08-15 14:16:00,72.8174,72.8224,72.8025,72.8075,15224
2026-08-15 14:17:00,72.809,72.8181,72.7926,72.7926,34430
2026-08-15 14:18:00,72.7976,72.8025,72.7231,72.743,53347
2026-08-15 14:19:00,72.7528,72.7678,72.743,72.7479,20329
2026-08-15 14:20:00,72.7479,72.7628,72.7231,72.7231,29432
2026-08-15 14:21:00,72.7329,72.74,72.7132,72.74,17777
2026-08-15 14:22:00,72.733,72.7529,72.7231,72.738,26754
2026-08-15 14:23:00,72.738,72.7529,72.7281,72.733,21674
2026-08-15 14:24:00,72.7366,72.7529,72.733,72.738,23228
2026-08-15 14:25:00,72.743,72.7628,72.743,72.7479,23231
2026-08-15 14:26:00,72.7479,72.7628,72.743,72.7579,16029
2026-08-15 14:27:00,72.7579,72.7728,72.7529,72.7728,18774
2026-08-15 14:28:00,72.7728,72.8075,72.7728,72.8025,30385
2026-08-15 14:29:00,72.8025,72.8025,72.7678,72.7876,23550
2026-08-15 14:30:00,72.7926,72.8025,72.7759,72.7777,20246
2026-08-15 14:31:00,72.7777,72.7926,72.7529,72.7588,30452
2026-08-15 14:32:00,72.7529,72.7529,72.7182,72.733,32433
2026-08-15 14:33:00,72.733,72.7407,72.7231,72.738,9851
2026-08-15 14:34:00,72.7429,72.743,72.733,72.743,14394
2026-08-15 14:35:00,72.7479,72.7479,72.7231,72.7231,21791
2026-08-15 14:36:00,72.7281,72.7529,72.7281,72.7479,11301
2026-08-15 14:37:00,72.7479,72.7728,72.7479,72.7728,11373
2026-08-15 14:38:00,72.7657,72.7678,72.7479,72.7479,27079
2026-08-15 14:39:00,72.7479,72.7628,72.743,72.7579,25686
2026-08-15 14:40:00,72.7607,72.7607,72.7132,72.743,28438
2026-08-15 14:41:00,72.743,72.7529,72.6834,72.6834,22920
2026-08-15 14:42:00,72.6834,72.7132,72.6536,72.6586,53905
2026-08-15 14:43:00,72.6586,72.6834,72.6487,72.6701,37619
2026-08-15 14:44:00,72.6685,72.6734,72.6539,72.6539,18734
2026-08-15 14:45:00,72.6586,72.6636,72.6536,72.6536,14424
2026-08-15 14:46:00,72.6611,72.6636,72.6189,72.6288,30205
2026-08-15 14:47:00,72.6239,72.6338,72.6139,72.6288,10385
2026-08-15 14:48:00,72.6288,72.6536,72.6139,72.6536,28449
2026-08-15 14:49:00,72.6536,72.6586,72.6338,72.6487,23604
2026-08-15 14:50:00,72.6486,72.6933,72.6486,72.6933,17823
2026-08-15 14:51:00,72.6933,72.7082,72.6785,72.6932,38936
2026-08-15 14:52:00,72.6933,72.733,72.6884,72.7182,45891
2026-08-15 14:53:00,72.7196,72.733,72.7033,72.7182,17244
2026-08-15 14:54:00,72.7133,72.7182,72.6933,72.7082,16476
2026-08-15 14:55:00,72.7082,72.738,72.6933,72.7281,32303
2026-08-15 14:56:00,72.733,72.7529,72.733,72.7529,17164
2026-08-15 14:57:00,72.7529,72.7728,72.7529,72.7707,32362
2026-08-15 14:58:00,72.7678,72.7678,72.7579,72.7678,25128
2026-08-15 14:59:00,72.7678,72.8025,72.7629,72.7826,48732
2026-08-15 15:00:00,72.7777,72.8373,72.7728,72.8274,54614
2026-08-15 15:01:00,72.8292,72.877,72.8292,72.8671,40142
2026-08-15 15:02:00,72.8671,72.872,72.8422,72.8472,31964
2026-08-15 15:03:00,72.8522,72.8819,72.8472,72.877,33254
2026-08-15 15:04:00,72.872,72.8919,72.8621,72.872,40548
2026-08-15 15:05:00,72.8682,72.8869,72.8634,72.8819,15573
2026-08-15 15:06:00,72.8869,72.8968,72.872,72.8919,40023
2026-08-15 15:07:00,72.8968,72.8977,72.872,72.872,41598
2026-08-15 15:08:00,72.872,72.872,72.8522,72.8571,23045
2026-08-15 15:09:00,72.8522,72.8621,72.8125,72.8125,38831
2026-08-15 15:10:00,72.8125,72.8621,72.8125,72.8522,73661
2026-08-15 15:11:00,72.8571,72.872,72.8422,72.8657,33963
2026-08-15 15:12:00,72.8671,72.8919,72.8671,72.877,29341
2026-08-15 15:13:00,72.877,72.9217,72.877,72.9167,26886
2026-08-15 15:14:00,72.9167,72.9266,72.8919,72.9018,53846
2026-08-15 15:15:00,72.9018,72.9117,72.8919,72.9117,32152
2026-08-15 15:16:00,72.9068,72.9117,72.8819,72.9117,39905
2026-08-15 15:17:00,72.9117,72.9117,72.8621,72.8819,46056
2026-08-15 15:18:00,72.8818,72.8819,72.8621,72.877,26317
2026-08-15 15:19:00,72.877,72.8819,72.8621,72.8671,30411
2026-08-15 15:20:00,72.8671,72.8818,72.8621,72.872,31951
2026-08-15 15:21:00,72.877,72.8869,72.8522,72.8869,48391
2026-08-15 15:22:00,72.8869,72.8869,72.872,72.877,23414
2026-08-15 15:23:00,72.872,72.872,72.8323,72.8373,27879
2026-08-15 15:24:00,72.8384,72.8522,72.8035,72.8075,45296
2026-08-15 15:25:00,72.8075,72.8224,72.8025,72.8075,27774
2026-08-15 15:26:00,72.8075,72.8075,72.7628,72.7876,34941
2026-08-15 15:27:00,72.7876,72.7976,72.7827,72.7927,15677
2026-08-15 15:28:00,72.7976,72.8125,72.7926,72.8075,33552
2026-08-15 15:29:00,72.8081,72.8125,72.7827,72.7876,41260
2026-08-15 15:30:00,72.7837,72.7976,72.7579,72.7579,55197
2026-08-15 15:31:00,72.7628,72.7777,72.733,72.7773,45188
2026-08-15 15:32:00,72.7827,72.7926,72.733,72.733,45034
2026-08-15 15:33:00,72.733,72.743,72.7033,72.738,31947
2026-08-15 15:34:00,72.738,72.743,72.6995,72.7053,30536
2026-08-15 15:35:00,72.7082,72.7082,72.6685,72.6785,50258
2026-08-15 15:36:00,72.6785,72.6834,72.6437,72.6536,54604
2026-08-15 15:37:00,72.6536,72.6586,72.604,72.604,44752
2026-08-15 15:38:00,72.604,72.604,72.5693,72.5841,83393
2026-08-15 15:39:00,72.5891,72.5891,72.5444,72.5454,38645
2026-08-15 15:40:00,72.5494,72.5941,72.5446,72.5643,74768
2026-08-15 15:41:00,72.5742,72.6288,72.5742,72.599,43863
2026-08-15 15:42:00,72.5941,72.6338,72.5792,72.591,52328
2026-08-15 15:43:00,72.594,72.6338,72.594,72.6288,49371
2026-08-15 15:44:00,72.6338,72.7231,72.6139,72.7182,63857
2026-08-15 15:45:00,72.7182,72.723,72.6834,72.6884,61996
2026-08-15 15:46:00,72.6884,72.6983,72.6387,72.6387,53428
2026-08-15 15:47:00,72.6387,72.6635,72.604,72.6487,65093
2026-08-15 15:48:00,72.6487,72.6636,72.6348,72.6586,46911
2026-08-15 15:49:00,72.6536,72.6536,72.5643,72.5693,77850
2026-08-15 15:50:00,72.5742,72.604,72.5544,72.5941,94496
2026-08-15 15:51:00,72.5941,72.6288,72.5841,72.6189,73932
2026-08-15 15:52:00,72.6189,72.6636,72.604,72.6103,76268
2026-08-15 15:53:00,72.6139,72.6636,72.599,72.6586,93526
2026-08-15 15:54:00,72.6586,72.6983,72.6536,72.6933,91833
2026-08-15 15:55:00,72.6983,72.7281,72.6933,72.7132,100586
2026-08-15 15:56:00,72.7132,72.7628,72.6685,72.6859,147381
2026-08-15 15:57:00,72.6933,72.7628,72.6933,72.7252,173691
2026-08-15 15:58:00,72.7281,72.8522,72.7241,72.8422,241346
2026-08-15 15:59:00,72.8422,72.9564,72.8422,72.9117,446333
2026-08-18 09:30:00,72.8522,72.9514,72.8025,72.9415,342933
2026-08-18 09:31:00,72.9217,72.9316,72.8621,72.9217,32896
2026-08-18 09:32:00,72.9217,73.0308,72.9117,72.9911,30652
2026-08-18 09:33:00,72.9911,73.14,72.9714,73.0656,42930
2026-08-18 09:34:00,73.0606,73.1996,73.0408,73.1897,35788
2026-08-18 09:35:00,73.1996,73.2095,73.0276,73.0606,53746
2026-08-18 09:36:00,73.0805,73.14,73.0606,73.1103,31435
2026-08-18 09:37:00,73.1202,73.2393,73.1202,73.2294,59446
2026-08-18 09:38:00,73.2195,73.3138,73.2195,73.2989,65985
2026-08-18 09:39:00,73.2889,73.3386,73.2384,73.2492,50651
2026-08-18 09:40:00,73.2505,73.3187,73.2294,73.2691,25865
2026-08-18 09:41:00,73.2741,73.2989,73.2195,73.2294,43074
2026-08-18 09:42:00,73.2195,73.2244,73.0954,73.0954,47484
2026-08-18 09:43:00,73.1003,73.1202,73.0755,73.1152,32911
2026-08-18 09:44:00,73.1152,73.1202,73.0209,73.0308,27128
2026-08-18 09:45:00,73.0408,73.1003,73.0408,73.0408,31291
2026-08-18 09:46:00,73.0457,73.0457,72.9663,72.9814,22480
2026-08-18 09:47:00,72.9812,73.011,72.9514,72.9614,27323
2026-08-18 09:48:00,72.9713,73.0308,72.9614,73.011,31935
2026-08-18 09:49:00,73.006,73.0408,73.0011,73.0101,18821
2026-08-18 09:50:00,73.0011,73.0308,72.9465,73.0209,29043
2026-08-18 09:51:00,73.0209,73.0606,73.0096,73.0507,22888
2026-08-18 09:52:00,73.0532,73.0606,73.0011,73.0259,25913
2026-08-18 09:53:00,73.0259,73.0805,73.0259,73.0805,20749
2026-08-18 09:54:00,73.0755,73.1758,73.0755,73.1599,29162
2026-08-18 09:55:00,73.1698,73.2592,73.1649,73.2592,46835
2026-08-18 09:56:00,73.2592,73.2691,73.2294,73.2294,42611
2026-08-18 09:57:00,73.2248,73.2989,73.2244,73.2989,24020
2026-08-18 09:58:00,73.2989,73.3386,73.284,73.3237,37945
2026-08-18 09:59:00,73.3336,73.4031,73.3188,73.3981,39714
2026-08-18 10:00:00,73.3932,73.418,73.284,73.3187,48210
2026-08-18 10:01:00,73.3038,73.3386,73.2095,73.2145,39043
2026-08-18 10:02:00,73.2145,73.2195,73.1698,73.2046,28860
2026-08-18 10:03:00,73.1996,73.1996,73.1649,73.1996,24009
2026-08-18 10:04:00,73.1897,73.2393,73.1698,73.2145,29159
2026-08-18 10:05:00,73.2195,73.2492,73.1897,73.2095,22417
2026-08-18 10:06:00,73.2195,73.2592,73.2144,73.2393,25789
2026-08-18 10:07:00,73.2393,73.284,73.2343,73.279,23390
2026-08-18 10:08:00,73.2691,73.3187,73.2593,73.2691,29946
2026-08-18 10:09:00,73.2641,73.279,73.2492,73.2667,19256
2026-08-18 10:10:00,73.2641,73.3088,73.2492,73.3038,40165
2026-08-18 10:11:00,73.3038,73.3088,73.2469,73.2741,29306
2026-08-18 10:12:00,73.2741,73.3485,73.2741,73.3435,56922
2026-08-18 10:13:00,73.3392,73.3733,73.2593,73.2593,40843
2026-08-18 10:14:00,73.2641,73.279,73.247,73.247,21632
2026-08-18 10:15:00,73.2443,73.2785,73.2294,73.2785,25888
2026-08-18 10:16:00,73.279,73.2865,73.2592,73.284,44063
2026-08-18 10:17:00,73.2889,73.2889,73.2195,73.2195,54303
2026-08-18 10:18:00,73.2145,73.2145,73.15,73.1946,50292
2026-08-18 10:19:00,73.2041,73.2542,73.1897,73.2046,35117
2026-08-18 10:20:00,73.1996,73.2046,73.1718,73.178,16854
2026-08-18 10:21:00,73.1698,73.2145,73.1698,73.2046,36815
2026-08-18 10:22:00,73.2046,73.2195,73.1798,73.2145,26895
2026-08-18 10:23:00,73.2195,73.2294,73.1897,73.1946,78859
2026-08-18 10:24:00,73.1946,73.2789,73.1946,73.2592,20145
2026-08-18 10:25:00,73.2592,73.2989,73.2592,73.2789,32493
2026-08-18 10:26:00,73.2741,73.2989,73.2641,73.2964,25832
2026-08-18 10:27:00,73.2939,73.2989,73.2641,73.2939,18334
2026-08-18 10:28:00,73.2939,73.2989,73.2592,73.279,30926
2026-08-18 10:29:00,73.2741,73.2989,73.2492,73.2492,20385
2026-08-18 10:30:00,73.2492,73.279,73.2343,73.2741,28338
2026-08-18 10:31:00,73.2741,73.2744,73.2542,73.2641,20281
2026-08-18 10:32:00,73.2641,73.2691,73.2046,73.2046,22050
2026-08-18 10:33:00,73.2046,73.2592,73.1946,73.2542,18909
2026-08-18 10:34:00,73.2592,73.2592,73.234,73.234,19958
2026-08-18 10:35:00,73.2393,73.2492,73.1996,73.2095,18587
2026-08-18 10:36:00,73.2046,73.2592,73.2011,73.2542,26984
2026-08-18 10:37:00,73.2542,73.2641,73.2492,73.2592,13599
2026-08-18 10:38:00,73.2542,73.2741,73.2443,73.2574,26120
2026-08-18 10:39:00,73.2542,73.2592,73.2393,73.2492,20279
2026-08-18 10:40:00,73.2518,73.2592,73.2343,73.2368,20233
2026-08-18 10:41:00,73.2294,73.2592,73.2244,73.2542,16145
2026-08-18 10:42:00,73.2542,73.2641,73.2393,73.2542,32563
2026-08-18 10:43:00,73.2542,73.2592,73.2195,73.2294,16191
2026-08-18 10:44:00,73.2294,73.2641,73.2195,73.2592,17182
2026-08-18 10:45:00,73.2641,73.279,73.2592,73.2741,19358
2026-08-18 10:46:00,73.2741,73.279,73.2641,73.2641,18722
2026-08-18 10:47:00,73.2641,73.2742,73.2592,73.2592,21007
2026-08-18 10:48:00,73.2641,73.269,73.2343,73.2492,37294
2026-08-18 10:49:00,73.2492,73.279,73.2492,73.2741,20163
2026-08-18 10:50:00,73.2785,73.2867,73.2641,73.2641,41076
2026-08-18 10:51:00,73.2691,73.279,73.2195,73.2294,17353
2026-08-18 10:52:00,73.2294,73.2343,73.2145,73.2294,14352
2026-08-18 10:53:00,73.2343,73.2592,73.2195,73.2592,20943
2026-08-18 10:54:00,73.2567,73.2567,73.2294,73.2542,15833
2026-08-18 10:55:00,73.2492,73.279,73.2393,73.2789,16890
2026-08-18 10:56:00,73.2691,73.2691,73.2492,73.2641,18970
2026-08-18 10:57:00,73.2691,73.279,73.2641,73.2691,16577
2026-08-18 10:58:00,73.2741,73.2889,73.2691,73.2889,16976
2026-08-18 10:59:00,73.2889,73.2889,73.2592,73.2641,21979
2026-08-18 11:00:00,73.2592,73.2789,73.2592,73.2641,12182
2026-08-18 11:01:00,73.2691,73.2889,73.2691,73.2889,13036
2026-08-18 11:02:00,73.2889,73.2989,73.284,73.2939,17074
2026-08-18 11:03:00,73.2939,73.3088,73.2889,73.3038,13627
2026-08-18 11:04:00,73.3038,73.3063,73.2826,73.284,15577
2026-08-18 11:05:00,73.2833,73.2889,73.2641,73.284,35578
2026-08-18 11:06:00,73.284,73.2889,73.2641,73.284,13870
2026-08-18 11:07:00,73.279,73.284,73.2592,73.2691,9625
2026-08-18 11:08:00,73.2691,73.279,73.2641,73.2788,12592
2026-08-18 11:09:00,73.2741,73.279,73.2492,73.2542,23240
2026-08-18 11:10:00,73.2493,73.279,73.2492,73.2741,24795
2026-08-18 11:11:00,73.2741,73.279,73.2294,73.2492,20591
2026-08-18 11:12:00,73.2443,73.2691,73.2443,73.2592,15100
2026-08-18 11:13:00,73.2691,73.279,73.2641,73.2741,13579
2026-08-18 11:14:00,73.2789,73.3386,73.2691,73.3283,54408
2026-08-18 11:15:00,73.3237,73.3634,73.3237,73.3287,26689
2026-08-18 11:16:00,73.3386,73.3386,73.3187,73.3187,15238
2026-08-18 11:17:00,73.3235,73.3287,73.3088,73.3138,13388
2026-08-18 11:18:00,73.3138,73.3187,73.2989,73.3038,17243
2026-08-18 11:19:00,73.3038,73.3285,73.299,73.3237,14105
2026-08-18 11:20:00,73.3237,73.3237,73.284,73.284,13970
2026-08-18 11:21:00,73.284,73.2989,73.279,73.2939,11602
2026-08-18 11:22:00,73.2939,73.2989,73.2889,73.2939,14606
2026-08-18 11:23:00,73.2957,73.2989,73.284,73.284,13682
2026-08-18 11:24:00,73.2878,73.3187,73.284,73.3138,23562
2026-08-18 11:25:00,73.3138,73.3187,73.3088,73.3138,14175
2026-08-18 11:26:00,73.3138,73.3187,73.3088,73.3138,13416
2026-08-18 11:27:00,73.3187,73.3187,73.2991,73.3038,17231
2026-08-18 11:28:00,73.3038,73.3287,73.3038,73.3088,28724
2026-08-18 11:29:00,73.3139,73.3187,73.3088,73.3138,15381
2026-08-18 11:30:00,73.3187,73.3287,73.3138,73.3237,20236
2026-08-18 11:31:00,73.3234,73.3287,73.279,73.284,17125
2026-08-18 11:32:00,73.284,73.3187,73.284,73.3138,16973
2026-08-18 11:33:00,73.3138,73.3237,73.3088,73.3138,13016
2026-08-18 11:34:00,73.3187,73.3187,73.2989,73.3038,13030
2026-08-18 11:35:00,73.3038,73.3287,73.2989,73.3237,18045
2026-08-18 11:36:00,73.3237,73.3386,73.3187,73.3237,18911
2026-08-18 11:37:00,73.3237,73.3386,73.3187,73.3336,21368
2026-08-18 11:38:00,73.3386,73.3386,73.3187,73.3237,12242
2026-08-18 11:39:00,73.3237,73.3287,73.3038,73.3287,19504
2026-08-18 11:40:00,73.3237,73.3336,73.3187,73.3336,16369
2026-08-18 11:41:00,73.3386,73.3386,73.3187,73.3237,18470
2026-08-18 11:42:00,73.3287,73.3287,73.3038,73.3187,15626
2026-08-18 11:43:00,73.3138,73.3386,73.3138,73.3336,10663
2026-08-18 11:44:00,73.3287,73.3287,73.3088,73.3152,15085
2026-08-18 11:45:00,73.3088,73.3386,73.3088,73.3386,13938
2026-08-18 11:46:00,73.3336,73.3684,73.3336,73.3684,21170
2026-08-18 11:47:00,73.3684,73.3684,73.3187,73.3336,21462
2026-08-18 11:48:00,73.3386,73.3485,73.3336,73.3435,10802
2026-08-18 11:49:00,73.3435,73.3584,73.3386,73.3435,19331
2026-08-18 11:50:00,73.3386,73.3485,73.3336,73.3485,14659
2026-08-18 11:51:00,73.3435,73.3783,73.3386,73.3485,220938
2026-08-18 11:52:00,73.3435,73.3584,73.3386,73.3584,9114
2026-08-18 11:53:00,73.3584,73.3584,73.3485,73.3535,9060
2026-08-18 11:54:00,73.3535,73.3882,73.3535,73.3832,18869
2026-08-18 11:55:00,73.3783,73.3783,73.3485,73.3535,16603
2026-08-18 11:56:00,73.357,73.3684,73.3336,73.3336,15599
2026-08-18 11:57:00,73.3336,73.3336,73.3038,73.3038,40753
2026-08-18 11:58:00,73.3038,73.3187,73.2791,73.3187,25238
2026-08-18 11:59:00,73.3138,73.3187,73.2889,73.3038,20042
2026-08-18 12:00:00,73.3038,73.3187,73.3038,73.3038,11447
2026-08-18 12:01:00,73.3038,73.3138,73.2692,73.2789,28002
2026-08-18 12:02:00,73.2741,73.3187,73.2741,73.3138,13176
2026-08-18 12:03:00,73.3187,73.3287,73.2889,73.2989,23925
2026-08-18 12:04:00,73.2889,73.2889,73.2641,73.2691,15218
2026-08-18 12:05:00,73.2638,73.279,73.2493,73.279,16337
2026-08-18 12:06:00,73.2741,73.2939,73.2641,73.2691,17205
2026-08-18 12:07:00,73.2641,73.284,73.2592,73.284,9408
2026-08-18 12:08:00,73.2889,73.2889,73.2493,73.2641,12864
2026-08-18 12:09:00,73.2691,73.279,73.2639,73.2741,12750
2026-08-18 12:10:00,73.279,73.2989,73.279,73.2939,7548
2026-08-18 12:11:00,73.2889,73.2889,73.2691,73.279,11575
2026-08-18 12:12:00,73.2746,73.279,73.2592,73.2641,16723
2026-08-18 12:13:00,73.2641,73.279,73.2592,73.279,6159
2026-08-18 12:14:00,73.2741,73.279,73.2641,73.2641,10557
2026-08-18 12:15:00,73.2691,73.2889,73.2691,73.284,23663
2026-08-18 12:16:00,73.279,73.2976,73.279,73.2939,16611
2026-08-18 12:17:00,73.2889,73.2989,73.279,73.284,13024
2026-08-18 12:18:00,73.284,73.2889,73.279,73.2853,9192
2026-08-18 12:19:00,73.2889,73.2889,73.2691,73.2691,10697
2026-08-18 12:20:00,73.2641,73.2741,73.2592,73.2592,22573
2026-08-18 12:21:00,73.2523,73.279,73.2523,73.279,7173
2026-08-18 12:22:00,73.2741,73.284,73.2691,73.2792,8319
2026-08-18 12:23:00,73.284,73.2889,73.2592,73.2741,19751
2026-08-18 12:24:00,73.279,73.279,73.2641,73.2641,5765
2026-08-18 12:25:00,73.2592,73.279,73.2492,73.2592,34725
2026-08-18 12:26:00,73.2641,73.2691,73.2592,73.2641,93233
2026-08-18 12:27:00,73.2641,73.2691,73.2592,73.2641,14485
2026-08-18 12:28:00,73.2691,73.2691,73.2443,73.2592,20460
2026-08-18 12:29:00,73.2592,73.2691,73.2492,73.2492,16958
2026-08-18 12:30:00,73.2492,73.2592,73.2443,73.2542,9140
2026-08-18 12:31:00,73.2542,73.2691,73.2542,73.2641,5866
2026-08-18 12:32:00,73.2641,73.279,73.2641,73.279,14040
2026-08-18 12:33:00,73.2741,73.279,73.2691,73.2691,18974
2026-08-18 12:34:00,73.2691,73.279,73.2691,73.2741,20919
2026-08-18 12:35:00,73.2741,73.279,73.2639,73.2639,29736
2026-08-18 12:36:00,73.2691,73.28,73.2542,73.2741,27778
2026-08-18 12:37:00,73.2741,73.279,73.2492,73.2592,21027
2026-08-18 12:38:00,73.2691,73.2741,73.2592,73.2691,16143
2026-08-18 12:39:00,73.2671,73.279,73.2641,73.2741,11685
2026-08-18 12:40:00,73.2741,73.2889,73.2741,73.2749,32035
2026-08-18 12:41:00,73.279,73.2889,73.2692,73.284,17976
2026-08-18 12:42:00,73.284,73.2889,73.2691,73.284,9751
2026-08-18 12:43:00,73.2884,73.2989,73.279,73.2939,10995
2026-08-18 12:44:00,73.2939,73.2989,73.289,73.2989,7151
2026-08-18 12:45:00,73.2989,73.2989,73.279,73.284,16321
2026-08-18 12:46:00,73.2889,73.2948,73.2791,73.2889,8940
2026-08-18 12:47:00,73.2889,73.2939,73.2791,73.2939,6730
2026-08-18 12:48:00,73.2939,73.2989,73.2889,73.2939,5924
2026-08-18 12:49:00,73.2989,73.3187,73.284,73.284,31124
2026-08-18 12:50:00,73.284,73.3187,73.284,73.3138,14797
2026-08-18 12:51:00,73.3187,73.3584,73.3138,73.3584,16269
2026-08-18 12:52:00,73.3535,73.3783,73.3386,73.3783,24580
2026-08-18 12:53:00,73.3782,73.4031,73.3733,73.3932,11348
2026-08-18 12:54:00,73.3981,73.4031,73.3684,73.3724,21736
2026-08-18 12:55:00,73.3783,73.3882,73.3733,73.3832,8959
2026-08-18 12:56:00,73.3832,73.418,73.3832,73.418,17682
2026-08-18 12:57:00,73.418,73.4279,73.4081,73.423,14382
2026-08-18 12:58:00,73.423,73.4378,73.418,73.423,22500
2026-08-18 12:59:00,73.423,73.423,73.3584,73.3634,51632
2026-08-18 13:00:00,73.3584,73.3584,73.3287,73.3386,13150
2026-08-18 13:01:00,73.3336,73.3336,73.2889,73.2929,10425
2026-08-18 13:02:00,73.2939,73.2989,73.2691,73.2691,11390
2026-08-18 13:03:00,73.279,73.279,73.2492,73.2492,25573
2026-08-18 13:04:00,73.2542,73.2542,73.2294,73.2343,8083
2026-08-18 13:05:00,73.2296,73.2393,73.2195,73.2244,23896
2026-08-18 13:06:00,73.223,73.2246,73.1996,73.2094,13856
2026-08-18 13:07:00,73.2046,73.2062,73.1698,73.1748,18578
2026-08-18 13:08:00,73.1711,73.1711,73.1599,73.1653,12523
2026-08-18 13:09:00,73.1649,73.1657,73.1301,73.145,22199
2026-08-18 13:10:00,73.1451,73.1559,73.1351,73.15,9635
2026-08-18 13:11:00,73.1549,73.1599,73.1286,73.1301,12485
2026-08-18 13:12:00,73.1301,73.1301,73.0854,73.1003,22823
2026-08-18 13:13:00,73.0954,73.1003,73.0805,73.0854,23140
2026-08-18 13:14:00,73.0854,73.0854,73.0408,73.0757,34239
2026-08-18 13:15:00,73.0755,73.1103,73.0706,73.1003,16568
2026-08-18 13:16:00,73.1003,73.1152,73.0706,73.0854,24218
2026-08-18 13:17:00,73.0904,73.1103,73.0805,73.0954,14902
2026-08-18 13:18:00,73.1003,73.15,73.0954,73.15,17282
2026-08-18 13:19:00,73.145,73.1798,73.145,73.1599,27351
2026-08-18 13:20:00,73.1662,73.1698,73.1202,73.14,17281
2026-08-18 13:21:00,73.1301,73.1599,73.1301,73.15,16909
2026-08-18 13:22:00,73.1599,73.1599,73.14,73.15,32975
2026-08-18 13:23:00,73.14,73.145,73.1103,73.1252,21920
2026-08-18 13:24:00,73.1351,73.1351,73.1152,73.1152,7699
2026-08-18 13:25:00,73.1103,73.1301,73.1003,73.1243,12972
2026-08-18 13:26:00,73.1252,73.15,73.1202,73.1401,11281
2026-08-18 13:27:00,73.15,73.1599,73.1401,73.1401,13975
2026-08-18 13:28:00,73.14,73.1599,73.1351,73.1599,11714
2026-08-18 13:29:00,73.1545,73.1996,73.1545,73.1946,23537
2026-08-18 13:30:00,73.1946,73.1996,73.15,73.1798,15981
2026-08-18 13:31:00,73.1748,73.1748,73.14,73.145,20326
2026-08-18 13:32:00,73.145,73.1698,73.145,73.1649,23632
2026-08-18 13:33:00,73.1649,73.1798,73.1549,73.1549,18600
2026-08-18 13:34:00,73.1599,73.1748,73.1599,73.1649,13772
2026-08-18 13:35:00,73.1649,73.1697,73.1202,73.1351,19786
2026-08-18 13:36:00,73.1351,73.1698,73.1252,73.1599,16051
2026-08-18 13:37:00,73.1549,73.1599,73.14,73.145,9283
2026-08-18 13:38:00,73.14,73.15,73.1301,73.1301,13828
2026-08-18 13:39:00,73.1252,73.15,73.1251,73.1252,22189
2026-08-18 13:40:00,73.1252,73.1252,73.1003,73.1053,12157
2026-08-18 13:41:00,73.1103,73.15,73.1103,73.1351,9402
2026-08-18 13:42:00,73.1314,73.14,73.1202,73.1202,9134
2026-08-18 13:43:00,73.1252,73.145,73.1152,73.14,16200
2026-08-18 13:44:00,73.15,73.1698,73.145,73.149,16060
2026-08-18 13:45:00,73.145,73.1649,73.14,73.1599,15594
2026-08-18 13:46:00,73.1599,73.1599,73.15,73.1549,6606
2026-08-18 13:47:00,73.1549,73.1698,73.15,73.1649,13039
2026-08-18 13:48:00,73.1649,73.1748,73.14,73.145,21473
2026-08-18 13:49:00,73.15,73.15,73.1113,73.1448,18130
2026-08-18 13:50:00,73.15,73.15,73.1351,73.145,9190
2026-08-18 13:51:00,73.1401,73.1748,73.1401,73.1698,11131
2026-08-18 13:52:00,73.1649,73.1748,73.1599,73.1649,12778
2026-08-18 13:53:00,73.1649,73.1847,73.1649,73.1847,10630
2026-08-18 13:54:00,73.1798,73.1897,73.1798,73.1897,4664
2026-08-18 13:55:00,73.1897,73.1996,73.1798,73.1946,32528
2026-08-18 13:56:00,73.1897,73.2145,73.1798,73.2145,18116
2026-08-18 13:57:00,73.2195,73.2294,73.1897,73.1897,20207
2026-08-18 13:58:00,73.1897,73.2046,73.1897,73.1946,11585
2026-08-18 13:59:00,73.1946,73.1996,73.1798,73.1996,11926
2026-08-18 14:00:00,73.1952,73.1952,73.1748,73.1897,19008
2026-08-18 14:01:00,73.1896,73.1946,73.1698,73.1798,18911
2026-08-18 14:02:00,73.1897,73.1978,73.1798,73.1874,10855
2026-08-18 14:03:00,73.1897,73.2095,73.1897,73.2095,13917
2026-08-18 14:04:00,73.2095,73.2195,73.1996,73.2095,17751
2026-08-18 14:05:00,73.2095,73.2195,73.1996,73.2195,32618
2026-08-18 14:06:00,73.2133,73.2294,73.2095,73.2244,29614
2026-08-18 14:07:00,73.2229,73.2492,73.2229,73.2443,17817
2026-08-18 14:08:00,73.2443,73.2443,73.1996,73.2094,31855
2026-08-18 14:09:00,73.2095,73.2294,73.1996,73.2145,25334
2026-08-18 14:10:00,73.2194,73.2195,73.1996,73.2046,10759
2026-08-18 14:11:00,73.2046,73.2095,73.1798,73.1995,53287
2026-08-18 14:12:00,73.1946,73.1946,73.15,73.1599,18682
2026-08-18 14:13:00,73.1698,73.1897,73.1649,73.1897,8569
2026-08-18 14:14:00,73.1847,73.1897,73.15,73.1649,19721
2026-08-18 14:15:00,73.1649,73.1897,73.1649,73.1847,16497
2026-08-18 14:16:00,73.1897,73.1897,73.145,73.145,23365
2026-08-18 14:17:00,73.15,73.1599,73.1202,73.1202,16680
2026-08-18 14:18:00,73.1202,73.1301,73.0954,73.1003,20786
2026-08-18 14:19:00,73.0954,73.1103,73.0904,73.0904,22464
2026-08-18 14:20:00,73.0954,73.1202,73.0954,73.1152,11545
2026-08-18 14:21:00,73.1103,73.1103,73.0806,73.0806,28151
2026-08-18 14:22:00,73.0904,73.0954,73.0805,73.0853,22376
2026-08-18 14:23:00,73.0904,73.1103,73.0805,73.1053,19533
2026-08-18 14:24:00,73.1103,73.1103,73.1046,73.1103,5582
2026-08-18 14:25:00,73.1103,73.1103,73.0706,73.0805,28156
2026-08-18 14:26:00,73.0805,73.1202,73.0805,73.1202,16581
2026-08-18 14:27:00,73.1202,73.1301,73.0805,73.0854,19225
2026-08-18 14:28:00,73.0854,73.1003,73.0854,73.1002,12245
2026-08-18 14:29:00,73.0954,73.1152,73.0954,73.1152,17875
2026-08-18 14:30:00,73.1152,73.1152,73.0904,73.1003,15908
2026-08-18 14:31:00,73.0954,73.1103,73.0904,73.0954,15886
2026-08-18 14:32:00,73.0954,73.0954,73.0507,73.0557,24198
2026-08-18 14:33:00,73.0575,73.0606,73.0507,73.0557,7911
2026-08-18 14:34:00,73.0557,73.0606,73.0011,73.006,34154
2026-08-18 14:35:00,73.0011,73.0259,73.0011,73.0259,14278
2026-08-18 14:36:00,73.0308,73.0408,73.0209,73.0259,12861
2026-08-18 14:37:00,73.0211,73.0211,73.0013,73.016,17889
2026-08-18 14:38:00,73.0158,73.0308,73.0158,73.0259,11633
2026-08-18 14:39:00,73.0259,73.0259,73.011,73.018,19941
2026-08-18 14:40:00,73.0111,73.0457,73.0011,73.0209,60801
2026-08-18 14:41:00,73.0209,73.0209,73.0011,73.006,17508
2026-08-18 14:42:00,73.011,73.0208,72.9812,73.006,24715
2026-08-18 14:43:00,73.006,73.0408,73.0012,73.0358,18670
2026-08-18 14:44:00,73.0408,73.0606,73.0408,73.0557,17399
2026-08-18 14:45:00,73.0557,73.0804,73.0457,73.0804,17231
2026-08-18 14:46:00,73.0755,73.0755,73.0547,73.0656,15480
2026-08-18 14:47:00,73.0656,73.0805,73.0606,73.0805,13018
2026-08-18 14:48:00,73.0755,73.0854,73.0706,73.0854,13712
2026-08-18 14:49:00,73.0854,73.1002,73.0825,73.0854,16279
2026-08-18 14:50:00,73.0805,73.1103,73.0606,73.0954,62864
2026-08-18 14:51:00,73.0954,73.15,73.0954,73.1252,49613
2026-08-18 14:52:00,73.1301,73.15,73.1301,73.15,6165
2026-08-18 14:53:00,73.145,73.1599,73.14,73.1599,12741
2026-08-18 14:54:00,73.1599,73.1698,73.1401,73.15,22303
2026-08-18 14:55:00,73.15,73.1599,73.1302,73.1549,15702
2026-08-18 14:56:00,73.1549,73.1549,73.1203,73.14,29624
2026-08-18 14:57:00,73.145,73.1599,73.14,73.1565,13221
2026-08-18 14:58:00,73.1549,73.1549,73.14,73.145,19538
2026-08-18 14:59:00,73.145,73.1599,73.145,73.1549,17486
2026-08-18 15:00:00,73.1549,73.1698,73.145,73.1698,20136
2026-08-18 15:01:00,73.1649,73.1649,73.14,73.15,13554
2026-08-18 15:02:00,73.145,73.1554,73.14,73.14,29652
2026-08-18 15:03:00,73.145,73.1599,73.14,73.14,15520
2026-08-18 15:04:00,73.1433,73.15,73.1252,73.14,18135
2026-08-18 15:05:00,73.14,73.2195,73.14,73.2195,25200
2026-08-18 15:06:00,73.2195,73.2294,73.1996,73.2244,23996
2026-08-18 15:07:00,73.2294,73.2343,73.203,73.2095,15190
2026-08-18 15:08:00,73.2046,73.2195,73.1996,73.2046,15772
2026-08-18 15:09:00,73.2046,73.2095,73.1946,73.1946,12368
2026-08-18 15:10:00,73.1996,73.1996,73.1798,73.1847,17385
2026-08-18 15:11:00,73.1847,73.1847,73.15,73.1549,20048
2026-08-18 15:12:00,73.1549,73.1698,73.15,73.1698,15984
2026-08-18 15:13:00,73.1649,73.1698,73.1599,73.1599,19973
2026-08-18 15:14:00,73.1649,73.1798,73.1649,73.1748,14261
2026-08-18 15:15:00,73.1748,73.1748,73.14,73.15,39371
2026-08-18 15:16:00,73.145,73.145,73.1301,73.1351,8571
2026-08-18 15:17:00,73.14,73.15,73.1301,73.145,20061
2026-08-18 15:18:00,73.145,73.15,73.14,73.14,6591
2026-08-18 15:19:00,73.145,73.15,73.14,73.15,8121
2026-08-18 15:20:00,73.145,73.15,73.1103,73.1301,28958
2026-08-18 15:21:00,73.1202,73.14,73.1202,73.1351,27015
2026-08-18 15:22:00,73.14,73.15,73.1202,73.1252,23421
2026-08-18 15:23:00,73.1202,73.1301,73.1149,73.1149,16426
2026-08-18 15:24:00,73.1142,73.1202,73.1104,73.1152,8105
2026-08-18 15:25:00,73.1152,73.1202,73.0954,73.0954,14879
2026-08-18 15:26:00,73.0954,73.0998,73.0606,73.0656,23314
2026-08-18 15:27:00,73.0656,73.0805,73.0606,73.0755,18761
2026-08-18 15:28:00,73.0755,73.08,73.0547,73.0557,14572
2026-08-18 15:29:00,73.0557,73.0606,73.0408,73.0408,11005
2026-08-18 15:30:00,73.0408,73.0507,73.011,73.0209,31192
2026-08-18 15:31:00,73.016,73.0209,73.011,73.011,13465
2026-08-18 15:32:00,73.016,73.0308,73.0011,73.006,49322
2026-08-18 15:33:00,73.0011,73.0011,72.9763,72.9875,22586
2026-08-18 15:34:00,72.9862,72.9862,72.9514,72.9812,38966
2026-08-18 15:35:00,72.9763,72.9812,72.9713,72.9811,11457
2026-08-18 15:36:00,72.9812,73.0011,72.9663,72.9911,22777
2026-08-18 15:37:00,72.9862,73.0011,72.9862,72.9961,21329
2026-08-18 15:38:00,72.9961,73.0105,72.9961,73.0011,20086
2026-08-18 15:39:00,73.0011,73.011,72.9911,73.0011,31810
2026-08-18 15:40:00,72.9961,73.0209,72.9961,73.0011,55249
2026-08-18 15:41:00,72.9961,73.011,72.9961,73.011,22887
2026-08-18 15:42:00,73.006,73.0209,73.0011,73.0054,33445
2026-08-18 15:43:00,73.006,73.0308,73.006,73.0308,23585
2026-08-18 15:44:00,73.0308,73.0557,73.0259,73.0408,46795
2026-08-18 15:45:00,73.0358,73.0656,73.0308,73.0557,32830
2026-08-18 15:46:00,73.0557,73.0805,73.0557,73.0805,25021
2026-08-18 15:47:00,73.0805,73.0805,73.0557,73.0805,44207
2026-08-18 15:48:00,73.0805,73.0904,73.0805,73.0854,26038
2026-08-18 15:49:00,73.0854,73.1003,73.0706,73.0805,54683
2026-08-18 15:50:00,73.0805,73.0904,73.0408,73.0408,46233
2026-08-18 15:51:00,73.0457,73.0656,73.0209,73.0579,48566
2026-08-18 15:52:00,73.0557,73.0805,73.0457,73.0755,44362
2026-08-18 15:53:00,73.0755,73.0904,73.0706,73.0755,51150
2026-08-18 15:54:00,73.0805,73.1103,73.0507,73.1053,102784
2026-08-18 15:55:00,73.1053,73.1152,73.0606,73.0854,93959
2026-08-18 15:56:00,73.0854,73.0904,73.0557,73.0755,99491
2026-08-18 15:57:00,73.0755,73.0904,73.0656,73.0805,118197
2026-08-18 15:58:00,73.0805,73.1202,73.0507,73.1202,137611
2026-08-18 15:59:00,73.1202,73.1946,73.1152,73.1698,408790
2026-08-19 09:30:00,73.2095,73.3882,73.1798,73.3088,267734
2026-08-19 09:31:00,73.2889,73.3187,73.2641,73.2889,12112
2026-08-19 09:32:00,73.2691,73.3187,73.217,73.2889,23470
2026-08-19 09:33:00,73.279,73.3386,73.2741,73.3287,13861
2026-08-19 09:34:00,73.3287,73.3584,73.2393,73.2492,24749
2026-08-19 09:35:00,73.2592,73.3089,73.2492,73.2688,11403
2026-08-19 09:36:00,73.2989,73.3584,73.2889,73.3187,16501
2026-08-19 09:37:00,73.3187,73.3932,73.3187,73.3386,23763
2026-08-19 09:38:00,73.3386,73.4478,73.3336,73.4477,25367
2026-08-19 09:39:00,73.4478,73.547,73.4279,73.5285,92045
2026-08-19 09:40:00,73.5371,73.6562,73.5371,73.5669,67802
2026-08-19 09:41:00,73.557,73.6065,73.547,73.5669,18153
2026-08-19 09:42:00,73.547,73.6126,73.5371,73.5972,23405
2026-08-19 09:43:00,73.5967,73.6265,73.5867,73.6265,54024
2026-08-19 09:44:00,73.6314,73.6463,73.6165,73.6463,25555
2026-08-19 09:45:00,73.6562,73.6562,73.5917,73.5917,29178
2026-08-19 09:46:00,73.5967,73.6116,73.5593,73.6066,18614
2026-08-19 09:47:00,73.6066,73.6215,73.5917,73.6165,21597
2026-08-19 09:48:00,73.6066,73.6265,73.5768,73.5967,16782
2026-08-19 09:49:00,73.5867,73.5867,73.5173,73.557,23455
2026-08-19 09:50:00,73.557,73.5825,73.5371,73.5669,10790
2026-08-19 09:51:00,73.557,73.5768,73.557,73.5682,13689
2026-08-19 09:52:00,73.5669,73.5669,73.5387,73.552,9620
2026-08-19 09:53:00,73.5421,73.5669,73.5321,73.5669,11564
2026-08-19 09:54:00,73.5571,73.5967,73.557,73.5917,23297
2026-08-19 09:55:00,73.5768,73.6165,73.5669,73.5907,18692
2026-08-19 09:56:00,73.5967,73.6364,73.5967,73.6364,12002
2026-08-19 09:57:00,73.6314,73.6463,73.6116,73.6215,18343
2026-08-19 09:58:00,73.623,73.6463,73.6116,73.6463,16882
2026-08-19 09:59:00,73.6463,73.6711,73.6413,73.6662,19143
2026-08-19 10:00:00,73.6612,73.7059,73.6602,73.6662,48157
2026-08-19 10:01:00,73.6662,73.7021,73.6662,73.7009,20648
2026-08-19 10:02:00,73.6959,73.6959,73.6225,73.6265,21265
2026-08-19 10:03:00,73.6264,73.6264,73.5371,73.5619,25714
2026-08-19 10:04:00,73.5669,73.5669,73.5073,73.5272,37066
2026-08-19 10:05:00,73.5248,73.565,73.5173,73.5619,28695
2026-08-19 10:06:00,73.5573,73.5917,73.5272,73.5818,44863
2026-08-19 10:07:00,73.5818,73.6066,73.5371,73.547,27614
2026-08-19 10:08:00,73.547,73.557,73.5073,73.5123,21396
2026-08-19 10:09:00,73.5123,73.5867,73.4875,73.5818,35653
2026-08-19 10:10:00,73.5818,73.6265,73.5769,73.6265,25659
2026-08-19 10:11:00,73.6205,73.7059,73.6205,73.7013,19263
2026-08-19 10:12:00,73.6959,73.7158,73.6663,73.7059,32877
2026-08-19 10:13:00,73.7057,73.7356,73.6762,73.7307,18836
2026-08-19 10:14:00,73.7307,73.7356,73.6761,73.686,23685
2026-08-19 10:15:00,73.691,73.7008,73.6662,73.681,23731
2026-08-19 10:16:00,73.686,73.7456,73.686,73.686,31538
2026-08-19 10:17:00,73.686,73.7329,73.686,73.7312,34466
2026-08-19 10:18:00,73.7257,73.7307,73.7009,73.7208,23357
2026-08-19 10:19:00,73.7208,73.7456,73.6761,73.686,22923
2026-08-19 10:20:00,73.6959,73.7158,73.6959,73.7009,11469
2026-08-19 10:21:00,73.7009,73.7356,73.7009,73.7059,29871
2026-08-19 10:22:00,73.7059,73.7456,73.7059,73.7376,27773
2026-08-19 10:23:00,73.7456,73.7853,73.7406,73.7754,32286
2026-08-19 10:24:00,73.7655,73.8051,73.7654,73.7803,26912
2026-08-19 10:25:00,73.784,73.8249,73.784,73.8151,30990
2026-08-19 10:26:00,73.82,73.8548,73.8101,73.8548,23998
2026-08-19 10:27:00,73.8498,73.8796,73.8349,73.8746,33680
2026-08-19 10:28:00,73.8746,73.8844,73.8449,73.8647,28087
2026-08-19 10:29:00,73.8746,73.8945,73.8648,73.8926,35349
2026-08-19 10:30:00,73.8845,73.9044,73.8746,73.8945,30333
2026-08-19 10:31:00,73.8895,73.8919,73.8151,73.8498,69405
2026-08-19 10:32:00,73.8647,73.9044,73.8448,73.9044,44577
2026-08-19 10:33:00,73.8994,73.9689,73.8994,73.9689,71719
2026-08-19 10:34:00,73.9689,73.9838,73.8945,73.8945,43946
2026-08-19 10:35:00,73.8994,73.9441,73.8905,73.9441,27737
2026-08-19 10:36:00,73.954,73.9739,73.9292,73.9689,22795
2026-08-19 10:37:00,73.9689,73.9937,73.9342,73.9927,33258
2026-08-19 10:38:00,73.9888,74.0086,73.9779,73.9883,25027
2026-08-19 10:39:00,73.9838,73.9888,73.954,73.9739,21817
2026-08-19 10:40:00,73.9739,74.0285,73.9739,74.0285,22871
2026-08-19 10:41:00,74.0235,74.0533,74.0137,74.0434,31171
2026-08-19 10:42:00,74.0434,74.0434,73.9937,74.0186,38632
2026-08-19 10:43:00,74.0136,74.0533,74.0136,74.0384,51562
2026-08-19 10:44:00,74.0334,74.0384,73.9739,73.9888,23237
2026-08-19 10:45:00,73.9937,74.0235,73.964,73.9898,46418
2026-08-19 10:46:00,73.9888,74.0334,73.9888,74.0285,26779
2026-08-19 10:47:00,74.0316,74.0334,73.9838,73.9987,27217
2026-08-19 10:48:00,73.9937,73.9987,73.964,73.9699,23791
2026-08-19 10:49:00,73.9689,73.9689,73.9246,73.9246,29793
2026-08-19 10:50:00,73.9342,73.9739,73.9342,73.9739,27242
2026-08-19 10:51:00,73.9739,74.0235,73.9689,74.0094,50835
2026-08-19 10:52:00,74.0086,74.0334,73.9839,74.0013,33337
2026-08-19 10:53:00,73.9987,74.0235,73.9937,74.0186,17751
2026-08-19 10:54:00,74.0186,74.0334,74.0096,74.0285,30039
2026-08-19 10:55:00,74.0285,74.0632,74.0285,74.0533,27221
2026-08-19 10:56:00,74.0533,74.0781,74.0467,74.0478,33033
2026-08-19 10:57:00,74.0435,74.0583,74.0334,74.0434,17231
2026-08-19 10:58:00,74.0384,74.0781,74.0335,74.0781,22091
2026-08-19 10:59:00,74.0831,74.1327,74.0805,74.1278,45933
2026-08-19 11:00:00,74.1228,74.1327,74.1029,74.1228,36070
2026-08-19 11:01:00,74.1228,74.1823,74.1178,74.1823,51981
2026-08-19 11:02:00,74.1724,74.1873,74.1426,74.1675,64082
2026-08-19 11:03:00,74.1625,74.1675,74.1178,74.1178,28743
2026-08-19 11:04:00,74.1228,74.1327,74.113,74.1327,16394
2026-08-19 11:05:00,74.1278,74.1327,74.0831,74.093,31346
2026-08-19 11:06:00,74.088,74.1327,74.088,74.1327,22803
2026-08-19 11:07:00,74.1325,74.1625,74.1228,74.1586,22589
2026-08-19 11:08:00,74.162,74.1724,74.1129,74.1278,52609
2026-08-19 11:09:00,74.1228,74.1228,74.088,74.1128,29344
2026-08-19 11:10:00,74.1129,74.1526,74.1029,74.1228,29092
2026-08-19 11:11:00,74.1327,74.1923,74.1278,74.1923,21766
2026-08-19 11:12:00,74.1923,74.2022,74.1724,74.1774,27440
2026-08-19 11:13:00,74.1774,74.1774,74.1129,74.1178,37312
2026-08-19 11:14:00,74.1178,74.139,74.1129,74.1377,32344
2026-08-19 11:15:00,74.1377,74.1378,74.1129,74.1178,12903
2026-08-19 11:16:00,74.1228,74.1228,74.093,74.1178,31100
2026-08-19 11:17:00,74.1079,74.1129,74.0632,74.0781,39097
2026-08-19 11:18:00,74.0735,74.093,74.0735,74.0902,18325
2026-08-19 11:19:00,74.093,74.098,74.0583,74.0633,19878
2026-08-19 11:20:00,74.0682,74.0682,74.0042,74.0215,29911
2026-08-19 11:21:00,74.0235,74.0235,73.9888,74.0037,27339
2026-08-19 11:22:00,74.0011,74.0086,73.9739,73.9739,21110
2026-08-19 11:23:00,73.9838,73.9838,73.964,73.9689,15084
2026-08-19 11:24:00,73.9739,73.9888,73.9243,73.9391,36242
2026-08-19 11:25:00,73.9342,73.9491,73.9342,73.9441,19195
2026-08-19 11:26:00,73.9391,73.9441,73.8945,73.9017,33024
2026-08-19 11:27:00,73.9017,73.9243,73.8994,73.9243,17418
2026-08-19 11:28:00,73.9243,73.9342,73.9044,73.9292,32158
2026-08-19 11:29:00,73.9292,73.9342,73.8945,73.9138,18343
2026-08-19 11:30:00,73.9044,73.9094,73.8647,73.8647,35696
2026-08-19 11:31:00,73.8746,73.8895,73.8647,73.8697,24516
2026-08-19 11:32:00,73.8746,73.8945,73.8548,73.8548,23993
2026-08-19 11:33:00,73.8548,73.8647,73.83,73.8498,28325
2026-08-19 11:34:00,73.8498,73.8746,73.8349,73.8697,23927
2026-08-19 11:35:00,73.8647,73.8746,73.8399,73.8549,31549
2026-08-19 11:36:00,73.8597,73.8647,73.8051,73.8151,12555
2026-08-19 11:37:00,73.8101,73.8448,73.8051,73.8399,18946
2026-08-19 11:38:00,73.835,73.8548,73.825,73.8548,17891
2026-08-19 11:39:00,73.8548,73.8647,73.8449,73.8647,8924
2026-08-19 11:40:00,73.8597,73.8796,73.858,73.8796,22453
2026-08-19 11:41:00,73.8845,73.9143,73.8786,73.9094,27271
2026-08-19 11:42:00,73.9143,73.9243,73.8945,73.9077,23025
2026-08-19 11:43:00,73.9094,73.9143,73.8796,73.8945,21453
2026-08-19 11:44:00,73.8994,73.9044,73.8697,73.8697,19932
2026-08-19 11:45:00,73.8697,73.9044,73.8649,73.9044,17882
2026-08-19 11:46:00,73.9044,73.9044,73.8697,73.8796,22039
2026-08-19 11:47:00,73.8796,73.8994,73.8746,73.8796,16905
2026-08-19 11:48:00,73.8746,73.8994,73.8745,73.8845,12374
2026-08-19 11:49:00,73.8895,73.8944,73.8448,73.8548,19234
2026-08-19 11:50:00,73.8462,73.8597,73.8051,73.8101,34006
2026-08-19 11:51:00,73.8101,73.8151,73.7952,73.8025,22734
2026-08-19 11:52:00,73.7952,73.7952,73.7704,73.7803,13882
2026-08-19 11:53:00,73.7803,73.8051,73.7755,73.7803,22655
2026-08-19 11:54:00,73.7803,73.7902,73.7555,73.7605,36067
2026-08-19 11:55:00,73.7654,73.82,73.7654,73.82,18117
2026-08-19 11:56:00,73.8151,73.8448,73.8151,73.83,17751
2026-08-19 11:57:00,73.8349,73.8548,73.8101,73.8548,35575
2026-08-19 11:58:00,73.8548,73.8945,73.8449,73.8844,11286
2026-08-19 11:59:00,73.8796,73.9243,73.8796,73.9158,16831
2026-08-19 12:00:00,73.919,73.9292,73.9044,73.9144,33791
2026-08-19 12:01:00,73.9225,73.9342,73.8895,73.8945,16152
2026-08-19 12:02:00,73.8944,73.8944,73.8746,73.8796,8526
2026-08-19 12:03:00,73.8845,73.8845,73.82,73.82,18156
2026-08-19 12:04:00,73.8165,73.825,73.7754,73.7754,22104
2026-08-19 12:05:00,73.7853,73.8051,73.7853,73.7939,10582
2026-08-19 12:06:00,73.7952,73.7952,73.7555,73.7605,18471
2026-08-19 12:07:00,73.7615,73.7615,73.688,73.691,30816
2026-08-19 12:08:00,73.686,73.7356,73.686,73.7307,20123
2026-08-19 12:09:00,73.7307,73.7555,73.7208,73.7257,34738
2026-08-19 12:10:00,73.7356,73.7951,73.7356,73.795,19847
2026-08-19 12:11:00,73.7951,73.8349,73.7951,73.83,12949
2026-08-19 12:12:00,73.8346,73.8498,73.7953,73.8498,20662
2026-08-19 12:13:00,73.8548,73.8597,73.82,73.83,31796
2026-08-19 12:14:00,73.8349,73.8349,73.825,73.8349,6263
2026-08-19 12:15:00,73.8349,73.8716,73.8349,73.8548,20768
2026-08-19 12:16:00,73.8548,73.8845,73.8498,73.8745,43787
2026-08-19 12:17:00,73.8647,73.8812,73.8287,73.831,17547
2026-08-19 12:18:00,73.825,73.8349,73.7952,73.825,21781
2026-08-19 12:19:00,73.825,73.825,73.8151,73.825,6279
2026-08-19 12:20:00,73.8151,73.82,73.7803,73.8026,22133
2026-08-19 12:21:00,73.7952,73.8122,73.7902,73.8101,9266
2026-08-19 12:22:00,73.8052,73.8151,73.7853,73.7902,14829
2026-08-19 12:23:00,73.7902,73.7952,73.7622,73.7654,12617
2026-08-19 12:24:00,73.7654,73.7754,73.7481,73.7754,19057
2026-08-19 12:25:00,73.7803,73.781,73.7605,73.7605,6909
2026-08-19 12:26:00,73.7605,73.8002,73.7605,73.7902,11152
2026-08-19 12:27:00,73.7952,73.8151,73.7952,73.8101,9293
2026-08-19 12:28:00,73.8051,73.8051,73.7952,73.8002,13764
2026-08-19 12:29:00,73.8051,73.8151,73.7952,73.8108,17174
2026-08-19 12:30:00,73.8101,73.8349,73.8084,73.8349,12698
2026-08-19 12:31:00,73.83,73.8448,73.825,73.83,11322
2026-08-19 12:32:00,73.8349,73.8448,73.8051,73.8051,10606
2026-08-19 12:33:00,73.805,73.8235,73.8002,73.8151,13133
2026-08-19 12:34:00,73.82,73.825,73.8151,73.8224,5005
2026-08-19 12:35:00,73.825,73.8448,73.82,73.8434,10451
2026-08-19 12:36:00,73.8349,73.8445,73.83,73.83,7316
2026-08-19 12:37:00,73.8251,73.8895,73.8251,73.8895,21714
2026-08-19 12:38:00,73.8895,73.9044,73.8846,73.9043,6299
2026-08-19 12:39:00,73.9004,73.9243,73.9004,73.9044,16511
2026-08-19 12:40:00,73.9143,73.9243,73.9094,73.9193,7649
2026-08-19 12:41:00,73.9243,73.9243,73.8895,73.8945,16908
2026-08-19 12:42:00,73.8895,73.9007,73.8746,73.9007,12295
2026-08-19 12:43:00,73.8994,73.9044,73.8796,73.8945,10534
2026-08-19 12:44:00,73.8895,73.9143,73.8845,73.8895,17681
2026-08-19 12:45:00,73.8845,73.8845,73.8572,73.8697,9650
2026-08-19 12:46:00,73.8746,73.8796,73.8597,73.8618,7375
2026-08-19 12:47:00,73.8578,73.8647,73.8448,73.8647,12298
2026-08-19 12:48:00,73.8697,73.8708,73.8647,73.8647,6815
2026-08-19 12:49:00,73.8695,73.8994,73.8647,73.8748,15637
2026-08-19 12:50:00,73.8796,73.8895,73.8697,73.8825,9895
2026-08-19 12:51:00,73.8796,73.8945,73.8796,73.8895,12878
2026-08-19 12:52:00,73.8895,73.8945,73.8746,73.8831,9911
2026-08-19 12:53:00,73.8747,73.8945,73.8747,73.8895,6833
2026-08-19 12:54:00,73.8895,73.8945,73.8845,73.8945,9649
2026-08-19 12:55:00,73.8895,73.9044,73.8845,73.8895,17953
2026-08-19 12:56:00,73.8916,73.8945,73.8796,73.8844,11583
2026-08-19 12:57:00,73.8803,73.8945,73.8746,73.8945,5963
2026-08-19 12:58:00,73.8895,73.8945,73.8697,73.8697,15996
2026-08-19 12:59:00,73.8709,73.8845,73.8647,73.8647,21612
2026-08-19 13:00:00,73.8637,73.8637,73.8051,73.8051,22665
2026-08-19 13:01:00,73.8101,73.8349,73.8051,73.8284,22618
2026-08-19 13:02:00,73.83,73.8349,73.7853,73.7854,17020
2026-08-19 13:03:00,73.7902,73.8151,73.7902,73.8051,9800
2026-08-19 13:04:00,73.8051,73.825,73.8002,73.82,8924
2026-08-19 13:05:00,73.8151,73.825,73.8002,73.8002,12590
2026-08-19 13:06:00,73.8002,73.8204,73.7952,73.8151,11459
2026-08-19 13:07:00,73.8101,73.825,73.8073,73.82,8832
2026-08-19 13:08:00,73.825,73.8349,73.8101,73.82,14267
2026-08-19 13:09:00,73.8151,73.8447,73.8151,73.8399,8161
2026-08-19 13:10:00,73.8399,73.8647,73.8377,73.8647,12373
2026-08-19 13:11:00,73.8647,73.8647,73.8349,73.8415,13778
2026-08-19 13:12:00,73.8349,73.8349,73.825,73.825,11104
2026-08-19 13:13:00,73.825,73.83,73.82,73.825,7998
2026-08-19 13:14:00,73.8349,73.8349,73.8109,73.82,8673
2026-08-19 13:15:00,73.82,73.8548,73.82,73.8432,14136
2026-08-19 13:16:00,73.8396,73.8448,73.8349,73.8349,5518
2026-08-19 13:17:00,73.8399,73.8845,73.8399,73.8822,8855
2026-08-19 13:18:00,73.8845,73.8945,73.8746,73.8845,8359
2026-08-19 13:19:00,73.8895,73.8895,73.8697,73.8891,11407
2026-08-19 13:20:00,73.8895,73.9044,73.8845,73.8945,21954
2026-08-19 13:21:00,73.8895,73.8945,73.8845,73.8845,8473
2026-08-19 13:22:00,73.8895,73.8895,73.8796,73.8796,11266
2026-08-19 13:23:00,73.8746,73.8809,73.8746,73.8806,9991
2026-08-19 13:24:00,73.8796,73.8796,73.8548,73.8647,16379
2026-08-19 13:25:00,73.8647,73.8746,73.8495,73.8495,20378
2026-08-19 13:26:00,73.8548,73.8746,73.85,73.8597,9997
2026-08-19 13:27:00,73.8597,73.8845,73.8597,73.8845,10133
2026-08-19 13:28:00,73.8796,73.8796,73.8468,73.8548,15294
2026-08-19 13:29:00,73.8498,73.8746,73.8498,73.8697,9595
2026-08-19 13:30:00,73.8746,73.8845,73.8697,73.8796,6870
2026-08-19 13:31:00,73.8796,73.8796,73.8597,73.8796,9942
2026-08-19 13:32:00,73.8792,73.8845,73.8548,73.8647,13054
2026-08-19 13:33:00,73.8597,73.8597,73.835,73.8399,9888
2026-08-19 13:34:00,73.8448,73.8697,73.8448,73.8448,14865
2026-08-19 13:35:00,73.8498,73.8548,73.8448,73.8464,14426
2026-08-19 13:36:00,73.8498,73.8647,73.8498,73.8647,14191
2026-08-19 13:37:00,73.8647,73.8746,73.8548,73.8746,19186
2026-08-19 13:38:00,73.8697,73.8746,73.8548,73.8746,12631
2026-08-19 13:39:00,73.8697,73.8796,73.8647,73.8796,15512
2026-08-19 13:40:00,73.8796,73.9044,73.8746,73.8994,19044
2026-08-19 13:41:00,73.8994,73.9143,73.8945,73.9094,16192
2026-08-19 13:42:00,73.9094,73.9441,73.8895,73.8994,41665
2026-08-19 13:43:00,73.8945,73.9143,73.8945,73.9094,9849
2026-08-19 13:44:00,73.9143,73.9408,73.9094,73.9292,15027
2026-08-19 13:45:00,73.9243,73.9292,73.8796,73.8796,30648
2026-08-19 13:46:00,73.8796,73.9143,73.8783,73.9094,14744
2026-08-19 13:47:00,73.9143,73.9342,73.9044,73.9143,24829
2026-08-19 13:48:00,73.9094,73.9143,73.8994,73.8994,22525
2026-08-19 13:49:00,73.8994,73.8994,73.8796,73.8796,11000
2026-08-19 13:50:00,73.8796,73.8895,73.8746,73.8844,20343
2026-08-19 13:51:00,73.8845,73.8945,73.8796,73.8895,15452
2026-08-19 13:52:00,73.8945,73.9243,73.8945,73.9094,24199
2026-08-19 13:53:00,73.9143,73.9292,73.9143,73.9292,20683
2026-08-19 13:54:00,73.9292,73.9391,73.9193,73.9193,25969
2026-08-19 13:55:00,73.9193,73.9412,73.9193,73.9412,10861
2026-08-19 13:56:00,73.9391,73.954,73.9292,73.9491,18119
2026-08-19 13:57:00,73.9491,73.9726,73.9391,73.9441,24518
2026-08-19 13:58:00,73.9358,73.9441,73.9358,73.9391,8547
2026-08-19 13:59:00,73.9391,73.9391,73.8994,73.9113,35791
2026-08-19 14:00:00,73.9094,73.9441,73.907,73.9441,23643
2026-08-19 14:01:00,73.954,73.964,73.9391,73.964,26526
2026-08-19 14:02:00,73.9739,73.9838,73.9642,73.9789,11753
2026-08-19 14:03:00,73.9789,73.9838,73.9689,73.9689,24544
2026-08-19 14:04:00,73.9689,73.9739,73.9342,73.9402,17737
2026-08-19 14:05:00,73.9342,73.9441,73.9342,73.9391,44334
2026-08-19 14:06:00,73.9391,73.9516,73.9372,73.9491,9019
2026-08-19 14:07:00,73.9441,73.9441,73.9193,73.9243,17530
2026-08-19 14:08:00,73.9173,73.9341,73.9072,73.9079,15642
2026-08-19 14:09:00,73.9105,73.9342,73.9044,73.9243,14745
2026-08-19 14:10:00,73.9193,73.9342,73.9143,73.9292,8531
2026-08-19 14:11:00,73.9243,73.9441,73.9243,73.9292,12460
2026-08-19 14:12:00,73.9342,73.9391,73.9054,73.9143,22833
2026-08-19 14:13:00,73.9094,73.9441,73.8746,73.9292,22606
2026-08-19 14:14:00,73.9342,73.9391,73.9243,73.9292,10859
2026-08-19 14:15:00,73.9292,73.9391,73.9243,73.9292,12866
2026-08-19 14:16:00,73.9292,73.964,73.9292,73.9342,23032
2026-08-19 14:17:00,73.9292,73.954,73.9243,73.9491,10986
2026-08-19 14:18:00,73.9491,73.954,73.9441,73.9491,10206
2026-08-19 14:19:00,73.954,73.9838,73.954,73.9838,19759
2026-08-19 14:20:00,73.9789,73.9838,73.964,73.9689,16959
2026-08-19 14:21:00,73.9689,73.9987,73.9689,73.9987,13552
2026-08-19 14:22:00,73.9987,74.0086,73.9888,73.9987,16454
2026-08-19 14:23:00,73.9937,74.0136,73.9838,74.0076,12585
2026-08-19 14:24:00,74.0086,74.0136,74.0037,74.0086,7308
2026-08-19 14:25:00,74.0086,74.0136,73.9838,73.9888,51006
2026-08-19 14:26:00,73.9838,73.9987,73.9739,73.9789,25060
2026-08-19 14:27:00,73.9789,74.0027,73.9739,73.9888,19580
2026-08-19 14:28:00,73.9838,74.0037,73.9739,74.0036,15811
2026-08-19 14:29:00,73.9991,74.0037,73.9838,73.9888,17288
2026-08-19 14:30:00,73.9838,73.9937,73.974,73.9888,15459
2026-08-19 14:31:00,73.9838,73.9937,73.9739,73.9937,11394
2026-08-19 14:32:00,73.9888,73.9937,73.9739,73.9789,9758
2026-08-19 14:33:00,73.9739,73.9789,73.9491,73.9491,16793
2026-08-19 14:34:00,73.9491,73.954,73.9441,73.9491,8740
2026-08-19 14:35:00,73.9486,73.964,73.9441,73.9491,25743
2026-08-19 14:36:00,73.9491,73.954,73.9243,73.9292,16248
2026-08-19 14:37:00,73.9312,73.9441,73.9292,73.9292,9412
2026-08-19 14:38:00,73.9243,73.9243,73.8845,73.8893,16536
2026-08-19 14:39:00,73.8895,73.8945,73.8845,73.8945,9130
2026-08-19 14:40:00,73.8895,73.9044,73.8895,73.9044,12809
2026-08-19 14:41:00,73.8994,73.9044,73.8945,73.9044,13737
2026-08-19 14:42:00,73.8994,73.8994,73.8796,73.8796,8654
2026-08-19 14:43:00,73.8796,73.8845,73.8697,73.8746,16386
2026-08-19 14:44:00,73.8845,73.8895,73.8548,73.8548,12791
2026-08-19 14:45:00,73.8623,73.8647,73.8051,73.82,34547
2026-08-19 14:46:00,73.82,73.8647,73.82,73.8598,14012
2026-08-19 14:47:00,73.862,73.8895,73.862,73.8796,15419
2026-08-19 14:48:00,73.8796,73.9043,73.8784,73.8845,10305
2026-08-19 14:49:00,73.8895,73.8945,73.8697,73.8819,17711
2026-08-19 14:50:00,73.8796,73.9044,73.878,73.9044,18860
2026-08-19 14:51:00,73.9044,73.9243,73.9044,73.9221,15709
2026-08-19 14:52:00,73.9193,73.9243,73.8796,73.8895,22105
2026-08-19 14:53:00,73.8945,73.8945,73.8597,73.8845,12081
2026-08-19 14:54:00,73.8845,73.8884,73.8647,73.8647,15944
2026-08-19 14:55:00,73.8597,73.8697,73.8448,73.8647,18263
2026-08-19 14:56:00,73.8647,73.8945,73.8647,73.8895,11654
2026-08-19 14:57:00,73.8895,73.8945,73.8657,73.8697,15000
2026-08-19 14:58:00,73.8697,73.8844,73.8449,73.8449,14477
2026-08-19 14:59:00,73.8548,73.8697,73.8498,73.8697,18111
2026-08-19 15:00:00,73.8697,73.8845,73.8548,73.8597,11471
2026-08-19 15:01:00,73.8647,73.8647,73.8151,73.82,15231
2026-08-19 15:02:00,73.82,73.8349,73.82,73.82,19527
2026-08-19 15:03:00,73.82,73.83,73.8151,73.8241,22447
2026-08-19 15:04:00,73.82,73.825,73.82,73.8208,9841
2026-08-19 15:05:00,73.82,73.8349,73.8151,73.83,12564
2026-08-19 15:06:00,73.83,73.8399,73.83,73.83,11696
2026-08-19 15:07:00,73.83,73.8548,73.8152,73.8152,29652
2026-08-19 15:08:00,73.8225,73.8448,73.818,73.83,15402
2026-08-19 15:09:00,73.825,73.8348,73.825,73.83,6895
2026-08-19 15:10:00,73.83,73.8324,73.8151,73.82,33900
2026-08-19 15:11:00,73.82,73.825,73.8101,73.8249,26157
2026-08-19 15:12:00,73.825,73.825,73.8051,73.8111,13899
2026-08-19 15:13:00,73.8101,73.8151,73.7754,73.7853,15683
2026-08-19 15:14:00,73.7902,73.7952,73.7754,73.7913,15821
2026-08-19 15:15:00,73.7902,73.8051,73.7803,73.7803,17728
2026-08-19 15:16:00,73.7803,73.7803,73.7654,73.7704,16774
2026-08-19 15:17:00,73.7704,73.791,73.7605,73.7902,26339
2026-08-19 15:18:00,73.7902,73.7902,73.7754,73.7893,17788
2026-08-19 15:19:00,73.7944,73.8151,73.7902,73.8051,23309
2026-08-19 15:20:00,73.8002,73.8151,73.7952,73.8101,13894
2026-08-19 15:21:00,73.8101,73.83,73.8081,73.83,12463
2026-08-19 15:22:00,73.8349,73.8548,73.8349,73.835,18278
2026-08-19 15:23:00,73.8399,73.8945,73.8349,73.8945,27669
2026-08-19 15:24:00,73.8845,73.9243,73.8845,73.9076,15674
2026-08-19 15:25:00,73.9094,73.9104,73.8746,73.8747,19435
2026-08-19 15:26:00,73.8796,73.8796,73.8597,73.8597,13882
2026-08-19 15:27:00,73.8647,73.8647,73.8399,73.8399,12028
2026-08-19 15:28:00,73.8359,73.8448,73.8051,73.83,41141
2026-08-19 15:29:00,73.8313,73.8448,73.8152,73.82,23062
2026-08-19 15:30:00,73.82,73.8498,73.8101,73.8151,40706
2026-08-19 15:31:00,73.825,73.8349,73.8151,73.83,15518
2026-08-19 15:32:00,73.83,73.8349,73.8151,73.83,17124
2026-08-19 15:33:00,73.8311,73.8448,73.8151,73.8392,19992
2026-08-19 15:34:00,73.8399,73.8647,73.8349,73.8498,30487
2026-08-19 15:35:00,73.8498,73.8498,73.825,73.83,15875
2026-08-19 15:36:00,73.83,73.8448,73.825,73.8399,17497
2026-08-19 15:37:00,73.8399,73.8448,73.83,73.83,24320
2026-08-19 15:38:00,73.8349,73.8404,73.8101,73.8101,27662
2026-08-19 15:39:00,73.808,73.8151,73.8002,73.8051,28244
2026-08-19 15:40:00,73.8101,73.825,73.8101,73.82,24528
2026-08-19 15:41:00,73.825,73.825,73.7853,73.8002,31604
2026-08-19 15:42:00,73.8002,73.8051,73.7754,73.7803,24146
2026-08-19 15:43:00,73.7853,73.82,73.7803,73.8101,42035
2026-08-19 15:44:00,73.8151,73.82,73.8023,73.8111,33723
2026-08-19 15:45:00,73.8151,73.8448,73.8101,73.83,52983
2026-08-19 15:46:00,73.83,73.8399,73.8151,73.82,33186
2026-08-19 15:47:00,73.825,73.9044,73.82,73.8994,46266
2026-08-19 15:48:00,73.8994,73.9143,73.8945,73.9113,47796
2026-08-19 15:49:00,73.9143,73.954,73.9044,73.9539,68338
2026-08-19 15:50:00,73.954,73.9789,73.9094,73.9143,75852
2026-08-19 15:51:00,73.9212,73.964,73.9193,73.959,60671
2026-08-19 15:52:00,73.954,73.954,73.9342,73.9391,48930
2026-08-19 15:53:00,73.9391,73.959,73.9094,73.9094,93243
2026-08-19 15:54:00,73.9143,73.9143,73.8845,73.9044,83436
2026-08-19 15:55:00,73.8945,73.9094,73.8796,73.8979,131387
2026-08-19 15:56:00,73.8994,73.964,73.8994,73.9292,97219
2026-08-19 15:57:00,73.9292,73.954,73.9292,73.9491,91982
2026-08-19 15:58:00,73.9491,74.0235,73.9441,74.0037,234198
2026-08-19 15:59:00,74.0086,74.0235,73.9789,74.0136,305913
2026-08-20 09:30:00,74.7482,74.8574,74.5496,74.8077,479166
2026-08-20 09:31:00,74.7978,74.9096,74.7978,74.8772,118173
2026-08-20 09:32:00,74.8772,74.907,74.6539,74.6638,93489
2026-08-20 09:33:00,74.6588,74.6588,74.4901,74.5,93424
2026-08-20 09:34:00,74.4901,74.6191,74.4553,74.4702,107871
2026-08-20 09:35:00,74.4603,74.5397,74.4305,74.4404,120954
2026-08-20 09:36:00,74.4206,74.5496,74.4107,74.4901,60399
2026-08-20 09:37:00,74.5,74.6509,74.4611,74.6509,46552
2026-08-20 09:38:00,74.6489,74.7295,74.6489,74.6688,70020
2026-08-20 09:39:00,74.6688,74.778,74.6688,74.7283,56543
2026-08-20 09:40:00,74.7333,74.7631,74.6489,74.7283,35723
2026-08-20 09:41:00,74.7283,74.8177,74.7085,74.8077,40073
2026-08-20 09:42:00,74.8141,74.8177,74.7283,74.778,28915
2026-08-20 09:43:00,74.778,74.778,74.6886,74.7581,31419
2026-08-20 09:44:00,74.7482,74.778,74.7085,74.7482,37680
2026-08-20 09:45:00,74.7482,74.768,74.6787,74.7232,42414
2026-08-20 09:46:00,74.7085,74.7432,74.5893,74.6055,67818
2026-08-20 09:47:00,74.5893,74.5893,74.505,74.5596,46713
2026-08-20 09:48:00,74.5496,74.6488,74.5199,74.6488,30254
2026-08-20 09:49:00,74.634,74.7083,74.6271,74.6985,37283
2026-08-20 09:50:00,74.6985,74.7581,74.6688,74.7434,34224
2026-08-20 09:51:00,74.7581,74.8051,74.7283,74.7882,61130
2026-08-20 09:52:00,74.7978,74.8871,74.778,74.7879,61554
2026-08-20 09:53:00,74.7829,74.8871,74.7581,74.8772,46203
2026-08-20 09:54:00,74.8772,74.9368,74.8673,74.9368,58642
2026-08-20 09:55:00,74.9269,74.9467,74.8276,74.8474,68241
2026-08-20 09:56:00,74.8574,74.8673,74.7879,74.8077,79882
2026-08-20 09:57:00,74.8145,74.8177,74.7531,74.7978,36556
2026-08-20 09:58:00,74.7978,74.9269,74.7958,74.9269,72133
2026-08-20 09:59:00,74.9169,75.0261,74.907,74.9169,89584
2026-08-20 10:00:00,74.9219,74.9368,74.8574,74.8673,51557
2026-08-20 10:01:00,74.8673,74.9269,74.778,74.8276,64551
2026-08-20 10:02:00,74.8077,74.8077,74.6737,74.6787,43413
2026-08-20 10:03:00,74.7035,74.7084,74.5794,74.5993,47565
2026-08-20 10:04:00,74.5893,74.6588,74.5596,74.5892,39461
2026-08-20 10:05:00,74.5794,74.5993,74.4802,74.505,53034
2026-08-20 10:06:00,74.4901,74.5298,74.4504,74.505,61850
2026-08-20 10:07:00,74.505,74.5397,74.4901,74.5248,57682
2026-08-20 10:08:00,74.5199,74.5199,74.4404,74.4777,52550
2026-08-20 10:09:00,74.4762,74.4791,74.3362,74.3461,99081
2026-08-20 10:10:00,74.3412,74.361,74.3114,74.3114,52672
2026-08-20 10:11:00,74.3213,74.3809,74.3164,74.3511,29464
2026-08-20 10:12:00,74.3511,74.4106,74.3413,74.361,28206
2026-08-20 10:13:00,74.361,74.366,74.3015,74.3064,25208
2026-08-20 10:14:00,74.3113,74.3164,74.2171,74.2618,71481
2026-08-20 10:15:00,74.2568,74.3114,74.2369,74.2965,33163
2026-08-20 10:16:00,74.2949,74.3412,74.2949,74.3263,28099
2026-08-20 10:17:00,74.3263,74.3908,74.3263,74.3759,35812
2026-08-20 10:18:00,74.371,74.4006,74.3511,74.366,42833
2026-08-20 10:19:00,74.366,74.4305,74.3511,74.4304,28669
2026-08-20 10:20:00,74.4256,74.4492,74.3908,74.4156,27920
2026-08-20 10:21:00,74.4206,74.4269,74.371,74.3858,50966
2026-08-20 10:22:00,74.3908,74.4355,74.3849,74.4192,15953
2026-08-20 10:23:00,74.4206,74.4901,74.4206,74.4602,22555
2026-08-20 10:24:00,74.4603,74.4999,74.4553,74.495,17755
2026-08-20 10:25:00,74.495,74.5397,74.495,74.5199,50491
2026-08-20 10:26:00,74.5199,74.5298,74.4603,74.505,35369
2026-08-20 10:27:00,74.5001,74.5099,74.4802,74.5099,26690
2026-08-20 10:28:00,74.5001,74.5298,74.4901,74.495,18631
2026-08-20 10:29:00,74.4901,74.4901,74.4404,74.4553,23845
2026-08-20 10:30:00,74.4541,74.5199,74.4007,74.4206,67443
2026-08-20 10:31:00,74.438,74.4504,74.4007,74.4057,25412
2026-08-20 10:32:00,74.4073,74.4256,74.3908,74.4206,25817
2026-08-20 10:33:00,74.4205,74.4504,74.4205,74.4454,15712
2026-08-20 10:34:00,74.4454,74.4702,74.4404,74.4454,23672
2026-08-20 10:35:00,74.4504,74.5496,74.4504,74.5366,40830
2026-08-20 10:36:00,74.5395,74.5794,74.5248,74.5593,78497
2026-08-20 10:37:00,74.5596,74.6042,74.5496,74.5993,36110
2026-08-20 10:38:00,74.5943,74.6092,74.5645,74.5694,39456
2026-08-20 10:39:00,74.5645,74.6191,74.5596,74.5794,34560
2026-08-20 10:40:00,74.5794,74.6092,74.5496,74.5496,30231
2026-08-20 10:41:00,74.5596,74.6291,74.5298,74.6092,35714
2026-08-20 10:42:00,74.6042,74.639,74.6042,74.6291,23856
2026-08-20 10:43:00,74.639,74.6671,74.6291,74.6638,17197
2026-08-20 10:44:00,74.665,74.7155,74.6588,74.6936,26774
2026-08-20 10:45:00,74.6985,74.7134,74.6588,74.6638,25787
2026-08-20 10:46:00,74.6688,74.6787,74.6489,74.6539,29890
2026-08-20 10:47:00,74.6587,74.6836,74.639,74.6439,38673
2026-08-20 10:48:00,74.639,74.6439,74.5546,74.5993,40746
2026-08-20 10:49:00,74.6042,74.6092,74.5696,74.5844,20572
2026-08-20 10:50:00,74.5794,74.5943,74.4851,74.5,42031
2026-08-20 10:51:00,74.4802,74.4876,74.4355,74.4653,37500
2026-08-20 10:52:00,74.4652,74.4702,74.4007,74.4355,44557
2026-08-20 10:53:00,74.4305,74.4355,74.371,74.3858,22841
2026-08-20 10:54:00,74.3759,74.3809,74.361,74.361,16898
2026-08-20 10:55:00,74.366,74.4305,74.366,74.4256,31247
2026-08-20 10:56:00,74.4305,74.4901,74.4305,74.4653,30359
2026-08-20 10:57:00,74.4603,74.4702,74.4156,74.4305,24285
2026-08-20 10:58:00,74.4305,74.4504,74.361,74.361,23431
2026-08-20 10:59:00,74.371,74.4107,74.3668,74.3908,16014
2026-08-20 11:00:00,74.3809,74.3809,74.2866,74.2866,25443
2026-08-20 11:01:00,74.2767,74.2894,74.232,74.2816,20331
2026-08-20 11:02:00,74.2816,74.2915,74.2221,74.2453,24172
2026-08-20 11:03:00,74.2568,74.2717,74.2568,74.2716,8683
2026-08-20 11:04:00,74.2667,74.3213,74.2518,74.3213,26969
2026-08-20 11:05:00,74.3164,74.3511,74.3164,74.3213,20592
2026-08-20 11:06:00,74.3116,74.371,74.3015,74.3391,39828
2026-08-20 11:07:00,74.3412,74.371,74.3412,74.361,9956
2026-08-20 11:08:00,74.366,74.3681,74.3412,74.3561,16937
2026-08-20 11:09:00,74.3561,74.366,74.3412,74.3412,13292
2026-08-20 11:10:00,74.3362,74.3362,74.2915,74.3213,20367
2026-08-20 11:11:00,74.3213,74.361,74.3213,74.3561,13560
2026-08-20 11:12:00,74.3561,74.371,74.3362,74.3362,16036
2026-08-20 11:13:00,74.3362,74.361,74.3164,74.3164,14519
2026-08-20 11:14:00,74.3114,74.3412,74.3114,74.3286,13113
2026-08-20 11:15:00,74.3263,74.3263,74.277,74.2915,19502
2026-08-20 11:16:00,74.3015,74.3164,74.2816,74.2816,14112
2026-08-20 11:17:00,74.2816,74.3362,74.2618,74.3362,19712
2026-08-20 11:18:00,74.3412,74.3412,74.3064,74.3362,15459
2026-08-20 11:19:00,74.3412,74.3511,74.3114,74.3164,11668
2026-08-20 11:20:00,74.3164,74.3312,74.3114,74.3263,8687
2026-08-20 11:21:00,74.3213,74.371,74.3213,74.3561,20425
2026-08-20 11:22:00,74.3556,74.3809,74.3556,74.3809,20530
2026-08-20 11:23:00,74.3809,74.4404,74.3749,74.4156,58135
2026-08-20 11:24:00,74.4183,74.4206,74.3592,74.3809,24360
2026-08-20 11:25:00,74.3759,74.3858,74.361,74.3809,13472
2026-08-20 11:26:00,74.3759,74.4057,74.371,74.3809,19674
2026-08-20 11:27:00,74.371,74.3858,74.3613,74.3759,12491
2026-08-20 11:28:00,74.3809,74.4107,74.3561,74.4107,29322
2026-08-20 11:29:00,74.4107,74.4107,74.3114,74.3211,29172
2026-08-20 11:30:00,74.3213,74.3312,74.3015,74.3064,15131
2026-08-20 11:31:00,74.3064,74.3263,74.3015,74.3164,12825
2026-08-20 11:32:00,74.3164,74.3182,74.2618,74.2717,22036
2026-08-20 11:33:00,74.2618,74.2717,74.2221,74.2717,17794
2026-08-20 11:34:00,74.2717,74.3015,74.2568,74.2568,10386
2026-08-20 11:35:00,74.2568,74.3213,74.2568,74.2965,10902
2026-08-20 11:36:00,74.2965,74.2965,74.2717,74.2915,11148
2026-08-20 11:37:00,74.2816,74.2915,74.2419,74.2518,16846
2026-08-20 11:38:00,74.2469,74.2816,74.2469,74.2568,18001
2026-08-20 11:39:00,74.2618,74.3293,74.2618,74.3293,15121
2026-08-20 11:40:00,74.3263,74.3789,74.3015,74.3015,23244
2026-08-20 11:41:00,74.3015,74.361,74.3015,74.361,10897
2026-08-20 11:42:00,74.366,74.371,74.3511,74.361,10064
2026-08-20 11:43:00,74.366,74.366,74.3312,74.3362,11133
2026-08-20 11:44:00,74.3312,74.3561,74.3164,74.3263,12848
2026-08-20 11:45:00,74.3312,74.3709,74.3312,74.366,10688
2026-08-20 11:46:00,74.366,74.366,74.3263,74.3312,9489
2026-08-20 11:47:00,74.3213,74.3263,74.2717,74.2767,12424
2026-08-20 11:48:00,74.2767,74.2779,74.2518,74.2518,12751
2026-08-20 11:49:00,74.2469,74.2518,74.2121,74.2121,46426
2026-08-20 11:50:00,74.2022,74.232,74.1823,74.2221,28161
2026-08-20 11:51:00,74.2221,74.2419,74.1972,74.227,15572
2026-08-20 11:52:00,74.2221,74.2717,74.2221,74.232,26381
2026-08-20 11:53:00,74.2369,74.2469,74.232,74.2369,17799
2026-08-20 11:54:00,74.2419,74.2518,74.2072,74.2072,11493
2026-08-20 11:55:00,74.2062,74.2207,74.2062,74.2121,7628
2026-08-20 11:56:00,74.2121,74.2221,74.1923,74.1923,16343
2026-08-20 11:57:00,74.1923,74.2022,74.1823,74.1823,27659
2026-08-20 11:58:00,74.1873,74.1883,74.1327,74.1327,20952
2026-08-20 11:59:00,74.1327,74.1625,74.1327,74.1426,19395
2026-08-20 12:00:00,74.1426,74.1426,74.0831,74.1079,55568
2026-08-20 12:01:00,74.1105,74.1525,74.0831,74.1129,38672
2026-08-20 12:02:00,74.1106,74.1228,74.093,74.093,13075
2026-08-20 12:03:00,74.1029,74.1327,74.1029,74.1278,16787
2026-08-20 12:04:00,74.1278,74.1503,74.1228,74.1278,13254
2026-08-20 12:05:00,74.1228,74.1476,74.1129,74.1327,14819
2026-08-20 12:06:00,74.1328,74.1377,74.1029,74.1327,18658
2026-08-20 12:07:00,74.1278,74.1426,74.098,74.1029,12406
2026-08-20 12:08:00,74.098,74.1178,74.0732,74.0732,22681
2026-08-20 12:09:00,74.0682,74.0682,74.0434,74.0533,34084
2026-08-20 12:10:00,74.0483,74.093,74.0483,74.0732,17650
2026-08-20 12:11:00,74.0781,74.1129,74.072,74.1113,9892
2026-08-20 12:12:00,74.1129,74.1814,74.1079,74.1814,24559
2026-08-20 12:13:00,74.1774,74.1774,74.1129,74.1228,23837
2026-08-20 12:14:00,74.1327,74.1426,74.099,74.1215,13971
2026-08-20 12:15:00,74.1129,74.1426,74.1129,74.1278,12253
2026-08-20 12:16:00,74.1377,74.1476,74.1278,74.1476,16242
2026-08-20 12:17:00,74.1426,74.1526,74.1377,74.1476,14838
2026-08-20 12:18:00,74.1426,74.1774,74.1426,74.1774,12955
2026-08-20 12:19:00,74.1675,74.1675,74.1327,74.1675,26270
2026-08-20 12:20:00,74.1675,74.2221,74.1675,74.2171,22439
2026-08-20 12:21:00,74.2171,74.2469,74.2155,74.2469,16636
2026-08-20 12:22:00,74.2518,74.2518,74.2245,74.232,25430
2026-08-20 12:23:00,74.2318,74.2469,74.2022,74.222,33017
2026-08-20 12:24:00,74.2171,74.2518,74.2171,74.2501,9056
2026-08-20 12:25:00,74.2518,74.2717,74.2419,74.2667,16108
2026-08-20 12:26:00,74.2667,74.2767,74.2568,74.2767,13213
2026-08-20 12:27:00,74.2776,74.2965,74.2776,74.2965,8858
2026-08-20 12:28:00,74.2965,74.3086,74.2717,74.3064,40933
2026-08-20 12:29:00,74.3064,74.3114,74.3015,74.3109,22177
2026-08-20 12:30:00,74.3114,74.3511,74.3114,74.3461,17116
2026-08-20 12:31:00,74.3413,74.3511,74.3263,74.3263,39550
2026-08-20 12:32:00,74.3263,74.3809,74.3263,74.3595,36051
2026-08-20 12:33:00,74.3561,74.3759,74.3511,74.3573,26907
2026-08-20 12:34:00,74.3609,74.3759,74.2866,74.3312,62108
2026-08-20 12:35:00,74.3263,74.3759,74.3213,74.371,13717
2026-08-20 12:36:00,74.3759,74.4007,74.371,74.3784,30919
2026-08-20 12:37:00,74.3759,74.4057,74.3759,74.3908,13264
2026-08-20 12:38:00,74.3858,74.4057,74.371,74.4057,6159
2026-08-20 12:39:00,74.4107,74.4206,74.4057,74.4057,9070
2026-08-20 12:40:00,74.4095,74.4095,74.3511,74.3511,25282
2026-08-20 12:41:00,74.3412,74.3511,74.3213,74.3362,8496
2026-08-20 12:42:00,74.3412,74.3461,74.3412,74.3461,5566
2026-08-20 12:43:00,74.3412,74.371,74.3312,74.366,9117
2026-08-20 12:44:00,74.361,74.3809,74.3362,74.3362,14191
2026-08-20 12:45:00,74.3362,74.3511,74.3352,74.3511,6507
2026-08-20 12:46:00,74.3511,74.371,74.3511,74.3684,6297
2026-08-20 12:47:00,74.366,74.3908,74.3412,74.3561,15548
2026-08-20 12:48:00,74.3511,74.366,74.3412,74.3461,7366
2026-08-20 12:49:00,74.3511,74.371,74.3412,74.371,9760
2026-08-20 12:50:00,74.3759,74.3908,74.371,74.3908,12506
2026-08-20 12:51:00,74.3858,74.3908,74.3767,74.3858,4885
2026-08-20 12:52:00,74.3908,74.4156,74.3809,74.4156,17503
2026-08-20 12:53:00,74.4188,74.4206,74.4156,74.4206,9052
2026-08-20 12:54:00,74.4206,74.4553,74.4156,74.4509,35122
2026-08-20 12:55:00,74.448,74.4603,74.4391,74.4553,23330
2026-08-20 12:56:00,74.4602,74.4653,74.4519,74.4603,12359
2026-08-20 12:57:00,74.4602,74.5,74.4578,74.495,23743
2026-08-20 12:58:00,74.4938,74.495,74.4603,74.4901,24650
2026-08-20 12:59:00,74.4901,74.4901,74.4553,74.4553,22530
2026-08-20 13:00:00,74.4603,74.4702,74.4305,74.4504,16347
2026-08-20 13:01:00,74.4431,74.4503,74.4305,74.4454,10839
2026-08-20 13:02:00,74.4454,74.4553,74.4107,74.4107,9991
2026-08-20 13:03:00,74.4107,74.4504,74.4107,74.4504,26171
2026-08-20 13:04:00,74.4603,74.4702,74.4553,74.4553,8567
2026-08-20 13:05:00,74.456,74.4677,74.4454,74.4504,10498
2026-08-20 13:06:00,74.4404,74.4901,74.4404,74.4602,27014
2026-08-20 13:07:00,74.4603,74.4603,74.4404,74.4553,14556
2026-08-20 13:08:00,74.4603,74.4802,74.4553,74.4702,23096
2026-08-20 13:09:00,74.4802,74.4802,74.4454,74.4553,18249
2026-08-20 13:10:00,74.4603,74.4603,74.4504,74.4553,6351
2026-08-20 13:11:00,74.4553,74.4702,74.4553,74.4681,5976
2026-08-20 13:12:00,74.4653,74.4653,74.4454,74.4502,23559
2026-08-20 13:13:00,74.4504,74.4504,74.4305,74.4355,15207
2026-08-20 13:14:00,74.4355,74.4404,74.4007,74.4057,24170
2026-08-20 13:15:00,74.4057,74.4107,74.3809,74.4057,15417
2026-08-20 13:16:00,74.4057,74.4107,74.3858,74.3896,9586
2026-08-20 13:17:00,74.3849,74.3908,74.3561,74.366,23134
2026-08-20 13:18:00,74.366,74.366,74.3312,74.3312,8240
2026-08-20 13:19:00,74.3379,74.3412,74.3064,74.3064,18578
2026-08-20 13:20:00,74.3064,74.3164,74.2965,74.3149,11451
2026-08-20 13:21:00,74.3114,74.3164,74.2816,74.2915,11828
2026-08-20 13:22:00,74.2914,74.3111,74.2839,74.3015,11578
2026-08-20 13:23:00,74.2915,74.3015,74.2643,74.2965,18810
2026-08-20 13:24:00,74.3015,74.3412,74.2965,74.2965,33220
2026-08-20 13:25:00,74.3015,74.3015,74.2816,74.2817,11016
2026-08-20 13:26:00,74.289,74.31,74.2828,74.31,19895
2026-08-20 13:27:00,74.3038,74.3114,74.2817,74.3114,11491
2026-08-20 13:28:00,74.3164,74.3362,74.3064,74.3163,12216
2026-08-20 13:29:00,74.3164,74.3362,74.3064,74.3362,16753
2026-08-20 13:30:00,74.3362,74.3511,74.3362,74.3461,7359
2026-08-20 13:31:00,74.3412,74.3412,74.3213,74.3312,9923
2026-08-20 13:32:00,74.3263,74.4007,74.3263,74.3759,48463
2026-08-20 13:33:00,74.371,74.371,74.3213,74.3213,11155
2026-08-20 13:34:00,74.3312,74.3511,74.3312,74.3312,12408
2026-08-20 13:35:00,74.3461,74.3511,74.3362,74.3412,11048
2026-08-20 13:36:00,74.3312,74.3461,74.3312,74.3412,4834
2026-08-20 13:37:00,74.3461,74.371,74.3461,74.371,7198
2026-08-20 13:38:00,74.366,74.3759,74.3511,74.3561,18008
2026-08-20 13:39:00,74.3561,74.361,74.3461,74.3561,7564
2026-08-20 13:40:00,74.3561,74.361,74.3448,74.3448,11000
2026-08-20 13:41:00,74.3413,74.3511,74.3394,74.3461,7351
2026-08-20 13:42:00,74.3511,74.3511,74.3312,74.3412,8436
2026-08-20 13:43:00,74.3362,74.3511,74.3313,74.3511,6099
2026-08-20 13:44:00,74.3511,74.371,74.3461,74.371,13922
2026-08-20 13:45:00,74.371,74.4007,74.366,74.3819,27387
2026-08-20 13:46:00,74.3908,74.4256,74.3908,74.4156,21767
2026-08-20 13:47:00,74.4206,74.4504,74.4156,74.4405,25266
2026-08-20 13:48:00,74.4404,74.4603,74.4306,74.4306,20364
2026-08-20 13:49:00,74.4355,74.4752,74.4305,74.4653,20838
2026-08-20 13:50:00,74.4653,74.4752,74.4454,74.4454,16651
2026-08-20 13:51:00,74.4454,74.466,74.4404,74.466,30115
2026-08-20 13:52:00,74.4668,74.4668,74.4454,74.4504,12794
2026-08-20 13:53:00,74.4404,74.4504,74.4355,74.4504,16492
2026-08-20 13:54:00,74.4553,74.4901,74.4553,74.4851,39812
2026-08-20 13:55:00,74.4851,74.4878,74.4653,74.4752,20404
2026-08-20 13:56:00,74.4752,74.4851,74.3908,74.3908,73037
2026-08-20 13:57:00,74.3858,74.4305,74.3809,74.4206,13398
2026-08-20 13:58:00,74.4256,74.4504,74.4206,74.4256,19208
2026-08-20 13:59:00,74.4206,74.4304,74.4156,74.4206,6633
2026-08-20 14:00:00,74.4206,74.4802,74.4206,74.4802,34394
2026-08-20 14:01:00,74.4707,74.4783,74.4156,74.4404,54578
2026-08-20 14:02:00,74.4355,74.4504,74.4156,74.4308,24525
2026-08-20 14:03:00,74.4355,74.4787,74.4355,74.4787,11214
2026-08-20 14:04:00,74.4901,74.5099,74.4901,74.495,14209
2026-08-20 14:05:00,74.5,74.505,74.4802,74.4901,19061
2026-08-20 14:06:00,74.4851,74.4851,74.4603,74.4757,9966
2026-08-20 14:07:00,74.4802,74.4901,74.4553,74.4603,16131
2026-08-20 14:08:00,74.4702,74.4702,74.4404,74.4404,11465
2026-08-20 14:09:00,74.4454,74.4901,74.4448,74.4901,13244
2026-08-20 14:10:00,74.4851,74.5099,74.4702,74.4911,19468
2026-08-20 14:11:00,74.5,74.5496,74.5,74.5347,39660
2026-08-20 14:12:00,74.5397,74.5596,74.5337,74.5447,9884
2026-08-20 14:13:00,74.5447,74.5496,74.5149,74.5382,26722
2026-08-20 14:14:00,74.5347,74.5596,74.5347,74.5526,16482
2026-08-20 14:15:00,74.5544,74.5596,74.5298,74.5298,12213
2026-08-20 14:16:00,74.5397,74.5496,74.5298,74.5347,6210
2026-08-20 14:17:00,74.5322,74.5396,74.5199,74.5248,14186
2026-08-20 14:18:00,74.5248,74.5298,74.495,74.5,12574
2026-08-20 14:19:00,74.495,74.505,74.495,74.505,9190
2026-08-20 14:20:00,74.505,74.5099,74.495,74.5099,9359
2026-08-20 14:21:00,74.505,74.5099,74.5,74.505,9041
2026-08-20 14:22:00,74.505,74.5199,74.4933,74.495,13498
2026-08-20 14:23:00,74.495,74.5,74.4702,74.4802,20731
2026-08-20 14:24:00,74.4851,74.4851,74.4603,74.4603,18295
2026-08-20 14:25:00,74.4653,74.5178,74.4653,74.5149,15083
2026-08-20 14:26:00,74.5199,74.5397,74.5199,74.5298,6991
2026-08-20 14:27:00,74.5347,74.5347,74.5149,74.5248,13275
2026-08-20 14:28:00,74.5248,74.5447,74.5199,74.5298,12331
2026-08-20 14:29:00,74.5347,74.5496,74.5298,74.5494,9188
2026-08-20 14:30:00,74.5496,74.5844,74.5447,74.5745,27812
2026-08-20 14:31:00,74.5745,74.5745,74.5298,74.5496,34931
2026-08-20 14:32:00,74.5596,74.5844,74.5546,74.5794,15302
2026-08-20 14:33:00,74.5745,74.5993,74.5695,74.5993,10893
2026-08-20 14:34:00,74.5945,74.6142,74.5893,74.6092,14662
2026-08-20 14:35:00,74.6091,74.6291,74.5447,74.5447,26971
2026-08-20 14:36:00,74.5496,74.5893,74.5496,74.5893,7457
2026-08-20 14:37:00,74.5844,74.5893,74.5844,74.5893,4459
2026-08-20 14:38:00,74.5844,74.5993,74.5596,74.5596,19330
2026-08-20 14:39:00,74.5695,74.5794,74.5597,74.5794,9505
2026-08-20 14:40:00,74.5844,74.5844,74.5397,74.5397,17403
2026-08-20 14:41:00,74.5496,74.5695,74.5447,74.5497,17888
2026-08-20 14:42:00,74.5546,74.5596,74.5497,74.5546,5890
2026-08-20 14:43:00,74.5575,74.5645,74.5497,74.5625,11581
2026-08-20 14:44:00,74.5645,74.5794,74.5596,74.5626,18456
2026-08-20 14:45:00,74.5664,74.5664,74.5447,74.5645,17306
2026-08-20 14:46:00,74.5645,74.5695,74.5546,74.5596,14139
2026-08-20 14:47:00,74.5546,74.5596,74.5397,74.5397,10490
2026-08-20 14:48:00,74.5347,74.5496,74.5199,74.5199,12834
2026-08-20 14:49:00,74.5199,74.5496,74.5199,74.5449,6769
2026-08-20 14:50:00,74.5496,74.5496,74.5315,74.5496,10833
2026-08-20 14:51:00,74.5447,74.5546,74.5199,74.5397,26319
2026-08-20 14:52:00,74.5447,74.5661,74.5447,74.5661,10399
2026-08-20 14:53:00,74.5693,74.5844,74.5645,74.5844,9934
2026-08-20 14:54:00,74.5844,74.5844,74.5645,74.5844,12392
2026-08-20 14:55:00,74.5844,74.5844,74.5596,74.5661,10101
2026-08-20 14:56:00,74.5597,74.5597,74.5343,74.5447,16121
2026-08-20 14:57:00,74.5496,74.5596,74.5298,74.5397,16786
2026-08-20 14:58:00,74.5364,74.5397,74.5298,74.5347,6120
2026-08-20 14:59:00,74.5347,74.5397,74.5149,74.5199,16169
2026-08-20 15:00:00,74.5199,74.5397,74.505,74.505,14236
2026-08-20 15:01:00,74.505,74.5199,74.5,74.515,19128
2026-08-20 15:02:00,74.5149,74.5248,74.4802,74.5199,20433
2026-08-20 15:03:00,74.527,74.5298,74.5099,74.5149,17576
2026-08-20 15:04:00,74.5199,74.5397,74.5149,74.5347,14088
2026-08-20 15:05:00,74.5397,74.5645,74.5397,74.5596,33740
2026-08-20 15:06:00,74.5645,74.567,74.5149,74.5397,19489
2026-08-20 15:07:00,74.5347,74.5397,74.5149,74.5149,28076
2026-08-20 15:08:00,74.5199,74.5248,74.5149,74.5248,16986
2026-08-20 15:09:00,74.5248,74.5248,74.495,74.5199,25161
2026-08-20 15:10:00,74.5248,74.5298,74.5099,74.5248,24157
2026-08-20 15:11:00,74.5298,74.5397,74.5199,74.5299,15388
2026-08-20 15:12:00,74.5347,74.5397,74.532,74.5347,6727
2026-08-20 15:13:00,74.5359,74.5397,74.5299,74.5397,13614
2026-08-20 15:14:00,74.5352,74.5596,74.5347,74.5546,15935
2026-08-20 15:15:00,74.5496,74.5496,74.5099,74.5248,38213
2026-08-20 15:16:00,74.5297,74.5447,74.5148,74.5447,14441
2026-08-20 15:17:00,74.5397,74.5496,74.5248,74.5298,16560
2026-08-20 15:18:00,74.5298,74.5496,74.5298,74.5447,10574
2026-08-20 15:19:00,74.5447,74.5496,74.5299,74.5496,11073
2026-08-20 15:20:00,74.5397,74.5397,74.495,74.5199,26801
2026-08-20 15:21:00,74.5201,74.5248,74.5,74.505,11482
2026-08-20 15:22:00,74.505,74.5099,74.4802,74.485,18736
2026-08-20 15:23:00,74.4901,74.5,74.4802,74.5,12706
2026-08-20 15:24:00,74.495,74.5298,74.495,74.5298,23304
2026-08-20 15:25:00,74.5248,74.5447,74.5099,74.5199,24952
2026-08-20 15:26:00,74.5149,74.5248,74.505,74.505,14488
2026-08-20 15:27:00,74.505,74.5248,74.505,74.5145,16890
2026-08-20 15:28:00,74.5149,74.5298,74.5,74.5,24555
2026-08-20 15:29:00,74.505,74.5199,74.5044,74.505,15813
2026-08-20 15:30:00,74.5,74.5,74.4802,74.4851,22806
2026-08-20 15:31:00,74.4802,74.495,74.4752,74.495,14364
2026-08-20 15:32:00,74.495,74.495,74.4603,74.4752,35312
2026-08-20 15:33:00,74.4752,74.4752,74.4504,74.4603,19693
2026-08-20 15:34:00,74.4653,74.4702,74.4305,74.4305,30810
2026-08-20 15:35:00,74.4305,74.4504,74.4206,74.4404,30447
2026-08-20 15:36:00,74.4454,74.4752,74.4404,74.4702,20234
2026-08-20 15:37:00,74.4802,74.4802,74.4404,74.4454,18229
2026-08-20 15:38:00,74.4404,74.4504,74.4305,74.4355,18069
2026-08-20 15:39:00,74.4355,74.4802,74.4355,74.4653,30036
2026-08-20 15:40:00,74.4702,74.4901,74.4653,74.4851,25975
2026-08-20 15:41:00,74.4822,74.5149,74.4802,74.5099,30040
2026-08-20 15:42:00,74.5099,74.5199,74.5044,74.5199,26286
2026-08-20 15:43:00,74.5099,74.5199,74.4901,74.495,35167
2026-08-20 15:44:00,74.4901,74.505,74.4702,74.4752,33221
2026-08-20 15:45:00,74.4752,74.505,74.4702,74.5,41227
2026-08-20 15:46:00,74.5,74.5,74.4702,74.4758,31621
2026-08-20 15:47:00,74.4752,74.5199,74.4752,74.5099,44139
2026-08-20 15:48:00,74.5099,74.5248,74.4802,74.5199,33781
2026-08-20 15:49:00,74.5199,74.5397,74.5149,74.5397,44702
2026-08-20 15:50:00,74.5496,74.5893,74.5347,74.5754,85368
2026-08-20 15:51:00,74.5695,74.6092,74.5397,74.6042,73387
2026-08-20 15:52:00,74.5993,74.6262,74.5943,74.6142,75157
2026-08-20 15:53:00,74.6142,74.6291,74.5695,74.6291,77993
2026-08-20 15:54:00,74.6241,74.6291,74.5695,74.5943,100515
2026-08-20 15:55:00,74.5943,74.6588,74.5943,74.6539,73351
2026-08-20 15:56:00,74.6587,74.6737,74.6191,74.634,153486
2026-08-20 15:57:00,74.634,74.634,74.5943,74.6042,113150
2026-08-20 15:58:00,74.6042,74.6688,74.5993,74.6638,157282
2026-08-20 15:59:00,74.6638,74.6985,74.6489,74.6588,451067
2026-08-21 09:30:00,74.8177,74.9368,74.639,74.6563,337679
2026-08-21 09:31:00,74.6787,74.8474,74.6787,74.8474,32549
2026-08-21 09:32:00,74.8673,75.0956,74.8524,75.0857,77230
2026-08-21 09:33:00,75.0807,75.1651,75.036,75.1552,69254
2026-08-21 09:34:00,75.1377,75.2644,75.1254,75.2147,67645
2026-08-21 09:35:00,75.2048,75.2842,75.0956,75.1552,50093
2026-08-21 09:36:00,75.175,75.175,75.0063,75.0167,63174
2026-08-21 09:37:00,74.9964,75.2346,74.9964,75.175,58653
2026-08-21 09:38:00,75.175,75.2147,75.1452,75.1849,45117
2026-08-21 09:39:00,75.1849,75.314,75.1651,75.1651,42517
2026-08-21 09:40:00,75.1949,75.2544,75.1949,75.2147,18669
2026-08-21 09:41:00,75.2147,75.2644,75.1849,75.2644,27610
2026-08-21 09:42:00,75.2941,75.3338,75.2445,75.2842,46064
2026-08-21 09:43:00,75.2842,75.3338,75.2644,75.3239,23780
2026-08-21 09:44:00,75.3239,75.3338,75.2347,75.3239,30342
2026-08-21 09:45:00,75.3338,75.3736,75.2941,75.2941,43194
2026-08-21 09:46:00,75.2892,75.3884,75.2842,75.3884,53857
2026-08-21 09:47:00,75.3884,75.4232,75.314,75.3239,44353
2026-08-21 09:48:00,75.314,75.3239,75.2247,75.2842,40639
2026-08-21 09:49:00,75.2842,75.314,75.2247,75.2941,39022
2026-08-21 09:50:00,75.2842,75.4331,75.2743,75.4232,54936
2026-08-21 09:51:00,75.4232,75.453,75.3438,75.443,69527
2026-08-21 09:52:00,75.4331,75.5021,75.3934,75.4927,48399
2026-08-21 09:53:00,75.4927,75.5622,75.4728,75.5622,71209
2026-08-21 09:54:00,75.5423,75.6316,75.5225,75.6118,48769
2026-08-21 09:55:00,75.6316,75.6416,75.5919,75.6019,39520
2026-08-21 09:56:00,75.6019,75.6614,75.5423,75.5916,46263
2026-08-21 09:57:00,75.6118,75.6217,75.5026,75.5225,25931
2026-08-21 09:58:00,75.5423,75.5522,75.453,75.4877,24974
2026-08-21 09:59:00,75.4927,75.5026,75.4232,75.4584,56502
2026-08-21 10:00:00,75.4629,75.5225,75.453,75.5076,33399
2026-08-21 10:01:00,75.5026,75.5225,75.4629,75.5026,42692
2026-08-21 10:02:00,75.5225,75.5522,75.4877,75.4927,25579
2026-08-21 10:03:00,75.5026,75.5026,75.4233,75.4976,27012
2026-08-21 10:04:00,75.4927,75.5225,75.4679,75.5125,23887
2026-08-21 10:05:00,75.5125,75.5225,75.4331,75.4778,21286
2026-08-21 10:06:00,75.4728,75.4728,75.3835,75.4033,29527
2026-08-21 10:07:00,75.4033,75.4033,75.3041,75.3239,64206
2026-08-21 10:08:00,75.3239,75.3289,75.2743,75.2892,28669
2026-08-21 10:09:00,75.2842,75.3041,75.2644,75.2941,27755
2026-08-21 10:10:00,75.2941,75.3438,75.2346,75.2445,30385
2026-08-21 10:11:00,75.2495,75.2743,75.2247,75.2346,18366
2026-08-21 10:12:00,75.2445,75.2743,75.2285,75.2445,27012
2026-08-21 10:13:00,75.2544,75.3438,75.2544,75.3438,42998
2026-08-21 10:14:00,75.3537,75.443,75.3438,75.4245,22531
2026-08-21 10:15:00,75.4232,75.4282,75.3338,75.3587,15213
2026-08-21 10:16:00,75.3636,75.4381,75.3636,75.4282,22285
2026-08-21 10:17:00,75.4282,75.4331,75.3686,75.3934,20894
2026-08-21 10:18:00,75.3934,75.4133,75.3736,75.3984,20611
2026-08-21 10:19:00,75.3984,75.4232,75.3934,75.4182,15037
2026-08-21 10:20:00,75.4182,75.4827,75.4182,75.4629,38167
2026-08-21 10:21:00,75.4629,75.4629,75.4133,75.4331,21987
2026-08-21 10:22:00,75.4331,75.4381,75.3537,75.3636,19863
2026-08-21 10:23:00,75.3636,75.3636,75.2594,75.314,18874
2026-08-21 10:24:00,75.309,75.314,75.2578,75.2644,18895
2026-08-21 10:25:00,75.2644,75.309,75.2594,75.3041,19034
2026-08-21 10:26:00,75.304,75.314,75.2644,75.2842,22512
2026-08-21 10:27:00,75.2941,75.3041,75.2743,75.2941,26336
2026-08-21 10:28:00,75.2842,75.3041,75.2793,75.3041,21862
2026-08-21 10:29:00,75.3041,75.3239,75.2892,75.3239,17591
2026-08-21 10:30:00,75.314,75.3289,75.2941,75.2991,11893
2026-08-21 10:31:00,75.2991,75.309,75.2594,75.309,16041
2026-08-21 10:32:00,75.304,75.324,75.2886,75.2886,12630
2026-08-21 10:33:00,75.309,75.314,75.2743,75.2892,18446
2026-08-21 10:34:00,75.2941,75.2941,75.2544,75.2892,19072
2026-08-21 10:35:00,75.2941,75.314,75.2644,75.314,15632
2026-08-21 10:36:00,75.3239,75.3487,75.2842,75.3388,30021
2026-08-21 10:37:00,75.3438,75.3587,75.3338,75.3487,22713
2026-08-21 10:38:00,75.3487,75.3686,75.3388,75.3537,18440
2026-08-21 10:39:00,75.3592,75.3835,75.3338,75.3433,28298
2026-08-21 10:40:00,75.3438,75.3487,75.314,75.3438,17817
2026-08-21 10:41:00,75.3388,75.3537,75.314,75.3276,16629
2026-08-21 10:42:00,75.3338,75.3487,75.2941,75.3041,18267
2026-08-21 10:43:00,75.3041,75.3338,75.2941,75.3041,15721
2026-08-21 10:44:00,75.3041,75.3041,75.2346,75.2395,23271
2026-08-21 10:45:00,75.2346,75.2346,75.2048,75.2346,13561
2026-08-21 10:46:00,75.2346,75.2644,75.2346,75.2594,12259
2026-08-21 10:47:00,75.2644,75.3041,75.2644,75.2941,18605
2026-08-21 10:48:00,75.2892,75.3239,75.2892,75.3041,18718
2026-08-21 10:49:00,75.2942,75.3239,75.2892,75.3041,30239
2026-08-21 10:50:00,75.314,75.3239,75.2644,75.2842,32866
2026-08-21 10:51:00,75.2744,75.314,75.2744,75.3041,29481
2026-08-21 10:52:00,75.3041,75.314,75.2743,75.2842,19514
2026-08-21 10:53:00,75.2793,75.309,75.2693,75.3089,17915
2026-08-21 10:54:00,75.3041,75.3338,75.3041,75.3338,17916
2026-08-21 10:55:00,75.3279,75.3279,75.2544,75.2601,21199
2026-08-21 10:56:00,75.2495,75.2793,75.2376,75.2376,16004
2026-08-21 10:57:00,75.2395,75.2445,75.1477,75.1601,33421
2026-08-21 10:58:00,75.1601,75.1651,75.1155,75.1204,13552
2026-08-21 10:59:00,75.1155,75.1452,75.1055,75.1155,16173
2026-08-21 11:00:00,75.1155,75.1403,75.1155,75.1353,9587
2026-08-21 11:01:00,75.1353,75.1403,75.1105,75.1155,15916
2026-08-21 11:02:00,75.1155,75.1353,75.0906,75.0956,15105
2026-08-21 11:03:00,75.0906,75.1254,75.0906,75.1204,10294
2026-08-21 11:04:00,75.1155,75.1155,75.0658,75.1105,34130
2026-08-21 11:05:00,75.1155,75.1403,75.1105,75.1204,18685
2026-08-21 11:06:00,75.1179,75.1353,75.1155,75.1304,16851
2026-08-21 11:07:00,75.1304,75.1601,75.1254,75.1601,13452
2026-08-21 11:08:00,75.1601,75.1605,75.1155,75.1204,22116
2026-08-21 11:09:00,75.1204,75.1254,75.0807,75.0857,14186
2026-08-21 11:10:00,75.0956,75.1204,75.0918,75.1055,12455
2026-08-21 11:11:00,75.1155,75.1155,75.0758,75.0857,17284
2026-08-21 11:12:00,75.0807,75.1006,75.0758,75.0957,16094
2026-08-21 11:13:00,75.0956,75.1055,75.0758,75.1055,19879
2026-08-21 11:14:00,75.1055,75.1155,75.0956,75.1055,20860
2026-08-21 11:15:00,75.1006,75.1155,75.0857,75.1006,17786
2026-08-21 11:16:00,75.1055,75.1304,75.1006,75.1304,7961
2026-08-21 11:17:00,75.1304,75.1452,75.1155,75.1155,26762
2026-08-21 11:18:00,75.1204,75.1552,75.1204,75.1516,7352
2026-08-21 11:19:00,75.1502,75.1601,75.1105,75.1304,23168
2026-08-21 11:20:00,75.1304,75.1304,75.0559,75.0609,21078
2026-08-21 11:21:00,75.0609,75.0609,75.0162,75.0261,38643
2026-08-21 11:22:00,75.0311,75.0758,75.0261,75.0658,28524
2026-08-21 11:23:00,75.0708,75.0758,75.0609,75.0708,12802
2026-08-21 11:24:00,75.0708,75.1304,75.0708,75.1254,33131
2026-08-21 11:25:00,75.1155,75.1155,75.0658,75.0906,24909
2026-08-21 11:26:00,75.0857,75.0857,75.0658,75.0807,14696
2026-08-21 11:27:00,75.0807,75.1452,75.0758,75.1353,25836
2026-08-21 11:28:00,75.1304,75.1353,75.0758,75.0931,17673
2026-08-21 11:29:00,75.0956,75.1254,75.0807,75.0857,22525
2026-08-21 11:30:00,75.0906,75.1353,75.0906,75.1352,15767
2026-08-21 11:31:00,75.1353,75.1552,75.1294,75.1502,16259
2026-08-21 11:32:00,75.1552,75.1552,75.1155,75.1449,14103
2026-08-21 11:33:00,75.1403,75.1949,75.1353,75.1899,24515
2026-08-21 11:34:00,75.1949,75.2098,75.1552,75.185,32514
2026-08-21 11:35:00,75.1849,75.1949,75.1552,75.1651,18472
2026-08-21 11:36:00,75.1701,75.2048,75.1681,75.1998,7799
2026-08-21 11:37:00,75.1998,75.2197,75.1849,75.1999,13510
2026-08-21 11:38:00,75.1899,75.2395,75.1899,75.2395,17876
2026-08-21 11:39:00,75.2445,75.2544,75.2098,75.2147,19721
2026-08-21 11:40:00,75.2147,75.2197,75.1849,75.1949,14580
2026-08-21 11:41:00,75.1899,75.1949,75.1552,75.1849,16242
2026-08-21 11:42:00,75.1849,75.1998,75.1502,75.1949,13116
2026-08-21 11:43:00,75.1899,75.1899,75.1055,75.1055,26292
2026-08-21 11:44:00,75.1055,75.1601,75.1055,75.1601,19083
2026-08-21 11:45:00,75.1608,75.1679,75.1353,75.1452,29290
2026-08-21 11:46:00,75.1452,75.1452,75.0758,75.1055,17087
2026-08-21 11:47:00,75.1102,75.1552,75.1055,75.1304,8275
2026-08-21 11:48:00,75.1304,75.1304,75.0559,75.0559,16919
2026-08-21 11:49:00,75.0559,75.0956,75.0559,75.0956,14671
2026-08-21 11:50:00,75.1006,75.1353,75.0956,75.1254,18584
2026-08-21 11:51:00,75.1155,75.1403,75.0956,75.1403,15443
2026-08-21 11:52:00,75.1403,75.1403,75.0956,75.0956,11675
2026-08-21 11:53:00,75.1006,75.1055,75.046,75.0559,18194
2026-08-21 11:54:00,75.0509,75.0956,75.046,75.0858,14670
2026-08-21 11:55:00,75.0906,75.0956,75.0708,75.0708,7172
2026-08-21 11:56:00,75.0708,75.0708,75.036,75.0658,20384
2026-08-21 11:57:00,75.0708,75.0708,75.0162,75.0162,10274
2026-08-21 11:58:00,75.0092,75.036,74.9914,75.0112,32213
2026-08-21 11:59:00,75.0063,75.0261,74.9963,75.0212,12052
2026-08-21 12:00:00,75.0212,75.0559,75.0162,75.046,15527
2026-08-21 12:01:00,75.046,75.0758,75.046,75.0708,16643
2026-08-21 12:02:00,75.0758,75.0956,75.0757,75.0906,19821
2026-08-21 12:03:00,75.0922,75.1055,75.0408,75.0721,34658
2026-08-21 12:04:00,75.0658,75.1006,75.0657,75.0906,14082
2026-08-21 12:05:00,75.0857,75.0906,75.036,75.036,13345
2026-08-21 12:06:00,75.0263,75.0609,75.0263,75.046,11832
2026-08-21 12:07:00,75.041,75.0708,75.0311,75.036,13429
2026-08-21 12:08:00,75.0311,75.036,74.9864,74.9864,17222
2026-08-21 12:09:00,74.9914,74.9963,74.9467,74.9864,37032
2026-08-21 12:10:00,74.9864,75.036,74.9864,75.0162,13141
2026-08-21 12:11:00,75.0261,75.0311,75.0063,75.0261,18605
2026-08-21 12:12:00,75.0261,75.046,74.778,75.036,16437
2026-08-21 12:13:00,75.041,75.0807,75.041,75.0807,19784
2026-08-21 12:14:00,75.0807,75.0857,75.0658,75.0807,13229
2026-08-21 12:15:00,75.0807,75.1006,75.0609,75.0857,11185
2026-08-21 12:16:00,75.0906,75.1452,75.0906,75.1055,30184
2026-08-21 12:17:00,75.1055,75.1452,75.0758,75.1403,22547
2026-08-21 12:18:00,75.1353,75.1651,75.1254,75.1651,21946
2026-08-21 12:19:00,75.1651,75.175,75.1353,75.1701,12137
2026-08-21 12:20:00,75.175,75.1899,75.1701,75.175,17499
2026-08-21 12:21:00,75.175,75.18,75.1452,75.1601,13903
2026-08-21 12:22:00,75.1502,75.1651,75.1254,75.1304,18013
2026-08-21 12:23:00,75.1204,75.1452,75.1155,75.1452,9294
2026-08-21 12:24:00,75.1416,75.1502,75.1055,75.1105,7793
2026-08-21 12:25:00,75.1154,75.1254,75.1105,75.1204,9295
2026-08-21 12:26:00,75.1204,75.1452,75.1204,75.1304,18527
2026-08-21 12:27:00,75.1254,75.1304,75.1155,75.1254,19645
2026-08-21 12:28:00,75.1304,75.1421,75.1254,75.1403,5334
2026-08-21 12:29:00,75.1452,75.1651,75.1403,75.1601,10848
2026-08-21 12:30:00,75.165,75.18,75.1304,75.1701,15765
2026-08-21 12:31:00,75.175,75.175,75.1398,75.1452,8890
2026-08-21 12:32:00,75.1403,75.175,75.1374,75.1701,11511
2026-08-21 12:33:00,75.1749,75.175,75.1281,75.1502,15480
2026-08-21 12:34:00,75.1502,75.18,75.1502,75.1552,12609
2026-08-21 12:35:00,75.1601,75.175,75.1452,75.1701,22735
2026-08-21 12:36:00,75.1701,75.1701,75.1353,75.1353,7481
2026-08-21 12:37:00,75.1353,75.1452,75.1155,75.1204,11322
2026-08-21 12:38:00,75.1206,75.1403,75.1155,75.1353,8324
2026-08-21 12:39:00,75.1452,75.1502,75.1254,75.1304,8670
2026-08-21 12:40:00,75.1304,75.1403,75.1188,75.1204,9232
2026-08-21 12:41:00,75.1204,75.1204,75.0807,75.0906,13489
2026-08-21 12:42:00,75.0906,75.1254,75.0906,75.1105,10073
2026-08-21 12:43:00,75.1055,75.1055,75.0658,75.0708,12356
2026-08-21 12:44:00,75.0708,75.0807,75.0559,75.0559,9886
2026-08-21 12:45:00,75.0559,75.0609,75.0509,75.0509,9756
2026-08-21 12:46:00,75.0509,75.0609,75.046,75.0609,8906
2026-08-21 12:47:00,75.0559,75.0758,75.0559,75.0609,9211
2026-08-21 12:48:00,75.0609,75.0758,75.036,75.036,16312
2026-08-21 12:49:00,75.0396,75.0509,75.0112,75.0162,17002
2026-08-21 12:50:00,75.0261,75.044,75.0063,75.0063,9100
2026-08-21 12:51:00,75.0063,75.0063,74.9566,74.9666,11878
2026-08-21 12:52:00,74.9566,74.9566,74.8921,74.902,26818
2026-08-21 12:53:00,74.8971,74.8971,74.8514,74.8723,25373
2026-08-21 12:54:00,74.8673,74.887,74.8127,74.8177,25011
2026-08-21 12:55:00,74.8077,74.8077,74.7581,74.7631,44914
2026-08-21 12:56:00,74.7631,74.7878,74.7531,74.768,28284
2026-08-21 12:57:00,74.768,74.768,74.7234,74.7432,18498
2026-08-21 12:58:00,74.7432,74.7434,74.7234,74.7382,30633
2026-08-21 12:59:00,74.7482,74.7829,74.6985,74.7134,27826
2026-08-21 13:00:00,74.7184,74.7482,74.7035,74.7035,22991
2026-08-21 13:01:00,74.7085,74.7234,74.6638,74.6687,33158
2026-08-21 13:02:00,74.6689,74.7184,74.6689,74.7134,18162
2026-08-21 13:03:00,74.7134,74.7134,74.6985,74.7035,7591
2026-08-21 13:04:00,74.7085,74.7482,74.7035,74.7382,16627
2026-08-21 13:05:00,74.7366,74.7366,74.6886,74.6936,11863
2026-08-21 13:06:00,74.6886,74.7035,74.6638,74.7035,15061
2026-08-21 13:07:00,74.7085,74.7333,74.6985,74.7333,22334
2026-08-21 13:08:00,74.7333,74.7482,74.7035,74.7234,31018
2026-08-21 13:09:00,74.7283,74.7482,74.722,74.7482,10964
2026-08-21 13:10:00,74.7581,74.8177,74.7382,74.8127,22552
2026-08-21 13:11:00,74.8177,74.8177,74.7978,74.8077,28240
2026-08-21 13:12:00,74.8028,74.8077,74.768,74.773,13808
2026-08-21 13:13:00,74.7779,74.778,74.7382,74.7432,20314
2026-08-21 13:14:00,74.7432,74.7482,74.7333,74.7432,9605
2026-08-21 13:15:00,74.7382,74.778,74.7382,74.763,47521
2026-08-21 13:16:00,74.7631,74.8053,74.7631,74.7928,15939
2026-08-21 13:17:00,74.7928,74.8226,74.7928,74.8225,20369
2026-08-21 13:18:00,74.8226,74.8226,74.7829,74.8076,18554
2026-08-21 13:19:00,74.8028,74.8077,74.7928,74.8027,11785
2026-08-21 13:20:00,74.8028,74.8177,74.7879,74.8028,33039
2026-08-21 13:21:00,74.8028,74.8253,74.8015,74.8127,8783
2026-08-21 13:22:00,74.8127,74.8528,74.8127,74.8524,7574
2026-08-21 13:23:00,74.8524,74.8673,74.8325,74.8524,14318
2026-08-21 13:24:00,74.8574,74.8921,74.8574,74.8921,23669
2026-08-21 13:25:00,74.8871,74.8921,74.7978,74.8028,39721
2026-08-21 13:26:00,74.8053,74.8474,74.7928,74.8375,40646
2026-08-21 13:27:00,74.8425,74.8574,74.822,74.8574,20096
2026-08-21 13:28:00,74.8623,74.8623,74.8226,74.8524,97843
2026-08-21 13:29:00,74.8524,74.8673,74.8276,74.8325,22426
2026-08-21 13:30:00,74.8325,74.8474,74.8276,74.8325,20765
2026-08-21 13:31:00,74.8276,74.8325,74.6787,74.6836,41321
2026-08-21 13:32:00,74.6836,74.7333,74.6836,74.7333,23999
2026-08-21 13:33:00,74.7283,74.8177,74.7085,74.8177,34742
2026-08-21 13:34:00,74.8177,74.8474,74.7928,74.7928,23302
2026-08-21 13:35:00,74.7928,74.8053,74.773,74.773,22665
2026-08-21 13:36:00,74.773,74.7829,74.7383,74.778,15735
2026-08-21 13:37:00,74.778,74.8574,74.773,74.8573,25963
2026-08-21 13:38:00,74.8524,74.8524,74.8127,74.8177,7867
2026-08-21 13:39:00,74.8127,74.827,74.7829,74.8177,14334
2026-08-21 13:40:00,74.8276,74.8348,74.8127,74.8226,8978
2026-08-21 13:41:00,74.8276,74.8524,74.8127,74.8325,12695
2026-08-21 13:42:00,74.8276,74.8276,74.808,74.8226,11909
2026-08-21 13:43:00,74.8276,74.8574,74.8276,74.8524,9015
2026-08-21 13:44:00,74.8524,74.8772,74.8474,74.8524,27461
2026-08-21 13:45:00,74.8524,74.8623,74.8425,74.8474,13307
2026-08-21 13:46:00,74.8474,74.8524,74.8276,74.8425,8505
2026-08-21 13:47:00,74.8474,74.8474,74.7978,74.8177,14630
2026-08-21 13:48:00,74.8276,74.8375,74.8226,74.8276,7251
2026-08-21 13:49:00,74.8276,74.8425,74.7978,74.7978,9554
2026-08-21 13:50:00,74.7978,74.8226,74.7978,74.8177,10262
2026-08-21 13:51:00,74.8177,74.8177,74.773,74.7794,12117
2026-08-21 13:52:00,74.778,74.7829,74.7283,74.7283,8609
2026-08-21 13:53:00,74.7283,74.7283,74.6638,74.6688,17316
2026-08-21 13:54:00,74.6688,74.6688,74.6241,74.634,47789
2026-08-21 13:55:00,74.639,74.6588,74.5993,74.6042,19986
2026-08-21 13:56:00,74.5993,74.6451,74.5993,74.6291,29893
2026-08-21 13:57:00,74.6291,74.634,74.6142,74.634,10585
2026-08-21 13:58:00,74.6291,74.634,74.6191,74.6269,12772
2026-08-21 13:59:00,74.6228,74.7085,74.6228,74.7085,25671
2026-08-21 14:00:00,74.7086,74.7481,74.7035,74.7035,17350
2026-08-21 14:01:00,74.7085,74.7382,74.7035,74.7382,12346
2026-08-21 14:02:00,74.7432,74.768,74.7432,74.7432,8680
2026-08-21 14:03:00,74.7432,74.778,74.7432,74.7631,13365
2026-08-21 14:04:00,74.7631,74.7664,74.7283,74.7333,15852
2026-08-21 14:05:00,74.7333,74.7482,74.7234,74.7382,11295
2026-08-21 14:06:00,74.7382,74.7382,74.7085,74.7333,16905
2026-08-21 14:07:00,74.7382,74.8077,74.7382,74.788,16620
2026-08-21 14:08:00,74.7978,74.8474,74.7829,74.8325,22759
2026-08-21 14:09:00,74.8343,74.8822,74.8296,74.8772,21919
2026-08-21 14:10:00,74.8871,74.8971,74.8723,74.8871,20537
2026-08-21 14:11:00,74.8822,74.8921,74.8673,74.8921,12504
2026-08-21 14:12:00,74.8871,74.8971,74.8574,74.8634,13793
2026-08-21 14:13:00,74.8672,74.8772,74.8524,74.8574,12073
2026-08-21 14:14:00,74.8623,74.8871,74.8623,74.8871,12634
2026-08-21 14:15:00,74.8971,74.9368,74.8921,74.907,34158
2026-08-21 14:16:00,74.907,74.907,74.8673,74.8723,11018
2026-08-21 14:17:00,74.8723,74.8971,74.8673,74.8971,12556
2026-08-21 14:18:00,74.8921,74.9318,74.8921,74.9318,10658
2026-08-21 14:19:00,74.9269,74.9814,74.9169,74.9814,21029
2026-08-21 14:20:00,74.9864,74.9914,74.927,74.9417,22086
2026-08-21 14:21:00,74.9417,74.9666,74.9368,74.9467,15081
2026-08-21 14:22:00,74.9566,74.9616,74.9219,74.9417,14160
2026-08-21 14:23:00,74.9368,74.9368,74.9269,74.9318,5177
2026-08-21 14:24:00,74.9269,74.9269,74.907,74.907,14216
2026-08-21 14:25:00,74.912,74.9417,74.912,74.9318,22903
2026-08-21 14:26:00,74.9318,74.9467,74.9219,74.9219,13871
2026-08-21 14:27:00,74.9219,74.9517,74.9169,74.9368,17834
2026-08-21 14:28:00,74.9368,74.9368,74.9318,74.9368,10272
2026-08-21 14:29:00,74.9368,74.9566,74.9269,74.9517,18801
2026-08-21 14:30:00,74.9467,74.9467,74.902,74.902,12465
2026-08-21 14:31:00,74.902,74.9169,74.8971,74.912,6633
2026-08-21 14:32:00,74.912,74.9269,74.907,74.907,19677
2026-08-21 14:33:00,74.912,74.9566,74.907,74.9566,17553
2026-08-21 14:34:00,74.9566,74.9814,74.9417,74.9417,21077
2026-08-21 14:35:00,74.9467,74.9666,74.9417,74.9517,14450
2026-08-21 14:36:00,74.9467,74.9616,74.9269,74.9616,10013
2026-08-21 14:37:00,74.9616,74.9864,74.9467,74.9616,16613
2026-08-21 14:38:00,74.9616,75.0063,74.9616,74.9914,18236
2026-08-21 14:39:00,74.9962,74.9962,74.9517,74.9517,15914
2026-08-21 14:40:00,74.9467,74.9467,74.907,74.912,23652
2026-08-21 14:41:00,74.912,74.9169,74.8822,74.907,65731
2026-08-21 14:42:00,74.907,74.907,74.8623,74.8623,18297
2026-08-21 14:43:00,74.8623,74.8822,74.8474,74.8723,34957
2026-08-21 14:44:00,74.8673,74.8723,74.8474,74.8574,31288
2026-08-21 14:45:00,74.8623,74.8871,74.8623,74.8772,23343
2026-08-21 14:46:00,74.8772,74.8847,74.8723,74.8822,9760
2026-08-21 14:47:00,74.8822,74.9169,74.8723,74.907,23275
2026-08-21 14:48:00,74.912,74.9169,74.8798,74.8822,12628
2026-08-21 14:49:00,74.8822,74.8871,74.8623,74.8723,19910
2026-08-21 14:50:00,74.8772,74.9467,74.8723,74.9417,21896
2026-08-21 14:51:00,74.9368,74.9467,74.9169,74.9219,13325
2026-08-21 14:52:00,74.9219,74.9417,74.9219,74.9417,8767
2026-08-21 14:53:00,74.9368,74.9368,74.912,74.9169,21423
2026-08-21 14:54:00,74.9269,74.9467,74.9219,74.9269,21937
2026-08-21 14:55:00,74.9269,74.9566,74.9269,74.9318,23286
2026-08-21 14:56:00,74.9368,74.9666,74.9219,74.9219,17261
2026-08-21 14:57:00,74.9229,74.9318,74.8971,74.8971,8882
2026-08-21 14:58:00,74.902,74.9169,74.8822,74.8921,8222
2026-08-21 14:59:00,74.8921,74.8971,74.8475,74.8673,24870
2026-08-21 15:00:00,74.8673,74.8871,74.8474,74.8474,15326
2026-08-21 15:01:00,74.8474,74.8871,74.8474,74.8673,23720
2026-08-21 15:02:00,74.8723,74.907,74.8673,74.8971,17015
2026-08-21 15:03:00,74.907,74.9169,74.8782,74.8822,18467
2026-08-21 15:04:00,74.8921,74.907,74.8822,74.8871,11763
2026-08-21 15:05:00,74.8822,74.912,74.8772,74.8822,16666
2026-08-21 15:06:00,74.8822,74.8971,74.8474,74.8474,21708
2026-08-21 15:07:00,74.8474,74.8673,74.8226,74.8584,24614
2026-08-21 15:08:00,74.8623,74.8822,74.8276,74.8822,15757
2026-08-21 15:09:00,74.8822,74.8871,74.8574,74.8673,19063
2026-08-21 15:10:00,74.8772,74.8871,74.8723,74.8772,11439
2026-08-21 15:11:00,74.8822,74.9368,74.8822,74.9368,15031
2026-08-21 15:12:00,74.9269,74.9305,74.8971,74.912,17123
2026-08-21 15:13:00,74.912,74.9417,74.912,74.9417,17649
2026-08-21 15:14:00,74.9318,74.9417,74.912,74.9169,17238
2026-08-21 15:15:00,74.912,74.9566,74.912,74.9278,25759
2026-08-21 15:16:00,74.9318,74.9542,74.912,74.9517,19595
2026-08-21 15:17:00,74.9566,74.9566,74.9318,74.9467,15315
2026-08-21 15:18:00,74.9467,74.9517,74.9269,74.9517,18495
2026-08-21 15:19:00,74.9521,74.9616,74.9269,74.9616,20678
2026-08-21 15:20:00,74.9616,74.9666,74.9368,74.9616,21167
2026-08-21 15:21:00,74.9666,74.9765,74.9368,74.9467,25339
2026-08-21 15:22:00,74.9467,74.9467,74.912,74.9367,20029
2026-08-21 15:23:00,74.9368,74.9417,74.907,74.9219,21452
2026-08-21 15:24:00,74.9219,74.9318,74.912,74.912,19751
2026-08-21 15:25:00,74.912,74.9318,74.8971,74.9219,19874
2026-08-21 15:26:00,74.9179,74.9318,74.8871,74.8921,20207
2026-08-21 15:27:00,74.8971,74.9219,74.8971,74.912,20821
2026-08-21 15:28:00,74.912,74.9368,74.8971,74.9318,25484
2026-08-21 15:29:00,74.9318,74.9566,74.9169,74.9318,55744
2026-08-21 15:30:00,74.9467,74.9666,74.9417,74.9517,24218
2026-08-21 15:31:00,74.9566,75.0162,74.9566,75.0092,27900
2026-08-21 15:32:00,75.0162,75.0162,74.9765,74.9914,27111
2026-08-21 15:33:00,74.9914,75.0261,74.9864,75.0013,30428
2026-08-21 15:34:00,75.0013,75.0013,74.9467,74.9467,25270
2026-08-21 15:35:00,74.9517,74.9517,74.9169,74.9269,29444
2026-08-21 15:36:00,74.9212,74.9269,74.8871,74.8871,40255
2026-08-21 15:37:00,74.8871,74.9417,74.8871,74.912,30766
2026-08-21 15:38:00,74.907,74.9267,74.8971,74.9169,26623
2026-08-21 15:39:00,74.9219,74.9318,74.8971,74.9045,35160
2026-08-21 15:40:00,74.907,74.907,74.8375,74.8772,38570
2026-08-21 15:41:00,74.8772,74.902,74.8673,74.8971,24953
2026-08-21 15:42:00,74.8971,74.912,74.8797,74.902,44895
2026-08-21 15:43:00,74.907,74.912,74.8623,74.907,39703
2026-08-21 15:44:00,74.907,74.9368,74.8971,74.9169,28342
2026-08-21 15:45:00,74.9169,74.9648,74.9169,74.9648,47162
2026-08-21 15:46:00,74.9616,75.0261,74.9467,75.0261,35079
2026-08-21 15:47:00,75.0212,75.0261,74.9963,74.9963,35097
2026-08-21 15:48:00,75.0013,75.0261,74.9963,75.0162,32578
2026-08-21 15:49:00,75.0162,75.0212,74.9666,74.9963,46504
2026-08-21 15:50:00,74.9963,75.0311,74.9666,74.9765,92550
2026-08-21 15:51:00,74.9765,75.0013,74.9566,74.9765,77787
2026-08-21 15:52:00,74.9814,75.0063,74.9765,74.9765,51593
2026-08-21 15:53:00,74.9765,74.9765,74.907,74.9219,97560
2026-08-21 15:54:00,74.9219,74.9616,74.908,74.9616,118818
2026-08-21 15:55:00,74.9666,75.0063,74.9467,74.9616,107868
2026-08-21 15:56:00,74.9609,74.9715,74.9318,74.9566,99688
2026-08-21 15:57:00,74.9616,74.9765,74.9269,74.9343,161951
2026-08-21 15:58:00,74.9368,74.9914,74.9318,74.9765,207918
2026-08-21 15:59:00,74.9765,75.0758,74.9765,75.046,541460
2026-08-22 09:30:00,75.046,75.0857,74.8474,74.9963,223182
2026-08-22 09:31:00,75.0162,75.0162,74.908,74.9169,20929
2026-08-22 09:32:00,74.9269,74.9666,74.9169,74.9169,14740
2026-08-22 09:33:00,74.9219,74.9765,74.907,74.9666,26189
2026-08-22 09:34:00,74.9616,75.0261,74.9368,74.9467,17494
2026-08-22 09:35:00,74.9566,75.0956,74.9269,75.0261,34575
2026-08-22 09:36:00,75.041,75.0758,74.9765,75.0063,16744
2026-08-22 09:37:00,74.9864,74.9983,74.9368,74.9467,21713
2026-08-22 09:38:00,74.9269,75.0658,74.9269,75.0261,25937
2026-08-22 09:39:00,75.0261,75.0857,75.0162,75.0212,17527
2026-08-22 09:40:00,75.0261,75.0956,75.0162,75.0682,10952
2026-08-22 09:41:00,75.0759,75.1949,75.0759,75.1651,16985
2026-08-22 09:42:00,75.1612,75.1849,75.1353,75.1403,15182
2026-08-22 09:43:00,75.1353,75.175,75.1155,75.1651,13770
2026-08-22 09:44:00,75.1552,75.2544,75.1552,75.1998,28747
2026-08-22 09:45:00,75.2048,75.2346,75.0956,75.0956,29812
2026-08-22 09:46:00,75.0857,75.0956,74.9666,74.9765,14176
2026-08-22 09:47:00,74.9765,75.0063,74.9621,74.9666,12808
2026-08-22 09:48:00,74.9566,74.9666,74.9318,74.9417,11558
2026-08-22 09:49:00,74.9467,74.9765,74.9269,74.9765,10151
2026-08-22 09:50:00,74.9864,74.9963,74.9467,74.9715,31671
2026-08-22 09:51:00,74.9715,74.9963,74.9467,74.9765,11630
2026-08-22 09:52:00,74.9765,75.0063,74.9566,74.9616,12316
2026-08-22 09:53:00,74.9517,74.9668,74.9269,74.9467,18234
2026-08-22 09:54:00,74.9368,75.0063,74.9368,75.0063,17109
2026-08-22 09:55:00,75.0063,75.036,74.9566,74.9705,22231
2026-08-22 09:56:00,74.9566,74.9566,74.9169,74.9269,21510
2026-08-22 09:57:00,74.9269,74.9566,74.8772,74.9019,18083
2026-08-22 09:58:00,74.907,74.9963,74.902,74.9765,13740
2026-08-22 09:59:00,74.9747,75.0063,74.9747,74.9864,14871
2026-08-22 10:00:00,74.9963,75.0261,74.9566,74.9864,21665
2026-08-22 10:01:00,74.9847,75.0261,74.9616,74.9666,22857
2026-08-22 10:02:00,74.9666,74.9864,74.8871,74.8871,35091
2026-08-22 10:03:00,74.8871,74.8971,74.8177,74.8276,27497
2026-08-22 10:04:00,74.8276,74.9269,74.8177,74.9169,23438
2026-08-22 10:05:00,74.9169,75.0013,74.9169,74.9467,25581
2026-08-22 10:06:00,74.9368,75.0013,74.9318,75.0013,22205
2026-08-22 10:07:00,75.0038,75.0038,74.9169,74.9566,26258
2026-08-22 10:08:00,74.9566,74.9666,74.8971,74.9368,16117
2026-08-22 10:09:00,74.9269,74.9269,74.8077,74.8425,40372
2026-08-22 10:10:00,74.8375,74.9169,74.8276,74.9169,20315
2026-08-22 10:11:00,74.907,74.907,74.773,74.773,27919
2026-08-22 10:12:00,74.768,74.768,74.6886,74.7283,34132
2026-08-22 10:13:00,74.7333,74.768,74.7134,74.7184,40350
2026-08-22 10:14:00,74.7184,74.7184,74.6489,74.6588,42569
2026-08-22 10:15:00,74.6588,74.7283,74.6489,74.7035,29008
2026-08-22 10:16:00,74.7085,74.7134,74.6092,74.6092,39482
2026-08-22 10:17:00,74.6092,74.6588,74.5893,74.6291,47898
2026-08-22 10:18:00,74.634,74.6787,74.5943,74.6142,30348
2026-08-22 10:19:00,74.6191,74.6836,74.5994,74.6836,37011
2026-08-22 10:20:00,74.6886,74.727,74.6688,74.7234,24183
2026-08-22 10:21:00,74.7184,74.7185,74.6092,74.6836,72540
2026-08-22 10:22:00,74.6886,74.7283,74.6886,74.7035,16599
2026-08-22 10:23:00,74.6985,74.7382,74.6984,74.7038,26920
2026-08-22 10:24:00,74.7085,74.7085,74.6042,74.6241,23576
2026-08-22 10:25:00,74.6291,74.7085,74.6191,74.7085,36411
2026-08-22 10:26:00,74.7085,74.7333,74.6638,74.7283,36678
2026-08-22 10:27:00,74.7333,74.768,74.6836,74.7432,31973
2026-08-22 10:28:00,74.7481,74.8187,74.7382,74.8077,45017
2026-08-22 10:29:00,74.8028,74.8077,74.7482,74.7482,26066
2026-08-22 10:30:00,74.7581,74.778,74.7482,74.778,16309
2026-08-22 10:31:00,74.7829,74.7879,74.7531,74.773,13145
2026-08-22 10:32:00,74.778,74.8177,74.768,74.8077,19066
2026-08-22 10:33:00,74.8226,74.8276,74.7879,74.8177,26327
2026-08-22 10:34:00,74.8077,74.8177,74.7382,74.7482,27917
2026-08-22 10:35:00,74.7531,74.7631,74.7086,74.7382,18593
2026-08-22 10:36:00,74.7382,74.7382,74.6687,74.6737,18846
2026-08-22 10:37:00,74.6787,74.7283,74.6688,74.7283,24209
2026-08-22 10:38:00,74.7234,74.7879,74.7234,74.7531,21100
2026-08-22 10:39:00,74.7531,74.7531,74.7134,74.7234,15181
2026-08-22 10:40:00,74.7283,74.7333,74.6787,74.6836,17842
2026-08-22 10:41:00,74.6887,74.7184,74.6887,74.7024,10201
2026-08-22 10:42:00,74.6985,74.7283,74.6836,74.6836,10000
2026-08-22 10:43:00,74.6836,74.7184,74.6688,74.7035,10500
2026-08-22 10:44:00,74.7035,74.7134,74.6688,74.7134,18671
2026-08-22 10:45:00,74.7283,74.7581,74.7134,74.7333,29335
2026-08-22 10:46:00,74.7283,74.7333,74.639,74.6489,26976
2026-08-22 10:47:00,74.6489,74.6587,74.6092,74.6142,27266
2026-08-22 10:48:00,74.6142,74.6291,74.5596,74.5596,36967
2026-08-22 10:49:00,74.5546,74.5993,74.5298,74.5546,25868
2026-08-22 10:50:00,74.5546,74.5794,74.5199,74.5645,22367
2026-08-22 10:51:00,74.5596,74.5596,74.4802,74.5,18675
2026-08-22 10:52:00,74.495,74.5397,74.4901,74.5298,32768
2026-08-22 10:53:00,74.5347,74.5447,74.4603,74.4921,34232
2026-08-22 10:54:00,74.5,74.5695,74.5,74.5596,26594
2026-08-22 10:55:00,74.5645,74.5844,74.5199,74.5546,30096
2026-08-22 10:56:00,74.5695,74.639,74.5596,74.6142,27350
2026-08-22 10:57:00,74.6092,74.7085,74.6042,74.6985,10298
2026-08-22 10:58:00,74.6886,74.7283,74.6836,74.7283,16061
2026-08-22 10:59:00,74.7282,74.7283,74.6836,74.6836,26192
2026-08-22 11:00:00,74.6836,74.7085,74.6588,74.6688,16878
2026-08-22 11:01:00,74.6588,74.7085,74.6588,74.6638,10906
2026-08-22 11:02:00,74.6489,74.6985,74.6489,74.6985,12973
2026-08-22 11:03:00,74.7085,74.7382,74.6886,74.7283,9754
2026-08-22 11:04:00,74.7185,74.7283,74.6886,74.7134,15129
2026-08-22 11:05:00,74.7134,74.7581,74.7134,74.7184,19795
2026-08-22 11:06:00,74.7184,74.7184,74.6787,74.6836,16524
2026-08-22 11:07:00,74.6836,74.6836,74.6391,74.6595,14585
2026-08-22 11:08:00,74.6588,74.6985,74.6588,74.6787,12738
2026-08-22 11:09:00,74.6737,74.7085,74.6588,74.6787,22299
2026-08-22 11:10:00,74.6787,74.6936,74.6092,74.6191,19430
2026-08-22 11:11:00,74.6291,74.6489,74.6092,74.6489,16419
2026-08-22 11:12:00,74.6439,74.6787,74.6391,74.6688,15498
2026-08-22 11:13:00,74.6638,74.7184,74.6588,74.7184,13642
2026-08-22 11:14:00,74.7134,74.768,74.7134,74.768,18951
2026-08-22 11:15:00,74.7631,74.7879,74.7382,74.773,17734
2026-08-22 11:16:00,74.768,74.778,74.7283,74.7631,20318
2026-08-22 11:17:00,74.768,74.7879,74.768,74.7879,11049
2026-08-22 11:18:00,74.778,74.8127,74.773,74.7978,29223
2026-08-22 11:19:00,74.8077,74.8325,74.8077,74.8226,34987
2026-08-22 11:20:00,74.8276,74.8375,74.7482,74.7482,23915
2026-08-22 11:21:00,74.7531,74.7531,74.7184,74.7432,9672
2026-08-22 11:22:00,74.7482,74.768,74.7382,74.768,10326
2026-08-22 11:23:00,74.7631,74.7631,74.7085,74.7184,12411
2026-08-22 11:24:00,74.7184,74.7382,74.7085,74.7382,15367
2026-08-22 11:25:00,74.7482,74.7482,74.7184,74.7186,18714
2026-08-22 11:26:00,74.7184,74.7234,74.6291,74.634,82739
2026-08-22 11:27:00,74.634,74.634,74.5794,74.5943,30215
2026-08-22 11:28:00,74.5993,74.6092,74.5844,74.6092,12403
2026-08-22 11:29:00,74.6092,74.6191,74.5695,74.5745,19788
2026-08-22 11:30:00,74.5695,74.5844,74.5546,74.5546,11795
2026-08-22 11:31:00,74.5546,74.5993,74.5447,74.5893,32579
2026-08-22 11:32:00,74.5844,74.5893,74.5645,74.5745,9864
2026-08-22 11:33:00,74.5695,74.5993,74.5496,74.5993,20960
2026-08-22 11:34:00,74.5943,74.6588,74.5943,74.6539,33183
2026-08-22 11:35:00,74.6539,74.6886,74.6539,74.6787,30034
2026-08-22 11:36:00,74.6787,74.7184,74.6787,74.7085,13245
2026-08-22 11:37:00,74.7184,74.7184,74.6588,74.7035,56958
2026-08-22 11:38:00,74.7035,74.7085,74.6489,74.7085,61189
2026-08-22 11:39:00,74.7085,74.7382,74.6985,74.7082,16096
2026-08-22 11:40:00,74.6985,74.7382,74.6985,74.7134,14618
2026-08-22 11:41:00,74.7283,74.7482,74.7283,74.7382,11218
2026-08-22 11:42:00,74.7333,74.7565,74.7283,74.7565,14634
2026-08-22 11:43:00,74.7581,74.7581,74.7283,74.7482,11994
2026-08-22 11:44:00,74.7482,74.7482,74.6886,74.6936,18077
2026-08-22 11:45:00,74.6936,74.6936,74.6291,74.6439,15384
2026-08-22 11:46:00,74.6488,74.6787,74.634,74.6688,15138
2026-08-22 11:47:00,74.6735,74.6787,74.6688,74.6787,6629
2026-08-22 11:48:00,74.6688,74.6836,74.6489,74.6539,18423
2026-08-22 11:49:00,74.6588,74.6688,74.6588,74.6588,6398
2026-08-22 11:50:00,74.6539,74.6588,74.6291,74.639,10588
2026-08-22 11:51:00,74.634,74.634,74.5893,74.6042,21628
2026-08-22 11:52:00,74.6092,74.6489,74.5993,74.6489,7095
2026-08-22 11:53:00,74.6489,74.6588,74.639,74.6588,12256
2026-08-22 11:54:00,74.6646,74.6646,74.634,74.6439,12266
2026-08-22 11:55:00,74.6439,74.6539,74.639,74.6439,9876
2026-08-22 11:56:00,74.6489,74.6489,74.6241,74.6241,9039
2026-08-22 11:57:00,74.6241,74.6241,74.5993,74.5993,13196
2026-08-22 11:58:00,74.5993,74.6092,74.5645,74.6018,11131
2026-08-22 11:59:00,74.6092,74.6191,74.5943,74.5943,9650
2026-08-22 12:00:00,74.5943,74.5993,74.5695,74.5745,22483
2026-08-22 12:01:00,74.5794,74.5794,74.5596,74.5645,13066
2026-08-22 12:02:00,74.5695,74.5695,74.5199,74.5248,13260
2026-08-22 12:03:00,74.5248,74.5626,74.5248,74.5546,11585
2026-08-22 12:04:00,74.5496,74.5893,74.5397,74.5794,13476
2026-08-22 12:05:00,74.5745,74.5794,74.5298,74.5298,19134
2026-08-22 12:06:00,74.5298,74.5893,74.5099,74.5893,12210
2026-08-22 12:07:00,74.5893,74.5943,74.5596,74.5745,15324
2026-08-22 12:08:00,74.5745,74.5745,74.5447,74.5614,11227
2026-08-22 12:09:00,74.5695,74.5844,74.5397,74.5844,11380
2026-08-22 12:10:00,74.5852,74.5993,74.5804,74.5893,14974
2026-08-22 12:11:00,74.5993,74.634,74.5993,74.6339,12159
2026-08-22 12:12:00,74.634,74.639,74.6142,74.6233,15285
2026-08-22 12:13:00,74.6241,74.6439,74.6241,74.639,8469
2026-08-22 12:14:00,74.6439,74.6588,74.6291,74.6588,22505
2026-08-22 12:15:00,74.6588,74.6787,74.6391,74.6638,10453
2026-08-22 12:16:00,74.6588,74.6688,74.6092,74.6092,15266
2026-08-22 12:17:00,74.6191,74.634,74.6142,74.6241,12563
2026-08-22 12:18:00,74.6241,74.639,74.6042,74.634,17506
2026-08-22 12:19:00,74.639,74.639,74.6192,74.6291,8854
2026-08-22 12:20:00,74.6291,74.634,74.6092,74.634,11335
2026-08-22 12:21:00,74.634,74.7134,74.6291,74.6688,58975
2026-08-22 12:22:00,74.6688,74.6886,74.6489,74.6588,10251
2026-08-22 12:23:00,74.6489,74.6539,74.5893,74.5893,33831
2026-08-22 12:24:00,74.5893,74.5943,74.5397,74.5645,11629
2026-08-22 12:25:00,74.5596,74.5695,74.5447,74.5447,14358
2026-08-22 12:26:00,74.5496,74.5496,74.5199,74.5447,24308
2026-08-22 12:27:00,74.5447,74.5794,74.5447,74.5793,7276
2026-08-22 12:28:00,74.5732,74.5833,74.5447,74.5833,29135
2026-08-22 12:29:00,74.5794,74.5844,74.5596,74.5645,15933
2026-08-22 12:30:00,74.5596,74.5794,74.5546,74.5745,21681
2026-08-22 12:31:00,74.5745,74.6091,74.5695,74.5745,65973
2026-08-22 12:32:00,74.5794,74.5794,74.5298,74.5397,15342
2026-08-22 12:33:00,74.5496,74.5596,74.5347,74.5347,9629
2026-08-22 12:34:00,74.5347,74.5794,74.5347,74.5696,7151
2026-08-22 12:35:00,74.5745,74.6042,74.5745,74.5993,68091
2026-08-22 12:36:00,74.5993,74.6092,74.5645,74.5695,16181
2026-08-22 12:37:00,74.5745,74.5893,74.5596,74.5745,7471
2026-08-22 12:38:00,74.5745,74.5794,74.5645,74.5745,10596
2026-08-22 12:39:00,74.5745,74.5893,74.5745,74.5836,7258
2026-08-22 12:40:00,74.5794,74.5993,74.5745,74.5993,7628
2026-08-22 12:41:00,74.5893,74.6191,74.5695,74.5695,44186
2026-08-22 12:42:00,74.5695,74.5695,74.4901,74.495,23964
2026-08-22 12:43:00,74.495,74.505,74.4702,74.4901,19256
2026-08-22 12:44:00,74.5,74.5397,74.5,74.5397,14308
2026-08-22 12:45:00,74.5397,74.5496,74.4802,74.4901,29042
2026-08-22 12:46:00,74.4802,74.4802,74.458,74.4702,20364
2026-08-22 12:47:00,74.4765,74.5199,74.4752,74.5099,20034
2026-08-22 12:48:00,74.5099,74.5298,74.505,74.5298,13873
2026-08-22 12:49:00,74.5347,74.5397,74.5199,74.5298,11715
2026-08-22 12:50:00,74.5298,74.5794,74.5298,74.5794,11200
2026-08-22 12:51:00,74.5695,74.5993,74.5591,74.599,10732
2026-08-22 12:52:00,74.5893,74.5893,74.5695,74.5745,6893
2026-08-22 12:53:00,74.5745,74.5844,74.5546,74.5696,11432
2026-08-22 12:54:00,74.5745,74.6142,74.5745,74.5993,35061
2026-08-22 12:55:00,74.5993,74.6241,74.5844,74.6092,37868
2026-08-22 12:56:00,74.6092,74.6489,74.6042,74.6439,42928
2026-08-22 12:57:00,74.639,74.6439,74.6142,74.6142,14726
2026-08-22 12:58:00,74.6092,74.6347,74.6042,74.6191,8393
2026-08-22 12:59:00,74.6191,74.639,74.6092,74.639,7055
2026-08-22 13:00:00,74.639,74.6489,74.6092,74.6191,12900
2026-08-22 13:01:00,74.6132,74.6241,74.5893,74.5993,8155
2026-08-22 13:02:00,74.5893,74.6291,74.5893,74.6291,10272
2026-08-22 13:03:00,74.6241,74.6291,74.5893,74.5943,11837
2026-08-22 13:04:00,74.5993,74.6191,74.5993,74.6191,9758
2026-08-22 13:05:00,74.6092,74.639,74.5993,74.639,12972
2026-08-22 13:06:00,74.6291,74.639,74.5943,74.5943,10670
2026-08-22 13:07:00,74.5993,74.6092,74.5918,74.6092,5598
2026-08-22 13:08:00,74.6092,74.6291,74.5844,74.6059,22151
2026-08-22 13:09:00,74.5993,74.6092,74.5993,74.6042,5774
2026-08-22 13:10:00,74.6042,74.6191,74.6042,74.6142,9879
2026-08-22 13:11:00,74.6092,74.6191,74.5943,74.5943,10085
2026-08-22 13:12:00,74.5993,74.6092,74.5893,74.6042,6538
2026-08-22 13:13:00,74.6042,74.6092,74.5794,74.5993,9184
2026-08-22 13:14:00,74.5943,74.6291,74.5844,74.6291,10824
2026-08-22 13:15:00,74.6291,74.6489,74.6191,74.634,18322
2026-08-22 13:16:00,74.6291,74.634,74.6042,74.634,9455
2026-08-22 13:17:00,74.6252,74.6252,74.5993,74.6028,7042
2026-08-22 13:18:00,74.5993,74.5993,74.5596,74.5645,8485
2026-08-22 13:19:00,74.5695,74.5745,74.5596,74.5738,7970
2026-08-22 13:20:00,74.5794,74.6291,74.5794,74.6191,7813
2026-08-22 13:21:00,74.6092,74.6142,74.5993,74.6092,7760
2026-08-22 13:22:00,74.6191,74.639,74.6142,74.6241,9231
2026-08-22 13:23:00,74.6241,74.629,74.6142,74.6191,14454
2026-08-22 13:24:00,74.6092,74.6092,74.5695,74.5745,11360
2026-08-22 13:25:00,74.5695,74.5844,74.5695,74.5794,9559
2026-08-22 13:26:00,74.5794,74.5852,74.5695,74.5832,6314
2026-08-22 13:27:00,74.5794,74.589,74.5596,74.5645,14650
2026-08-22 13:28:00,74.5596,74.5745,74.5546,74.5745,20702
2026-08-22 13:29:00,74.5794,74.6142,74.5794,74.6092,17025
2026-08-22 13:30:00,74.6042,74.6133,74.5993,74.5993,9896
2026-08-22 13:31:00,74.5993,74.6191,74.584,74.6142,20637
2026-08-22 13:32:00,74.6142,74.6142,74.5943,74.5943,13294
2026-08-22 13:33:00,74.5943,74.5993,74.5619,74.5745,11101
2026-08-22 13:34:00,74.5696,74.6191,74.5696,74.6142,9078
2026-08-22 13:35:00,74.6142,74.6241,74.5993,74.6241,13811
2026-08-22 13:36:00,74.6241,74.639,74.6241,74.634,6366
2026-08-22 13:37:00,74.639,74.6489,74.6291,74.6439,7919
2026-08-22 13:38:00,74.6489,74.6836,74.6391,74.6836,12259
2026-08-22 13:39:00,74.6886,74.7482,74.6836,74.7248,31421
2026-08-22 13:40:00,74.7234,74.7283,74.7184,74.7234,6911
2026-08-22 13:41:00,74.7282,74.7382,74.7234,74.7382,7373
2026-08-22 13:42:00,74.7348,74.7482,74.7333,74.7432,8721
2026-08-22 13:43:00,74.7482,74.7581,74.7382,74.7384,8466
2026-08-22 13:44:00,74.7482,74.7978,74.7482,74.7928,12108
2026-08-22 13:45:00,74.7978,74.7978,74.7531,74.768,22336
2026-08-22 13:46:00,74.773,74.8177,74.768,74.8028,37577
2026-08-22 13:47:00,74.8028,74.8276,74.778,74.7905,19332
2026-08-22 13:48:00,74.7879,74.8177,74.778,74.7879,16641
2026-08-22 13:49:00,74.768,74.778,74.7631,74.7631,11883
2026-08-22 13:50:00,74.7631,74.7879,74.7581,74.7829,7551
2026-08-22 13:51:00,74.7879,74.7879,74.7383,74.7383,10735
2026-08-22 13:52:00,74.7383,74.7581,74.7343,74.7581,7315
2026-08-22 13:53:00,74.7581,74.778,74.7483,74.778,6406
2026-08-22 13:54:00,74.773,74.7879,74.768,74.7879,6128
2026-08-22 13:55:00,74.778,74.7879,74.768,74.7829,13167
2026-08-22 13:56:00,74.778,74.778,74.7482,74.778,20185
2026-08-22 13:57:00,74.7829,74.7978,74.778,74.7978,5344
2026-08-22 13:58:00,74.7978,74.8077,74.7881,74.8077,7989
2026-08-22 13:59:00,74.8077,74.8177,74.8003,74.8077,12387
2026-08-22 14:00:00,74.8127,74.8177,74.8077,74.8177,3505
2026-08-22 14:01:00,74.8127,74.8226,74.7978,74.8028,25523
2026-08-22 14:02:00,74.8076,74.8276,74.8076,74.8177,4224
2026-08-22 14:03:00,74.8276,74.8425,74.8077,74.8425,12754
2026-08-22 14:04:00,74.8474,74.8474,74.8177,74.8276,30243
2026-08-22 14:05:00,74.8325,74.8474,74.8226,74.8434,9231
2026-08-22 14:06:00,74.8474,74.8474,74.8375,74.845,16340
2026-08-22 14:07:00,74.8376,74.8574,74.8376,74.8474,4382
2026-08-22 14:08:00,74.8524,74.8723,74.8375,74.8375,15311
2026-08-22 14:09:00,74.8425,74.8474,74.8276,74.8276,5824
2026-08-22 14:10:00,74.8325,74.8574,74.8276,74.8524,7610
2026-08-22 14:11:00,74.8524,74.8574,74.8375,74.8425,8104
2026-08-22 14:12:00,74.8474,74.8524,74.8425,74.8474,11612
2026-08-22 14:13:00,74.8376,74.8673,74.8376,74.8623,10278
2026-08-22 14:14:00,74.8673,74.8673,74.8226,74.8226,13064
2026-08-22 14:15:00,74.8226,74.8226,74.8077,74.8127,13197
2026-08-22 14:16:00,74.8177,74.8177,74.768,74.773,15593
2026-08-22 14:17:00,74.7719,74.7789,74.7581,74.773,12252
2026-08-22 14:18:00,74.7755,74.778,74.7581,74.7631,9130
2026-08-22 14:19:00,74.7631,74.7719,74.7581,74.7631,12921
2026-08-22 14:20:00,74.7631,74.768,74.7382,74.7432,7742
2026-08-22 14:21:00,74.7482,74.7482,74.7184,74.7184,12742
2026-08-22 14:22:00,74.7184,74.7234,74.6737,74.6886,22196
2026-08-22 14:23:00,74.6886,74.7035,74.6886,74.6985,7375
2026-08-22 14:24:00,74.7035,74.7482,74.6986,74.7482,11380
2026-08-22 14:25:00,74.7482,74.7581,74.7432,74.7581,8548
2026-08-22 14:26:00,74.7531,74.7531,74.7283,74.7333,13190
2026-08-22 14:27:00,74.7382,74.7531,74.7333,74.7531,11614
2026-08-22 14:28:00,74.7581,74.768,74.7483,74.7631,11586
2026-08-22 14:29:00,74.7646,74.768,74.7531,74.7531,6604
2026-08-22 14:30:00,74.7482,74.7531,74.7383,74.7531,10780
2026-08-22 14:31:00,74.7581,74.7581,74.7482,74.7581,9577
2026-08-22 14:32:00,74.7631,74.7879,74.7631,74.7879,7821
2026-08-22 14:33:00,74.7829,74.8425,74.7819,74.833,18892
2026-08-22 14:34:00,74.8375,74.8524,74.8325,74.8474,8937
2026-08-22 14:35:00,74.8425,74.8474,74.8325,74.8375,14533
2026-08-22 14:36:00,74.8276,74.8375,74.8177,74.8276,18647
2026-08-22 14:37:00,74.8226,74.8474,74.8223,74.8425,6715
2026-08-22 14:38:00,74.8474,74.8673,74.8474,74.8673,11626
2026-08-22 14:39:00,74.8623,74.8623,74.8375,74.8425,7263
2026-08-22 14:40:00,74.8425,74.8772,74.8425,74.8723,9923
2026-08-22 14:41:00,74.8673,74.8971,74.8575,74.8871,21966
2026-08-22 14:42:00,74.8871,74.8921,74.8574,74.89,7896
2026-08-22 14:43:00,74.8871,74.9269,74.8871,74.9269,9687
2026-08-22 14:44:00,74.9219,74.9269,74.8871,74.8871,13226
2026-08-22 14:45:00,74.8971,74.907,74.8871,74.8871,11449
2026-08-22 14:46:00,74.8871,74.9169,74.8871,74.907,8241
2026-08-22 14:47:00,74.9122,74.9169,74.8921,74.8971,10297
2026-08-22 14:48:00,74.8921,74.9269,74.8921,74.9269,8076
2026-08-22 14:49:00,74.9219,74.9269,74.8971,74.907,10994
2026-08-22 14:50:00,74.8971,74.9169,74.8871,74.9169,19675
2026-08-22 14:51:00,74.912,74.912,74.8822,74.912,12473
2026-08-22 14:52:00,74.912,74.912,74.8871,74.8971,15258
2026-08-22 14:53:00,74.8971,74.8971,74.8768,74.8971,8753
2026-08-22 14:54:00,74.902,74.9045,74.8772,74.8822,14688
2026-08-22 14:55:00,74.8772,74.8822,74.8623,74.8822,18257
2026-08-22 14:56:00,74.8772,74.8772,74.8474,74.8524,19164
2026-08-22 14:57:00,74.8524,74.8723,74.8479,74.8623,21778
2026-08-22 14:58:00,74.8623,74.8723,74.8508,74.8723,17159
2026-08-22 14:59:00,74.8723,74.8772,74.8325,74.8425,27646
2026-08-22 15:00:00,74.8375,74.8474,74.8276,74.8425,20240
2026-08-22 15:01:00,74.8425,74.8971,74.8375,74.8921,24576
2026-08-22 15:02:00,74.8902,74.8921,74.8325,74.8474,14199
2026-08-22 15:03:00,74.8474,74.8673,74.8474,74.8673,8254
2026-08-22 15:04:00,74.8673,74.8871,74.8623,74.8772,9934
2026-08-22 15:05:00,74.8871,74.9169,74.8871,74.9169,33064
2026-08-22 15:06:00,74.9169,74.9269,74.8971,74.9219,11703
2026-08-22 15:07:00,74.9269,74.9269,74.9219,74.9269,7276
2026-08-22 15:08:00,74.9219,74.9666,74.9219,74.9666,26421
2026-08-22 15:09:00,74.9566,74.9566,74.9219,74.9417,30525
2026-08-22 15:10:00,74.9318,74.9765,74.9318,74.9765,21738
2026-08-22 15:11:00,74.9666,75.0261,74.9666,75.0063,27603
2026-08-22 15:12:00,75.0162,75.0163,74.9864,75.0063,20757
2026-08-22 15:13:00,75.0062,75.0559,75.0013,75.046,28934
2026-08-22 15:14:00,75.046,75.046,75.0212,75.0261,18339
2026-08-22 15:15:00,75.0212,75.0261,75.0004,75.0013,12201
2026-08-22 15:16:00,75.0063,75.0261,74.9985,75.0261,11596
2026-08-22 15:17:00,75.0212,75.0758,75.0212,75.0658,32139
2026-08-22 15:18:00,75.0758,75.1155,75.0758,75.1155,21714
2026-08-22 15:19:00,75.1117,75.1304,75.1006,75.1006,26462
2026-08-22 15:20:00,75.1006,75.1155,75.0559,75.0559,20730
2026-08-22 15:21:00,75.0559,75.0758,75.0509,75.056,17291
2026-08-22 15:22:00,75.0609,75.0658,75.0509,75.0559,19105
2026-08-22 15:23:00,75.0609,75.0857,75.036,75.0857,23074
2026-08-22 15:24:00,75.0857,75.1204,75.0807,75.1105,16600
2026-08-22 15:25:00,75.1105,75.1254,75.0956,75.1154,20085
2026-08-22 15:26:00,75.1055,75.1055,75.0569,75.0569,24024
2026-08-22 15:27:00,75.0658,75.0956,75.0658,75.0956,15036
2026-08-22 15:28:00,75.0906,75.1155,75.0857,75.0956,17339
2026-08-22 15:29:00,75.0857,75.1155,75.0857,75.1055,23928
2026-08-22 15:30:00,75.1006,75.1254,75.0807,75.0956,25379
2026-08-22 15:31:00,75.1006,75.1155,75.0956,75.1055,27920
2026-08-22 15:32:00,75.1006,75.1155,75.1006,75.1105,23852
2026-08-22 15:33:00,75.1155,75.1155,75.0857,75.1006,14152
2026-08-22 15:34:00,75.1006,75.1078,75.0758,75.1006,23265
2026-08-22 15:35:00,75.1006,75.1006,75.0708,75.0708,16155
2026-08-22 15:36:00,75.0683,75.0758,75.046,75.0585,20955
2026-08-22 15:37:00,75.0658,75.0758,75.0609,75.0708,18287
2026-08-22 15:38:00,75.0708,75.0956,75.0708,75.0857,13956
2026-08-22 15:39:00,75.0856,75.1055,75.0758,75.1006,18814
2026-08-22 15:40:00,75.0956,75.1155,75.0807,75.1155,21846
2026-08-22 15:41:00,75.1204,75.1353,75.1055,75.1255,20776
2026-08-22 15:42:00,75.1254,75.1353,75.1055,75.1254,26533
2026-08-22 15:43:00,75.1204,75.1254,75.1055,75.12,20103
2026-08-22 15:44:00,75.1254,75.1304,75.1056,75.1155,22252
2026-08-22 15:45:00,75.1105,75.1353,75.1006,75.1204,27947
2026-08-22 15:46:00,75.1204,75.1304,75.1055,75.1304,30318
2026-08-22 15:47:00,75.1353,75.1899,75.1304,75.18,41510
2026-08-22 15:48:00,75.1849,75.1849,75.1462,75.1652,39231
2026-08-22 15:49:00,75.1651,75.1949,75.1651,75.1849,25186
2026-08-22 15:50:00,75.1849,75.2048,75.1353,75.18,65313
2026-08-22 15:51:00,75.18,75.2147,75.1601,75.2147,58881
2026-08-22 15:52:00,75.2098,75.2247,75.1792,75.1899,60197
2026-08-22 15:53:00,75.1849,75.1849,75.1354,75.175,56681
2026-08-22 15:54:00,75.1701,75.2048,75.1552,75.1949,82143
2026-08-22 15:55:00,75.1998,75.2346,75.175,75.18,109081
2026-08-22 15:56:00,75.18,75.1899,75.1264,75.1899,72155
2026-08-22 15:57:00,75.1899,75.1949,75.1452,75.1651,128353
2026-08-22 15:58:00,75.1651,75.2048,75.1552,75.18,120476
2026-08-22 15:59:00,75.1849,75.1949,75.1254,75.1353,347583
2026-08-25 09:30:00,75.3438,75.4827,75.2941,75.443,232109
2026-08-25 09:31:00,75.4232,75.4381,75.319,75.3438,37532
2026-08-25 09:32:00,75.3537,75.4331,75.334,75.3487,20314
2026-08-25 09:33:00,75.3636,75.3835,75.2247,75.2346,25850
2026-08-25 09:34:00,75.1949,75.2045,75.1353,75.175,43377
2026-08-25 09:35:00,75.1651,75.1949,75.0559,75.0758,28014
2026-08-25 09:36:00,75.0807,75.1552,75.0662,75.1452,15266
2026-08-25 09:37:00,75.1502,75.1502,75.0956,75.1155,16686
2026-08-25 09:38:00,75.1155,75.1651,75.0758,75.1055,17769
2026-08-25 09:39:00,75.1155,75.1747,75.0867,75.1552,29421
2026-08-25 09:40:00,75.1651,75.2147,75.1651,75.1849,15699
2026-08-25 09:41:00,75.1849,75.1849,75.1403,75.1601,14557
2026-08-25 09:42:00,75.175,75.2147,75.1552,75.1949,20838
2026-08-25 09:43:00,75.1849,75.2048,75.1651,75.1849,13379
2026-08-25 09:44:00,75.1651,75.1667,75.1378,75.1447,14820
2026-08-25 09:45:00,75.1452,75.1452,75.1105,75.1105,20729
2026-08-25 09:46:00,75.1105,75.1502,75.1065,75.1254,12823
2026-08-25 09:47:00,75.1254,75.1353,75.1006,75.1353,13294
2026-08-25 09:48:00,75.1353,75.2048,75.1353,75.1849,13688
2026-08-25 09:49:00,75.1849,75.1949,75.1452,75.1452,4816
2026-08-25 09:50:00,75.1552,75.1949,75.1552,75.1601,18343
2026-08-25 09:51:00,75.16,75.175,75.1452,75.1452,10610
2026-08-25 09:52:00,75.1552,75.1552,75.046,75.0641,28883
2026-08-25 09:53:00,75.0609,75.0658,75.0311,75.036,23947
2026-08-25 09:54:00,75.036,75.1055,75.0162,75.0966,14157
2026-08-25 09:55:00,75.1155,75.1452,75.0857,75.0857,18543
2026-08-25 09:56:00,75.0758,75.0956,75.0609,75.0658,10012
2026-08-25 09:57:00,75.0708,75.1651,75.0708,75.1353,34708
2026-08-25 09:58:00,75.1353,75.2098,75.1189,75.2048,23054
2026-08-25 09:59:00,75.2061,75.2147,75.1155,75.1204,21424
2026-08-25 10:00:00,75.1105,75.1452,75.0956,75.1353,21173
2026-08-25 10:01:00,75.1254,75.1502,75.0956,75.1502,12865
2026-08-25 10:02:00,75.1502,75.2247,75.1502,75.2147,9603
2026-08-25 10:03:00,75.2098,75.2147,75.1502,75.1502,17933
2026-08-25 10:04:00,75.1552,75.1651,75.1254,75.1452,13329
2026-08-25 10:05:00,75.1452,75.1601,75.1353,75.1502,16415
2026-08-25 10:06:00,75.1601,75.2147,75.1498,75.1998,25589
2026-08-25 10:07:00,75.2048,75.2048,75.1055,75.1204,18242
2026-08-25 10:08:00,75.1155,75.1552,75.1055,75.1304,19217
2026-08-25 10:09:00,75.1353,75.2247,75.1304,75.2197,27033
2026-08-25 10:10:00,75.2147,75.2619,75.2147,75.2619,22615
2026-08-25 10:11:00,75.2544,75.2842,75.2346,75.2644,19783
2026-08-25 10:12:00,75.2445,75.2842,75.2395,75.2793,16511
2026-08-25 10:13:00,75.2743,75.3041,75.2693,75.2892,17637
2026-08-25 10:14:00,75.2842,75.2892,75.2247,75.2447,11295
2026-08-25 10:15:00,75.2448,75.2892,75.2345,75.2445,16694
2026-08-25 10:16:00,75.2445,75.3104,75.2395,75.2902,17577
2026-08-25 10:17:00,75.2941,75.3214,75.2941,75.2991,12718
2026-08-25 10:18:00,75.2991,75.3041,75.2793,75.2892,14781
2026-08-25 10:19:00,75.2939,75.3338,75.2892,75.3338,11763
2026-08-25 10:20:00,75.3338,75.3339,75.2842,75.2842,30693
2026-08-25 10:21:00,75.2842,75.314,75.2793,75.2892,14458
2026-08-25 10:22:00,75.2938,75.314,75.2793,75.2793,17720
2026-08-25 10:23:00,75.2743,75.2941,75.2594,75.2842,17619
2026-08-25 10:24:00,75.2842,75.2991,75.2687,75.2793,28705
2026-08-25 10:25:00,75.2941,75.3438,75.2941,75.309,29974
2026-08-25 10:26:00,75.309,75.3636,75.309,75.3636,10924
2026-08-25 10:27:00,75.3537,75.3636,75.2743,75.2842,23090
2026-08-25 10:28:00,75.2842,75.3239,75.2793,75.309,14672
2026-08-25 10:29:00,75.314,75.3636,75.314,75.3537,9510
2026-08-25 10:30:00,75.3537,75.3636,75.3439,75.3587,13603
2026-08-25 10:31:00,75.3587,75.4331,75.3388,75.4331,13402
2026-08-25 10:32:00,75.4282,75.4331,75.3785,75.4033,16977
2026-08-25 10:33:00,75.4033,75.4579,75.4033,75.443,26378
2026-08-25 10:34:00,75.443,75.4728,75.4282,75.4679,27905
2026-08-25 10:35:00,75.4728,75.4827,75.4331,75.4331,14855
2026-08-25 10:36:00,75.443,75.4827,75.4331,75.4579,14518
2026-08-25 10:37:00,75.4629,75.4976,75.443,75.443,19960
2026-08-25 10:38:00,75.443,75.4629,75.4232,75.4232,13689
2026-08-25 10:39:00,75.4232,75.453,75.4034,75.453,11967
2026-08-25 10:40:00,75.448,75.4529,75.4033,75.4331,17104
2026-08-25 10:41:00,75.4331,75.4579,75.4133,75.4232,12486
2026-08-25 10:42:00,75.4133,75.4182,75.3388,75.3438,12411
2026-08-25 10:43:00,75.3438,75.3587,75.334,75.3448,16935
2026-08-25 10:44:00,75.3487,75.3934,75.3439,75.3934,14606
2026-08-25 10:45:00,75.3884,75.3934,75.3338,75.3736,18945
2026-08-25 10:46:00,75.3686,75.3934,75.3686,75.3686,11907
2026-08-25 10:47:00,75.3686,75.4133,75.3686,75.3884,14088
2026-08-25 10:48:00,75.3835,75.3884,75.3438,75.3487,16300
2026-08-25 10:49:00,75.3438,75.3438,75.314,75.3187,17188
2026-08-25 10:50:00,75.319,75.3438,75.319,75.3388,9721
2026-08-25 10:51:00,75.3388,75.3835,75.3289,75.3736,25823
2026-08-25 10:52:00,75.3736,75.3934,75.3636,75.3884,14334
2026-08-25 10:53:00,75.3934,75.4034,75.3438,75.3812,59795
2026-08-25 10:54:00,75.3785,75.3785,75.3572,75.3686,11336
2026-08-25 10:55:00,75.3686,75.3736,75.2753,75.3041,67758
2026-08-25 10:56:00,75.2941,75.3463,75.2793,75.314,24527
2026-08-25 10:57:00,75.3109,75.3109,75.2793,75.2991,15028
2026-08-25 10:58:00,75.2941,75.319,75.2941,75.319,13415
2026-08-25 10:59:00,75.319,75.319,75.2942,75.309,10601
2026-08-25 11:00:00,75.3041,75.3239,75.2793,75.2793,14398
2026-08-25 11:01:00,75.2743,75.2941,75.2594,75.2793,356598
2026-08-25 11:02:00,75.2892,75.2991,75.2644,75.2644,12365
2026-08-25 11:03:00,75.2644,75.2842,75.2594,75.2793,14087
2026-08-25 11:04:00,75.2793,75.282,75.2395,75.2445,13608
2026-08-25 11:05:00,75.2495,75.294,75.2495,75.2743,21205
2026-08-25 11:06:00,75.2743,75.2743,75.2495,75.2644,16420
2026-08-25 11:07:00,75.2693,75.2793,75.2147,75.2247,13044
2026-08-25 11:08:00,75.2296,75.2544,75.2197,75.2296,10728
2026-08-25 11:09:00,75.2346,75.2991,75.2296,75.2991,16758
2026-08-25 11:10:00,75.2991,75.3041,75.2768,75.2793,8821
2026-08-25 11:11:00,75.2793,75.2892,75.2495,75.2599,13172
2026-08-25 11:12:00,75.2594,75.3041,75.2495,75.3041,10705
2026-08-25 11:13:00,75.314,75.3438,75.314,75.3341,10543
2026-08-25 11:14:00,75.3338,75.3338,75.314,75.3289,10010
2026-08-25 11:15:00,75.3239,75.3289,75.2941,75.314,11987
2026-08-25 11:16:00,75.309,75.3438,75.309,75.3438,10916
2026-08-25 11:17:00,75.3472,75.35,75.319,75.319,7458
2026-08-25 11:18:00,75.3215,75.3289,75.2941,75.3239,11080
2026-08-25 11:19:00,75.3338,75.3884,75.3338,75.3884,13911
2026-08-25 11:20:00,75.3884,75.3934,75.3487,75.3636,9196
2026-08-25 11:21:00,75.3587,75.3636,75.3338,75.3388,6881
2026-08-25 11:22:00,75.3438,75.3686,75.3438,75.3636,8619
2026-08-25 11:23:00,75.3686,75.4232,75.3686,75.4033,14126
2026-08-25 11:24:00,75.3964,75.4033,75.3785,75.3785,10825
2026-08-25 11:25:00,75.3736,75.3785,75.3636,75.3785,13513
2026-08-25 11:26:00,75.3736,75.3835,75.3487,75.3521,13173
2026-08-25 11:27:00,75.3487,75.3537,75.3338,75.3338,7084
2026-08-25 11:28:00,75.3338,75.3438,75.3289,75.3388,9718
2026-08-25 11:29:00,75.3388,75.3487,75.3338,75.3338,15276
2026-08-25 11:30:00,75.3338,75.3537,75.3338,75.3368,8863
2026-08-25 11:31:00,75.3388,75.3537,75.3041,75.309,15973
2026-08-25 11:32:00,75.309,75.319,75.3063,75.3115,41730
2026-08-25 11:33:00,75.309,75.314,75.2892,75.3139,18396
2026-08-25 11:34:00,75.309,75.3636,75.309,75.3636,15096
2026-08-25 11:35:00,75.3587,75.3785,75.3487,75.3736,13468
2026-08-25 11:36:00,75.3736,75.3785,75.3537,75.3636,5565
2026-08-25 11:37:00,75.3636,75.3636,75.314,75.319,9947
2026-08-25 11:38:00,75.319,75.3239,75.2991,75.2991,24339
2026-08-25 11:39:00,75.2991,75.3289,75.2991,75.3239,14047
2026-08-25 11:40:00,75.319,75.3636,75.319,75.3537,13219
2026-08-25 11:41:00,75.3537,75.3785,75.3487,75.3737,10312
2026-08-25 11:42:00,75.3835,75.4033,75.3736,75.3779,11321
2026-08-25 11:43:00,75.3835,75.3884,75.3736,75.3785,13913
2026-08-25 11:44:00,75.3835,75.3835,75.3487,75.3537,14605
2026-08-25 11:45:00,75.3537,75.3736,75.314,75.3636,21814
2026-08-25 11:46:00,75.3636,75.3686,75.3487,75.3487,4338
2026-08-25 11:47:00,75.3487,75.3537,75.319,75.319,8832
2026-08-25 11:48:00,75.314,75.3388,75.311,75.3388,6623
2026-08-25 11:49:00,75.3388,75.3522,75.3239,75.3239,19372
2026-08-25 11:50:00,75.3239,75.3302,75.314,75.3302,7614
2026-08-25 11:51:00,75.3338,75.3736,75.3289,75.3587,18054
2026-08-25 11:52:00,75.3587,75.3587,75.309,75.309,6451
2026-08-25 11:53:00,75.3118,75.3239,75.3042,75.319,9035
2026-08-25 11:54:00,75.314,75.314,75.2941,75.2991,24391
2026-08-25 11:55:00,75.3041,75.3041,75.2743,75.2743,13239
2026-08-25 11:56:00,75.2693,75.2991,75.2693,75.2793,9626
2026-08-25 11:57:00,75.2743,75.3041,75.2693,75.2892,10797
2026-08-25 11:58:00,75.2941,75.319,75.2941,75.319,8110
2026-08-25 11:59:00,75.319,75.3239,75.2991,75.2991,9037
2026-08-25 12:00:00,75.2991,75.314,75.2892,75.314,7550
2026-08-25 12:01:00,75.309,75.3238,75.309,75.3213,5325
2026-08-25 12:02:00,75.3141,75.3338,75.309,75.309,8632
2026-08-25 12:03:00,75.3041,75.3289,75.3041,75.3239,4885
2026-08-25 12:04:00,75.3239,75.3636,75.3239,75.3636,14917
2026-08-25 12:05:00,75.3587,75.3636,75.319,75.319,21431
2026-08-25 12:06:00,75.319,75.3537,75.319,75.3537,10368
2026-08-25 12:07:00,75.3587,75.3736,75.3487,75.3537,16928
2026-08-25 12:08:00,75.3496,75.3537,75.3289,75.3289,5247
2026-08-25 12:09:00,75.3338,75.3487,75.3338,75.3487,4555
2026-08-25 12:10:00,75.3487,75.3537,75.3438,75.3537,6456
2026-08-25 12:11:00,75.3537,75.3562,75.3289,75.3438,16861
2026-08-25 12:12:00,75.3537,75.3537,75.3239,75.3239,7779
2026-08-25 12:13:00,75.314,75.3239,75.2743,75.2793,20781
2026-08-25 12:14:00,75.2793,75.2941,75.2793,75.2892,6128
2026-08-25 12:15:00,75.2941,75.319,75.2842,75.309,12460
2026-08-25 12:16:00,75.3104,75.3438,75.2991,75.2991,15405
2026-08-25 12:17:00,75.2991,75.3338,75.2991,75.3239,15280
2026-08-25 12:18:00,75.3289,75.3438,75.3289,75.3338,15011
2026-08-25 12:19:00,75.3388,75.3388,75.3239,75.3289,7500
2026-08-25 12:20:00,75.3256,75.3636,75.3239,75.3537,10200
2026-08-25 12:21:00,75.3537,75.3736,75.3487,75.3537,8012
2026-08-25 12:22:00,75.3603,75.39,75.3587,75.3835,13883
2026-08-25 12:23:00,75.3905,75.3934,75.3636,75.3785,13898
2026-08-25 12:24:00,75.3884,75.443,75.3873,75.4381,13570
2026-08-25 12:25:00,75.4331,75.453,75.4331,75.4341,16485
2026-08-25 12:26:00,75.4341,75.443,75.4331,75.443,10115
2026-08-25 12:27:00,75.443,75.453,75.443,75.448,13968
2026-08-25 12:28:00,75.448,75.453,75.4232,75.448,10728
2026-08-25 12:29:00,75.453,75.4728,75.453,75.4679,10505
2026-08-25 12:30:00,75.4679,75.4778,75.4628,75.4679,11991
2026-08-25 12:31:00,75.4728,75.4728,75.448,75.448,14590
2026-08-25 12:32:00,75.448,75.4629,75.443,75.4629,14096
2026-08-25 12:33:00,75.453,75.453,75.4331,75.4381,2519
2026-08-25 12:34:00,75.4381,75.453,75.4232,75.453,9738
2026-08-25 12:35:00,75.453,75.4579,75.443,75.4579,10116
2026-08-25 12:36:00,75.4579,75.4728,75.453,75.453,11280
2026-08-25 12:37:00,75.453,75.4579,75.4232,75.4341,7620
2026-08-25 12:38:00,75.4395,75.4629,75.4376,75.4629,13610
2026-08-25 12:39:00,75.4629,75.4728,75.4579,75.4679,7921
2026-08-25 12:40:00,75.4728,75.4728,75.448,75.4481,11133
2026-08-25 12:41:00,75.443,75.448,75.4282,75.4331,7192
2026-08-25 12:42:00,75.4282,75.4331,75.4182,75.4282,3881
2026-08-25 12:43:00,75.4232,75.4331,75.4232,75.4307,4845
2026-08-25 12:44:00,75.4282,75.443,75.4232,75.443,6726
2026-08-25 12:45:00,75.453,75.4696,75.448,75.4679,7531
2026-08-25 12:46:00,75.4629,75.4679,75.4629,75.4679,4774
2026-08-25 12:47:00,75.4679,75.4927,75.453,75.4827,10429
2026-08-25 12:48:00,75.4927,75.4927,75.4778,75.4877,6635
2026-08-25 12:49:00,75.4877,75.5076,75.4827,75.5026,12602
2026-08-25 12:50:00,75.5026,75.5324,75.4927,75.5324,24061
2026-08-25 12:51:00,75.5373,75.5622,75.5324,75.5572,15994
2026-08-25 12:52:00,75.5621,75.5721,75.5522,75.5522,14104
2026-08-25 12:53:00,75.5522,75.5522,75.5225,75.5274,13734
2026-08-25 12:54:00,75.5225,75.5373,75.5125,75.5373,13720
2026-08-25 12:55:00,75.5373,75.5373,75.5125,75.5224,14542
2026-08-25 12:56:00,75.5175,75.5319,75.5138,75.5274,9568
2026-08-25 12:57:00,75.5225,75.5324,75.5225,75.5274,11321
2026-08-25 12:58:00,75.5274,75.5522,75.5225,75.5373,14294
2026-08-25 12:59:00,75.5373,75.5721,75.5324,75.5423,18767
2026-08-25 13:00:00,75.5423,75.578,75.5423,75.5671,21982
2026-08-25 13:01:00,75.5721,75.6078,75.5721,75.6078,23832
2026-08-25 13:02:00,75.6117,75.628,75.6117,75.6136,16513
2026-08-25 13:03:00,75.6171,75.6171,75.6019,75.6044,7419
2026-08-25 13:04:00,75.6068,75.6465,75.6068,75.6217,26947
2026-08-25 13:05:00,75.6316,75.6316,75.5919,75.5969,8848
2026-08-25 13:06:00,75.6019,75.6117,75.582,75.582,16369
2026-08-25 13:07:00,75.582,75.5919,75.5771,75.5771,9747
2026-08-25 13:08:00,75.5721,75.5771,75.5373,75.5522,11450
2026-08-25 13:09:00,75.5572,75.5671,75.5523,75.5671,5656
2026-08-25 13:10:00,75.5721,75.582,75.5622,75.5671,10527
2026-08-25 13:11:00,75.5671,75.5721,75.5433,75.5671,8154
2026-08-25 13:12:00,75.5657,75.5721,75.5622,75.5721,9369
2026-08-25 13:13:00,75.5721,75.582,75.5671,75.5721,11129
2026-08-25 13:14:00,75.5721,75.5919,75.5721,75.5721,9161
2026-08-25 13:15:00,75.5671,75.5671,75.5522,75.5522,11206
2026-08-25 13:16:00,75.5473,75.5572,75.5274,75.5274,7082
2026-08-25 13:17:00,75.5324,75.5423,75.5175,75.5197,9120
2026-08-25 13:18:00,75.5125,75.5125,75.4827,75.4927,21571
2026-08-25 13:19:00,75.4877,75.4996,75.4877,75.4976,8425
2026-08-25 13:20:00,75.5026,75.5125,75.5026,75.5076,16161
2026-08-25 13:21:00,75.5125,75.5324,75.5076,75.53,20246
2026-08-25 13:22:00,75.5225,75.5423,75.5175,75.5324,14765
2026-08-25 13:23:00,75.5324,75.5522,75.5324,75.5437,12213
2026-08-25 13:24:00,75.5473,75.5522,75.5225,75.5225,9342
2026-08-25 13:25:00,75.5225,75.5572,75.5225,75.5324,10739
2026-08-25 13:26:00,75.5373,75.5521,75.5324,75.5473,6077
2026-08-25 13:27:00,75.5423,75.5423,75.5125,75.5215,12022
2026-08-25 13:28:00,75.5175,75.5324,75.5175,75.5175,14953
2026-08-25 13:29:00,75.5125,75.5274,75.5125,75.5226,13839
2026-08-25 13:30:00,75.5275,75.5324,75.5234,75.5274,6899
2026-08-25 13:31:00,75.5225,75.5274,75.4927,75.5175,19453
2026-08-25 13:32:00,75.5125,75.5125,75.4844,75.4976,14146
2026-08-25 13:33:00,75.5004,75.5125,75.4927,75.5125,7551
2026-08-25 13:34:00,75.5125,75.5125,75.4827,75.4827,10177
2026-08-25 13:35:00,75.4877,75.488,75.445,75.448,28205
2026-08-25 13:36:00,75.453,75.453,75.4331,75.4351,16121
2026-08-25 13:37:00,75.4381,75.443,75.4332,75.4381,4810
2026-08-25 13:38:00,75.4334,75.439,75.4232,75.4282,11850
2026-08-25 13:39:00,75.4282,75.4381,75.3835,75.3984,38805
2026-08-25 13:40:00,75.4033,75.4291,75.4018,75.4133,10120
2026-08-25 13:41:00,75.3934,75.4033,75.3736,75.3785,27405
2026-08-25 13:42:00,75.3785,75.3908,75.3686,75.3736,12324
2026-08-25 13:43:00,75.3785,75.3934,75.3537,75.3537,38555
2026-08-25 13:44:00,75.3487,75.3587,75.309,75.309,15555
2026-08-25 13:45:00,75.309,75.309,75.2466,75.2495,27624
2026-08-25 13:46:00,75.2495,75.2544,75.2346,75.2495,17485
2026-08-25 13:47:00,75.2445,75.2644,75.2395,75.2594,8434
2026-08-25 13:48:00,75.2594,75.2793,75.2395,75.2495,9312
2026-08-25 13:49:00,75.2446,75.2743,75.2446,75.2743,8343
2026-08-25 13:50:00,75.2661,75.2743,75.2147,75.2346,12471
2026-08-25 13:51:00,75.2395,75.2445,75.2147,75.2197,14269
2026-08-25 13:52:00,75.2187,75.2187,75.1949,75.1949,21058
2026-08-25 13:53:00,75.2047,75.2445,75.1998,75.2445,15981
2026-08-25 13:54:00,75.2445,75.2743,75.2445,75.2445,19018
2026-08-25 13:55:00,75.2445,75.2743,75.2395,75.2594,7776
2026-08-25 13:56:00,75.2594,75.2793,75.2567,75.2793,15961
2026-08-25 13:57:00,75.2793,75.2892,75.2779,75.2892,11758
2026-08-25 13:58:00,75.2842,75.3287,75.2842,75.3041,10112
2026-08-25 13:59:00,75.3041,75.314,75.2941,75.2942,9808
2026-08-25 14:00:00,75.2942,75.3041,75.2843,75.3041,8134
2026-08-25 14:01:00,75.3041,75.309,75.2842,75.2941,12939
2026-08-25 14:02:00,75.2991,75.3239,75.2991,75.3239,19376
2026-08-25 14:03:00,75.319,75.319,75.309,75.314,7216
2026-08-25 14:04:00,75.314,75.3289,75.3041,75.309,7503
2026-08-25 14:05:00,75.309,75.309,75.2842,75.2842,7829
2026-08-25 14:06:00,75.2892,75.314,75.2842,75.309,18980
2026-08-25 14:07:00,75.314,75.3289,75.3041,75.314,12137
2026-08-25 14:08:00,75.314,75.3239,75.2892,75.2892,13984
2026-08-25 14:09:00,75.2842,75.2842,75.2644,75.2644,16451
2026-08-25 14:10:00,75.2644,75.2693,75.2346,75.2395,16518
2026-08-25 14:11:00,75.2395,75.2495,75.2346,75.2395,17380
2026-08-25 14:12:00,75.2395,75.2495,75.2346,75.2395,9485
2026-08-25 14:13:00,75.2395,75.2644,75.2395,75.2544,15929
2026-08-25 14:14:00,75.2644,75.2644,75.2544,75.2594,11166
2026-08-25 14:15:00,75.2594,75.2644,75.2445,75.2445,11090
2026-08-25 14:16:00,75.2495,75.2546,75.2445,75.2544,9149
2026-08-25 14:17:00,75.2544,75.2544,75.2147,75.2395,17334
2026-08-25 14:18:00,75.2395,75.2495,75.2347,75.2459,12148
2026-08-25 14:19:00,75.2495,75.2495,75.2395,75.2395,7298
2026-08-25 14:20:00,75.2395,75.2742,75.2395,75.2644,21853
2026-08-25 14:21:00,75.2594,75.2594,75.2395,75.2445,13432
2026-08-25 14:22:00,75.2463,75.2693,75.2463,75.2594,16112
2026-08-25 14:23:00,75.2594,75.2793,75.2594,75.2743,7794
2026-08-25 14:24:00,75.2693,75.2842,75.2644,75.2793,10152
2026-08-25 14:25:00,75.2841,75.2941,75.2693,75.2892,19691
2026-08-25 14:26:00,75.2892,75.304,75.2793,75.2892,18596
2026-08-25 14:27:00,75.2991,75.2991,75.2247,75.2296,10699
2026-08-25 14:28:00,75.2296,75.2445,75.2247,75.2296,10812
2026-08-25 14:29:00,75.2247,75.2247,75.2058,75.2098,20904
2026-08-25 14:30:00,75.2098,75.2247,75.2048,75.2247,15091
2026-08-25 14:31:00,75.2197,75.2247,75.1973,75.2098,27452
2026-08-25 14:32:00,75.2098,75.2098,75.1998,75.2098,11593
2026-08-25 14:33:00,75.2098,75.2146,75.2048,75.2098,6612
2026-08-25 14:34:00,75.2098,75.2443,75.2098,75.2395,18240
2026-08-25 14:35:00,75.2445,75.2842,75.2395,75.2743,21530
2026-08-25 14:36:00,75.2644,75.2793,75.2644,75.2773,9202
2026-08-25 14:37:00,75.2793,75.2892,75.2743,75.2892,7177
2026-08-25 14:38:00,75.2867,75.3041,75.2842,75.3041,14896
2026-08-25 14:39:00,75.3041,75.309,75.2941,75.2991,16385
2026-08-25 14:40:00,75.2941,75.3041,75.2941,75.2991,7530
2026-08-25 14:41:00,75.2991,75.314,75.298,75.309,18171
2026-08-25 14:42:00,75.3041,75.3338,75.3041,75.3286,13189
2026-08-25 14:43:00,75.3289,75.3487,75.3289,75.3289,18880
2026-08-25 14:44:00,75.3289,75.3587,75.3239,75.3574,19030
2026-08-25 14:45:00,75.3587,75.3636,75.3438,75.3487,10765
2026-08-25 14:46:00,75.3457,75.3537,75.3338,75.3438,15375
2026-08-25 14:47:00,75.3487,75.3636,75.3338,75.3339,16299
2026-08-25 14:48:00,75.3388,75.3388,75.314,75.3239,20411
2026-08-25 14:49:00,75.3289,75.3316,75.314,75.319,18415
2026-08-25 14:50:00,75.319,75.319,75.2941,75.309,16658
2026-08-25 14:51:00,75.314,75.3388,75.3051,75.3338,13673
2026-08-25 14:52:00,75.3426,75.3438,75.3273,75.3273,15867
2026-08-25 14:53:00,75.3289,75.3388,75.3239,75.3338,20310
2026-08-25 14:54:00,75.3388,75.3437,75.314,75.314,12720
2026-08-25 14:55:00,75.319,75.3438,75.314,75.3388,16206
2026-08-25 14:56:00,75.3388,75.3438,75.3289,75.3438,18043
2026-08-25 14:57:00,75.3388,75.3636,75.3388,75.3487,11996
2026-08-25 14:58:00,75.3487,75.3537,75.3239,75.3289,17279
2026-08-25 14:59:00,75.3262,75.3338,75.3041,75.3041,21383
2026-08-25 15:00:00,75.2941,75.3041,75.2743,75.2842,23086
2026-08-25 15:01:00,75.2744,75.2842,75.2594,75.2666,16564
2026-08-25 15:02:00,75.2693,75.2743,75.2594,75.2644,18035
2026-08-25 15:03:00,75.2644,75.2644,75.2544,75.2594,12979
2026-08-25 15:04:00,75.257,75.2644,75.2346,75.2346,19647
2026-08-25 15:05:00,75.2395,75.2445,75.2048,75.2098,18651
2026-08-25 15:06:00,75.2098,75.2197,75.1849,75.1903,23166
2026-08-25 15:07:00,75.1899,75.1899,75.175,75.18,12303
2026-08-25 15:08:00,75.18,75.1899,75.175,75.18,20993
2026-08-25 15:09:00,75.18,75.1949,75.175,75.18,25744
2026-08-25 15:10:00,75.175,75.1849,75.1601,75.18,20237
2026-08-25 15:11:00,75.1825,75.2048,75.1701,75.1998,33815
2026-08-25 15:12:00,75.1998,75.2197,75.1949,75.2147,15368
2026-08-25 15:13:00,75.2247,75.2296,75.1998,75.2098,18067
2026-08-25 15:14:00,75.2098,75.2296,75.2084,75.2296,16781
2026-08-25 15:15:00,75.2346,75.2445,75.2147,75.2197,27442
2026-08-25 15:16:00,75.2206,75.2842,75.2197,75.2495,28451
2026-08-25 15:17:00,75.2495,75.2594,75.2445,75.2495,20237
2026-08-25 15:18:00,75.2445,75.2644,75.2346,75.2565,20238
2026-08-25 15:19:00,75.2599,75.2842,75.2594,75.2793,18454
2026-08-25 15:20:00,75.2842,75.2892,75.2644,75.2644,22577
2026-08-25 15:21:00,75.2693,75.2991,75.2693,75.2892,21121
2026-08-25 15:22:00,75.2892,75.2941,75.2743,75.2793,22090
2026-08-25 15:23:00,75.2793,75.2842,75.2644,75.2693,17210
2026-08-25 15:24:00,75.2693,75.2842,75.2544,75.2793,29551
2026-08-25 15:25:00,75.2743,75.2991,75.2743,75.2941,20488
2026-08-25 15:26:00,75.2941,75.2991,75.2644,75.2693,13178
2026-08-25 15:27:00,75.2693,75.2842,75.2644,75.2693,25909
2026-08-25 15:28:00,75.2693,75.2743,75.2544,75.2693,29864
2026-08-25 15:29:00,75.2743,75.2743,75.2644,75.2693,8279
2026-08-25 15:30:00,75.2693,75.2842,75.2495,75.2544,33601
2026-08-25 15:31:00,75.2544,75.2892,75.2544,75.2892,37813
2026-08-25 15:32:00,75.304,75.3239,75.2941,75.2991,25595
2026-08-25 15:33:00,75.2991,75.309,75.2941,75.309,16605
2026-08-25 15:34:00,75.309,75.3438,75.309,75.3438,29671
2026-08-25 15:35:00,75.3537,75.3537,75.3338,75.3388,14652
2026-08-25 15:36:00,75.3388,75.3438,75.314,75.3289,19068
2026-08-25 15:37:00,75.3289,75.3338,75.314,75.3289,27859
2026-08-25 15:38:00,75.3289,75.3338,75.3041,75.3051,20134
2026-08-25 15:39:00,75.309,75.3338,75.3051,75.3289,17324
2026-08-25 15:40:00,75.3239,75.3289,75.3041,75.309,19125
2026-08-25 15:41:00,75.309,75.319,75.3041,75.319,14270
2026-08-25 15:42:00,75.319,75.3587,75.314,75.3487,46654
2026-08-25 15:43:00,75.3438,75.3537,75.3239,75.3523,28023
2026-08-25 15:44:00,75.3537,75.3587,75.3289,75.3431,24079
2026-08-25 15:45:00,75.3388,75.3636,75.3388,75.3438,32304
2026-08-25 15:46:00,75.3438,75.3636,75.3041,75.3587,55475
2026-08-25 15:47:00,75.3587,75.3636,75.3338,75.3338,37102
2026-08-25 15:48:00,75.3338,75.3388,75.2544,75.2743,57798
2026-08-25 15:49:00,75.2644,75.2892,75.2544,75.2544,44715
2026-08-25 15:50:00,75.2445,75.309,75.2445,75.2644,59895
2026-08-25 15:51:00,75.2644,75.3388,75.2644,75.3388,57749
2026-08-25 15:52:00,75.3338,75.3835,75.3239,75.3388,73450
2026-08-25 15:53:00,75.3388,75.3785,75.3388,75.3737,64626
2026-08-25 15:54:00,75.3785,75.4083,75.3636,75.3785,68196
2026-08-25 15:55:00,75.3835,75.4033,75.3487,75.3884,68750
2026-08-25 15:56:00,75.3835,75.3996,75.3487,75.3984,91428
2026-08-25 15:57:00,75.3984,75.4033,75.3239,75.3438,111200
2026-08-25 15:58:00,75.3536,75.3934,75.3487,75.3835,116030
2026-08-25 15:59:00,75.3933,75.5125,75.3835,75.4827,416745
2026-08-26 09:30:00,75.8897,75.8897,75.6614,75.7011,248155
2026-08-26 09:31:00,75.6813,75.6813,75.4827,75.4827,58229
2026-08-26 09:32:00,75.4827,75.5076,75.3537,75.3537,60799
2026-08-26 09:33:00,75.3537,75.3537,75.2147,75.2147,28659
2026-08-26 09:34:00,75.2197,75.3835,75.2148,75.2941,49141
2026-08-26 09:35:00,75.2941,75.3736,75.2842,75.3537,30350
2026-08-26 09:36:00,75.3636,75.4133,75.3587,75.3637,19355
2026-08-26 09:37:00,75.3686,75.4232,75.3537,75.3934,37895
2026-08-26 09:38:00,75.3835,75.4232,75.3736,75.3934,15521
2026-08-26 09:39:00,75.3934,75.4579,75.3736,75.4579,18838
2026-08-26 09:40:00,75.4629,75.5423,75.443,75.5274,34993
2026-08-26 09:41:00,75.5225,75.5919,75.5225,75.5721,20167
2026-08-26 09:42:00,75.5919,75.6217,75.5622,75.6019,27579
2026-08-26 09:43:00,75.6019,75.7011,75.6019,75.6614,23639
2026-08-26 09:44:00,75.6612,75.6813,75.6267,75.6688,20618
2026-08-26 09:45:00,75.6515,75.7111,75.6465,75.6862,27659
2026-08-26 09:46:00,75.6862,75.6962,75.6465,75.6525,39855
2026-08-26 09:47:00,75.6614,75.6614,75.5721,75.5798,16023
2026-08-26 09:48:00,75.5721,75.6118,75.5671,75.582,17245
2026-08-26 09:49:00,75.582,75.6168,75.5721,75.582,25341
2026-08-26 09:50:00,75.5721,75.6019,75.5671,75.5721,13586
2026-08-26 09:51:00,75.5671,75.6019,75.5622,75.5721,17273
2026-08-26 09:52:00,75.5671,75.6217,75.5324,75.6217,24127
2026-08-26 09:53:00,75.6118,75.6217,75.5225,75.5225,15707
2026-08-26 09:54:00,75.5175,75.6068,75.5175,75.5919,25744
2026-08-26 09:55:00,75.5769,75.6123,75.5522,75.6008,11522
2026-08-26 09:56:00,75.6019,75.6059,75.5721,75.5771,15718
2026-08-26 09:57:00,75.5721,75.5721,75.5324,75.5522,17858
2026-08-26 09:58:00,75.5473,75.6118,75.5473,75.6118,26579
2026-08-26 09:59:00,75.6217,75.721,75.6051,75.711,31658
2026-08-26 10:00:00,75.7011,75.7111,75.6316,75.6664,25912
2026-08-26 10:01:00,75.6614,75.6664,75.5324,75.5423,20646
2026-08-26 10:02:00,75.5473,75.5721,75.5225,75.5473,23720
2026-08-26 10:03:00,75.5454,75.5621,75.4827,75.5274,24645
2026-08-26 10:04:00,75.5076,75.6217,75.5026,75.6076,30000
2026-08-26 10:05:00,75.5969,75.6316,75.5969,75.6168,19367
2026-08-26 10:06:00,75.6168,75.6416,75.6168,75.6267,17785
2026-08-26 10:07:00,75.6267,75.6565,75.6019,75.6565,25801
2026-08-26 10:08:00,75.6614,75.6763,75.6363,75.6646,17796
2026-08-26 10:09:00,75.6714,75.6862,75.6515,75.6614,24681
2026-08-26 10:10:00,75.6614,75.6714,75.6515,75.6515,15346
2026-08-26 10:11:00,75.6515,75.6614,75.592,75.6168,19994
2026-08-26 10:12:00,75.6168,75.6416,75.6068,75.6217,16104
2026-08-26 10:13:00,75.6217,75.6565,75.6217,75.6267,17637
2026-08-26 10:14:00,75.6267,75.6416,75.6168,75.6168,14187
2026-08-26 10:15:00,75.6118,75.6183,75.5423,75.5423,13585
2026-08-26 10:16:00,75.5473,75.5572,75.5225,75.5473,20764
2026-08-26 10:17:00,75.5423,75.6019,75.5373,75.587,18121
2026-08-26 10:18:00,75.5919,75.5969,75.5522,75.5522,13456
2026-08-26 10:19:00,75.5423,75.5622,75.5267,75.5622,8273
2026-08-26 10:20:00,75.5721,75.6217,75.5721,75.6169,17098
2026-08-26 10:21:00,75.6118,75.6316,75.5919,75.6267,15298
2026-08-26 10:22:00,75.6267,75.6515,75.6217,75.6416,21317
2026-08-26 10:23:00,75.6416,75.6416,75.6019,75.6068,9893
2026-08-26 10:24:00,75.6056,75.6565,75.6056,75.6418,18048
2026-08-26 10:25:00,75.6416,75.6465,75.6168,75.6267,21033
2026-08-26 10:26:00,75.6267,75.6465,75.6118,75.6334,15925
2026-08-26 10:27:00,75.6316,75.6371,75.6217,75.6343,8669
2026-08-26 10:28:00,75.6416,75.7011,75.6316,75.6962,32039
2026-08-26 10:29:00,75.6962,75.7011,75.6515,75.6862,17954
2026-08-26 10:30:00,75.6813,75.716,75.6763,75.7061,12298
2026-08-26 10:31:00,75.7061,75.7061,75.6862,75.6962,24264
2026-08-26 10:32:00,75.7011,75.7607,75.7011,75.7569,28846
2026-08-26 10:33:00,75.7508,75.7508,75.7054,75.721,29244
2026-08-26 10:34:00,75.726,75.7309,75.7011,75.7088,19863
2026-08-26 10:35:00,75.7111,75.7458,75.7111,75.7359,35197
2026-08-26 10:36:00,75.7359,75.7607,75.7309,75.7359,48385
2026-08-26 10:37:00,75.7349,75.7805,75.7309,75.7651,56677
2026-08-26 10:38:00,75.7607,75.7693,75.7011,75.7011,23404
2026-08-26 10:39:00,75.7061,75.721,75.6813,75.6813,14275
2026-08-26 10:40:00,75.6783,75.6862,75.6515,75.6714,13719
2026-08-26 10:41:00,75.6813,75.6912,75.6763,75.6812,16181
2026-08-26 10:42:00,75.6802,75.6862,75.6465,75.6515,14828
2026-08-26 10:43:00,75.6455,75.6714,75.6416,75.6565,13736
2026-08-26 10:44:00,75.6565,75.7309,75.6565,75.726,12371
2026-08-26 10:45:00,75.726,75.7433,75.7011,75.7408,35628
2026-08-26 10:46:00,75.7508,75.8004,75.7408,75.7408,49025
2026-08-26 10:47:00,75.7408,75.7458,75.7111,75.726,15707
2026-08-26 10:48:00,75.721,75.7805,75.721,75.763,17283
2026-08-26 10:49:00,75.7657,75.7863,75.7408,75.7863,17521
2026-08-26 10:50:00,75.7904,75.7954,75.7535,75.7905,22088
2026-08-26 10:51:00,75.8004,75.8103,75.7906,75.8103,15848
2026-08-26 10:52:00,75.8054,75.8203,75.7706,75.7706,26126
2026-08-26 10:53:00,75.7756,75.7756,75.7508,75.7657,9726
2026-08-26 10:54:00,75.7706,75.7905,75.7607,75.7706,27447
2026-08-26 10:55:00,75.7756,75.7855,75.7706,75.7855,11964
2026-08-26 10:56:00,75.7855,75.7905,75.7607,75.7657,15090
2026-08-26 10:57:00,75.7674,75.7706,75.7458,75.7458,23379
2026-08-26 10:58:00,75.7458,75.7607,75.721,75.7458,25592
2026-08-26 10:59:00,75.7458,75.7905,75.7458,75.7706,20635
2026-08-26 11:00:00,75.7805,75.8351,75.7805,75.8351,22543
2026-08-26 11:01:00,75.8401,75.85,75.8222,75.8351,34608
2026-08-26 11:02:00,75.8351,75.8848,75.8203,75.855,35337
2026-08-26 11:03:00,75.855,75.86,75.8351,75.841,24754
2026-08-26 11:04:00,75.8451,75.8451,75.8103,75.8153,61563
2026-08-26 11:05:00,75.8103,75.8376,75.7706,75.7756,89104
2026-08-26 11:06:00,75.7805,75.8057,75.7756,75.7756,40278
2026-08-26 11:07:00,75.7756,75.7905,75.721,75.7309,29389
2026-08-26 11:08:00,75.7309,75.7508,75.7309,75.7458,23248
2026-08-26 11:09:00,75.7408,75.7408,75.6924,75.6924,13581
2026-08-26 11:10:00,75.6913,75.7111,75.6912,75.6912,21809
2026-08-26 11:11:00,75.6912,75.7508,75.6862,75.6962,38255
2026-08-26 11:12:00,75.6912,75.6912,75.6118,75.6118,38594
2026-08-26 11:13:00,75.6168,75.6714,75.6068,75.6664,25644
2026-08-26 11:14:00,75.6664,75.6664,75.6465,75.6565,16997
2026-08-26 11:15:00,75.6565,75.721,75.6565,75.721,17083
2026-08-26 11:16:00,75.721,75.7359,75.7061,75.7061,19506
2026-08-26 11:17:00,75.7061,75.7061,75.6614,75.6714,13343
2026-08-26 11:18:00,75.6664,75.6674,75.6316,75.6465,49333
2026-08-26 11:19:00,75.6417,75.6515,75.6168,75.6217,13556
2026-08-26 11:20:00,75.6267,75.6465,75.6168,75.6415,16163
2026-08-26 11:21:00,75.6366,75.6469,75.6168,75.6469,30602
2026-08-26 11:22:00,75.6465,75.6465,75.6316,75.6366,9022
2026-08-26 11:23:00,75.6366,75.6515,75.6349,75.6465,12219
2026-08-26 11:24:00,75.6416,75.6465,75.6316,75.6416,11279
2026-08-26 11:25:00,75.6366,75.6465,75.6217,75.6366,27466
2026-08-26 11:26:00,75.6366,75.6465,75.6366,75.6465,9135
2026-08-26 11:27:00,75.6465,75.6465,75.6217,75.6267,18836
2026-08-26 11:28:00,75.6298,75.6416,75.6298,75.6366,6672
2026-08-26 11:29:00,75.6366,75.6515,75.6019,75.6068,28393
2026-08-26 11:30:00,75.6019,75.6019,75.5646,75.6018,17605
2026-08-26 11:31:00,75.5969,75.6019,75.5324,75.5572,69009
2026-08-26 11:32:00,75.5622,75.5918,75.5622,75.5771,20117
2026-08-26 11:33:00,75.5771,75.5969,75.5721,75.582,20801
2026-08-26 11:34:00,75.587,75.5919,75.5721,75.5722,12433
2026-08-26 11:35:00,75.5771,75.5999,75.5766,75.587,10824
2026-08-26 11:36:00,75.5839,75.5919,75.5839,75.587,5301
2026-08-26 11:37:00,75.582,75.587,75.5721,75.5771,14263
2026-08-26 11:38:00,75.5748,75.5748,75.5622,75.5671,8862
2026-08-26 11:39:00,75.5671,75.5969,75.5622,75.5771,20218
2026-08-26 11:40:00,75.5722,75.582,75.5671,75.5722,14339
2026-08-26 11:41:00,75.5721,75.587,75.5721,75.5771,8546
2026-08-26 11:42:00,75.5771,75.582,75.5423,75.5572,19888
2026-08-26 11:43:00,75.5578,75.5721,75.5473,75.5721,14639
2026-08-26 11:44:00,75.5721,75.5721,75.5373,75.5373,24443
2026-08-26 11:45:00,75.5373,75.5373,75.5226,75.5324,15205
2026-08-26 11:46:00,75.5423,75.5622,75.5373,75.5473,21793
2026-08-26 11:47:00,75.5473,75.5522,75.5225,75.5274,13318
2026-08-26 11:48:00,75.5274,75.5324,75.5064,75.5225,18758
2026-08-26 11:49:00,75.5274,75.5479,75.5274,75.546,28506
2026-08-26 11:50:00,75.5473,75.5622,75.5373,75.5622,37009
2026-08-26 11:51:00,75.5522,75.5671,75.5455,75.5671,22431
2026-08-26 11:52:00,75.5671,75.5721,75.5423,75.5582,15382
2026-08-26 11:53:00,75.5572,75.6019,75.5572,75.5969,34213
2026-08-26 11:54:00,75.5969,75.6019,75.5919,75.5919,22129
2026-08-26 11:55:00,75.587,75.5919,75.5721,75.5771,6813
2026-08-26 11:56:00,75.5771,75.5771,75.5373,75.5622,40197
2026-08-26 11:57:00,75.5522,75.5622,75.5373,75.5373,13768
2026-08-26 11:58:00,75.5373,75.587,75.5373,75.587,16240
2026-08-26 11:59:00,75.587,75.6714,75.587,75.6662,14279
2026-08-26 12:00:00,75.6664,75.7061,75.6515,75.7011,16945
2026-08-26 12:01:00,75.6914,75.721,75.6914,75.721,17385
2026-08-26 12:02:00,75.716,75.7607,75.7111,75.7458,27519
2026-08-26 12:03:00,75.747,75.7706,75.7309,75.7359,25508
2026-08-26 12:04:00,75.7359,75.7407,75.6714,75.6714,14899
2026-08-26 12:05:00,75.7011,75.7011,75.6316,75.6316,9587
2026-08-26 12:06:00,75.6366,75.6758,75.6366,75.6758,11430
2026-08-26 12:07:00,75.6813,75.6862,75.6614,75.6737,13561
2026-08-26 12:08:00,75.6763,75.6763,75.6416,75.6565,10959
2026-08-26 12:09:00,75.6565,75.6664,75.6515,75.6664,11437
2026-08-26 12:10:00,75.6664,75.6693,75.6217,75.6465,24559
2026-08-26 12:11:00,75.6465,75.6515,75.6316,75.6366,13553
2026-08-26 12:12:00,75.6366,75.6366,75.6118,75.6217,10064
2026-08-26 12:13:00,75.6168,75.6515,75.615,75.6465,22378
2026-08-26 12:14:00,75.6465,75.6465,75.6366,75.6366,8012
2026-08-26 12:15:00,75.6366,75.6366,75.6217,75.6267,20310
2026-08-26 12:16:00,75.6267,75.6366,75.6068,75.6068,21050
2026-08-26 12:17:00,75.6068,75.6068,75.5919,75.5969,9673
2026-08-26 12:18:00,75.5969,75.6116,75.5919,75.6062,19853
2026-08-26 12:19:00,75.6118,75.6316,75.5919,75.6267,29901
2026-08-26 12:20:00,75.6267,75.6316,75.5919,75.5919,17893
2026-08-26 12:21:00,75.5969,75.6118,75.5919,75.5919,17369
2026-08-26 12:22:00,75.5969,75.5969,75.5771,75.582,8855
2026-08-26 12:23:00,75.5771,75.6058,75.5739,75.587,17518
2026-08-26 12:24:00,75.587,75.6366,75.587,75.6366,9677
2026-08-26 12:25:00,75.6334,75.6366,75.624,75.6316,7263
2026-08-26 12:26:00,75.6217,75.6267,75.5919,75.5919,12141
2026-08-26 12:27:00,75.5969,75.5969,75.5919,75.5969,5807
2026-08-26 12:28:00,75.5969,75.6168,75.582,75.6118,22375
2026-08-26 12:29:00,75.6068,75.6118,75.6019,75.6019,8186
2026-08-26 12:30:00,75.6068,75.6168,75.582,75.587,24378
2026-08-26 12:31:00,75.587,75.587,75.5721,75.5771,7302
2026-08-26 12:32:00,75.5771,75.587,75.5771,75.587,5633
2026-08-26 12:33:00,75.587,75.5919,75.5523,75.5544,12809
2026-08-26 12:34:00,75.5622,75.6019,75.5572,75.5969,24727
2026-08-26 12:35:00,75.6019,75.6366,75.5895,75.6366,29852
2026-08-26 12:36:00,75.6416,75.6416,75.6019,75.6168,16013
2026-08-26 12:37:00,75.6217,75.6217,75.5919,75.5955,9778
2026-08-26 12:38:00,75.5969,75.6118,75.5969,75.6068,6557
2026-08-26 12:39:00,75.6068,75.6068,75.5721,75.5721,12689
2026-08-26 12:40:00,75.5771,75.5771,75.5125,75.5125,13771
2026-08-26 12:41:00,75.5175,75.5671,75.5175,75.5473,28581
2026-08-26 12:42:00,75.545,75.5473,75.5126,75.5274,9301
2026-08-26 12:43:00,75.5225,75.5423,75.5225,75.5423,7091
2026-08-26 12:44:00,75.5373,75.5423,75.5254,75.5274,10493
2026-08-26 12:45:00,75.5274,75.5324,75.5228,75.5274,5429
2026-08-26 12:46:00,75.5274,75.5324,75.5225,75.5274,7978
2026-08-26 12:47:00,75.5274,75.5423,75.5125,75.5125,19088
2026-08-26 12:48:00,75.5126,75.5622,75.5126,75.5622,21145
2026-08-26 12:49:00,75.5572,75.6019,75.5572,75.5754,19927
2026-08-26 12:50:00,75.5771,75.6019,75.5745,75.582,42713
2026-08-26 12:51:00,75.587,75.6019,75.5771,75.5771,35829
2026-08-26 12:52:00,75.5771,75.5919,75.5771,75.587,6120
2026-08-26 12:53:00,75.582,75.5969,75.582,75.5919,13284
2026-08-26 12:54:00,75.5969,75.6316,75.5919,75.6316,15319
2026-08-26 12:55:00,75.6267,75.6515,75.6217,75.6416,14239
2026-08-26 12:56:00,75.6416,75.6416,75.6316,75.6316,16573
2026-08-26 12:57:00,75.6392,75.6416,75.6267,75.6267,11545
2026-08-26 12:58:00,75.6267,75.6316,75.6217,75.6267,5736
2026-08-26 12:59:00,75.6267,75.6316,75.6019,75.6068,15909
2026-08-26 13:00:00,75.6019,75.6074,75.5919,75.5969,11319
2026-08-26 13:01:00,75.6019,75.6068,75.5919,75.6019,11868
2026-08-26 13:02:00,75.6118,75.6118,75.6019,75.6068,8417
2026-08-26 13:03:00,75.6068,75.6217,75.6019,75.6019,20571
2026-08-26 13:04:00,75.6118,75.6118,75.6019,75.6019,15362
2026-08-26 13:05:00,75.6068,75.6316,75.6065,75.6316,25540
2026-08-26 13:06:00,75.6366,75.6515,75.6316,75.6416,13005
2026-08-26 13:07:00,75.6416,75.6416,75.6316,75.6381,11901
2026-08-26 13:08:00,75.6316,75.6416,75.6217,75.6316,43341
2026-08-26 13:09:00,75.6366,75.6367,75.6217,75.6316,12685
2026-08-26 13:10:00,75.6366,75.651,75.6366,75.6366,13343
2026-08-26 13:11:00,75.6316,75.6416,75.6316,75.6366,3981
2026-08-26 13:12:00,75.6366,75.6416,75.6316,75.6366,9564
2026-08-26 13:13:00,75.6366,75.6416,75.6316,75.6366,5965
2026-08-26 13:14:00,75.6366,75.6515,75.6316,75.6366,17720
2026-08-26 13:15:00,75.6366,75.6401,75.6267,75.6366,12890
2026-08-26 13:16:00,75.6416,75.6763,75.625,75.6316,22296
2026-08-26 13:17:00,75.6366,75.6366,75.6217,75.6217,8333
2026-08-26 13:18:00,75.6267,75.6316,75.6217,75.6267,8188
2026-08-26 13:19:00,75.6217,75.6391,75.6217,75.6316,14920
2026-08-26 13:20:00,75.6168,75.6267,75.6068,75.6267,15537
2026-08-26 13:21:00,75.6217,75.6267,75.5919,75.5919,27407
2026-08-26 13:22:00,75.5969,75.6118,75.582,75.587,14467
2026-08-26 13:23:00,75.587,75.6118,75.582,75.6068,21210
2026-08-26 13:24:00,75.6068,75.6267,75.6019,75.6267,10394
2026-08-26 13:25:00,75.6267,75.6862,75.6267,75.6813,16274
2026-08-26 13:26:00,75.6862,75.7011,75.6763,75.681,31103
2026-08-26 13:27:00,75.6763,75.6912,75.6217,75.6267,15272
2026-08-26 13:28:00,75.6267,75.6515,75.6267,75.6416,11324
2026-08-26 13:29:00,75.6366,75.6416,75.6316,75.6416,3783
2026-08-26 13:30:00,75.6366,75.6912,75.6316,75.6862,25721
2026-08-26 13:31:00,75.6862,75.6862,75.6714,75.6813,13099
2026-08-26 13:32:00,75.6751,75.6813,75.6515,75.6763,13974
2026-08-26 13:33:00,75.6813,75.7111,75.6763,75.6813,27146
2026-08-26 13:34:00,75.6753,75.6912,75.6714,75.6715,4293
2026-08-26 13:35:00,75.6763,75.7309,75.6756,75.726,43006
2026-08-26 13:36:00,75.7309,75.7408,75.716,75.721,25647
2026-08-26 13:37:00,75.721,75.7508,75.7133,75.7508,8869
2026-08-26 13:38:00,75.7424,75.7508,75.726,75.726,31435
2026-08-26 13:39:00,75.726,75.7309,75.7111,75.716,11448
2026-08-26 13:40:00,75.716,75.716,75.7011,75.7061,4054
2026-08-26 13:41:00,75.7037,75.7111,75.6515,75.6515,16827
2026-08-26 13:42:00,75.6565,75.6614,75.6168,75.6366,25987
2026-08-26 13:43:00,75.6345,75.6416,75.6316,75.6415,3685
2026-08-26 13:44:00,75.6366,75.6416,75.5671,75.5721,29021
2026-08-26 13:45:00,75.5787,75.587,75.5771,75.5771,23169
2026-08-26 13:46:00,75.5771,75.5819,75.5522,75.5522,14671
2026-08-26 13:47:00,75.5522,75.5591,75.5324,75.5373,6931
2026-08-26 13:48:00,75.5373,75.5473,75.5324,75.5423,12969
2026-08-26 13:49:00,75.5423,75.587,75.5423,75.5731,52418
2026-08-26 13:50:00,75.5771,75.5919,75.575,75.5771,21550
2026-08-26 13:51:00,75.5771,75.5771,75.5622,75.5671,22014
2026-08-26 13:52:00,75.5671,75.6118,75.5622,75.6118,14824
2026-08-26 13:53:00,75.6068,75.6118,75.5858,75.587,15788
2026-08-26 13:54:00,75.587,75.5919,75.5771,75.587,16891
2026-08-26 13:55:00,75.587,75.6019,75.587,75.5954,11657
2026-08-26 13:56:00,75.5969,75.6118,75.587,75.5918,17089
2026-08-26 13:57:00,75.582,75.5919,75.582,75.5919,4192
2026-08-26 13:58:00,75.587,75.5919,75.582,75.587,4047
2026-08-26 13:59:00,75.587,75.587,75.5671,75.5771,15946
2026-08-26 14:00:00,75.5771,75.5919,75.5622,75.5671,21977
2026-08-26 14:01:00,75.5721,75.5783,75.5572,75.5771,15845
2026-08-26 14:02:00,75.5771,75.582,75.5555,75.5761,21410
2026-08-26 14:03:00,75.582,75.5919,75.582,75.5919,22964
2026-08-26 14:04:00,75.5919,75.6316,75.582,75.6267,40237
2026-08-26 14:05:00,75.6316,75.6416,75.6217,75.6267,12226
2026-08-26 14:06:00,75.6217,75.6316,75.6168,75.6217,11095
2026-08-26 14:07:00,75.6267,75.6267,75.6168,75.6168,10684
2026-08-26 14:08:00,75.6119,75.6217,75.6119,75.6168,9369
2026-08-26 14:09:00,75.6168,75.6168,75.5919,75.6144,15303
2026-08-26 14:10:00,75.6168,75.6673,75.6118,75.6664,14983
2026-08-26 14:11:00,75.6664,75.6813,75.6614,75.6703,10760
2026-08-26 14:12:00,75.6664,75.6681,75.6644,75.6664,4847
2026-08-26 14:13:00,75.6614,75.6714,75.6465,75.6617,12927
2026-08-26 14:14:00,75.6654,75.6714,75.6465,75.6465,11460
2026-08-26 14:15:00,75.6465,75.6515,75.6416,75.6416,7249
2026-08-26 14:16:00,75.6465,75.6614,75.6416,75.6555,8709
2026-08-26 14:17:00,75.6515,75.6714,75.6515,75.6664,18610
2026-08-26 14:18:00,75.6713,75.6776,75.6614,75.6763,9376
2026-08-26 14:19:00,75.6763,75.6962,75.6714,75.6962,15108
2026-08-26 14:20:00,75.6962,75.721,75.6841,75.721,16043
2026-08-26 14:21:00,75.721,75.721,75.7111,75.721,5793
2026-08-26 14:22:00,75.716,75.721,75.7061,75.7061,8563
2026-08-26 14:23:00,75.7014,75.7111,75.7014,75.7061,2681
2026-08-26 14:24:00,75.7061,75.7111,75.6912,75.6912,11587
2026-08-26 14:25:00,75.6962,75.7111,75.694,75.6969,14422
2026-08-26 14:26:00,75.6962,75.7359,75.6862,75.7359,20359
2026-08-26 14:27:00,75.7359,75.7359,75.6962,75.6962,19979
2026-08-26 14:28:00,75.7061,75.7309,75.6913,75.7309,11096
2026-08-26 14:29:00,75.7309,75.7309,75.7255,75.7309,6018
2026-08-26 14:30:00,75.7309,75.7607,75.7309,75.7557,29297
2026-08-26 14:31:00,75.7567,75.7607,75.7309,75.7359,35011
2026-08-26 14:32:00,75.7407,75.7408,75.7309,75.7359,7319
2026-08-26 14:33:00,75.7359,75.7491,75.7309,75.7408,11150
2026-08-26 14:34:00,75.7443,75.7607,75.7443,75.7458,12332
2026-08-26 14:35:00,75.7458,75.7508,75.7309,75.7438,15998
2026-08-26 14:36:00,75.7458,75.7508,75.7309,75.7359,8444
2026-08-26 14:37:00,75.7408,75.7408,75.7309,75.7359,10231
2026-08-26 14:38:00,75.7359,75.7408,75.7309,75.7359,7193
2026-08-26 14:39:00,75.7408,75.7408,75.7309,75.7359,8650
2026-08-26 14:40:00,75.7359,75.7359,75.7011,75.7061,19244
2026-08-26 14:41:00,75.7061,75.7061,75.6465,75.6465,21787
2026-08-26 14:42:00,75.6465,75.6614,75.6366,75.6366,14591
2026-08-26 14:43:00,75.6366,75.6416,75.6217,75.6366,9790
2026-08-26 14:44:00,75.6366,75.6465,75.6336,75.6465,15267
2026-08-26 14:45:00,75.6465,75.6862,75.6448,75.6862,16270
2026-08-26 14:46:00,75.6912,75.6912,75.6714,75.6813,15262
2026-08-26 14:47:00,75.6714,75.6912,75.6714,75.6862,6738
2026-08-26 14:48:00,75.6912,75.6962,75.6813,75.6962,10757
2026-08-26 14:49:00,75.6962,75.7011,75.6763,75.6763,25307
2026-08-26 14:50:00,75.6763,75.6763,75.6614,75.6664,14155
2026-08-26 14:51:00,75.6664,75.6682,75.6565,75.6682,8353
2026-08-26 14:52:00,75.6714,75.6763,75.6565,75.6664,15986
2026-08-26 14:53:00,75.6664,75.6664,75.6515,75.6515,11801
2026-08-26 14:54:00,75.6565,75.6614,75.6515,75.6565,8413
2026-08-26 14:55:00,75.6563,75.6614,75.6515,75.6614,9706
2026-08-26 14:56:00,75.6515,75.6565,75.6366,75.6465,22380
2026-08-26 14:57:00,75.6515,75.6614,75.6366,75.6465,17019
2026-08-26 14:58:00,75.6514,75.6614,75.6416,75.6416,9073
2026-08-26 14:59:00,75.6416,75.6515,75.6217,75.6376,14275
2026-08-26 15:00:00,75.6356,75.6366,75.6217,75.6267,14900
2026-08-26 15:01:00,75.6267,75.6614,75.6254,75.6515,13703
2026-08-26 15:02:00,75.6614,75.6664,75.6516,75.6615,12149
2026-08-26 15:03:00,75.6689,75.6714,75.6615,75.6632,10623
2026-08-26 15:04:00,75.6614,75.6614,75.6316,75.6565,30257
2026-08-26 15:05:00,75.6565,75.6614,75.6515,75.6565,6527
2026-08-26 15:06:00,75.6515,75.6589,75.6118,75.6118,14062
2026-08-26 15:07:00,75.6118,75.6197,75.582,75.582,16032
2026-08-26 15:08:00,75.5721,75.582,75.5522,75.582,26361
2026-08-26 15:09:00,75.582,75.5919,75.5671,75.5671,14620
2026-08-26 15:10:00,75.5671,75.5771,75.5622,75.5721,17293
2026-08-26 15:11:00,75.5771,75.582,75.5721,75.5771,12036
2026-08-26 15:12:00,75.5771,75.587,75.5721,75.587,12398
2026-08-26 15:13:00,75.587,75.5919,75.582,75.587,14475
2026-08-26 15:14:00,75.587,75.5919,75.582,75.587,8667
2026-08-26 15:15:00,75.587,75.6118,75.582,75.6118,28368
2026-08-26 15:16:00,75.6068,75.6118,75.582,75.6065,20524
2026-08-26 15:17:00,75.6049,75.6316,75.6019,75.6316,19962
2026-08-26 15:18:00,75.6316,75.6465,75.6119,75.6366,20057
2026-08-26 15:19:00,75.6316,75.6515,75.6316,75.6465,13790
2026-08-26 15:20:00,75.6515,75.6515,75.6316,75.6366,37147
2026-08-26 15:21:00,75.6316,75.6371,75.6217,75.6267,11369
2026-08-26 15:22:00,75.6267,75.6267,75.6019,75.6019,17950
2026-08-26 15:23:00,75.6019,75.6068,75.5572,75.5671,17458
2026-08-26 15:24:00,75.5622,75.5671,75.5522,75.5572,13309
2026-08-26 15:25:00,75.5572,75.5622,75.5423,75.5473,16644
2026-08-26 15:26:00,75.5473,75.5622,75.5373,75.5423,24757
2026-08-26 15:27:00,75.5473,75.5572,75.5423,75.5522,17253
2026-08-26 15:28:00,75.5572,75.5671,75.5424,75.5473,17399
2026-08-26 15:29:00,75.5473,75.5721,75.5473,75.5671,20189
2026-08-26 15:30:00,75.5622,75.5919,75.5522,75.582,47143
2026-08-26 15:31:00,75.582,75.5969,75.5622,75.5771,26006
2026-08-26 15:32:00,75.5771,75.582,75.5721,75.5765,13086
2026-08-26 15:33:00,75.5771,75.5919,75.5771,75.5919,11705
2026-08-26 15:34:00,75.587,75.5969,75.582,75.5919,21581
2026-08-26 15:35:00,75.587,75.6267,75.5771,75.6217,40357
2026-08-26 15:36:00,75.6182,75.6217,75.6019,75.6019,18108
2026-08-26 15:37:00,75.5969,75.6068,75.5919,75.5969,24001
2026-08-26 15:38:00,75.5969,75.6416,75.5969,75.6381,28336
2026-08-26 15:39:00,75.6366,75.6812,75.6366,75.6614,23421
2026-08-26 15:40:00,75.6565,75.6763,75.6515,75.6565,24243
2026-08-26 15:41:00,75.6565,75.6664,75.6267,75.6664,43833
2026-08-26 15:42:00,75.6565,75.6565,75.6416,75.6465,15623
2026-08-26 15:43:00,75.6416,75.6465,75.6019,75.6316,53385
2026-08-26 15:44:00,75.6267,75.6316,75.6168,75.6168,26317
2026-08-26 15:45:00,75.6217,75.6366,75.5671,75.587,59729
2026-08-26 15:46:00,75.587,75.5919,75.582,75.5919,18501
2026-08-26 15:47:00,75.5919,75.5919,75.5622,75.587,35887
2026-08-26 15:48:00,75.587,75.6912,75.582,75.6366,100346
2026-08-26 15:49:00,75.6416,75.6664,75.6316,75.6465,31479
2026-08-26 15:50:00,75.6416,75.6813,75.6019,75.6465,90042
2026-08-26 15:51:00,75.6515,75.6664,75.6118,75.6217,63672
2026-08-26 15:52:00,75.6217,75.6316,75.6068,75.6267,61069
2026-08-26 15:53:00,75.6267,75.7011,75.626,75.6962,77772
2026-08-26 15:54:00,75.6962,75.7508,75.6962,75.7458,94103
2026-08-26 15:55:00,75.7508,75.7805,75.6813,75.6862,107503
2026-08-26 15:56:00,75.6813,75.6862,75.5721,75.5771,178959
2026-08-26 15:57:00,75.5771,75.5969,75.5622,75.5771,211361
2026-08-26 15:58:00,75.582,75.6019,75.5522,75.5919,248639
2026-08-26 15:59:00,75.5969,75.6019,75.5324,75.5721,542906
2026-08-27 09:30:00,75.721,75.8699,75.5771,75.6228,338799
2026-08-27 09:31:00,75.6277,75.7408,75.6168,75.6217,22675
2026-08-27 09:32:00,75.6118,75.6714,75.6045,75.6366,17617
2026-08-27 09:33:00,75.6316,75.6416,75.5721,75.5771,18008
2026-08-27 09:34:00,75.5721,75.6316,75.5522,75.587,19542
2026-08-27 09:35:00,75.5919,75.7001,75.5919,75.6714,15645
2026-08-27 09:36:00,75.6664,75.6912,75.6019,75.6515,17458
2026-08-27 09:37:00,75.6515,75.7508,75.6515,75.7508,17365
2026-08-27 09:38:00,75.7508,75.7805,75.7011,75.7061,19987
2026-08-27 09:39:00,75.7061,75.7408,75.6813,75.7011,33560
2026-08-27 09:40:00,75.6869,75.6878,75.6217,75.6217,14065
2026-08-27 09:41:00,75.6416,75.6571,75.5522,75.5522,10147
2026-08-27 09:42:00,75.5622,75.5622,75.4927,75.5361,19288
2026-08-27 09:43:00,75.5324,75.5423,75.4928,75.4928,12004
2026-08-27 09:44:00,75.5026,75.5125,75.453,75.4827,19765
2026-08-27 09:45:00,75.4778,75.518,75.453,75.4827,16987
2026-08-27 09:46:00,75.4728,75.4927,75.4133,75.4331,28496
2026-08-27 09:47:00,75.4381,75.4629,75.3835,75.453,35565
2026-08-27 09:48:00,75.4629,75.4827,75.3934,75.4728,14521
2026-08-27 09:49:00,75.4927,75.4927,75.4331,75.443,18569
2026-08-27 09:50:00,75.4629,75.4827,75.4331,75.4827,26400
2026-08-27 09:51:00,75.4827,75.5026,75.4629,75.5026,26946
2026-08-27 09:52:00,75.5026,75.5125,75.4827,75.4927,13676
2026-08-27 09:53:00,75.5026,75.6019,75.4927,75.5919,17459
2026-08-27 09:54:00,75.587,75.5919,75.5522,75.5622,12473
2026-08-27 09:55:00,75.5572,75.5969,75.5423,75.5969,11764
2026-08-27 09:56:00,75.5919,75.5919,75.5473,75.5473,15391
2026-08-27 09:57:00,75.5423,75.5721,75.5125,75.5721,15394
2026-08-27 09:58:00,75.5562,75.6217,75.5473,75.5551,17654
2026-08-27 09:59:00,75.5622,75.6316,75.5622,75.5969,20652
2026-08-27 10:00:00,75.5969,75.6019,75.4976,75.5225,32848
2026-08-27 10:01:00,75.5225,75.6019,75.5225,75.5721,23892
2026-08-27 10:02:00,75.5622,75.5671,75.5274,75.5324,11474
2026-08-27 10:03:00,75.5373,75.5622,75.5026,75.5076,13829
2026-08-27 10:04:00,75.5076,75.5473,75.4827,75.5274,18012
2026-08-27 10:05:00,75.5274,75.5919,75.5225,75.587,18683
2026-08-27 10:06:00,75.582,75.5969,75.5622,75.5771,14299
2026-08-27 10:07:00,75.582,75.6118,75.5671,75.6019,22201
2026-08-27 10:08:00,75.6019,75.6118,75.5721,75.6019,32641
2026-08-27 10:09:00,75.6019,75.6068,75.5671,75.5721,17583
2026-08-27 10:10:00,75.5622,75.582,75.5274,75.5522,23844
2026-08-27 10:11:00,75.5522,75.5721,75.5125,75.5274,14299
2026-08-27 10:12:00,75.5274,75.5771,75.5274,75.5423,16459
2026-08-27 10:13:00,75.5373,75.58,75.5373,75.5689,13607
2026-08-27 10:14:00,75.5671,75.6168,75.5671,75.6119,13167
2026-08-27 10:15:00,75.6143,75.6316,75.6143,75.6217,12575
2026-08-27 10:16:00,75.6242,75.6714,75.622,75.6515,19298
2026-08-27 10:17:00,75.6615,75.7111,75.6614,75.7042,18344
2026-08-27 10:18:00,75.7109,75.7309,75.6862,75.7061,14673
2026-08-27 10:19:00,75.7061,75.7061,75.5919,75.5919,23714
2026-08-27 10:20:00,75.582,75.5919,75.5572,75.587,25551
2026-08-27 10:21:00,75.587,75.6316,75.582,75.582,17787
2026-08-27 10:22:00,75.5797,75.6019,75.5572,75.6019,19232
2026-08-27 10:23:00,75.5919,75.6198,75.582,75.587,14913
2026-08-27 10:24:00,75.587,75.6068,75.582,75.5919,13504
2026-08-27 10:25:00,75.587,75.6416,75.587,75.6168,16680
2026-08-27 10:26:00,75.6168,75.6316,75.6019,75.6267,8727
2026-08-27 10:27:00,75.6267,75.6403,75.6168,75.6366,19730
2026-08-27 10:28:00,75.6416,75.6813,75.6416,75.6515,18420
2026-08-27 10:29:00,75.6465,75.7111,75.6416,75.7111,15812
2026-08-27 10:30:00,75.7111,75.7407,75.7012,75.7012,12518
2026-08-27 10:31:00,75.7111,75.7111,75.6614,75.6714,10102
2026-08-27 10:32:00,75.6714,75.721,75.6714,75.7209,12724
2026-08-27 10:33:00,75.721,75.7408,75.703,75.703,13581
2026-08-27 10:34:00,75.7036,75.711,75.6714,75.6714,9138
2026-08-27 10:35:00,75.6763,75.6812,75.6664,75.6664,15679
2026-08-27 10:36:00,75.6664,75.7011,75.6664,75.6912,10874
2026-08-27 10:37:00,75.6993,75.724,75.6993,75.721,12105
2026-08-27 10:38:00,75.7309,75.7309,75.7079,75.7079,11139
2026-08-27 10:39:00,75.7061,75.7369,75.7061,75.7369,7509
2026-08-27 10:40:00,75.7371,75.7458,75.7309,75.7408,14809
2026-08-27 10:41:00,75.7359,75.7408,75.7309,75.7359,5113
2026-08-27 10:42:00,75.7359,75.7359,75.7011,75.7111,24307
2026-08-27 10:43:00,75.7111,75.721,75.6714,75.6763,15079
2026-08-27 10:44:00,75.6733,75.7111,75.6714,75.6967,34307
2026-08-27 10:45:00,75.6912,75.6912,75.6565,75.6565,8240
2026-08-27 10:46:00,75.6515,75.6515,75.6217,75.6316,11827
2026-08-27 10:47:00,75.6267,75.6316,75.6118,75.6267,10453
2026-08-27 10:48:00,75.6217,75.6217,75.582,75.587,16778
2026-08-27 10:49:00,75.582,75.582,75.5373,75.5522,21909
2026-08-27 10:50:00,75.5423,75.5594,75.5373,75.5473,13970
2026-08-27 10:51:00,75.5473,75.6019,75.5473,75.5969,19255
2026-08-27 10:52:00,75.6019,75.6515,75.5969,75.6118,21288
2026-08-27 10:53:00,75.6118,75.6316,75.5969,75.6168,17532
2026-08-27 10:54:00,75.6217,75.6316,75.5771,75.5771,16260
2026-08-27 10:55:00,75.5771,75.5771,75.5423,75.5423,22353
2026-08-27 10:56:00,75.5473,75.5919,75.5423,75.587,22077
2026-08-27 10:57:00,75.5899,75.6416,75.5771,75.6372,18645
2026-08-27 10:58:00,75.6416,75.6515,75.6118,75.6168,22505
2026-08-27 10:59:00,75.6217,75.6316,75.582,75.582,43703
2026-08-27 11:00:00,75.582,75.6019,75.5622,75.5944,23929
2026-08-27 11:01:00,75.6019,75.6073,75.587,75.6073,20051
2026-08-27 11:02:00,75.6019,75.6118,75.582,75.5845,16033
2026-08-27 11:03:00,75.5771,75.5969,75.5572,75.5721,15724
2026-08-27 11:04:00,75.582,75.628,75.5737,75.6267,9549
2026-08-27 11:05:00,75.6277,75.6611,75.6217,75.6366,34281
2026-08-27 11:06:00,75.6217,75.6217,75.6068,75.6068,4986
2026-08-27 11:07:00,75.6068,75.6366,75.5985,75.5985,13973
2026-08-27 11:08:00,75.587,75.588,75.5825,75.5825,4135
2026-08-27 11:09:00,75.583,75.6118,75.583,75.5867,10507
2026-08-27 11:10:00,75.582,75.6416,75.5721,75.6416,14938
2026-08-27 11:11:00,75.6316,75.6614,75.6142,75.6515,21981
2026-08-27 11:12:00,75.6416,75.6465,75.5721,75.587,21372
2026-08-27 11:13:00,75.582,75.6071,75.5622,75.6068,27566
2026-08-27 11:14:00,75.6118,75.6366,75.5996,75.5996,17052
2026-08-27 11:15:00,75.5622,75.5622,75.5423,75.5522,14138
2026-08-27 11:16:00,75.5622,75.5721,75.5144,75.5423,13940
2026-08-27 11:17:00,75.5423,75.6019,75.5372,75.582,16356
2026-08-27 11:18:00,75.582,75.6118,75.5721,75.6019,9830
2026-08-27 11:19:00,75.5938,75.5938,75.5324,75.5522,13705
2026-08-27 11:20:00,75.5423,75.5468,75.5175,75.5175,9012
2026-08-27 11:21:00,75.5125,75.5423,75.5076,75.5373,11904
2026-08-27 11:22:00,75.5364,75.5622,75.5364,75.5572,8584
2026-08-27 11:23:00,75.5423,75.5423,75.5125,75.5224,7233
2026-08-27 11:24:00,75.5175,75.5225,75.4629,75.4669,16015
2026-08-27 11:25:00,75.4728,75.5324,75.4728,75.5225,13401
2026-08-27 11:26:00,75.5224,75.5225,75.4728,75.4775,9187
2026-08-27 11:27:00,75.4778,75.5225,75.4629,75.5026,11867
2026-08-27 11:28:00,75.5026,75.5225,75.4927,75.4976,13441
2026-08-27 11:29:00,75.5026,75.5324,75.4927,75.5324,12812
2026-08-27 11:30:00,75.5324,75.5324,75.4877,75.4927,9049
2026-08-27 11:31:00,75.4927,75.5125,75.4827,75.5076,10807
2026-08-27 11:32:00,75.5124,75.5373,75.5026,75.5373,11505
2026-08-27 11:33:00,75.5373,75.5503,75.5175,75.5327,13132
2026-08-27 11:34:00,75.5373,75.5423,75.5175,75.5175,7040
2026-08-27 11:35:00,75.5125,75.5423,75.5076,75.5324,16030
2026-08-27 11:36:00,75.5344,75.5344,75.5175,75.5175,8331
2026-08-27 11:37:00,75.5225,75.5324,75.5225,75.5274,5975
2026-08-27 11:38:00,75.5324,75.5423,75.5225,75.5423,6227
2026-08-27 11:39:00,75.5373,75.5423,75.5026,75.5026,12597
2026-08-27 11:40:00,75.4927,75.5225,75.4877,75.5182,10586
2026-08-27 11:41:00,75.5208,75.5225,75.4927,75.4976,9089
2026-08-27 11:42:00,75.4927,75.5225,75.4927,75.5175,15940
2026-08-27 11:43:00,75.5175,75.5175,75.4877,75.4999,8049
2026-08-27 11:44:00,75.5026,75.5125,75.4846,75.4877,14244
2026-08-27 11:45:00,75.4927,75.5157,75.4927,75.5125,9666
2026-08-27 11:46:00,75.5125,75.5125,75.4831,75.4831,9213
2026-08-27 11:47:00,75.4827,75.5026,75.4827,75.4877,13952
2026-08-27 11:48:00,75.4927,75.5125,75.4877,75.4968,11276
2026-08-27 11:49:00,75.4976,75.5225,75.4976,75.5076,12698
2026-08-27 11:50:00,75.5091,75.5324,75.4976,75.5324,11405
2026-08-27 11:51:00,75.5324,75.5373,75.5076,75.528,16723
2026-08-27 11:52:00,75.5225,75.5619,75.5225,75.5619,17199
2026-08-27 11:53:00,75.5572,75.5969,75.5522,75.5969,13419
2026-08-27 11:54:00,75.5995,75.6217,75.5969,75.6217,13447
2026-08-27 11:55:00,75.6316,75.6416,75.6168,75.6416,19811
2026-08-27 11:56:00,75.6416,75.6763,75.6267,75.6763,18765
2026-08-27 11:57:00,75.6763,75.6763,75.6316,75.6565,16477
2026-08-27 11:58:00,75.6565,75.6912,75.6465,75.6862,22461
2026-08-27 11:59:00,75.6912,75.6912,75.6714,75.6862,24274
2026-08-27 12:00:00,75.6862,75.6911,75.6565,75.6565,19166
2026-08-27 12:01:00,75.6585,75.6813,75.6585,75.6616,11176
2026-08-27 12:02:00,75.6652,75.6813,75.6652,75.6813,5020
2026-08-27 12:03:00,75.6813,75.7111,75.6813,75.7061,14267
2026-08-27 12:04:00,75.7061,75.7309,75.7061,75.726,6379
2026-08-27 12:05:00,75.726,75.7309,75.6763,75.6763,16167
2026-08-27 12:06:00,75.6813,75.6862,75.6565,75.6614,8731
2026-08-27 12:07:00,75.6614,75.6614,75.6178,75.6267,8821
2026-08-27 12:08:00,75.6218,75.6316,75.582,75.5918,10691
2026-08-27 12:09:00,75.5919,75.6366,75.5919,75.6366,10175
2026-08-27 12:10:00,75.6316,75.6514,75.6316,75.6366,11054
2026-08-27 12:11:00,75.6366,75.6515,75.6316,75.6465,8543
2026-08-27 12:12:00,75.6515,75.6763,75.6465,75.6763,14167
2026-08-27 12:13:00,75.6813,75.7111,75.6664,75.6714,15840
2026-08-27 12:14:00,75.6763,75.6862,75.6714,75.6862,4518
2026-08-27 12:15:00,75.6889,75.6889,75.6565,75.6565,10165
2026-08-27 12:16:00,75.6515,75.6763,75.6465,75.6515,14576
2026-08-27 12:17:00,75.6465,75.6714,75.6465,75.6515,8870
2026-08-27 12:18:00,75.6465,75.6714,75.6465,75.6714,7283
2026-08-27 12:19:00,75.6664,75.6714,75.6615,75.6664,3788
2026-08-27 12:20:00,75.6614,75.6614,75.6316,75.6316,12955
2026-08-27 12:21:00,75.6267,75.6415,75.6168,75.6415,12718
2026-08-27 12:22:00,75.6316,75.6515,75.6267,75.6515,8263
2026-08-27 12:23:00,75.6465,75.6515,75.6217,75.6416,13558
2026-08-27 12:24:00,75.6465,75.6465,75.6168,75.6168,6682
2026-08-27 12:25:00,75.6187,75.6195,75.5919,75.6118,12385
2026-08-27 12:26:00,75.6068,75.6385,75.6068,75.6385,9136
2026-08-27 12:27:00,75.6366,75.6614,75.6316,75.6565,6936
2026-08-27 12:28:00,75.6565,75.7061,75.6565,75.7061,14518
2026-08-27 12:29:00,75.7061,75.7061,75.696,75.7011,7321
2026-08-27 12:30:00,75.6972,75.7111,75.6763,75.6763,14369
2026-08-27 12:31:00,75.6714,75.6714,75.6614,75.6664,5387
2026-08-27 12:32:00,75.6614,75.6962,75.6565,75.6831,11670
2026-08-27 12:33:00,75.6862,75.6862,75.6714,75.6714,10778
2026-08-27 12:34:00,75.6664,75.6813,75.6664,75.6763,4090
2026-08-27 12:35:00,75.6813,75.6813,75.6664,75.6664,11112
2026-08-27 12:36:00,75.6664,75.6813,75.6664,75.6714,7175
2026-08-27 12:37:00,75.6614,75.6862,75.6614,75.6862,7297
2026-08-27 12:38:00,75.6813,75.7011,75.6763,75.7011,7199
2026-08-27 12:39:00,75.6962,75.7061,75.6813,75.6912,8632
2026-08-27 12:40:00,75.6913,75.7011,75.6813,75.6813,5810
2026-08-27 12:41:00,75.6763,75.6912,75.6614,75.6714,12223
2026-08-27 12:42:00,75.6763,75.6763,75.6561,75.6664,9960
2026-08-27 12:43:00,75.6664,75.6698,75.6465,75.6465,6072
2026-08-27 12:44:00,75.6515,75.6515,75.6366,75.6465,8305
2026-08-27 12:45:00,75.6465,75.6813,75.6465,75.6763,12663
2026-08-27 12:46:00,75.679,75.7011,75.679,75.6912,11114
2026-08-27 12:47:00,75.6911,75.6911,75.6614,75.6664,7099
2026-08-27 12:48:00,75.6614,75.6813,75.6614,75.6763,9737
2026-08-27 12:49:00,75.6763,75.6813,75.6714,75.6738,7550
2026-08-27 12:50:00,75.6714,75.6714,75.6416,75.6515,17965
2026-08-27 12:51:00,75.6565,75.6714,75.6565,75.6614,7204
2026-08-27 12:52:00,75.6515,75.6614,75.6316,75.6565,14755
2026-08-27 12:53:00,75.6562,75.6614,75.6515,75.6515,6569
2026-08-27 12:54:00,75.6416,75.6515,75.6217,75.6267,7977
2026-08-27 12:55:00,75.6316,75.6565,75.6267,75.6565,5359
2026-08-27 12:56:00,75.6515,75.6862,75.6515,75.6862,8065
2026-08-27 12:57:00,75.6813,75.6813,75.6614,75.6664,9603
2026-08-27 12:58:00,75.6664,75.6813,75.6642,75.6763,3626
2026-08-27 12:59:00,75.6763,75.6912,75.6749,75.6813,8565
2026-08-27 13:00:00,75.6714,75.6714,75.6366,75.6366,7282
2026-08-27 13:01:00,75.6416,75.6714,75.6366,75.6614,13544
2026-08-27 13:02:00,75.6614,75.6962,75.6614,75.6912,7335
2026-08-27 13:03:00,75.6912,75.7011,75.6813,75.6962,9878
2026-08-27 13:04:00,75.6962,75.698,75.6714,75.6763,7890
2026-08-27 13:05:00,75.6766,75.6766,75.6565,75.6693,6772
2026-08-27 13:06:00,75.6714,75.6862,75.6465,75.6664,11953
2026-08-27 13:07:00,75.6714,75.6714,75.6615,75.6714,2725
2026-08-27 13:08:00,75.6664,75.7111,75.6664,75.6862,38165
2026-08-27 13:09:00,75.6862,75.6913,75.6813,75.6862,12161
2026-08-27 13:10:00,75.6912,75.7011,75.6862,75.6913,8965
2026-08-27 13:11:00,75.6969,75.7011,75.6913,75.6962,5829
2026-08-27 13:12:00,75.6962,75.6962,75.6714,75.6862,22720
2026-08-27 13:13:00,75.6862,75.6912,75.6714,75.6813,7918
2026-08-27 13:14:00,75.6813,75.6813,75.6217,75.6267,12320
2026-08-27 13:15:00,75.6316,75.6664,75.6267,75.6614,12606
2026-08-27 13:16:00,75.6588,75.6588,75.6267,75.639,11859
2026-08-27 13:17:00,75.6316,75.6465,75.6267,75.6416,7850
2026-08-27 13:18:00,75.6366,75.6366,75.6117,75.6217,8421
2026-08-27 13:19:00,75.6169,75.6316,75.6169,75.6277,12179
2026-08-27 13:20:00,75.6217,75.6217,75.5919,75.6019,7007
2026-08-27 13:21:00,75.5919,75.5919,75.5721,75.5721,10224
2026-08-27 13:22:00,75.582,75.6118,75.5721,75.602,15502
2026-08-27 13:23:00,75.6019,75.6118,75.5919,75.6019,7252
2026-08-27 13:24:00,75.6019,75.6217,75.5969,75.6019,13856
2026-08-27 13:25:00,75.5969,75.6316,75.5957,75.6019,32820
2026-08-27 13:26:00,75.5969,75.6217,75.5919,75.602,13354
2026-08-27 13:27:00,75.6118,75.6118,75.5919,75.6118,9442
2026-08-27 13:28:00,75.6118,75.6416,75.6068,75.6068,17459
2026-08-27 13:29:00,75.6019,75.6416,75.6019,75.6416,15091
2026-08-27 13:30:00,75.6366,75.6416,75.6217,75.6316,12352
2026-08-27 13:31:00,75.6217,75.6565,75.6169,75.6465,10931
2026-08-27 13:32:00,75.6515,75.6664,75.6356,75.6416,10930
2026-08-27 13:33:00,75.6366,75.6515,75.6366,75.6515,6172
2026-08-27 13:34:00,75.6465,75.6515,75.6352,75.6352,8488
2026-08-27 13:35:00,75.6366,75.6515,75.6359,75.6515,7902
2026-08-27 13:36:00,75.6465,75.6515,75.6217,75.6316,12754
2026-08-27 13:37:00,75.6316,75.6416,75.6267,75.6416,5655
2026-08-27 13:38:00,75.6388,75.6416,75.6118,75.6118,9890
2026-08-27 13:39:00,75.6118,75.6118,75.586,75.5919,7193
2026-08-27 13:40:00,75.587,75.5991,75.582,75.587,10911
2026-08-27 13:41:00,75.582,75.5919,75.5721,75.5721,15354
2026-08-27 13:42:00,75.5671,75.5801,75.5671,75.5771,7141
2026-08-27 13:43:00,75.582,75.5919,75.5572,75.5919,13545
2026-08-27 13:44:00,75.5906,75.6019,75.5829,75.5919,8620
2026-08-27 13:45:00,75.5919,75.6217,75.5919,75.6168,7726
2026-08-27 13:46:00,75.6168,75.6217,75.5919,75.5919,6391
2026-08-27 13:47:00,75.5969,75.5969,75.582,75.5919,5492
2026-08-27 13:48:00,75.587,75.6217,75.587,75.6168,12045
2026-08-27 13:49:00,75.6118,75.6118,75.582,75.6019,19338
2026-08-27 13:50:00,75.5982,75.5991,75.5771,75.5771,14239
2026-08-27 13:51:00,75.582,75.582,75.5721,75.5771,9961
2026-08-27 13:52:00,75.5771,75.582,75.5722,75.5771,5639
2026-08-27 13:53:00,75.5721,75.5721,75.5324,75.5473,25038
2026-08-27 13:54:00,75.5572,75.5671,75.5473,75.5671,15761
2026-08-27 13:55:00,75.5721,75.5721,75.5373,75.5373,20386
2026-08-27 13:56:00,75.5324,75.5324,75.4828,75.4927,8203
2026-08-27 13:57:00,75.4927,75.4927,75.4331,75.448,42023
2026-08-27 13:58:00,75.448,75.448,75.4033,75.4133,28138
2026-08-27 13:59:00,75.4133,75.4133,75.3765,75.3785,19169
2026-08-27 14:00:00,75.3785,75.3814,75.3338,75.3438,42847
2026-08-27 14:01:00,75.3438,75.3736,75.3289,75.3702,29134
2026-08-27 14:02:00,75.3636,75.3835,75.3438,75.3736,14723
2026-08-27 14:03:00,75.3756,75.3756,75.3041,75.3041,42795
2026-08-27 14:04:00,75.2991,75.3041,75.2743,75.2743,27753
2026-08-27 14:05:00,75.2644,75.3239,75.2495,75.3239,21509
2026-08-27 14:06:00,75.3239,75.3736,75.314,75.3587,20581
2026-08-27 14:07:00,75.3587,75.3587,75.3338,75.3493,17275
2026-08-27 14:08:00,75.3482,75.4033,75.3482,75.4002,24510
2026-08-27 14:09:00,75.4033,75.4331,75.4033,75.4133,19202
2026-08-27 14:10:00,75.4033,75.4133,75.3836,75.3836,13867
2026-08-27 14:11:00,75.3903,75.4033,75.3835,75.3984,7939
2026-08-27 14:12:00,75.3934,75.453,75.3934,75.4083,22491
2026-08-27 14:13:00,75.4067,75.443,75.4067,75.4334,12510
2026-08-27 14:14:00,75.4381,75.453,75.4282,75.4331,15685
2026-08-27 14:15:00,75.443,75.4579,75.4332,75.4579,12671
2026-08-27 14:16:00,75.453,75.4579,75.4182,75.4331,15814
2026-08-27 14:17:00,75.4331,75.4391,75.4331,75.4331,4907
2026-08-27 14:18:00,75.4381,75.4579,75.4331,75.4381,16408
2026-08-27 14:19:00,75.443,75.443,75.4083,75.4083,12457
2026-08-27 14:20:00,75.4083,75.4133,75.3767,75.3977,14984
2026-08-27 14:21:00,75.3934,75.42,75.3934,75.4133,16404
2026-08-27 14:22:00,75.4083,75.421,75.3935,75.421,10194
2026-08-27 14:23:00,75.4133,75.4331,75.4033,75.4331,8001
2026-08-27 14:24:00,75.4321,75.4321,75.406,75.4133,14573
2026-08-27 14:25:00,75.4133,75.4331,75.4083,75.4133,13525
2026-08-27 14:26:00,75.4101,75.4331,75.4033,75.4033,10861
2026-08-27 14:27:00,75.4083,75.4083,75.3736,75.3737,11698
2026-08-27 14:28:00,75.3736,75.3736,75.3239,75.3239,20293
2026-08-27 14:29:00,75.314,75.3239,75.309,75.309,24985
2026-08-27 14:30:00,75.3041,75.3497,75.2991,75.334,28053
2026-08-27 14:31:00,75.3388,75.3388,75.309,75.3338,14596
2026-08-27 14:32:00,75.3338,75.3338,75.2991,75.314,12928
2026-08-27 14:33:00,75.314,75.3537,75.3115,75.3388,12933
2026-08-27 14:34:00,75.3428,75.3499,75.3269,75.3388,17180
2026-08-27 14:35:00,75.3338,75.3388,75.3141,75.319,10384
2026-08-27 14:36:00,75.314,75.3239,75.314,75.319,5063
2026-08-27 14:37:00,75.314,75.3289,75.314,75.314,16250
2026-08-27 14:38:00,75.3071,75.3105,75.2971,75.2991,12531
2026-08-27 14:39:00,75.2963,75.314,75.2963,75.309,16365
2026-08-27 14:40:00,75.314,75.3376,75.3041,75.3239,28746
2026-08-27 14:41:00,75.3239,75.3338,75.314,75.314,16291
2026-08-27 14:42:00,75.314,75.314,75.2744,75.3017,17895
2026-08-27 14:43:00,75.301,75.319,75.2743,75.2793,37326
2026-08-27 14:44:00,75.2793,75.2941,75.2743,75.2892,12296
2026-08-27 14:45:00,75.2941,75.309,75.2941,75.3041,20452
2026-08-27 14:46:00,75.3139,75.314,75.2842,75.2892,10542
2026-08-27 14:47:00,75.2941,75.2941,75.2842,75.2892,7165
2026-08-27 14:48:00,75.2892,75.2941,75.2693,75.2793,23336
2026-08-27 14:49:00,75.2793,75.2892,75.2743,75.2793,12001
2026-08-27 14:50:00,75.2743,75.314,75.2644,75.314,28906
2026-08-27 14:51:00,75.309,75.3487,75.309,75.3338,18711
2026-08-27 14:52:00,75.3338,75.3835,75.3338,75.3587,12014
2026-08-27 14:53:00,75.3587,75.3735,75.3537,75.3636,8400
2026-08-27 14:54:00,75.3637,75.4331,75.3637,75.4083,17323
2026-08-27 14:55:00,75.4132,75.443,75.4083,75.4182,21367
2026-08-27 14:56:00,75.4232,75.4927,75.4232,75.4629,18450
2026-08-27 14:57:00,75.4629,75.4827,75.4629,75.4778,7661
2026-08-27 14:58:00,75.4728,75.4887,75.4629,75.4852,14502
2026-08-27 14:59:00,75.4872,75.545,75.4872,75.545,33950
2026-08-27 15:00:00,75.5473,75.5696,75.5324,75.5373,22644
2026-08-27 15:01:00,75.5373,75.5572,75.5225,75.5373,32053
2026-08-27 15:02:00,75.5423,75.5473,75.4927,75.4927,24987
2026-08-27 15:03:00,75.4927,75.5125,75.4629,75.4803,16898
2026-08-27 15:04:00,75.4728,75.4778,75.4579,75.4679,11990
2026-08-27 15:05:00,75.463,75.4728,75.453,75.453,11558
2026-08-27 15:06:00,75.4579,75.4629,75.4433,75.453,13801
2026-08-27 15:07:00,75.453,75.453,75.4257,75.4282,23612
2026-08-27 15:08:00,75.4232,75.4232,75.376,75.3785,18431
2026-08-27 15:09:00,75.3736,75.3785,75.3438,75.3487,22435
2026-08-27 15:10:00,75.3438,75.3537,75.319,75.3438,28420
2026-08-27 15:11:00,75.3487,75.3537,75.314,75.3239,18261
2026-08-27 15:12:00,75.319,75.3338,75.3151,75.3161,24934
2026-08-27 15:13:00,75.314,75.3239,75.2793,75.2941,21590
2026-08-27 15:14:00,75.2991,75.309,75.2842,75.2941,29552
2026-08-27 15:15:00,75.2941,75.3239,75.2941,75.3238,22051
2026-08-27 15:16:00,75.3239,75.3239,75.314,75.319,24241
2026-08-27 15:17:00,75.319,75.3289,75.3042,75.3289,16256
2026-08-27 15:18:00,75.3289,75.3438,75.3239,75.3396,18455
2026-08-27 15:19:00,75.3388,75.3736,75.3388,75.3686,16193
2026-08-27 15:20:00,75.3736,75.4033,75.3686,75.3884,18750
2026-08-27 15:21:00,75.3934,75.4033,75.3736,75.3785,14226
2026-08-27 15:22:00,75.3785,75.3884,75.3785,75.3835,11553
2026-08-27 15:23:00,75.3785,75.3835,75.3636,75.3636,11803
2026-08-27 15:24:00,75.3686,75.3984,75.3686,75.3947,24581
2026-08-27 15:25:00,75.4033,75.4033,75.3835,75.3917,21680
2026-08-27 15:26:00,75.3884,75.4033,75.3775,75.3835,20205
2026-08-27 15:27:00,75.3785,75.3934,75.3785,75.3934,10594
2026-08-27 15:28:00,75.3884,75.4232,75.3884,75.4182,25327
2026-08-27 15:29:00,75.4182,75.4232,75.4035,75.4132,27244
2026-08-27 15:30:00,75.4033,75.4341,75.3934,75.4331,26344
2026-08-27 15:31:00,75.4398,75.448,75.4033,75.4132,41205
2026-08-27 15:32:00,75.4083,75.4232,75.3835,75.3964,40925
2026-08-27 15:33:00,75.3934,75.3934,75.3736,75.3736,23277
2026-08-27 15:34:00,75.3785,75.3964,75.3785,75.3884,30212
2026-08-27 15:35:00,75.3884,75.3984,75.3686,75.3785,25311
2026-08-27 15:36:00,75.3785,75.3884,75.3587,75.3686,21915
2026-08-27 15:37:00,75.3636,75.3835,75.3438,75.3686,28848
2026-08-27 15:38:00,75.3696,75.3785,75.3587,75.3686,32576
2026-08-27 15:39:00,75.3685,75.3735,75.3388,75.3686,37535
2026-08-27 15:40:00,75.3735,75.4133,75.3686,75.4133,46154
2026-08-27 15:41:00,75.4133,75.4331,75.4083,75.4182,20866
2026-08-27 15:42:00,75.4133,75.4182,75.3835,75.3884,14381
2026-08-27 15:43:00,75.3901,75.4331,75.3884,75.4232,29738
2026-08-27 15:44:00,75.4133,75.4232,75.4033,75.4182,19083
2026-08-27 15:45:00,75.4232,75.4827,75.4232,75.4827,47463
2026-08-27 15:46:00,75.4802,75.4927,75.4728,75.4778,19893
2026-08-27 15:47:00,75.4778,75.4827,75.448,75.448,29240
2026-08-27 15:48:00,75.448,75.4579,75.4182,75.4182,25704
2026-08-27 15:49:00,75.4207,75.4381,75.3984,75.4134,33368
2026-08-27 15:50:00,75.4232,75.4629,75.3785,75.4322,66155
2026-08-27 15:51:00,75.4282,75.5026,75.4282,75.5026,37485
2026-08-27 15:52:00,75.4976,75.5225,75.4778,75.4976,67339
2026-08-27 15:53:00,75.5026,75.5423,75.4976,75.5373,59145
2026-08-27 15:54:00,75.5373,75.5373,75.4877,75.4976,71088
2026-08-27 15:55:00,75.5026,75.5522,75.4927,75.5473,82223
2026-08-27 15:56:00,75.5522,75.5622,75.5423,75.5572,85323
2026-08-27 15:57:00,75.5572,75.5721,75.5125,75.5721,123286
2026-08-27 15:58:00,75.5671,75.5771,75.5274,75.5274,152288
2026-08-27 15:59:00,75.5225,75.5522,75.5026,75.5423,193336
2026-08-28 09:30:00,75.4331,75.5423,75.1254,75.1447,245232
2026-08-28 09:31:00,75.1254,75.314,75.1155,75.2842,41550
2026-08-28 09:32:00,75.2564,75.453,75.2564,75.3438,36886
2026-08-28 09:33:00,75.3295,75.4728,75.3295,75.4133,26527
2026-08-28 09:34:00,75.4232,75.5423,75.4232,75.5026,32750
2026-08-28 09:35:00,75.4976,75.6217,75.4827,75.587,37129
2026-08-28 09:36:00,75.6019,75.7309,75.582,75.7309,28045
2026-08-28 09:37:00,75.7309,75.7827,75.6515,75.7557,33873
2026-08-28 09:38:00,75.7408,75.7805,75.7137,75.7137,18496
2026-08-28 09:39:00,75.7111,75.7111,75.5622,75.5736,17308
2026-08-28 09:40:00,75.582,75.6416,75.5225,75.6267,42672
2026-08-28 09:41:00,75.6311,75.6862,75.5919,75.6316,50385
2026-08-28 09:42:00,75.6257,75.6813,75.6086,75.6614,15641
2026-08-28 09:43:00,75.6614,75.6614,75.573,75.5919,300802
2026-08-28 09:44:00,75.5919,75.6515,75.5919,75.5919,22788
2026-08-28 09:45:00,75.6019,75.6217,75.582,75.5919,21635
2026-08-28 09:46:00,75.5919,75.5919,75.3438,75.3438,61894
2026-08-28 09:47:00,75.3438,75.453,75.3338,75.453,12639
2026-08-28 09:48:00,75.453,75.4728,75.4232,75.4278,13362
2026-08-28 09:49:00,75.4205,75.5423,75.4205,75.5125,17962
2026-08-28 09:50:00,75.512,75.5423,75.4728,75.5423,18479
2026-08-28 09:51:00,75.5572,75.5721,75.4728,75.4728,26565
2026-08-28 09:52:00,75.453,75.5622,75.453,75.4827,24315
2026-08-28 09:53:00,75.4947,75.4947,75.4033,75.4331,30184
2026-08-28 09:54:00,75.443,75.4629,75.4128,75.454,9882
2026-08-28 09:55:00,75.443,75.5225,75.4232,75.5076,27110
2026-08-28 09:56:00,75.5026,75.5522,75.5026,75.5175,17609
2026-08-28 09:57:00,75.5163,75.5622,75.4927,75.5522,21445
2026-08-28 09:58:00,75.5522,75.5622,75.5073,75.5144,11121
2026-08-28 09:59:00,75.5125,75.5125,75.4728,75.4728,8839
2026-08-28 10:00:00,75.4778,75.5225,75.4629,75.4827,28514
2026-08-28 10:01:00,75.4927,75.5423,75.4728,75.4789,17234
2026-08-28 10:02:00,75.4629,75.5473,75.453,75.5473,17520
2026-08-28 10:03:00,75.5522,75.5919,75.5423,75.582,20734
2026-08-28 10:04:00,75.5919,75.6315,75.5919,75.6168,19167
2026-08-28 10:05:00,75.6277,75.6277,75.5721,75.6118,16143
2026-08-28 10:06:00,75.6019,75.6315,75.5622,75.5622,15966
2026-08-28 10:07:00,75.5622,75.5622,75.4927,75.5225,17665
2026-08-28 10:08:00,75.5324,75.5324,75.4629,75.4629,9595
2026-08-28 10:09:00,75.4629,75.4629,75.3984,75.4133,24653
2026-08-28 10:10:00,75.4231,75.4232,75.3636,75.3835,12269
2026-08-28 10:11:00,75.3934,75.4629,75.3934,75.453,19341
2026-08-28 10:12:00,75.4629,75.4778,75.4232,75.4331,8238
2026-08-28 10:13:00,75.4331,75.4331,75.3537,75.3537,27075
2026-08-28 10:14:00,75.3537,75.3934,75.3338,75.3499,19849
2026-08-28 10:15:00,75.3438,75.4033,75.3418,75.396,11986
2026-08-28 10:16:00,75.4083,75.4679,75.4033,75.453,13251
2026-08-28 10:17:00,75.454,75.454,75.3636,75.3686,8935
2026-08-28 10:18:00,75.3736,75.3835,75.2644,75.2644,18857
2026-08-28 10:19:00,75.2743,75.314,75.2594,75.2892,22247
2026-08-28 10:20:00,75.2842,75.2941,75.2346,75.2941,44655
2026-08-28 10:21:00,75.2983,75.3239,75.2544,75.2644,13264
2026-08-28 10:22:00,75.2594,75.314,75.2296,75.2892,28621
2026-08-28 10:23:00,75.2892,75.314,75.2693,75.2794,20395
2026-08-28 10:24:00,75.2842,75.3239,75.2247,75.2544,37949
2026-08-28 10:25:00,75.2544,75.3438,75.2544,75.3438,18740
2026-08-28 10:26:00,75.3487,75.4232,75.3487,75.3934,16122
2026-08-28 10:27:00,75.4133,75.4728,75.3438,75.3487,35453
2026-08-28 10:28:00,75.3438,75.3438,75.3041,75.3041,6410
2026-08-28 10:29:00,75.3041,75.3239,75.2544,75.3239,17097
2026-08-28 10:30:00,75.3289,75.4083,75.3289,75.3884,14370
2026-08-28 10:31:00,75.3924,75.448,75.3835,75.4232,18888
2026-08-28 10:32:00,75.4331,75.4976,75.4331,75.4952,22348
2026-08-28 10:33:00,75.4927,75.4976,75.453,75.4579,9417
2026-08-28 10:34:00,75.4579,75.4877,75.448,75.4727,17715
2026-08-28 10:35:00,75.4629,75.5225,75.4629,75.5026,11196
2026-08-28 10:36:00,75.5076,75.5225,75.482,75.482,21198
2026-08-28 10:37:00,75.4827,75.4827,75.453,75.4827,11777
2026-08-28 10:38:00,75.4778,75.5423,75.4778,75.5423,20712
2026-08-28 10:39:00,75.5373,75.5373,75.4827,75.4827,15924
2026-08-28 10:40:00,75.4877,75.4877,75.4331,75.443,9707
2026-08-28 10:41:00,75.4332,75.4381,75.3934,75.4033,16306
2026-08-28 10:42:00,75.4033,75.433,75.3935,75.4232,8346
2026-08-28 10:43:00,75.4282,75.4579,75.4232,75.4379,31412
2026-08-28 10:44:00,75.443,75.4877,75.443,75.4629,14799
2026-08-28 10:45:00,75.4728,75.5026,75.4679,75.5026,6623
2026-08-28 10:46:00,75.5026,75.5274,75.5026,75.5225,15257
2026-08-28 10:47:00,75.5125,75.5324,75.4728,75.5175,20610
2026-08-28 10:48:00,75.5125,75.5274,75.4728,75.5076,21743
2026-08-28 10:49:00,75.5224,75.5225,75.4927,75.5125,7712
2026-08-28 10:50:00,75.5225,75.5522,75.5225,75.5372,18298
2026-08-28 10:51:00,75.5373,75.5622,75.5225,75.5225,15035
2026-08-28 10:52:00,75.5127,75.5225,75.4679,75.4679,8335
2026-08-28 10:53:00,75.4629,75.4778,75.453,75.4728,18303
2026-08-28 10:54:00,75.4728,75.4778,75.453,75.453,7584
2026-08-28 10:55:00,75.453,75.4679,75.448,75.448,8942
2026-08-28 10:56:00,75.4497,75.4523,75.4033,75.4033,14505
2026-08-28 10:57:00,75.4033,75.4232,75.3785,75.3785,21890
2026-08-28 10:58:00,75.3835,75.3934,75.3636,75.3934,13756
2026-08-28 10:59:00,75.3984,75.443,75.3984,75.443,13637
2026-08-28 11:00:00,75.4466,75.4728,75.4466,75.453,10673
2026-08-28 11:01:00,75.453,75.453,75.4381,75.448,10221
2026-08-28 11:02:00,75.4331,75.448,75.4232,75.4282,3769
2026-08-28 11:03:00,75.4284,75.4331,75.4132,75.4331,12667
2026-08-28 11:04:00,75.433,75.4877,75.433,75.4827,21450
2026-08-28 11:05:00,75.4877,75.5373,75.4877,75.5273,10624
2026-08-28 11:06:00,75.5324,75.5324,75.5026,75.5125,21070
2026-08-28 11:07:00,75.5125,75.5175,75.443,75.443,22699
2026-08-28 11:08:00,75.4331,75.443,75.4061,75.4061,12016
2026-08-28 11:09:00,75.4091,75.4182,75.3636,75.3785,19954
2026-08-28 11:10:00,75.3785,75.3785,75.3338,75.3537,29155
2026-08-28 11:11:00,75.3487,75.3487,75.3338,75.3438,20379
2026-08-28 11:12:00,75.3487,75.3487,75.3041,75.314,33855
2026-08-28 11:13:00,75.3041,75.3337,75.3041,75.3337,16581
2026-08-28 11:14:00,75.326,75.3736,75.326,75.3686,12774
2026-08-28 11:15:00,75.3696,75.4083,75.3636,75.3884,13645
2026-08-28 11:16:00,75.3934,75.4108,75.3877,75.4108,10463
2026-08-28 11:17:00,75.4083,75.4083,75.3537,75.3587,12493
2026-08-28 11:18:00,75.3539,75.3587,75.314,75.314,14672
2026-08-28 11:19:00,75.3239,75.3338,75.2941,75.2991,16321
2026-08-28 11:20:00,75.2991,75.3041,75.2743,75.2842,17355
2026-08-28 11:21:00,75.2941,75.2941,75.2495,75.2495,10762
2026-08-28 11:22:00,75.2544,75.2594,75.2247,75.2445,19510
2026-08-28 11:23:00,75.2445,75.2644,75.2346,75.2395,14937
2026-08-28 11:24:00,75.2347,75.2693,75.2346,75.2647,12177
2026-08-28 11:25:00,75.2693,75.2741,75.24,75.2495,12594
2026-08-28 11:26:00,75.2495,75.309,75.2495,75.309,10495
2026-08-28 11:27:00,75.309,75.3388,75.309,75.3239,13186
2026-08-28 11:28:00,75.3289,75.3636,75.3289,75.3487,14013
2026-08-28 11:29:00,75.3438,75.3835,75.3438,75.3438,9558
2026-08-28 11:30:00,75.3456,75.3884,75.3439,75.3835,13137
2026-08-28 11:31:00,75.3872,75.3933,75.3537,75.3587,12031
2026-08-28 11:32:00,75.3587,75.3691,75.3487,75.3487,9063
2026-08-28 11:33:00,75.3537,75.3636,75.3537,75.3587,5195
2026-08-28 11:34:00,75.3636,75.3834,75.3438,75.3438,9798
2026-08-28 11:35:00,75.3438,75.3537,75.3041,75.314,19702
2026-08-28 11:36:00,75.3041,75.3289,75.2991,75.3041,9051
2026-08-28 11:37:00,75.309,75.3106,75.3041,75.309,8521
2026-08-28 11:38:00,75.309,75.3289,75.3041,75.3239,10685
2026-08-28 11:39:00,75.3239,75.3388,75.319,75.319,11762
2026-08-28 11:40:00,75.3212,75.3289,75.314,75.3254,6073
2026-08-28 11:41:00,75.3322,75.3388,75.3041,75.309,16572
2026-08-28 11:42:00,75.3041,75.309,75.2743,75.2882,11581
2026-08-28 11:43:00,75.2842,75.3239,75.2693,75.3172,14166
2026-08-28 11:44:00,75.3239,75.3338,75.2941,75.3041,9215
2026-08-28 11:45:00,75.2941,75.3041,75.2793,75.2793,5263
2026-08-28 11:46:00,75.2842,75.2941,75.2743,75.2842,12191
2026-08-28 11:47:00,75.2842,75.319,75.2842,75.3159,10419
2026-08-28 11:48:00,75.314,75.3239,75.3041,75.319,14596
2026-08-28 11:49:00,75.3239,75.3487,75.3239,75.3338,22792
2026-08-28 11:50:00,75.3338,75.3537,75.3289,75.3536,10113
2026-08-28 11:51:00,75.3487,75.3736,75.3438,75.3587,20670
2026-08-28 11:52:00,75.3587,75.3636,75.3239,75.3537,36139
2026-08-28 11:53:00,75.3636,75.3934,75.3587,75.3884,10729
2026-08-28 11:54:00,75.3993,75.4033,75.3736,75.3736,10239
2026-08-28 11:55:00,75.3686,75.3686,75.3438,75.3487,8714
2026-08-28 11:56:00,75.3487,75.3587,75.3239,75.3282,9435
2026-08-28 11:57:00,75.3239,75.3314,75.309,75.314,15038
2026-08-28 11:58:00,75.319,75.3587,75.319,75.3587,11857
2026-08-28 11:59:00,75.3636,75.3736,75.3338,75.3736,21153
2026-08-28 12:00:00,75.3835,75.3889,75.3537,75.3537,10775
2026-08-28 12:01:00,75.3636,75.3785,75.3636,75.3736,8013
2026-08-28 12:02:00,75.3736,75.3984,75.3696,75.3934,16266
2026-08-28 12:03:00,75.3946,75.3946,75.3736,75.3785,8430
2026-08-28 12:04:00,75.3736,75.3835,75.3438,75.347,8352
2026-08-28 12:05:00,75.3537,75.3537,75.3386,75.3528,25973
2026-08-28 12:06:00,75.3487,75.3487,75.3338,75.3388,10625
2026-08-28 12:07:00,75.3438,75.3785,75.3438,75.3736,22815
2026-08-28 12:08:00,75.3785,75.3934,75.3767,75.3834,19698
2026-08-28 12:09:00,75.3834,75.3834,75.3537,75.3636,13188
2026-08-28 12:10:00,75.3636,75.3984,75.3636,75.3959,15620
2026-08-28 12:11:00,75.3984,75.4331,75.3934,75.4282,12036
2026-08-28 12:12:00,75.4331,75.4416,75.4232,75.4381,10459
2026-08-28 12:13:00,75.443,75.453,75.4232,75.448,22831
2026-08-28 12:14:00,75.443,75.443,75.4033,75.4034,10154
2026-08-28 12:15:00,75.4083,75.4331,75.4083,75.4191,10311
2026-08-28 12:16:00,75.4232,75.4282,75.3934,75.4083,19748
2026-08-28 12:17:00,75.4033,75.4033,75.3736,75.3736,9635
2026-08-28 12:18:00,75.3835,75.3884,75.3736,75.3785,8011
2026-08-28 12:19:00,75.3768,75.3835,75.3538,75.3636,8762
2026-08-28 12:20:00,75.3587,75.4033,75.3587,75.3984,10936
2026-08-28 12:21:00,75.4033,75.4033,75.3736,75.3736,9957
2026-08-28 12:22:00,75.3736,75.4133,75.3736,75.4083,8816
2026-08-28 12:23:00,75.4133,75.4232,75.4083,75.4182,12584
2026-08-28 12:24:00,75.4232,75.4381,75.4033,75.4232,21583
2026-08-28 12:25:00,75.4331,75.448,75.4232,75.448,11092
2026-08-28 12:26:00,75.448,75.453,75.4282,75.4325,14587
2026-08-28 12:27:00,75.4282,75.4381,75.4232,75.4381,14239
2026-08-28 12:28:00,75.443,75.453,75.4331,75.4381,21522
2026-08-28 12:29:00,75.4366,75.4381,75.4133,75.4182,20014
2026-08-28 12:30:00,75.4182,75.453,75.4182,75.453,11002
2026-08-28 12:31:00,75.453,75.453,75.4331,75.453,10168
2026-08-28 12:32:00,75.448,75.448,75.4229,75.4229,7834
2026-08-28 12:33:00,75.4232,75.443,75.4134,75.443,23504
2026-08-28 12:34:00,75.4381,75.4579,75.4331,75.4579,13021
2026-08-28 12:35:00,75.4629,75.4629,75.4033,75.4033,15922
2026-08-28 12:36:00,75.3934,75.4033,75.3338,75.3438,14976
2026-08-28 12:37:00,75.3438,75.3537,75.3239,75.3388,11468
2026-08-28 12:38:00,75.3338,75.3388,75.314,75.3388,18927
2026-08-28 12:39:00,75.3338,75.4133,75.3338,75.409,10718
2026-08-28 12:40:00,75.4182,75.4182,75.3964,75.4033,5748
2026-08-28 12:41:00,75.4123,75.453,75.4073,75.453,15237
2026-08-28 12:42:00,75.453,75.4629,75.443,75.4479,9283
2026-08-28 12:43:00,75.4529,75.453,75.443,75.453,3778
2026-08-28 12:44:00,75.453,75.4679,75.443,75.453,24259
2026-08-28 12:45:00,75.4557,75.4728,75.448,75.453,13218
2026-08-28 12:46:00,75.4727,75.4927,75.4727,75.4927,14583
2026-08-28 12:47:00,75.4827,75.4877,75.453,75.453,9094
2026-08-28 12:48:00,75.4629,75.4728,75.4232,75.4232,10182
2026-08-28 12:49:00,75.4232,75.4331,75.4133,75.4282,12410
2026-08-28 12:50:00,75.4331,75.4331,75.4182,75.4282,9094
2026-08-28 12:51:00,75.4282,75.4629,75.4282,75.4579,19991
2026-08-28 12:52:00,75.4579,75.4728,75.4331,75.4381,81366
2026-08-28 12:53:00,75.4333,75.4728,75.4333,75.4679,68362
2026-08-28 12:54:00,75.4728,75.4877,75.443,75.4827,41240
2026-08-28 12:55:00,75.4827,75.4827,75.4331,75.4331,15491
2026-08-28 12:56:00,75.443,75.448,75.4232,75.448,13291
2026-08-28 12:57:00,75.453,75.453,75.4254,75.4331,11198
2026-08-28 12:58:00,75.4282,75.4381,75.4133,75.4182,8949
2026-08-28 12:59:00,75.4134,75.4134,75.3954,75.3954,6177
2026-08-28 13:00:00,75.3934,75.4033,75.3835,75.3835,11979
2026-08-28 13:01:00,75.3934,75.3934,75.3736,75.3737,6361
2026-08-28 13:02:00,75.3736,75.4032,75.3587,75.3933,14069
2026-08-28 13:03:00,75.3887,75.4083,75.3884,75.3984,8014
2026-08-28 13:04:00,75.4032,75.4033,75.3636,75.3686,11226
2026-08-28 13:05:00,75.3686,75.3736,75.3338,75.3338,39351
2026-08-28 13:06:00,75.3289,75.3388,75.2842,75.2991,17947
2026-08-28 13:07:00,75.2991,75.3139,75.2941,75.2941,10400
2026-08-28 13:08:00,75.2991,75.309,75.2909,75.3041,11076
2026-08-28 13:09:00,75.3071,75.3587,75.3071,75.3487,21387
2026-08-28 13:10:00,75.3524,75.3823,75.3524,75.3686,14545
2026-08-28 13:11:00,75.3636,75.3636,75.3487,75.3587,6800
2026-08-28 13:12:00,75.3587,75.3736,75.3587,75.3736,5332
2026-08-28 13:13:00,75.3686,75.4123,75.3686,75.4072,14987
2026-08-28 13:14:00,75.4073,75.4282,75.4034,75.4101,10378
2026-08-28 13:15:00,75.409,75.4133,75.3934,75.4033,15146
2026-08-28 13:16:00,75.4033,75.4133,75.3934,75.4033,18017
2026-08-28 13:17:00,75.3984,75.3984,75.3736,75.3835,12186
2026-08-28 13:18:00,75.3835,75.3934,75.3636,75.3852,7995
2026-08-28 13:19:00,75.3934,75.4282,75.3934,75.4282,11463
2026-08-28 13:20:00,75.4331,75.4381,75.3835,75.3884,14311
2026-08-28 13:21:00,75.3835,75.4133,75.3835,75.4033,15718
2026-08-28 13:22:00,75.4132,75.4133,75.3835,75.3835,6121
2026-08-28 13:23:00,75.3736,75.4031,75.3669,75.4031,6849
2026-08-28 13:24:00,75.3934,75.3984,75.3835,75.3835,10421
2026-08-28 13:25:00,75.3934,75.3934,75.3537,75.3551,22360
2026-08-28 13:26:00,75.3615,75.3785,75.3438,75.3736,13275
2026-08-28 13:27:00,75.3755,75.3835,75.3636,75.3686,10986
2026-08-28 13:28:00,75.3636,75.3636,75.3506,75.3537,3933
2026-08-28 13:29:00,75.3438,75.3537,75.3438,75.3438,8944
2026-08-28 13:30:00,75.3477,75.3587,75.3438,75.3537,11874
2026-08-28 13:31:00,75.3537,75.3785,75.3537,75.3785,8310
2026-08-28 13:32:00,75.3785,75.3835,75.3537,75.3538,10066
2026-08-28 13:33:00,75.3537,75.3537,75.3438,75.3487,4667
2026-08-28 13:34:00,75.3487,75.35,75.3239,75.3289,22930
2026-08-28 13:35:00,75.3289,75.3438,75.319,75.319,14763
2026-08-28 13:36:00,75.319,75.3636,75.314,75.3636,76113
2026-08-28 13:37:00,75.3636,75.3884,75.3537,75.3785,7957
2026-08-28 13:38:00,75.3835,75.4282,75.3835,75.4282,7106
2026-08-28 13:39:00,75.4282,75.443,75.4232,75.443,17670
2026-08-28 13:40:00,75.448,75.453,75.426,75.448,14885
2026-08-28 13:41:00,75.453,75.4628,75.453,75.4628,7430
2026-08-28 13:42:00,75.4579,75.4823,75.4579,75.4728,11050
2026-08-28 13:43:00,75.4815,75.4815,75.443,75.4728,30237
2026-08-28 13:44:00,75.4679,75.4877,75.4679,75.4778,11978
2026-08-28 13:45:00,75.4826,75.4826,75.4589,75.4695,7992
2026-08-28 13:46:00,75.4728,75.4728,75.443,75.4629,9692
2026-08-28 13:47:00,75.4579,75.4629,75.438,75.438,8110
2026-08-28 13:48:00,75.4232,75.4877,75.4232,75.4877,21747
2026-08-28 13:49:00,75.4867,75.5423,75.4827,75.5423,34722
2026-08-28 13:50:00,75.5423,75.5423,75.5225,75.5274,8106
2026-08-28 13:51:00,75.5324,75.5919,75.5324,75.5919,34302
2026-08-28 13:52:00,75.582,75.6118,75.5671,75.5969,21894
2026-08-28 13:53:00,75.6068,75.6118,75.582,75.592,27457
2026-08-28 13:54:00,75.5919,75.6019,75.5522,75.5522,25160
2026-08-28 13:55:00,75.5522,75.5721,75.5225,75.5721,13880
2026-08-28 13:56:00,75.565,75.5721,75.5423,75.5572,14188
2026-08-28 13:57:00,75.5622,75.587,75.5622,75.587,4398
2026-08-28 13:58:00,75.582,75.582,75.5522,75.5671,12005
2026-08-28 13:59:00,75.5711,75.582,75.5522,75.582,9476
2026-08-28 14:00:00,75.582,75.582,75.5423,75.5423,18673
2026-08-28 14:01:00,75.5423,75.5622,75.5225,75.5469,15677
2026-08-28 14:02:00,75.5519,75.5572,75.5423,75.5522,8973
2026-08-28 14:03:00,75.5522,75.582,75.5522,75.582,10509
2026-08-28 14:04:00,75.582,75.582,75.5721,75.582,20958
2026-08-28 14:05:00,75.5882,75.5969,75.582,75.5969,7737
2026-08-28 14:06:00,75.6019,75.6316,75.5999,75.6316,34241
2026-08-28 14:07:00,75.6366,75.6565,75.6316,75.6515,26464
2026-08-28 14:08:00,75.6573,75.6812,75.6565,75.6637,13839
2026-08-28 14:09:00,75.6714,75.6763,75.6416,75.6416,14603
2026-08-28 14:10:00,75.6465,75.6813,75.6366,75.6615,21934
2026-08-28 14:11:00,75.6614,75.6614,75.6316,75.6366,12146
2026-08-28 14:12:00,75.6316,75.6515,75.6316,75.6465,8002
2026-08-28 14:13:00,75.6444,75.6664,75.6416,75.6614,7252
2026-08-28 14:14:00,75.6627,75.6664,75.6465,75.6465,12542
2026-08-28 14:15:00,75.6416,75.6714,75.6366,75.6664,11742
2026-08-28 14:16:00,75.6714,75.6763,75.6614,75.6714,5911
2026-08-28 14:17:00,75.6714,75.6763,75.6366,75.6416,16634
2026-08-28 14:18:00,75.6465,75.6689,75.6416,75.6664,11090
2026-08-28 14:19:00,75.6631,75.6813,75.6614,75.6813,19897
2026-08-28 14:20:00,75.6813,75.693,75.6664,75.6912,23653
2026-08-28 14:21:00,75.6912,75.6962,75.6714,75.6862,10490
2026-08-28 14:22:00,75.6813,75.6862,75.6714,75.6714,7515
2026-08-28 14:23:00,75.6714,75.6813,75.6614,75.6813,17545
2026-08-28 14:24:00,75.6862,75.7011,75.6813,75.6853,25183
2026-08-28 14:25:00,75.6813,75.6813,75.6217,75.6316,24680
2026-08-28 14:26:00,75.6217,75.6614,75.6217,75.6565,41957
2026-08-28 14:27:00,75.6614,75.6862,75.6614,75.6763,18524
2026-08-28 14:28:00,75.6813,75.6912,75.6068,75.6168,39512
2026-08-28 14:29:00,75.6118,75.6316,75.582,75.582,20414
2026-08-28 14:30:00,75.5771,75.587,75.5373,75.567,41903
2026-08-28 14:31:00,75.5671,75.5671,75.5324,75.5671,12830
2026-08-28 14:32:00,75.5758,75.6118,75.5473,75.582,29297
2026-08-28 14:33:00,75.582,75.5919,75.5373,75.5771,14644
2026-08-28 14:34:00,75.582,75.5967,75.5739,75.5771,19434
2026-08-28 14:35:00,75.5721,75.5771,75.5324,75.5522,30732
2026-08-28 14:36:00,75.5572,75.5572,75.5125,75.5175,12316
2026-08-28 14:37:00,75.5225,75.5424,75.5175,75.5225,15655
2026-08-28 14:38:00,75.5274,75.5274,75.4331,75.453,21048
2026-08-28 14:39:00,75.4331,75.4778,75.4331,75.4679,16132
2026-08-28 14:40:00,75.4629,75.487,75.453,75.4827,23594
2026-08-28 14:41:00,75.4778,75.5274,75.4778,75.5125,21430
2026-08-28 14:42:00,75.5125,75.5323,75.4927,75.4976,15972
2026-08-28 14:43:00,75.4927,75.4927,75.4282,75.4728,14980
2026-08-28 14:44:00,75.4728,75.4976,75.4679,75.4927,14240
2026-08-28 14:45:00,75.4865,75.4976,75.4679,75.4877,17741
2026-08-28 14:46:00,75.4877,75.4976,75.4778,75.4968,20987
2026-08-28 14:47:00,75.4976,75.5324,75.4679,75.4778,28046
2026-08-28 14:48:00,75.4728,75.4877,75.443,75.4844,25949
2026-08-28 14:49:00,75.4976,75.5225,75.4728,75.5225,18244
2026-08-28 14:50:00,75.5225,75.5323,75.4976,75.4976,35246
2026-08-28 14:51:00,75.4976,75.4976,75.463,75.4778,12998
2026-08-28 14:52:00,75.4827,75.5621,75.4827,75.5473,22081
2026-08-28 14:53:00,75.5522,75.5671,75.5324,75.5422,21408
2026-08-28 14:54:00,75.5423,75.6068,75.5423,75.5969,20727
2026-08-28 14:55:00,75.6019,75.6366,75.5919,75.5919,28055
2026-08-28 14:56:00,75.5919,75.6316,75.5919,75.6267,18372
2026-08-28 14:57:00,75.6217,75.6301,75.5969,75.6188,20607
2026-08-28 14:58:00,75.6217,75.6714,75.6118,75.6664,21181
2026-08-28 14:59:00,75.6664,75.6862,75.6614,75.6714,20865
2026-08-28 15:00:00,75.6614,75.6614,75.5919,75.5919,25657
2026-08-28 15:01:00,75.6019,75.6267,75.582,75.6267,16007
2026-08-28 15:02:00,75.6316,75.6465,75.6168,75.6316,16813
2026-08-28 15:03:00,75.6316,75.6614,75.6217,75.6267,22810
2026-08-28 15:04:00,75.6267,75.6565,75.6217,75.6217,13295
2026-08-28 15:05:00,75.6158,75.6614,75.6118,75.6515,25923
2026-08-28 15:06:00,75.6565,75.6664,75.6168,75.6515,22906
2026-08-28 15:07:00,75.6515,75.6813,75.6496,75.6813,28245
2026-08-28 15:08:00,75.6714,75.6912,75.6664,75.6714,45083
2026-08-28 15:09:00,75.6714,75.7111,75.6614,75.7072,47232
2026-08-28 15:10:00,75.7061,75.721,75.6813,75.7111,52764
2026-08-28 15:11:00,75.7111,75.721,75.6714,75.7071,18877
2026-08-28 15:12:00,75.7061,75.716,75.6912,75.7011,21966
2026-08-28 15:13:00,75.7061,75.721,75.6763,75.6811,23777
2026-08-28 15:14:00,75.6813,75.7309,75.6813,75.7309,21589
2026-08-28 15:15:00,75.7309,75.7408,75.6962,75.7011,35199
2026-08-28 15:16:00,75.7011,75.7607,75.7011,75.7557,42743
2026-08-28 15:17:00,75.7544,75.7706,75.721,75.7632,26199
2026-08-28 15:18:00,75.7607,75.7706,75.7309,75.7459,35206
2026-08-28 15:19:00,75.7458,75.7508,75.721,75.7309,21921
2026-08-28 15:20:00,75.7309,75.7309,75.7061,75.726,25544
2026-08-28 15:21:00,75.721,75.726,75.7061,75.7061,16282
2026-08-28 15:22:00,75.716,75.716,75.6614,75.6832,42465
2026-08-28 15:23:00,75.6882,75.7011,75.6714,75.6911,28478
2026-08-28 15:24:00,75.6813,75.7359,75.6813,75.7359,17561
2026-08-28 15:25:00,75.7359,75.7607,75.7359,75.7458,30123
2026-08-28 15:26:00,75.7458,75.7508,75.721,75.7408,22527
2026-08-28 15:27:00,75.7359,75.7657,75.726,75.7607,28082
2026-08-28 15:28:00,75.7607,75.7855,75.7508,75.7557,32646
2026-08-28 15:29:00,75.7557,75.7805,75.7458,75.7756,28138
2026-08-28 15:30:00,75.7756,75.8153,75.7706,75.7706,38957
2026-08-28 15:31:00,75.7805,75.7954,75.7657,75.7756,32734
2026-08-28 15:32:00,75.7756,75.7756,75.731,75.7359,29862
2026-08-28 15:33:00,75.7408,75.7706,75.7309,75.7706,24988
2026-08-28 15:34:00,75.7657,75.7876,75.7607,75.7805,21521
2026-08-28 15:35:00,75.7756,75.7954,75.7756,75.7855,28946
2026-08-28 15:36:00,75.7855,75.8054,75.7855,75.8004,28516
2026-08-28 15:37:00,75.7954,75.8153,75.7954,75.8054,37837
2026-08-28 15:38:00,75.8103,75.8203,75.7706,75.8054,30641
2026-08-28 15:39:00,75.8103,75.8203,75.7855,75.8054,29061
2026-08-28 15:40:00,75.8054,75.8153,75.7756,75.7756,32007
2026-08-28 15:41:00,75.7756,75.7855,75.7607,75.7657,37551
2026-08-28 15:42:00,75.7706,75.7706,75.7309,75.7607,48543
2026-08-28 15:43:00,75.7508,75.7508,75.716,75.7458,42108
2026-08-28 15:44:00,75.7408,75.7408,75.6851,75.6851,44655
2026-08-28 15:45:00,75.6912,75.721,75.6862,75.6912,36189
2026-08-28 15:46:00,75.7011,75.7111,75.6267,75.6267,42819
2026-08-28 15:47:00,75.6316,75.6912,75.6217,75.6912,34904
2026-08-28 15:48:00,75.6862,75.716,75.6714,75.716,45918
2026-08-28 15:49:00,75.716,75.7405,75.7011,75.721,50739
2026-08-28 15:50:00,75.7309,75.7706,75.726,75.7657,118491
2026-08-28 15:51:00,75.7657,75.7805,75.726,75.7458,57555
2026-08-28 15:52:00,75.7458,75.7657,75.726,75.7408,70995
2026-08-28 15:53:00,75.7408,75.7508,75.7111,75.7359,57635
2026-08-28 15:54:00,75.7408,75.7805,75.7408,75.7508,115586
2026-08-28 15:55:00,75.7508,75.8103,75.7408,75.8054,126156
2026-08-28 15:56:00,75.8054,75.8302,75.7954,75.8153,155873
2026-08-28 15:57:00,75.8153,75.85,75.8153,75.8303,134074
2026-08-28 15:58:00,75.8401,75.8897,75.8351,75.8897,205264
2026-08-28 15:59:00,75.8897,75.9096,75.8401,75.85,517554
2026-08-29 09:30:00,75.8798,75.9096,75.7508,75.8083,221281
2026-08-29 09:31:00,75.8004,75.85,75.7508,75.7905,34840
2026-08-29 09:32:00,75.8004,75.8699,75.7905,75.8451,19093
2026-08-29 09:33:00,75.85,75.8897,75.85,75.8897,15416
2026-08-29 09:34:00,75.8897,75.989,75.8699,75.9795,38861
2026-08-29 09:35:00,75.9692,76.0188,75.9443,75.9443,20361
2026-08-29 09:36:00,75.9394,75.9394,75.8798,75.9295,11697
2026-08-29 09:37:00,75.9344,75.9394,75.8798,75.9295,34178
2026-08-29 09:38:00,75.9295,75.9394,75.9195,75.9195,8553
2026-08-29 09:39:00,75.9245,75.989,75.9096,75.9096,16659
2026-08-29 09:40:00,75.9096,75.9295,75.8897,75.8947,12407
2026-08-29 09:41:00,75.8947,75.9096,75.8302,75.838,12608
2026-08-29 09:42:00,75.8401,75.8897,75.8401,75.85,12746
2026-08-29 09:43:00,75.8401,75.86,75.8351,75.8451,8564
2026-08-29 09:44:00,75.8451,75.8798,75.8103,75.8282,22370
2026-08-29 09:45:00,75.8302,75.85,75.7706,75.7706,15799
2026-08-29 09:46:00,75.7607,75.8097,75.7321,75.8004,26817
2026-08-29 09:47:00,75.7905,75.8004,75.7706,75.7905,8687
2026-08-29 09:48:00,75.7954,75.8203,75.7855,75.7954,15497
2026-08-29 09:49:00,75.7905,75.7905,75.7011,75.7011,39560
2026-08-29 09:50:00,75.7011,75.7011,75.6614,75.6714,35144
2026-08-29 09:51:00,75.6664,75.7111,75.6619,75.7011,25548
2026-08-29 09:52:00,75.7011,75.7508,75.7011,75.7408,10574
2026-08-29 09:53:00,75.7359,75.8103,75.7359,75.7607,21635
2026-08-29 09:54:00,75.7662,75.8103,75.7607,75.8103,15001
2026-08-29 09:55:00,75.8004,75.8004,75.7805,75.7905,8825
2026-08-29 09:56:00,75.7855,75.7905,75.7706,75.7905,13511
2026-08-29 09:57:00,75.7905,75.8351,75.7905,75.8302,17955
2026-08-29 09:58:00,75.8302,75.86,75.8203,75.8451,18391
2026-08-29 09:59:00,75.8401,75.8699,75.7905,75.8103,43927
2026-08-29 10:00:00,75.8153,75.8302,75.7657,75.8054,34448
2026-08-29 10:01:00,75.8077,75.9692,75.8077,75.9394,61582
2026-08-29 10:02:00,75.9493,75.9791,75.9096,75.9692,15196
2026-08-29 10:03:00,75.9593,75.9741,75.9096,75.9543,18029
2026-08-29 10:04:00,75.9543,75.9642,75.8997,75.9245,25663
2026-08-29 10:05:00,75.9295,76.0188,75.9295,75.9592,31732
2026-08-29 10:06:00,75.9592,75.9691,75.8997,75.9046,14048
2026-08-29 10:07:00,75.8997,75.9741,75.8997,75.9493,15422
2026-08-29 10:08:00,75.9394,75.9791,75.9344,75.9592,27307
2026-08-29 10:09:00,75.9295,76.0089,75.9295,76.0089,16621
2026-08-29 10:10:00,76.0138,76.0682,75.989,76.06,32900
2026-08-29 10:11:00,76.0635,76.0982,76.0287,76.0386,23533
2026-08-29 10:12:00,76.0289,76.0486,76.0287,76.0436,14583
2026-08-29 10:13:00,76.0386,76.0436,75.9989,76.0138,20785
2026-08-29 10:14:00,76.0188,76.0833,76.0188,76.0535,12584
2026-08-29 10:15:00,76.0585,76.0585,76.0337,76.0391,11448
2026-08-29 10:16:00,76.0386,76.0684,75.9989,76.0386,23040
2026-08-29 10:17:00,76.0386,76.0386,75.9741,75.9741,17543
2026-08-29 10:18:00,75.9741,76.0436,75.9693,76.0337,16323
2026-08-29 10:19:00,76.0337,76.0386,75.994,76.0238,15635
2026-08-29 10:20:00,76.0238,76.0387,75.9989,76.0089,10911
2026-08-29 10:21:00,75.9989,76.0287,75.9989,75.9999,10912
2026-08-29 10:22:00,76.0173,76.0535,76.0138,76.0138,35327
2026-08-29 10:23:00,76.0138,76.0138,75.9692,75.984,14056
2026-08-29 10:24:00,75.989,76.0138,75.9791,75.984,8174
2026-08-29 10:25:00,75.984,76.0039,75.9543,76.0039,25017
2026-08-29 10:26:00,75.9989,76.0138,75.9741,75.989,22058
2026-08-29 10:27:00,75.989,75.989,75.9394,75.9493,26737
2026-08-29 10:28:00,75.9491,75.9692,75.949,75.9642,12847
2026-08-29 10:29:00,75.9692,76.0287,75.9692,76.0287,21037
2026-08-29 10:30:00,76.0287,76.0784,76.0238,76.0486,32090
2026-08-29 10:31:00,76.0535,76.0883,76.0535,76.0684,28760
2026-08-29 10:32:00,76.0734,76.0982,76.0535,76.0753,19969
2026-08-29 10:33:00,76.0734,76.0883,76.0684,76.0734,9742
2026-08-29 10:34:00,76.0734,76.0883,76.0585,76.0833,14788
2026-08-29 10:35:00,76.0883,76.1181,76.0833,76.0833,21159
2026-08-29 10:36:00,76.0784,76.0883,76.0635,76.0635,12463
2026-08-29 10:37:00,76.0635,76.0883,76.0585,76.0833,11563
2026-08-29 10:38:00,76.0833,76.0932,76.0308,76.0337,27494
2026-08-29 10:39:00,76.0337,76.0436,76.0204,76.0436,326704
2026-08-29 10:40:00,76.0436,76.0883,76.0287,76.0684,28537
2026-08-29 10:41:00,76.0734,76.0784,76.0295,76.0486,11894
2026-08-29 10:42:00,76.0436,76.0734,76.0386,76.0635,16085
2026-08-29 10:43:00,76.0684,76.0957,76.0625,76.0883,15496
2026-08-29 10:44:00,76.0932,76.1181,76.0585,76.0932,19358
2026-08-29 10:45:00,76.0883,76.0982,76.0486,76.0982,47741
2026-08-29 10:46:00,76.1226,76.1627,76.1226,76.1627,14640
2026-08-29 10:47:00,76.1627,76.1875,76.1624,76.1727,24882
2026-08-29 10:48:00,76.1727,76.1875,76.1399,76.1727,17493
2026-08-29 10:49:00,76.1727,76.1875,76.1627,76.1627,10788
2026-08-29 10:50:00,76.1478,76.1727,76.1478,76.1677,8715
2026-08-29 10:51:00,76.1627,76.1627,76.1081,76.1144,9592
2026-08-29 10:52:00,76.1181,76.1329,76.0982,76.0982,10418
2026-08-29 10:53:00,76.1081,76.1181,76.0585,76.0585,9298
2026-08-29 10:54:00,76.0585,76.0684,76.0486,76.0486,13948
2026-08-29 10:55:00,76.0425,76.0684,76.0425,76.0684,6047
2026-08-29 10:56:00,76.0684,76.0734,76.0436,76.0535,22312
2026-08-29 10:57:00,76.0585,76.0853,76.0535,76.0585,18985
2026-08-29 10:58:00,76.0684,76.0784,76.0585,76.0784,10323
2026-08-29 10:59:00,76.0784,76.0883,76.0684,76.0784,13173
2026-08-29 11:00:00,76.0734,76.0734,76.0436,76.0486,8980
2026-08-29 11:01:00,76.0535,76.0684,76.0386,76.0386,19263
2026-08-29 11:02:00,76.0386,76.0439,76.0287,76.0337,18256
2026-08-29 11:03:00,76.0287,76.0684,76.0287,76.0684,20207
2026-08-29 11:04:00,76.0585,76.0734,76.0337,76.0585,14671
2026-08-29 11:05:00,76.0486,76.0584,76.0287,76.0337,12735
2026-08-29 11:06:00,76.0312,76.0312,75.984,76.0138,22366
2026-08-29 11:07:00,76.0138,76.0436,76.0089,76.0337,15488
2026-08-29 11:08:00,76.0386,76.0386,76.0138,76.0287,13109
2026-08-29 11:09:00,76.036,76.036,76.0039,76.0138,17617
2026-08-29 11:10:00,76.009,76.0138,75.9741,76.0039,10868
2026-08-29 11:11:00,76.0089,76.0486,76.0089,76.0436,9124
2026-08-29 11:12:00,76.0436,76.0436,76.0188,76.0337,14194
2026-08-29 11:13:00,76.0287,76.0287,75.994,76.0285,8729
2026-08-29 11:14:00,76.0238,76.0555,76.0238,76.0555,16945
2026-08-29 11:15:00,76.0549,76.0549,76.0238,76.0386,11973
2026-08-29 11:16:00,76.0386,76.0386,76.0188,76.0287,7397
2026-08-29 11:17:00,76.0188,76.0337,76.0188,76.0238,5282
2026-08-29 11:18:00,76.0188,76.0188,75.989,75.989,9623
2026-08-29 11:19:00,75.989,75.9989,75.9791,75.989,6803
2026-08-29 11:20:00,75.989,75.989,75.9543,75.9741,15420
2026-08-29 11:21:00,75.9741,76.0089,75.9741,75.989,12014
2026-08-29 11:22:00,75.994,75.9989,75.9791,75.984,8762
2026-08-29 11:23:00,75.984,75.984,75.9592,75.9692,13688
2026-08-29 11:24:00,75.973,75.994,75.973,75.9741,16359
2026-08-29 11:25:00,75.984,76.0287,75.984,75.9989,13680
2026-08-29 11:26:00,75.989,75.9989,75.9791,75.984,16636
2026-08-29 11:27:00,75.989,75.989,75.9394,75.9543,61717
2026-08-29 11:28:00,75.9493,75.9692,75.9395,75.9592,28564
2026-08-29 11:29:00,75.9642,75.9692,75.9493,75.9592,17290
2026-08-29 11:30:00,75.9592,75.9642,75.9095,75.9095,18614
2026-08-29 11:31:00,75.9046,75.9056,75.8798,75.8798,21578
2026-08-29 11:32:00,75.8798,75.8947,75.8501,75.8848,33580
2026-08-29 11:33:00,75.8848,75.9146,75.8699,75.9146,32391
2026-08-29 11:34:00,75.9194,75.9245,75.8897,75.9245,32571
2026-08-29 11:35:00,75.9195,75.9592,75.9195,75.9493,18890
2026-08-29 11:36:00,75.9443,75.9493,75.8798,75.8798,14300
2026-08-29 11:37:00,75.8798,75.9295,75.8798,75.9195,28154
2026-08-29 11:38:00,75.9245,75.9245,75.8997,75.9022,17415
2026-08-29 11:39:00,75.8997,75.8997,75.8699,75.8699,16951
2026-08-29 11:40:00,75.8699,75.9295,75.8699,75.9245,17058
2026-08-29 11:41:00,75.9195,75.9195,75.9046,75.9046,10812
2026-08-29 11:42:00,75.8997,75.8997,75.8634,75.8634,19364
2026-08-29 11:43:00,75.8698,75.8848,75.8698,75.8757,15009
2026-08-29 11:44:00,75.8798,75.8897,75.8749,75.8823,10018
2026-08-29 11:45:00,75.8848,75.8848,75.86,75.86,10028
2026-08-29 11:46:00,75.8401,75.855,75.8302,75.855,10554
2026-08-29 11:47:00,75.855,75.8649,75.85,75.8649,12483
2026-08-29 11:48:00,75.8649,75.8897,75.8649,75.8798,13879
2026-08-29 11:49:00,75.883,75.8996,75.8798,75.8848,10044
2026-08-29 11:50:00,75.8848,75.9046,75.8798,75.8975,12465
2026-08-29 11:51:00,75.8997,75.9295,75.8947,75.9046,25663
2026-08-29 11:52:00,75.9046,75.9195,75.8997,75.9194,12596
2026-08-29 11:53:00,75.9146,75.9192,75.8897,75.8947,18601
2026-08-29 11:54:00,75.8897,75.9046,75.8897,75.9046,15379
2026-08-29 11:55:00,75.9096,75.9493,75.9096,75.9344,35018
2026-08-29 11:56:00,75.9344,75.9543,75.9295,75.9543,25634
2026-08-29 11:57:00,75.9493,75.9543,75.9295,75.9443,9386
2026-08-29 11:58:00,75.9443,75.9493,75.9295,75.9443,19532
2026-08-29 11:59:00,75.9394,75.9394,75.9096,75.9096,10764
2026-08-29 12:00:00,75.9146,75.9146,75.86,75.8649,15975
2026-08-29 12:01:00,75.8649,75.8947,75.86,75.8947,25871
2026-08-29 12:02:00,75.8997,75.9195,75.8997,75.9146,8716
2026-08-29 12:03:00,75.9195,75.9394,75.8997,75.9344,11258
2026-08-29 12:04:00,75.9344,75.9642,75.9344,75.9642,12811
2026-08-29 12:05:00,75.9642,75.9783,75.9592,75.9741,21892
2026-08-29 12:06:00,75.9741,76.0188,75.9692,76.0138,17546
2026-08-29 12:07:00,76.0188,76.0337,76.0138,76.0238,12158
2026-08-29 12:08:00,76.0188,76.0734,76.0188,76.0635,15329
2026-08-29 12:09:00,76.0684,76.0833,76.0684,76.0833,8413
2026-08-29 12:10:00,76.0833,76.0982,76.0684,76.0982,33370
2026-08-29 12:11:00,76.0883,76.1032,76.0784,76.0784,11788
2026-08-29 12:12:00,76.0784,76.0784,76.0486,76.0535,19250
2026-08-29 12:13:00,76.0486,76.0734,76.0486,76.0734,8111
2026-08-29 12:14:00,76.0734,76.0833,76.0734,76.0734,11831
2026-08-29 12:15:00,76.0734,76.0833,76.0684,76.0833,17948
2026-08-29 12:16:00,76.0784,76.0784,76.0386,76.0436,15890
2026-08-29 12:17:00,76.0323,76.0486,76.0287,76.0337,9308
2026-08-29 12:18:00,76.0337,76.0486,76.0287,76.0386,14454
2026-08-29 12:19:00,76.0386,76.0684,76.0386,76.0386,15743
2026-08-29 12:20:00,76.0386,76.0535,76.0238,76.0238,7121
2026-08-29 12:21:00,76.0238,76.0238,75.984,76.0039,9446
2026-08-29 12:22:00,75.9989,76.0039,75.984,75.9989,10171
2026-08-29 12:23:00,75.994,76.0436,75.994,76.0436,7189
2026-08-29 12:24:00,76.0436,76.0486,76.0386,76.0436,7285
2026-08-29 12:25:00,76.0386,76.0585,76.0386,76.0585,14238
2026-08-29 12:26:00,76.0635,76.0784,76.0585,76.0741,9061
2026-08-29 12:27:00,76.0784,76.0784,76.0486,76.0585,22686
2026-08-29 12:28:00,76.0535,76.0535,76.0188,76.0436,22448
2026-08-29 12:29:00,76.0436,76.0684,76.0287,76.0365,18543
2026-08-29 12:30:00,76.0386,76.0386,76.0188,76.0337,12757
2026-08-29 12:31:00,76.0386,76.0436,76.0039,76.0188,11370
2026-08-29 12:32:00,76.0089,76.0089,75.9741,75.9988,6749
2026-08-29 12:33:00,75.994,76.0089,75.989,76.0039,10744
2026-08-29 12:34:00,76.0039,76.0155,75.9989,76.0089,8667
2026-08-29 12:35:00,76.0131,76.0486,76.0131,76.0485,25639
2026-08-29 12:36:00,76.0386,76.0386,76.0131,76.0277,13781
2026-08-29 12:37:00,76.0287,76.0436,76.0089,76.0386,12670
2026-08-29 12:38:00,76.0287,76.0337,76.0188,76.0337,6064
2026-08-29 12:39:00,76.0486,76.0833,76.0436,76.0833,10513
2026-08-29 12:40:00,76.0833,76.0833,76.0684,76.0833,17625
2026-08-29 12:41:00,76.0784,76.0932,76.0486,76.0486,25155
2026-08-29 12:42:00,76.0535,76.0684,76.0386,76.0684,9661
2026-08-29 12:43:00,76.0684,76.0932,76.0684,76.0883,6723
2026-08-29 12:44:00,76.0883,76.0982,76.0798,76.0883,14096
2026-08-29 12:45:00,76.0932,76.1329,76.0932,76.123,22396
2026-08-29 12:46:00,76.123,76.1379,76.0932,76.0982,29592
2026-08-29 12:47:00,76.0982,76.1049,76.0982,76.1032,9475
2026-08-29 12:48:00,76.0982,76.1032,76.0784,76.1032,11113
2026-08-29 12:49:00,76.1081,76.1429,76.1081,76.1429,11519
2026-08-29 12:50:00,76.1424,76.1627,76.128,76.1478,55079
2026-08-29 12:51:00,76.1478,76.1521,76.1131,76.1478,13335
2026-08-29 12:52:00,76.1627,76.1776,76.1627,76.1776,5110
2026-08-29 12:53:00,76.1775,76.1776,76.1478,76.1478,7362
2026-08-29 12:54:00,76.1523,76.1776,76.1523,76.1727,14018
2026-08-29 12:55:00,76.1752,76.2074,76.1677,76.1925,48960
2026-08-29 12:56:00,76.1925,76.2074,76.1875,76.1975,12982
2026-08-29 12:57:00,76.2024,76.2271,76.1925,76.2024,32741
2026-08-29 12:58:00,76.1975,76.1975,76.1627,76.1826,12045
2026-08-29 12:59:00,76.1826,76.1875,76.1578,76.1776,10059
2026-08-29 13:00:00,76.1776,76.2173,76.1776,76.2173,13411
2026-08-29 13:01:00,76.2173,76.2216,76.2074,76.2216,12008
2026-08-29 13:02:00,76.2202,76.2322,76.1975,76.2173,25556
2026-08-29 13:03:00,76.2273,76.2471,76.2173,76.2223,13643
2026-08-29 13:04:00,76.2223,76.2322,76.2124,76.2173,8896
2026-08-29 13:05:00,76.2124,76.2124,76.1975,76.1975,15390
2026-08-29 13:06:00,76.1975,76.2024,76.1726,76.1726,15625
2026-08-29 13:07:00,76.1734,76.1975,76.1734,76.1925,7620
2026-08-29 13:08:00,76.1875,76.1975,76.1875,76.1925,7192
2026-08-29 13:09:00,76.1925,76.1975,76.1875,76.1875,7886
2026-08-29 13:10:00,76.1876,76.1925,76.1776,76.1826,14914
2026-08-29 13:11:00,76.1776,76.1826,76.1528,76.1677,11717
2026-08-29 13:12:00,76.1677,76.2026,76.1677,76.1975,8479
2026-08-29 13:13:00,76.2024,76.2173,76.2024,76.2074,13771
2026-08-29 13:14:00,76.2106,76.2172,76.1975,76.2024,16223
2026-08-29 13:15:00,76.2024,76.2223,76.1975,76.2075,16364
2026-08-29 13:16:00,76.2074,76.2074,76.1875,76.1925,9267
2026-08-29 13:17:00,76.1925,76.1925,76.1578,76.1627,14698
2026-08-29 13:18:00,76.1627,76.1774,76.1627,76.1738,14099
2026-08-29 13:19:00,76.1727,76.1727,76.1379,76.1525,49723
2026-08-29 13:20:00,76.1528,76.1677,76.1429,76.1429,10331
2026-08-29 13:21:00,76.1379,76.1578,76.1379,76.1512,12147
2026-08-29 13:22:00,76.1528,76.1727,76.1379,76.1727,12959
2026-08-29 13:23:00,76.1677,76.1776,76.1528,76.1776,13447
2026-08-29 13:24:00,76.1826,76.1975,76.1776,76.1975,10460
2026-08-29 13:25:00,76.1925,76.2173,76.1875,76.2173,18505
2026-08-29 13:26:00,76.2223,76.2273,76.1975,76.2124,12906
2026-08-29 13:27:00,76.2074,76.2171,76.1976,76.1976,6558
2026-08-29 13:28:00,76.2024,76.2173,76.1976,76.2124,11059
2026-08-29 13:29:00,76.2074,76.2173,76.2074,76.2084,11898
2026-08-29 13:30:00,76.2124,76.2273,76.2024,76.2124,24090
2026-08-29 13:31:00,76.2173,76.2372,76.2173,76.2322,11870
2026-08-29 13:32:00,76.2322,76.2372,76.2024,76.2074,27575
2026-08-29 13:33:00,76.2074,76.2173,76.2074,76.2124,7978
2026-08-29 13:34:00,76.2124,76.2124,76.1776,76.1925,22191
2026-08-29 13:35:00,76.1826,76.2173,76.1776,76.2124,8764
2026-08-29 13:36:00,76.2124,76.2372,76.2074,76.2372,13135
2026-08-29 13:37:00,76.2372,76.257,76.2173,76.257,31059
2026-08-29 13:38:00,76.2521,76.2769,76.2521,76.2769,12620
2026-08-29 13:39:00,76.2769,76.2769,76.262,76.2769,15065
2026-08-29 13:40:00,76.2769,76.3067,76.2769,76.2967,28458
2026-08-29 13:41:00,76.2967,76.3067,76.2967,76.2967,10415
2026-08-29 13:42:00,76.3017,76.3265,76.3017,76.3116,47801
2026-08-29 13:43:00,76.3116,76.3265,76.3067,76.3265,22826
2026-08-29 13:44:00,76.3364,76.3464,76.2967,76.3067,16047
2026-08-29 13:45:00,76.3066,76.3315,76.3017,76.3166,6997
2026-08-29 13:46:00,76.3265,76.3464,76.3265,76.3364,17356
2026-08-29 13:47:00,76.3315,76.3364,76.3116,76.3364,10223
2026-08-29 13:48:00,76.3364,76.3464,76.3265,76.3464,35802
2026-08-29 13:49:00,76.3464,76.3464,76.3265,76.332,8425
2026-08-29 13:50:00,76.3312,76.3429,76.3265,76.3315,13155
2026-08-29 13:51:00,76.3315,76.3315,76.2868,76.3017,15185
2026-08-29 13:52:00,76.3017,76.3265,76.3017,76.3166,10640
2026-08-29 13:53:00,76.3166,76.3265,76.3166,76.3216,7382
2026-08-29 13:54:00,76.3265,76.3364,76.3166,76.3327,11403
2026-08-29 13:55:00,76.3265,76.3315,76.3116,76.3265,14051
2026-08-29 13:56:00,76.3315,76.3563,76.3265,76.3265,40490
2026-08-29 13:57:00,76.3265,76.3325,76.3067,76.3103,17590
2026-08-29 13:58:00,76.3116,76.3166,76.2967,76.2967,11969
2026-08-29 13:59:00,76.2967,76.2967,76.2719,76.273,9335
2026-08-29 14:00:00,76.267,76.267,76.2173,76.2273,42930
2026-08-29 14:01:00,76.2173,76.267,76.2173,76.267,11395
2026-08-29 14:02:00,76.267,76.2719,76.2372,76.2372,13238
2026-08-29 14:03:00,76.2421,76.2421,76.2173,76.2223,19299
2026-08-29 14:04:00,76.2223,76.2372,76.2174,76.2273,12714
2026-08-29 14:05:00,76.2322,76.2471,76.2273,76.247,11787
2026-08-29 14:06:00,76.247,76.2818,76.247,76.267,20523
2026-08-29 14:07:00,76.267,76.3166,76.267,76.313,17456
2026-08-29 14:08:00,76.3116,76.3265,76.3067,76.3166,22774
2026-08-29 14:09:00,76.3216,76.3265,76.3017,76.3053,18510
2026-08-29 14:10:00,76.2967,76.3265,76.2967,76.3166,10216
2026-08-29 14:11:00,76.3166,76.3265,76.3067,76.3166,14367
2026-08-29 14:12:00,76.3216,76.3364,76.3067,76.3166,12391
2026-08-29 14:13:00,76.3077,76.3166,76.2967,76.3116,15690
2026-08-29 14:14:00,76.3114,76.3364,76.3114,76.3315,9671
2026-08-29 14:15:00,76.3364,76.3364,76.3166,76.3265,8941
2026-08-29 14:16:00,76.3243,76.3464,76.3243,76.3364,14595
2026-08-29 14:17:00,76.3364,76.3662,76.3315,76.3662,15523
2026-08-29 14:18:00,76.3662,76.3762,76.3364,76.3563,19252
2026-08-29 14:19:00,76.3562,76.3662,76.3562,76.3662,6526
2026-08-29 14:20:00,76.3629,76.3662,76.3563,76.3613,17966
2026-08-29 14:21:00,76.3613,76.3662,76.3513,76.3513,13228
2026-08-29 14:22:00,76.3613,76.3712,76.3414,76.3414,15518
2026-08-29 14:23:00,76.3464,76.3762,76.3414,76.3662,15516
2026-08-29 14:24:00,76.3762,76.396,76.3662,76.396,21456
2026-08-29 14:25:00,76.391,76.4258,76.391,76.4233,18599
2026-08-29 14:26:00,76.4258,76.4356,76.4159,76.4208,20328
2026-08-29 14:27:00,76.4257,76.4456,76.4109,76.4109,58817
2026-08-29 14:28:00,76.4157,76.4157,76.396,76.401,13590
2026-08-29 14:29:00,76.396,76.396,76.3712,76.3811,12871
2026-08-29 14:30:00,76.3811,76.401,76.3662,76.396,14832
2026-08-29 14:31:00,76.396,76.4059,76.3861,76.396,8948
2026-08-29 14:32:00,76.4059,76.4258,76.396,76.4109,55436
2026-08-29 14:33:00,76.4059,76.4556,76.4059,76.4556,18354
2026-08-29 14:34:00,76.4456,76.4705,76.4456,76.4605,14532
2026-08-29 14:35:00,76.4655,76.5052,76.4655,76.4804,22655
2026-08-29 14:36:00,76.4804,76.5052,76.4705,76.4804,31290
2026-08-29 14:37:00,76.4804,76.4953,76.4705,76.4903,7676
2026-08-29 14:38:00,76.4953,76.535,76.4953,76.5151,29754
2026-08-29 14:39:00,76.5052,76.5251,76.4953,76.4953,20762
2026-08-29 14:40:00,76.4903,76.5151,76.4853,76.5114,5123
2026-08-29 14:41:00,76.5102,76.535,76.5102,76.5102,23355
2026-08-29 14:42:00,76.5113,76.535,76.5052,76.53,24498
2026-08-29 14:43:00,76.5251,76.5348,76.5151,76.5251,10594
2026-08-29 14:44:00,76.53,76.5449,76.5174,76.5401,19558
2026-08-29 14:45:00,76.5449,76.5623,76.535,76.5399,33455
2026-08-29 14:46:00,76.5399,76.5448,76.5102,76.5102,15755
2026-08-29 14:47:00,76.5052,76.5151,76.4953,76.5002,13157
2026-08-29 14:48:00,76.5002,76.5399,76.4853,76.5399,19968
2026-08-29 14:49:00,76.5399,76.5648,76.5399,76.5648,13855
2026-08-29 14:50:00,76.5648,76.5697,76.5499,76.5548,29243
2026-08-29 14:51:00,76.5598,76.5896,76.5499,76.5648,25381
2026-08-29 14:52:00,76.5598,76.5697,76.5548,76.5548,11050
2026-08-29 14:53:00,76.5598,76.5697,76.545,76.5499,26744
2026-08-29 14:54:00,76.5548,76.5548,76.5251,76.5251,10579
2026-08-29 14:55:00,76.5293,76.53,76.4853,76.4853,26697
2026-08-29 14:56:00,76.4903,76.5002,76.4853,76.4853,10690
2026-08-29 14:57:00,76.4853,76.4953,76.4655,76.4705,25158
2026-08-29 14:58:00,76.4705,76.4953,76.4705,76.4953,22175
2026-08-29 14:59:00,76.4973,76.5151,76.4853,76.4953,22562
2026-08-29 15:00:00,76.5002,76.5102,76.4853,76.5052,22223
2026-08-29 15:01:00,76.5052,76.5151,76.4853,76.5151,29407
2026-08-29 15:02:00,76.5102,76.5548,76.5102,76.5548,27498
2026-08-29 15:03:00,76.5548,76.5747,76.5449,76.5499,39090
2026-08-29 15:04:00,76.5449,76.5499,76.4357,76.4486,76774
2026-08-29 15:05:00,76.4456,76.4605,76.4258,76.4258,29327
2026-08-29 15:06:00,76.4357,76.4804,76.4357,76.4804,23760
2026-08-29 15:07:00,76.4804,76.4953,76.4754,76.4953,21964
2026-08-29 15:08:00,76.5052,76.5251,76.4953,76.4954,18201
2026-08-29 15:09:00,76.5002,76.5201,76.4953,76.4953,19465
2026-08-29 15:10:00,76.5002,76.5151,76.4953,76.5002,19365
2026-08-29 15:11:00,76.5052,76.5201,76.4853,76.4903,26796
2026-08-29 15:12:00,76.4903,76.4953,76.4705,76.4754,23903
2026-08-29 15:13:00,76.4705,76.5151,76.4655,76.5151,21520
2026-08-29 15:14:00,76.5151,76.53,76.5052,76.5201,22609
2026-08-29 15:15:00,76.5251,76.535,76.5151,76.535,28946
2026-08-29 15:16:00,76.5251,76.5548,76.5251,76.55,39487
2026-08-29 15:17:00,76.5487,76.5548,76.535,76.5399,27422
2026-08-29 15:18:00,76.5389,76.5399,76.5052,76.53,31877
2026-08-29 15:19:00,76.53,76.5449,76.5251,76.53,19948
2026-08-29 15:20:00,76.535,76.5548,76.535,76.5399,26222
2026-08-29 15:21:00,76.535,76.5399,76.5251,76.5251,47764
2026-08-29 15:22:00,76.5251,76.5251,76.5002,76.5251,22855
2026-08-29 15:23:00,76.5201,76.5598,76.5201,76.5449,36009
2026-08-29 15:24:00,76.5499,76.5697,76.53,76.5399,22487
2026-08-29 15:25:00,76.535,76.5697,76.5201,76.5648,32266
2026-08-29 15:26:00,76.5648,76.5797,76.5499,76.5697,28649
2026-08-29 15:27:00,76.5658,76.6839,76.5658,76.6094,127216
2026-08-29 15:28:00,76.6082,76.6541,76.6045,76.6442,61405
2026-08-29 15:29:00,76.6392,76.664,76.6243,76.6392,42577
2026-08-29 15:30:00,76.6442,76.664,76.6194,76.6541,51304
2026-08-29 15:31:00,76.6491,76.6888,76.6491,76.6888,45077
2026-08-29 15:32:00,76.6938,76.7137,76.6591,76.6591,40756
2026-08-29 15:33:00,76.6541,76.6541,76.6045,76.6342,29321
2026-08-29 15:34:00,76.6392,76.6392,76.6045,76.6194,24856
2026-08-29 15:35:00,76.6194,76.674,76.6144,76.6591,33640
2026-08-29 15:36:00,76.6614,76.7037,76.6542,76.6938,30411
2026-08-29 15:37:00,76.6938,76.7335,76.6938,76.7137,45267
2026-08-29 15:38:00,76.7186,76.7385,76.7186,76.7186,32435
2026-08-29 15:39:00,76.7236,76.7236,76.6144,76.6392,90375
2026-08-29 15:40:00,76.6342,76.6442,76.5648,76.5896,60540
2026-08-29 15:41:00,76.5945,76.6591,76.5865,76.6591,48564
2026-08-29 15:42:00,76.6541,76.674,76.6342,76.6342,30909
2026-08-29 15:43:00,76.6342,76.6442,76.5995,76.6114,38490
2026-08-29 15:44:00,76.6094,76.6144,76.5747,76.5896,29125
2026-08-29 15:45:00,76.5846,76.5896,76.5449,76.5449,52295
2026-08-29 15:46:00,76.5499,76.5846,76.5399,76.5797,47591
2026-08-29 15:47:00,76.5797,76.5846,76.5548,76.5648,67579
2026-08-29 15:48:00,76.5548,76.5846,76.5548,76.5697,37568
2026-08-29 15:49:00,76.5697,76.674,76.5648,76.6739,95769
2026-08-29 15:50:00,76.674,76.8725,76.674,76.8527,149458
2026-08-29 15:51:00,76.8626,76.9072,76.8129,76.8278,148353
2026-08-29 15:52:00,76.8328,76.8427,76.7633,76.8278,102674
2026-08-29 15:53:00,76.8229,76.8526,76.7831,76.808,124586
2026-08-29 15:54:00,76.803,76.8328,76.7732,76.8129,162464
2026-08-29 15:55:00,76.8229,76.8328,76.7137,76.7385,148043
2026-08-29 15:56:00,76.7335,76.8129,76.7236,76.7782,164021
2026-08-29 15:57:00,76.7782,76.803,76.7683,76.7881,173308
2026-08-29 15:58:00,76.7881,76.7881,76.7037,76.7534,236888
2026-08-29 15:59:00,76.7534,76.7732,76.6442,76.6541,437806
