timestamp,open,high,low,close,volume
2026-06-30 09:30:00,201.02,202.38,200.85,201.9319,1469642
2026-06-30 09:31:00,201.95,203.53,201.9175,203.05,1206278
2026-06-30 09:32:00,203.05,203.73,202.9802,203.55,934013
2026-06-30 09:33:00,203.5812,203.78,203.21,203.655,850171
2026-06-30 09:34:00,203.6574,203.75,203.13,203.7,711645
2026-06-30 09:35:00,203.67,204.5699,203.39,204.45,1121235
2026-06-30 09:36:00,204.45,204.68,204.02,204.6444,880491
2026-06-30 09:37:00,204.64,205.0,204.33,204.913,939177
2026-06-30 09:38:00,204.91,205.36,204.87,205.16,1263048
2026-06-30 09:39:00,205.14,205.25,204.85,205.0,770673
2026-06-30 09:40:00,204.99,205.1,203.98,204.34,840708
2026-06-30 09:41:00,204.31,205.8,204.26,205.45,911929
2026-06-30 09:42:00,205.49,205.94,205.31,205.49,828313
2026-06-30 09:43:00,205.5,206.0,205.4401,205.72,511761
2026-06-30 09:44:00,205.7033,206.0,205.42,205.84,745026
2026-06-30 09:45:00,205.84,206.69,205.44,206.625,1093109
2026-06-30 09:46:00,206.67,207.55,206.55,206.82,1282143
2026-06-30 09:47:00,206.81,206.945,206.1,206.36,835623
2026-06-30 09:48:00,206.36,206.44,204.9201,205.468,868747
2026-06-30 09:49:00,205.4901,206.5,204.97,205.035,802329
2026-06-30 09:50:00,205.0799,205.3,204.2415,204.6,727665
2026-06-30 09:51:00,204.6,205.78,204.5775,205.78,626790
2026-06-30 09:52:00,205.745,206.0,205.27,205.4192,459616
2026-06-30 09:53:00,205.3725,206.67,205.3208,206.47,589292
2026-06-30 09:54:00,206.48,206.5,205.91,206.085,381629
2026-06-30 09:55:00,206.11,206.6,206.0,206.57,464218
2026-06-30 09:56:00,206.58,206.92,206.42,206.7924,518862
2026-06-30 09:57:00,206.77,206.95,201.0299,206.8195,418874
2026-06-30 09:58:00,206.7601,207.05,206.25,206.6898,622571
2026-06-30 09:59:00,206.66,206.75,205.84,206.25,491300
2026-06-30 10:00:00,206.25,207.3694,206.245,207.32,651254
2026-06-30 10:01:00,207.32,208.78,207.3,208.74,1322180
2026-06-30 10:02:00,208.72,208.82,208.18,208.56,711290
2026-06-30 10:03:00,208.564,208.564,207.98,208.08,564975
2026-06-30 10:04:00,208.09,208.47,208.02,208.115,427662
2026-06-30 10:05:00,208.14,208.15,207.6,207.7551,464772
2026-06-30 10:06:00,207.7217,207.95,207.1601,207.4699,442625
2026-06-30 10:07:00,207.46,208.0,207.17,207.9981,526775
2026-06-30 10:08:00,207.95,208.9,207.95,208.86,757144
2026-06-30 10:09:00,208.85,209.0,208.62,208.975,644915
2026-06-30 10:10:00,208.9501,209.05,208.41,208.72,711265
2026-06-30 10:11:00,208.72,208.7299,207.81,207.96,555022
2026-06-30 10:12:00,207.9687,208.73,207.95,208.655,521257
2026-06-30 10:13:00,208.72,208.81,208.1201,208.48,497422
2026-06-30 10:14:00,208.46,208.475,207.66,207.7601,447601
2026-06-30 10:15:00,207.7945,207.7945,206.89,207.03,700678
2026-06-30 10:16:00,207.04,208.32,206.99,207.81,677695
2026-06-30 10:17:00,207.805,208.08,207.6701,207.97,301269
2026-06-30 10:18:00,207.97,208.68,207.93,208.35,479425
2026-06-30 10:19:00,208.3305,208.75,208.1,208.67,388027
2026-06-30 10:20:00,208.67,209.45,208.64,209.1288,818538
2026-06-30 10:21:00,209.12,209.16,208.68,208.9729,517889
2026-06-30 10:22:00,208.9843,209.54,208.85,209.32,542315
2026-06-30 10:23:00,209.31,209.97,209.22,209.895,921241
2026-06-30 10:24:00,209.89,209.9288,208.83,208.87,485623
2026-06-30 10:25:00,208.85,209.2,208.7601,209.07,467076
2026-06-30 10:26:00,209.07,209.99,209.05,209.72,558336
2026-06-30 10:27:00,209.786,209.94,209.45,209.78,353697
2026-06-30 10:28:00,209.7701,210.0,209.7301,209.9899,531635
2026-06-30 10:29:00,209.9722,209.99,209.58,209.8,289914
2026-06-30 10:30:00,209.77,209.99,209.31,209.8993,485601
2026-06-30 10:31:00,209.89,210.7,209.88,210.691,1244245
2026-06-30 10:32:00,210.7,211.075,210.56,210.875,768210
2026-06-30 10:33:00,210.875,211.48,210.86,211.38,681700
2026-06-30 10:34:00,211.38,211.47,210.77,210.78,680435
2026-06-30 10:35:00,210.77,211.21,210.5,210.85,588122
2026-06-30 10:36:00,210.8571,211.55,210.82,211.395,507353
2026-06-30 10:37:00,211.3921,211.3999,210.38,210.4937,512077
2026-06-30 10:38:00,210.465,210.58,210.15,210.31,525297
2026-06-30 10:39:00,210.3149,210.35,209.43,209.5099,551433
2026-06-30 10:40:00,209.49,210.2899,209.26,210.21,609933
2026-06-30 10:41:00,210.2248,210.33,208.83,208.8674,627592
2026-06-30 10:42:00,208.8832,209.67,208.83,209.5708,348738
2026-06-30 10:43:00,209.58,209.9,209.45,209.48,368872
2026-06-30 10:44:00,209.48,210.42,209.48,210.16,411997
2026-06-30 10:45:00,210.16,210.28,209.63,209.7001,338471
2026-06-30 10:46:00,209.69,209.73,208.92,209.105,433163
2026-06-30 10:47:00,209.11,209.48,209.0,209.39,269460
2026-06-30 10:48:00,209.392,209.6,208.91,209.18,372398
2026-06-30 10:49:00,209.0997,209.1641,208.63,208.7,363482
2026-06-30 10:50:00,208.72,208.92,208.5,208.8555,358445
2026-06-30 10:51:00,208.855,209.8399,208.855,209.5839,486061
2026-06-30 10:52:00,209.5842,209.73,208.74,208.89,318554
2026-06-30 10:53:00,208.9153,208.9771,208.27,208.33,339533
2026-06-30 10:54:00,208.34,208.3799,207.78,207.795,584999
2026-06-30 10:55:00,207.8095,208.0273,207.65,207.955,377209
2026-06-30 10:56:00,207.955,208.78,207.955,208.68,427257
2026-06-30 10:57:00,208.65,208.9839,208.05,208.05,338349
2026-06-30 10:58:00,208.075,208.6,207.97,208.58,252955
2026-06-30 10:59:00,208.545,208.545,207.98,208.03,214881
2026-06-30 11:00:00,208.0,208.53,207.9438,208.3031,313063
2026-06-30 11:01:00,208.335,208.88,208.19,208.8286,306035
2026-06-30 11:02:00,208.81,209.4,208.1814,208.2938,461445
2026-06-30 11:03:00,208.2956,208.7125,208.1,208.5777,237028
2026-06-30 11:04:00,208.55,208.6965,208.32,208.5792,162720
2026-06-30 11:05:00,208.65,209.1198,208.57,208.935,334556
2026-06-30 11:06:00,208.9429,209.16,208.5,208.74,211420
2026-06-30 11:07:00,208.745,209.02,208.55,208.9845,173264
2026-06-30 11:08:00,208.9831,209.27,208.905,209.0346,306134
2026-06-30 11:09:00,209.1251,209.6398,208.952,209.368,400994
2026-06-30 11:10:00,209.37,209.7282,209.3,209.7197,299299
2026-06-30 11:11:00,209.73,210.2998,209.68,210.13,599261
2026-06-30 11:12:00,210.1456,210.24,209.48,209.5208,388306
2026-06-30 11:13:00,209.5,210.1899,209.36,210.16,298633
2026-06-30 11:14:00,210.155,210.6962,210.0203,210.635,451780
2026-06-30 11:15:00,210.63,210.63,210.05,210.16,298053
2026-06-30 11:16:00,210.15,210.15,209.91,210.11,222970
2026-06-30 11:17:00,210.1199,210.37,210.05,210.28,229725
2026-06-30 11:18:00,210.28,210.55,210.24,210.46,235770
2026-06-30 11:19:00,210.46,210.5,209.7562,210.0,291816
2026-06-30 11:20:00,209.99,210.1499,209.63,209.9704,258317
2026-06-30 11:21:00,209.99,210.04,209.52,209.55,168056
2026-06-30 11:22:00,209.5699,209.5775,208.782,208.9599,322382
2026-06-30 11:23:00,208.9564,209.35,208.9,209.17,235999
2026-06-30 11:24:00,209.1677,209.488,208.92,209.47,249782
2026-06-30 11:25:00,209.466,210.15,209.44,210.15,396983
2026-06-30 11:26:00,210.14,210.44,209.9504,210.37,317656
2026-06-30 11:27:00,210.35,210.94,210.31,210.875,421668
2026-06-30 11:28:00,210.89,210.93,210.6501,210.83,309200
2026-06-30 11:29:00,210.822,210.85,210.26,210.36,255599
2026-06-30 11:30:00,210.36,210.3766,209.91,209.94,244716
2026-06-30 11:31:00,209.9337,210.04,209.75,209.97,203176
2026-06-30 11:32:00,209.92,210.23,209.9,210.0987,216193
2026-06-30 11:33:00,210.0681,210.4765,209.9416,210.42,256882
2026-06-30 11:34:00,210.41,211.0,210.41,210.875,427055
2026-06-30 11:35:00,210.85,211.03,210.64,210.8368,365278
2026-06-30 11:36:00,210.8244,211.34,210.8244,211.16,370317
2026-06-30 11:37:00,211.16,211.1799,210.6743,210.91,367484
2026-06-30 11:38:00,210.845,211.07,210.655,210.68,259598
2026-06-30 11:39:00,210.665,210.969,210.55,210.8811,243474
2026-06-30 11:40:00,210.91,210.99,210.67,210.7298,182604
2026-06-30 11:41:00,210.73,211.0897,210.71,210.83,288675
2026-06-30 11:42:00,210.83,211.0299,210.44,210.69,272446
2026-06-30 11:43:00,210.68,210.68,210.3111,210.3111,193529
2026-06-30 11:44:00,210.3264,210.4899,209.93,210.0699,248224
2026-06-30 11:45:00,210.04,210.21,209.98,210.11,163477
2026-06-30 11:46:00,210.1199,210.2,209.85,209.9989,196759
2026-06-30 11:47:00,209.9909,210.09,209.8202,209.9153,170599
2026-06-30 11:48:00,209.926,210.19,209.82,210.155,198741
2026-06-30 11:49:00,210.17,210.25,209.92,210.01,154169
2026-06-30 11:50:00,210.01,210.33,210.0,210.23,199687
2026-06-30 11:51:00,210.24,210.24,209.517,209.74,268379
2026-06-30 11:52:00,209.74,209.95,209.44,209.4859,215308
2026-06-30 11:53:00,209.5,209.69,209.4,209.672,194741
2026-06-30 11:54:00,209.65,209.74,209.27,209.71,312867
2026-06-30 11:55:00,209.71,210.05,209.57,209.9828,253411
2026-06-30 11:56:00,209.985,210.1399,209.88,210.075,203952
2026-06-30 11:57:00,210.07,210.73,210.0401,210.71,304352
2026-06-30 11:58:00,210.72,210.8,210.4457,210.7,232600
2026-06-30 11:59:00,210.702,210.8969,210.6408,210.8784,193281
2026-06-30 12:00:00,210.86,211.15,210.7,210.965,442291
2026-06-30 12:01:00,210.9501,211.11,210.815,210.9404,198718
2026-06-30 12:02:00,210.935,211.0623,210.732,210.9189,207845
2026-06-30 12:03:00,210.9,211.0899,210.9,210.95,176587
2026-06-30 12:04:00,210.96,210.99,210.5,210.622,224564
2026-06-30 12:05:00,210.62,210.93,210.51,210.8288,161384
2026-06-30 12:06:00,210.81,210.93,210.5301,210.5901,148623
2026-06-30 12:07:00,210.6199,210.86,210.47,210.66,154877
2026-06-30 12:08:00,210.645,210.9462,210.5501,210.91,155720
2026-06-30 12:09:00,210.94,211.01,210.86,210.98,197255
2026-06-30 12:10:00,210.975,210.98,210.48,210.5899,188609
2026-06-30 12:11:00,210.57,210.82,210.36,210.4301,183944
2026-06-30 12:12:00,210.46,210.71,210.28,210.61,234638
2026-06-30 12:13:00,210.5966,210.71,210.3,210.33,141617
2026-06-30 12:14:00,210.3,210.31,209.95,210.0605,197271
2026-06-30 12:15:00,210.0891,210.24,209.86,210.24,176277
2026-06-30 12:16:00,210.2101,210.4199,210.14,210.2642,190361
2026-06-30 12:17:00,210.27,210.35,209.88,209.94,145931
2026-06-30 12:18:00,209.95,210.2,209.845,210.03,201918
2026-06-30 12:19:00,210.075,210.11,209.82,209.96,154576
2026-06-30 12:20:00,209.98,210.15,209.72,210.0399,205255
2026-06-30 12:21:00,210.0246,210.17,209.9222,210.051,118572
2026-06-30 12:22:00,210.0699,210.15,209.96,210.041,118631
2026-06-30 12:23:00,210.05,210.2,209.931,210.0,181120
2026-06-30 12:24:00,209.985,210.11,209.93,210.0899,125180
2026-06-30 12:25:00,210.06,210.5799,210.02,210.53,229104
2026-06-30 12:26:00,210.53,210.54,209.94,210.17,285072
2026-06-30 12:27:00,210.1896,210.47,210.11,210.445,131759
2026-06-30 12:28:00,210.4201,210.4615,209.98,210.0,164320
2026-06-30 12:29:00,210.02,210.28,209.98,210.25,155832
2026-06-30 12:30:00,210.22,210.2699,209.93,209.9572,167280
2026-06-30 12:31:00,209.98,210.47,209.87,210.375,227147
2026-06-30 12:32:00,210.38,210.43,210.29,210.3861,142422
2026-06-30 12:33:00,210.4001,210.41,210.08,210.13,127393
2026-06-30 12:34:00,210.1191,210.36,209.99,210.36,148265
2026-06-30 12:35:00,210.36,210.44,209.91,210.3092,240737
2026-06-30 12:36:00,210.3199,210.74,210.0401,210.6801,282212
2026-06-30 12:37:00,210.71,210.85,209.96,210.2,298177
2026-06-30 12:38:00,210.204,210.26,209.96,210.1,138309
2026-06-30 12:39:00,210.1299,210.3,209.9384,210.02,202121
2026-06-30 12:40:00,210.02,210.1499,209.8601,210.03,183410
2026-06-30 12:41:00,210.0504,210.2,209.94,210.0052,134661
2026-06-30 12:42:00,210.0048,210.12,209.88,210.06,128481
2026-06-30 12:43:00,210.07,210.2,209.96,210.0299,167476
2026-06-30 12:44:00,209.96,209.99,209.6,209.68,248527
2026-06-30 12:45:00,209.68,210.04,209.59,209.9332,151637
2026-06-30 12:46:00,209.9301,209.95,209.4001,209.42,183621
2026-06-30 12:47:00,209.43,209.7,209.43,209.55,124652
2026-06-30 12:48:00,209.58,210.02,209.5267,209.97,189441
2026-06-30 12:49:00,210.0,210.1,209.8,209.8114,200746
2026-06-30 12:50:00,209.83,210.2367,209.83,210.0699,200260
2026-06-30 12:51:00,210.055,210.2,209.7605,209.89,133230
2026-06-30 12:52:00,209.89,210.1799,209.84,210.1299,84272
2026-06-30 12:53:00,210.11,210.11,209.65,209.7173,115340
2026-06-30 12:54:00,209.72,209.8,209.41,209.78,223141
2026-06-30 12:55:00,209.7806,209.87,209.5,209.665,134181
2026-06-30 12:56:00,209.7313,209.88,209.66,209.7799,96546
2026-06-30 12:57:00,209.7455,209.8099,209.5801,209.77,115586
2026-06-30 12:58:00,209.77,209.87,209.6,209.6861,117732
2026-06-30 12:59:00,209.69,209.74,209.42,209.644,178978
2026-06-30 13:00:00,209.6573,209.8,209.59,209.73,114198
2026-06-30 13:01:00,209.745,209.84,209.34,209.3501,175986
2026-06-30 13:02:00,209.37,209.37,208.98,209.01,346594
2026-06-30 13:03:00,209.005,209.11,208.995,209.08,130144
2026-06-30 13:04:00,209.05,209.32,209.04,209.3124,129356
2026-06-30 13:05:00,209.29,209.5,209.26,209.31,169138
2026-06-30 13:06:00,209.2939,209.5,209.2,209.355,116557
2026-06-30 13:07:00,209.34,209.65,209.34,209.5616,143543
2026-06-30 13:08:00,209.5701,209.6289,209.35,209.51,102615
2026-06-30 13:09:00,209.5,209.69,209.4519,209.6,110850
2026-06-30 13:10:00,209.63,209.83,209.5001,209.8,125218
2026-06-30 13:11:00,209.78,210.0,209.5,209.9,258343
2026-06-30 13:12:00,209.88,210.05,209.8032,209.85,139184
2026-06-30 13:13:00,209.865,209.98,209.7,209.9699,86209
2026-06-30 13:14:00,209.95,210.0,209.8,209.895,96519
2026-06-30 13:15:00,209.9168,210.05,209.8,209.99,128982
2026-06-30 13:16:00,209.9745,210.0569,209.8,209.93,97428
2026-06-30 13:17:00,209.93,210.12,209.9036,209.9699,205050
2026-06-30 13:18:00,209.95,210.04,209.8024,210.04,102861
2026-06-30 13:19:00,210.0391,210.0895,209.8001,209.875,96576
2026-06-30 13:20:00,209.86,209.9532,209.6,209.63,120733
2026-06-30 13:21:00,209.63,209.86,209.6,209.86,78000
2026-06-30 13:22:00,209.85,209.94,209.5,209.63,130073
2026-06-30 13:23:00,209.63,209.63,209.0501,209.1547,185672
2026-06-30 13:24:00,209.14,209.41,209.0701,209.35,128781
2026-06-30 13:25:00,209.39,209.796,209.3725,209.796,158701
2026-06-30 13:26:00,209.7635,210.1299,209.7635,209.93,249865
2026-06-30 13:27:00,209.906,209.97,209.79,209.85,94964
2026-06-30 13:28:00,209.865,209.89,209.75,209.84,90282
2026-06-30 13:29:00,209.8327,209.9,209.61,209.7834,131318
2026-06-30 13:30:00,209.77,209.7999,209.54,209.7734,96067
2026-06-30 13:31:00,209.78,209.7852,209.37,209.6099,129120
2026-06-30 13:32:00,209.5801,209.64,209.32,209.37,107451
2026-06-30 13:33:00,209.34,209.42,209.15,209.3171,142310
2026-06-30 13:34:00,209.3299,209.5,209.2909,209.3878,99079
2026-06-30 13:35:00,209.385,209.41,209.1657,209.2746,97988
2026-06-30 13:36:00,209.25,209.72,209.22,209.6195,130950
2026-06-30 13:37:00,209.6101,209.63,209.1,209.22,139276
2026-06-30 13:38:00,209.1919,209.75,209.1919,209.49,178689
2026-06-30 13:39:00,209.4753,209.67,209.32,209.485,113057
2026-06-30 13:40:00,209.463,209.58,209.36,209.475,91652
2026-06-30 13:41:00,209.49,209.6,209.39,209.44,84813
2026-06-30 13:42:00,209.435,209.435,209.15,209.27,113367
2026-06-30 13:43:00,209.31,209.3543,209.1,209.23,144534
2026-06-30 13:44:00,209.25,209.345,209.08,209.12,108548
2026-06-30 13:45:00,209.12,209.4099,209.12,209.16,102821
2026-06-30 13:46:00,209.1401,209.3491,209.0,209.2801,183514
2026-06-30 13:47:00,209.2917,209.38,208.97,209.1149,204166
2026-06-30 13:48:00,209.1499,209.38,209.12,209.17,136622
2026-06-30 13:49:00,209.168,209.37,209.04,209.32,134608
2026-06-30 13:50:00,209.32,209.69,209.29,209.64,209060
2026-06-30 13:51:00,209.64,209.94,209.56,209.91,237987
2026-06-30 13:52:00,209.9,210.23,209.82,210.21,365704
2026-06-30 13:53:00,210.2112,210.52,210.2,210.455,342932
2026-06-30 13:54:00,210.455,210.59,210.4,210.475,191072
2026-06-30 13:55:00,210.47,210.78,210.41,210.77,300365
2026-06-30 13:56:00,210.77,210.87,210.62,210.82,310677
2026-06-30 13:57:00,210.83,210.85,210.68,210.82,180352
2026-06-30 13:58:00,210.82,210.8879,210.73,210.7761,210810
2026-06-30 13:59:00,210.7881,210.83,210.7,210.7801,156688
2026-06-30 14:00:00,210.78,210.8799,210.73,210.8683,168754
2026-06-30 14:01:00,210.87,211.18,210.8,211.17,501384
2026-06-30 14:02:00,211.1601,212.2699,211.1601,212.2001,1064705
2026-06-30 14:03:00,212.2177,212.2199,211.75,211.94,413356
2026-06-30 14:04:00,211.9,211.96,211.71,211.89,247127
2026-06-30 14:05:00,211.8918,212.2,211.79,212.04,376617
2026-06-30 14:06:00,212.03,212.43,211.89,212.415,452780
2026-06-30 14:07:00,212.4101,212.59,212.26,212.315,517974
2026-06-30 14:08:00,212.3,212.67,212.3,212.49,382113
2026-06-30 14:09:00,212.47,212.55,212.3,212.478,267040
2026-06-30 14:10:00,212.4784,212.87,212.3,212.8282,415778
2026-06-30 14:11:00,212.82,212.83,212.64,212.7799,275808
2026-06-30 14:12:00,212.78,212.94,212.7,212.937,297156
2026-06-30 14:13:00,212.9386,212.99,212.48,212.5701,480875
2026-06-30 14:14:00,212.5947,213.19,212.59,213.01,606357
2026-06-30 14:15:00,213.02,213.23,212.89,213.095,357903
2026-06-30 14:16:00,213.0946,213.14,212.72,213.11,393259
2026-06-30 14:17:00,213.1084,213.19,212.78,212.8799,230499
2026-06-30 14:18:00,212.86,213.0,212.8,212.98,155599
2026-06-30 14:19:00,212.9622,213.19,201.0,213.175,208330
2026-06-30 14:20:00,213.1829,213.2,212.88,212.9701,246994
2026-06-30 14:21:00,212.91,213.19,212.91,213.19,216946
2026-06-30 14:22:00,213.1935,213.21,212.57,212.735,328369
2026-06-30 14:23:00,212.74,212.74,212.52,212.72,221046
2026-06-30 14:24:00,212.71,212.8599,212.53,212.59,190694
2026-06-30 14:25:00,212.62,212.7,212.42,212.4404,217100
2026-06-30 14:26:00,212.44,212.5898,212.31,212.4429,235451
2026-06-30 14:27:00,212.44,212.53,212.12,212.3138,321067
2026-06-30 14:28:00,212.34,212.3799,212.05,212.0617,221488
2026-06-30 14:29:00,212.0638,212.2665,212.04,212.1799,206186
2026-06-30 14:30:00,212.17,212.3,212.03,212.13,152747
2026-06-30 14:31:00,212.12,212.41,212.1,212.36,216032
2026-06-30 14:32:00,212.37,212.43,212.1195,212.36,200294
2026-06-30 14:33:00,212.3499,212.55,212.21,212.525,184970
2026-06-30 14:34:00,212.465,212.84,212.3923,212.8101,344882
2026-06-30 14:35:00,212.81,212.87,212.4,212.747,313861
2026-06-30 14:36:00,212.745,212.75,212.23,212.32,219193
2026-06-30 14:37:00,212.324,212.324,212.01,212.0684,237483
2026-06-30 14:38:00,212.05,212.3,212.03,212.18,159724
2026-06-30 14:39:00,212.18,212.1891,211.91,212.09,282141
2026-06-30 14:40:00,212.09,212.288,212.01,212.266,148858
2026-06-30 14:41:00,212.27,212.429,212.08,212.1999,219417
2026-06-30 14:42:00,212.1807,212.3199,211.8501,212.0488,213412
2026-06-30 14:43:00,212.04,212.22,211.97,212.19,141790
2026-06-30 14:44:00,212.2059,212.22,211.9542,212.0299,123503
2026-06-30 14:45:00,211.99,212.07,211.88,211.908,133679
2026-06-30 14:46:00,211.905,211.99,211.7,211.735,224748
2026-06-30 14:47:00,211.72,211.88,211.63,211.724,189909
2026-06-30 14:48:00,211.744,211.7599,211.61,211.6947,150643
2026-06-30 14:49:00,211.682,211.85,211.53,211.7728,185908
2026-06-30 14:50:00,211.78,211.94,211.63,211.65,201433
2026-06-30 14:51:00,211.645,211.8697,211.49,211.625,201808
2026-06-30 14:52:00,211.625,211.6377,211.3602,211.48,184163
2026-06-30 14:53:00,211.5,211.58,211.26,211.558,243630
2026-06-30 14:54:00,211.5628,211.59,211.285,211.4401,170169
2026-06-30 14:55:00,211.44,211.5,211.13,211.1848,278279
2026-06-30 14:56:00,211.195,211.48,211.16,211.216,213326
2026-06-30 14:57:00,211.22,211.2399,211.02,211.05,183843
2026-06-30 14:58:00,211.04,211.11,210.8601,211.08,315134
2026-06-30 14:59:00,211.055,211.46,211.02,211.34,243802
2026-06-30 15:00:00,211.3401,211.4099,211.0,211.063,203011
2026-06-30 15:01:00,211.0601,211.075,210.82,210.88,241274
2026-06-30 15:02:00,210.87,211.0,210.5,210.555,401309
2026-06-30 15:03:00,210.5699,210.84,210.56,210.5835,242467
2026-06-30 15:04:00,210.5702,210.7,210.36,210.5311,323803
2026-06-30 15:05:00,210.57,211.1,210.5458,210.86,384510
2026-06-30 15:06:00,210.88,211.07,210.27,210.44,378820
2026-06-30 15:07:00,210.4359,210.55,209.96,210.33,466687
2026-06-30 15:08:00,210.36,210.57,210.24,210.5,248295
2026-06-30 15:09:00,210.49,210.59,210.25,210.32,183403
2026-06-30 15:10:00,210.3462,210.4,210.17,210.28,153395
2026-06-30 15:11:00,210.3,210.32,209.9,209.91,298404
2026-06-30 15:12:00,209.92,210.0,209.6,209.775,355161
2026-06-30 15:13:00,209.775,209.98,209.65,209.875,278362
2026-06-30 15:14:00,209.875,210.1,209.8601,209.93,259405
2026-06-30 15:15:00,209.92,210.11,209.85,210.0951,166502
2026-06-30 15:16:00,210.096,210.3188,209.98,210.2168,304508
2026-06-30 15:17:00,210.23,210.55,210.2001,210.4499,278366
2026-06-30 15:18:00,210.42,210.48,210.34,210.455,170977
2026-06-30 15:19:00,210.46,210.66,210.41,210.65,206304
2026-06-30 15:20:00,210.65,210.678,210.4,210.6195,240427
2026-06-30 15:21:00,210.605,210.78,210.4,210.7579,305049
2026-06-30 15:22:00,210.75,210.77,210.0,210.0623,387861
2026-06-30 15:23:00,210.04,210.615,210.016,210.46,330988
2026-06-30 15:24:00,210.475,210.6829,210.42,210.55,241067
2026-06-30 15:25:00,210.5699,210.74,210.37,210.65,246555
2026-06-30 15:26:00,210.6553,210.6699,209.82,209.82,365761
2026-06-30 15:27:00,209.8,210.11,209.77,210.05,240243
2026-06-30 15:28:00,210.05,210.27,209.92,210.23,227048
2026-06-30 15:29:00,210.23,210.7,210.1918,210.628,262192
2026-06-30 15:30:00,210.6108,210.6599,210.36,210.41,179237
2026-06-30 15:31:00,210.415,210.56,210.35,210.3763,140109
2026-06-30 15:32:00,210.375,210.47,210.22,210.29,170981
2026-06-30 15:33:00,210.27,210.6599,210.24,210.626,233543
2026-06-30 15:34:00,210.6217,211.25,210.6,211.2014,492327
2026-06-30 15:35:00,211.21,211.4199,211.21,211.4199,283968
2026-06-30 15:36:00,211.42,211.55,211.3,211.548,405075
2026-06-30 15:37:00,211.52,212.049,211.45,211.8461,593401
2026-06-30 15:38:00,211.81,211.96,211.5503,211.926,310044
2026-06-30 15:39:00,211.91,211.95,211.27,211.352,370774
2026-06-30 15:40:00,211.36,211.7299,211.22,211.57,400812
2026-06-30 15:41:00,211.585,211.6,211.27,211.3,219789
2026-06-30 15:42:00,211.31,211.64,211.25,211.4918,292286
2026-06-30 15:43:00,211.51,211.5134,211.29,211.39,158109
2026-06-30 15:44:00,211.39,211.49,211.02,211.09,309413
2026-06-30 15:45:00,211.08,211.17,210.645,210.73,396545
2026-06-30 15:46:00,210.7203,211.03,210.56,210.5799,331177
2026-06-30 15:47:00,210.56,210.58,210.15,210.205,277402
2026-06-30 15:48:00,210.2199,210.2199,209.9,209.9383,400194
2026-06-30 15:49:00,209.93,210.18,209.88,209.955,306822
2026-06-30 15:50:00,209.96,210.49,209.96,210.075,380709
2026-06-30 15:51:00,210.0601,210.95,210.06,210.91,427901
2026-06-30 15:52:00,210.93,210.93,210.35,210.812,379555
2026-06-30 15:53:00,210.83,210.84,210.41,210.7156,263191
2026-06-30 15:54:00,210.715,210.715,210.33,210.36,246050
2026-06-30 15:55:00,210.28,210.32,209.66,209.8207,544669
2026-06-30 15:56:00,209.84,210.345,209.79,209.958,432985
2026-06-30 15:57:00,209.93,210.1,209.72,209.77,350605
2026-06-30 15:58:00,209.77,209.77,209.4,209.43,452411
2026-06-30 15:59:00,209.43,210.55,209.32,209.8601,1232454
2026-07-01 09:30:00,218.89,221.2,218.1501,221.13,3810631
2026-07-01 09:31:00,221.1373,221.5,218.39,218.972,2024529
2026-07-01 09:32:00,218.89,219.69,218.06,218.755,1381657
2026-07-01 09:33:00,218.81,220.6,218.71,219.19,1277199
2026-07-01 09:34:00,219.14,220.7699,218.66,220.75,1090873
2026-07-01 09:35:00,220.6801,220.85,219.72,220.65,1182408
2026-07-01 09:36:00,220.62,221.15,219.86,219.86,1216110
2026-07-01 09:37:00,219.87,221.48,219.6,220.9591,1264900
2026-07-01 09:38:00,220.91,221.5,219.82,219.9,968831
2026-07-01 09:39:00,219.94,220.22,219.11,219.35,878609
2026-07-01 09:40:00,219.3,219.54,218.93,219.13,861148
2026-07-01 09:41:00,219.13,219.91,219.03,219.535,642772
2026-07-01 09:42:00,219.5295,220.69,219.43,220.4679,875717
2026-07-01 09:43:00,220.46,220.98,219.93,220.65,754343
2026-07-01 09:44:00,220.6419,221.8,220.58,221.2726,1312713
2026-07-01 09:45:00,221.2601,221.41,220.12,220.68,885278
2026-07-01 09:46:00,220.68,221.2699,220.57,221.04,558742
2026-07-01 09:47:00,221.0491,221.92,220.84,221.69,998129
2026-07-01 09:48:00,221.6619,222.75,221.52,222.6118,1345156
2026-07-01 09:49:00,222.614,222.87,222.16,222.3504,991932
2026-07-01 09:50:00,222.35,222.59,221.95,222.3694,936676
2026-07-01 09:51:00,222.35,223.55,221.98,223.44,1510485
2026-07-01 09:52:00,223.4283,224.1,218.8623,223.94,1274650
2026-07-01 09:53:00,223.9604,224.76,223.761,224.68,1403476
2026-07-01 09:54:00,224.6601,225.63,224.55,225.62,1948788
2026-07-01 09:55:00,225.63,225.66,224.33,224.42,1444875
2026-07-01 09:56:00,224.44,224.6899,218.78,224.621,1042099
2026-07-01 09:57:00,224.6448,224.75,224.0322,224.1017,766596
2026-07-01 09:58:00,224.11,224.5,224.02,224.435,597812
2026-07-01 09:59:00,224.445,224.53,224.1,224.185,450021
2026-07-01 10:00:00,224.185,224.73,223.89,224.4083,845612
2026-07-01 10:01:00,224.36,225.44,224.15,225.02,1002451
2026-07-01 10:02:00,225.15,225.2,224.45,225.2,588045
2026-07-01 10:03:00,225.1999,226.0,225.15,225.6282,1051607
2026-07-01 10:04:00,225.6299,226.07,225.46,225.96,826303
2026-07-01 10:05:00,225.9548,226.5,225.85,226.1392,970848
2026-07-01 10:06:00,226.13,226.18,225.57,226.0456,761490
2026-07-01 10:07:00,226.06,226.4499,225.92,226.385,617523
2026-07-01 10:08:00,226.3713,227.15,226.13,227.0685,1190468
2026-07-01 10:09:00,227.0301,227.72,226.93,227.65,1035558
2026-07-01 10:10:00,227.6301,227.7406,226.3,226.34,1420066
2026-07-01 10:11:00,226.32,226.7,226.03,226.31,884690
2026-07-01 10:12:00,226.32,226.4,225.47,225.6402,917864
2026-07-01 10:13:00,225.6297,227.195,225.57,226.445,661272
2026-07-01 10:14:00,226.45,227.45,226.41,226.95,930604
2026-07-01 10:15:00,226.94,227.2,226.6,227.16,663061
2026-07-01 10:16:00,227.17,227.45,226.6103,226.85,733033
2026-07-01 10:17:00,226.8607,227.4,226.6475,227.22,592721
2026-07-01 10:18:00,227.22,227.38,226.5,227.32,648582
2026-07-01 10:19:00,227.305,227.86,226.94,227.72,972183
2026-07-01 10:20:00,227.7499,228.38,227.7,228.125,1361171
2026-07-01 10:21:00,228.12,228.25,227.4,227.55,739225
2026-07-01 10:22:00,227.55,228.06,227.46,228.06,667634
2026-07-01 10:23:00,228.06,228.07,227.35,227.63,659615
2026-07-01 10:24:00,227.63,227.67,227.09,227.5499,686345
2026-07-01 10:25:00,227.5119,228.21,227.4001,228.08,691898
2026-07-01 10:26:00,228.08,228.2,227.6401,227.925,641155
2026-07-01 10:27:00,227.9001,228.68,227.9001,228.558,905413
2026-07-01 10:28:00,228.56,228.88,228.03,228.84,779196
2026-07-01 10:29:00,228.8464,229.55,228.74,229.44,1261887
2026-07-01 10:30:00,229.435,229.87,229.34,229.81,1000398
2026-07-01 10:31:00,229.8,230.29,229.78,229.97,1955709
2026-07-01 10:32:00,229.9692,230.49,229.8201,230.0132,1136578
2026-07-01 10:33:00,230.03,230.1329,229.5,229.67,941252
2026-07-01 10:34:00,229.67,230.19,229.33,230.035,915357
2026-07-01 10:35:00,230.03,230.92,230.02,230.7911,1077719
2026-07-01 10:36:00,230.8,231.15,230.44,231.1282,1065859
2026-07-01 10:37:00,231.1355,231.14,230.74,230.95,744674
2026-07-01 10:38:00,230.96,230.9799,229.92,230.12,1042692
2026-07-01 10:39:00,230.1299,230.14,229.41,229.57,851390
2026-07-01 10:40:00,229.595,230.42,229.06,229.0911,1048999
2026-07-01 10:41:00,229.12,229.46,228.71,228.7801,842862
2026-07-01 10:42:00,228.81,229.07,228.59,228.73,754257
2026-07-01 10:43:00,228.725,229.2,228.61,228.835,699959
2026-07-01 10:44:00,228.855,229.43,228.65,228.9699,725989
2026-07-01 10:45:00,228.935,228.97,228.6,228.86,437772
2026-07-01 10:46:00,228.845,229.2581,228.4,228.5701,704344
2026-07-01 10:47:00,228.58,228.69,227.7248,228.21,1114898
2026-07-01 10:48:00,228.2199,228.28,228.0101,228.2,489905
2026-07-01 10:49:00,228.2124,228.28,227.56,227.85,667038
2026-07-01 10:50:00,227.86,228.49,227.82,228.195,659585
2026-07-01 10:51:00,228.2125,228.3,227.6,227.84,488342
2026-07-01 10:52:00,227.85,227.9,227.35,227.765,624415
2026-07-01 10:53:00,227.77,228.53,227.46,228.44,992244
2026-07-01 10:54:00,228.43,228.43,227.82,228.135,422259
2026-07-01 10:55:00,228.12,228.25,227.76,228.06,449598
2026-07-01 10:56:00,228.065,228.18,227.88,228.05,326833
2026-07-01 10:57:00,228.055,228.69,228.02,228.56,593093
2026-07-01 10:58:00,228.58,228.6,227.64,227.64,602711
2026-07-01 10:59:00,227.66,227.78,227.25,227.37,700235
2026-07-01 11:00:00,227.37,227.87,227.3,227.8,541989
2026-07-01 11:01:00,227.82,228.09,227.69,227.8099,473763
2026-07-01 11:02:00,227.78,228.0699,227.7,227.97,334736
2026-07-01 11:03:00,228.025,228.025,227.53,227.9499,335002
2026-07-01 11:04:00,227.92,228.37,227.92,228.17,508663
2026-07-01 11:05:00,228.1855,228.45,228.175,228.3043,389387
2026-07-01 11:06:00,228.31,228.94,228.06,228.91,692332
2026-07-01 11:07:00,228.93,229.1,228.58,228.645,622611
2026-07-01 11:08:00,228.66,228.74,228.132,228.1909,466634
2026-07-01 11:09:00,228.2,228.6,227.87,228.31,558296
2026-07-01 11:10:00,228.295,228.34,227.52,227.53,601547
2026-07-01 11:11:00,227.52,227.75,227.31,227.73,464847
2026-07-01 11:12:00,227.75,228.29,227.55,228.2085,439687
2026-07-01 11:13:00,228.2001,228.25,227.84,227.97,329524
2026-07-01 11:14:00,227.985,228.399,227.81,228.335,320725
2026-07-01 11:15:00,228.3429,229.08,228.3101,228.915,810153
2026-07-01 11:16:00,228.915,229.0,228.69,228.93,383274
2026-07-01 11:17:00,228.942,229.17,228.81,229.035,512888
2026-07-01 11:18:00,229.035,229.37,228.86,229.305,471865
2026-07-01 11:19:00,229.305,229.34,228.98,228.985,346153
2026-07-01 11:20:00,229.0,229.27,228.36,228.775,576346
2026-07-01 11:21:00,228.77,228.85,228.3,228.71,369384
2026-07-01 11:22:00,228.72,228.99,228.51,228.98,328212
2026-07-01 11:23:00,228.99,229.3999,228.94,229.14,518378
2026-07-01 11:24:00,229.12,229.97,229.12,229.82,708771
2026-07-01 11:25:00,229.83,229.9,229.47,229.63,443557
2026-07-01 11:26:00,229.68,229.9,229.59,229.6799,2369164
2026-07-01 11:27:00,229.65,229.77,229.3206,229.5694,394577
2026-07-01 11:28:00,229.5737,229.76,229.44,229.6775,293328
2026-07-01 11:29:00,229.7,229.8899,229.435,229.581,397718
2026-07-01 11:30:00,229.5899,229.86,229.412,229.77,338048
2026-07-01 11:31:00,229.7699,229.77,229.26,229.27,410404
2026-07-01 11:32:00,229.28,229.32,228.8,229.05,482811
2026-07-01 11:33:00,229.07,229.15,228.43,228.76,446415
2026-07-01 11:34:00,228.765,228.78,228.46,228.63,295589
2026-07-01 11:35:00,228.6001,228.97,228.37,228.95,404412
2026-07-01 11:36:00,228.9512,229.45,228.92,229.0701,521480
2026-07-01 11:37:00,229.1052,229.1099,228.6,228.76,390690
2026-07-01 11:38:00,228.7319,228.83,228.13,228.44,468940
2026-07-01 11:39:00,228.45,228.73,228.3866,228.6799,301254
2026-07-01 11:40:00,228.66,229.0799,228.54,228.94,366039
2026-07-01 11:41:00,228.9301,228.96,228.48,228.8896,265271
2026-07-01 11:42:00,228.875,229.07,228.61,228.83,351542
2026-07-01 11:43:00,228.83,228.95,228.43,228.8164,299792
2026-07-01 11:44:00,228.81,229.07,228.55,228.93,348627
2026-07-01 11:45:00,228.96,228.99,228.65,228.875,230094
2026-07-01 11:46:00,228.903,228.98,228.5401,228.94,276592
2026-07-01 11:47:00,228.935,229.38,228.93,229.125,435681
2026-07-01 11:48:00,229.121,229.3299,228.8,228.885,485949
2026-07-01 11:49:00,228.9099,229.0,228.6518,228.985,272236
2026-07-01 11:50:00,229.0,229.24,228.9,229.1,270130
2026-07-01 11:51:00,229.07,229.61,229.0565,229.5099,590423
2026-07-01 11:52:00,229.52,229.64,229.38,229.4826,354057
2026-07-01 11:53:00,229.47,229.6153,229.23,229.32,306106
2026-07-01 11:54:00,229.3591,229.5,228.91,229.06,347399
2026-07-01 11:55:00,229.07,229.07,228.33,228.5134,406912
2026-07-01 11:56:00,228.5,228.62,227.76,228.0114,601433
2026-07-01 11:57:00,228.03,228.38,227.9201,228.09,335015
2026-07-01 11:58:00,228.1,228.25,227.92,228.22,299267
2026-07-01 11:59:00,228.23,228.29,227.64,227.81,402963
2026-07-01 12:00:00,227.8199,227.9499,227.35,227.35,456848
2026-07-01 12:01:00,227.35,227.39,226.82,227.18,693050
2026-07-01 12:02:00,227.16,227.6,227.02,227.51,444515
2026-07-01 12:03:00,227.5099,227.69,227.34,227.43,319532
2026-07-01 12:04:00,227.44,227.83,227.27,227.7901,337506
2026-07-01 12:05:00,227.79,228.2,227.62,228.07,506233
2026-07-01 12:06:00,228.07,228.23,227.9481,228.055,247441
2026-07-01 12:07:00,228.0683,228.14,227.725,227.7601,266762
2026-07-01 12:08:00,227.81,228.14,227.65,228.02,269696
2026-07-01 12:09:00,228.02,228.03,227.7,227.7261,191706
2026-07-01 12:10:00,227.73,227.76,227.31,227.54,499928
2026-07-01 12:11:00,227.56,227.7699,227.31,227.47,278885
2026-07-01 12:12:00,227.49,227.99,227.3201,227.9199,293989
2026-07-01 12:13:00,227.95,228.13,227.6872,227.729,308741
2026-07-01 12:14:00,227.7113,227.92,227.5501,227.9,160275
2026-07-01 12:15:00,227.9,228.66,227.8601,228.45,616638
2026-07-01 12:16:00,228.41,228.63,228.37,228.59,241705
2026-07-01 12:17:00,228.62,228.63,228.4,228.401,219350
2026-07-01 12:18:00,228.44,228.56,228.2,228.5458,279852
2026-07-01 12:19:00,228.54,228.66,228.33,228.65,239492
2026-07-01 12:20:00,228.65,228.67,228.4148,228.47,186130
2026-07-01 12:21:00,228.5,228.65,228.45,228.535,169998
2026-07-01 12:22:00,228.535,228.6013,228.31,228.4599,183592
2026-07-01 12:23:00,228.43,228.43,227.99,228.15,266391
2026-07-01 12:24:00,228.16,228.65,228.0625,228.61,295987
2026-07-01 12:25:00,228.62,228.85,228.3511,228.595,397279
2026-07-01 12:26:00,228.62,229.1375,228.6,228.8623,324892
2026-07-01 12:27:00,228.8587,229.7683,228.835,229.1524,425360
2026-07-01 12:28:00,229.15,229.2,228.96,229.0894,286151
2026-07-01 12:29:00,229.08,229.15,228.91,229.0229,267360
2026-07-01 12:30:00,229.0396,229.18,228.98,229.09,297876
2026-07-01 12:31:00,229.085,229.43,229.03,229.37,316477
2026-07-01 12:32:00,229.36,229.45,229.2801,229.4,253783
2026-07-01 12:33:00,229.39,229.53,229.26,229.45,446348
2026-07-01 12:34:00,229.46,229.48,229.23,229.37,223602
2026-07-01 12:35:00,229.4,229.4699,229.01,229.22,285440
2026-07-01 12:36:00,229.25,229.5,229.1756,229.1756,223651
2026-07-01 12:37:00,229.2,229.28,229.01,229.14,211475
2026-07-01 12:38:00,229.16,229.205,228.93,229.0363,234930
2026-07-01 12:39:00,229.04,229.16,229.0,229.0101,143273
2026-07-01 12:40:00,229.03,229.5499,229.0,229.545,403770
2026-07-01 12:41:00,229.54,229.84,228.71,228.74,611734
2026-07-01 12:42:00,228.7487,229.19,228.7,228.92,273292
2026-07-01 12:43:00,228.9,229.01,228.7,228.7852,319655
2026-07-01 12:44:00,228.8199,229.03,228.69,228.975,221171
2026-07-01 12:45:00,228.98,229.19,228.7,229.07,342856
2026-07-01 12:46:00,229.06,229.1,228.87,228.97,156964
2026-07-01 12:47:00,229.0,229.145,228.82,229.06,205337
2026-07-01 12:48:00,229.05,229.07,228.78,228.88,160015
2026-07-01 12:49:00,228.8983,229.21,228.44,229.19,453425
2026-07-01 12:50:00,229.19,229.45,229.09,229.2,412113
2026-07-01 12:51:00,229.1953,229.2099,228.74,228.7799,305353
2026-07-01 12:52:00,228.76,228.94,228.5717,228.7319,216922
2026-07-01 12:53:00,228.74,228.7799,228.62,228.6899,112884
2026-07-01 12:54:00,228.66,228.91,228.59,228.91,216864
2026-07-01 12:55:00,228.895,229.2,228.81,228.9995,219180
2026-07-01 12:56:00,228.975,229.17,228.89,229.075,168861
2026-07-01 12:57:00,229.07,229.08,228.87,229.01,160842
2026-07-01 12:58:00,228.99,229.18,228.97,229.0599,179692
2026-07-01 12:59:00,229.07,229.13,228.94,229.09,146249
2026-07-01 13:00:00,229.08,229.31,229.0,229.2086,231555
2026-07-01 13:01:00,229.178,229.2303,228.82,229.06,222245
2026-07-01 13:02:00,229.065,229.13,228.77,228.945,127401
2026-07-01 13:03:00,228.94,229.0,228.72,228.84,144701
2026-07-01 13:04:00,228.86,228.9,228.61,228.8883,161362
2026-07-01 13:05:00,228.8559,229.0693,228.75,228.85,186462
2026-07-01 13:06:00,228.84,228.97,228.72,228.8876,120477
2026-07-01 13:07:00,228.91,229.27,228.87,228.915,282423
2026-07-01 13:08:00,228.915,228.935,228.6212,228.92,224368
2026-07-01 13:09:00,228.92,229.09,228.82,229.03,181346
2026-07-01 13:10:00,229.03,229.03,228.81,228.9201,121496
2026-07-01 13:11:00,228.92,229.16,228.82,229.06,168995
2026-07-01 13:12:00,229.075,229.22,228.93,229.2118,221928
2026-07-01 13:13:00,229.23,229.34,229.0,229.0901,240093
2026-07-01 13:14:00,229.1101,229.12,228.86,228.95,172274
2026-07-01 13:15:00,228.97,229.0266,228.65,228.7699,250332
2026-07-01 13:16:00,228.75,229.0,228.3,228.3101,330209
2026-07-01 13:17:00,228.33,228.36,228.15,228.16,236318
2026-07-01 13:18:00,228.175,228.32,228.14,228.2,228754
2026-07-01 13:19:00,228.2168,228.3946,228.02,228.218,357799
2026-07-01 13:20:00,228.24,228.39,228.12,228.21,203082
2026-07-01 13:21:00,228.22,228.27,227.8763,228.04,291684
2026-07-01 13:22:00,228.05,228.16,227.7,227.9577,238482
2026-07-01 13:23:00,227.9436,228.12,227.83,228.05,190158
2026-07-01 13:24:00,228.079,228.2699,228.03,228.185,181060
2026-07-01 13:25:00,228.24,228.29,228.04,228.042,160064
2026-07-01 13:26:00,228.05,228.08,227.9,227.96,217908
2026-07-01 13:27:00,227.98,227.98,227.57,227.72,278302
2026-07-01 13:28:00,227.725,227.85,227.5901,227.8199,185011
2026-07-01 13:29:00,227.795,227.81,227.23,227.34,419488
2026-07-01 13:30:00,227.36,227.54,227.16,227.215,313267
2026-07-01 13:31:00,227.2,227.25,227.01,227.1101,344636
2026-07-01 13:32:00,227.13,227.18,226.72,226.7401,446848
2026-07-01 13:33:00,226.75,227.23,226.68,227.05,391346
2026-07-01 13:34:00,227.09,227.14,227.02,227.09,191345
2026-07-01 13:35:00,227.09,227.13,226.72,226.9076,284849
2026-07-01 13:36:00,226.9001,226.98,226.43,226.555,349977
2026-07-01 13:37:00,226.5486,226.96,226.13,226.95,587306
2026-07-01 13:38:00,226.91,226.9199,226.36,226.735,368902
2026-07-01 13:39:00,226.73,226.77,226.23,226.3,340959
2026-07-01 13:40:00,226.32,226.41,226.07,226.1588,300371
2026-07-01 13:41:00,226.135,226.34,225.87,225.8937,478032
2026-07-01 13:42:00,225.895,226.8,225.87,226.55,628778
2026-07-01 13:43:00,226.55,226.7485,226.35,226.58,297458
2026-07-01 13:44:00,226.58,226.71,226.37,226.525,270648
2026-07-01 13:45:00,226.525,226.78,226.4,226.655,247383
2026-07-01 13:46:00,226.655,226.7899,226.14,226.33,391443
2026-07-01 13:47:00,226.345,227.23,226.02,227.1133,664066
2026-07-01 13:48:00,227.13,227.2,226.81,226.925,288528
2026-07-01 13:49:00,226.91,226.94,226.61,226.8,225004
2026-07-01 13:50:00,226.8199,226.92,226.61,226.64,190132
2026-07-01 13:51:00,226.67,226.78,226.15,226.33,279789
2026-07-01 13:52:00,226.36,226.83,226.29,226.5501,250620
2026-07-01 13:53:00,226.58,226.87,226.51,226.85,174491
2026-07-01 13:54:00,226.8,227.1,226.75,227.07,256263
2026-07-01 13:55:00,227.1099,227.14,226.9,227.075,222213
2026-07-01 13:56:00,227.09,227.33,227.09,227.2599,255488
2026-07-01 13:57:00,227.24,227.39,227.23,227.32,197782
2026-07-01 13:58:00,227.3235,227.4797,227.23,227.26,238856
2026-07-01 13:59:00,227.27,227.38,227.01,227.37,222552
2026-07-01 14:00:00,227.37,227.37,227.08,227.23,181752
2026-07-01 14:01:00,227.2,227.6399,227.06,227.53,287686
2026-07-01 14:02:00,227.5172,227.7,227.44,227.5401,263690
2026-07-01 14:03:00,227.54,227.56,227.14,227.35,201169
2026-07-01 14:04:00,227.36,227.54,227.24,227.4207,143331
2026-07-01 14:05:00,227.4375,227.6799,227.2901,227.67,217646
2026-07-01 14:06:00,227.67,227.88,227.58,227.835,240781
2026-07-01 14:07:00,227.8351,227.91,227.77,227.86,206603
2026-07-01 14:08:00,227.88,227.92,227.74,227.82,207157
2026-07-01 14:09:00,227.83,227.94,227.79,227.84,180167
2026-07-01 14:10:00,227.85,227.8984,227.61,227.6808,218355
2026-07-01 14:11:00,227.685,227.81,227.54,227.7999,166223
2026-07-01 14:12:00,227.82,228.01,227.7,227.9599,273340
2026-07-01 14:13:00,227.945,228.01,227.8,228.0,180924
2026-07-01 14:14:00,228.0,228.05,227.75,227.8521,182011
2026-07-01 14:15:00,227.88,227.99,227.8001,227.965,144959
2026-07-01 14:16:00,227.97,228.27,227.97,228.13,400794
2026-07-01 14:17:00,228.1,228.14,227.75,228.09,323507
2026-07-01 14:18:00,228.12,228.48,228.07,228.445,391462
2026-07-01 14:19:00,228.4304,228.67,228.36,228.58,422040
2026-07-01 14:20:00,228.585,228.62,228.37,228.51,244486
2026-07-01 14:21:00,228.515,228.5899,228.38,228.49,232029
2026-07-01 14:22:00,228.48,228.58,228.4309,228.52,143461
2026-07-01 14:23:00,228.52,228.87,228.49,228.79,408094
2026-07-01 14:24:00,228.78,228.82,228.65,228.77,195788
2026-07-01 14:25:00,228.76,229.17,228.7201,229.13,409503
2026-07-01 14:26:00,229.14,229.18,228.82,228.91,343542
2026-07-01 14:27:00,228.93,229.1,228.9,229.035,286401
2026-07-01 14:28:00,229.0422,229.16,228.91,229.04,224768
2026-07-01 14:29:00,229.03,229.3099,228.8,228.8941,464706
2026-07-01 14:30:00,228.91,229.0699,228.71,228.99,301810
2026-07-01 14:31:00,228.9999,229.03,228.8,228.93,171718
2026-07-01 14:32:00,228.94,229.08,228.65,228.91,275100
2026-07-01 14:33:00,228.9599,229.0,228.66,228.71,190131
2026-07-01 14:34:00,228.72,228.84,228.4,228.7052,439843
2026-07-01 14:35:00,228.6907,229.21,228.42,228.619,502677
2026-07-01 14:36:00,228.6399,228.95,228.51,228.9,229995
2026-07-01 14:37:00,228.9,228.99,228.8,228.94,211970
2026-07-01 14:38:00,228.9001,228.93,228.67,228.805,130716
2026-07-01 14:39:00,228.82,228.88,228.53,228.61,158550
2026-07-01 14:40:00,228.64,228.7,228.51,228.68,137331
2026-07-01 14:41:00,228.6821,228.93,228.55,228.775,260566
2026-07-01 14:42:00,228.775,228.92,228.71,228.875,133574
2026-07-01 14:43:00,228.87,229.25,228.82,229.01,392742
2026-07-01 14:44:00,229.02,229.44,229.01,229.36,252304
2026-07-01 14:45:00,229.3699,229.41,229.19,229.33,208607
2026-07-01 14:46:00,229.34,229.69,229.31,229.5707,382489
2026-07-01 14:47:00,229.57,229.5818,229.4001,229.5301,218854
2026-07-01 14:48:00,229.53,229.55,229.37,229.4,174135
2026-07-01 14:49:00,229.4,229.4,229.08,229.1208,235925
2026-07-01 14:50:00,229.12,229.17,229.02,229.0201,202997
2026-07-01 14:51:00,229.03,229.27,229.01,229.05,231987
2026-07-01 14:52:00,229.0525,229.2399,229.05,229.12,137756
2026-07-01 14:53:00,229.1201,229.2499,228.82,228.86,253832
2026-07-01 14:54:00,228.86,229.0499,228.8,228.8399,160708
2026-07-01 14:55:00,228.8419,229.0894,228.81,228.9999,184397
2026-07-01 14:56:00,228.99,229.09,228.93,228.94,141437
2026-07-01 14:57:00,228.921,228.96,228.8,228.85,140015
2026-07-01 14:58:00,228.85,228.88,228.45,228.6199,333411
2026-07-01 14:59:00,228.6044,228.71,228.42,228.57,235440
2026-07-01 15:00:00,228.55,228.8,228.5,228.74,251142
2026-07-01 15:01:00,228.73,228.94,228.67,228.9108,150217
2026-07-01 15:02:00,228.9032,228.98,228.82,228.88,230224
2026-07-01 15:03:00,228.8599,228.92,228.23,228.3255,329238
2026-07-01 15:04:00,228.31,228.5699,228.3,228.535,220479
2026-07-01 15:05:00,228.56,228.8409,228.4257,228.4257,272302
2026-07-01 15:06:00,228.44,228.4799,228.0901,228.322,273533
2026-07-01 15:07:00,228.3399,228.5,228.21,228.21,165594
2026-07-01 15:08:00,228.225,228.2954,228.12,228.21,194953
2026-07-01 15:09:00,228.1801,228.4099,228.18,228.2699,182831
2026-07-01 15:10:00,228.26,228.56,228.26,228.36,228118
2026-07-01 15:11:00,228.3704,228.45,228.14,228.2662,188481
2026-07-01 15:12:00,228.275,228.3299,228.15,228.3128,130569
2026-07-01 15:13:00,228.32,228.5199,228.3015,228.45,198938
2026-07-01 15:14:00,228.4503,228.47,228.3101,228.375,161256
2026-07-01 15:15:00,228.375,228.62,228.06,228.1501,378492
2026-07-01 15:16:00,228.165,228.65,227.93,228.53,392916
2026-07-01 15:17:00,228.53,228.9,228.41,228.69,411160
2026-07-01 15:18:00,228.7,228.9793,228.51,228.56,340993
2026-07-01 15:19:00,228.59,228.93,228.59,228.7801,270466
2026-07-01 15:20:00,228.8173,229.13,228.67,228.73,153202
2026-07-01 15:21:00,228.76,228.87,228.53,228.81,210065
2026-07-01 15:22:00,228.825,228.84,228.6079,228.66,140153
2026-07-01 15:23:00,228.68,228.85,228.64,228.645,166241
2026-07-01 15:24:00,228.6547,228.86,228.64,228.7799,189159
2026-07-01 15:25:00,228.77,228.81,228.6701,228.75,178388
2026-07-01 15:26:00,228.7505,228.79,228.43,228.525,241418
2026-07-01 15:27:00,228.545,228.73,228.42,228.695,183044
2026-07-01 15:28:00,228.695,228.78,228.56,228.6003,174796
2026-07-01 15:29:00,228.58,228.6099,228.37,228.585,190107
2026-07-01 15:30:00,228.57,229.17,228.49,229.05,460824
2026-07-01 15:31:00,229.0871,229.15,228.94,229.075,265876
2026-07-01 15:32:00,229.08,229.3,228.98,229.243,337265
2026-07-01 15:33:00,229.26,229.26,229.07,229.11,232712
2026-07-01 15:34:00,229.1,229.27,229.04,229.08,196621
2026-07-01 15:35:00,229.08,229.12,228.93,229.1,246414
2026-07-01 15:36:00,229.1,229.28,229.03,229.235,290042
2026-07-01 15:37:00,229.23,229.29,229.11,229.22,252998
2026-07-01 15:38:00,229.215,229.24,229.02,229.18,215512
2026-07-01 15:39:00,229.18,229.2999,229.02,229.08,246121
2026-07-01 15:40:00,229.1,229.48,229.08,229.345,395637
2026-07-01 15:41:00,229.345,229.39,229.191,229.3313,281705
2026-07-01 15:42:00,229.3308,229.48,229.251,229.42,246120
2026-07-01 15:43:00,229.425,229.44,229.31,229.38,211436
2026-07-01 15:44:00,229.39,229.75,229.3801,229.71,459769
2026-07-01 15:45:00,229.7,229.71,229.41,229.6,345180
2026-07-01 15:46:00,229.62,229.82,229.55,229.7526,481101
2026-07-01 15:47:00,229.7405,229.81,229.66,229.76,270297
2026-07-01 15:48:00,229.75,229.86,229.43,229.465,469419
2026-07-01 15:49:00,229.46,229.46,228.67,228.74,608399
2026-07-01 15:50:00,228.77,229.77,228.7012,229.6798,692200
2026-07-01 15:51:00,229.67,229.699,229.11,229.1845,425015
2026-07-01 15:52:00,229.18,229.55,229.09,229.46,385310
2026-07-01 15:53:00,229.4503,229.5,229.38,229.43,320169
2026-07-01 15:54:00,229.44,230.31,229.42,230.23,1498564
2026-07-01 15:55:00,230.23,230.72,230.21,230.69,932844
2026-07-01 15:56:00,230.69,230.97,230.66,230.89,865367
2026-07-01 15:57:00,230.89,230.95,230.61,230.76,715024
2026-07-01 15:58:00,230.78,230.97,230.75,230.9,724283
2026-07-01 15:59:00,230.93,231.3,230.8301,231.24,1793581
2026-07-02 09:30:00,234.56,235.6,234.25,235.5441,2729110
2026-07-02 09:31:00,235.58,236.96,235.44,236.915,1704349
2026-07-02 09:32:00,236.915,237.0,235.65,236.72,1406586
2026-07-02 09:33:00,236.68,237.4,235.5,237.3583,1447641
2026-07-02 09:34:00,237.35,237.68,236.76,237.4153,1439660
2026-07-02 09:35:00,237.3601,238.0,236.91,237.22,1416854
2026-07-02 09:36:00,237.24,238.2,236.97,238.16,1214065
2026-07-02 09:37:00,238.18,238.52,237.7,238.285,1077660
2026-07-02 09:38:00,238.275,239.3,238.19,238.75,1426055
2026-07-02 09:39:00,238.71,239.39,238.4309,238.87,1301327
2026-07-02 09:40:00,238.86,239.38,238.1,238.4634,1234435
2026-07-02 09:41:00,238.4958,239.29,238.23,238.85,1003748
2026-07-02 09:42:00,238.8566,239.34,238.591,239.135,868948
2026-07-02 09:43:00,239.1211,239.8201,239.09,239.4931,1243805
2026-07-02 09:44:00,239.42,239.77,239.02,239.12,794867
2026-07-02 09:45:00,239.12,239.41,238.72,239.0001,826373
2026-07-02 09:46:00,239.05,239.6,238.82,238.98,741698
2026-07-02 09:47:00,238.9888,239.22,238.24,238.3701,930850
2026-07-02 09:48:00,238.39,238.4199,237.77,237.9819,1322418
2026-07-02 09:49:00,237.88,239.13,237.88,238.6839,857533
2026-07-02 09:50:00,238.71,238.74,238.27,238.49,489943
2026-07-02 09:51:00,238.45,238.6,238.2,238.4,410189
2026-07-02 09:52:00,238.4,238.89,238.29,238.4,544232
2026-07-02 09:53:00,238.4,238.77,238.31,238.58,447060
2026-07-02 09:54:00,238.5011,238.72,238.25,238.49,498427
2026-07-02 09:55:00,238.465,239.4,238.32,239.1603,863358
2026-07-02 09:56:00,239.19,239.76,238.8,239.2401,1016094
2026-07-02 09:57:00,239.26,239.2768,238.72,238.97,587376
2026-07-02 09:58:00,238.95,238.9799,238.25,238.56,679717
2026-07-02 09:59:00,238.595,238.97,234.55,238.795,435093
2026-07-02 10:00:00,238.83,239.31,237.6102,237.83,1170818
2026-07-02 10:01:00,237.83,238.97,237.83,238.8,972870
2026-07-02 10:02:00,238.8299,239.11,238.5,238.9679,627685
2026-07-02 10:03:00,238.95,239.0699,238.57,238.79,404605
2026-07-02 10:04:00,238.77,239.0,238.6,238.8199,312244
2026-07-02 10:05:00,238.79,239.3099,238.6001,239.2,553865
2026-07-02 10:06:00,239.1963,240.4,238.85,240.275,2159595
2026-07-02 10:07:00,240.2797,240.3,239.5,239.77,861973
2026-07-02 10:08:00,239.76,240.2,239.61,240.14,703503
2026-07-02 10:09:00,240.14,240.918,239.99,240.72,1077639
2026-07-02 10:10:00,240.7101,241.69,240.71,241.4201,1299879
2026-07-02 10:11:00,241.42,241.69,241.0,241.1001,1058180
2026-07-02 10:12:00,241.135,241.42,240.81,241.0003,727310
2026-07-02 10:13:00,241.035,241.25,240.54,241.195,750106
2026-07-02 10:14:00,241.1909,241.88,241.16,241.7,921687
2026-07-02 10:15:00,241.69,242.0,241.4,241.8801,884493
2026-07-02 10:16:00,241.8901,242.46,241.71,242.3,1122718
2026-07-02 10:17:00,242.29,243.07,242.25,242.83,1210320
2026-07-02 10:18:00,242.81,243.4,242.2,243.35,1122344
2026-07-02 10:19:00,243.3502,243.6899,243.0,243.535,937815
2026-07-02 10:20:00,243.5499,244.69,243.44,244.06,1737513
2026-07-02 10:21:00,244.0923,244.25,243.53,243.8,986634
2026-07-02 10:22:00,243.81,243.8368,242.62,243.1477,1542863
2026-07-02 10:23:00,243.11,243.58,243.01,243.25,706485
2026-07-02 10:24:00,243.2699,243.4799,242.5,243.4301,806439
2026-07-02 10:25:00,243.45,243.59,242.7,243.1,638600
2026-07-02 10:26:00,243.075,243.11,242.53,242.8599,603145
2026-07-02 10:27:00,242.818,243.35,242.69,243.35,601200
2026-07-02 10:28:00,243.3699,244.44,243.289,243.97,1321097
2026-07-02 10:29:00,243.9701,244.6,243.97,244.56,865197
2026-07-02 10:30:00,244.57,245.34,244.52,245.2862,1797709
2026-07-02 10:31:00,245.295,245.99,245.0,245.27,1469769
2026-07-02 10:32:00,245.22,245.68,245.04,245.089,856643
2026-07-02 10:33:00,245.06,245.36,244.75,245.1758,743412
2026-07-02 10:34:00,245.19,245.21,244.56,244.72,632644
2026-07-02 10:35:00,244.6936,245.45,244.5,245.13,711712
2026-07-02 10:36:00,245.17,245.66,245.06,245.18,644713
2026-07-02 10:37:00,245.19,245.65,244.96,245.2901,630880
2026-07-02 10:38:00,245.2907,246.38,245.2907,246.336,1227348
2026-07-02 10:39:00,246.36,246.64,246.08,246.12,954041
2026-07-02 10:40:00,246.1205,247.37,246.04,247.0001,1451002
2026-07-02 10:41:00,247.015,247.42,246.83,247.36,1073708
2026-07-02 10:42:00,247.38,247.94,247.0,247.74,1154523
2026-07-02 10:43:00,247.7799,248.35,247.48,248.27,1489835
2026-07-02 10:44:00,248.285,248.3,247.25,247.38,1223889
2026-07-02 10:45:00,247.41,247.7,246.72,247.1301,1229780
2026-07-02 10:46:00,247.14,247.96,246.91,247.885,858491
2026-07-02 10:47:00,247.875,247.9499,247.22,247.3403,717905
2026-07-02 10:48:00,247.365,247.3881,246.2,246.22,1042913
2026-07-02 10:49:00,246.22,246.23,245.75,245.755,990860
2026-07-02 10:50:00,245.7591,245.77,245.18,245.2779,965390
2026-07-02 10:51:00,245.33,246.27,245.14,245.81,1035559
2026-07-02 10:52:00,245.76,246.1995,245.2,245.615,548334
2026-07-02 10:53:00,245.6,246.31,245.5952,246.01,638499
2026-07-02 10:54:00,246.01,246.045,245.01,245.0136,843087
2026-07-02 10:55:00,245.025,245.1,244.13,244.36,1386317
2026-07-02 10:56:00,244.34,245.1699,244.33,244.77,754475
2026-07-02 10:57:00,244.7686,244.788,243.55,243.6223,1034610
2026-07-02 10:58:00,243.6123,243.8,243.51,243.64,868421
2026-07-02 10:59:00,243.66,243.72,242.77,242.863,1044568
2026-07-02 11:00:00,242.82,243.5,242.72,243.3894,870805
2026-07-02 11:01:00,243.38,243.9,243.31,243.645,750548
2026-07-02 11:02:00,243.6699,243.67,243.05,243.22,468738
2026-07-02 11:03:00,243.2222,243.2222,242.25,242.725,1125526
2026-07-02 11:04:00,242.725,242.725,241.3508,241.54,1336453
2026-07-02 11:05:00,241.5397,242.36,241.5,241.8272,966703
2026-07-02 11:06:00,241.82,243.1,241.8,242.91,975034
2026-07-02 11:07:00,242.91,243.49,242.8301,242.92,881393
2026-07-02 11:08:00,242.9,243.4397,242.84,243.23,402559
2026-07-02 11:09:00,243.29,243.9299,243.15,243.69,669210
2026-07-02 11:10:00,243.66,244.2699,243.655,243.8166,855335
2026-07-02 11:11:00,243.82,243.8535,243.11,243.23,527232
2026-07-02 11:12:00,243.26,243.75,243.03,243.06,484671
2026-07-02 11:13:00,243.126,243.63,242.85,243.34,605624
2026-07-02 11:14:00,243.33,243.8499,243.33,243.75,432948
2026-07-02 11:15:00,243.745,243.998,243.31,243.9933,442232
2026-07-02 11:16:00,243.96,244.47,243.72,244.09,645090
2026-07-02 11:17:00,244.0817,244.2,243.3804,243.5206,532583
2026-07-02 11:18:00,243.52,243.65,243.13,243.15,347679
2026-07-02 11:19:00,243.1779,243.1799,242.41,242.46,640510
2026-07-02 11:20:00,242.43,242.44,241.62,242.32,792606
2026-07-02 11:21:00,242.26,242.74,242.0,242.3696,457324
2026-07-02 11:22:00,242.33,242.46,241.75,242.0159,398167
2026-07-02 11:23:00,241.94,242.61,241.77,242.32,541684
2026-07-02 11:24:00,242.33,243.0499,242.33,242.84,539879
2026-07-02 11:25:00,242.84,243.06,242.33,242.35,488516
2026-07-02 11:26:00,242.38,242.72,242.2706,242.5101,346300
2026-07-02 11:27:00,242.51,243.03,242.06,242.3,511643
2026-07-02 11:28:00,242.31,242.42,241.7001,241.96,496911
2026-07-02 11:29:00,241.96,242.2699,241.85,242.135,396239
2026-07-02 11:30:00,242.1341,242.73,241.5,241.7,587242
2026-07-02 11:31:00,241.6913,242.3999,241.565,242.28,367697
2026-07-02 11:32:00,242.3299,242.6,241.8,241.93,406529
2026-07-02 11:33:00,241.905,241.94,240.53,240.69,1022643
2026-07-02 11:34:00,240.7,240.7699,240.12,240.28,867800
2026-07-02 11:35:00,240.28,241.1,240.21,240.91,734455
2026-07-02 11:36:00,240.88,241.44,240.84,241.415,587675
2026-07-02 11:37:00,241.4101,242.47,241.41,242.07,774877
2026-07-02 11:38:00,242.05,242.24,241.92,242.1597,389924
2026-07-02 11:39:00,242.14,242.1476,241.54,241.6,405670
2026-07-02 11:40:00,241.595,242.28,241.5,242.0966,410125
2026-07-02 11:41:00,242.09,242.48,242.06,242.4667,289311
2026-07-02 11:42:00,242.4854,242.62,241.92,242.2,434783
2026-07-02 11:43:00,242.19,242.34,242.0,242.255,214846
2026-07-02 11:44:00,242.25,243.5399,242.23,243.46,812460
2026-07-02 11:45:00,243.42,243.4794,242.95,243.15,433554
2026-07-02 11:46:00,243.13,243.7299,242.95,243.63,465554
2026-07-02 11:47:00,243.62,243.8,243.41,243.64,399313
2026-07-02 11:48:00,243.64,244.17,243.5501,244.1,493340
2026-07-02 11:49:00,244.07,244.0955,243.8,243.9382,338256
2026-07-02 11:50:00,243.9276,244.1,243.88,244.01,300931
2026-07-02 11:51:00,243.9646,244.46,243.7,244.05,524264
2026-07-02 11:52:00,244.05,244.3598,243.856,244.35,293253
2026-07-02 11:53:00,244.33,245.04,244.23,244.98,713080
2026-07-02 11:54:00,244.97,245.16,244.37,244.6676,487577
2026-07-02 11:55:00,244.665,244.8139,244.02,244.735,404959
2026-07-02 11:56:00,244.735,245.55,244.6823,245.515,539280
2026-07-02 11:57:00,245.49,245.64,244.82,244.99,466939
2026-07-02 11:58:00,245.0,245.2,244.88,245.105,280487
2026-07-02 11:59:00,245.075,245.1388,244.76,244.9,310851
2026-07-02 12:00:00,244.92,245.12,244.56,244.635,377909
2026-07-02 12:01:00,244.65,244.8499,244.5001,244.7493,261744
2026-07-02 12:02:00,244.74,245.0999,244.7,244.9947,304471
2026-07-02 12:03:00,245.015,245.4,245.0,245.07,397340
2026-07-02 12:04:00,245.09,245.17,244.7118,245.09,290209
2026-07-02 12:05:00,245.09,245.13,244.81,244.8991,219502
2026-07-02 12:06:00,244.87,245.1999,244.86,245.155,204348
2026-07-02 12:07:00,245.1379,245.83,245.09,245.57,479736
2026-07-02 12:08:00,245.58,245.91,245.5,245.81,428097
2026-07-02 12:09:00,245.78,245.9775,245.73,245.96,299946
2026-07-02 12:10:00,245.94,246.08,245.73,245.91,491748
2026-07-02 12:11:00,245.89,246.09,245.46,245.5699,425986
2026-07-02 12:12:00,245.545,245.828,245.31,245.42,339645
2026-07-02 12:13:00,245.43,245.4496,244.91,245.205,381291
2026-07-02 12:14:00,245.2,245.23,244.51,244.69,479263
2026-07-02 12:15:00,244.7,245.1,244.62,244.9594,300688
2026-07-02 12:16:00,244.96,245.41,242.406,245.3711,341211
2026-07-02 12:17:00,245.38,245.4799,244.86,245.18,312315
2026-07-02 12:18:00,245.175,245.4,244.95,244.99,247039
2026-07-02 12:19:00,244.9977,245.0253,244.33,244.39,377196
2026-07-02 12:20:00,244.39,244.45,243.8,243.94,607275
2026-07-02 12:21:00,243.935,244.2,243.57,244.15,460873
2026-07-02 12:22:00,244.13,244.54,244.0523,244.325,394770
2026-07-02 12:23:00,244.31,244.96,244.21,244.745,533715
2026-07-02 12:24:00,244.745,244.78,244.21,244.5699,291614
2026-07-02 12:25:00,244.5301,245.1967,244.51,244.8687,422093
2026-07-02 12:26:00,244.86,245.35,244.86,245.16,323495
2026-07-02 12:27:00,245.1445,245.187,244.86,244.96,216354
2026-07-02 12:28:00,244.9683,245.14,244.7,244.885,278083
2026-07-02 12:29:00,244.885,245.24,244.83,244.9701,277937
2026-07-02 12:30:00,244.97,245.02,244.26,244.3299,348282
2026-07-02 12:31:00,244.31,244.64,244.21,244.32,252507
2026-07-02 12:32:00,244.34,244.3999,244.0,244.04,331942
2026-07-02 12:33:00,244.06,244.1699,243.83,243.905,273948
2026-07-02 12:34:00,243.89,244.2,243.71,244.03,307699
2026-07-02 12:35:00,244.0322,244.13,243.74,243.8,304399
2026-07-02 12:36:00,243.8,243.86,243.41,243.835,433630
2026-07-02 12:37:00,243.8356,243.9,243.55,243.81,282805
2026-07-02 12:38:00,243.8,244.17,243.62,244.145,300357
2026-07-02 12:39:00,244.13,244.35,243.832,244.045,365747
2026-07-02 12:40:00,244.0101,244.051,243.2,243.52,408935
2026-07-02 12:41:00,243.505,243.5275,243.1,243.225,312170
2026-07-02 12:42:00,243.2499,243.28,242.69,242.7952,372403
2026-07-02 12:43:00,242.7701,243.18,242.62,243.1072,385720
2026-07-02 12:44:00,243.1096,243.44,242.91,243.09,424612
2026-07-02 12:45:00,243.03,243.35,242.73,243.02,361513
2026-07-02 12:46:00,243.02,243.3,242.81,243.22,327658
2026-07-02 12:47:00,243.2,243.26,242.87,243.01,265728
2026-07-02 12:48:00,243.01,243.88,242.85,243.74,449879
2026-07-02 12:49:00,243.726,243.845,243.42,243.525,418634
2026-07-02 12:50:00,243.55,244.5,243.525,244.44,716871
2026-07-02 12:51:00,244.46,244.9,244.375,244.86,562997
2026-07-02 12:52:00,244.8399,244.94,244.63,244.83,492914
2026-07-02 12:53:00,244.87,245.69,244.77,245.62,728682
2026-07-02 12:54:00,245.655,246.72,245.64,246.6801,1052207
2026-07-02 12:55:00,246.6865,246.72,245.84,245.86,730543
2026-07-02 12:56:00,245.86,246.04,245.5,245.81,564226
2026-07-02 12:57:00,245.801,246.0,245.75,245.91,484649
2026-07-02 12:58:00,245.9,246.0,245.65,245.75,608037
2026-07-02 12:59:00,245.75,246.63,245.7,246.52,1618214
2026-07-02 13:00:00,246.39,246.71,245.9,246.02,9466190
2026-07-02 13:01:00,246.02,246.4,245.93,246.39,91575
2026-07-02 13:02:00,246.32,246.6,246.3,246.6,143053
2026-07-02 13:03:00,246.55,246.57,246.39,246.53,35771
2026-07-02 13:04:00,246.53,246.53,246.39,246.445,63628
2026-07-02 13:05:00,246.4308,246.51,246.4,246.4999,30617
2026-07-02 13:06:00,246.49,246.75,246.39,246.7,55564
2026-07-02 13:07:00,246.7,247.5,246.7,247.45,88948
2026-07-02 13:08:00,247.45,247.86,247.11,247.3898,85470
2026-07-02 13:09:00,247.31,247.39,247.29,247.3675,45860
2026-07-02 13:10:00,247.32,247.39,247.27,247.34,27729
2026-07-02 13:11:00,247.31,247.32,247.15,247.2,33153
2026-07-02 13:12:00,247.19,247.25,246.8401,246.87,40793
2026-07-02 13:13:00,246.87,247.01,246.82,246.85,18420
2026-07-02 13:14:00,246.85,246.9,246.75,246.76,14045
2026-07-02 13:15:00,246.78,246.8,246.39,246.685,29672
2026-07-02 13:16:00,246.685,246.7,246.39,246.61,42510
2026-07-02 13:17:00,246.615,246.63,246.39,246.41,21475
2026-07-02 13:18:00,246.43,246.47,246.33,246.4,29527
2026-07-02 13:19:00,246.4,246.5,246.34,246.43,12457
2026-07-02 13:20:00,246.46,246.59,246.39,246.5579,19776
2026-07-02 13:21:00,246.51,246.63,246.5,246.585,15956
2026-07-02 13:22:00,246.585,246.63,246.4,246.42,19115
2026-07-02 13:23:00,246.45,246.46,246.39,246.44,145675
2026-07-02 13:24:00,246.45,246.46,246.39,246.41,12474
2026-07-02 13:25:00,246.425,246.46,246.38,246.39,13036
2026-07-02 13:26:00,246.385,246.46,246.36,246.39,23737
2026-07-02 13:27:00,246.39,246.4,246.36,246.38,9586
2026-07-02 13:28:00,246.38,246.46,246.375,246.42,15813
2026-07-02 13:29:00,246.42,246.43,246.37,246.395,10554
2026-07-02 13:30:00,246.4,246.43,246.37,246.4,20427
2026-07-02 13:31:00,246.4,246.78,246.4,246.69,19508
2026-07-02 13:32:00,246.69,246.89,246.6,246.7,13453
2026-07-02 13:33:00,246.7,246.74,246.6,246.65,10327
2026-07-02 13:34:00,246.67,246.85,246.64,246.8,11946
2026-07-02 13:35:00,246.825,246.88,246.75,246.81,12652
2026-07-02 13:36:00,246.84,246.96,246.8068,246.96,22424
2026-07-02 13:37:00,246.94,247.19,246.39,247.0101,53353
2026-07-02 13:38:00,247.11,247.1199,247.0001,247.075,9067
2026-07-02 13:39:00,247.09,247.15,247.01,247.105,17238
2026-07-02 13:40:00,247.105,247.36,247.09,247.2494,39353
2026-07-02 13:41:00,247.24,247.43,247.16,247.25,36561
2026-07-02 13:42:00,247.3,247.3,247.13,247.21,12855
2026-07-02 13:43:00,247.2,247.3,246.4,247.17,20774
2026-07-02 13:44:00,247.17,247.24,247.05,247.0501,10349
2026-07-02 13:45:00,247.1,247.1888,247.05,247.095,11586
2026-07-02 13:46:00,247.1,247.12,247.0,247.0,10189
2026-07-02 13:47:00,247.01,247.04,246.75,246.8,10984
2026-07-02 13:48:00,246.77,246.85,246.65,246.7199,9709
2026-07-02 13:49:00,246.69,246.73,184.89,246.5601,8948
2026-07-02 13:50:00,246.5601,246.7,246.52,246.5317,9300
2026-07-02 13:51:00,246.55,246.58,246.43,246.43,12234
2026-07-02 13:52:00,246.45,246.54,246.4,246.415,6554
2026-07-02 13:53:00,246.4299,246.4879,246.29,246.45,17655
2026-07-02 13:54:00,246.46,246.4899,246.35,246.38,7260
2026-07-02 13:55:00,246.395,246.41,246.2,246.22,32940
2026-07-02 13:56:00,246.23,246.2899,246.0,246.22,8334
2026-07-02 13:57:00,246.23,246.29,246.22,246.2412,7286
2026-07-02 13:58:00,246.265,246.39,246.24,246.39,7319
2026-07-02 13:59:00,246.35,246.45,246.31,246.45,19679
2026-07-02 14:00:00,246.44,246.4587,246.24,246.31,11452
2026-07-02 14:01:00,246.315,246.4477,246.31,246.3846,3867
2026-07-02 14:02:00,246.41,246.44,246.35,246.37,5437
2026-07-02 14:03:00,246.35,246.48,246.35,246.465,6697
2026-07-02 14:04:00,246.49,246.58,164.3925,246.44,11353
2026-07-02 14:05:00,246.425,246.54,150.282,210.545,13020
2026-07-02 14:06:00,246.41,246.56,150.282,246.485,15908
2026-07-02 14:07:00,246.49,246.54,246.4,246.49,3600
2026-07-02 14:08:00,246.5,246.52,246.4,246.45,7490
2026-07-02 14:09:00,246.4501,246.49,246.38,246.415,3579
2026-07-02 14:10:00,246.3804,246.4282,246.3,246.35,11234
2026-07-02 14:11:00,246.375,246.415,246.35,246.38,5759
2026-07-02 14:12:00,246.3995,246.4,246.35,246.36,2127
2026-07-02 14:13:00,246.35,246.39,246.35,246.36,4368
2026-07-02 14:14:00,246.36,246.4,246.25,246.26,7171
2026-07-02 14:15:00,246.3,246.33,245.82,245.92,28461
2026-07-02 14:16:00,245.8101,246.22,245.75,246.0,34215
2026-07-02 14:17:00,246.005,246.2099,245.82,246.09,30097
2026-07-02 14:18:00,246.08,246.19,245.86,246.05,4708
2026-07-02 14:19:00,246.0167,246.2,245.95,246.0,4898
2026-07-02 14:20:00,246.0,246.09,245.8,245.93,11628
2026-07-02 14:21:00,245.955,246.1,245.9,245.9776,5763
2026-07-02 14:22:00,245.975,246.1,245.95,246.1,11371
2026-07-02 14:23:00,246.02,246.05,245.97,246.0,2524
2026-07-02 14:24:00,246.0,246.1,246.0,246.0,3477
2026-07-02 14:25:00,246.05,246.1,246.0,246.0,7125
2026-07-02 14:26:00,246.0,246.1017,246.0,246.0,6490
2026-07-02 14:27:00,246.0,246.15,245.88,245.915,13578
2026-07-02 14:28:00,245.93,246.0,245.9,245.93,4371
2026-07-02 14:29:00,245.9,245.9999,245.9,245.975,1472
2026-07-02 14:30:00,245.96,246.39,245.95,246.235,14431
2026-07-02 14:31:00,246.23,246.29,246.05,246.1,5958
2026-07-02 14:32:00,246.15,246.1999,246.1,246.1191,5619
2026-07-02 14:33:00,246.18,246.1999,246.03,246.0975,3260
2026-07-02 14:34:00,246.115,246.1999,246.03,246.15,8644
2026-07-02 14:35:00,246.12,246.35,246.11,246.32,13485
2026-07-02 14:36:00,246.295,246.35,246.1,246.3,9401
2026-07-02 14:37:00,246.25,246.35,246.15,246.2,3011
2026-07-02 14:38:00,246.215,246.46,246.2,246.3917,17992
2026-07-02 14:39:00,246.3901,246.46,246.3,246.395,7741
2026-07-02 14:40:00,246.3601,246.5001,246.36,246.5001,6840
2026-07-02 14:41:00,246.52,246.99,246.5,246.9,15629
2026-07-02 14:42:00,243.32,247.2,243.32,247.11,28924
2026-07-02 14:43:00,247.1,247.3,247.0601,247.26,19740
2026-07-02 14:44:00,247.3,247.5,247.1,247.33,31814
2026-07-02 14:45:00,247.33,247.48,247.2,247.2,6271
2026-07-02 14:46:00,247.2001,247.3,247.1,247.17,7604
2026-07-02 14:47:00,247.17,247.2236,247.02,247.1,3784
2026-07-02 14:48:00,247.115,247.4,247.1,247.245,8057
2026-07-02 14:49:00,247.235,247.2599,247.1116,247.19,10436
2026-07-02 14:50:00,247.2,247.25,247.02,247.18,8362
2026-07-02 14:51:00,247.2,247.25,247.12,247.2,8097
2026-07-02 14:52:00,247.225,247.25,247.1,247.135,6542
2026-07-02 14:53:00,247.15,247.16,247.07,247.125,6503
2026-07-02 14:54:00,247.11,247.17,247.07,247.11,5807
2026-07-02 14:55:00,247.16,247.3499,247.14,247.3,6993
2026-07-02 14:56:00,247.27,247.32,247.25,247.31,7851
2026-07-02 14:57:00,247.2701,247.3499,247.27,247.305,7177
2026-07-02 14:58:00,247.305,247.39,247.3,247.35,11251
2026-07-02 14:59:00,247.33,247.4799,247.32,247.43,12374
2026-07-02 15:00:00,247.42,247.7586,247.38,247.71,44434
2026-07-02 15:01:00,247.7,247.88,247.7,247.87,20719
2026-07-02 15:02:00,247.865,247.89,247.7,247.72,17665
2026-07-02 15:03:00,247.7201,247.83,247.71,247.76,8550
2026-07-02 15:04:00,247.805,247.8461,247.6,247.67,17547
2026-07-02 15:05:00,247.7,247.7365,247.5,247.53,10303
2026-07-02 15:06:00,247.47,247.53,247.35,247.53,8662
2026-07-02 15:07:00,247.515,247.6,247.4,247.47,6301
2026-07-02 15:08:00,247.47,247.57,247.41,247.54,5243
2026-07-02 15:09:00,247.5699,247.57,247.51,247.53,2669
2026-07-02 15:10:00,247.53,247.53,247.35,247.38,13274
2026-07-02 15:11:00,247.4,247.49,247.36,247.445,4836
2026-07-02 15:12:00,247.445,247.7,247.41,247.68,14014
2026-07-02 15:13:00,247.6,247.688,247.55,247.58,11456
2026-07-02 15:14:00,247.61,247.6999,247.55,247.62,4697
2026-07-02 15:15:00,247.59,247.6,247.49,247.5,2272
2026-07-02 15:16:00,247.49,247.53,247.41,247.45,6603
2026-07-02 15:17:00,247.45,247.55,247.4,247.4,9440
2026-07-02 15:18:00,247.5391,247.54,247.43,247.5,4498
2026-07-02 15:19:00,247.52,247.5399,247.5,247.5001,4778
2026-07-02 15:20:00,247.52,247.55,247.5,247.52,6181
2026-07-02 15:21:00,247.535,247.68,247.52,247.67,11273
2026-07-02 15:22:00,247.68,247.75,247.54,247.645,11708
2026-07-02 15:23:00,247.645,247.7446,247.52,247.58,7936
2026-07-02 15:24:00,247.55,247.63,247.52,247.63,6808
2026-07-02 15:25:00,247.63,247.7,247.57,247.66,5726
2026-07-02 15:26:00,247.645,247.68,247.52,247.625,5928
2026-07-02 15:27:00,247.625,247.75,247.58,247.63,12792
2026-07-02 15:28:00,247.665,247.68,247.51,247.59,6798
2026-07-02 15:29:00,247.59,247.64,247.5,247.59,6206
2026-07-02 15:30:00,247.57,247.592,247.5,247.535,9407
2026-07-02 15:31:00,247.54,247.57,247.5001,247.545,3844
2026-07-02 15:32:00,247.545,247.6,247.53,247.53,6266
2026-07-02 15:33:00,247.531,247.55,247.13,247.23,14256
2026-07-02 15:34:00,247.401,247.4194,247.2,247.2,6069
2026-07-02 15:35:00,247.24,247.36,247.2,247.36,6321
2026-07-02 15:36:00,247.36,247.4704,247.27,247.4,2561
2026-07-02 15:37:00,247.43,247.44,247.39,247.42,2670
2026-07-02 15:38:00,247.42,247.4499,247.4,247.425,3768
2026-07-02 15:39:00,247.425,247.47,247.3,247.3,5906
2026-07-02 15:40:00,247.3101,247.3699,247.25,247.275,4302
2026-07-02 15:41:00,247.275,247.33,247.25,247.29,6721
2026-07-02 15:42:00,247.29,247.39,247.29,247.345,3557
2026-07-02 15:43:00,247.37,247.44,247.3101,247.405,8511
2026-07-02 15:44:00,247.405,247.43,247.37,247.395,3707
2026-07-02 15:45:00,247.395,247.4199,247.35,247.37,5681
2026-07-02 15:46:00,247.37,247.4,247.35,247.36,2014
2026-07-02 15:47:00,247.35,247.37,247.31,247.315,3985
2026-07-02 15:48:00,247.31,247.32,247.18,247.32,8272
2026-07-02 15:49:00,247.27,247.3199,247.24,247.27,4622
2026-07-02 15:50:00,247.285,247.2999,247.2,247.225,5483
2026-07-02 15:51:00,247.225,247.25,247.19,247.19,4608
2026-07-02 15:52:00,247.19,247.25,247.16,247.18,3028
2026-07-02 15:53:00,247.2,247.21,246.8,246.84,17703
2026-07-02 15:54:00,246.86,246.9,246.31,246.63,22650
2026-07-02 15:55:00,246.59,246.62,246.3,246.405,10896
2026-07-02 15:56:00,246.43,246.58,246.35,246.54,8931
2026-07-02 15:57:00,246.53,246.6867,246.5,246.595,6984
2026-07-02 15:58:00,246.595,246.7999,246.51,246.7175,10438
2026-07-02 15:59:00,246.79,247.0,246.6801,246.955,19731
2026-07-04 09:30:00,249.81,252.37,249.61,252.0899,3639871
2026-07-04 09:31:00,252.09,252.35,248.15,248.85,1723305
2026-07-04 09:32:00,249.015,250.28,247.25,247.28,1445857
2026-07-04 09:33:00,247.2638,247.41,244.7,244.83,1745924
2026-07-04 09:34:00,244.73,246.48,244.68,245.86,1252825
2026-07-04 09:35:00,245.88,246.5,244.84,245.3494,1075819
2026-07-04 09:36:00,245.33,245.98,243.84,244.2635,1264284
2026-07-04 09:37:00,244.2556,244.66,243.42,244.38,1154567
2026-07-04 09:38:00,244.304,246.0599,244.28,245.9299,1122008
2026-07-04 09:39:00,245.9,246.69,245.11,245.43,824199
2026-07-04 09:40:00,245.36,245.52,243.9006,243.9671,873061
2026-07-04 09:41:00,243.965,244.29,243.22,243.5501,993389
2026-07-04 09:42:00,243.56,244.6292,243.53,243.6777,661024
2026-07-04 09:43:00,243.6303,243.85,242.71,243.6442,954510
2026-07-04 09:44:00,243.655,244.22,243.0,243.666,736539
2026-07-04 09:45:00,243.63,243.99,242.56,242.9499,737376
2026-07-04 09:46:00,242.855,243.2287,242.4601,242.89,770306
2026-07-04 09:47:00,242.83,244.68,242.51,244.54,940060
2026-07-04 09:48:00,244.5,245.25,244.5,245.0,764260
2026-07-04 09:49:00,245.015,245.18,244.21,244.42,599151
2026-07-04 09:50:00,244.42,245.14,244.23,244.73,561617
2026-07-04 09:51:00,244.695,245.1,244.44,244.93,390180
2026-07-04 09:52:00,244.89,247.1,244.63,246.75,1197456
2026-07-04 09:53:00,246.79,247.39,246.67,246.9537,982322
2026-07-04 09:54:00,246.91,250.0599,246.42,247.1471,586861
2026-07-04 09:55:00,247.1384,250.0599,246.75,247.8799,795831
2026-07-04 09:56:00,247.84,249.33,247.835,249.3206,1251586
2026-07-04 09:57:00,249.3174,250.0599,248.14,248.3548,796611
2026-07-04 09:58:00,248.32,250.0599,247.48,247.875,681241
2026-07-04 09:59:00,247.9099,250.0599,247.73,248.6,642762
2026-07-04 10:00:00,248.61,249.58,248.46,249.5295,768912
2026-07-04 10:01:00,249.566,249.9,249.02,249.86,797346
2026-07-04 10:02:00,249.87,249.93,248.92,249.0,666318
2026-07-04 10:03:00,248.9707,249.28,248.2,248.5301,591286
2026-07-04 10:04:00,248.63,248.94,248.0201,248.3822,550025
2026-07-04 10:05:00,248.375,249.28,248.33,248.87,513165
2026-07-04 10:06:00,248.87,248.92,247.52,247.6984,690826
2026-07-04 10:07:00,247.6975,248.01,247.11,247.24,585788
2026-07-04 10:08:00,247.3892,247.8999,246.78,246.88,607350
2026-07-04 10:09:00,246.87,246.9499,246.0401,246.19,630750
2026-07-04 10:10:00,246.1899,247.16,245.74,246.8201,802560
2026-07-04 10:11:00,246.8892,248.15,246.7801,247.52,650897
2026-07-04 10:12:00,247.54,247.9,246.92,247.25,436679
2026-07-04 10:13:00,247.22,247.2899,246.52,247.2043,457666
2026-07-04 10:14:00,247.1301,247.76,246.91,247.6096,404965
2026-07-04 10:15:00,247.592,248.13,247.4419,247.6,461170
2026-07-04 10:16:00,247.5554,247.7,246.65,246.985,384914
2026-07-04 10:17:00,246.94,247.16,245.9405,246.2845,583939
2026-07-04 10:18:00,246.248,246.5296,245.82,246.14,445079
2026-07-04 10:19:00,246.2415,246.95,245.81,245.93,463479
2026-07-04 10:20:00,245.9,246.6,245.71,246.2399,383681
2026-07-04 10:21:00,246.24,247.02,246.02,246.55,446623
2026-07-04 10:22:00,246.54,246.75,246.0,246.41,310794
2026-07-04 10:23:00,246.4335,246.94,245.87,246.62,420416
2026-07-04 10:24:00,246.675,247.749,246.64,247.3201,572907
2026-07-04 10:25:00,247.3905,247.3905,246.6,246.6399,351573
2026-07-04 10:26:00,246.605,246.635,245.44,246.0305,576821
2026-07-04 10:27:00,246.035,246.3499,245.6301,246.09,315463
2026-07-04 10:28:00,246.115,246.605,246.03,246.37,341343
2026-07-04 10:29:00,246.39,246.9,246.36,246.66,273383
2026-07-04 10:30:00,246.625,246.8999,245.86,246.22,364042
2026-07-04 10:31:00,246.17,246.4,245.97,246.28,254219
2026-07-04 10:32:00,246.2861,246.7,245.66,245.71,358372
2026-07-04 10:33:00,245.7305,248.02,245.65,247.2401,813060
2026-07-04 10:34:00,247.29,247.32,246.8,246.9,271128
2026-07-04 10:35:00,246.9066,247.38,246.6,247.345,351539
2026-07-04 10:36:00,247.35,247.81,246.74,247.05,378460
2026-07-04 10:37:00,247.085,247.86,246.95,247.145,373809
2026-07-04 10:38:00,247.145,247.77,247.11,247.69,360587
2026-07-04 10:39:00,247.69,248.73,247.56,248.7089,674403
2026-07-04 10:40:00,248.64,249.0,248.2,248.24,636641
2026-07-04 10:41:00,248.2542,248.8446,248.19,248.4799,408771
2026-07-04 10:42:00,248.45,248.7246,248.29,248.3599,234191
2026-07-04 10:43:00,248.3234,248.48,247.28,247.58,504781
2026-07-04 10:44:00,247.64,247.68,247.16,247.3799,324297
2026-07-04 10:45:00,247.3799,247.8085,247.17,247.8085,285088
2026-07-04 10:46:00,247.814,248.33,247.6,247.6,387066
2026-07-04 10:47:00,247.6346,247.95,247.22,247.8339,266664
2026-07-04 10:48:00,247.805,248.55,247.76,248.55,359678
2026-07-04 10:49:00,248.55,249.44,248.51,249.18,594405
2026-07-04 10:50:00,249.165,249.2292,248.64,248.7956,457490
2026-07-04 10:51:00,248.78,248.99,248.52,248.83,270182
2026-07-04 10:52:00,248.8299,249.35,248.62,248.85,373432
2026-07-04 10:53:00,248.8296,249.0,248.34,248.5139,325271
2026-07-04 10:54:00,248.515,249.05,248.41,249.01,255067
2026-07-04 10:55:00,248.9976,249.64,248.9976,249.31,569174
2026-07-04 10:56:00,249.33,249.4662,248.7,248.7955,342571
2026-07-04 10:57:00,248.78,249.12,248.6204,249.0039,342100
2026-07-04 10:58:00,249.01,249.35,248.46,248.714,349074
2026-07-04 10:59:00,248.68,248.7199,247.71,247.8799,574230
2026-07-04 11:00:00,247.8795,248.33,247.7237,247.96,350698
2026-07-04 11:01:00,247.99,248.3185,247.9,248.23,250440
2026-07-04 11:02:00,248.26,248.5,248.08,248.431,260677
2026-07-04 11:03:00,248.44,248.6895,247.73,248.0299,384613
2026-07-04 11:04:00,247.95,248.6699,247.95,248.5401,275803
2026-07-04 11:05:00,248.54,248.95,248.17,248.35,277940
2026-07-04 11:06:00,248.3372,249.14,248.3372,249.04,323764
2026-07-04 11:07:00,249.0348,249.53,248.9435,249.5,511325
2026-07-04 11:08:00,249.5,250.57,249.24,250.53,1035348
2026-07-04 11:09:00,250.56,250.57,249.4,249.51,544539
2026-07-04 11:10:00,249.5663,249.96,249.34,249.7,377181
2026-07-04 11:11:00,249.695,250.1,249.66,249.8186,364914
2026-07-04 11:12:00,249.835,250.08,249.5,249.88,338221
2026-07-04 11:13:00,249.89,250.09,249.5227,249.77,286674
2026-07-04 11:14:00,249.75,249.84,249.33,249.5352,243967
2026-07-04 11:15:00,249.5,249.6,249.1,249.22,339315
2026-07-04 11:16:00,249.2463,249.265,248.7111,249.1714,365244
2026-07-04 11:17:00,249.17,249.58,249.0101,249.4401,293489
2026-07-04 11:18:00,249.465,249.5199,248.95,249.21,252079
2026-07-04 11:19:00,249.216,249.305,249.1,249.225,176479
2026-07-04 11:20:00,249.19,249.225,248.68,248.8579,308242
2026-07-04 11:21:00,248.86,248.99,248.67,248.7902,228199
2026-07-04 11:22:00,248.8358,249.04,248.53,248.53,255203
2026-07-04 11:23:00,248.54,248.78,248.27,248.52,705480
2026-07-04 11:24:00,248.51,248.6786,248.114,248.6099,305628
2026-07-04 11:25:00,248.55,249.14,248.42,248.918,388161
2026-07-04 11:26:00,248.94,248.9599,248.12,248.3501,408278
2026-07-04 11:27:00,248.37,248.59,248.13,248.185,243425
2026-07-04 11:28:00,248.185,248.68,248.15,248.6251,247875
2026-07-04 11:29:00,248.6,249.01,248.31,248.4,313513
2026-07-04 11:30:00,248.39,248.938,248.27,248.8499,214272
2026-07-04 11:31:00,248.79,249.03,248.7801,248.97,231891
2026-07-04 11:32:00,248.945,249.03,248.61,248.78,250355
2026-07-04 11:33:00,248.775,249.11,248.4272,248.655,282168
2026-07-04 11:34:00,248.68,248.8,248.29,248.64,258984
2026-07-04 11:35:00,248.65,248.89,248.53,248.5813,141233
2026-07-04 11:36:00,248.57,248.66,248.13,248.275,271740
2026-07-04 11:37:00,248.3,248.7653,248.22,248.5599,270852
2026-07-04 11:38:00,248.5374,249.0,248.3401,248.9121,253672
2026-07-04 11:39:00,248.935,249.17,248.5641,248.9901,233763
2026-07-04 11:40:00,248.9838,249.29,248.9801,249.0935,260120
2026-07-04 11:41:00,249.06,249.27,248.7017,249.2,264782
2026-07-04 11:42:00,249.1746,249.34,249.0,249.06,168928
2026-07-04 11:43:00,249.05,249.21,248.9001,249.11,190060
2026-07-04 11:44:00,249.13,249.18,248.94,249.0903,153159
2026-07-04 11:45:00,249.09,249.34,249.03,249.2699,225968
2026-07-04 11:46:00,249.24,249.4,249.17,249.35,196832
2026-07-04 11:47:00,249.3462,249.46,249.12,249.197,191690
2026-07-04 11:48:00,249.24,249.33,248.66,248.7788,305924
2026-07-04 11:49:00,248.785,249.29,248.71,249.205,216801
2026-07-04 11:50:00,249.23,249.23,248.8,248.85,153612
2026-07-04 11:51:00,248.87,248.9699,248.5569,248.8671,220616
2026-07-04 11:52:00,248.8499,249.05,248.702,248.96,163317
2026-07-04 11:53:00,248.9191,249.07,248.46,248.51,210357
2026-07-04 11:54:00,248.51,248.9,248.3,248.73,221741
2026-07-04 11:55:00,248.73,248.75,248.35,248.3999,131699
2026-07-04 11:56:00,248.3781,248.5294,248.21,248.3871,228414
2026-07-04 11:57:00,248.4,248.5,248.2766,248.41,97658
2026-07-04 11:58:00,248.41,248.4399,248.21,248.3,144524
2026-07-04 11:59:00,248.27,248.2999,247.4,247.46,581673
2026-07-04 12:00:00,247.4482,247.6446,246.54,246.5401,478540
2026-07-04 12:01:00,246.54,247.01,246.47,246.9509,368516
2026-07-04 12:02:00,246.9637,247.0,246.42,246.505,392037
2026-07-04 12:03:00,246.5264,246.7796,246.11,246.685,471421
2026-07-04 12:04:00,246.7399,246.7399,246.33,246.5699,236882
2026-07-04 12:05:00,246.52,246.75,246.24,246.6085,318154
2026-07-04 12:06:00,246.5562,246.6022,245.81,246.01,541650
2026-07-04 12:07:00,246.025,246.25,245.792,246.17,322498
2026-07-04 12:08:00,246.2,246.34,245.82,246.32,308936
2026-07-04 12:09:00,246.2956,247.16,246.21,246.905,433127
2026-07-04 12:10:00,246.85,246.92,246.39,246.5288,296137
2026-07-04 12:11:00,246.536,246.6299,246.0167,246.03,263508
2026-07-04 12:12:00,246.01,246.3883,245.97,246.0967,291645
2026-07-04 12:13:00,246.13,246.75,246.1201,246.6797,302618
2026-07-04 12:14:00,246.6797,247.06,246.61,246.83,292963
2026-07-04 12:15:00,246.82,247.1346,246.63,246.77,297508
2026-07-04 12:16:00,246.7475,246.8499,246.42,246.5901,203409
2026-07-04 12:17:00,246.6,247.08,246.44,247.02,212805
2026-07-04 12:18:00,247.09,247.1,246.75,246.82,226404
2026-07-04 12:19:00,246.795,246.9,246.5,246.6,200571
2026-07-04 12:20:00,246.6199,246.65,246.1706,246.64,210199
2026-07-04 12:21:00,246.62,246.6799,246.227,246.645,140267
2026-07-04 12:22:00,246.635,246.87,246.62,246.73,158966
2026-07-04 12:23:00,246.7544,246.8272,246.55,246.6247,94658
2026-07-04 12:24:00,246.59,246.62,246.2,246.2,244909
2026-07-04 12:25:00,246.2,246.5799,246.1001,246.325,195827
2026-07-04 12:26:00,246.29,246.55,246.28,246.4203,133392
2026-07-04 12:27:00,246.45,246.6199,246.12,246.42,210192
2026-07-04 12:28:00,246.44,246.4599,245.851,246.11,283908
2026-07-04 12:29:00,246.12,246.1538,245.85,245.8587,166781
2026-07-04 12:30:00,245.85,245.85,244.89,245.07,799193
2026-07-04 12:31:00,245.0539,245.45,245.0539,245.3442,282638
2026-07-04 12:32:00,245.3899,245.3899,245.1,245.2324,182092
2026-07-04 12:33:00,245.25,245.66,245.22,245.63,252941
2026-07-04 12:34:00,245.6072,246.14,245.6072,245.98,298024
2026-07-04 12:35:00,246.0,246.45,245.71,246.3362,384508
2026-07-04 12:36:00,246.3306,246.81,246.14,246.7301,334852
2026-07-04 12:37:00,246.76,246.78,246.27,246.6903,202729
2026-07-04 12:38:00,246.6754,246.98,246.35,246.74,266285
2026-07-04 12:39:00,246.695,246.72,246.49,246.52,127799
2026-07-04 12:40:00,246.5001,246.5999,246.36,246.475,143247
2026-07-04 12:41:00,246.4364,246.4609,246.16,246.19,160666
2026-07-04 12:42:00,246.1602,246.2299,245.7,245.815,275547
2026-07-04 12:43:00,245.8,246.4396,245.76,246.3933,246897
2026-07-04 12:44:00,246.42,246.5599,246.15,246.39,167189
2026-07-04 12:45:00,246.3802,246.69,246.2001,246.5599,186517
2026-07-04 12:46:00,246.56,246.6199,246.3,246.32,93201
2026-07-04 12:47:00,246.3101,246.4381,246.26,246.35,110136
2026-07-04 12:48:00,246.365,246.37,246.06,246.15,123874
2026-07-04 12:49:00,246.13,246.19,245.85,245.8538,147428
2026-07-04 12:50:00,245.875,246.3999,245.8001,246.02,193347
2026-07-04 12:51:00,246.075,246.4,245.7611,246.1032,188038
2026-07-04 12:52:00,246.0755,246.21,245.8404,245.93,134812
2026-07-04 12:53:00,245.9267,246.339,245.4402,245.48,276163
2026-07-04 12:54:00,245.5,245.7428,245.22,245.7393,268518
2026-07-04 12:55:00,245.74,245.78,245.3601,245.6201,169351
2026-07-04 12:56:00,245.63,245.83,245.52,245.7878,119144
2026-07-04 12:57:00,245.79,245.9477,245.53,245.5405,174420
2026-07-04 12:58:00,245.565,245.99,245.42,245.945,187492
2026-07-04 12:59:00,245.9679,246.26,245.9679,246.1156,182918
2026-07-04 13:00:00,246.14,246.25,246.0,246.11,158002
2026-07-04 13:01:00,246.16,246.16,245.85,246.0559,106613
2026-07-04 13:02:00,246.048,246.0683,245.62,245.73,143522
2026-07-04 13:03:00,245.71,245.8,245.32,245.32,188754
2026-07-04 13:04:00,245.3039,245.38,245.02,245.1705,259320
2026-07-04 13:05:00,245.18,245.64,245.17,245.51,273209
2026-07-04 13:06:00,245.5,245.52,244.6801,244.7425,388126
2026-07-04 13:07:00,244.745,244.94,244.44,244.59,332323
2026-07-04 13:08:00,244.56,244.75,244.3301,244.3685,244968
2026-07-04 13:09:00,244.34,244.68,244.11,244.21,282198
2026-07-04 13:10:00,244.1721,244.5399,243.94,244.415,417795
2026-07-04 13:11:00,244.39,244.83,244.39,244.69,264095
2026-07-04 13:12:00,244.71,244.89,244.59,244.675,164667
2026-07-04 13:13:00,244.675,245.0694,244.6,245.0,277197
2026-07-04 13:14:00,244.9812,245.15,244.7706,245.105,169216
2026-07-04 13:15:00,245.105,245.8847,245.07,245.556,364455
2026-07-04 13:16:00,245.5504,245.6398,245.26,245.6326,208764
2026-07-04 13:17:00,245.6127,245.835,245.37,245.535,202162
2026-07-04 13:18:00,245.5549,245.8499,245.4,245.8221,187440
2026-07-04 13:19:00,245.8465,246.18,245.75,246.0001,304873
2026-07-04 13:20:00,246.035,250.0,245.84,245.96,146708
2026-07-04 13:21:00,245.9642,245.9642,245.721,245.8021,145076
2026-07-04 13:22:00,245.8,246.1,245.78,245.96,197072
2026-07-04 13:23:00,245.97,246.06,245.85,245.93,143376
2026-07-04 13:24:00,245.9001,246.18,245.9001,246.07,170850
2026-07-04 13:25:00,246.09,246.79,246.07,246.7129,484605
2026-07-04 13:26:00,246.68,246.9899,246.62,246.65,305618
2026-07-04 13:27:00,246.67,246.9573,246.6,246.9573,242096
2026-07-04 13:28:00,246.96,247.08,246.53,246.6806,249876
2026-07-04 13:29:00,246.6458,246.77,246.61,246.645,134665
2026-07-04 13:30:00,246.632,246.9,246.53,246.57,184554
2026-07-04 13:31:00,246.534,246.88,246.534,246.7299,136747
2026-07-04 13:32:00,246.7003,246.85,246.6001,246.7404,175830
2026-07-04 13:33:00,246.74,247.05,246.4,247.0041,279553
2026-07-04 13:34:00,247.04,247.44,246.98,247.325,353796
2026-07-04 13:35:00,247.34,247.3805,247.0101,247.12,236581
2026-07-04 13:36:00,247.0933,247.34,247.03,247.09,149769
2026-07-04 13:37:00,247.105,247.1488,246.88,246.925,177415
2026-07-04 13:38:00,246.925,247.31,246.9077,247.31,195523
2026-07-04 13:39:00,247.32,247.3399,247.077,247.2399,155789
2026-07-04 13:40:00,247.2,247.2499,246.8947,246.9301,151857
2026-07-04 13:41:00,246.9145,247.1,246.76,247.0819,222845
2026-07-04 13:42:00,247.09,247.7889,247.09,247.7211,381218
2026-07-04 13:43:00,247.71,247.83,247.65,247.6568,221710
2026-07-04 13:44:00,247.675,247.75,247.5,247.7206,160494
2026-07-04 13:45:00,247.75,248.0,247.64,247.8522,302567
2026-07-04 13:46:00,247.86,248.14,247.7978,248.085,277501
2026-07-04 13:47:00,248.085,248.09,247.85,247.94,176270
2026-07-04 13:48:00,247.945,247.9497,247.54,247.68,206417
2026-07-04 13:49:00,247.62,249.1075,247.5,247.5259,216786
2026-07-04 13:50:00,247.54,247.76,247.37,247.735,216836
2026-07-04 13:51:00,247.7541,248.07,247.71,247.8285,260735
2026-07-04 13:52:00,247.8059,247.8399,247.4,247.55,212805
2026-07-04 13:53:00,247.5041,247.68,247.105,247.6541,284041
2026-07-04 13:54:00,247.6567,247.8,247.44,247.77,177215
2026-07-04 13:55:00,247.7701,248.0,247.72,247.9,209202
2026-07-04 13:56:00,247.88,247.95,247.75,247.8539,115700
2026-07-04 13:57:00,247.88,248.21,247.78,248.0314,269438
2026-07-04 13:58:00,248.0304,248.579,247.98,248.4301,360798
2026-07-04 13:59:00,248.45,248.89,248.4101,248.72,471863
2026-07-04 14:00:00,248.7495,248.8,248.35,248.42,232168
2026-07-04 14:01:00,248.4199,248.43,247.94,248.09,297595
2026-07-04 14:02:00,248.089,248.3899,248.0503,248.28,254381
2026-07-04 14:03:00,248.27,248.52,248.21,248.42,183086
2026-07-04 14:04:00,248.4148,248.71,248.41,248.66,241163
2026-07-04 14:05:00,248.66,249.29,248.41,249.1517,608825
2026-07-04 14:06:00,249.14,249.5394,249.0701,249.2501,525349
2026-07-04 14:07:00,249.225,249.48,249.03,249.3799,346835
2026-07-04 14:08:00,249.36,249.71,249.33,249.64,386632
2026-07-04 14:09:00,249.622,249.71,249.22,249.52,340364
2026-07-04 14:10:00,249.5,249.83,249.4301,249.7601,383276
2026-07-04 14:11:00,249.785,250.31,249.51,250.17,944952
2026-07-04 14:12:00,250.2,250.28,249.36,249.3601,453963
2026-07-04 14:13:00,249.39,249.79,249.37,249.4405,267201
2026-07-04 14:14:00,249.45,249.45,249.04,249.1091,390889
2026-07-04 14:15:00,249.1345,249.51,249.1,249.375,302182
2026-07-04 14:16:00,249.42,249.46,249.0294,249.21,248262
2026-07-04 14:17:00,249.2,249.39,249.0412,249.3302,232368
2026-07-04 14:18:00,249.3047,249.44,249.02,249.1,217853
2026-07-04 14:19:00,249.09,249.34,249.07,249.2599,168046
2026-07-04 14:20:00,249.236,249.41,249.01,249.1398,259495
2026-07-04 14:21:00,249.145,249.22,249.0,249.04,209544
2026-07-04 14:22:00,249.03,249.21,248.71,249.06,388528
2026-07-04 14:23:00,249.0,249.31,249.0,249.07,219943
2026-07-04 14:24:00,249.0699,249.75,249.0,249.725,340855
2026-07-04 14:25:00,249.74,250.06,249.6,250.0127,425493
2026-07-04 14:26:00,250.0101,250.0955,249.29,249.326,370615
2026-07-04 14:27:00,249.3317,249.42,248.95,249.1505,293018
2026-07-04 14:28:00,249.18,249.55,249.03,249.2307,240703
2026-07-04 14:29:00,249.23,249.4199,249.07,249.215,172359
2026-07-04 14:30:00,249.191,249.3799,249.04,249.2099,159922
2026-07-04 14:31:00,249.15,249.1899,248.6,248.995,343738
2026-07-04 14:32:00,248.9534,249.32,248.9295,249.08,161771
2026-07-04 14:33:00,249.0934,249.34,248.923,248.98,174686
2026-07-04 14:34:00,249.02,249.2,248.67,248.9,216361
2026-07-04 14:35:00,248.9,248.9299,248.53,248.73,261561
2026-07-04 14:36:00,248.7599,248.7775,248.54,248.55,122240
2026-07-04 14:37:00,248.5548,248.73,248.51,248.56,250220
2026-07-04 14:38:00,248.577,248.8,248.51,248.7,157574
2026-07-04 14:39:00,248.7,248.7,248.51,248.581,115131
2026-07-04 14:40:00,248.58,248.75,248.5,248.655,197712
2026-07-04 14:41:00,248.6666,248.73,248.48,248.59,181039
2026-07-04 14:42:00,248.62,248.78,248.4,248.4601,225354
2026-07-04 14:43:00,248.4381,248.7187,248.27,248.7,253152
2026-07-04 14:44:00,248.71,249.1576,248.69,249.0983,322064
2026-07-04 14:45:00,249.0837,249.1,248.73,248.994,233772
2026-07-04 14:46:00,249.006,249.28,248.9036,248.9883,225092
2026-07-04 14:47:00,248.9301,248.9555,248.63,248.83,155188
2026-07-04 14:48:00,248.85,249.12,248.8101,248.9615,160869
2026-07-04 14:49:00,248.9668,249.3,248.76,249.24,202304
2026-07-04 14:50:00,249.2401,249.5,249.0,249.465,240212
2026-07-04 14:51:00,249.4549,249.4999,249.06,249.2,195148
2026-07-04 14:52:00,249.2,249.5499,249.17,249.28,203704
2026-07-04 14:53:00,249.2584,249.4299,249.15,249.255,158299
2026-07-04 14:54:00,249.25,249.4199,249.24,249.31,123558
2026-07-04 14:55:00,249.31,249.56,249.28,249.3,181597
2026-07-04 14:56:00,249.28,249.4499,249.24,249.37,149881
2026-07-04 14:57:00,249.36,249.41,249.24,249.33,132534
2026-07-04 14:58:00,249.3499,249.3499,248.97,249.225,218608
2026-07-04 14:59:00,249.21,249.25,248.9,248.95,139088
2026-07-04 15:00:00,248.94,249.0997,248.79,248.9556,195493
2026-07-04 15:01:00,248.96,249.07,248.83,248.9501,140273
2026-07-04 15:02:00,248.9732,249.5,248.9539,249.38,274000
2026-07-04 15:03:00,249.3652,249.3799,249.1001,249.36,131241
2026-07-04 15:04:00,249.3538,249.49,249.32,249.394,166589
2026-07-04 15:05:00,249.4099,249.8,249.37,249.8,263568
2026-07-04 15:06:00,249.8,249.95,249.78,249.95,299539
2026-07-04 15:07:00,249.9499,249.96,249.73,249.73,186862
2026-07-04 15:08:00,249.74,250.03,249.65,249.9401,364211
2026-07-04 15:09:00,249.97,249.99,249.82,249.9237,159007
2026-07-04 15:10:00,249.9563,250.24,249.68,249.7616,504331
2026-07-04 15:11:00,249.7601,249.9999,249.72,249.86,184472
2026-07-04 15:12:00,249.8201,249.8799,249.46,249.5801,226531
2026-07-04 15:13:00,249.6072,249.68,249.35,249.6599,192952
2026-07-04 15:14:00,249.6454,250.0,249.6454,249.9156,257009
2026-07-04 15:15:00,249.9006,250.43,249.87,250.324,401801
2026-07-04 15:16:00,250.32,250.37,250.16,250.2485,279640
2026-07-04 15:17:00,250.2473,250.55,250.23,250.3754,393924
2026-07-04 15:18:00,250.37,250.78,250.3528,250.65,411497
2026-07-04 15:19:00,250.6501,251.375,250.65,251.344,691995
2026-07-04 15:20:00,251.34,251.58,251.2,251.4098,562571
2026-07-04 15:21:00,251.381,251.3954,250.94,251.0314,473443
2026-07-04 15:22:00,251.04,251.47,251.02,251.418,286070
2026-07-04 15:23:00,251.4,251.57,251.14,251.23,389243
2026-07-04 15:24:00,251.215,251.47,251.1125,251.3708,275918
2026-07-04 15:25:00,251.4,251.42,250.7,250.75,395185
2026-07-04 15:26:00,250.77,251.0,250.57,250.96,368159
2026-07-04 15:27:00,250.97,251.16,250.82,250.885,242864
2026-07-04 15:28:00,250.885,251.16,250.6508,250.68,278386
2026-07-04 15:29:00,250.6961,250.7424,250.43,250.5232,276550
2026-07-04 15:30:00,250.54,250.7199,250.26,250.32,303863
2026-07-04 15:31:00,250.3177,250.56,250.2,250.4499,300865
2026-07-04 15:32:00,250.4499,250.55,250.26,250.4718,194093
2026-07-04 15:33:00,250.47,250.6,250.3,250.5211,219421
2026-07-04 15:34:00,250.5399,250.57,250.32,250.425,190432
2026-07-04 15:35:00,250.39,250.4452,249.96,250.115,457140
2026-07-04 15:36:00,250.1286,250.3895,249.81,250.3,380251
2026-07-04 15:37:00,250.31,250.34,250.0801,250.11,181443
2026-07-04 15:38:00,250.14,250.19,249.78,249.8101,305002
2026-07-04 15:39:00,249.84,250.085,249.5701,249.605,335537
2026-07-04 15:40:00,249.61,249.87,249.48,249.74,356015
2026-07-04 15:41:00,249.735,250.2,249.725,250.005,407652
2026-07-04 15:42:00,249.99,250.18,249.75,249.87,264161
2026-07-04 15:43:00,249.86,249.9699,249.72,249.8436,179476
2026-07-04 15:44:00,249.8475,250.15,249.81,249.9825,234494
2026-07-04 15:45:00,249.97,250.14,249.85,249.9993,219657
2026-07-04 15:46:00,250.0038,250.43,249.97,250.3699,327422
2026-07-04 15:47:00,250.366,250.367,249.73,249.8101,304825
2026-07-04 15:48:00,249.8199,249.9588,249.6701,249.6872,256417
2026-07-04 15:49:00,249.7076,250.02,249.67,249.83,276124
2026-07-04 15:50:00,249.86,250.5,249.86,249.9001,491112
2026-07-04 15:51:00,249.92,250.261,249.67,250.045,319985
2026-07-04 15:52:00,250.07,250.34,249.78,250.2101,351762
2026-07-04 15:53:00,250.23,250.689,250.0601,250.5234,436556
2026-07-04 15:54:00,250.535,251.0,250.27,251.0,465129
2026-07-04 15:55:00,251.0,251.4,250.93,251.21,580274
2026-07-04 15:56:00,251.21,251.71,251.14,251.698,535005
2026-07-04 15:57:00,251.6833,251.82,251.61,251.728,673308
2026-07-04 15:58:00,251.71,251.83,251.64,251.82,494367
2026-07-04 15:59:00,251.83,251.83,251.06,251.42,1100162
2026-07-07 09:30:00,247.71,248.46,246.64,246.9554,1557803
2026-07-07 09:31:00,246.96,248.24,246.8,247.635,631272
2026-07-07 09:32:00,247.655,249.27,247.1001,248.7595,885387
2026-07-07 09:33:00,248.76,248.827,246.58,246.6583,775778
2026-07-07 09:34:00,246.7,246.8,245.9,245.9808,923597
2026-07-07 09:35:00,246.0399,246.55,245.88,246.1404,738042
2026-07-07 09:36:00,246.14,247.71,245.95,247.2521,780016
2026-07-07 09:37:00,247.215,247.9045,247.0,247.82,576023
2026-07-07 09:38:00,247.76,247.85,247.1138,247.62,482909
2026-07-07 09:39:00,247.68,248.2,247.59,247.6649,427734
2026-07-07 09:40:00,247.68,247.7039,246.64,246.68,565280
2026-07-07 09:41:00,246.6899,246.99,246.31,246.5562,459391
2026-07-07 09:42:00,246.5491,246.88,246.3302,246.3903,402429
2026-07-07 09:43:00,246.355,246.55,246.06,246.22,511234
2026-07-07 09:44:00,246.23,246.7299,246.0301,246.675,465915
2026-07-07 09:45:00,246.66,246.88,246.35,246.475,394324
2026-07-07 09:46:00,246.4401,246.5687,245.88,245.9101,580659
2026-07-07 09:47:00,246.0,246.23,245.29,245.35,813446
2026-07-07 09:48:00,245.35,245.74,245.12,245.191,558251
2026-07-07 09:49:00,245.205,245.88,245.01,245.05,647253
2026-07-07 09:50:00,245.045,245.87,244.57,245.7399,921680
2026-07-07 09:51:00,245.6962,246.53,245.695,246.485,567113
2026-07-07 09:52:00,246.51,246.7,245.88,245.88,381282
2026-07-07 09:53:00,245.9,246.23,245.5,246.1,386838
2026-07-07 09:54:00,246.16,246.35,245.95,246.23,237909
2026-07-07 09:55:00,246.2536,247.45,246.24,247.44,570353
2026-07-07 09:56:00,247.44,248.4,247.4094,248.24,751302
2026-07-07 09:57:00,248.27,248.39,248.04,248.1311,460976
2026-07-07 09:58:00,248.21,248.89,248.02,248.8799,576137
2026-07-07 09:59:00,248.84,249.68,248.83,249.59,835059
2026-07-07 10:00:00,249.605,249.7434,248.9001,249.16,741409
2026-07-07 10:01:00,249.1565,249.58,248.85,249.58,537615
2026-07-07 10:02:00,249.555,251.21,249.53,250.805,1286969
2026-07-07 10:03:00,250.823,252.25,250.7169,251.9006,1145352
2026-07-07 10:04:00,251.92,253.12,251.9,252.82,1246727
2026-07-07 10:05:00,252.92,253.17,252.21,252.4231,989311
2026-07-07 10:06:00,252.43,254.14,252.3601,253.8959,1258096
2026-07-07 10:07:00,253.84,254.12,253.53,254.05,706827
2026-07-07 10:08:00,254.0822,254.09,253.19,253.32,612300
2026-07-07 10:09:00,253.33,253.73,252.8404,253.0,555583
2026-07-07 10:10:00,252.95,253.591,252.86,253.4135,420391
2026-07-07 10:11:00,253.41,253.77,252.8001,253.0404,534014
2026-07-07 10:12:00,253.07,253.38,252.58,252.74,464853
2026-07-07 10:13:00,252.77,252.9499,252.07,252.236,542027
2026-07-07 10:14:00,252.21,252.61,252.13,252.46,360198
2026-07-07 10:15:00,252.465,252.75,251.4,251.44,668169
2026-07-07 10:16:00,251.42,252.2,251.21,252.1174,578526
2026-07-07 10:17:00,252.0401,252.07,251.03,251.1332,409949
2026-07-07 10:18:00,251.136,251.746,251.1,251.38,307200
2026-07-07 10:19:00,251.4,251.81,251.18,251.2,332646
2026-07-07 10:20:00,251.22,251.99,250.93,251.955,526527
2026-07-07 10:21:00,251.988,252.45,251.4301,251.6529,571048
2026-07-07 10:22:00,251.66,252.0899,251.3,251.445,384333
2026-07-07 10:23:00,251.42,251.8673,251.02,251.159,348551
2026-07-07 10:24:00,251.1646,251.2934,250.66,251.2195,426214
2026-07-07 10:25:00,251.2199,251.26,250.83,251.06,253343
2026-07-07 10:26:00,251.1456,251.6,250.8,251.3,305533
2026-07-07 10:27:00,251.33,251.4,250.36,250.531,388559
2026-07-07 10:28:00,250.5278,250.81,250.24,250.5955,341771
2026-07-07 10:29:00,250.575,250.75,250.34,250.5164,262571
2026-07-07 10:30:00,250.51,251.15,250.44,251.03,360969
2026-07-07 10:31:00,250.99,251.09,250.37,250.4,258949
2026-07-07 10:32:00,250.4643,251.2899,250.4037,250.9939,325816
2026-07-07 10:33:00,251.0,251.36,250.775,250.9,274630
2026-07-07 10:34:00,250.86,251.5,250.79,251.44,297211
2026-07-07 10:35:00,251.4681,252.22,251.4681,251.77,603323
2026-07-07 10:36:00,251.77,251.86,250.44,250.5301,470206
2026-07-07 10:37:00,250.56,251.4,250.46,251.21,362206
2026-07-07 10:38:00,251.168,252.27,251.01,252.08,392288
2026-07-07 10:39:00,252.065,252.6999,251.8335,252.63,518761
2026-07-07 10:40:00,252.6171,252.6824,252.12,252.24,329583
2026-07-07 10:41:00,252.234,252.72,252.102,252.535,255739
2026-07-07 10:42:00,252.53,253.03,252.41,252.73,531795
2026-07-07 10:43:00,252.66,252.75,252.2,252.5,327598
2026-07-07 10:44:00,252.52,252.83,252.33,252.8,299826
2026-07-07 10:45:00,252.7301,252.85,252.05,252.3486,343826
2026-07-07 10:46:00,252.3399,252.85,252.28,252.5694,318665
2026-07-07 10:47:00,252.5295,252.6399,251.94,252.13,306052
2026-07-07 10:48:00,252.11,252.28,251.5201,251.7299,365061
2026-07-07 10:49:00,251.67,251.9999,251.52,251.825,205059
2026-07-07 10:50:00,251.815,251.94,251.52,251.8479,170724
2026-07-07 10:51:00,251.86,252.06,251.41,251.6699,311523
2026-07-07 10:52:00,251.63,251.95,251.6101,251.835,185407
2026-07-07 10:53:00,251.835,252.49,251.78,252.05,338414
2026-07-07 10:54:00,252.05,252.52,251.8,252.5,281998
2026-07-07 10:55:00,252.53,253.46,252.3601,253.425,650260
2026-07-07 10:56:00,253.425,254.0,253.425,253.6969,665657
2026-07-07 10:57:00,253.67,253.76,252.85,253.0199,471733
2026-07-07 10:58:00,253.02,253.2999,252.51,252.7,358758
2026-07-07 10:59:00,252.675,253.33,252.5737,253.225,324839
2026-07-07 11:00:00,253.225,253.53,253.04,253.2553,344480
2026-07-07 11:01:00,253.23,255.32,253.0701,255.27,1536638
2026-07-07 11:02:00,255.2249,255.2684,254.6,254.9253,748973
2026-07-07 11:03:00,254.9274,255.11,254.72,254.9801,457268
2026-07-07 11:04:00,254.98,255.14,254.8901,254.9232,352462
2026-07-07 11:05:00,254.92,255.08,254.4376,254.5,446801
2026-07-07 11:06:00,254.495,254.67,254.17,254.47,314351
2026-07-07 11:07:00,254.48,254.7,253.67,254.1439,416288
2026-07-07 11:08:00,254.11,254.8,254.0701,254.425,372848
2026-07-07 11:09:00,254.45,254.63,254.14,254.3895,235696
2026-07-07 11:10:00,254.4399,254.45,254.0801,254.3,192407
2026-07-07 11:11:00,254.3,255.2999,254.2772,255.2194,554386
2026-07-07 11:12:00,255.2,256.1,255.184,255.74,961070
2026-07-07 11:13:00,255.6467,255.97,255.25,255.855,469918
2026-07-07 11:14:00,255.8529,256.16,255.5,255.79,518290
2026-07-07 11:15:00,255.7643,256.02,255.5101,255.5119,381084
2026-07-07 11:16:00,255.5358,255.9,255.43,255.8454,329205
2026-07-07 11:17:00,255.855,256.0,255.5,255.65,285706
2026-07-07 11:18:00,255.6411,256.05,255.64,255.955,277311
2026-07-07 11:19:00,255.9314,256.64,253.5517,256.4267,689609
2026-07-07 11:20:00,256.4,256.67,255.5,255.87,583595
2026-07-07 11:21:00,255.912,256.53,254.355,256.2576,424690
2026-07-07 11:22:00,256.274,256.7599,256.2391,256.58,368264
2026-07-07 11:23:00,256.57,256.6,255.91,256.01,452003
2026-07-07 11:24:00,256.01,256.349,255.92,256.0999,618498
2026-07-07 11:25:00,256.1025,256.45,255.72,256.38,367503
2026-07-07 11:26:00,256.38,256.64,256.15,256.6,325463
2026-07-07 11:27:00,256.6211,256.6365,255.88,256.169,317509
2026-07-07 11:28:00,256.22,256.46,255.9201,256.03,332697
2026-07-07 11:29:00,256.0499,256.47,255.9,256.2613,276311
2026-07-07 11:30:00,256.2949,257.1,256.11,256.8,640356
2026-07-07 11:31:00,256.93,257.01,256.57,256.6793,359775
2026-07-07 11:32:00,256.67,257.11,256.54,256.91,427367
2026-07-07 11:33:00,256.935,257.13,256.8501,256.9872,413037
2026-07-07 11:34:00,256.98,257.7,256.81,257.46,629273
2026-07-07 11:35:00,257.4793,257.6376,256.8,257.12,500593
2026-07-07 11:36:00,257.123,257.18,256.67,256.87,306548
2026-07-07 11:37:00,256.84,257.43,256.8394,257.24,303254
2026-07-07 11:38:00,257.25,257.49,256.75,256.9174,401007
2026-07-07 11:39:00,256.87,257.85,256.8094,257.82,552539
2026-07-07 11:40:00,257.8,257.88,257.39,257.8101,411501
2026-07-07 11:41:00,257.84,258.48,257.7001,258.3899,877182
2026-07-07 11:42:00,258.35,259.0,258.16,258.95,637711
2026-07-07 11:43:00,258.97,259.09,258.6401,258.6938,756725
2026-07-07 11:44:00,258.74,259.0,258.1764,258.36,491102
2026-07-07 11:45:00,258.35,258.7563,258.24,258.3897,429066
2026-07-07 11:46:00,258.38,258.41,257.81,257.939,505262
2026-07-07 11:47:00,257.96,258.36,257.75,257.965,428792
2026-07-07 11:48:00,257.99,258.63,257.8,258.3619,391486
2026-07-07 11:49:00,258.36,258.37,257.86,258.07,354063
2026-07-07 11:50:00,258.05,258.27,257.75,257.91,302186
2026-07-07 11:51:00,257.8501,258.25,257.76,258.0801,306996
2026-07-07 11:52:00,258.108,258.63,257.57,257.7983,522820
2026-07-07 11:53:00,257.795,257.8199,257.25,257.735,393729
2026-07-07 11:54:00,257.7151,258.03,257.6001,257.8999,267374
2026-07-07 11:55:00,257.9,258.3,257.9,258.12,355048
2026-07-07 11:56:00,258.13,258.15,257.82,258.105,217773
2026-07-07 11:57:00,258.115,258.74,258.1001,258.67,471019
2026-07-07 11:58:00,258.65,259.35,258.55,259.03,668626
2026-07-07 11:59:00,259.04,259.439,259.0201,259.1569,542609
2026-07-07 12:00:00,259.21,259.25,258.5501,258.795,438709
2026-07-07 12:01:00,258.79,259.23,258.7401,258.985,335655
2026-07-07 12:02:00,258.9501,259.0006,258.25,258.3822,505975
2026-07-07 12:03:00,258.3811,258.46,257.8,257.8952,372373
2026-07-07 12:04:00,257.9199,258.43,257.88,258.18,333095
2026-07-07 12:05:00,258.1401,258.1792,257.58,257.6399,488582
2026-07-07 12:06:00,257.6323,257.75,257.37,257.69,380676
2026-07-07 12:07:00,257.69,257.7199,256.88,256.9601,375287
2026-07-07 12:08:00,257.0,257.2699,256.88,257.02,347489
2026-07-07 12:09:00,257.01,257.04,256.53,256.6,375529
2026-07-07 12:10:00,256.598,256.95,256.4,256.9104,388012
2026-07-07 12:11:00,256.9346,257.3399,256.75,257.105,403494
2026-07-07 12:12:00,257.08,257.41,256.9901,257.0679,301181
2026-07-07 12:13:00,257.08,257.26,256.8,256.9145,272373
2026-07-07 12:14:00,256.8721,257.18,256.8,257.15,222542
2026-07-07 12:15:00,257.15,257.25,256.9801,257.19,160498
2026-07-07 12:16:00,257.2,257.2099,256.64,256.7599,255825
2026-07-07 12:17:00,256.72,256.8699,256.5,256.5543,325043
2026-07-07 12:18:00,256.56,256.56,256.15,256.37,456434
2026-07-07 12:19:00,256.3501,256.425,255.93,256.14,429487
2026-07-07 12:20:00,256.13,256.49,256.13,256.445,225251
2026-07-07 12:21:00,256.44,256.49,255.91,256.0328,295156
2026-07-07 12:22:00,256.04,256.17,255.82,255.87,248776
2026-07-07 12:23:00,255.875,255.95,255.71,255.735,195644
2026-07-07 12:24:00,255.7114,256.33,255.63,256.18,374141
2026-07-07 12:25:00,256.2161,256.49,255.94,256.1776,300958
2026-07-07 12:26:00,256.25,256.2799,255.71,255.9899,186679
2026-07-07 12:27:00,255.9566,256.18,255.82,255.96,225599
2026-07-07 12:28:00,255.969,256.2308,255.87,256.085,195588
2026-07-07 12:29:00,256.06,256.19,255.88,256.1358,193034
2026-07-07 12:30:00,256.1383,256.38,255.71,256.0801,323819
2026-07-07 12:31:00,256.1134,256.13,255.65,255.7025,262284
2026-07-07 12:32:00,255.764,255.99,255.45,255.538,328883
2026-07-07 12:33:00,255.5067,255.7,255.05,255.205,340561
2026-07-07 12:34:00,255.2106,255.22,254.71,254.79,446289
2026-07-07 12:35:00,254.815,255.2994,254.79,255.1999,375931
2026-07-07 12:36:00,255.15,255.21,254.8,255.0022,225067
2026-07-07 12:37:00,254.9501,255.0099,254.15,254.15,611394
2026-07-07 12:38:00,254.165,254.39,254.0,254.1101,449408
2026-07-07 12:39:00,254.11,254.38,253.83,254.09,496731
2026-07-07 12:40:00,254.07,254.76,254.05,254.4712,432943
2026-07-07 12:41:00,254.47,254.5874,254.31,254.3601,201749
2026-07-07 12:42:00,254.36,254.38,253.77,254.3442,497337
2026-07-07 12:43:00,254.3372,254.36,253.9601,254.0055,259743
2026-07-07 12:44:00,254.0055,254.05,253.6037,253.6311,425799
2026-07-07 12:45:00,253.6999,253.99,253.51,253.695,307700
2026-07-07 12:46:00,253.69,254.1,253.6001,254.045,275157
2026-07-07 12:47:00,254.035,254.39,253.87,254.2133,299532
2026-07-07 12:48:00,254.2599,254.56,254.17,254.305,392869
2026-07-07 12:49:00,254.305,254.4261,254.08,254.12,249985
2026-07-07 12:50:00,254.13,254.13,253.4401,253.72,451977
2026-07-07 12:51:00,253.69,254.3055,253.52,254.23,384820
2026-07-07 12:52:00,254.23,254.6496,254.16,254.3,402988
2026-07-07 12:53:00,254.315,254.3745,253.87,253.96,296386
2026-07-07 12:54:00,253.98,254.2826,253.927,254.07,169353
2026-07-07 12:55:00,254.0549,254.25,253.86,254.0,182392
2026-07-07 12:56:00,254.02,254.18,253.8,254.08,191648
2026-07-07 12:57:00,254.0801,254.31,253.88,253.9,182286
2026-07-07 12:58:00,253.92,254.0,253.6,253.72,235393
2026-07-07 12:59:00,253.715,253.905,252.93,253.2676,583878
2026-07-07 13:00:00,253.26,253.4,252.88,253.37,423128
2026-07-07 13:01:00,253.3442,253.3699,253.02,253.0603,278875
2026-07-07 13:02:00,253.1279,253.4499,252.93,253.0597,390503
2026-07-07 13:03:00,253.0101,253.22,252.3,252.41,515452
2026-07-07 13:04:00,252.42,252.74,252.17,252.205,498003
2026-07-07 13:05:00,252.205,252.3499,251.9,252.2,425060
2026-07-07 13:06:00,252.24,252.42,251.98,252.1,352559
2026-07-07 13:07:00,252.12,252.44,251.89,251.925,324986
2026-07-07 13:08:00,251.925,252.0599,251.46,251.57,516382
2026-07-07 13:09:00,251.5963,251.7068,251.02,251.124,534607
2026-07-07 13:10:00,251.1,251.6299,251.0,251.6299,423752
2026-07-07 13:11:00,251.5863,251.67,251.1509,251.26,294123
2026-07-07 13:12:00,251.24,251.86,251.2023,251.5153,369296
2026-07-07 13:13:00,251.5,251.79,251.5,251.77,264546
2026-07-07 13:14:00,251.7999,251.8599,251.41,251.466,332427
2026-07-07 13:15:00,251.5,251.82,251.1501,251.545,330773
2026-07-07 13:16:00,251.56,251.56,250.5,251.03,584829
2026-07-07 13:17:00,251.0155,251.3,250.6601,251.065,344056
2026-07-07 13:18:00,251.05,251.55,251.02,251.1263,273452
2026-07-07 13:19:00,251.13,251.162,250.65,250.65,305169
2026-07-07 13:20:00,250.65,250.69,250.12,250.2237,559897
2026-07-07 13:21:00,250.215,250.48,249.2601,249.4237,888708
2026-07-07 13:22:00,249.42,249.77,249.15,249.2201,449260
2026-07-07 13:23:00,249.2215,249.67,248.8,249.65,668833
2026-07-07 13:24:00,249.6284,250.2,249.6001,250.13,420089
2026-07-07 13:25:00,250.149,250.46,250.13,250.28,371753
2026-07-07 13:26:00,250.275,250.63,250.25,250.4601,337554
2026-07-07 13:27:00,250.46,251.14,250.35,251.09,459248
2026-07-07 13:28:00,251.065,251.29,250.96,251.285,438890
2026-07-07 13:29:00,251.285,252.48,251.17,251.93,665446
2026-07-07 13:30:00,251.93,252.0,251.72,251.9298,391040
2026-07-07 13:31:00,251.9,251.95,251.52,251.72,337711
2026-07-07 13:32:00,251.72,251.8599,251.45,251.72,280828
2026-07-07 13:33:00,251.705,251.7699,251.32,251.32,282095
2026-07-07 13:34:00,251.3201,251.87,251.2701,251.8374,384101
2026-07-07 13:35:00,251.8159,251.859,251.53,251.735,179083
2026-07-07 13:36:00,251.7499,251.8,251.64,251.6999,130478
2026-07-07 13:37:00,251.6999,251.9799,251.52,251.86,255735
2026-07-07 13:38:00,251.89,252.44,251.7833,252.3001,451448
2026-07-07 13:39:00,252.339,252.6365,252.24,252.525,370655
2026-07-07 13:40:00,252.52,252.64,251.0,252.3468,399555
2026-07-07 13:41:00,252.34,252.4,251.85,252.3299,232431
2026-07-07 13:42:00,252.3,252.87,252.28,252.623,440127
2026-07-07 13:43:00,252.6351,252.85,252.6,252.805,245642
2026-07-07 13:44:00,252.8064,252.98,252.65,252.87,262580
2026-07-07 13:45:00,252.855,253.0199,252.77,252.8,348189
2026-07-07 13:46:00,252.7801,252.93,252.63,252.73,212226
2026-07-07 13:47:00,252.6943,252.78,252.32,252.5234,274413
2026-07-07 13:48:00,252.52,252.59,252.17,252.484,230461
2026-07-07 13:49:00,252.45,252.57,252.2,252.52,195880
2026-07-07 13:50:00,252.52,252.5726,252.0901,252.1999,290406
2026-07-07 13:51:00,252.185,252.2299,251.79,251.97,324848
2026-07-07 13:52:00,251.9601,252.08,251.88,251.97,126069
2026-07-07 13:53:00,251.97,252.33,251.89,252.23,172398
2026-07-07 13:54:00,252.1903,252.69,252.12,252.545,287427
2026-07-07 13:55:00,252.545,252.56,252.1601,252.3242,205453
2026-07-07 13:56:00,252.3612,252.38,252.17,252.305,272807
2026-07-07 13:57:00,252.28,252.4969,252.0401,252.1377,262875
2026-07-07 13:58:00,252.1164,252.2254,251.94,252.0699,238466
2026-07-07 13:59:00,252.0,252.24,251.7904,252.08,169327
2026-07-07 14:00:00,252.07,252.1099,251.53,251.6,173361
2026-07-07 14:01:00,251.57,251.78,251.2,251.395,319326
2026-07-07 14:02:00,251.38,251.44,250.88,251.01,307650
2026-07-07 14:03:00,250.95,251.289,250.81,251.289,275410
2026-07-07 14:04:00,251.2263,251.97,251.18,251.915,300884
2026-07-07 14:05:00,251.906,251.97,250.92,251.1768,421470
2026-07-07 14:06:00,251.16,251.38,250.89,251.2716,293985
2026-07-07 14:07:00,251.3,251.4899,251.12,251.25,137418
2026-07-07 14:08:00,251.265,251.61,251.26,251.57,171497
2026-07-07 14:09:00,251.5799,251.8014,251.53,251.6499,183445
2026-07-07 14:10:00,251.6097,251.93,251.6097,251.82,165033
2026-07-07 14:11:00,251.7901,251.99,251.7116,251.8589,151211
2026-07-07 14:12:00,251.83,251.8599,251.63,251.755,128182
2026-07-07 14:13:00,251.8099,251.98,251.73,251.9352,207803
2026-07-07 14:14:00,251.88,252.0,251.71,251.88,172700
2026-07-07 14:15:00,251.9099,251.911,251.62,251.76,147365
2026-07-07 14:16:00,251.79,251.83,251.6101,251.79,128658
2026-07-07 14:17:00,251.805,252.57,251.7979,252.45,452587
2026-07-07 14:18:00,252.445,252.5599,252.24,252.2934,251374
2026-07-07 14:19:00,252.31,252.315,251.73,251.7301,332789
2026-07-07 14:20:00,251.75,251.9924,251.72,251.9408,207482
2026-07-07 14:21:00,251.9242,252.13,251.3501,251.98,284630
2026-07-07 14:22:00,252.0,252.4,251.95,252.2064,206278
2026-07-07 14:23:00,252.2,252.3,251.8701,252.17,176715
2026-07-07 14:24:00,252.19,252.4,252.14,252.1501,152795
2026-07-07 14:25:00,252.175,252.4751,252.011,252.43,176361
2026-07-07 14:26:00,252.39,252.45,252.2101,252.3315,151861
2026-07-07 14:27:00,252.335,252.37,251.88,252.16,167817
2026-07-07 14:28:00,252.1599,252.18,251.84,251.8856,166242
2026-07-07 14:29:00,251.8816,251.8816,251.57,251.8399,228307
2026-07-07 14:30:00,251.82,251.93,251.22,251.325,260987
2026-07-07 14:31:00,251.3226,251.4999,251.12,251.319,223492
2026-07-07 14:32:00,251.27,251.7599,251.2,251.4009,271730
2026-07-07 14:33:00,251.39,251.69,251.2201,251.5588,212133
2026-07-07 14:34:00,251.6,252.15,251.5,252.07,320927
2026-07-07 14:35:00,252.125,252.15,251.84,251.9531,199253
2026-07-07 14:36:00,251.905,252.33,251.905,252.23,249607
2026-07-07 14:37:00,252.24,252.27,251.82,252.0,209632
2026-07-07 14:38:00,252.0699,252.19,251.97,252.084,148090
2026-07-07 14:39:00,252.0601,252.4299,251.9373,252.2699,199760
2026-07-07 14:40:00,252.27,252.38,251.8901,252.0599,232631
2026-07-07 14:41:00,252.0105,252.0105,251.71,251.809,147605
2026-07-07 14:42:00,251.82,251.92,250.9601,251.1956,360701
2026-07-07 14:43:00,251.09,251.28,250.87,251.0337,390018
2026-07-07 14:44:00,251.03,251.16,250.57,250.78,339580
2026-07-07 14:45:00,250.7749,251.18,250.72,250.905,307554
2026-07-07 14:46:00,250.91,251.61,250.87,251.4455,287428
2026-07-07 14:47:00,251.485,251.57,251.15,251.415,203297
2026-07-07 14:48:00,251.384,251.87,251.384,251.725,207295
2026-07-07 14:49:00,251.7252,251.8999,251.64,251.6983,118293
2026-07-07 14:50:00,251.69,252.01,251.69,251.925,180005
2026-07-07 14:51:00,251.93,252.1299,251.8,251.91,246460
2026-07-07 14:52:00,251.9001,252.03,251.52,251.5414,179941
2026-07-07 14:53:00,251.5652,251.7999,251.3,251.735,243706
2026-07-07 14:54:00,251.75,251.86,251.47,251.75,150487
2026-07-07 14:55:00,251.77,252.25,251.7501,252.1063,363854
2026-07-07 14:56:00,252.09,252.26,251.96,252.042,150991
2026-07-07 14:57:00,252.03,252.17,251.98,252.05,122248
2026-07-07 14:58:00,252.04,252.28,251.96,252.2,172554
2026-07-07 14:59:00,252.2193,252.2699,252.07,252.11,110681
2026-07-07 15:00:00,252.1359,252.54,252.03,252.4533,222321
2026-07-07 15:01:00,252.4659,253.04,252.4138,252.81,480617
2026-07-07 15:02:00,252.7701,253.0,252.75,252.816,260881
2026-07-07 15:03:00,252.8386,252.94,252.63,252.666,195222
2026-07-07 15:04:00,252.66,252.6899,252.31,252.3782,253799
2026-07-07 15:05:00,252.35,252.73,252.23,252.4801,214893
2026-07-07 15:06:00,252.5,252.5299,251.86,251.99,310941
2026-07-07 15:07:00,251.95,252.36,251.79,252.01,208512
2026-07-07 15:08:00,252.03,252.26,251.92,252.2353,163291
2026-07-07 15:09:00,252.2023,252.26,252.0601,252.207,120097
2026-07-07 15:10:00,252.2001,252.57,252.2001,252.42,200870
2026-07-07 15:11:00,252.405,252.6,252.29,252.37,196934
2026-07-07 15:12:00,252.35,252.5899,252.3303,252.48,124582
2026-07-07 15:13:00,252.46,252.5699,252.35,252.54,117802
2026-07-07 15:14:00,252.52,252.5614,252.05,252.2199,197905
2026-07-07 15:15:00,252.17,252.2233,251.88,252.0578,187420
2026-07-07 15:16:00,252.0373,252.51,251.88,252.4644,213595
2026-07-07 15:17:00,252.43,252.4564,252.1684,252.3493,159074
2026-07-07 15:18:00,252.37,252.6499,252.0901,252.235,244435
2026-07-07 15:19:00,252.23,252.63,252.14,252.58,140312
2026-07-07 15:20:00,252.58,252.96,252.5762,252.71,319302
2026-07-07 15:21:00,252.71,252.9,252.66,252.77,206727
2026-07-07 15:22:00,252.7999,252.99,252.6901,252.8599,189205
2026-07-07 15:23:00,252.8699,253.39,252.8001,253.245,461939
2026-07-07 15:24:00,253.22,253.35,252.86,253.2577,369360
2026-07-07 15:25:00,253.265,253.56,253.19,253.1958,402763
2026-07-07 15:26:00,253.2137,253.4999,253.03,253.1201,244651
2026-07-07 15:27:00,253.1237,253.25,252.69,252.7401,315038
2026-07-07 15:28:00,252.797,253.14,252.61,253.022,321805
2026-07-07 15:29:00,253.0403,253.14,252.7101,252.88,201136
2026-07-07 15:30:00,252.87,253.3,252.64,252.672,392176
2026-07-07 15:31:00,252.65,253.1299,252.57,252.6,218286
2026-07-07 15:32:00,252.6299,252.6699,252.2,252.3301,283430
2026-07-07 15:33:00,252.359,252.3744,251.81,251.8301,280631
2026-07-07 15:34:00,251.85,251.98,251.11,251.18,440109
2026-07-07 15:35:00,251.1418,251.1999,250.65,250.88,447593
2026-07-07 15:36:00,250.872,250.9199,250.26,250.41,445463
2026-07-07 15:37:00,250.44,250.78,249.86,250.315,605349
2026-07-07 15:38:00,250.29,250.95,250.2601,250.665,407823
2026-07-07 15:39:00,250.63,251.32,250.63,251.235,397396
2026-07-07 15:40:00,251.24,251.32,251.08,251.29,221577
2026-07-07 15:41:00,251.2999,251.74,251.05,251.435,452151
2026-07-07 15:42:00,251.44,251.4799,250.9,251.0876,379783
2026-07-07 15:43:00,251.0401,251.14,250.82,251.07,300724
2026-07-07 15:44:00,251.14,251.4887,251.12,251.296,280619
2026-07-07 15:45:00,251.2866,251.47,251.13,251.2804,227033
2026-07-07 15:46:00,251.2737,252.045,251.2737,251.9299,433979
2026-07-07 15:47:00,251.8901,252.1,251.73,251.904,241407
2026-07-07 15:48:00,251.8801,252.0,251.7,251.85,222960
2026-07-07 15:49:00,251.84,252.3,251.8301,252.255,311331
2026-07-07 15:50:00,252.29,253.74,252.29,253.625,808874
2026-07-07 15:51:00,253.6799,254.1,253.62,253.905,689829
2026-07-07 15:52:00,253.9138,254.3,253.7,253.95,580387
2026-07-07 15:53:00,253.9799,254.02,253.4201,253.725,454879
2026-07-07 15:54:00,253.725,254.03,253.59,253.84,418615
2026-07-07 15:55:00,253.85,254.35,253.6,253.8975,613831
2026-07-07 15:56:00,253.9,254.04,253.62,253.73,348504
2026-07-07 15:57:00,253.78,253.8877,253.1901,253.27,527269
2026-07-07 15:58:00,253.28,253.55,253.1101,253.2,421607
2026-07-07 15:59:00,253.17,253.22,252.73,252.91,823679
2026-07-08 09:30:00,251.0,251.86,250.4,250.7,1283388
2026-07-08 09:31:00,250.7209,251.49,250.32,250.6944,602528
2026-07-08 09:32:00,250.66,252.74,250.3,252.604,733354
2026-07-08 09:33:00,252.615,253.92,252.16,253.34,941911
2026-07-08 09:34:00,253.34,254.8,253.0,254.6448,801823
2026-07-08 09:35:00,254.65,255.15,253.91,254.3893,980122
2026-07-08 09:36:00,254.365,255.14,254.14,254.93,706613
2026-07-08 09:37:00,254.9302,254.97,254.01,254.11,582151
2026-07-08 09:38:00,254.11,254.65,253.24,253.43,601271
2026-07-08 09:39:00,253.4,254.188,253.38,253.68,474611
2026-07-08 09:40:00,253.72,254.5899,253.5805,254.0643,389409
2026-07-08 09:41:00,254.0723,255.87,253.95,255.6,818193
2026-07-08 09:42:00,255.56,256.19,255.33,255.855,942499
2026-07-08 09:43:00,255.8113,256.05,255.2524,255.2524,591818
2026-07-08 09:44:00,255.2205,255.6,254.77,254.85,471423
2026-07-08 09:45:00,254.8401,255.2932,254.57,254.8799,530379
2026-07-08 09:46:00,254.98,255.1,254.52,254.72,329405
2026-07-08 09:47:00,254.76,255.0781,254.3,254.58,438564
2026-07-08 09:48:00,254.551,254.6799,253.8,253.8911,503976
2026-07-08 09:49:00,253.865,254.4562,253.71,254.375,477702
2026-07-08 09:50:00,254.3999,255.4298,254.35,254.99,635725
2026-07-08 09:51:00,255.04,255.59,254.91,255.0302,476617
2026-07-08 09:52:00,255.06,255.87,254.8,255.4701,576006
2026-07-08 09:53:00,255.53,256.78,255.26,256.7609,834053
2026-07-08 09:54:00,256.6701,256.78,256.1,256.4101,537354
2026-07-08 09:55:00,256.464,256.464,255.82,256.15,452772
2026-07-08 09:56:00,256.164,256.7,255.95,256.1906,471314
2026-07-08 09:57:00,256.22,256.5,256.0101,256.0961,331836
2026-07-08 09:58:00,256.0702,256.23,255.4001,255.56,553382
2026-07-08 09:59:00,255.58,256.48,255.4401,256.18,399874
2026-07-08 10:00:00,256.2,257.1,255.62,255.8028,823027
2026-07-08 10:01:00,255.74,255.8,254.93,255.3903,595037
2026-07-08 10:02:00,255.365,256.44,255.3387,256.38,413352
2026-07-08 10:03:00,256.4399,256.75,255.6,255.61,463148
2026-07-08 10:04:00,255.6,256.28,255.5901,255.9597,297462
2026-07-08 10:05:00,255.955,256.2,255.6,255.6299,311154
2026-07-08 10:06:00,255.615,255.6299,254.26,254.5,715722
2026-07-08 10:07:00,254.44,255.2,254.42,254.8401,413752
2026-07-08 10:08:00,254.8401,255.49,254.84,255.16,285314
2026-07-08 10:09:00,255.13,255.2,254.71,255.146,265759
2026-07-08 10:10:00,255.1693,256.03,254.84,255.98,402227
2026-07-08 10:11:00,255.9275,257.25,255.6401,256.8901,895644
2026-07-08 10:12:00,256.9441,257.47,256.8701,257.0601,675709
2026-07-08 10:13:00,257.11,257.2284,256.66,256.72,376025
2026-07-08 10:14:00,256.7497,257.15,256.7101,257.0639,362319
2026-07-08 10:15:00,257.07,257.8649,257.0601,257.1348,715296
2026-07-08 10:16:00,257.101,257.66,257.02,257.37,406065
2026-07-08 10:17:00,257.3838,257.93,257.315,257.8145,461724
2026-07-08 10:18:00,257.805,258.2,257.77,258.11,726632
2026-07-08 10:19:00,258.13,258.19,257.82,257.858,422769
2026-07-08 10:20:00,257.82,258.04,257.5,257.8401,398081
2026-07-08 10:21:00,257.88,258.04,257.32,257.35,342106
2026-07-08 10:22:00,257.365,257.42,256.88,256.96,516540
2026-07-08 10:23:00,257.045,257.87,254.0,257.69,349006
2026-07-08 10:24:00,257.69,257.81,257.0709,257.08,338616
2026-07-08 10:25:00,257.0891,257.36,256.23,256.43,679571
2026-07-08 10:26:00,256.44,256.45,255.5,255.755,3646238
2026-07-08 10:27:00,255.7774,256.54,255.71,256.46,343146
2026-07-08 10:28:00,256.4,256.4455,255.82,256.0,262447
2026-07-08 10:29:00,255.96,256.3514,255.67,256.08,334494
2026-07-08 10:30:00,256.01,256.1784,255.05,255.3048,546942
2026-07-08 10:31:00,255.3265,255.48,254.74,254.99,559824
2026-07-08 10:32:00,255.05,255.85,255.03,255.82,452161
2026-07-08 10:33:00,255.85,255.97,255.16,255.28,317921
2026-07-08 10:34:00,255.31,256.47,255.1893,256.245,437340
2026-07-08 10:35:00,256.27,256.4076,255.92,255.9301,309763
2026-07-08 10:36:00,255.92,256.084,255.61,255.84,237606
2026-07-08 10:37:00,255.92,256.0,255.55,255.81,251378
2026-07-08 10:38:00,255.815,256.15,255.6,255.9908,282607
2026-07-08 10:39:00,256.065,256.67,255.95,256.4057,374914
2026-07-08 10:40:00,256.4299,256.71,256.1801,256.4897,307508
2026-07-08 10:41:00,256.484,257.25,256.484,257.24,471779
2026-07-08 10:42:00,257.2,258.46,257.1736,258.12,945212
2026-07-08 10:43:00,258.1,258.13,257.66,257.9,386660
2026-07-08 10:44:00,257.9,258.31,257.6601,258.05,371014
2026-07-08 10:45:00,258.0848,259.0,258.03,258.07,785855
2026-07-08 10:46:00,258.085,258.2448,257.75,257.7545,356888
2026-07-08 10:47:00,257.75,258.13,257.65,258.075,308276
2026-07-08 10:48:00,258.0758,258.24,257.7501,257.89,270028
2026-07-08 10:49:00,257.86,258.0,257.4,257.425,296662
2026-07-08 10:50:00,257.4,257.69,257.26,257.4013,292249
2026-07-08 10:51:00,257.45,257.8659,257.14,257.8391,317949
2026-07-08 10:52:00,257.81,258.1,257.6,258.0,320570
2026-07-08 10:53:00,257.985,258.2,257.62,257.68,427212
2026-07-08 10:54:00,257.7699,257.98,257.5,257.7999,273767
2026-07-08 10:55:00,257.8,257.92,256.84,256.9539,414365
2026-07-08 10:56:00,256.9599,257.3999,256.4,257.2705,443675
2026-07-08 10:57:00,257.317,257.35,257.0,257.09,222154
2026-07-08 10:58:00,257.15,257.3295,257.0,257.3,168761
2026-07-08 10:59:00,257.28,257.43,256.82,256.86,239304
2026-07-08 11:00:00,256.865,257.37,256.63,257.34,260053
2026-07-08 11:01:00,257.2934,258.01,257.06,257.8679,444468
2026-07-08 11:02:00,257.8939,258.9,257.8471,258.595,577440
2026-07-08 11:03:00,258.58,259.3,258.52,259.165,825242
2026-07-08 11:04:00,259.1695,259.35,258.83,259.0,534178
2026-07-08 11:05:00,259.02,259.12,258.67,258.752,369880
2026-07-08 11:06:00,258.76,259.0,258.59,258.95,281338
2026-07-08 11:07:00,258.96,259.0096,258.68,258.7,197208
2026-07-08 11:08:00,258.695,259.0606,258.4,258.9201,420394
2026-07-08 11:09:00,258.96,259.65,258.76,259.62,682046
2026-07-08 11:10:00,259.65,259.88,259.39,259.44,557890
2026-07-08 11:11:00,259.39,259.6487,258.822,259.0013,428496
2026-07-08 11:12:00,259.0,259.2,258.72,258.9601,337390
2026-07-08 11:13:00,258.96,259.2,258.82,258.923,252447
2026-07-08 11:14:00,258.9347,259.1495,258.75,258.8,248889
2026-07-08 11:15:00,258.815,258.9,257.72,257.8,664633
2026-07-08 11:16:00,257.83,258.23,257.61,258.1799,476738
2026-07-08 11:17:00,258.1301,258.6954,258.1301,258.6321,362584
2026-07-08 11:18:00,258.66,259.09,258.3,258.96,359483
2026-07-08 11:19:00,258.9951,259.31,258.81,259.13,358706
2026-07-08 11:20:00,259.16,259.25,258.88,259.14,315955
2026-07-08 11:21:00,259.1644,259.29,258.8,258.95,296418
2026-07-08 11:22:00,258.9868,259.16,258.81,258.9101,169888
2026-07-08 11:23:00,258.89,259.05,258.72,258.9512,189036
2026-07-08 11:24:00,258.958,258.97,258.33,258.5836,254931
2026-07-08 11:25:00,258.575,258.6781,258.13,258.6,367067
2026-07-08 11:26:00,258.5993,258.95,258.56,258.8511,221428
2026-07-08 11:27:00,258.8165,258.9,258.5,258.78,189562
2026-07-08 11:28:00,258.8146,259.05,258.47,258.4748,254517
2026-07-08 11:29:00,258.5,258.88,258.42,258.7099,170707
2026-07-08 11:30:00,258.71,258.85,258.45,258.8,221529
2026-07-08 11:31:00,258.788,259.04,258.45,258.6024,294447
2026-07-08 11:32:00,258.57,258.96,258.54,258.96,176401
2026-07-08 11:33:00,258.96,259.7299,258.8,259.31,606429
2026-07-08 11:34:00,259.37,259.96,259.3301,259.8895,482034
2026-07-08 11:35:00,259.89,260.0,259.5,259.56,539978
2026-07-08 11:36:00,259.5892,259.72,259.26,259.4948,298074
2026-07-08 11:37:00,259.49,259.52,258.83,258.88,311296
2026-07-08 11:38:00,258.8799,259.09,258.55,258.6131,399982
2026-07-08 11:39:00,258.585,258.7099,257.92,257.9755,567102
2026-07-08 11:40:00,257.9771,258.41,257.96,258.17,369407
2026-07-08 11:41:00,258.19,258.45,257.91,258.29,296373
2026-07-08 11:42:00,258.299,258.7799,258.2808,258.6299,281825
2026-07-08 11:43:00,258.58,258.87,258.4001,258.76,274613
2026-07-08 11:44:00,258.7696,259.16,258.71,258.855,303813
2026-07-08 11:45:00,258.8756,258.96,258.7,258.9231,165619
2026-07-08 11:46:00,258.93,259.5209,258.86,259.2481,408204
2026-07-08 11:47:00,259.2169,259.92,259.2169,259.7705,417743
2026-07-08 11:48:00,259.8,260.0,259.7301,259.8564,482986
2026-07-08 11:49:00,259.86,259.99,259.33,259.355,394623
2026-07-08 11:50:00,259.36,259.99,259.2371,259.845,573635
2026-07-08 11:51:00,259.846,259.8799,259.01,259.03,419827
2026-07-08 11:52:00,259.075,259.77,259.075,259.746,303849
2026-07-08 11:53:00,259.72,259.81,259.48,259.5663,204816
2026-07-08 11:54:00,259.57,259.62,259.34,259.4399,221424
2026-07-08 11:55:00,259.4733,259.95,259.42,259.9,485521
2026-07-08 11:56:00,259.8992,261.22,259.89,261.07,2040666
2026-07-08 11:57:00,261.07,261.73,260.96,261.4,754578
2026-07-08 11:58:00,261.4002,261.47,260.96,261.1864,462447
2026-07-08 11:59:00,261.2,261.35,260.93,261.27,368923
2026-07-08 12:00:00,261.27,261.4,260.95,261.16,437488
2026-07-08 12:01:00,261.155,261.27,260.78,261.12,368391
2026-07-08 12:02:00,261.1,261.19,260.8,260.9885,264465
2026-07-08 12:03:00,260.9701,261.03,260.68,260.735,257583
2026-07-08 12:04:00,260.7072,262.2,260.7072,261.945,789808
2026-07-08 12:05:00,261.955,262.2958,261.68,261.9701,580755
2026-07-08 12:06:00,262.0299,262.63,261.97,262.465,564090
2026-07-08 12:07:00,262.46,262.67,262.32,262.56,444867
2026-07-08 12:08:00,262.5699,262.5926,262.24,262.37,358676
2026-07-08 12:09:00,262.37,262.68,262.1001,262.67,431077
2026-07-08 12:10:00,262.64,262.83,262.44,262.8298,375021
2026-07-08 12:11:00,262.8133,262.99,262.6,262.6701,454424
2026-07-08 12:12:00,262.64,263.0,262.6,262.8406,377465
2026-07-08 12:13:00,262.8234,262.8899,262.47,262.53,359499
2026-07-08 12:14:00,262.56,262.59,261.93,262.07,628525
2026-07-08 12:15:00,262.03,262.55,262.0,262.3541,399739
2026-07-08 12:16:00,262.4,262.7799,262.4,262.6422,294130
2026-07-08 12:17:00,262.695,263.3881,262.6508,263.2976,678858
2026-07-08 12:18:00,263.3012,263.44,263.08,263.1899,491028
2026-07-08 12:19:00,263.1658,263.37,262.91,263.16,307667
2026-07-08 12:20:00,263.14,263.8499,262.93,263.8193,506196
2026-07-08 12:21:00,263.8499,263.93,263.58,263.7558,474189
2026-07-08 12:22:00,263.7304,264.2,263.68,264.1119,585419
2026-07-08 12:23:00,264.07,264.3899,263.9,264.31,608811
2026-07-08 12:24:00,264.34,264.74,264.3,264.68,654443
2026-07-08 12:25:00,264.67,264.6952,263.831,263.885,752747
2026-07-08 12:26:00,263.8888,264.02,263.62,263.651,417518
2026-07-08 12:27:00,263.6718,264.5,263.62,264.34,544649
2026-07-08 12:28:00,264.3371,264.3899,263.86,263.8988,328104
2026-07-08 12:29:00,263.8673,264.3,263.76,264.2744,407803
2026-07-08 12:30:00,264.23,264.85,264.15,264.6701,871606
2026-07-08 12:31:00,264.685,264.87,264.5,264.56,479919
2026-07-08 12:32:00,264.54,264.7,263.51,263.545,683316
2026-07-08 12:33:00,263.57,263.844,263.22,263.82,553008
2026-07-08 12:34:00,263.84,264.3181,263.71,263.7999,521602
2026-07-08 12:35:00,263.73,264.85,263.7246,264.8,475413
2026-07-08 12:36:00,264.8396,264.89,264.38,264.5699,476724
2026-07-08 12:37:00,264.58,264.73,264.3,264.5715,343604
2026-07-08 12:38:00,264.59,264.98,264.48,264.9199,595064
2026-07-08 12:39:00,264.84,264.98,264.53,264.68,397823
2026-07-08 12:40:00,264.69,264.85,264.07,264.115,491448
2026-07-08 12:41:00,264.1499,264.17,263.72,263.8,437712
2026-07-08 12:42:00,263.7701,263.85,262.52,262.675,734934
2026-07-08 12:43:00,262.675,263.35,262.6004,263.255,503743
2026-07-08 12:44:00,263.2296,263.33,262.8,262.945,383144
2026-07-08 12:45:00,262.9759,263.25,262.3,262.3101,562879
2026-07-08 12:46:00,262.31,262.3964,261.7,261.7319,655266
2026-07-08 12:47:00,261.71,261.75,260.92,260.95,597280
2026-07-08 12:48:00,260.958,261.8,260.86,261.76,598423
2026-07-08 12:49:00,261.64,261.99,261.34,261.9675,402317
2026-07-08 12:50:00,261.99,262.1717,261.68,262.112,324358
2026-07-08 12:51:00,262.11,262.73,262.07,262.73,439729
2026-07-08 12:52:00,262.7299,262.94,262.41,262.7526,304965
2026-07-08 12:53:00,262.77,263.43,262.75,263.0954,442684
2026-07-08 12:54:00,263.02,263.3664,262.81,262.8456,300201
2026-07-08 12:55:00,262.845,263.0,262.55,262.6075,303438
2026-07-08 12:56:00,262.605,262.9,262.15,262.78,421308
2026-07-08 12:57:00,262.796,263.35,262.68,263.2924,337144
2026-07-08 12:58:00,263.295,263.34,263.02,263.13,189078
2026-07-08 12:59:00,263.1531,263.3,262.93,263.2387,206891
2026-07-08 13:00:00,263.2212,263.47,263.0168,263.17,333528
2026-07-08 13:01:00,263.1201,263.45,262.5201,263.45,418921
2026-07-08 13:02:00,263.4409,263.4499,262.951,263.0812,220942
2026-07-08 13:03:00,263.09,263.26,262.79,262.7912,193850
2026-07-08 13:04:00,262.83,263.1,262.45,262.45,238348
2026-07-08 13:05:00,262.5,262.73,261.7,262.68,514719
2026-07-08 13:06:00,262.71,263.86,262.67,263.55,626563
2026-07-08 13:07:00,263.545,264.01,263.46,263.9999,445563
2026-07-08 13:08:00,263.98,264.01,263.77,263.9549,301331
2026-07-08 13:09:00,263.95,264.61,263.92,264.5016,494700
2026-07-08 13:10:00,264.5459,264.59,264.0411,264.366,274756
2026-07-08 13:11:00,264.3605,264.44,263.9,264.3101,309995
2026-07-08 13:12:00,264.3462,264.3899,263.43,263.6739,335679
2026-07-08 13:13:00,263.65,263.98,263.54,263.76,271116
2026-07-08 13:14:00,263.755,263.98,263.52,263.7598,228947
2026-07-08 13:15:00,263.8,263.94,263.2338,263.4032,289653
2026-07-08 13:16:00,263.375,263.62,263.22,263.2305,219078
2026-07-08 13:17:00,263.238,263.238,262.4,262.51,376398
2026-07-08 13:18:00,262.4775,262.5,261.31,261.7,564855
2026-07-08 13:19:00,261.7019,262.19,261.64,261.7444,358055
2026-07-08 13:20:00,261.7773,261.799,261.14,261.54,412292
2026-07-08 13:21:00,261.5437,261.56,261.14,261.4365,310021
2026-07-08 13:22:00,261.4327,261.94,261.2901,261.3,418374
2026-07-08 13:23:00,261.3,261.4999,260.7201,260.7301,503526
2026-07-08 13:24:00,260.72,261.2841,260.65,261.2,377003
2026-07-08 13:25:00,261.1859,261.28,260.8,261.15,258054
2026-07-08 13:26:00,261.1369,261.6,261.02,261.2766,378283
2026-07-08 13:27:00,261.3,261.37,260.8119,261.03,229044
2026-07-08 13:28:00,261.015,261.0491,260.18,260.32,574884
2026-07-08 13:29:00,260.32,260.59,260.1069,260.47,439028
2026-07-08 13:30:00,260.5,261.52,260.2,261.46,494503
2026-07-08 13:31:00,261.46,262.2346,261.3,261.735,495868
2026-07-08 13:32:00,261.74,261.89,261.62,261.81,182291
2026-07-08 13:33:00,261.77,262.04,261.77,261.8553,242226
2026-07-08 13:34:00,261.855,262.25,261.6641,262.235,248931
2026-07-08 13:35:00,262.2138,262.3,261.68,262.0772,240621
2026-07-08 13:36:00,262.1299,262.18,261.95,262.16,209464
2026-07-08 13:37:00,262.1375,262.41,261.9201,262.3424,229480
2026-07-08 13:38:00,262.4,262.79,262.3102,262.585,354926
2026-07-08 13:39:00,262.55,262.75,262.421,262.6274,185142
2026-07-08 13:40:00,262.625,262.66,262.05,262.09,258113
2026-07-08 13:41:00,262.06,262.5297,261.8,262.5297,268034
2026-07-08 13:42:00,262.5205,262.77,262.4501,262.6286,303727
2026-07-08 13:43:00,262.6264,262.7199,262.41,262.67,154897
2026-07-08 13:44:00,262.695,262.6999,262.37,262.5301,142944
2026-07-08 13:45:00,262.5699,262.5699,261.85,262.3184,321103
2026-07-08 13:46:00,262.3154,263.2699,262.3154,262.8301,469980
2026-07-08 13:47:00,262.83,262.9433,262.63,262.825,151846
2026-07-08 13:48:00,262.8002,262.88,262.6001,262.77,137274
2026-07-08 13:49:00,262.765,262.79,262.6,262.6491,114249
2026-07-08 13:50:00,262.58,262.85,262.39,262.8032,217726
2026-07-08 13:51:00,262.8296,262.94,262.5701,262.62,158391
2026-07-08 13:52:00,262.605,262.749,262.3,262.6203,180157
2026-07-08 13:53:00,262.68,262.88,262.59,262.7801,144136
2026-07-08 13:54:00,262.8,263.0986,262.71,263.0,184425
2026-07-08 13:55:00,262.9984,263.4,262.95,263.35,312024
2026-07-08 13:56:00,263.3695,263.6,263.21,263.49,250269
2026-07-08 13:57:00,263.5,263.5799,263.2,263.2901,209677
2026-07-08 13:58:00,263.3201,263.35,263.03,263.29,206758
2026-07-08 13:59:00,263.27,263.45,263.18,263.37,211726
2026-07-08 14:00:00,263.36,263.65,263.28,263.63,227148
2026-07-08 14:01:00,263.6198,263.6198,262.87,263.3827,313927
2026-07-08 14:02:00,263.4001,263.5,262.5401,262.55,350601
2026-07-08 14:03:00,262.565,263.2,262.4,262.97,295464
2026-07-08 14:04:00,263.0,263.2417,262.9401,263.0601,195153
2026-07-08 14:05:00,263.0816,263.22,262.8301,263.004,216068
2026-07-08 14:06:00,263.0271,263.29,262.92,263.181,203398
2026-07-08 14:07:00,263.1956,263.4,263.0,263.0301,160022
2026-07-08 14:08:00,263.045,263.33,263.045,263.305,137772
2026-07-08 14:09:00,263.3534,264.49,263.34,264.3836,643527
2026-07-08 14:10:00,264.38,264.5,264.03,264.4916,300294
2026-07-08 14:11:00,264.48,264.82,264.3,264.78,485928
2026-07-08 14:12:00,264.795,264.88,264.5652,264.61,362672
2026-07-08 14:13:00,264.59,264.8,264.33,264.39,294752
2026-07-08 14:14:00,264.35,264.65,264.3,264.36,233802
2026-07-08 14:15:00,264.37,264.43,264.0451,264.2701,296949
2026-07-08 14:16:00,264.28,264.64,264.27,264.32,271429
2026-07-08 14:17:00,264.3253,264.64,264.22,264.4805,184867
2026-07-08 14:18:00,264.522,264.68,264.3701,264.6448,184805
2026-07-08 14:19:00,264.6699,264.92,264.6506,264.92,440695
2026-07-08 14:20:00,264.89,265.0,264.82,264.99,459992
2026-07-08 14:21:00,264.9899,264.99,264.69,264.925,251954
2026-07-08 14:22:00,264.9285,265.61,264.85,265.43,1149052
2026-07-08 14:23:00,265.469,265.525,264.1,264.15,786179
2026-07-08 14:24:00,264.15,264.6199,264.15,264.2001,379938
2026-07-08 14:25:00,264.21,264.352,263.11,263.339,737518
2026-07-08 14:26:00,263.31,263.3674,262.5792,263.3199,522304
2026-07-08 14:27:00,263.288,263.799,263.25,263.37,384527
2026-07-08 14:28:00,263.365,263.42,262.96,263.0954,311148
2026-07-08 14:29:00,263.0801,263.26,262.87,262.97,253333
2026-07-08 14:30:00,262.9512,263.05,261.92,262.1499,458951
2026-07-08 14:31:00,262.101,263.0455,262.101,263.0199,436498
2026-07-08 14:32:00,262.99,263.022,262.5101,262.5629,276919
2026-07-08 14:33:00,262.55,262.98,262.5045,262.9555,244321
2026-07-08 14:34:00,262.9742,263.76,262.87,263.748,423536
2026-07-08 14:35:00,263.7042,263.725,263.11,263.28,280670
2026-07-08 14:36:00,263.2588,263.5,263.2,263.294,156924
2026-07-08 14:37:00,263.27,263.53,263.01,263.1049,203234
2026-07-08 14:38:00,263.1149,263.1399,262.75,262.905,246856
2026-07-08 14:39:00,262.9,263.42,262.9,263.346,225710
2026-07-08 14:40:00,263.32,263.32,262.55,262.66,277113
2026-07-08 14:41:00,262.63,263.05,262.52,262.95,226744
2026-07-08 14:42:00,262.9311,263.08,262.6,262.9678,140325
2026-07-08 14:43:00,262.9796,264.0499,262.77,263.856,441039
2026-07-08 14:44:00,263.8202,264.13,263.75,263.8,301419
2026-07-08 14:45:00,263.79,264.0,263.55,263.64,192878
2026-07-08 14:46:00,263.6073,263.9424,263.53,263.675,162558
2026-07-08 14:47:00,263.675,263.92,263.64,263.8,120151
2026-07-08 14:48:00,263.775,263.93,263.58,263.715,117018
2026-07-08 14:49:00,263.7353,263.8,263.59,263.77,140481
2026-07-08 14:50:00,263.746,263.89,263.28,263.37,288625
2026-07-08 14:51:00,263.3737,263.42,263.1,263.2801,200911
2026-07-08 14:52:00,263.3,263.6384,262.81,262.87,309806
2026-07-08 14:53:00,262.8412,263.26,262.77,262.8701,205134
2026-07-08 14:54:00,262.9143,263.14,262.81,263.0,165936
2026-07-08 14:55:00,262.9533,263.0199,262.66,262.66,164244
2026-07-08 14:56:00,262.68,262.99,262.57,262.9128,187130
2026-07-08 14:57:00,262.93,263.1,262.6302,262.915,213989
2026-07-08 14:58:00,262.8838,263.06,262.6701,262.942,193307
2026-07-08 14:59:00,262.95,263.0203,262.81,262.9699,126870
2026-07-08 15:00:00,262.94,263.01,262.72,262.85,172155
2026-07-08 15:01:00,262.89,262.905,262.51,262.69,195659
2026-07-08 15:02:00,262.68,262.68,262.22,262.4499,270483
2026-07-08 15:03:00,262.44,262.58,262.26,262.33,167937
2026-07-08 15:04:00,262.28,262.35,261.88,261.9,320112
2026-07-08 15:05:00,261.88,262.44,261.87,262.1692,386438
2026-07-08 15:06:00,262.205,262.7399,262.18,262.36,335454
2026-07-08 15:07:00,262.33,262.3599,261.95,262.045,235436
2026-07-08 15:08:00,262.036,262.56,261.75,262.551,375111
2026-07-08 15:09:00,262.5001,262.56,262.21,262.32,144945
2026-07-08 15:10:00,262.31,262.6399,262.23,262.3,194935
2026-07-08 15:11:00,262.2926,262.94,262.29,262.868,256918
2026-07-08 15:12:00,262.88,263.56,262.78,263.49,478508
2026-07-08 15:13:00,263.46,263.54,263.2172,263.33,219201
2026-07-08 15:14:00,263.3299,263.58,263.25,263.54,666033
2026-07-08 15:15:00,263.565,263.5899,263.3504,263.58,227036
2026-07-08 15:16:00,263.577,263.63,263.36,263.5201,206242
2026-07-08 15:17:00,263.5495,263.63,263.4,263.5142,255911
2026-07-08 15:18:00,263.534,263.6799,262.8067,263.54,280785
2026-07-08 15:19:00,263.59,264.099,263.5655,263.8401,475430
2026-07-08 15:20:00,263.84,263.845,263.32,263.5997,296361
2026-07-08 15:21:00,263.6,263.86,263.321,263.3979,216928
2026-07-08 15:22:00,263.4001,263.57,263.01,263.07,250285
2026-07-08 15:23:00,263.06,263.1999,262.8,262.979,210397
2026-07-08 15:24:00,262.9504,263.0895,262.675,262.73,198761
2026-07-08 15:25:00,262.8,263.3,262.78,263.06,260683
2026-07-08 15:26:00,263.09,263.3089,262.9401,263.1885,221803
2026-07-08 15:27:00,263.175,263.53,263.05,263.1,242852
2026-07-08 15:28:00,263.1,263.23,262.93,262.9301,181632
2026-07-08 15:29:00,262.95,263.0,262.51,262.598,250439
2026-07-08 15:30:00,262.6028,262.9,262.27,262.8299,297169
2026-07-08 15:31:00,262.7991,262.95,262.27,262.4002,209061
2026-07-08 15:32:00,262.381,262.52,262.25,262.29,199612
2026-07-08 15:33:00,262.305,262.4,261.89,261.9401,295120
2026-07-08 15:34:00,261.965,262.7,261.94,262.675,324761
2026-07-08 15:35:00,262.65,262.96,262.5801,262.91,282659
2026-07-08 15:36:00,262.91,263.18,262.815,263.085,338208
2026-07-08 15:37:00,263.1099,263.17,262.6301,263.0148,263291
2026-07-08 15:38:00,263.015,263.12,262.81,262.95,166133
2026-07-08 15:39:00,262.955,263.11,262.7724,262.8532,199230
2026-07-08 15:40:00,262.8975,263.19,262.8394,263.0532,313378
2026-07-08 15:41:00,263.054,263.13,262.85,262.99,206203
2026-07-08 15:42:00,262.99,263.13,262.85,263.0,169393
2026-07-08 15:43:00,263.0,263.36,262.93,263.1533,260244
2026-07-08 15:44:00,263.17,263.35,263.0064,263.025,218891
2026-07-08 15:45:00,263.06,263.07,262.6286,262.68,290370
2026-07-08 15:46:00,262.68,262.7,262.37,262.484,263419
2026-07-08 15:47:00,262.47,263.02,262.47,262.8199,289501
2026-07-08 15:48:00,262.796,263.0,262.7,262.7263,178018
2026-07-08 15:49:00,262.75,262.855,262.53,262.72,212878
2026-07-08 15:50:00,262.65,262.98,262.46,262.915,269977
2026-07-08 15:51:00,262.9001,262.94,262.44,262.45,218994
2026-07-08 15:52:00,262.48,262.74,262.3401,262.38,309197
2026-07-08 15:53:00,262.36,262.49,262.01,262.0399,375178
2026-07-08 15:54:00,262.04,262.4,261.83,262.03,445129
2026-07-08 15:55:00,261.84,262.1,261.43,261.892,591468
2026-07-08 15:56:00,261.89,261.95,261.62,261.745,322354
2026-07-08 15:57:00,261.74,262.12,261.7,261.97,522593
2026-07-08 15:58:00,261.99,262.2,261.9253,261.9253,548899
2026-07-08 15:59:00,261.92,262.54,261.62,262.4099,1245543
2026-07-09 09:30:00,262.8,263.64,262.06,262.965,1752060
2026-07-09 09:31:00,263.02,264.49,262.95,263.278,959678
2026-07-09 09:32:00,263.3,263.33,261.67,262.4126,995270
2026-07-09 09:33:00,262.43,264.0,261.46,261.666,927702
2026-07-09 09:34:00,261.72,263.07,261.7037,262.2899,644797
2026-07-09 09:35:00,262.28,262.392,261.01,261.47,827039
2026-07-09 09:36:00,261.45,262.73,261.17,261.81,735504
2026-07-09 09:37:00,261.8701,262.685,261.67,262.03,573689
2026-07-09 09:38:00,262.0944,263.65,261.91,263.11,807691
2026-07-09 09:39:00,263.1093,264.16,262.9201,263.925,836137
2026-07-09 09:40:00,263.935,265.52,263.9,264.53,1513300
2026-07-09 09:41:00,264.46,265.72,264.4413,265.065,969352
2026-07-09 09:42:00,265.1,265.1794,264.6,264.61,632458
2026-07-09 09:43:00,264.62,264.8,263.89,264.05,827889
2026-07-09 09:44:00,264.05,264.3883,263.6501,263.775,555152
2026-07-09 09:45:00,263.8,264.44,263.64,264.145,530456
2026-07-09 09:46:00,264.15,264.29,263.42,263.7801,662675
2026-07-09 09:47:00,263.82,264.14,263.47,263.585,416982
2026-07-09 09:48:00,263.56,263.576,262.78,263.04,679601
2026-07-09 09:49:00,263.0731,264.07,262.91,263.7901,510057
2026-07-09 09:50:00,263.8299,263.8564,262.96,263.0,518396
2026-07-09 09:51:00,263.0,263.3,262.16,262.2557,627808
2026-07-09 09:52:00,262.21,262.72,261.8,262.13,697557
2026-07-09 09:53:00,262.06,262.505,262.06,262.4733,363051
2026-07-09 09:54:00,262.4981,263.35,262.39,262.9,570637
2026-07-09 09:55:00,262.89,262.9195,262.05,262.37,380432
2026-07-09 09:56:00,262.38,262.73,261.93,262.34,510501
2026-07-09 09:57:00,262.35,262.48,261.59,261.86,520147
2026-07-09 09:58:00,261.87,262.91,261.6465,262.6536,653197
2026-07-09 09:59:00,262.75,262.94,262.1701,262.27,351613
2026-07-09 10:00:00,262.24,262.42,260.55,260.655,1060485
2026-07-09 10:01:00,260.6916,260.7199,259.53,260.4781,1223394
2026-07-09 10:02:00,260.5058,260.78,259.24,259.7299,838928
2026-07-09 10:03:00,259.68,260.78,259.5,260.295,672418
2026-07-09 10:04:00,260.3095,261.45,260.05,260.99,593839
2026-07-09 10:05:00,260.97,261.41,260.51,261.15,462411
2026-07-09 10:06:00,261.1399,261.21,260.65,260.8528,339827
2026-07-09 10:07:00,260.8353,261.05,260.4,260.82,330924
2026-07-09 10:08:00,260.76,260.85,260.0,260.0774,348286
2026-07-09 10:09:00,260.0571,260.3,259.52,259.9827,606693
2026-07-09 10:10:00,259.9801,260.6999,259.5,260.595,596893
2026-07-09 10:11:00,260.605,261.25,260.33,260.9692,568242
2026-07-09 10:12:00,260.9275,261.2,260.8,261.0199,395109
2026-07-09 10:13:00,260.9759,261.69,260.7,261.52,424723
2026-07-09 10:14:00,261.51,262.09,261.3,261.41,563560
2026-07-09 10:15:00,261.3778,261.7491,260.82,261.31,390572
2026-07-09 10:16:00,261.345,261.39,260.4393,260.98,423663
2026-07-09 10:17:00,260.99,261.2476,260.65,261.04,234506
2026-07-09 10:18:00,261.02,261.38,260.62,260.76,376650
2026-07-09 10:19:00,260.8,261.22,260.6,261.02,259158
2026-07-09 10:20:00,261.17,261.22,260.14,260.3814,373360
2026-07-09 10:21:00,260.3775,260.59,259.63,260.0924,526097
2026-07-09 10:22:00,260.0611,260.8,259.7301,260.3317,360764
2026-07-09 10:23:00,260.365,260.57,259.92,260.0003,291301
2026-07-09 10:24:00,260.0,260.5,259.84,260.43,316574
2026-07-09 10:25:00,260.37,261.04,260.3213,260.9304,358247
2026-07-09 10:26:00,260.9301,261.21,260.57,260.645,271353
2026-07-09 10:27:00,260.69,260.9,260.0,260.0,310711
2026-07-09 10:28:00,260.03,260.57,259.7,260.2372,397574
2026-07-09 10:29:00,260.245,260.2799,259.16,259.18,466397
2026-07-09 10:30:00,259.18,259.2699,258.35,258.4824,943333
2026-07-09 10:31:00,258.51,259.26,257.86,259.03,981097
2026-07-09 10:32:00,259.06,259.37,258.7,258.905,495757
2026-07-09 10:33:00,258.89,259.0399,258.12,258.26,515269
2026-07-09 10:34:00,258.26,258.89,258.2,258.85,462247
2026-07-09 10:35:00,258.7801,258.8191,258.28,258.645,335596
2026-07-09 10:36:00,258.6287,259.8,258.392,259.385,592626
2026-07-09 10:37:00,259.36,259.5699,259.01,259.18,361888
2026-07-09 10:38:00,259.2599,259.71,259.0627,259.4699,331475
2026-07-09 10:39:00,259.53,260.1099,259.53,259.9334,474392
2026-07-09 10:40:00,259.96,261.01,259.8,260.8099,582541
2026-07-09 10:41:00,260.7627,261.1099,260.43,260.525,431214
2026-07-09 10:42:00,260.4773,260.9199,260.4386,260.72,299665
2026-07-09 10:43:00,260.65,260.88,260.42,260.8501,266339
2026-07-09 10:44:00,260.865,261.2,260.66,261.0092,333990
2026-07-09 10:45:00,260.99,261.38,260.9,261.1201,341275
2026-07-09 10:46:00,261.16,261.38,261.03,261.27,234788
2026-07-09 10:47:00,261.3,261.47,261.12,261.15,254514
2026-07-09 10:48:00,261.17,261.47,260.73,260.83,315583
2026-07-09 10:49:00,260.84,261.3799,260.5108,261.3548,375256
2026-07-09 10:50:00,261.3599,261.3599,260.78,261.16,216939
2026-07-09 10:51:00,261.1928,261.47,260.84,260.8903,306452
2026-07-09 10:52:00,260.9,261.0,260.65,260.91,292102
2026-07-09 10:53:00,260.885,261.42,260.795,261.1753,276912
2026-07-09 10:54:00,261.2008,262.17,261.01,261.9154,640191
2026-07-09 10:55:00,261.96,262.163,261.5701,261.8499,362524
2026-07-09 10:56:00,261.78,262.33,261.7,262.1644,393390
2026-07-09 10:57:00,262.1406,262.31,261.94,262.09,291858
2026-07-09 10:58:00,262.04,262.08,261.51,261.6687,301898
2026-07-09 10:59:00,261.695,261.73,261.1,261.205,342434
2026-07-09 11:00:00,261.19,261.3997,260.95,261.13,248950
2026-07-09 11:01:00,261.105,261.21,260.3156,260.3156,419629
2026-07-09 11:02:00,260.3365,260.825,260.31,260.57,285749
2026-07-09 11:03:00,260.61,260.68,260.14,260.6699,312474
2026-07-09 11:04:00,260.67,261.85,260.67,261.355,482461
2026-07-09 11:05:00,261.33,261.69,261.1,261.17,306237
2026-07-09 11:06:00,261.17,261.32,261.03,261.113,175593
2026-07-09 11:07:00,261.09,262.01,260.91,261.88,407748
2026-07-09 11:08:00,261.9399,262.87,261.8801,262.728,647145
2026-07-09 11:09:00,262.78,263.4,262.6886,263.2,864919
2026-07-09 11:10:00,263.1902,263.33,262.7,262.735,485850
2026-07-09 11:11:00,262.716,262.95,262.5905,262.6426,325402
2026-07-09 11:12:00,262.67,262.97,262.6202,262.7599,191962
2026-07-09 11:13:00,262.745,262.76,262.44,262.6165,242344
2026-07-09 11:14:00,262.58,262.71,262.09,262.2088,222623
2026-07-09 11:15:00,262.25,262.29,261.77,261.85,265015
2026-07-09 11:16:00,261.86,261.9846,261.54,261.6199,259924
2026-07-09 11:17:00,261.6,261.7625,261.44,261.605,246557
2026-07-09 11:18:00,261.5824,261.8,261.551,261.765,178359
2026-07-09 11:19:00,261.7699,262.0699,261.755,261.938,214206
2026-07-09 11:20:00,261.92,262.062,261.0265,261.115,348865
2026-07-09 11:21:00,261.1147,262.04,260.9,262.0,389574
2026-07-09 11:22:00,262.0099,262.01,261.26,261.6999,248094
2026-07-09 11:23:00,261.6814,261.73,261.45,261.63,156628
2026-07-09 11:24:00,261.63,261.7699,261.49,261.7219,144684
2026-07-09 11:25:00,261.74,261.9,261.51,261.6701,201451
2026-07-09 11:26:00,261.68,262.2,261.68,262.08,244085
2026-07-09 11:27:00,262.0905,262.13,261.5,261.66,241679
2026-07-09 11:28:00,261.656,261.77,261.53,261.6821,134586
2026-07-09 11:29:00,261.68,262.02,261.59,261.9463,157574
2026-07-09 11:30:00,262.0,262.26,261.87,262.04,236441
2026-07-09 11:31:00,262.035,262.035,261.63,261.84,196391
2026-07-09 11:32:00,261.835,262.13,261.6765,261.95,138121
2026-07-09 11:33:00,261.9443,262.0762,261.64,261.92,173344
2026-07-09 11:34:00,261.9225,262.25,261.9225,262.0379,167777
2026-07-09 11:35:00,262.04,262.37,261.87,262.218,239709
2026-07-09 11:36:00,262.225,262.671,262.22,262.5676,271745
2026-07-09 11:37:00,262.54,262.62,262.42,262.5075,144920
2026-07-09 11:38:00,262.5122,262.85,262.5,262.645,252166
2026-07-09 11:39:00,262.645,263.34,262.62,263.2357,627233
2026-07-09 11:40:00,263.2355,263.35,262.76,262.8996,359558
2026-07-09 11:41:00,262.9099,263.2,262.8001,262.8405,224669
2026-07-09 11:42:00,262.8409,263.05,262.75,262.8193,150860
2026-07-09 11:43:00,262.8346,262.9,262.71,262.7452,175426
2026-07-09 11:44:00,262.77,262.9737,262.57,262.744,168849
2026-07-09 11:45:00,262.76,262.87,262.64,262.71,93277
2026-07-09 11:46:00,262.7189,262.93,262.61,262.8926,166819
2026-07-09 11:47:00,262.89,263.16,262.84,262.958,254884
2026-07-09 11:48:00,262.91,263.03,262.74,262.93,167011
2026-07-09 11:49:00,262.94,263.07,262.91,263.0,115548
2026-07-09 11:50:00,263.0056,263.18,262.83,263.04,194026
2026-07-09 11:51:00,263.042,263.1699,262.85,262.9863,170744
2026-07-09 11:52:00,263.005,263.08,262.9201,263.03,111098
2026-07-09 11:53:00,263.03,263.3,262.92,263.3,252226
2026-07-09 11:54:00,263.2986,264.0,263.26,263.74,595717
2026-07-09 11:55:00,263.7629,263.92,263.65,263.662,236614
2026-07-09 11:56:00,263.68,263.78,263.57,263.68,209715
2026-07-09 11:57:00,263.6994,263.6999,263.3301,263.36,235191
2026-07-09 11:58:00,263.3899,263.77,263.3401,263.665,191641
2026-07-09 11:59:00,263.64,263.6483,263.2,263.48,190920
2026-07-09 12:00:00,263.4571,263.6,263.23,263.3499,170526
2026-07-09 12:01:00,263.35,263.68,263.32,263.61,157364
2026-07-09 12:02:00,263.61,263.78,263.38,263.4671,164964
2026-07-09 12:03:00,263.47,263.88,263.46,263.75,232707
2026-07-09 12:04:00,263.72,263.82,263.51,263.61,212668
2026-07-09 12:05:00,263.6441,264.12,263.6,264.1142,361716
2026-07-09 12:06:00,264.12,264.39,264.1063,264.2097,399813
2026-07-09 12:07:00,264.186,264.3796,263.91,264.3031,285493
2026-07-09 12:08:00,264.29,264.5,264.29,264.3699,296484
2026-07-09 12:09:00,264.34,264.357,264.08,264.2589,227978
2026-07-09 12:10:00,264.2629,264.375,263.97,264.06,203953
2026-07-09 12:11:00,264.022,264.1725,263.74,263.748,221183
2026-07-09 12:12:00,263.7416,263.7416,263.41,263.5602,263391
2026-07-09 12:13:00,263.564,263.78,263.47,263.6516,148708
2026-07-09 12:14:00,263.65,263.98,263.4201,263.87,221913
2026-07-09 12:15:00,263.87,264.2284,263.81,264.2,351531
2026-07-09 12:16:00,264.171,264.205,263.81,263.8701,142275
2026-07-09 12:17:00,263.87,263.89,263.15,263.235,292808
2026-07-09 12:18:00,263.2597,263.4528,263.07,263.1,204027
2026-07-09 12:19:00,263.1,263.32,262.9001,263.225,247766
2026-07-09 12:20:00,263.25,263.4899,263.02,263.4632,207805
2026-07-09 12:21:00,263.49,263.8331,263.35,263.37,321418
2026-07-09 12:22:00,263.3501,263.37,262.86,262.9201,305818
2026-07-09 12:23:00,262.944,263.33,262.7201,263.2161,277855
2026-07-09 12:24:00,263.23,263.37,262.9254,263.255,154791
2026-07-09 12:25:00,263.255,263.32,262.8501,263.0001,182929
2026-07-09 12:26:00,263.0699,263.4399,262.96,263.41,147184
2026-07-09 12:27:00,263.41,263.96,263.37,263.8601,293638
2026-07-09 12:28:00,263.88,264.0,263.7459,263.96,190747
2026-07-09 12:29:00,263.96,263.991,263.56,263.7,157899
2026-07-09 12:30:00,263.63,263.9435,263.5,263.92,119568
2026-07-09 12:31:00,263.94,264.35,263.8001,264.08,322913
2026-07-09 12:32:00,264.0753,264.75,264.0501,264.5399,441267
2026-07-09 12:33:00,264.507,264.6135,264.05,264.2756,208530
2026-07-09 12:34:00,264.295,264.39,264.2,264.32,144254
2026-07-09 12:35:00,264.3,264.44,264.2,264.29,138932
2026-07-09 12:36:00,264.2935,264.3599,264.115,264.21,119179
2026-07-09 12:37:00,264.2546,264.5354,264.18,264.45,174636
2026-07-09 12:38:00,264.47,264.6,264.3095,264.45,178961
2026-07-09 12:39:00,264.43,264.72,264.43,264.6633,229507
2026-07-09 12:40:00,264.625,264.81,264.61,264.745,240200
2026-07-09 12:41:00,264.7653,264.94,264.6662,264.8849,315483
2026-07-09 12:42:00,264.89,265.12,264.27,264.4634,786690
2026-07-09 12:43:00,264.46,265.1599,264.46,265.1301,348510
2026-07-09 12:44:00,265.1358,265.46,265.09,265.435,442467
2026-07-09 12:45:00,265.435,265.49,265.23,265.3164,279455
2026-07-09 12:46:00,265.2905,265.58,265.2148,265.47,409832
2026-07-09 12:47:00,265.4403,265.65,265.41,265.49,347396
2026-07-09 12:48:00,265.51,265.63,265.2601,265.5,310003
2026-07-09 12:49:00,265.52,265.5599,264.76,264.8628,330870
2026-07-09 12:50:00,264.865,265.31,264.85,265.17,294108
2026-07-09 12:51:00,265.19,265.3099,265.0063,265.0295,136049
2026-07-09 12:52:00,265.02,265.35,264.96,265.1,202392
2026-07-09 12:53:00,265.135,265.54,264.9701,264.9849,364769
2026-07-09 12:54:00,264.96,265.19,264.82,264.985,245324
2026-07-09 12:55:00,264.9998,265.16,264.8801,265.0299,153224
2026-07-09 12:56:00,265.015,265.289,264.95,265.2595,192382
2026-07-09 12:57:00,265.2602,265.38,265.0591,265.175,161226
2026-07-09 12:58:00,265.1998,265.43,265.16,265.3801,158944
2026-07-09 12:59:00,265.42,265.6,265.35,265.36,280732
2026-07-09 13:00:00,265.35,265.36,264.97,264.97,216256
2026-07-09 13:01:00,264.95,265.08,264.51,264.76,315169
2026-07-09 13:02:00,264.775,264.9427,264.63,264.791,223238
2026-07-09 13:03:00,264.79,265.0,264.67,264.8779,165501
2026-07-09 13:04:00,264.84,265.0,264.6,264.74,160664
2026-07-09 13:05:00,264.75,264.75,264.4,264.645,209430
2026-07-09 13:06:00,264.6107,264.79,264.5,264.62,154529
2026-07-09 13:07:00,264.59,264.59,264.4,264.4001,138177
2026-07-09 13:08:00,264.43,264.57,264.2,264.4775,267402
2026-07-09 13:09:00,264.435,264.7,264.28,264.405,222513
2026-07-09 13:10:00,264.3996,264.66,264.3996,264.535,139305
2026-07-09 13:11:00,264.52,265.0,264.4301,264.9554,201445
2026-07-09 13:12:00,264.9462,265.0,264.6203,264.71,182306
2026-07-09 13:13:00,264.6801,265.074,264.6801,265.04,216293
2026-07-09 13:14:00,265.0405,265.26,264.86,265.195,222305
2026-07-09 13:15:00,265.177,265.3199,264.76,264.8399,210719
2026-07-09 13:16:00,264.7812,265.09,264.7812,264.9058,178223
2026-07-09 13:17:00,264.89,264.91,264.716,264.8001,118271
2026-07-09 13:18:00,264.8068,264.98,264.68,264.6901,114790
2026-07-09 13:19:00,264.6944,264.89,264.36,264.4301,194913
2026-07-09 13:20:00,264.445,264.81,264.445,264.795,142114
2026-07-09 13:21:00,264.8033,264.81,264.43,264.59,110798
2026-07-09 13:22:00,264.6147,264.8,264.47,264.78,142437
2026-07-09 13:23:00,264.78,264.89,264.6,264.88,134323
2026-07-09 13:24:00,264.88,265.1,264.5936,264.72,203876
2026-07-09 13:25:00,264.75,265.2699,264.6101,265.21,200741
2026-07-09 13:26:00,265.25,265.2799,264.95,265.1,157559
2026-07-09 13:27:00,265.1206,265.47,265.0,265.44,334979
2026-07-09 13:28:00,265.4201,265.4665,265.2207,265.325,187246
2026-07-09 13:29:00,265.325,265.42,265.17,265.205,131475
2026-07-09 13:30:00,265.2363,265.32,265.13,265.18,101022
2026-07-09 13:31:00,265.19,265.3799,265.13,265.28,148741
2026-07-09 13:32:00,265.2814,265.47,265.1501,265.2,133693
2026-07-09 13:33:00,265.21,265.2789,264.82,264.905,207795
2026-07-09 13:34:00,264.924,265.0,264.7,264.87,147956
2026-07-09 13:35:00,264.86,265.22,264.85,265.1701,155068
2026-07-09 13:36:00,265.2,265.43,265.18,265.3,185179
2026-07-09 13:37:00,265.3,265.38,265.21,265.3,93139
2026-07-09 13:38:00,265.29,265.97,265.29,265.8547,558741
2026-07-09 13:39:00,265.83,266.56,265.8,266.31,871439
2026-07-09 13:40:00,266.32,266.68,266.29,266.61,370844
2026-07-09 13:41:00,266.6038,266.75,266.1,266.4654,432033
2026-07-09 13:42:00,266.514,266.7499,266.45,266.6258,312069
2026-07-09 13:43:00,266.6145,266.74,266.33,266.38,291265
2026-07-09 13:44:00,266.4,266.64,266.35,266.5425,214136
2026-07-09 13:45:00,266.5506,266.6299,266.43,266.47,187406
2026-07-09 13:46:00,266.5,266.74,266.46,266.676,268571
2026-07-09 13:47:00,266.66,267.18,266.6401,267.135,729388
2026-07-09 13:48:00,267.125,267.3299,266.91,266.93,510924
2026-07-09 13:49:00,266.95,267.14,266.73,266.935,312172
2026-07-09 13:50:00,266.935,267.19,266.8,267.15,293888
2026-07-09 13:51:00,267.1852,267.19,266.78,266.925,227429
2026-07-09 13:52:00,266.9498,267.18,266.9,267.0,275060
2026-07-09 13:53:00,267.0235,267.1933,266.92,267.0952,175591
2026-07-09 13:54:00,267.08,267.18,267.0401,267.1598,272808
2026-07-09 13:55:00,267.1599,267.54,266.93,267.145,532006
2026-07-09 13:56:00,267.17,267.2195,266.72,266.82,370431
2026-07-09 13:57:00,266.8101,267.09,266.68,266.9661,259578
2026-07-09 13:58:00,266.95,267.0399,266.76,266.775,156989
2026-07-09 13:59:00,266.7755,266.9,266.58,266.594,230060
2026-07-09 14:00:00,266.62,266.71,266.34,266.6374,284655
2026-07-09 14:01:00,266.6005,266.76,266.45,266.49,172421
2026-07-09 14:02:00,266.4973,266.55,266.3,266.34,205467
2026-07-09 14:03:00,266.3319,266.48,266.3052,266.41,163076
2026-07-09 14:04:00,266.4484,266.58,266.33,266.545,184276
2026-07-09 14:05:00,266.55,267.0,266.5401,266.735,374514
2026-07-09 14:06:00,266.7101,267.01,266.64,266.945,233616
2026-07-09 14:07:00,266.945,267.47,266.93,267.348,412938
2026-07-09 14:08:00,267.34,267.59,267.06,267.185,454942
2026-07-09 14:09:00,267.1701,267.26,266.7,266.86,290273
2026-07-09 14:10:00,266.855,267.3,266.75,267.13,241046
2026-07-09 14:11:00,267.13,267.21,267.0033,267.16,133729
2026-07-09 14:12:00,267.19,267.25,266.71,266.83,219206
2026-07-09 14:13:00,266.89,266.97,266.54,266.7058,210225
2026-07-09 14:14:00,266.708,266.98,266.65,266.885,135083
2026-07-09 14:15:00,266.87,266.92,266.54,266.7644,211192
2026-07-09 14:16:00,266.77,267.0,266.7296,266.9,258985
2026-07-09 14:17:00,266.9079,267.3,266.5303,266.615,458100
2026-07-09 14:18:00,266.62,266.78,266.4,266.7,206409
2026-07-09 14:19:00,266.63,266.95,266.5912,266.85,154573
2026-07-09 14:20:00,266.8166,266.92,266.64,266.74,120491
2026-07-09 14:21:00,266.7899,267.09,266.72,266.965,206571
2026-07-09 14:22:00,266.96,267.0999,266.9,267.0,140539
2026-07-09 14:23:00,266.9999,267.0,266.8,266.9431,115216
2026-07-09 14:24:00,266.936,266.96,266.65,266.89,123697
2026-07-09 14:25:00,266.9092,266.955,266.8001,266.8701,76695
2026-07-09 14:26:00,266.92,266.95,266.7,266.89,91238
2026-07-09 14:27:00,266.87,266.89,266.55,266.616,141993
2026-07-09 14:28:00,266.6446,266.66,266.42,266.6,145409
2026-07-09 14:29:00,266.5801,266.68,265.96,266.005,378001
2026-07-09 14:30:00,266.03,266.39,265.81,265.822,281208
2026-07-09 14:31:00,265.83,266.01,265.83,265.988,230260
2026-07-09 14:32:00,265.9859,266.1698,265.81,266.134,212817
2026-07-09 14:33:00,266.19,266.585,266.16,266.4066,226985
2026-07-09 14:34:00,266.41,266.47,266.19,266.215,109973
2026-07-09 14:35:00,266.24,266.385,266.145,266.175,102304
2026-07-09 14:36:00,266.18,266.2,266.01,266.09,144902
2026-07-09 14:37:00,266.0918,266.3546,266.05,266.26,114278
2026-07-09 14:38:00,266.2539,266.54,266.09,266.274,195512
2026-07-09 14:39:00,266.26,266.3699,266.19,266.275,85870
2026-07-09 14:40:00,266.28,266.3296,265.66,265.769,228366
2026-07-09 14:41:00,265.75,266.0999,265.55,265.94,220822
2026-07-09 14:42:00,265.96,266.17,265.8,266.08,117633
2026-07-09 14:43:00,266.075,266.2,265.93,266.1799,109689
2026-07-09 14:44:00,266.1761,266.33,266.07,266.1,170396
2026-07-09 14:45:00,266.0807,266.3,266.02,266.26,129116
2026-07-09 14:46:00,266.2999,266.71,266.2323,266.62,244231
2026-07-09 14:47:00,266.6393,266.7098,266.39,266.68,130027
2026-07-09 14:48:00,266.681,266.7899,266.5701,266.62,184679
2026-07-09 14:49:00,266.59,266.64,266.39,266.64,153490
2026-07-09 14:50:00,266.625,266.76,266.35,266.499,163387
2026-07-09 14:51:00,266.5,266.5,265.71,265.82,301686
2026-07-09 14:52:00,265.8041,266.0394,265.6581,265.685,234296
2026-07-09 14:53:00,265.7062,265.71,264.63,265.18,624264
2026-07-09 14:54:00,265.2,265.55,265.19,265.46,207434
2026-07-09 14:55:00,265.4506,265.4762,264.65,265.24,333594
2026-07-09 14:56:00,265.175,265.42,265.05,265.42,167506
2026-07-09 14:57:00,265.4,265.43,265.06,265.35,176759
2026-07-09 14:58:00,265.31,265.39,265.1,265.225,137586
2026-07-09 14:59:00,265.29,265.3,265.1,265.2052,106738
2026-07-09 15:00:00,265.19,265.19,264.9,264.935,193381
2026-07-09 15:01:00,264.9473,265.0899,264.7301,264.775,275644
2026-07-09 15:02:00,264.757,265.0,264.65,264.85,174275
2026-07-09 15:03:00,264.86,265.01,264.76,264.91,173576
2026-07-09 15:04:00,264.92,264.94,264.68,264.7,149790
2026-07-09 15:05:00,264.715,264.715,264.0303,264.21,449148
2026-07-09 15:06:00,264.21,264.215,264.06,264.1,234949
2026-07-09 15:07:00,264.1,264.22,263.95,264.1998,335894
2026-07-09 15:08:00,264.2,264.84,264.11,264.7566,434159
2026-07-09 15:09:00,264.72,264.75,264.4701,264.6199,171341
2026-07-09 15:10:00,264.5999,264.7999,264.5,264.73,181265
2026-07-09 15:11:00,264.6531,264.72,264.31,264.39,185388
2026-07-09 15:12:00,264.3834,264.57,264.22,264.265,180624
2026-07-09 15:13:00,264.285,264.37,264.2105,264.245,130242
2026-07-09 15:14:00,264.23,264.7852,264.23,264.77,250441
2026-07-09 15:15:00,264.77,265.0,264.58,264.744,309953
2026-07-09 15:16:00,264.74,264.82,264.4201,264.68,178275
2026-07-09 15:17:00,264.68,264.8,264.55,264.5717,109876
2026-07-09 15:18:00,264.55,264.75,264.41,264.71,164854
2026-07-09 15:19:00,264.7246,265.02,264.696,264.98,262408
2026-07-09 15:20:00,264.995,265.12,264.8182,265.0,238185
2026-07-09 15:21:00,264.9612,265.0,264.68,264.7981,143246
2026-07-09 15:22:00,264.81,264.9,264.62,264.665,137022
2026-07-09 15:23:00,264.6899,265.0,264.6,264.89,233274
2026-07-09 15:24:00,264.8838,265.14,264.82,265.021,172021
2026-07-09 15:25:00,265.035,265.23,264.67,265.0617,296022
2026-07-09 15:26:00,265.06,265.69,264.94,265.6839,346058
2026-07-09 15:27:00,265.6817,265.69,265.45,265.51,304323
2026-07-09 15:28:00,265.52,265.57,265.35,265.4799,185372
2026-07-09 15:29:00,265.43,265.63,265.3849,265.5001,165091
2026-07-09 15:30:00,265.5,265.58,265.16,265.1855,218531
2026-07-09 15:31:00,265.23,265.49,265.1607,265.4835,172153
2026-07-09 15:32:00,265.45,265.49,265.29,265.34,104152
2026-07-09 15:33:00,265.3599,265.48,265.34,265.3501,125428
2026-07-09 15:34:00,265.3644,265.4,265.22,265.3575,136504
2026-07-09 15:35:00,265.384,265.54,265.25,265.3112,200068
2026-07-09 15:36:00,265.2984,265.5699,265.22,265.48,223006
2026-07-09 15:37:00,265.49,265.6486,265.28,265.44,185752
2026-07-09 15:38:00,265.425,265.44,265.08,265.1399,204286
2026-07-09 15:39:00,265.134,265.32,264.88,264.962,227706
2026-07-09 15:40:00,264.92,265.34,264.92,265.0851,202020
2026-07-09 15:41:00,265.08,265.4,265.0,265.32,205158
2026-07-09 15:42:00,265.3386,265.3661,265.07,265.16,141690
2026-07-09 15:43:00,265.12,265.23,265.01,265.08,161422
2026-07-09 15:44:00,265.08,265.45,264.9663,265.4075,237325
2026-07-09 15:45:00,265.38,265.55,265.16,265.2112,240464
2026-07-09 15:46:00,265.215,265.215,265.08,265.12,118394
2026-07-09 15:47:00,265.1624,265.21,264.81,264.8245,196780
2026-07-09 15:48:00,264.8308,264.92,264.2,264.23,509312
2026-07-09 15:49:00,264.298,264.5,264.2,264.39,287016
2026-07-09 15:50:00,264.39,264.69,264.2,264.2,321479
2026-07-09 15:51:00,264.2,264.28,263.7101,264.095,475541
2026-07-09 15:52:00,264.1312,264.3922,263.81,263.96,397725
2026-07-09 15:53:00,263.93,264.17,263.82,263.9,251543
2026-07-09 15:54:00,263.9,264.55,263.8,264.522,432715
2026-07-09 15:55:00,264.535,264.549,263.99,264.278,335565
2026-07-09 15:56:00,264.2799,264.28,263.88,263.91,277637
2026-07-09 15:57:00,263.88,263.95,263.71,263.9199,399223
2026-07-09 15:58:00,263.92,264.1,263.77,263.82,429703
2026-07-09 15:59:00,263.84,263.87,263.16,263.2599,889285
2026-07-10 09:30:00,263.3,264.48,263.02,264.4799,1488513
2026-07-10 09:31:00,264.42,264.94,263.08,264.1596,545388
2026-07-10 09:32:00,264.25,264.59,263.15,264.0807,597889
2026-07-10 09:33:00,264.0694,265.215,262.63,264.95,1039203
2026-07-10 09:34:00,264.96,266.38,264.91,265.815,946959
2026-07-10 09:35:00,265.7613,266.14,264.6,265.3413,705395
2026-07-10 09:36:00,265.234,266.34,265.17,265.395,610158
2026-07-10 09:37:00,265.41,265.5499,264.66,264.85,501976
2026-07-10 09:38:00,264.836,265.81,264.8,265.3649,407452
2026-07-10 09:39:00,265.3501,265.9599,265.16,265.53,429036
2026-07-10 09:40:00,265.6199,265.6199,264.4,264.994,535275
2026-07-10 09:41:00,264.99,264.99,263.5,263.82,689524
2026-07-10 09:42:00,263.79,264.0,263.44,263.7,474291
2026-07-10 09:43:00,263.75,264.23,263.3501,264.102,493093
2026-07-10 09:44:00,264.18,266.06,264.03,266.0,809047
2026-07-10 09:45:00,266.0001,267.268,265.98,267.11,1378203
2026-07-10 09:46:00,267.12,268.3,267.0643,267.8409,1201813
2026-07-10 09:47:00,267.8001,268.39,267.4638,268.0,867851
2026-07-10 09:48:00,268.0001,268.075,267.151,267.75,647499
2026-07-10 09:49:00,267.7,268.62,267.57,268.4499,920236
2026-07-10 09:50:00,268.4395,268.84,267.8,268.22,963508
2026-07-10 09:51:00,268.16,269.13,267.77,268.9,958429
2026-07-10 09:52:00,268.89,268.95,267.95,268.14,648536
2026-07-10 09:53:00,268.1826,268.3,266.85,266.958,971055
2026-07-10 09:54:00,266.9101,268.23,266.8613,267.9417,692593
2026-07-10 09:55:00,267.89,269.6,267.89,269.3856,1131092
2026-07-10 09:56:00,269.44,269.69,269.1301,269.5599,787014
2026-07-10 09:57:00,269.53,270.17,269.4901,269.94,1407594
2026-07-10 09:58:00,269.9444,270.18,269.58,269.695,685640
2026-07-10 09:59:00,269.715,269.9,269.4,269.76,466890
2026-07-10 10:00:00,269.78,270.28,269.51,269.73,853870
2026-07-10 10:01:00,269.7,270.76,269.7,270.195,892627
2026-07-10 10:02:00,270.195,270.61,270.11,270.252,468688
2026-07-10 10:03:00,270.33,270.66,269.81,270.59,774271
2026-07-10 10:04:00,270.6,270.62,270.13,270.36,487109
2026-07-10 10:05:00,270.3983,270.71,269.83,270.31,607547
2026-07-10 10:06:00,270.35,270.8399,270.17,270.6471,560207
2026-07-10 10:07:00,270.6866,270.75,270.02,270.095,572039
2026-07-10 10:08:00,270.11,270.17,269.2,270.07,938223
2026-07-10 10:09:00,270.04,271.0,269.92,270.345,634193
2026-07-10 10:10:00,270.35,271.0,269.51,269.86,816465
2026-07-10 10:11:00,269.8251,269.84,268.8,269.045,799659
2026-07-10 10:12:00,269.0899,269.29,268.622,268.9,489504
2026-07-10 10:13:00,268.9,269.0,268.01,268.0799,684638
2026-07-10 10:14:00,268.05,268.21,267.8,267.9629,701522
2026-07-10 10:15:00,267.94,268.95,267.52,268.1,924613
2026-07-10 10:16:00,268.135,268.79,267.92,268.24,479790
2026-07-10 10:17:00,268.2468,268.3,267.6062,267.87,465191
2026-07-10 10:18:00,267.976,267.976,266.312,266.34,888587
2026-07-10 10:19:00,266.37,266.37,265.11,265.49,1125399
2026-07-10 10:20:00,265.48,266.2599,264.6,265.8,1018528
2026-07-10 10:21:00,265.81,266.4081,265.07,265.07,720150
2026-07-10 10:22:00,265.0501,265.4999,264.03,264.2,750686
2026-07-10 10:23:00,264.209,266.07,264.2,265.2599,625330
2026-07-10 10:24:00,265.19,265.86,264.8293,265.54,448474
2026-07-10 10:25:00,265.6,266.3,265.5808,265.935,498773
2026-07-10 10:26:00,265.9,266.91,265.8,266.41,746449
2026-07-10 10:27:00,266.49,266.57,265.88,266.0101,385312
2026-07-10 10:28:00,266.06,266.47,265.88,266.17,286476
2026-07-10 10:29:00,266.1101,266.4299,265.7,266.2269,363520
2026-07-10 10:30:00,266.26,267.21,266.17,267.11,572551
2026-07-10 10:31:00,267.135,267.7099,266.8,267.6,529079
2026-07-10 10:32:00,267.6,267.6692,267.07,267.07,358278
2026-07-10 10:33:00,267.06,267.2669,266.77,266.845,345661
2026-07-10 10:34:00,266.8118,267.21,266.01,266.0101,1300676
2026-07-10 10:35:00,266.03,267.2,266.01,267.08,362937
2026-07-10 10:36:00,267.12,268.1499,267.09,267.3588,647852
2026-07-10 10:37:00,267.335,267.4849,266.86,266.945,299045
2026-07-10 10:38:00,266.97,267.34,266.5201,267.2513,347241
2026-07-10 10:39:00,267.285,267.46,266.92,267.16,196166
2026-07-10 10:40:00,267.1551,267.39,266.63,267.075,245751
2026-07-10 10:41:00,267.1,267.77,266.995,267.384,324140
2026-07-10 10:42:00,267.392,267.8691,267.27,267.295,309827
2026-07-10 10:43:00,267.2824,267.3499,266.21,266.795,496334
2026-07-10 10:44:00,266.78,267.5997,266.67,266.8327,415061
2026-07-10 10:45:00,266.84,266.87,266.36,266.49,327796
2026-07-10 10:46:00,266.559,267.2,265.75,266.2799,613506
2026-07-10 10:47:00,266.2201,266.27,265.649,265.86,302724
2026-07-10 10:48:00,265.9334,265.97,265.4,265.44,299607
2026-07-10 10:49:00,265.47,266.2,265.38,266.0122,409151
2026-07-10 10:50:00,266.045,266.59,265.7102,265.775,352752
2026-07-10 10:51:00,265.775,266.2,265.51,265.975,335398
2026-07-10 10:52:00,265.9872,267.1299,265.9627,266.155,452919
2026-07-10 10:53:00,266.1599,266.43,265.67,266.2199,357312
2026-07-10 10:54:00,266.245,266.79,266.19,266.76,256981
2026-07-10 10:55:00,266.7999,266.83,266.3516,266.64,194349
2026-07-10 10:56:00,266.6101,266.78,266.0,266.0601,234788
2026-07-10 10:57:00,266.11,266.15,264.81,265.0199,666402
2026-07-10 10:58:00,264.98,265.0399,264.02,264.17,573947
2026-07-10 10:59:00,264.1053,264.2999,263.4101,263.475,697654
2026-07-10 11:00:00,263.4301,263.66,262.53,262.54,817037
2026-07-10 11:01:00,262.54,262.7699,261.51,261.6,1069987
2026-07-10 11:02:00,261.63,262.24,261.27,261.7301,898609
2026-07-10 11:03:00,261.73,261.74,260.51,260.56,943908
2026-07-10 11:04:00,260.58,261.61,260.51,261.2,836220
2026-07-10 11:05:00,261.2013,262.43,261.0,262.1399,708353
2026-07-10 11:06:00,262.08,262.2,261.58,261.83,405142
2026-07-10 11:07:00,261.8531,262.3,261.73,261.9463,399046
2026-07-10 11:08:00,262.0,262.68,261.95,262.64,486826
2026-07-10 11:09:00,262.65,263.46,262.6,263.391,526265
2026-07-10 11:10:00,263.3903,263.66,263.08,263.2678,442140
2026-07-10 11:11:00,263.28,263.36,262.66,262.7812,332561
2026-07-10 11:12:00,262.818,262.84,262.1,262.3253,384234
2026-07-10 11:13:00,262.4091,262.48,261.79,262.15,424447
2026-07-10 11:14:00,262.219,263.11,262.2028,262.93,541865
2026-07-10 11:15:00,262.9493,263.1,262.25,262.8,289260
2026-07-10 11:16:00,262.825,263.3176,262.7501,263.055,285253
2026-07-10 11:17:00,263.08,263.34,263.0,263.13,237412
2026-07-10 11:18:00,263.07,263.6399,262.67,263.6399,304389
2026-07-10 11:19:00,263.59,264.05,263.5213,263.83,500380
2026-07-10 11:20:00,263.78,263.94,263.51,263.6931,260618
2026-07-10 11:21:00,263.7,264.03,263.53,263.8357,286045
2026-07-10 11:22:00,263.82,263.96,263.5,263.63,264251
2026-07-10 11:23:00,263.61,263.7,262.77,262.85,372510
2026-07-10 11:24:00,262.8101,262.8856,262.14,262.3001,399999
2026-07-10 11:25:00,262.315,263.2403,262.2,263.205,420045
2026-07-10 11:26:00,263.18,263.22,262.36,262.41,282290
2026-07-10 11:27:00,262.406,262.77,262.22,262.32,302845
2026-07-10 11:28:00,262.37,262.4679,261.7,262.0558,360291
2026-07-10 11:29:00,262.0857,262.39,261.72,261.82,322474
2026-07-10 11:30:00,261.815,261.96,261.4,261.7,343388
2026-07-10 11:31:00,261.6859,262.1899,261.46,261.78,293907
2026-07-10 11:32:00,261.8,262.66,261.75,261.9517,388851
2026-07-10 11:33:00,261.95,261.97,261.37,261.39,377519
2026-07-10 11:34:00,261.3717,261.4,260.69,261.13,567112
2026-07-10 11:35:00,261.1513,261.16,260.62,260.79,290846
2026-07-10 11:36:00,260.7601,260.8098,259.01,259.0206,1199771
2026-07-10 11:37:00,259.0572,259.34,258.5,258.55,923997
2026-07-10 11:38:00,258.57,259.9581,258.5,259.251,781190
2026-07-10 11:39:00,259.27,259.27,252.62,252.9,3607775
2026-07-10 11:40:00,252.865,254.73,251.65,251.7523,2322847
2026-07-10 11:41:00,251.73,251.8799,248.77,249.77,3096541
2026-07-10 11:42:00,249.88,250.43,246.12,249.04,2394732
2026-07-10 11:43:00,249.04,251.8,248.59,251.71,1690927
2026-07-10 11:44:00,251.71,252.85,251.26,252.6101,1186747
2026-07-10 11:45:00,252.6121,253.8,252.0221,253.6863,899545
2026-07-10 11:46:00,253.7599,253.77,250.3,252.1675,1313836
2026-07-10 11:47:00,252.17,253.67,250.71,253.5931,935224
2026-07-10 11:48:00,253.375,253.76,251.9,252.01,725023
2026-07-10 11:49:00,252.02,252.16,250.75,250.93,630665
2026-07-10 11:50:00,250.9,251.62,250.42,250.58,729801
2026-07-10 11:51:00,250.58,251.1762,249.25,249.5899,1006692
2026-07-10 11:52:00,249.5208,250.07,248.52,248.5919,823115
2026-07-10 11:53:00,248.5999,249.4,248.24,248.41,707673
2026-07-10 11:54:00,248.44,249.95,248.44,249.06,715159
2026-07-10 11:55:00,249.08,249.1751,246.76,247.2609,1195403
2026-07-10 11:56:00,247.27,247.71,244.26,244.8738,1946279
2026-07-10 11:57:00,244.9341,245.3,242.53,242.66,1903022
2026-07-10 11:58:00,242.68,245.11,242.57,245.06,1707666
2026-07-10 11:59:00,245.085,246.7386,245.0103,246.62,1123171
2026-07-10 12:00:00,246.71,247.3186,246.11,246.435,1011439
2026-07-10 12:01:00,246.4356,247.84,244.8748,245.5188,1177356
2026-07-10 12:02:00,245.64,245.72,244.41,244.785,801432
2026-07-10 12:03:00,244.785,244.8,241.41,241.548,1703994
2026-07-10 12:04:00,241.56,244.785,241.32,243.7001,1150220
2026-07-10 12:05:00,243.74,245.2,243.7076,244.5,699004
2026-07-10 12:06:00,244.5159,245.5989,244.25,244.46,728926
2026-07-10 12:07:00,244.43,246.0,244.32,245.9815,651932
2026-07-10 12:08:00,246.05,246.851,245.83,246.33,745950
2026-07-10 12:09:00,246.3739,247.11,246.21,246.86,690343
2026-07-10 12:10:00,246.93,247.4299,246.5,247.29,556766
2026-07-10 12:11:00,247.28,247.5712,246.0175,246.145,698704
2026-07-10 12:12:00,246.1896,247.15,245.73,246.52,686460
2026-07-10 12:13:00,246.53,247.49,246.5,247.2295,466343
2026-07-10 12:14:00,247.2067,247.6,246.3,246.95,526827
2026-07-10 12:15:00,246.9785,247.0,244.83,244.9,695015
2026-07-10 12:16:00,244.8,246.6499,244.7,246.54,562518
2026-07-10 12:17:00,246.55,247.46,246.36,246.79,501251
2026-07-10 12:18:00,246.815,247.59,246.46,246.705,590532
2026-07-10 12:19:00,246.72,247.46,246.39,246.936,416220
2026-07-10 12:20:00,246.95,247.2,245.75,246.935,510716
2026-07-10 12:21:00,246.87,247.13,246.1601,246.5393,367298
2026-07-10 12:22:00,246.55,246.55,245.6287,246.1242,425303
2026-07-10 12:23:00,246.18,246.21,244.85,245.215,692877
2026-07-10 12:24:00,245.2699,246.6099,245.02,246.46,422923
2026-07-10 12:25:00,246.43,247.28,246.2404,246.54,444631
2026-07-10 12:26:00,246.561,246.7294,246.12,246.3125,308871
2026-07-10 12:27:00,246.25,246.67,245.82,246.1,411697
2026-07-10 12:28:00,246.04,246.73,245.62,246.53,344296
2026-07-10 12:29:00,246.5272,247.5,246.44,247.31,505480
2026-07-10 12:30:00,247.31,248.61,247.13,248.2114,917944
2026-07-10 12:31:00,248.25,249.4,248.154,249.29,768383
2026-07-10 12:32:00,249.255,249.4,248.7,248.9413,656231
2026-07-10 12:33:00,248.9857,249.96,248.62,249.895,592529
2026-07-10 12:34:00,249.84,249.99,249.59,249.922,590115
2026-07-10 12:35:00,249.915,250.87,249.74,250.54,841429
2026-07-10 12:36:00,250.61,250.91,250.0,250.5901,709865
2026-07-10 12:37:00,250.64,250.79,249.5501,249.626,681629
2026-07-10 12:38:00,249.635,250.0,249.3301,249.628,446843
2026-07-10 12:39:00,249.65,249.7399,248.6,248.77,476911
2026-07-10 12:40:00,248.765,249.4,248.66,249.086,469955
2026-07-10 12:41:00,249.13,249.7,248.21,248.5873,490366
2026-07-10 12:42:00,248.62,248.62,246.7552,246.965,740363
2026-07-10 12:43:00,246.9999,247.5,246.72,246.7304,516375
2026-07-10 12:44:00,246.7493,247.77,246.7301,247.45,390491
2026-07-10 12:45:00,247.52,247.6799,246.73,246.8,440449
2026-07-10 12:46:00,246.75,247.44,246.71,247.105,465742
2026-07-10 12:47:00,247.138,247.27,245.85,246.08,688687
2026-07-10 12:48:00,246.076,246.6936,245.2501,245.38,543497
2026-07-10 12:49:00,245.365,245.81,245.25,245.455,425663
2026-07-10 12:50:00,245.38,246.5081,245.33,246.43,415470
2026-07-10 12:51:00,246.46,246.47,245.8,246.345,361567
2026-07-10 12:52:00,246.336,247.14,246.3299,246.7198,383642
2026-07-10 12:53:00,246.76,247.03,245.75,245.7702,374803
2026-07-10 12:54:00,245.94,246.82,245.84,246.71,221957
2026-07-10 12:55:00,246.739,247.14,246.6,246.935,308312
2026-07-10 12:56:00,246.9385,247.2,246.69,246.9999,287685
2026-07-10 12:57:00,246.97,260.88,246.3001,246.4407,226397
2026-07-10 12:58:00,246.44,246.7999,245.8,245.8581,283254
2026-07-10 12:59:00,245.905,246.54,245.7801,246.09,277376
2026-07-10 13:00:00,246.1499,246.76,246.09,246.1601,313380
2026-07-10 13:01:00,246.205,246.66,245.97,246.0599,232871
2026-07-10 13:02:00,246.02,246.11,244.634,245.45,786675
2026-07-10 13:03:00,245.41,245.9,244.32,244.47,454241
2026-07-10 13:04:00,244.465,245.21,244.4005,244.53,398993
2026-07-10 13:05:00,244.59,245.4,244.5,244.61,358508
2026-07-10 13:06:00,244.61,245.4399,244.56,245.325,241944
2026-07-10 13:07:00,245.38,246.14,245.2701,245.8952,344886
2026-07-10 13:08:00,245.8949,246.15,245.51,246.063,273305
2026-07-10 13:09:00,246.01,246.53,245.8634,246.41,314966
2026-07-10 13:10:00,246.4062,246.5,245.31,245.8854,450895
2026-07-10 13:11:00,245.925,245.96,245.29,245.85,274270
2026-07-10 13:12:00,245.91,246.49,245.61,246.17,259007
2026-07-10 13:13:00,246.1755,246.48,245.88,246.13,201362
2026-07-10 13:14:00,246.115,246.67,245.8899,246.35,228215
2026-07-10 13:15:00,246.32,246.6,246.0001,246.514,181703
2026-07-10 13:16:00,246.4772,247.17,246.4772,247.01,327309
2026-07-10 13:17:00,246.98,247.64,246.85,247.605,354499
2026-07-10 13:18:00,247.6051,247.71,247.32,247.51,271851
2026-07-10 13:19:00,247.51,247.84,247.43,247.71,261559
2026-07-10 13:20:00,247.6764,247.74,246.92,247.09,338782
2026-07-10 13:21:00,247.145,247.58,246.5,247.4,327745
2026-07-10 13:22:00,247.41,247.5599,246.9506,247.07,192438
2026-07-10 13:23:00,247.06,247.36,246.79,246.92,233407
2026-07-10 13:24:00,246.93,246.98,246.37,246.94,267152
2026-07-10 13:25:00,246.96,247.6679,246.89,247.4301,320819
2026-07-10 13:26:00,247.47,247.69,247.07,247.23,178040
2026-07-10 13:27:00,247.2499,247.6199,247.16,247.5999,191308
2026-07-10 13:28:00,247.6,248.2699,247.55,247.92,357676
2026-07-10 13:29:00,247.96,248.1948,247.82,248.07,170956
2026-07-10 13:30:00,248.07,248.09,247.3,247.448,259542
2026-07-10 13:31:00,247.42,247.45,246.76,246.85,304567
2026-07-10 13:32:00,246.8607,247.61,246.8607,247.3977,218286
2026-07-10 13:33:00,247.38,247.5099,246.92,247.225,148622
2026-07-10 13:34:00,247.24,247.49,246.89,247.38,178698
2026-07-10 13:35:00,247.3735,247.6,247.0489,247.17,224262
2026-07-10 13:36:00,247.2,247.41,246.88,247.0,202650
2026-07-10 13:37:00,247.06,247.1399,245.9,246.2267,496443
2026-07-10 13:38:00,246.17,246.65,246.04,246.3101,236515
2026-07-10 13:39:00,246.35,246.72,246.31,246.5204,170052
2026-07-10 13:40:00,246.54,246.9,246.43,246.57,175418
2026-07-10 13:41:00,246.53,246.92,246.51,246.5446,194129
2026-07-10 13:42:00,246.55,246.67,245.8104,246.26,331458
2026-07-10 13:43:00,246.24,246.27,245.746,245.92,270559
2026-07-10 13:44:00,245.9199,246.16,245.8057,245.835,228747
2026-07-10 13:45:00,245.84,245.93,245.3,245.3519,337191
2026-07-10 13:46:00,245.34,245.41,244.78,244.84,445847
2026-07-10 13:47:00,244.84,244.933,244.1563,244.1701,499149
2026-07-10 13:48:00,244.22,245.33,244.18,245.094,537271
2026-07-10 13:49:00,245.12,245.13,244.66,244.715,261599
2026-07-10 13:50:00,244.6909,244.9599,244.51,244.6306,219716
2026-07-10 13:51:00,244.6001,244.9,243.25,243.72,697260
2026-07-10 13:52:00,243.73,245.1133,243.63,245.1133,446306
2026-07-10 13:53:00,245.1002,245.17,244.63,244.75,307257
2026-07-10 13:54:00,244.7108,244.79,244.11,244.1897,213915
2026-07-10 13:55:00,244.17,244.45,243.94,244.1699,328052
2026-07-10 13:56:00,244.27,244.27,243.45,243.62,384951
2026-07-10 13:57:00,243.67,243.7699,243.3901,243.6407,282305
2026-07-10 13:58:00,243.64,243.78,242.67,243.0895,631437
2026-07-10 13:59:00,243.1337,243.47,242.67,242.745,430413
2026-07-10 14:00:00,242.73,243.59,242.7,243.1142,435287
2026-07-10 14:01:00,243.105,243.18,242.5101,242.8,388224
2026-07-10 14:02:00,242.76,243.46,242.53,243.0878,400642
2026-07-10 14:03:00,243.1156,243.34,242.54,242.622,282329
2026-07-10 14:04:00,242.61,242.76,242.14,242.52,467945
2026-07-10 14:05:00,242.52,243.43,242.4812,243.215,443282
2026-07-10 14:06:00,243.15,243.23,242.44,242.695,305793
2026-07-10 14:07:00,242.695,242.71,241.55,241.61,758600
2026-07-10 14:08:00,241.58,242.5,241.56,242.26,470961
2026-07-10 14:09:00,242.27,242.65,242.06,242.266,421919
2026-07-10 14:10:00,242.308,242.65,242.23,242.6298,325285
2026-07-10 14:11:00,242.62,242.65,242.15,242.315,303904
2026-07-10 14:12:00,242.3,242.54,241.64,241.7332,366025
2026-07-10 14:13:00,241.845,242.68,241.51,242.6,604580
2026-07-10 14:14:00,242.6,243.33,242.5201,242.89,431146
2026-07-10 14:15:00,242.89,242.92,242.09,242.62,393810
2026-07-10 14:16:00,242.62,242.69,242.21,242.55,241563
2026-07-10 14:17:00,242.52,242.59,242.11,242.37,309852
2026-07-10 14:18:00,242.4,243.47,242.3576,243.26,407587
2026-07-10 14:19:00,243.2395,243.43,243.0,243.13,274980
2026-07-10 14:20:00,243.0901,243.97,242.91,243.3899,330384
2026-07-10 14:21:00,243.3169,244.12,243.3169,243.91,329586
2026-07-10 14:22:00,243.9202,244.4,243.92,244.19,341073
2026-07-10 14:23:00,244.135,244.2,243.74,243.7802,374156
2026-07-10 14:24:00,243.815,243.9199,243.57,243.846,238509
2026-07-10 14:25:00,243.85,243.93,243.26,243.4511,234121
2026-07-10 14:26:00,243.425,243.89,243.33,243.69,298189
2026-07-10 14:27:00,243.69,243.949,243.4028,243.905,254832
2026-07-10 14:28:00,243.89,259.88,243.7,243.77,286451
2026-07-10 14:29:00,243.73,259.88,243.66,243.77,173512
2026-07-10 14:30:00,243.73,244.55,243.69,243.8898,396903
2026-07-10 14:31:00,243.86,244.72,243.84,244.67,329864
2026-07-10 14:32:00,244.7,245.4399,244.03,245.25,525881
2026-07-10 14:33:00,245.27,245.54,245.0001,245.25,258740
2026-07-10 14:34:00,245.27,245.69,245.23,245.28,276792
2026-07-10 14:35:00,245.31,245.3699,244.6,245.045,258766
2026-07-10 14:36:00,245.0312,245.669,245.03,245.16,322395
2026-07-10 14:37:00,245.162,245.29,244.84,245.04,214235
2026-07-10 14:38:00,245.0233,245.3699,245.016,245.3029,203897
2026-07-10 14:39:00,245.3299,245.5894,244.99,245.2,306915
2026-07-10 14:40:00,245.1693,245.22,244.61,244.9405,273652
2026-07-10 14:41:00,244.9401,245.1,244.69,244.8,254084
2026-07-10 14:42:00,244.79,245.0,244.0087,244.0087,330423
2026-07-10 14:43:00,244.0,244.39,243.8,244.0731,384321
2026-07-10 14:44:00,244.1591,244.1894,243.57,243.9,332562
2026-07-10 14:45:00,243.88,244.3499,243.7,243.7617,283254
2026-07-10 14:46:00,243.77,244.06,243.6154,243.95,239616
2026-07-10 14:47:00,243.9101,244.31,243.52,243.83,321502
2026-07-10 14:48:00,243.83,243.9,243.1601,243.518,344184
2026-07-10 14:49:00,243.5227,244.35,243.5227,243.9464,293915
2026-07-10 14:50:00,243.97,244.01,243.67,243.885,217841
2026-07-10 14:51:00,243.91,244.0,243.5046,243.57,247794
2026-07-10 14:52:00,243.56,243.68,243.03,243.155,392077
2026-07-10 14:53:00,243.17,243.3016,242.83,242.8931,411208
2026-07-10 14:54:00,242.91,243.65,242.9,243.4201,298802
2026-07-10 14:55:00,243.43,243.75,243.28,243.377,189861
2026-07-10 14:56:00,243.35,243.56,243.13,243.13,160498
2026-07-10 14:57:00,243.13,244.06,243.13,244.0499,259692
2026-07-10 14:58:00,243.98,244.37,243.82,244.345,286868
2026-07-10 14:59:00,244.345,244.99,244.3188,244.8808,336495
2026-07-10 15:00:00,244.91,245.0,244.66,244.91,268361
2026-07-10 15:01:00,244.8631,244.95,244.55,244.73,235884
2026-07-10 15:02:00,244.74,245.0,244.35,244.475,259529
2026-07-10 15:03:00,244.475,244.62,244.11,244.47,265257
2026-07-10 15:04:00,244.47,244.715,244.306,244.715,224887
2026-07-10 15:05:00,244.73,244.9099,244.51,244.54,217444
2026-07-10 15:06:00,244.545,244.57,243.5801,243.75,378340
2026-07-10 15:07:00,243.7334,244.0,243.52,243.605,326440
2026-07-10 15:08:00,243.64,244.27,243.52,244.0488,233141
2026-07-10 15:09:00,244.07,244.16,243.616,243.6824,156074
2026-07-10 15:10:00,243.6676,244.04,243.36,243.735,328384
2026-07-10 15:11:00,243.7429,243.92,243.4683,243.5875,205361
2026-07-10 15:12:00,243.5658,243.7317,243.2901,243.2901,198163
2026-07-10 15:13:00,243.33,243.68,243.241,243.374,193627
2026-07-10 15:14:00,243.41,243.7944,243.35,243.45,177494
2026-07-10 15:15:00,243.45,243.56,243.31,243.412,156286
2026-07-10 15:16:00,243.42,243.46,242.81,242.853,343755
2026-07-10 15:17:00,242.8463,243.78,242.8201,243.71,351084
2026-07-10 15:18:00,243.7099,244.2628,243.51,243.5669,322143
2026-07-10 15:19:00,243.585,243.59,243.05,243.05,215771
2026-07-10 15:20:00,243.05,243.1007,242.25,242.3219,471560
2026-07-10 15:21:00,242.3,242.74,242.15,242.7,316583
2026-07-10 15:22:00,242.7,242.74,241.9,242.1642,482208
2026-07-10 15:23:00,242.135,242.17,241.77,242.1096,362695
2026-07-10 15:24:00,242.14,242.6,242.062,242.1,325064
2026-07-10 15:25:00,242.105,242.27,241.81,241.8532,345238
2026-07-10 15:26:00,241.8574,242.3,241.56,241.59,502371
2026-07-10 15:27:00,241.625,241.65,240.27,240.755,1137068
2026-07-10 15:28:00,240.8,241.69,240.52,240.99,681819
2026-07-10 15:29:00,240.984,241.1499,240.37,240.465,465079
2026-07-10 15:30:00,240.46,241.0,240.45,240.83,454323
2026-07-10 15:31:00,240.87,241.98,240.59,241.45,545218
2026-07-10 15:32:00,241.49,241.54,241.05,241.3031,313181
2026-07-10 15:33:00,241.37,241.5103,240.32,240.35,487358
2026-07-10 15:34:00,240.382,241.8,239.65,241.475,1415085
2026-07-10 15:35:00,241.44,242.96,241.39,242.08,624576
2026-07-10 15:36:00,242.1,242.92,242.1,242.79,407752
2026-07-10 15:37:00,242.84,243.36,242.7501,242.97,480613
2026-07-10 15:38:00,242.9719,243.3,242.85,242.98,290132
2026-07-10 15:39:00,243.0199,243.6576,242.9546,243.3525,430604
2026-07-10 15:40:00,243.32,243.41,242.84,242.892,349439
2026-07-10 15:41:00,242.8698,243.2,242.69,243.0945,344566
2026-07-10 15:42:00,243.1,243.21,242.42,242.65,435183
2026-07-10 15:43:00,242.6,242.62,242.12,242.14,353992
2026-07-10 15:44:00,242.14,242.78,242.1,242.72,391034
2026-07-10 15:45:00,242.76,243.29,242.41,242.705,403341
2026-07-10 15:46:00,242.75,242.98,242.41,242.4302,264426
2026-07-10 15:47:00,242.47,242.78,242.14,242.535,345248
2026-07-10 15:48:00,242.58,242.89,242.5464,242.665,253774
2026-07-10 15:49:00,242.6919,242.7,241.68,241.869,480053
2026-07-10 15:50:00,241.81,241.93,240.63,241.22,750547
2026-07-10 15:51:00,241.2124,242.0,240.84,241.9853,606795
2026-07-10 15:52:00,241.9,242.48,241.6696,242.1374,457219
2026-07-10 15:53:00,242.07,242.33,241.67,241.91,361261
2026-07-10 15:54:00,241.91,241.92,240.39,240.78,590169
2026-07-10 15:55:00,240.755,241.75,240.6,241.5,621398
2026-07-10 15:56:00,241.455,241.92,241.4,241.87,546550
2026-07-10 15:57:00,241.8612,241.9883,241.44,241.45,523030
2026-07-10 15:58:00,241.46,241.51,241.21,241.365,647125
2026-07-10 15:59:00,241.37,241.4599,240.64,240.87,1353472
2026-07-11 09:30:00,235.8,236.93,235.0,236.453,2505160
2026-07-11 09:31:00,236.54,236.91,234.03,234.41,1212282
2026-07-11 09:32:00,234.41,234.95,233.0912,234.85,1555978
2026-07-11 09:33:00,234.73,235.48,233.55,233.81,941686
2026-07-11 09:34:00,233.84,235.09,233.33,234.6199,1092092
2026-07-11 09:35:00,234.6199,236.2,234.4801,235.7908,907264
2026-07-11 09:36:00,235.87,237.98,235.79,237.9065,1304062
2026-07-11 09:37:00,237.94,238.1708,236.81,236.9054,1136845
2026-07-11 09:38:00,236.98,238.84,236.81,238.62,984199
2026-07-11 09:39:00,238.66,239.75,238.61,239.61,1094843
2026-07-11 09:40:00,239.604,240.55,238.84,240.47,1167210
2026-07-11 09:41:00,240.45,241.76,240.435,241.454,1372265
2026-07-11 09:42:00,241.45,242.38,240.75,242.379,1335907
2026-07-11 09:43:00,242.3217,243.19,242.18,243.03,1457531
2026-07-11 09:44:00,243.0,243.94,242.6801,243.78,1319026
2026-07-11 09:45:00,243.7201,244.05,242.2185,242.45,1588949
2026-07-11 09:46:00,242.45,244.11,242.26,243.48,1054786
2026-07-11 09:47:00,243.44,243.479,241.55,241.9797,989069
2026-07-11 09:48:00,241.96,243.01,241.8,242.23,779427
2026-07-11 09:49:00,242.19,243.44,241.96,242.94,737988
2026-07-11 09:50:00,242.9969,245.38,242.92,245.065,1644295
2026-07-11 09:51:00,245.0625,245.8699,244.63,245.7903,1085005
2026-07-11 09:52:00,245.79,246.63,245.46,246.54,1169344
2026-07-11 09:53:00,246.5,246.62,245.65,245.75,934972
2026-07-11 09:54:00,245.755,246.33,244.9,245.1897,959449
2026-07-11 09:55:00,245.18,245.75,244.76,245.44,721402
2026-07-11 09:56:00,245.366,246.25,245.275,246.06,653824
2026-07-11 09:57:00,246.1399,247.1499,245.85,246.995,899766
2026-07-11 09:58:00,246.975,247.16,245.41,245.5192,863145
2026-07-11 09:59:00,245.4801,246.3,235.6121,246.15,653423
2026-07-11 10:00:00,246.1164,246.88,245.58,246.74,620987
2026-07-11 10:01:00,246.8099,246.85,235.51,244.8515,985488
2026-07-11 10:02:00,244.7679,245.39,244.63,244.87,567063
2026-07-11 10:03:00,244.86,245.9,244.82,245.175,563809
2026-07-11 10:04:00,245.1865,246.61,244.74,246.3572,718950
2026-07-11 10:05:00,246.3481,247.4299,245.74,247.25,1034453
2026-07-11 10:06:00,247.32,247.4,246.75,247.0686,668825
2026-07-11 10:07:00,247.0601,247.25,246.09,246.7322,651344
2026-07-11 10:08:00,246.775,246.93,245.92,246.2995,465562
2026-07-11 10:09:00,246.305,246.36,245.51,245.6529,483418
2026-07-11 10:10:00,245.6599,245.9,245.17,245.688,577615
2026-07-11 10:11:00,245.695,245.99,245.02,245.5679,545246
2026-07-11 10:12:00,245.5401,246.0,245.02,245.38,479953
2026-07-11 10:13:00,245.3876,245.62,244.31,244.4215,656367
2026-07-11 10:14:00,244.49,245.78,244.415,245.61,555233
2026-07-11 10:15:00,245.61,246.6,245.53,246.0501,673298
2026-07-11 10:16:00,246.061,246.33,245.8,245.9514,367563
2026-07-11 10:17:00,245.91,246.34,245.8071,246.27,339554
2026-07-11 10:18:00,246.244,246.49,244.862,245.2514,639302
2026-07-11 10:19:00,245.2802,247.08,245.2802,246.89,709750
2026-07-11 10:20:00,246.9,248.0,246.67,247.406,989465
2026-07-11 10:21:00,247.43,247.6,246.24,246.615,632800
2026-07-11 10:22:00,246.65,246.982,246.4,246.47,387470
2026-07-11 10:23:00,246.47,246.6599,245.9,246.495,607304
2026-07-11 10:24:00,246.4951,247.1,246.43,246.865,451231
2026-07-11 10:25:00,246.865,247.44,246.21,246.65,511750
2026-07-11 10:26:00,246.63,246.6987,245.77,246.13,455917
2026-07-11 10:27:00,246.12,246.88,246.0001,246.84,356673
2026-07-11 10:28:00,246.8785,247.2,246.1,246.4101,476648
2026-07-11 10:29:00,246.33,246.7699,246.221,246.465,210057
2026-07-11 10:30:00,246.46,247.6,245.9,246.485,843037
2026-07-11 10:31:00,246.59,246.8192,246.07,246.5,324365
2026-07-11 10:32:00,246.485,247.8,246.3528,247.528,635679
2026-07-11 10:33:00,247.46,249.2724,247.4001,249.13,1343652
2026-07-11 10:34:00,249.0701,249.6,249.0622,249.48,859483
2026-07-11 10:35:00,249.48,249.69,248.82,249.645,693089
2026-07-11 10:36:00,249.63,249.77,249.0,249.4803,611064
2026-07-11 10:37:00,249.48,249.86,249.0582,249.2092,605386
2026-07-11 10:38:00,249.2208,249.25,248.01,248.9002,514646
2026-07-11 10:39:00,248.9429,249.76,248.82,249.4448,534875
2026-07-11 10:40:00,249.46,249.48,248.9925,249.17,347428
2026-07-11 10:41:00,249.19,249.35,248.9272,249.0658,305154
2026-07-11 10:42:00,249.04,249.26,248.61,248.892,414146
2026-07-11 10:43:00,248.8999,249.4,242.0,249.22,369476
2026-07-11 10:44:00,249.217,250.3696,249.14,249.98,955108
2026-07-11 10:45:00,249.96,250.49,249.93,250.1175,603567
2026-07-11 10:46:00,250.12,250.3699,249.8,249.89,487729
2026-07-11 10:47:00,249.89,250.8,249.86,250.083,629194
2026-07-11 10:48:00,250.09,250.78,249.96,250.6,464921
2026-07-11 10:49:00,250.58,251.1398,250.4608,251.01,750810
2026-07-11 10:50:00,251.015,251.19,250.68,251.0299,590118
2026-07-11 10:51:00,251.01,251.17,250.52,250.87,622051
2026-07-11 10:52:00,250.84,250.97,249.69,250.34,704287
2026-07-11 10:53:00,250.3206,250.7499,249.6001,249.7,558445
2026-07-11 10:54:00,249.715,249.99,249.21,249.39,501836
2026-07-11 10:55:00,249.365,249.7099,248.7001,249.645,644634
2026-07-11 10:56:00,249.6426,249.78,248.81,249.045,432476
2026-07-11 10:57:00,249.0476,249.34,248.76,249.215,382643
2026-07-11 10:58:00,249.1991,249.37,249.0,249.15,328461
2026-07-11 10:59:00,249.1461,249.2391,248.61,249.04,509132
2026-07-11 11:00:00,249.155,249.3,247.89,248.0604,712000
2026-07-11 11:01:00,248.13,248.1799,247.2,247.6599,806514
2026-07-11 11:02:00,247.625,248.13,247.6001,247.7112,491937
2026-07-11 11:03:00,247.7113,248.131,247.52,247.8665,317982
2026-07-11 11:04:00,247.8632,247.887,247.02,247.082,441423
2026-07-11 11:05:00,247.0905,247.45,247.02,247.2383,465899
2026-07-11 11:06:00,247.25,248.42,247.2046,248.1351,568681
2026-07-11 11:07:00,248.14,248.49,247.58,248.405,420099
2026-07-11 11:08:00,248.38,248.65,247.9206,248.61,339408
2026-07-11 11:09:00,248.61,248.65,248.0,248.185,268567
2026-07-11 11:10:00,248.1679,248.68,248.0,248.68,250474
2026-07-11 11:11:00,248.675,249.4,248.57,249.305,542957
2026-07-11 11:12:00,249.3,249.39,248.7001,249.0653,351509
2026-07-11 11:13:00,249.062,249.1363,248.6219,248.83,245516
2026-07-11 11:14:00,248.83,249.0,248.5704,248.894,222950
2026-07-11 11:15:00,248.9205,249.33,248.23,248.65,451225
2026-07-11 11:16:00,248.6,249.03,248.4705,248.6643,263410
2026-07-11 11:17:00,248.66,248.79,247.39,247.8793,541180
2026-07-11 11:18:00,247.8623,248.1599,247.44,247.85,330317
2026-07-11 11:19:00,247.835,247.9099,247.02,247.31,340359
2026-07-11 11:20:00,247.34,247.6699,247.0,247.4999,326611
2026-07-11 11:21:00,247.49,248.18,247.49,247.7,431701
2026-07-11 11:22:00,247.7099,248.05,247.56,247.8501,229328
2026-07-11 11:23:00,247.91,247.98,247.65,247.6603,156385
2026-07-11 11:24:00,247.765,247.765,247.01,247.14,410963
2026-07-11 11:25:00,247.155,248.45,247.155,248.4255,492556
2026-07-11 11:26:00,248.419,248.88,248.23,248.23,386337
2026-07-11 11:27:00,248.25,248.41,247.7,247.75,256335
2026-07-11 11:28:00,247.7211,248.46,247.72,248.2501,191243
2026-07-11 11:29:00,248.28,249.18,248.2568,249.18,382325
2026-07-11 11:30:00,249.1301,249.39,248.94,249.005,410806
2026-07-11 11:31:00,248.98,250.0,248.96,249.19,381919
2026-07-11 11:32:00,249.2399,249.28,248.72,248.955,246128
2026-07-11 11:33:00,248.9376,249.15,248.78,248.8614,175921
2026-07-11 11:34:00,248.895,249.33,248.77,249.2675,231613
2026-07-11 11:35:00,249.295,249.56,248.77,249.0,319099
2026-07-11 11:36:00,249.0099,249.38,248.92,249.0651,220999
2026-07-11 11:37:00,249.07,249.54,249.05,249.3996,225420
2026-07-11 11:38:00,249.46,249.77,249.19,249.7184,331517
2026-07-11 11:39:00,249.71,250.35,249.5,250.11,551453
2026-07-11 11:40:00,250.12,250.806,250.0715,250.6884,443846
2026-07-11 11:41:00,250.72,250.9,250.4313,250.54,372305
2026-07-11 11:42:00,250.57,250.6199,250.0257,250.3188,349861
2026-07-11 11:43:00,250.3342,250.77,250.2,250.6812,329551
2026-07-11 11:44:00,250.712,251.8153,250.5906,251.54,950371
2026-07-11 11:45:00,251.5999,251.6796,250.83,251.16,486492
2026-07-11 11:46:00,251.16,251.59,251.0301,251.44,342694
2026-07-11 11:47:00,251.4878,251.84,251.17,251.6499,395152
2026-07-11 11:48:00,251.625,251.723,251.18,251.48,291334
2026-07-11 11:49:00,251.4904,251.74,251.46,251.526,275533
2026-07-11 11:50:00,251.55,251.59,251.07,251.33,256349
2026-07-11 11:51:00,251.35,251.5599,250.51,250.6717,456506
2026-07-11 11:52:00,250.66,250.8585,250.2,250.6896,423986
2026-07-11 11:53:00,250.6887,250.93,250.3601,250.6394,245793
2026-07-11 11:54:00,250.616,250.93,250.4301,250.52,274660
2026-07-11 11:55:00,250.5,250.7,250.33,250.7,222216
2026-07-11 11:56:00,250.63,251.09,250.5901,251.03,279738
2026-07-11 11:57:00,250.9755,251.0499,250.32,250.4101,285804
2026-07-11 11:58:00,250.435,250.47,249.61,249.7,529923
2026-07-11 11:59:00,249.6786,249.78,249.14,249.15,481181
2026-07-11 12:00:00,249.14,249.79,249.06,249.16,365879
2026-07-11 12:01:00,249.0701,250.05,249.07,250.0099,353318
2026-07-11 12:02:00,250.0099,250.7196,249.952,250.16,488465
2026-07-11 12:03:00,250.16,250.5381,249.92,250.3686,270338
2026-07-11 12:04:00,250.31,250.5,249.5865,249.7399,271342
2026-07-11 12:05:00,249.7084,250.3799,249.29,250.0412,418688
2026-07-11 12:06:00,250.0539,250.11,249.55,249.655,172507
2026-07-11 12:07:00,249.7,249.779,249.28,249.32,271081
2026-07-11 12:08:00,249.3498,249.67,249.2,249.426,530252
2026-07-11 12:09:00,249.4119,249.6,249.1101,249.33,212437
2026-07-11 12:10:00,249.33,249.98,249.26,249.36,302371
2026-07-11 12:11:00,249.3476,249.4061,248.6,248.705,455456
2026-07-11 12:12:00,248.7499,250.03,248.6,249.92,442470
2026-07-11 12:13:00,249.94,250.0599,249.09,249.145,302769
2026-07-11 12:14:00,249.12,249.86,249.0,249.5901,236385
2026-07-11 12:15:00,249.595,249.85,249.5248,249.57,192573
2026-07-11 12:16:00,249.6,249.6,248.86,249.1089,262641
2026-07-11 12:17:00,249.06,249.29,248.83,249.1091,187942
2026-07-11 12:18:00,249.15,249.4655,249.085,249.4032,203179
2026-07-11 12:19:00,249.4,249.43,248.81,248.89,201835
2026-07-11 12:20:00,248.875,249.5899,248.85,249.4301,266508
2026-07-11 12:21:00,249.4645,249.5,248.77,249.1037,207591
2026-07-11 12:22:00,249.075,250.02,248.97,250.02,320405
2026-07-11 12:23:00,250.02,250.1899,249.62,249.74,245408
2026-07-11 12:24:00,249.783,250.0,249.61,249.7047,182461
2026-07-11 12:25:00,249.7001,250.0,249.67,249.8372,358484
2026-07-11 12:26:00,249.87,250.2886,249.79,249.94,325123
2026-07-11 12:27:00,249.9,250.0017,249.64,249.92,236290
2026-07-11 12:28:00,249.955,250.05,249.6,249.715,142229
2026-07-11 12:29:00,249.6869,249.99,249.5,249.5195,153775
2026-07-11 12:30:00,249.5694,249.8699,249.17,249.68,288870
2026-07-11 12:31:00,249.6849,249.7284,249.23,249.2613,186804
2026-07-11 12:32:00,249.275,249.55,249.23,249.445,104972
2026-07-11 12:33:00,249.4236,249.49,248.81,249.05,277488
2026-07-11 12:34:00,249.01,249.1994,248.8,249.1174,236558
2026-07-11 12:35:00,249.1468,250.11,248.93,249.9402,389247
2026-07-11 12:36:00,249.91,249.99,249.64,249.81,238578
2026-07-11 12:37:00,249.7968,250.01,249.58,249.94,190584
2026-07-11 12:38:00,249.96,250.22,249.59,249.9,285708
2026-07-11 12:39:00,249.9021,249.97,249.79,249.91,95099
2026-07-11 12:40:00,249.91,250.05,249.58,249.6176,140099
2026-07-11 12:41:00,249.6225,249.85,249.3601,249.66,175607
2026-07-11 12:42:00,249.65,249.7699,249.21,249.34,192173
2026-07-11 12:43:00,249.3811,249.81,249.2101,249.81,115341
2026-07-11 12:44:00,249.78,250.12,249.12,249.2601,314350
2026-07-11 12:45:00,249.3,249.4748,249.01,249.2684,210235
2026-07-11 12:46:00,249.25,249.6,249.14,249.22,202655
2026-07-11 12:47:00,249.1983,249.33,248.85,249.18,279666
2026-07-11 12:48:00,249.1962,249.27,248.9,249.19,163494
2026-07-11 12:49:00,249.1713,249.62,249.153,249.525,220447
2026-07-11 12:50:00,249.52,249.88,249.4,249.77,208236
2026-07-11 12:51:00,249.77,250.13,249.632,249.665,291672
2026-07-11 12:52:00,249.675,250.01,249.6001,249.88,123579
2026-07-11 12:53:00,249.93,250.1,249.74,249.8569,136268
2026-07-11 12:54:00,249.85,250.18,249.82,250.1501,200602
2026-07-11 12:55:00,250.18,250.53,249.8,250.1699,447759
2026-07-11 12:56:00,250.136,250.3,250.04,250.1359,178211
2026-07-11 12:57:00,250.13,251.0,250.08,250.93,338854
2026-07-11 12:58:00,250.9223,251.3,250.5801,250.652,423852
2026-07-11 12:59:00,250.65,250.65,250.15,250.485,243174
2026-07-11 13:00:00,250.45,250.68,250.15,250.42,253011
2026-07-11 13:01:00,250.4136,250.46,250.0701,250.37,161912
2026-07-11 13:02:00,250.398,250.54,250.0,250.27,182574
2026-07-11 13:03:00,250.27,250.55,250.16,250.37,178485
2026-07-11 13:04:00,250.39,250.64,250.31,250.53,167273
2026-07-11 13:05:00,250.55,250.78,250.37,250.6032,172851
2026-07-11 13:06:00,250.5917,250.77,250.47,250.61,132054
2026-07-11 13:07:00,250.62,250.86,250.41,250.4522,214203
2026-07-11 13:08:00,250.4765,250.5618,250.1,250.38,262126
2026-07-11 13:09:00,250.36,250.3894,249.8216,249.98,208170
2026-07-11 13:10:00,250.0399,250.1,249.75,250.0,214078
2026-07-11 13:11:00,250.01,250.5,249.91,250.377,182159
2026-07-11 13:12:00,250.38,250.5,249.8,249.8532,239145
2026-07-11 13:13:00,249.8522,249.93,249.63,249.86,167644
2026-07-11 13:14:00,249.8955,249.9099,249.667,249.7,114657
2026-07-11 13:15:00,249.74,250.019,249.7,249.905,130907
2026-07-11 13:16:00,249.905,250.03,249.65,249.84,135187
2026-07-11 13:17:00,249.8303,249.9897,249.74,249.8,133556
2026-07-11 13:18:00,249.8008,249.818,249.18,249.3489,298617
2026-07-11 13:19:00,249.3,249.669,249.19,249.51,206497
2026-07-11 13:20:00,249.5296,249.61,249.28,249.57,124803
2026-07-11 13:21:00,249.5727,249.73,249.33,249.4157,178503
2026-07-11 13:22:00,249.39,249.5484,249.25,249.36,120144
2026-07-11 13:23:00,249.395,249.446,248.95,249.2007,241058
2026-07-11 13:24:00,249.15,249.7499,249.03,249.5696,245948
2026-07-11 13:25:00,249.6199,249.6199,249.19,249.43,194315
2026-07-11 13:26:00,249.4396,249.61,249.17,249.375,173018
2026-07-11 13:27:00,249.3405,249.38,248.96,249.3,154532
2026-07-11 13:28:00,249.28,249.49,249.1219,249.44,108779
2026-07-11 13:29:00,249.4265,249.75,249.4265,249.6685,192366
2026-07-11 13:30:00,249.67,249.9,249.51,249.6,148143
2026-07-11 13:31:00,249.57,249.79,249.15,249.6799,206523
2026-07-11 13:32:00,249.63,249.95,249.5,249.7524,156689
2026-07-11 13:33:00,249.7196,249.7196,249.32,249.53,140033
2026-07-11 13:34:00,249.53,249.59,249.22,249.53,109870
2026-07-11 13:35:00,249.48,249.66,249.42,249.606,111525
2026-07-11 13:36:00,249.6262,249.67,249.4,249.4624,72716
2026-07-11 13:37:00,249.51,249.83,249.4901,249.6833,152387
2026-07-11 13:38:00,249.62,249.98,249.62,249.84,136518
2026-07-11 13:39:00,249.82,250.05,249.66,249.9334,195477
2026-07-11 13:40:00,249.966,250.02,249.7701,249.89,136406
2026-07-11 13:41:00,249.9199,249.98,249.59,249.8035,138613
2026-07-11 13:42:00,249.76,249.7636,249.27,249.4531,249124
2026-07-11 13:43:00,249.5,249.95,249.4747,249.885,182465
2026-07-11 13:44:00,249.857,249.8768,249.42,249.4951,138599
2026-07-11 13:45:00,249.52,249.52,249.2,249.3153,197207
2026-07-11 13:46:00,249.36,249.57,249.2701,249.44,92163
2026-07-11 13:47:00,249.49,249.49,249.09,249.37,177954
2026-07-11 13:48:00,249.39,249.5,249.18,249.28,151877
2026-07-11 13:49:00,249.2946,249.4399,249.21,249.4128,80870
2026-07-11 13:50:00,249.4288,249.58,249.22,249.5401,175420
2026-07-11 13:51:00,249.57,249.99,249.52,249.7918,315645
2026-07-11 13:52:00,249.7695,249.8699,249.64,249.7002,111611
2026-07-11 13:53:00,249.7206,249.8299,249.66,249.8,93939
2026-07-11 13:54:00,249.7863,250.16,249.6601,249.9693,242372
2026-07-11 13:55:00,249.97,250.09,249.75,250.05,114301
2026-07-11 13:56:00,250.0304,250.54,249.99,250.5101,265285
2026-07-11 13:57:00,250.55,250.9,250.13,250.25,380528
2026-07-11 13:58:00,250.3099,250.32,249.7301,249.93,268234
2026-07-11 13:59:00,249.95,250.119,249.7301,249.85,137603
2026-07-11 14:00:00,249.8623,249.9199,249.2,249.48,347096
2026-07-11 14:01:00,249.53,249.9499,249.53,249.8799,179411
2026-07-11 14:02:00,249.85,249.9305,249.55,249.83,150693
2026-07-11 14:03:00,249.802,250.0,249.7,249.8701,130756
2026-07-11 14:04:00,249.8758,249.95,249.72,249.8264,101973
2026-07-11 14:05:00,249.81,249.9499,249.6,249.87,192165
2026-07-11 14:06:00,249.91,250.19,249.8007,249.85,192772
2026-07-11 14:07:00,249.81,249.93,249.57,249.69,160512
2026-07-11 14:08:00,249.7,249.8999,249.67,249.8376,103315
2026-07-11 14:09:00,249.8465,250.05,249.77,250.03,1588814
2026-07-11 14:10:00,250.0476,250.41,249.76,249.8401,263365
2026-07-11 14:11:00,249.84,250.05,249.73,249.9345,156728
2026-07-11 14:12:00,249.9344,250.349,249.9284,250.22,173981
2026-07-11 14:13:00,250.2322,250.396,250.09,250.37,166832
2026-07-11 14:14:00,250.3969,250.51,250.1803,250.25,208828
2026-07-11 14:15:00,250.27,250.34,250.05,250.17,129058
2026-07-11 14:16:00,250.175,250.4132,250.0544,250.35,125563
2026-07-11 14:17:00,250.36,250.47,250.2,250.305,121120
2026-07-11 14:18:00,250.305,250.4599,250.22,250.4599,91368
2026-07-11 14:19:00,250.4514,250.5097,250.36,250.4433,147534
2026-07-11 14:20:00,250.45,250.55,250.12,250.14,170141
2026-07-11 14:21:00,250.19,250.61,250.0,250.5172,268328
2026-07-11 14:22:00,250.53,250.5399,249.7301,250.1216,286488
2026-07-11 14:23:00,250.1299,250.37,250.11,250.29,118311
2026-07-11 14:24:00,250.3091,250.48,250.2106,250.4,108673
2026-07-11 14:25:00,250.41,250.47,249.9,250.2168,221857
2026-07-11 14:26:00,250.1838,250.52,250.04,250.4505,192557
2026-07-11 14:27:00,250.4822,250.9,250.27,250.86,305081
2026-07-11 14:28:00,250.888,250.9,250.5297,250.77,216564
2026-07-11 14:29:00,250.7787,250.9794,250.6765,250.95,205357
2026-07-11 14:30:00,250.95,251.02,250.72,250.8801,328265
2026-07-11 14:31:00,250.9138,250.92,250.614,250.69,133624
2026-07-11 14:32:00,250.69,250.8499,250.6001,250.6103,88647
2026-07-11 14:33:00,250.628,250.81,250.485,250.5147,142733
2026-07-11 14:34:00,250.54,250.6,250.34,250.59,186117
2026-07-11 14:35:00,250.59,250.69,250.15,250.395,181294
2026-07-11 14:36:00,250.4,250.6447,250.16,250.27,196320
2026-07-11 14:37:00,250.36,250.64,250.2501,250.33,122329
2026-07-11 14:38:00,250.345,250.4599,250.22,250.236,84215
2026-07-11 14:39:00,250.2595,250.505,250.2,250.325,147748
2026-07-11 14:40:00,250.35,250.42,250.18,250.23,103043
2026-07-11 14:41:00,250.24,250.46,250.18,250.31,97988
2026-07-11 14:42:00,250.33,250.4199,250.15,250.2262,84890
2026-07-11 14:43:00,250.2569,250.29,250.1,250.25,115656
2026-07-11 14:44:00,250.245,250.36,250.18,250.26,102592
2026-07-11 14:45:00,250.2557,250.65,250.25,250.6014,218947
2026-07-11 14:46:00,250.599,250.74,250.37,250.3801,223735
2026-07-11 14:47:00,250.4,250.74,250.4,250.5201,168982
2026-07-11 14:48:00,250.5391,250.69,250.5304,250.5998,116356
2026-07-11 14:49:00,250.5519,250.67,250.5515,250.6,99979
2026-07-11 14:50:00,250.6048,250.6048,250.43,250.54,85066
2026-07-11 14:51:00,250.55,250.69,250.22,250.2778,164121
2026-07-11 14:52:00,250.27,250.4899,250.21,250.4399,109022
2026-07-11 14:53:00,250.4399,250.5386,250.3401,250.4715,115383
2026-07-11 14:54:00,250.45,250.4899,250.2,250.2001,104319
2026-07-11 14:55:00,250.2,250.46,250.18,250.4561,179614
2026-07-11 14:56:00,250.42,250.69,250.3636,250.67,178139
2026-07-11 14:57:00,250.67,250.74,250.2837,250.4699,181418
2026-07-11 14:58:00,250.4608,250.4608,250.2,250.2799,143848
2026-07-11 14:59:00,250.262,250.44,250.26,250.35,101664
2026-07-11 15:00:00,250.35,250.4,250.2,250.2383,101409
2026-07-11 15:01:00,250.27,250.55,250.2,250.4901,155995
2026-07-11 15:02:00,250.49,250.669,250.3006,250.61,165604
2026-07-11 15:03:00,250.59,250.61,250.29,250.3256,107355
2026-07-11 15:04:00,250.345,250.58,250.29,250.45,92391
2026-07-11 15:05:00,250.4522,250.64,250.4184,250.61,125468
2026-07-11 15:06:00,250.64,250.65,250.44,250.49,120968
2026-07-11 15:07:00,250.5,250.64,250.41,250.49,112831
2026-07-11 15:08:00,250.48,250.55,250.13,250.17,207014
2026-07-11 15:09:00,250.19,250.39,250.11,250.3012,146883
2026-07-11 15:10:00,250.3134,250.32,250.11,250.2,150004
2026-07-11 15:11:00,250.205,250.64,250.182,250.61,340108
2026-07-11 15:12:00,250.585,250.6296,250.42,250.5,137101
2026-07-11 15:13:00,250.49,250.58,250.41,250.485,100725
2026-07-11 15:14:00,250.48,250.58,250.4747,250.504,88330
2026-07-11 15:15:00,250.52,250.64,250.48,250.5396,116817
2026-07-11 15:16:00,250.52,250.55,250.13,250.17,190728
2026-07-11 15:17:00,250.18,250.39,250.03,250.2202,209567
2026-07-11 15:18:00,250.23,250.55,250.02,250.14,202934
2026-07-11 15:19:00,250.14,250.24,249.83,250.04,285607
2026-07-11 15:20:00,250.06,250.06,249.65,249.735,185768
2026-07-11 15:21:00,249.73,249.76,249.05,249.52,471320
2026-07-11 15:22:00,249.5299,249.8,249.44,249.5704,276438
2026-07-11 15:23:00,249.5701,249.84,249.2201,249.815,217728
2026-07-11 15:24:00,249.82,249.842,249.62,249.842,147350
2026-07-11 15:25:00,249.8301,249.99,249.81,249.94,155048
2026-07-11 15:26:00,249.96,250.28,249.94,250.22,259290
2026-07-11 15:27:00,250.2299,250.79,250.2001,250.64,502030
2026-07-11 15:28:00,250.64,250.7,250.34,250.47,253124
2026-07-11 15:29:00,250.4708,250.52,250.26,250.345,169609
2026-07-11 15:30:00,250.33,250.46,249.89,249.962,276448
2026-07-11 15:31:00,249.9401,249.9594,248.87,249.6972,636874
2026-07-11 15:32:00,249.705,249.76,249.15,249.42,279605
2026-07-11 15:33:00,249.44,250.069,249.3701,250.02,302192
2026-07-11 15:34:00,250.025,250.81,250.02,250.4057,437870
2026-07-11 15:35:00,250.4,250.65,250.22,250.39,265246
2026-07-11 15:36:00,250.352,250.4199,249.7743,249.84,286652
2026-07-11 15:37:00,249.8174,249.8699,249.06,249.2223,421353
2026-07-11 15:38:00,249.2201,249.95,249.09,249.5321,354764
2026-07-11 15:39:00,249.52,249.59,249.2501,249.53,163049
2026-07-11 15:40:00,249.51,249.64,249.23,249.64,224149
2026-07-11 15:41:00,249.62,250.0,249.47,249.9444,277947
2026-07-11 15:42:00,249.9409,250.02,249.76,249.966,255330
2026-07-11 15:43:00,249.99,250.01,249.56,249.59,207439
2026-07-11 15:44:00,249.56,249.85,249.3973,249.73,224021
2026-07-11 15:45:00,249.76,249.96,249.41,249.55,222430
2026-07-11 15:46:00,249.56,249.88,249.5301,249.6601,176703
2026-07-11 15:47:00,249.71,249.7965,249.36,249.4816,264794
2026-07-11 15:48:00,249.46,249.473,248.87,249.045,392387
2026-07-11 15:49:00,249.02,249.37,248.8901,249.3499,295390
2026-07-11 15:50:00,249.24,249.28,247.9,248.35,689276
2026-07-11 15:51:00,248.35,249.07,248.307,248.9,445580
2026-07-11 15:52:00,248.915,249.2,248.5319,248.63,385112
2026-07-11 15:53:00,248.65,249.0,248.2,248.48,418183
2026-07-11 15:54:00,248.4968,249.74,248.4901,249.62,497699
2026-07-11 15:55:00,249.61,249.615,248.4301,248.6999,446927
2026-07-11 15:56:00,248.69,248.9599,248.62,248.68,308129
2026-07-11 15:57:00,248.685,248.86,248.26,248.265,451144
2026-07-11 15:58:00,248.265,248.36,247.97,248.02,431976
2026-07-11 15:59:00,248.05,248.33,247.7,248.33,976343
2026-07-14 09:30:00,255.97,256.03,254.22,254.6,1945906
2026-07-14 09:31:00,254.6101,255.25,253.36,253.83,962304
2026-07-14 09:32:00,253.84,254.89,253.27,253.735,917952
2026-07-14 09:33:00,253.82,255.67,252.86,254.57,1071884
2026-07-14 09:34:00,254.61,257.3,254.395,257.1,1005434
2026-07-14 09:35:00,257.01,258.41,256.55,258.1201,1286910
2026-07-14 09:36:00,258.1821,259.5,258.02,259.31,1191232
2026-07-14 09:37:00,259.27,259.76,258.88,259.52,981111
2026-07-14 09:38:00,259.56,260.86,259.43,260.65,1494507
2026-07-14 09:39:00,260.6,261.26,259.95,261.025,1040572
2026-07-14 09:40:00,261.07,261.5,260.09,260.182,1044628
2026-07-14 09:41:00,260.2206,261.33,260.18,260.8175,751773
2026-07-14 09:42:00,260.82,261.0,259.26,259.36,813979
2026-07-14 09:43:00,259.35,260.2,258.36,258.4,937816
2026-07-14 09:44:00,258.39,259.5299,256.68,257.45,1039880
2026-07-14 09:45:00,257.415,258.47,257.2501,258.04,682790
2026-07-14 09:46:00,258.09,260.38,258.04,259.91,948354
2026-07-14 09:47:00,259.86,260.07,259.0,259.69,550940
2026-07-14 09:48:00,259.675,260.83,259.6,260.42,755666
2026-07-14 09:49:00,260.42,261.25,259.68,260.17,880194
2026-07-14 09:50:00,260.18,260.2199,259.13,259.3511,469749
2026-07-14 09:51:00,259.3511,260.17,259.02,260.12,518349
2026-07-14 09:52:00,260.05,261.83,259.34,261.5386,923490
2026-07-14 09:53:00,261.5027,262.0,260.39,261.1393,1024517
2026-07-14 09:54:00,261.1399,262.65,260.48,262.1501,795743
2026-07-14 09:55:00,262.19,262.85,261.55,261.86,697533
2026-07-14 09:56:00,261.86,262.38,261.56,261.86,428515
2026-07-14 09:57:00,261.835,261.835,260.77,261.56,476351
2026-07-14 09:58:00,261.54,261.54,260.49,260.92,412045
2026-07-14 09:59:00,260.85,261.4,260.56,260.925,391548
2026-07-14 10:00:00,260.93,261.66,260.73,261.43,444751
2026-07-14 10:01:00,261.39,262.32,261.08,261.9167,605177
2026-07-14 10:02:00,261.8915,261.94,255.8799,261.2739,412969
2026-07-14 10:03:00,261.29,261.81,260.97,260.97,394943
2026-07-14 10:04:00,260.94,261.3399,260.31,260.6401,485510
2026-07-14 10:05:00,260.66,260.8,259.69,260.4089,536674
2026-07-14 10:06:00,260.405,260.7199,260.0,260.31,326433
2026-07-14 10:07:00,260.3462,260.4199,259.8001,260.3399,337138
2026-07-14 10:08:00,260.31,260.96,255.8181,260.785,461450
2026-07-14 10:09:00,260.775,261.2398,260.42,260.8,488541
2026-07-14 10:10:00,260.91,261.88,260.65,261.88,546807
2026-07-14 10:11:00,261.85,262.53,261.8,262.45,789606
2026-07-14 10:12:00,262.354,263.57,262.32,263.55,1166351
2026-07-14 10:13:00,263.55,264.1,263.5201,263.7869,798824
2026-07-14 10:14:00,263.8137,264.37,263.4,264.235,909925
2026-07-14 10:15:00,264.2421,264.62,263.91,264.2082,835250
2026-07-14 10:16:00,264.215,264.74,264.15,264.31,591222
2026-07-14 10:17:00,264.3101,264.39,263.63,263.84,644264
2026-07-14 10:18:00,263.86,264.08,263.22,263.44,606303
2026-07-14 10:19:00,263.42,264.06,263.16,263.8012,463603
2026-07-14 10:20:00,263.76,264.5,263.26,263.83,541127
2026-07-14 10:21:00,263.765,264.7,263.5,264.5501,542766
2026-07-14 10:22:00,264.62,264.62,263.83,264.03,355830
2026-07-14 10:23:00,264.057,264.18,263.07,263.6299,461319
2026-07-14 10:24:00,263.585,263.99,263.2404,263.34,322570
2026-07-14 10:25:00,263.356,264.01,263.2601,263.535,370824
2026-07-14 10:26:00,263.53,264.25,263.4501,263.9055,431365
2026-07-14 10:27:00,263.9055,263.9715,263.49,263.79,229897
2026-07-14 10:28:00,263.8,264.5,263.5,264.47,499196
2026-07-14 10:29:00,264.48,264.99,263.98,264.225,760738
2026-07-14 10:30:00,264.19,264.5,263.6664,263.8699,448246
2026-07-14 10:31:00,263.815,264.5094,263.69,264.387,403175
2026-07-14 10:32:00,264.4,264.44,263.6,263.8897,366390
2026-07-14 10:33:00,263.87,264.22,263.7,263.894,260055
2026-07-14 10:34:00,263.92,264.1,263.41,263.5114,334515
2026-07-14 10:35:00,263.51,264.04,263.36,263.82,364384
2026-07-14 10:36:00,263.7963,264.38,263.51,264.2648,354454
2026-07-14 10:37:00,264.25,264.38,263.94,264.37,262243
2026-07-14 10:38:00,264.38,265.29,264.2,264.845,1079113
2026-07-14 10:39:00,264.82,265.24,255.0667,264.64,403034
2026-07-14 10:40:00,264.6203,265.6,255.0667,265.46,584927
2026-07-14 10:41:00,265.4799,265.57,263.79,264.1999,750238
2026-07-14 10:42:00,264.17,264.39,263.63,264.1101,416707
2026-07-14 10:43:00,264.225,264.48,263.51,263.8649,349496
2026-07-14 10:44:00,263.81,264.42,263.55,264.4099,378278
2026-07-14 10:45:00,264.37,264.59,264.04,264.15,381219
2026-07-14 10:46:00,264.125,264.46,263.36,263.955,465343
2026-07-14 10:47:00,263.95,263.98,262.6,262.7199,586361
2026-07-14 10:48:00,262.69,262.92,262.38,262.6899,565661
2026-07-14 10:49:00,262.652,262.84,262.3,262.56,291811
2026-07-14 10:50:00,262.54,262.87,262.22,262.555,367517
2026-07-14 10:51:00,262.6099,263.08,262.46,262.67,387050
2026-07-14 10:52:00,262.64,263.72,262.46,263.5199,441161
2026-07-14 10:53:00,263.51,263.52,262.27,262.4093,378276
2026-07-14 10:54:00,262.435,262.56,261.75,262.3016,568646
2026-07-14 10:55:00,262.295,263.24,262.27,263.2396,308796
2026-07-14 10:56:00,263.2,263.45,262.78,263.37,340618
2026-07-14 10:57:00,263.44,263.61,262.71,263.3407,380960
2026-07-14 10:58:00,263.35,263.385,262.75,263.0,205482
2026-07-14 10:59:00,263.0,263.09,262.57,262.5902,230259
2026-07-14 11:00:00,262.6,263.12,262.53,263.0,194925
2026-07-14 11:01:00,263.005,263.53,262.82,263.095,284176
2026-07-14 11:02:00,262.995,263.4199,262.75,262.9401,176041
2026-07-14 11:03:00,262.98,263.27,262.7,263.06,215716
2026-07-14 11:04:00,263.07,263.23,262.72,263.19,151819
2026-07-14 11:05:00,263.17,263.26,262.8,262.9004,178491
2026-07-14 11:06:00,262.93,263.28,262.75,263.0001,193881
2026-07-14 11:07:00,263.0196,263.22,262.65,263.105,839842
2026-07-14 11:08:00,263.12,263.2816,262.58,262.6301,259447
2026-07-14 11:09:00,262.615,262.64,262.03,262.62,330916
2026-07-14 11:10:00,262.605,263.69,262.605,263.58,439816
2026-07-14 11:11:00,263.56,264.1,263.44,263.885,386635
2026-07-14 11:12:00,263.9,263.96,263.55,263.775,264850
2026-07-14 11:13:00,263.8099,264.02,263.6201,263.7,232350
2026-07-14 11:14:00,263.69,263.89,263.46,263.59,163945
2026-07-14 11:15:00,263.59,263.59,262.44,262.46,406197
2026-07-14 11:16:00,262.46,262.61,262.03,262.19,323606
2026-07-14 11:17:00,262.13,262.33,261.76,262.27,364721
2026-07-14 11:18:00,262.255,262.47,262.04,262.33,231666
2026-07-14 11:19:00,262.295,262.3299,261.97,262.18,203113
2026-07-14 11:20:00,262.2,262.32,261.81,261.8775,243432
2026-07-14 11:21:00,261.84,261.93,261.45,261.91,398683
2026-07-14 11:22:00,261.8801,262.5,261.74,262.45,352614
2026-07-14 11:23:00,262.41,262.46,261.84,262.3,208308
2026-07-14 11:24:00,262.18,262.4,261.78,262.15,212435
2026-07-14 11:25:00,262.09,262.15,261.56,261.59,263378
2026-07-14 11:26:00,261.5601,262.0,261.36,261.975,300359
2026-07-14 11:27:00,261.9527,262.31,261.46,261.72,288924
2026-07-14 11:28:00,261.64,262.12,261.5905,262.12,198794
2026-07-14 11:29:00,262.09,262.29,261.83,261.98,208199
2026-07-14 11:30:00,261.97,262.25,261.6,262.165,249667
2026-07-14 11:31:00,262.15,262.4,261.92,262.3,241165
2026-07-14 11:32:00,262.28,263.068,262.25,262.97,505829
2026-07-14 11:33:00,262.9101,263.22,262.21,262.245,380762
2026-07-14 11:34:00,262.27,262.2799,260.51,260.8999,587293
2026-07-14 11:35:00,260.89,260.89,260.13,260.5,448309
2026-07-14 11:36:00,260.54,261.4,260.51,261.285,337308
2026-07-14 11:37:00,261.285,261.34,260.88,261.24,203565
2026-07-14 11:38:00,261.255,261.255,260.56,260.56,248921
2026-07-14 11:39:00,260.54,261.04,260.4,260.95,184846
2026-07-14 11:40:00,260.9,261.26,260.84,260.84,192644
2026-07-14 11:41:00,260.82,261.08,260.5507,260.925,206998
2026-07-14 11:42:00,260.95,261.21,260.6,260.6298,175030
2026-07-14 11:43:00,260.61,261.0299,260.2205,260.27,492708
2026-07-14 11:44:00,260.255,260.4,259.84,260.2,528170
2026-07-14 11:45:00,260.27,260.3999,259.2,259.565,452436
2026-07-14 11:46:00,259.59,259.59,258.83,259.1,512817
2026-07-14 11:47:00,259.1,259.3,258.6,259.28,471080
2026-07-14 11:48:00,259.2617,259.85,259.14,259.6925,365193
2026-07-14 11:49:00,259.7,259.9,259.311,259.62,217547
2026-07-14 11:50:00,259.57,260.13,259.5484,259.97,272148
2026-07-14 11:51:00,260.0,260.66,259.951,260.341,390737
2026-07-14 11:52:00,260.37,260.39,259.94,260.0932,203669
2026-07-14 11:53:00,260.1287,260.315,259.8814,259.925,178210
2026-07-14 11:54:00,259.89,260.15,259.57,259.97,232890
2026-07-14 11:55:00,259.94,259.94,259.12,259.12,298575
2026-07-14 11:56:00,259.12,259.19,258.6,258.84,345348
2026-07-14 11:57:00,258.855,259.73,258.71,259.5,301889
2026-07-14 11:58:00,259.49,259.88,259.34,259.825,199168
2026-07-14 11:59:00,259.819,259.9599,259.34,259.723,189539
2026-07-14 12:00:00,259.67,260.22,259.65,260.21,263228
2026-07-14 12:01:00,260.1601,260.72,260.039,260.165,324768
2026-07-14 12:02:00,260.12,260.29,259.75,260.2283,216379
2026-07-14 12:03:00,260.19,260.35,259.63,259.68,164052
2026-07-14 12:04:00,259.66,259.73,258.75,258.935,312732
2026-07-14 12:05:00,258.97,259.26,258.18,258.5599,381301
2026-07-14 12:06:00,258.48,259.49,258.48,259.369,296213
2026-07-14 12:07:00,259.41,259.44,258.7201,258.84,310496
2026-07-14 12:08:00,258.88,259.19,258.29,258.43,292262
2026-07-14 12:09:00,258.42,258.85,258.24,258.6817,218601
2026-07-14 12:10:00,258.55,258.66,258.2001,258.38,249401
2026-07-14 12:11:00,258.37,258.64,257.77,258.01,456940
2026-07-14 12:12:00,258.0,258.2699,257.56,257.695,369432
2026-07-14 12:13:00,257.695,258.43,257.5105,258.2791,424007
2026-07-14 12:14:00,258.25,258.49,257.87,258.24,269343
2026-07-14 12:15:00,258.22,258.25,257.5,258.1,265661
2026-07-14 12:16:00,258.13,258.38,257.6,258.33,275184
2026-07-14 12:17:00,258.3378,258.95,258.2754,258.88,347330
2026-07-14 12:18:00,258.87,258.88,258.07,258.44,328685
2026-07-14 12:19:00,258.405,258.44,257.88,257.94,207153
2026-07-14 12:20:00,258.0316,258.4,257.74,258.11,272001
2026-07-14 12:21:00,258.14,258.4899,258.03,258.38,199692
2026-07-14 12:22:00,258.43,258.85,258.3501,258.59,235570
2026-07-14 12:23:00,258.613,259.12,258.51,259.12,223992
2026-07-14 12:24:00,259.07,259.82,258.9812,259.7401,360517
2026-07-14 12:25:00,259.79,259.88,259.41,259.6,264417
2026-07-14 12:26:00,259.63,260.37,259.46,260.32,344829
2026-07-14 12:27:00,260.3799,260.4299,260.07,260.2271,255125
2026-07-14 12:28:00,260.2894,260.29,259.54,259.83,302166
2026-07-14 12:29:00,259.86,260.14,259.78,259.89,193570
2026-07-14 12:30:00,259.9132,259.9999,259.69,259.72,168644
2026-07-14 12:31:00,259.7188,259.9198,259.5,259.635,221758
2026-07-14 12:32:00,259.6986,260.2,259.635,260.0601,281904
2026-07-14 12:33:00,260.11,260.26,259.71,260.23,191421
2026-07-14 12:34:00,260.19,260.28,260.07,260.2,190823
2026-07-14 12:35:00,260.24,260.6999,260.08,260.155,347012
2026-07-14 12:36:00,260.15,260.5999,260.02,260.39,225676
2026-07-14 12:37:00,260.35,260.6998,260.1,260.665,247447
2026-07-14 12:38:00,260.63,260.6999,260.28,260.385,194063
2026-07-14 12:39:00,260.3802,260.7,260.3471,260.57,138223
2026-07-14 12:40:00,260.56,260.83,260.332,260.39,233656
2026-07-14 12:41:00,260.39,261.47,260.32,261.47,437483
2026-07-14 12:42:00,261.478,261.54,261.1325,261.24,312411
2026-07-14 12:43:00,261.245,261.44,260.85,260.99,259467
2026-07-14 12:44:00,260.97,261.2499,260.83,260.83,159689
2026-07-14 12:45:00,260.9,261.14,260.21,260.8149,387443
2026-07-14 12:46:00,260.84,260.84,259.8534,260.13,310759
2026-07-14 12:47:00,260.155,260.6196,260.06,260.56,188350
2026-07-14 12:48:00,260.56,260.88,260.55,260.6828,194746
2026-07-14 12:49:00,260.695,260.85,260.56,260.56,123291
2026-07-14 12:50:00,260.61,260.71,260.1,260.32,201570
2026-07-14 12:51:00,260.32,260.36,259.8,259.9,197876
2026-07-14 12:52:00,259.9299,260.03,259.64,260.0,196534
2026-07-14 12:53:00,260.0,260.28,259.79,260.175,217787
2026-07-14 12:54:00,260.12,260.5799,260.07,260.48,202374
2026-07-14 12:55:00,260.47,261.2,260.39,261.1712,313121
2026-07-14 12:56:00,261.1508,261.86,261.01,261.76,451266
2026-07-14 12:57:00,261.735,261.7599,261.2101,261.52,241478
2026-07-14 12:58:00,261.49,261.87,261.47,261.7924,238067
2026-07-14 12:59:00,261.7136,261.78,261.0,261.13,253534
2026-07-14 13:00:00,261.1146,261.23,260.2001,260.4699,321613
2026-07-14 13:01:00,260.4,260.64,259.86,260.17,338152
2026-07-14 13:02:00,260.19,260.78,260.11,260.55,170574
2026-07-14 13:03:00,260.545,260.58,259.06,259.2,402013
2026-07-14 13:04:00,259.16,260.26,259.16,259.9399,284265
2026-07-14 13:05:00,259.9399,260.15,259.4,259.9565,228593
2026-07-14 13:06:00,259.9301,260.56,259.6801,260.35,256500
2026-07-14 13:07:00,260.35,260.9,260.32,260.84,213928
2026-07-14 13:08:00,260.84,260.88,260.36,260.52,192347
2026-07-14 13:09:00,260.6044,260.7754,260.28,260.48,183272
2026-07-14 13:10:00,260.45,260.8,260.31,260.4025,156706
2026-07-14 13:11:00,260.3803,260.65,260.26,260.41,105750
2026-07-14 13:12:00,260.4569,260.78,260.33,260.665,133882
2026-07-14 13:13:00,260.685,260.7799,260.3009,260.72,117891
2026-07-14 13:14:00,260.71,260.74,260.33,260.6706,112768
2026-07-14 13:15:00,260.655,260.74,260.29,260.3,137600
2026-07-14 13:16:00,260.26,260.76,260.22,260.36,152809
2026-07-14 13:17:00,260.3401,260.6399,259.8814,260.21,213307
2026-07-14 13:18:00,260.18,260.62,259.86,260.415,198806
2026-07-14 13:19:00,260.37,260.78,260.37,260.67,130405
2026-07-14 13:20:00,260.6656,260.859,260.55,260.7239,165340
2026-07-14 13:21:00,260.74,261.39,260.62,261.3099,305970
2026-07-14 13:22:00,261.3,261.3,261.02,261.13,182291
2026-07-14 13:23:00,261.13,261.5,261.13,261.4799,170640
2026-07-14 13:24:00,261.42,261.47,260.88,261.22,165140
2026-07-14 13:25:00,261.19,261.38,261.0949,261.19,135566
2026-07-14 13:26:00,261.2,261.37,261.11,261.2,121242
2026-07-14 13:27:00,261.2,261.29,260.93,261.0,126044
2026-07-14 13:28:00,260.95,260.95,260.15,260.18,239826
2026-07-14 13:29:00,260.2,260.58,260.03,260.55,170630
2026-07-14 13:30:00,260.5,261.098,260.01,260.52,285669
2026-07-14 13:31:00,260.55,260.9499,260.48,260.7,146129
2026-07-14 13:32:00,260.65,261.09,260.32,260.64,203542
2026-07-14 13:33:00,260.63,260.69,259.82,260.255,231930
2026-07-14 13:34:00,260.2999,260.41,259.81,259.88,134466
2026-07-14 13:35:00,259.885,260.2,259.7201,259.8401,176518
2026-07-14 13:36:00,259.82,260.0,259.4101,259.435,174921
2026-07-14 13:37:00,259.43,260.1,259.41,259.66,206016
2026-07-14 13:38:00,259.67,259.98,259.58,259.98,128599
2026-07-14 13:39:00,259.96,260.08,259.81,259.99,106391
2026-07-14 13:40:00,259.975,260.35,259.94,260.23,253418
2026-07-14 13:41:00,260.15,260.38,260.02,260.13,104416
2026-07-14 13:42:00,260.13,260.1981,259.42,259.76,206935
2026-07-14 13:43:00,259.75,259.78,258.85,259.05,296824
2026-07-14 13:44:00,259.03,259.23,258.76,259.1499,221992
2026-07-14 13:45:00,259.105,259.35,258.9,259.0,203338
2026-07-14 13:46:00,259.0561,259.1886,258.77,258.835,170586
2026-07-14 13:47:00,258.8481,258.93,258.53,258.81,216690
2026-07-14 13:48:00,258.75,259.07,258.55,258.9577,171645
2026-07-14 13:49:00,258.9699,259.29,258.86,259.11,156907
2026-07-14 13:50:00,259.11,259.5,258.8501,259.49,199923
2026-07-14 13:51:00,259.49,259.68,259.34,259.58,164123
2026-07-14 13:52:00,259.5899,259.8629,259.31,259.32,181274
2026-07-14 13:53:00,259.35,259.82,259.25,259.53,194871
2026-07-14 13:54:00,259.5369,259.6089,259.3201,259.34,105414
2026-07-14 13:55:00,259.35,259.55,259.06,259.4,196315
2026-07-14 13:56:00,259.4186,259.43,258.65,258.67,209788
2026-07-14 13:57:00,258.7,259.2899,258.6786,258.945,287485
2026-07-14 13:58:00,258.98,259.29,258.98,259.26,124846
2026-07-14 13:59:00,259.26,259.26,259.03,259.08,94567
2026-07-14 14:00:00,259.115,259.4599,258.72,259.42,223797
2026-07-14 14:01:00,259.425,259.47,258.8,259.24,170319
2026-07-14 14:02:00,259.23,259.78,259.23,259.735,241842
2026-07-14 14:03:00,259.72,259.85,259.2101,259.3919,190466
2026-07-14 14:04:00,259.3806,259.92,259.2118,259.92,175581
2026-07-14 14:05:00,259.9,260.1299,259.7,259.7059,201361
2026-07-14 14:06:00,259.7472,259.9999,259.52,259.68,136090
2026-07-14 14:07:00,259.7,260.04,259.6401,259.7622,144681
2026-07-14 14:08:00,259.74,259.91,259.6101,259.86,142271
2026-07-14 14:09:00,259.845,259.88,259.4518,259.64,91811
2026-07-14 14:10:00,259.64,259.79,259.31,259.64,129184
2026-07-14 14:11:00,259.665,259.6899,259.34,259.475,101961
2026-07-14 14:12:00,259.52,259.54,258.91,258.95,144287
2026-07-14 14:13:00,258.9465,258.98,258.48,258.71,224725
2026-07-14 14:14:00,258.69,259.05,258.63,258.925,166639
2026-07-14 14:15:00,258.94,258.9729,258.6,258.78,202075
2026-07-14 14:16:00,258.7401,258.89,258.59,258.6829,116855
2026-07-14 14:17:00,258.66,259.1981,258.6343,259.0099,259599
2026-07-14 14:18:00,259.0079,259.1999,258.81,259.18,113940
2026-07-14 14:19:00,259.2,259.22,258.69,258.87,126938
2026-07-14 14:20:00,258.9058,259.11,258.86,259.04,121547
2026-07-14 14:21:00,259.0301,259.23,258.8301,258.91,228572
2026-07-14 14:22:00,258.96,259.36,258.96,259.18,126427
2026-07-14 14:23:00,259.22,259.48,259.22,259.415,153790
2026-07-14 14:24:00,259.43,259.72,259.2817,259.4,190575
2026-07-14 14:25:00,259.3883,259.44,259.02,259.31,148350
2026-07-14 14:26:00,259.3499,259.59,259.2,259.37,126752
2026-07-14 14:27:00,259.38,259.69,259.2701,259.58,135896
2026-07-14 14:28:00,259.58,259.92,259.2501,259.92,180009
2026-07-14 14:29:00,259.87,259.93,259.341,259.4,134210
2026-07-14 14:30:00,259.4121,259.4121,258.89,259.21,211629
2026-07-14 14:31:00,259.19,259.39,258.86,259.1305,215539
2026-07-14 14:32:00,259.07,259.69,259.01,259.455,214147
2026-07-14 14:33:00,259.462,259.48,259.1,259.15,131574
2026-07-14 14:34:00,259.2,259.2592,258.7,258.74,329473
2026-07-14 14:35:00,258.72,258.93,258.63,258.71,179036
2026-07-14 14:36:00,258.69,259.0902,258.6501,258.66,154072
2026-07-14 14:37:00,258.66,258.72,257.73,257.945,483629
2026-07-14 14:38:00,257.92,258.43,257.88,258.1631,202004
2026-07-14 14:39:00,258.2096,258.2096,257.75,257.8,176648
2026-07-14 14:40:00,257.86,258.08,257.62,257.66,273432
2026-07-14 14:41:00,257.7,257.8388,257.52,257.7724,224116
2026-07-14 14:42:00,257.7503,257.78,257.0,257.5909,493675
2026-07-14 14:43:00,257.56,257.6281,257.14,257.555,210105
2026-07-14 14:44:00,257.565,258.025,257.565,257.83,265292
2026-07-14 14:45:00,257.8247,257.91,257.58,257.6618,110925
2026-07-14 14:46:00,257.68,258.1587,257.6101,258.06,178265
2026-07-14 14:47:00,258.06,258.1599,257.68,258.105,174778
2026-07-14 14:48:00,258.13,258.34,257.901,258.23,183743
2026-07-14 14:49:00,258.22,258.3,258.01,258.195,113288
2026-07-14 14:50:00,258.17,258.29,257.64,257.8101,172518
2026-07-14 14:51:00,257.85,258.09,257.6301,258.0699,140446
2026-07-14 14:52:00,258.075,258.1,257.66,257.7014,100508
2026-07-14 14:53:00,257.72,257.75,257.02,257.045,300236
2026-07-14 14:54:00,257.045,257.68,257.0,257.4876,306361
2026-07-14 14:55:00,257.49,257.5999,257.17,257.265,199856
2026-07-14 14:56:00,257.22,257.3,256.68,256.81,314980
2026-07-14 14:57:00,256.85,257.065,256.76,257.03,169147
2026-07-14 14:58:00,257.05,257.2,256.7475,257.08,427472
2026-07-14 14:59:00,257.11,257.55,257.05,257.48,220779
2026-07-14 15:00:00,257.47,258.29,257.23,258.07,330362
2026-07-14 15:01:00,258.07,258.12,257.8101,257.84,157313
2026-07-14 15:02:00,257.87,257.9,257.53,257.5845,164888
2026-07-14 15:03:00,257.6,257.7299,257.38,257.645,158770
2026-07-14 15:04:00,257.6301,257.7599,257.5501,257.65,119844
2026-07-14 15:05:00,257.6895,257.92,257.2101,257.61,223105
2026-07-14 15:06:00,257.59,257.64,257.27,257.34,403365
2026-07-14 15:07:00,257.34,257.4,256.81,257.14,226620
2026-07-14 15:08:00,257.155,257.33,256.71,257.33,228806
2026-07-14 15:09:00,257.31,257.44,256.88,256.9399,230793
2026-07-14 15:10:00,256.95,257.28,256.79,257.0999,175389
2026-07-14 15:11:00,257.0992,257.1,256.52,256.72,274249
2026-07-14 15:12:00,256.73,256.9,256.42,256.74,247084
2026-07-14 15:13:00,256.76,257.09,256.68,256.99,207927
2026-07-14 15:14:00,256.97,257.3,256.86,257.105,196300
2026-07-14 15:15:00,257.13,257.13,256.7,256.9113,187166
2026-07-14 15:16:00,256.9,257.22,256.62,257.22,230999
2026-07-14 15:17:00,257.24,257.25,256.75,256.8563,202129
2026-07-14 15:18:00,256.865,257.0499,256.73,256.99,152551
2026-07-14 15:19:00,256.98,257.3,256.79,257.205,231584
2026-07-14 15:20:00,257.17,257.1966,256.7,257.04,195238
2026-07-14 15:21:00,257.04,257.0516,256.2,256.4,339707
2026-07-14 15:22:00,256.3743,256.68,256.2,256.435,215378
2026-07-14 15:23:00,256.4339,256.84,256.4339,256.7099,235138
2026-07-14 15:24:00,256.6919,256.73,256.23,256.635,186411
2026-07-14 15:25:00,256.66,256.67,255.8201,255.8799,377254
2026-07-14 15:26:00,255.88,256.03,255.71,255.91,285573
2026-07-14 15:27:00,255.92,255.92,255.5,255.7601,344883
2026-07-14 15:28:00,255.76,256.2,255.5852,256.1039,340286
2026-07-14 15:29:00,256.16,256.26,255.4,255.5998,373840
2026-07-14 15:30:00,255.65,255.67,254.8,255.185,682730
2026-07-14 15:31:00,255.16,255.47,254.6,255.425,498283
2026-07-14 15:32:00,255.4293,255.78,254.8801,255.78,390817
2026-07-14 15:33:00,255.745,255.79,255.1,255.1577,282719
2026-07-14 15:34:00,255.16,255.5,255.0,255.39,303963
2026-07-14 15:35:00,255.4,255.49,254.9701,255.1998,197344
2026-07-14 15:36:00,255.2,255.2899,254.66,254.76,295596
2026-07-14 15:37:00,254.745,254.9999,254.34,254.37,339249
2026-07-14 15:38:00,254.35,254.86,254.3,254.31,332772
2026-07-14 15:39:00,254.31,254.41,253.9201,254.2703,558433
2026-07-14 15:40:00,254.25,254.87,254.1401,254.5,350512
2026-07-14 15:41:00,254.49,254.5492,253.96,254.055,325347
2026-07-14 15:42:00,254.03,254.34,253.7,254.21,477160
2026-07-14 15:43:00,254.245,254.2737,253.4784,253.7068,414324
2026-07-14 15:44:00,253.6916,254.16,253.18,253.43,458942
2026-07-14 15:45:00,253.42,253.8,253.25,253.7599,397195
2026-07-14 15:46:00,253.7,253.77,252.51,252.52,748531
2026-07-14 15:47:00,252.5799,253.13,252.085,252.4213,626468
2026-07-14 15:48:00,252.4213,252.82,252.06,252.79,579097
2026-07-14 15:49:00,252.83,253.1,252.04,252.445,614313
2026-07-14 15:50:00,252.41,252.57,251.73,252.1,626085
2026-07-14 15:51:00,252.13,252.69,252.095,252.28,440076
2026-07-14 15:52:00,252.3,252.59,251.94,252.06,459827
2026-07-14 15:53:00,252.01,253.11,252.01,253.06,531998
2026-07-14 15:54:00,253.0694,253.53,252.99,253.1448,569623
2026-07-14 15:55:00,253.08,253.44,252.56,253.4304,534954
2026-07-14 15:56:00,253.42,253.88,253.09,253.621,578430
2026-07-14 15:57:00,253.62,253.6499,252.71,252.85,653309
2026-07-14 15:58:00,252.84,252.99,252.54,252.66,468801
2026-07-14 15:59:00,252.67,253.54,252.32,252.67,1093604
2026-07-15 09:30:00,255.31,257.58,254.92,257.52,1428703
2026-07-15 09:31:00,257.47,258.62,256.7301,256.885,1238867
2026-07-15 09:32:00,256.83,257.53,254.94,255.01,927055
2026-07-15 09:33:00,255.06,255.06,253.9,254.255,889822
2026-07-15 09:34:00,254.26,255.7,254.26,255.425,786094
2026-07-15 09:35:00,255.43,255.76,254.67,254.96,486765
2026-07-15 09:36:00,254.95,255.44,254.4186,254.675,549824
2026-07-15 09:37:00,254.79,255.9499,254.42,254.52,688457
2026-07-15 09:38:00,254.53,255.37,254.2,254.35,606386
2026-07-15 09:39:00,254.35,254.95,253.41,253.56,741243
2026-07-15 09:40:00,253.57,253.72,252.69,252.7231,914036
2026-07-15 09:41:00,252.73,253.24,252.09,252.4,864714
2026-07-15 09:42:00,252.4,254.0,252.4,253.83,766610
2026-07-15 09:43:00,253.81,254.0997,253.1101,253.4217,560019
2026-07-15 09:44:00,253.41,253.99,253.131,253.685,455057
2026-07-15 09:45:00,253.71,254.74,253.69,254.075,647287
2026-07-15 09:46:00,254.06,254.33,253.61,253.71,351396
2026-07-15 09:47:00,253.71,254.09,252.6301,252.91,569012
2026-07-15 09:48:00,252.935,253.22,252.41,252.5814,503815
2026-07-15 09:49:00,252.56,252.64,250.76,251.1,1165287
2026-07-15 09:50:00,251.1,251.48,250.37,250.53,835242
2026-07-15 09:51:00,250.536,251.69,250.38,250.65,738720
2026-07-15 09:52:00,250.68,251.1,250.3,250.58,521191
2026-07-15 09:53:00,250.59,251.6396,250.53,251.3241,572240
2026-07-15 09:54:00,251.3317,251.3317,250.01,250.66,820326
2026-07-15 09:55:00,250.7,250.7,249.5,249.63,1020004
2026-07-15 09:56:00,249.6337,250.06,248.9,248.91,856627
2026-07-15 09:57:00,248.9,249.47,248.8,249.22,650005
2026-07-15 09:58:00,249.235,250.4,248.92,250.34,843258
2026-07-15 09:59:00,250.2787,250.4,248.87,249.505,584937
2026-07-15 10:00:00,249.56,249.64,248.52,249.0866,671336
2026-07-15 10:01:00,249.02,249.2797,248.0,248.9666,803654
2026-07-15 10:02:00,248.98,249.0,248.32,248.384,458197
2026-07-15 10:03:00,248.45,249.17,248.3901,248.92,511039
2026-07-15 10:04:00,248.87,248.99,248.465,248.795,424412
2026-07-15 10:05:00,248.818,249.15,247.49,247.84,1013303
2026-07-15 10:06:00,247.8811,248.1,247.03,247.4699,600943
2026-07-15 10:07:00,247.4317,247.5799,246.3319,246.57,923421
2026-07-15 10:08:00,246.57,246.91,245.8001,245.9301,796635
2026-07-15 10:09:00,245.945,246.3999,245.841,246.07,664487
2026-07-15 10:10:00,246.07,247.8,246.06,247.725,854817
2026-07-15 10:11:00,247.725,247.83,246.73,246.9511,572192
2026-07-15 10:12:00,246.9899,248.26,246.89,248.0424,574644
2026-07-15 10:13:00,248.065,248.33,247.66,248.0002,505289
2026-07-15 10:14:00,248.0895,248.23,247.4601,247.73,415622
2026-07-15 10:15:00,247.74,248.7299,247.6,248.476,525781
2026-07-15 10:16:00,248.4616,248.515,247.62,247.85,377635
2026-07-15 10:17:00,247.84,248.49,247.8,248.345,296212
2026-07-15 10:18:00,248.32,248.73,248.0301,248.4767,375192
2026-07-15 10:19:00,248.485,249.73,248.2832,249.63,606010
2026-07-15 10:20:00,249.67,249.98,249.45,249.5001,594895
2026-07-15 10:21:00,249.6,249.82,248.93,249.21,392811
2026-07-15 10:22:00,249.2104,249.59,248.15,248.3,492467
2026-07-15 10:23:00,248.39,248.97,248.16,248.69,362670
2026-07-15 10:24:00,248.73,249.09,248.1495,248.5049,411172
2026-07-15 10:25:00,248.51,249.26,248.33,248.4051,448688
2026-07-15 10:26:00,248.41,249.2,248.38,248.759,286160
2026-07-15 10:27:00,248.715,248.95,248.45,248.57,214316
2026-07-15 10:28:00,248.57,248.99,248.54,248.745,280120
2026-07-15 10:29:00,248.72,248.93,247.68,247.692,611094
2026-07-15 10:30:00,247.72,249.625,247.45,249.625,653667
2026-07-15 10:31:00,249.6469,250.1199,249.5,249.77,597769
2026-07-15 10:32:00,249.8606,250.23,249.71,250.1935,422334
2026-07-15 10:33:00,250.205,250.4299,249.73,249.9711,444261
2026-07-15 10:34:00,249.96,250.28,249.76,250.1318,251958
2026-07-15 10:35:00,250.16,250.16,249.7,249.9607,296941
2026-07-15 10:36:00,249.955,250.38,249.84,250.065,353799
2026-07-15 10:37:00,250.06,250.64,250.05,250.24,388650
2026-07-15 10:38:00,250.2301,250.6399,250.06,250.6299,236109
2026-07-15 10:39:00,250.63,250.9588,250.31,250.42,418268
2026-07-15 10:40:00,250.41,251.0799,250.4011,250.985,387188
2026-07-15 10:41:00,251.0,251.4958,250.95,251.43,498615
2026-07-15 10:42:00,251.46,251.46,250.84,251.0388,338498
2026-07-15 10:43:00,250.93,251.5,250.92,251.105,264088
2026-07-15 10:44:00,251.1082,251.29,250.79,250.865,277914
2026-07-15 10:45:00,250.9099,251.18,250.22,251.1071,374678
2026-07-15 10:46:00,251.14,251.47,250.89,250.97,341929
2026-07-15 10:47:00,250.92,250.98,250.2825,250.5701,321995
2026-07-15 10:48:00,250.5,251.24,250.48,250.69,274817
2026-07-15 10:49:00,250.76,251.38,250.66,251.38,263633
2026-07-15 10:50:00,251.4,251.62,250.96,251.12,427727
2026-07-15 10:51:00,251.16,251.52,250.8001,250.96,296049
2026-07-15 10:52:00,250.9001,251.11,250.72,250.75,238066
2026-07-15 10:53:00,250.77,251.02,250.63,250.87,190219
2026-07-15 10:54:00,250.86,251.28,250.81,251.02,227455
2026-07-15 10:55:00,251.04,251.39,250.8801,251.04,277988
2026-07-15 10:56:00,251.11,251.87,251.02,251.8401,437493
2026-07-15 10:57:00,251.84,252.37,251.67,252.305,658518
2026-07-15 10:58:00,252.3179,252.3695,251.9101,252.07,347025
2026-07-15 10:59:00,252.095,252.25,251.73,252.24,292498
2026-07-15 11:00:00,252.24,252.5899,252.04,252.08,525097
2026-07-15 11:01:00,252.12,252.3,251.63,251.805,296509
2026-07-15 11:02:00,251.83,252.25,251.83,252.07,244016
2026-07-15 11:03:00,252.06,252.35,251.98,252.2785,215230
2026-07-15 11:04:00,252.25,252.72,252.2,252.499,326462
2026-07-15 11:05:00,252.5,252.84,252.22,252.83,319837
2026-07-15 11:06:00,252.84,253.06,252.82,252.8501,410263
2026-07-15 11:07:00,252.88,253.04,252.83,252.93,306729
2026-07-15 11:08:00,252.91,253.06,252.84,253.02,213303
2026-07-15 11:09:00,253.0046,253.02,252.6701,252.855,245689
2026-07-15 11:10:00,252.84,253.05,252.3,252.834,402371
2026-07-15 11:11:00,252.85,253.13,252.42,252.632,334101
2026-07-15 11:12:00,252.6001,252.7,251.86,251.98,383165
2026-07-15 11:13:00,251.99,252.3,251.89,252.18,226367
2026-07-15 11:14:00,252.1501,252.18,251.7,251.781,215858
2026-07-15 11:15:00,251.78,252.09,251.57,251.89,246917
2026-07-15 11:16:00,251.9081,252.5639,251.85,252.46,303397
2026-07-15 11:17:00,252.47,253.0,252.38,252.945,316740
2026-07-15 11:18:00,252.92,253.0,252.7,252.865,247574
2026-07-15 11:19:00,252.87,252.9,252.67,252.686,125705
2026-07-15 11:20:00,252.73,252.79,252.08,252.2899,300501
2026-07-15 11:21:00,252.29,252.6099,252.08,252.48,159057
2026-07-15 11:22:00,252.48,253.02,252.48,252.89,310437
2026-07-15 11:23:00,252.85,252.94,252.68,252.8479,155958
2026-07-15 11:24:00,252.865,252.8899,252.7,252.78,120152
2026-07-15 11:25:00,252.75,252.97,252.66,252.87,173664
2026-07-15 11:26:00,252.86,252.99,252.8,252.925,162915
2026-07-15 11:27:00,252.9499,253.09,252.6,252.67,292550
2026-07-15 11:28:00,252.67,252.6999,252.28,252.4,249575
2026-07-15 11:29:00,252.4256,252.64,251.89,251.8901,328056
2026-07-15 11:30:00,251.925,252.48,251.4,251.4008,421502
2026-07-15 11:31:00,251.45,251.47,250.7501,250.895,531883
2026-07-15 11:32:00,250.92,251.48,250.86,251.08,383377
2026-07-15 11:33:00,251.1,251.4796,250.98,251.3301,304383
2026-07-15 11:34:00,251.3301,251.55,251.15,251.49,198326
2026-07-15 11:35:00,251.51,251.7,251.23,251.325,247636
2026-07-15 11:36:00,251.315,251.43,251.14,251.19,186959
2026-07-15 11:37:00,251.1978,251.8,251.15,251.79,234723
2026-07-15 11:38:00,251.7665,252.39,251.61,252.2497,333459
2026-07-15 11:39:00,252.225,252.62,252.1895,252.5423,220614
2026-07-15 11:40:00,252.55,252.73,252.44,252.57,238142
2026-07-15 11:41:00,252.57,252.66,252.48,252.6,161942
2026-07-15 11:42:00,252.57,252.78,252.54,252.7107,168252
2026-07-15 11:43:00,252.7404,252.9,252.69,252.84,216422
2026-07-15 11:44:00,252.84,253.04,252.84,252.9646,280839
2026-07-15 11:45:00,252.975,253.03,252.8,252.98,166574
2026-07-15 11:46:00,253.0,253.0799,252.9,252.9924,190394
2026-07-15 11:47:00,252.9872,253.18,252.83,252.905,207577
2026-07-15 11:48:00,252.925,253.01,252.89,252.97,144509
2026-07-15 11:49:00,252.95,253.0,252.83,252.9,103484
2026-07-15 11:50:00,252.9399,254.0,252.9,253.8199,451393
2026-07-15 11:51:00,253.79,254.0099,253.78,253.8401,327739
2026-07-15 11:52:00,253.8685,254.15,253.84,254.01,383162
2026-07-15 11:53:00,254.015,254.04,253.75,253.86,197498
2026-07-15 11:54:00,253.83,254.0299,253.79,253.9899,199248
2026-07-15 11:55:00,254.0,254.05,253.7501,253.88,260070
2026-07-15 11:56:00,253.885,254.03,253.66,253.8192,224754
2026-07-15 11:57:00,253.78,253.91,253.45,253.645,226422
2026-07-15 11:58:00,253.6209,253.82,253.43,253.627,206907
2026-07-15 11:59:00,253.61,253.747,253.54,253.65,107148
2026-07-15 12:00:00,253.68,253.76,253.43,253.53,151747
2026-07-15 12:01:00,253.53,253.9899,253.51,253.9175,229937
2026-07-15 12:02:00,253.902,254.0,253.46,253.8059,204426
2026-07-15 12:03:00,253.81,253.85,253.52,253.55,181712
2026-07-15 12:04:00,253.55,253.73,253.39,253.68,192906
2026-07-15 12:05:00,253.72,253.99,253.42,253.59,237475
2026-07-15 12:06:00,253.59,253.6,253.3209,253.504,159570
2026-07-15 12:07:00,253.5007,253.5899,253.26,253.31,134363
2026-07-15 12:08:00,253.325,253.5,253.23,253.3,148516
2026-07-15 12:09:00,253.275,253.38,252.31,252.455,414866
2026-07-15 12:10:00,252.44,252.69,252.18,252.61,307725
2026-07-15 12:11:00,252.59,252.615,251.9,252.045,308399
2026-07-15 12:12:00,252.02,252.0475,251.63,251.91,291812
2026-07-15 12:13:00,251.94,251.9699,251.51,251.55,267860
2026-07-15 12:14:00,251.55,252.138,251.51,252.0699,331115
2026-07-15 12:15:00,252.08,252.35,251.68,251.775,371386
2026-07-15 12:16:00,251.78,251.89,251.01,251.16,397618
2026-07-15 12:17:00,251.18,251.1862,250.1,250.26,546526
2026-07-15 12:18:00,250.23,250.3699,249.9,249.91,465447
2026-07-15 12:19:00,249.945,250.7599,249.92,250.3747,437153
2026-07-15 12:20:00,250.37,250.7399,250.1001,250.69,326923
2026-07-15 12:21:00,250.685,251.09,250.6,250.7,314359
2026-07-15 12:22:00,250.79,250.87,250.57,250.6343,128600
2026-07-15 12:23:00,250.6155,251.19,250.6155,251.0699,246471
2026-07-15 12:24:00,251.05,251.15,250.8316,251.04,183893
2026-07-15 12:25:00,251.04,251.07,250.7,250.9521,158598
2026-07-15 12:26:00,250.9321,251.2,250.88,250.96,171885
2026-07-15 12:27:00,250.95,251.0499,250.78,250.95,129388
2026-07-15 12:28:00,250.96,250.98,250.65,250.775,168591
2026-07-15 12:29:00,250.8,250.8356,250.56,250.7176,151811
2026-07-15 12:30:00,250.72,251.03,250.62,250.875,173372
2026-07-15 12:31:00,250.85,251.19,250.19,251.03,312687
2026-07-15 12:32:00,251.01,251.01,250.27,250.36,185097
2026-07-15 12:33:00,250.38,250.6799,249.92,250.545,374200
2026-07-15 12:34:00,250.545,250.64,250.11,250.3708,140878
2026-07-15 12:35:00,250.42,250.68,250.2175,250.6529,149889
2026-07-15 12:36:00,250.64,251.19,250.58,251.13,302838
2026-07-15 12:37:00,251.14,252.8413,251.09,251.565,339120
2026-07-15 12:38:00,251.56,252.3,251.5311,252.08,317590
2026-07-15 12:39:00,252.1599,252.16,251.84,252.02,195680
2026-07-15 12:40:00,252.015,252.2,251.86,252.0,195028
2026-07-15 12:41:00,252.0599,252.28,252.01,252.09,132991
2026-07-15 12:42:00,252.16,252.49,252.135,252.355,213655
2026-07-15 12:43:00,252.38,252.45,252.12,252.26,144422
2026-07-15 12:44:00,252.25,252.25,251.53,251.76,334495
2026-07-15 12:45:00,251.75,252.31,251.62,252.23,296072
2026-07-15 12:46:00,252.3,252.37,251.9,251.965,170306
2026-07-15 12:47:00,251.94,252.05,251.76,251.98,84340
2026-07-15 12:48:00,251.99,252.3299,251.91,252.28,180281
2026-07-15 12:49:00,252.27,253.0399,252.19,252.77,308175
2026-07-15 12:50:00,252.76,252.9,252.62,252.7601,161889
2026-07-15 12:51:00,252.79,253.02,252.7616,252.99,148843
2026-07-15 12:52:00,252.9701,253.2498,252.97,253.1,209971
2026-07-15 12:53:00,253.13,253.37,253.03,253.32,208876
2026-07-15 12:54:00,253.3,253.44,253.21,253.3609,161168
2026-07-15 12:55:00,253.38,253.8096,253.38,253.77,248291
2026-07-15 12:56:00,253.79,253.88,253.6,253.64,211114
2026-07-15 12:57:00,253.63,253.69,253.36,253.36,171562
2026-07-15 12:58:00,253.385,253.62,253.25,253.275,175331
2026-07-15 12:59:00,253.275,253.46,253.21,253.43,119073
2026-07-15 13:00:00,253.4,253.49,253.28,253.4,106275
2026-07-15 13:01:00,253.39,253.74,253.372,253.59,217734
2026-07-15 13:02:00,253.59,253.685,253.37,253.63,104779
2026-07-15 13:03:00,253.6066,253.85,253.525,253.79,136260
2026-07-15 13:04:00,253.8197,253.96,253.59,253.67,169253
2026-07-15 13:05:00,253.6999,253.6999,253.31,253.46,218677
2026-07-15 13:06:00,253.45,253.78,253.41,253.555,123641
2026-07-15 13:07:00,253.565,254.05,253.56,253.9,277910
2026-07-15 13:08:00,253.88,254.03,253.8,253.945,191945
2026-07-15 13:09:00,253.9459,253.9672,253.75,253.9,116561
2026-07-15 13:10:00,253.9001,254.04,253.85,254.0008,196773
2026-07-15 13:11:00,254.005,254.005,253.73,253.95,113599
2026-07-15 13:12:00,253.93,254.03,253.85,253.92,106474
2026-07-15 13:13:00,253.91,253.98,253.85,253.935,93003
2026-07-15 13:14:00,253.9321,254.15,253.87,254.14,183081
2026-07-15 13:15:00,254.135,254.18,253.86,253.8926,176527
2026-07-15 13:16:00,253.8803,253.885,253.3644,253.52,291921
2026-07-15 13:17:00,253.51,254.09,253.46,254.09,211605
2026-07-15 13:18:00,254.065,255.1,254.04,254.91,777588
2026-07-15 13:19:00,254.89,254.91,254.64,254.835,249594
2026-07-15 13:20:00,254.81,255.0199,254.78,254.88,288041
2026-07-15 13:21:00,254.89,254.99,254.67,254.8596,240310
2026-07-15 13:22:00,254.86,254.95,254.7999,254.905,127387
2026-07-15 13:23:00,254.9399,254.97,254.78,254.8799,130302
2026-07-15 13:24:00,254.845,254.88,254.52,254.72,209510
2026-07-15 13:25:00,254.78,254.84,254.58,254.75,166330
2026-07-15 13:26:00,254.7701,254.85,254.61,254.7,155216
2026-07-15 13:27:00,254.7,254.78,254.28,254.445,247767
2026-07-15 13:28:00,254.4472,254.69,254.37,254.6,125800
2026-07-15 13:29:00,254.61,254.6599,254.31,254.5299,157752
2026-07-15 13:30:00,254.505,254.7796,254.26,254.75,272019
2026-07-15 13:31:00,254.8,255.01,254.44,254.7801,303323
2026-07-15 13:32:00,254.81,254.81,254.55,254.7001,105992
2026-07-15 13:33:00,254.72,254.76,254.42,254.56,130721
2026-07-15 13:34:00,254.6099,254.89,254.56,254.8618,155478
2026-07-15 13:35:00,254.89,255.01,254.75,254.7704,265230
2026-07-15 13:36:00,254.8,254.88,254.6,254.6758,148782
2026-07-15 13:37:00,254.64,254.83,254.59,254.7592,112586
2026-07-15 13:38:00,254.8,254.95,254.73,254.87,149326
2026-07-15 13:39:00,254.86,255.04,254.81,254.99,158573
2026-07-15 13:40:00,254.985,255.2,254.5312,254.6,400699
2026-07-15 13:41:00,254.59,254.92,254.5551,254.7601,146446
2026-07-15 13:42:00,254.81,255.03,254.79,254.9799,174496
2026-07-15 13:43:00,254.96,255.13,254.78,254.9404,154868
2026-07-15 13:44:00,254.94,254.99,254.76,254.91,97151
2026-07-15 13:45:00,254.885,254.95,254.73,254.88,126795
2026-07-15 13:46:00,254.87,255.01,254.8,254.9992,129463
2026-07-15 13:47:00,255.0,255.0,254.76,254.9,150651
2026-07-15 13:48:00,254.9342,255.09,254.92,254.99,189284
2026-07-15 13:49:00,254.975,255.5,254.94,255.28,424226
2026-07-15 13:50:00,255.2742,255.3,254.7921,254.83,312664
2026-07-15 13:51:00,254.84,254.87,254.44,254.7579,299939
2026-07-15 13:52:00,254.7677,254.85,254.6,254.77,141104
2026-07-15 13:53:00,254.775,255.3399,254.62,255.03,274368
2026-07-15 13:54:00,255.02,255.39,255.0,255.31,202855
2026-07-15 13:55:00,255.3,255.32,255.01,255.13,121421
2026-07-15 13:56:00,255.08,255.5,255.08,255.43,255283
2026-07-15 13:57:00,255.4264,255.7,255.26,255.68,366193
2026-07-15 13:58:00,255.69,255.85,255.57,255.85,305203
2026-07-15 13:59:00,255.85,255.9,255.54,255.64,285481
2026-07-15 14:00:00,255.6607,255.7,255.44,255.4648,166808
2026-07-15 14:01:00,255.4564,255.5999,255.22,255.3901,207921
2026-07-15 14:02:00,255.4094,255.5,255.15,255.23,181424
2026-07-15 14:03:00,255.2399,255.2399,254.72,254.7845,338142
2026-07-15 14:04:00,254.75,255.07,254.6627,254.6627,277327
2026-07-15 14:05:00,254.65,254.6899,254.3,254.4,335557
2026-07-15 14:06:00,254.415,254.78,254.26,254.67,314424
2026-07-15 14:07:00,254.67,255.1599,254.64,255.01,330460
2026-07-15 14:08:00,254.99,255.13,254.92,254.9796,155414
2026-07-15 14:09:00,254.9601,255.31,254.96,255.175,169152
2026-07-15 14:10:00,255.175,255.6,255.17,255.4,256410
2026-07-15 14:11:00,255.38,255.49,255.22,255.46,204682
2026-07-15 14:12:00,255.455,255.55,255.17,255.3221,268690
2026-07-15 14:13:00,255.27,255.41,255.2,255.3289,119056
2026-07-15 14:14:00,255.3,255.48,255.23,255.3707,115320
2026-07-15 14:15:00,255.37,255.48,255.06,255.11,215868
2026-07-15 14:16:00,255.0999,255.14,254.74,254.9,322993
2026-07-15 14:17:00,254.895,254.9099,254.5275,254.6808,196204
2026-07-15 14:18:00,254.685,255.21,254.67,254.9711,268470
2026-07-15 14:19:00,255.02,255.3099,254.9,255.22,163458
2026-07-15 14:20:00,255.18,255.2399,254.73,254.9587,191310
2026-07-15 14:21:00,254.96,255.53,254.96,255.5,240457
2026-07-15 14:22:00,255.41,256.055,255.399,255.8501,544739
2026-07-15 14:23:00,255.875,255.98,255.66,255.9283,365799
2026-07-15 14:24:00,255.91,257.0,255.88,256.64,651074
2026-07-15 14:25:00,256.6442,256.98,256.63,256.739,256669
2026-07-15 14:26:00,256.72,256.89,256.62,256.7,198778
2026-07-15 14:27:00,256.705,256.9688,256.61,256.8,252777
2026-07-15 14:28:00,256.8007,256.87,256.4003,256.58,273440
2026-07-15 14:29:00,256.6,256.72,256.43,256.4391,152762
2026-07-15 14:30:00,256.42,256.46,255.954,256.25,315593
2026-07-15 14:31:00,256.24,256.66,256.071,256.47,333790
2026-07-15 14:32:00,256.5276,256.83,256.46,256.6,242351
2026-07-15 14:33:00,256.62,256.69,256.14,256.33,274961
2026-07-15 14:34:00,256.25,256.44,256.02,256.125,187192
2026-07-15 14:35:00,256.18,256.48,256.1597,256.4457,151935
2026-07-15 14:36:00,256.48,257.45,256.4101,256.925,577513
2026-07-15 14:37:00,256.95,256.96,256.41,256.78,250734
2026-07-15 14:38:00,256.7569,257.01,256.68,256.91,158251
2026-07-15 14:39:00,256.91,257.11,256.7,256.9718,195385
2026-07-15 14:40:00,256.96,257.25,256.8102,256.82,239026
2026-07-15 14:41:00,256.87,257.06,256.73,256.97,102588
2026-07-15 14:42:00,256.9423,257.2,256.91,256.995,185457
2026-07-15 14:43:00,257.01,257.2298,256.95,257.05,177408
2026-07-15 14:44:00,257.03,257.15,256.85,256.96,159380
2026-07-15 14:45:00,256.94,257.08,256.52,256.605,176286
2026-07-15 14:46:00,256.64,256.9,256.54,256.865,136641
2026-07-15 14:47:00,256.88,256.99,256.74,256.7779,146474
2026-07-15 14:48:00,256.7826,256.91,256.5501,256.63,83494
2026-07-15 14:49:00,256.64,256.96,256.64,256.86,120750
2026-07-15 14:50:00,256.85,256.92,256.52,256.6101,146710
2026-07-15 14:51:00,256.63,256.84,256.49,256.53,166958
2026-07-15 14:52:00,256.54,256.6393,256.3304,256.54,194350
2026-07-15 14:53:00,256.54,256.71,256.5,256.63,149717
2026-07-15 14:54:00,256.61,257.17,256.6001,257.1,381800
2026-07-15 14:55:00,257.13,257.2,256.88,257.15,304296
2026-07-15 14:56:00,257.17,257.48,256.91,257.41,285598
2026-07-15 14:57:00,257.41,257.4788,257.2,257.2677,201208
2026-07-15 14:58:00,257.27,257.33,256.92,257.1077,225696
2026-07-15 14:59:00,257.115,257.18,256.93,257.17,133640
2026-07-15 15:00:00,257.19,257.27,256.55,256.5501,236777
2026-07-15 15:01:00,256.585,256.8399,256.21,256.2605,296145
2026-07-15 15:02:00,256.27,256.6199,256.2676,256.42,257223
2026-07-15 15:03:00,256.4699,256.4699,255.93,256.105,371926
2026-07-15 15:04:00,256.1,256.57,256.04,256.53,299432
2026-07-15 15:05:00,256.47,256.6569,256.32,256.34,199088
2026-07-15 15:06:00,256.36,256.4379,256.03,256.07,185041
2026-07-15 15:07:00,256.06,256.17,255.52,255.63,424001
2026-07-15 15:08:00,255.605,256.0799,255.52,256.0799,277186
2026-07-15 15:09:00,256.055,256.16,255.8101,255.985,243974
2026-07-15 15:10:00,255.99,256.06,255.67,256.05,151581
2026-07-15 15:11:00,256.03,256.08,255.7601,256.01,149977
2026-07-15 15:12:00,255.98,256.05,255.7101,255.7984,137283
2026-07-15 15:13:00,255.77,255.84,255.58,255.77,190106
2026-07-15 15:14:00,255.755,255.89,255.67,255.7101,150388
2026-07-15 15:15:00,255.741,255.79,255.12,255.32,315866
2026-07-15 15:16:00,255.32,255.57,255.05,255.07,265519
2026-07-15 15:17:00,255.06,255.63,254.95,255.31,321944
2026-07-15 15:18:00,255.34,255.49,255.18,255.32,130525
2026-07-15 15:19:00,255.28,255.49,255.22,255.315,136902
2026-07-15 15:20:00,255.36,255.475,255.1547,255.365,134242
2026-07-15 15:21:00,255.39,255.86,255.3301,255.81,225780
2026-07-15 15:22:00,255.8084,256.07,255.6,256.0,269370
2026-07-15 15:23:00,255.9901,256.28,255.82,256.12,274482
2026-07-15 15:24:00,256.14,256.25,255.7815,256.03,218750
2026-07-15 15:25:00,256.01,256.08,255.61,255.6772,236725
2026-07-15 15:26:00,255.725,255.92,255.66,255.78,131471
2026-07-15 15:27:00,255.785,256.01,255.68,255.98,144903
2026-07-15 15:28:00,255.98,256.05,255.82,255.9499,121807
2026-07-15 15:29:00,255.9,256.17,255.87,255.9895,177529
2026-07-15 15:30:00,255.98,256.12,255.8,255.84,141338
2026-07-15 15:31:00,255.86,255.96,255.65,255.75,139378
2026-07-15 15:32:00,255.7501,256.15,255.74,256.06,209318
2026-07-15 15:33:00,256.06,256.21,255.8,256.15,182766
2026-07-15 15:34:00,256.16,256.48,256.0802,256.434,252580
2026-07-15 15:35:00,256.45,256.4585,256.2173,256.35,159767
2026-07-15 15:36:00,256.375,256.42,256.03,256.12,178359
2026-07-15 15:37:00,256.09,256.29,255.8154,256.26,169047
2026-07-15 15:38:00,256.25,256.33,255.9605,256.1459,145863
2026-07-15 15:39:00,256.18,256.5,256.14,256.375,200395
2026-07-15 15:40:00,256.385,256.5,256.11,256.3291,180724
2026-07-15 15:41:00,256.3101,256.85,256.26,256.7975,318742
2026-07-15 15:42:00,256.82,257.3784,256.8193,257.05,463615
2026-07-15 15:43:00,257.03,257.07,256.44,256.67,367516
2026-07-15 15:44:00,256.65,256.77,256.55,256.55,173171
2026-07-15 15:45:00,256.57,256.79,256.35,256.6694,257280
2026-07-15 15:46:00,256.68,256.94,256.57,256.915,231602
2026-07-15 15:47:00,256.93,257.08,256.76,256.8,274053
2026-07-15 15:48:00,256.81,257.1099,256.79,257.0601,229473
2026-07-15 15:49:00,257.06,257.14,256.63,256.72,257423
2026-07-15 15:50:00,256.77,257.0,256.65,256.795,278290
2026-07-15 15:51:00,256.81,256.99,256.65,256.91,718747
2026-07-15 15:52:00,256.91,257.1699,256.6,256.6996,340318
2026-07-15 15:53:00,256.73,257.14,256.645,256.72,260217
2026-07-15 15:54:00,256.74,256.84,256.33,256.52,282507
2026-07-15 15:55:00,256.54,256.61,256.21,256.3,263034
2026-07-15 15:56:00,256.29,256.85,256.26,256.53,349198
2026-07-15 15:57:00,256.56,256.57,256.35,256.415,220132
2026-07-15 15:58:00,256.45,256.5,256.18,256.4,328875
2026-07-15 15:59:00,256.42,256.8,256.295,256.43,739241
2026-07-16 09:30:00,252.73,254.97,252.3,254.8,1341488
2026-07-16 09:31:00,254.88,255.4299,253.5,253.6403,690779
2026-07-16 09:32:00,253.75,254.27,252.0,253.9,630930
2026-07-16 09:33:00,253.91,254.78,253.23,254.35,544319
2026-07-16 09:34:00,254.3573,254.5599,253.3,253.502,450432
2026-07-16 09:35:00,253.4003,254.56,252.88,254.4901,594511
2026-07-16 09:36:00,254.5,255.7,254.38,255.082,714325
2026-07-16 09:37:00,255.0101,255.75,254.52,255.23,599714
2026-07-16 09:38:00,255.235,255.36,254.61,254.92,389480
2026-07-16 09:39:00,254.925,254.9362,253.9,254.78,426578
2026-07-16 09:40:00,254.6575,255.8,254.57,255.5654,595570
2026-07-16 09:41:00,255.6338,255.8,254.9,255.3212,367296
2026-07-16 09:42:00,255.4099,256.25,255.26,256.04,689943
2026-07-16 09:43:00,256.0397,257.37,255.97,257.0776,678738
2026-07-16 09:44:00,257.11,257.16,256.15,256.4003,549681
2026-07-16 09:45:00,256.3301,257.8,256.32,257.648,704458
2026-07-16 09:46:00,257.768,257.97,257.3,257.75,684566
2026-07-16 09:47:00,257.751,257.8648,256.8,257.2,525826
2026-07-16 09:48:00,257.22,257.58,256.8,257.005,471675
2026-07-16 09:49:00,256.96,257.37,256.78,256.89,383274
2026-07-16 09:50:00,256.86,257.47,256.84,257.41,397123
2026-07-16 09:51:00,257.3401,257.4315,255.3,255.41,807952
2026-07-16 09:52:00,255.53,256.21,255.4403,255.72,455581
2026-07-16 09:53:00,255.72,255.98,254.87,255.6235,580771
2026-07-16 09:54:00,255.6,256.23,255.5,255.81,391317
2026-07-16 09:55:00,255.9233,256.43,255.7101,256.2756,366843
2026-07-16 09:56:00,256.235,256.99,255.9,255.9796,569663
2026-07-16 09:57:00,255.96,257.08,255.86,256.81,466749
2026-07-16 09:58:00,256.8368,258.47,256.7509,258.31,996105
2026-07-16 09:59:00,258.29,258.32,257.63,257.9455,481379
2026-07-16 10:00:00,257.91,258.1,256.7123,256.83,567320
2026-07-16 10:01:00,256.8606,257.1678,255.8202,256.84,588733
2026-07-16 10:02:00,256.79,257.19,256.11,256.37,450972
2026-07-16 10:03:00,256.4,256.9899,256.2,256.4201,356762
2026-07-16 10:04:00,256.4703,257.24,256.3,256.6259,448006
2026-07-16 10:05:00,256.7078,257.1,256.1,256.54,376890
2026-07-16 10:06:00,256.5164,256.5164,254.65,254.67,638532
2026-07-16 10:07:00,254.6966,254.7692,253.63,253.7501,712357
2026-07-16 10:08:00,253.7375,253.828,252.72,253.11,745935
2026-07-16 10:09:00,253.0661,253.13,252.2,252.6827,586273
2026-07-16 10:10:00,252.67,253.48,252.56,253.125,656776
2026-07-16 10:11:00,253.0403,253.4499,251.61,251.72,717943
2026-07-16 10:12:00,251.72,253.2,251.238,252.73,839977
2026-07-16 10:13:00,252.73,253.4499,252.63,253.1099,451708
2026-07-16 10:14:00,253.0566,253.2298,252.74,252.8982,389746
2026-07-16 10:15:00,252.8586,253.2,252.53,253.0229,361017
2026-07-16 10:16:00,252.9884,253.1399,252.68,252.74,266955
2026-07-16 10:17:00,252.68,252.7499,251.811,252.6999,518410
2026-07-16 10:18:00,252.7,253.5,252.48,252.77,515395
2026-07-16 10:19:00,252.7862,253.19,252.6157,252.64,256456
2026-07-16 10:20:00,252.64,252.879,251.38,251.705,556473
2026-07-16 10:21:00,251.72,252.05,250.89,251.5366,604665
2026-07-16 10:22:00,251.53,251.58,250.47,250.6904,602343
2026-07-16 10:23:00,250.6981,251.3625,250.34,251.0734,615550
2026-07-16 10:24:00,251.07,251.87,250.75,251.5242,461531
2026-07-16 10:25:00,251.52,251.665,250.9001,251.24,379428
2026-07-16 10:26:00,251.25,251.7499,251.12,251.3599,291982
2026-07-16 10:27:00,251.315,252.39,251.315,252.12,438161
2026-07-16 10:28:00,252.1206,252.4,251.77,251.84,333349
2026-07-16 10:29:00,251.76,252.205,250.99,251.01,361157
2026-07-16 10:30:00,251.08,252.4,250.6324,252.034,529175
2026-07-16 10:31:00,252.0,252.3,251.62,252.1816,216180
2026-07-16 10:32:00,252.1798,252.59,252.0,252.12,333990
2026-07-16 10:33:00,252.1,252.57,251.76,252.35,272882
2026-07-16 10:34:00,252.33,252.8,252.2,252.33,381181
2026-07-16 10:35:00,252.348,253.05,252.08,252.7316,330655
2026-07-16 10:36:00,252.7417,252.79,252.155,252.48,241338
2026-07-16 10:37:00,252.44,252.8085,252.3,252.7106,197027
2026-07-16 10:38:00,252.7,253.08,252.53,252.56,256276
2026-07-16 10:39:00,252.53,253.39,252.52,253.0599,318005
2026-07-16 10:40:00,253.01,253.31,252.79,253.0086,205958
2026-07-16 10:41:00,253.01,253.16,252.75,252.92,174315
2026-07-16 10:42:00,252.85,253.0699,252.77,252.81,137573
2026-07-16 10:43:00,252.8999,253.14,252.77,253.0133,136835
2026-07-16 10:44:00,253.045,253.69,253.0,253.5689,354705
2026-07-16 10:45:00,253.5541,254.6,253.49,254.54,512688
2026-07-16 10:46:00,254.495,254.74,254.08,254.16,299630
2026-07-16 10:47:00,254.1301,254.2999,253.64,253.8378,245975
2026-07-16 10:48:00,253.82,254.38,253.81,253.82,236763
2026-07-16 10:49:00,253.83,254.1,253.55,253.58,169084
2026-07-16 10:50:00,253.625,254.1,253.55,253.7617,241520
2026-07-16 10:51:00,253.7488,254.197,253.7153,254.1577,184538
2026-07-16 10:52:00,254.18,254.6,253.2,253.5699,550440
2026-07-16 10:53:00,253.4859,253.5058,252.7155,252.745,436717
2026-07-16 10:54:00,252.7427,252.96,252.43,252.4601,302718
2026-07-16 10:55:00,252.475,253.245,252.43,252.9,307741
2026-07-16 10:56:00,252.8802,253.04,252.51,252.925,246585
2026-07-16 10:57:00,252.92,253.28,252.78,253.03,198609
2026-07-16 10:58:00,253.0624,253.08,252.71,252.89,152964
2026-07-16 10:59:00,252.865,252.9793,252.36,252.5,229518
2026-07-16 11:00:00,252.42,252.69,251.7201,251.8499,406582
2026-07-16 11:01:00,251.8005,251.8522,251.47,251.64,315133
2026-07-16 11:02:00,251.61,252.05,251.41,251.72,350943
2026-07-16 11:03:00,251.7,252.23,251.562,251.8859,221830
2026-07-16 11:04:00,251.83,251.95,251.41,251.41,233091
2026-07-16 11:05:00,251.45,251.47,250.8,250.96,510868
2026-07-16 11:06:00,250.9401,251.3599,250.8,251.0891,296439
2026-07-16 11:07:00,251.06,251.0819,250.53,250.67,323691
2026-07-16 11:08:00,250.7,251.28,249.7,251.274,1022786
2026-07-16 11:09:00,251.2798,251.29,250.75,251.205,313550
2026-07-16 11:10:00,251.2799,251.4,250.7112,250.99,255391
2026-07-16 11:11:00,251.0095,251.0095,249.82,250.24,442028
2026-07-16 11:12:00,250.1801,250.27,249.23,249.8,543616
2026-07-16 11:13:00,249.77,250.6,249.53,250.22,384859
2026-07-16 11:14:00,250.1801,250.64,250.05,250.395,262471
2026-07-16 11:15:00,250.4399,250.58,249.9,250.0,216287
2026-07-16 11:16:00,249.97,250.23,249.53,249.835,363316
2026-07-16 11:17:00,249.845,250.5,249.83,250.47,301112
2026-07-16 11:18:00,250.47,251.0,250.3,250.735,349058
2026-07-16 11:19:00,250.71,251.1699,250.7001,251.11,269158
2026-07-16 11:20:00,251.1,251.1,250.41,250.5248,518053
2026-07-16 11:21:00,250.3901,250.79,250.2101,250.665,221875
2026-07-16 11:22:00,250.64,250.77,250.305,250.6492,160164
2026-07-16 11:23:00,250.6697,251.0,250.5,250.7401,239743
2026-07-16 11:24:00,250.77,250.99,250.65,250.65,145999
2026-07-16 11:25:00,250.67,250.7496,249.91,250.04,305084
2026-07-16 11:26:00,250.0211,250.44,249.79,249.9419,298992
2026-07-16 11:27:00,249.87,250.19,249.8301,250.095,230323
2026-07-16 11:28:00,250.05,250.22,248.8,248.865,489018
2026-07-16 11:29:00,248.8642,250.08,248.7009,249.9837,393250
2026-07-16 11:30:00,249.9319,250.4,249.73,250.31,298710
2026-07-16 11:31:00,250.31,250.32,249.68,250.023,213573
2026-07-16 11:32:00,250.07,250.26,249.7257,249.94,207532
2026-07-16 11:33:00,249.915,249.9898,249.46,249.778,257362
2026-07-16 11:34:00,249.8,250.0999,249.6101,249.8485,215918
2026-07-16 11:35:00,249.8,250.07,249.7,249.945,137436
2026-07-16 11:36:00,249.9232,250.1399,249.23,249.3399,316203
2026-07-16 11:37:00,249.255,249.87,249.1,249.71,241809
2026-07-16 11:38:00,249.71,249.71,249.22,249.2203,186061
2026-07-16 11:39:00,249.23,249.7,249.0801,249.46,224828
2026-07-16 11:40:00,249.454,249.6299,249.01,249.05,187589
2026-07-16 11:41:00,249.05,249.17,248.4,248.4511,455969
2026-07-16 11:42:00,248.4799,248.78,247.83,247.925,846215
2026-07-16 11:43:00,247.9264,248.3499,247.34,247.378,510464
2026-07-16 11:44:00,247.3801,247.88,247.22,247.62,412145
2026-07-16 11:45:00,247.625,247.98,247.4,247.645,293279
2026-07-16 11:46:00,247.64,247.78,246.9001,247.12,429351
2026-07-16 11:47:00,247.095,247.41,246.83,246.8893,361202
2026-07-16 11:48:00,246.83,247.36,246.7401,247.21,395460
2026-07-16 11:49:00,247.2663,247.2663,246.82,246.82,302878
2026-07-16 11:50:00,246.821,247.3999,246.71,247.0901,399450
2026-07-16 11:51:00,247.115,247.3783,246.84,247.0035,269919
2026-07-16 11:52:00,247.06,247.89,247.0201,247.41,386349
2026-07-16 11:53:00,247.43,247.98,247.37,247.675,274244
2026-07-16 11:54:00,247.62,248.19,247.5769,248.1646,311356
2026-07-16 11:55:00,248.19,248.5997,248.02,248.2896,330258
2026-07-16 11:56:00,248.255,248.48,248.16,248.26,255060
2026-07-16 11:57:00,248.245,248.53,247.95,248.31,312293
2026-07-16 11:58:00,248.3372,248.5499,248.1022,248.2001,179412
2026-07-16 11:59:00,248.2,248.2899,248.0301,248.2799,124558
2026-07-16 12:00:00,248.27,248.32,247.82,248.29,222460
2026-07-16 12:01:00,248.265,248.56,247.9801,248.025,214058
2026-07-16 12:02:00,248.025,248.2399,247.7,247.961,173893
2026-07-16 12:03:00,248.0,248.0035,247.49,247.67,240163
2026-07-16 12:04:00,247.62,247.98,247.5012,247.9002,175068
2026-07-16 12:05:00,247.9084,248.1626,247.8,247.898,181704
2026-07-16 12:06:00,247.9523,248.19,247.84,247.9901,130301
2026-07-16 12:07:00,247.99,248.37,247.99,248.2142,131124
2026-07-16 12:08:00,248.24,248.6,248.18,248.3283,187506
2026-07-16 12:09:00,248.31,248.35,247.9,248.025,167700
2026-07-16 12:10:00,248.0,248.005,247.48,247.4869,230886
2026-07-16 12:11:00,247.51,247.97,247.4552,247.66,182045
2026-07-16 12:12:00,247.69,247.98,247.4601,247.79,167950
2026-07-16 12:13:00,247.8,247.84,246.8901,246.9176,305101
2026-07-16 12:14:00,246.93,247.0999,246.55,246.5999,296207
2026-07-16 12:15:00,246.6,246.97,246.56,246.8494,241825
2026-07-16 12:16:00,246.8504,247.25,246.6,247.1199,270195
2026-07-16 12:17:00,247.095,247.3999,247.0,247.355,223286
2026-07-16 12:18:00,247.3559,247.93,247.32,247.785,255756
2026-07-16 12:19:00,247.81,247.93,247.54,247.85,194633
2026-07-16 12:20:00,247.8813,248.52,247.8813,248.2794,388267
2026-07-16 12:21:00,248.29,248.45,248.02,248.02,204663
2026-07-16 12:22:00,248.05,248.28,247.92,248.22,151633
2026-07-16 12:23:00,248.22,248.35,248.08,248.1,121252
2026-07-16 12:24:00,248.08,248.52,248.07,248.26,194122
2026-07-16 12:25:00,248.29,248.5099,248.06,248.2201,177694
2026-07-16 12:26:00,248.222,248.5,248.0303,248.3121,206875
2026-07-16 12:27:00,248.3299,248.62,248.2,248.405,239583
2026-07-16 12:28:00,248.45,248.53,247.82,248.025,260781
2026-07-16 12:29:00,248.1059,248.21,247.61,247.755,236437
2026-07-16 12:30:00,247.7399,248.55,247.66,248.4969,258128
2026-07-16 12:31:00,248.4901,248.98,248.4901,248.97,377315
2026-07-16 12:32:00,248.98,249.132,248.7,248.76,207308
2026-07-16 12:33:00,248.7244,249.09,248.55,249.02,170403
2026-07-16 12:34:00,249.02,249.55,248.97,249.04,303652
2026-07-16 12:35:00,249.07,249.3504,248.7385,248.79,211284
2026-07-16 12:36:00,248.81,248.9899,248.71,248.88,177843
2026-07-16 12:37:00,248.89,249.17,248.8,248.9815,166504
2026-07-16 12:38:00,249.01,249.02,248.51,248.8281,217240
2026-07-16 12:39:00,248.7977,248.8582,248.34,248.46,267593
2026-07-16 12:40:00,248.4,248.81,248.07,248.1499,1629963
2026-07-16 12:41:00,248.068,248.32,248.0,248.24,146509
2026-07-16 12:42:00,248.23,248.8382,248.2,248.56,228732
2026-07-16 12:43:00,248.58,248.64,248.1001,248.32,138259
2026-07-16 12:44:00,248.325,248.41,248.16,248.38,104385
2026-07-16 12:45:00,248.38,248.4896,248.2,248.2639,108238
2026-07-16 12:46:00,248.23,248.42,248.11,248.23,113476
2026-07-16 12:47:00,248.32,248.58,248.23,248.4295,122736
2026-07-16 12:48:00,248.4,248.83,248.4,248.765,147008
2026-07-16 12:49:00,248.81,249.18,248.63,249.1507,194207
2026-07-16 12:50:00,249.1142,249.91,248.8762,249.29,358042
2026-07-16 12:51:00,249.24,249.89,249.13,249.7955,248244
2026-07-16 12:52:00,249.75,249.8199,249.5,249.6799,137607
2026-07-16 12:53:00,249.6132,249.89,249.5701,249.8131,192422
2026-07-16 12:54:00,249.81,249.9399,249.5601,249.6714,190499
2026-07-16 12:55:00,249.6438,249.9,249.57,249.8892,216921
2026-07-16 12:56:00,249.86,249.889,249.58,249.5973,118393
2026-07-16 12:57:00,249.58,249.82,249.58,249.7,102100
2026-07-16 12:58:00,249.67,250.35,249.61,249.842,296602
2026-07-16 12:59:00,249.79,249.86,249.7201,249.82,94394
2026-07-16 13:00:00,249.84,250.02,249.6001,249.6001,180792
2026-07-16 13:01:00,249.6,249.7,249.37,249.585,187793
2026-07-16 13:02:00,249.56,249.56,248.9201,249.3747,216773
2026-07-16 13:03:00,249.3595,249.413,249.0,249.0346,126165
2026-07-16 13:04:00,249.0,249.045,248.8201,248.975,134998
2026-07-16 13:05:00,248.9924,249.22,248.9093,249.0799,119793
2026-07-16 13:06:00,249.05,249.08,248.2,248.2316,229479
2026-07-16 13:07:00,248.31,248.53,248.2301,248.34,177768
2026-07-16 13:08:00,248.31,248.5,248.2676,248.425,115267
2026-07-16 13:09:00,248.42,248.5399,248.34,248.4362,127345
2026-07-16 13:10:00,248.51,249.04,248.4501,248.9999,220936
2026-07-16 13:11:00,248.9471,249.75,248.9471,249.3201,255115
2026-07-16 13:12:00,249.32,249.54,249.1996,249.2862,123718
2026-07-16 13:13:00,249.2892,249.39,248.94,248.9693,154727
2026-07-16 13:14:00,249.04,249.22,248.95,248.995,116418
2026-07-16 13:15:00,248.995,249.11,248.78,248.855,146799
2026-07-16 13:16:00,248.845,249.17,248.7,249.07,169351
2026-07-16 13:17:00,249.0758,249.53,248.99,249.48,152762
2026-07-16 13:18:00,249.47,249.7,249.34,249.5412,150115
2026-07-16 13:19:00,249.5301,249.6699,249.3001,249.32,121393
2026-07-16 13:20:00,249.3,249.63,249.01,249.5751,139770
2026-07-16 13:21:00,249.5528,249.93,249.5001,249.8309,193579
2026-07-16 13:22:00,249.7846,249.8399,249.55,249.6765,76234
2026-07-16 13:23:00,249.6744,249.9,249.6744,249.71,99489
2026-07-16 13:24:00,249.69,249.7265,249.4301,249.4813,106441
2026-07-16 13:25:00,249.4421,249.79,249.3401,249.77,136519
2026-07-16 13:26:00,249.79,249.8349,249.5901,249.65,108330
2026-07-16 13:27:00,249.6201,249.6699,249.46,249.5399,58016
2026-07-16 13:28:00,249.55,249.73,249.51,249.585,72699
2026-07-16 13:29:00,249.62,250.0,249.583,249.9,181266
2026-07-16 13:30:00,249.9,250.31,249.7938,250.0405,216302
2026-07-16 13:31:00,250.01,250.32,249.97,250.31,169836
2026-07-16 13:32:00,250.31,250.549,250.25,250.53,192976
2026-07-16 13:33:00,250.55,250.74,250.41,250.6664,229808
2026-07-16 13:34:00,250.65,250.74,250.31,250.51,215386
2026-07-16 13:35:00,250.53,250.712,250.3207,250.49,145938
2026-07-16 13:36:00,250.47,250.7,250.2501,250.6687,163296
2026-07-16 13:37:00,250.6699,250.8,250.5906,250.75,184408
2026-07-16 13:38:00,250.75,250.8,250.62,250.6302,121680
2026-07-16 13:39:00,250.6899,250.6899,250.11,250.27,195996
2026-07-16 13:40:00,250.265,250.33,250.0687,250.2242,148860
2026-07-16 13:41:00,250.2125,250.265,249.9504,249.97,192550
2026-07-16 13:42:00,250.0005,250.13,249.88,250.08,109133
2026-07-16 13:43:00,250.1003,250.3,250.0601,250.1306,125033
2026-07-16 13:44:00,250.1101,250.17,249.85,249.92,125549
2026-07-16 13:45:00,249.9,249.9,249.627,249.83,185142
2026-07-16 13:46:00,249.8499,250.0699,249.51,249.9559,171531
2026-07-16 13:47:00,249.95,250.2952,249.93,250.08,141708
2026-07-16 13:48:00,250.0601,250.3265,250.0501,250.305,118654
2026-07-16 13:49:00,250.3057,250.35,250.1101,250.145,91712
2026-07-16 13:50:00,250.12,250.25,249.71,249.725,139066
2026-07-16 13:51:00,249.7423,249.8099,249.1,249.2799,260865
2026-07-16 13:52:00,249.202,249.26,248.6528,248.74,318257
2026-07-16 13:53:00,248.745,249.1,248.7,248.8985,168779
2026-07-16 13:54:00,248.9094,248.9094,248.51,248.6301,192002
2026-07-16 13:55:00,248.675,248.81,248.44,248.68,205160
2026-07-16 13:56:00,248.7399,248.91,248.61,248.735,190289
2026-07-16 13:57:00,248.74,248.8182,248.34,248.525,163751
2026-07-16 13:58:00,248.55,248.57,248.3045,248.48,159455
2026-07-16 13:59:00,248.48,248.78,248.4,248.53,176683
2026-07-16 14:00:00,248.455,248.48,247.771,247.94,258058
2026-07-16 14:01:00,247.98,248.01,247.4,247.5599,254495
2026-07-16 14:02:00,247.56,247.72,247.3,247.4701,195988
2026-07-16 14:03:00,247.4753,247.75,247.4753,247.59,135875
2026-07-16 14:04:00,247.565,247.6116,247.2,247.28,221954
2026-07-16 14:05:00,247.29,247.35,247.06,247.2,193670
2026-07-16 14:06:00,247.1902,247.34,246.91,247.1,182127
2026-07-16 14:07:00,247.105,247.74,247.0535,247.475,299108
2026-07-16 14:08:00,247.4722,247.6942,247.346,247.53,136948
2026-07-16 14:09:00,247.559,247.88,247.42,247.7581,179244
2026-07-16 14:10:00,247.7786,247.88,247.65,247.68,106145
2026-07-16 14:11:00,247.68,247.98,247.5726,247.94,136166
2026-07-16 14:12:00,247.97,248.06,247.8348,247.9,94637
2026-07-16 14:13:00,247.9136,247.98,247.75,247.805,131845
2026-07-16 14:14:00,247.8,247.92,247.73,247.75,78477
2026-07-16 14:15:00,247.7367,248.32,247.715,248.1593,214596
2026-07-16 14:16:00,248.2,248.47,248.1057,248.338,169904
2026-07-16 14:17:00,248.36,248.43,248.2301,248.365,110010
2026-07-16 14:18:00,248.35,248.49,248.2901,248.35,169273
2026-07-16 14:19:00,248.3872,248.85,248.32,248.835,154257
2026-07-16 14:20:00,248.8172,249.12,248.8016,248.9694,197356
2026-07-16 14:21:00,248.96,248.965,248.28,248.57,197645
2026-07-16 14:22:00,248.6199,248.6199,248.2979,248.4899,138003
2026-07-16 14:23:00,248.4616,248.6,248.4106,248.5579,95088
2026-07-16 14:24:00,248.56,248.593,248.25,248.265,97055
2026-07-16 14:25:00,248.26,248.4899,248.14,248.1401,124068
2026-07-16 14:26:00,248.1537,248.31,247.71,247.9049,242649
2026-07-16 14:27:00,247.86,248.06,247.78,247.8,100764
2026-07-16 14:28:00,247.87,248.28,247.8496,248.265,154279
2026-07-16 14:29:00,248.28,248.4264,248.01,248.02,154619
2026-07-16 14:30:00,248.0163,248.4624,247.82,248.19,201997
2026-07-16 14:31:00,248.1999,248.4389,248.1117,248.275,94680
2026-07-16 14:32:00,248.278,248.42,247.97,248.01,98079
2026-07-16 14:33:00,248.015,248.05,247.73,247.81,144385
2026-07-16 14:34:00,247.78,247.85,247.18,247.275,267674
2026-07-16 14:35:00,247.22,247.94,247.22,247.74,159721
2026-07-16 14:36:00,247.74,247.78,247.44,247.62,139484
2026-07-16 14:37:00,247.6336,247.75,247.37,247.37,127802
2026-07-16 14:38:00,247.38,247.4786,246.97,247.1746,270742
2026-07-16 14:39:00,247.1201,247.13,246.85,246.98,178635
2026-07-16 14:40:00,247.01,247.33,246.91,247.16,224152
2026-07-16 14:41:00,247.21,247.4617,247.0501,247.24,196528
2026-07-16 14:42:00,247.265,247.39,247.12,247.1744,87353
2026-07-16 14:43:00,247.16,247.32,247.09,247.28,87755
2026-07-16 14:44:00,247.29,247.49,247.1467,247.175,112526
2026-07-16 14:45:00,247.2,247.3433,247.12,247.2877,94645
2026-07-16 14:46:00,247.25,247.36,247.1383,247.3238,88084
2026-07-16 14:47:00,247.326,247.4078,247.03,247.03,139468
2026-07-16 14:48:00,247.05,247.1,246.56,246.65,367547
2026-07-16 14:49:00,246.67,246.7,246.2076,246.2328,353901
2026-07-16 14:50:00,246.23,246.64,246.182,246.55,294767
2026-07-16 14:51:00,246.51,247.17,246.51,247.125,263856
2026-07-16 14:52:00,247.1395,247.15,246.7501,246.8105,136759
2026-07-16 14:53:00,246.81,247.0,246.62,246.695,132507
2026-07-16 14:54:00,246.74,246.8999,246.32,246.3516,187348
2026-07-16 14:55:00,246.4,246.75,246.37,246.555,122956
2026-07-16 14:56:00,246.59,246.85,246.5079,246.76,146061
2026-07-16 14:57:00,246.76,246.8788,246.6605,246.8201,75796
2026-07-16 14:58:00,246.85,246.92,246.6453,246.81,99965
2026-07-16 14:59:00,246.84,247.0455,246.81,246.953,142467
2026-07-16 15:00:00,246.98,247.36,246.84,247.15,228822
2026-07-16 15:01:00,247.165,247.34,246.77,246.905,160420
2026-07-16 15:02:00,246.94,247.14,246.8526,247.075,92010
2026-07-16 15:03:00,247.1017,247.1099,246.61,246.625,131119
2026-07-16 15:04:00,246.635,246.8499,246.6133,246.75,104016
2026-07-16 15:05:00,246.7282,246.8499,246.6,246.6274,71055
2026-07-16 15:06:00,246.6153,246.6599,246.25,246.5242,207067
2026-07-16 15:07:00,246.488,246.78,246.48,246.7618,169717
2026-07-16 15:08:00,246.78,247.25,246.76,247.16,213137
2026-07-16 15:09:00,247.1158,247.46,247.01,247.42,274132
2026-07-16 15:10:00,247.4368,247.88,247.3676,247.7,296048
2026-07-16 15:11:00,247.705,247.97,247.644,247.85,170351
2026-07-16 15:12:00,247.88,248.23,247.85,247.985,233559
2026-07-16 15:13:00,248.0038,248.06,247.5,247.6784,202194
2026-07-16 15:14:00,247.6645,247.6999,247.3302,247.455,164673
2026-07-16 15:15:00,247.46,247.89,247.4577,247.83,249517
2026-07-16 15:16:00,247.8499,247.8499,247.59,247.61,113009
2026-07-16 15:17:00,247.57,247.59,247.01,247.03,232218
2026-07-16 15:18:00,247.0882,247.335,247.0134,247.224,187779
2026-07-16 15:19:00,247.24,247.57,247.11,247.43,196751
2026-07-16 15:20:00,247.45,247.65,247.2001,247.5874,198781
2026-07-16 15:21:00,247.61,248.39,247.56,248.14,316273
2026-07-16 15:22:00,248.2,248.74,248.2,248.67,258811
2026-07-16 15:23:00,248.636,249.0538,248.31,248.4,360477
2026-07-16 15:24:00,248.4,248.67,248.3101,248.56,166429
2026-07-16 15:25:00,248.57,248.8869,248.53,248.67,194575
2026-07-16 15:26:00,248.67,248.8199,248.6,248.71,133728
2026-07-16 15:27:00,248.66,248.84,248.525,248.73,158929
2026-07-16 15:28:00,248.7001,249.21,248.7001,249.1299,303120
2026-07-16 15:29:00,249.08,249.08,248.6601,248.8899,189426
2026-07-16 15:30:00,248.8001,248.95,248.46,248.52,242724
2026-07-16 15:31:00,248.561,248.89,248.48,248.8072,163520
2026-07-16 15:32:00,248.81,248.87,248.37,248.44,166002
2026-07-16 15:33:00,248.45,248.5335,248.1001,248.2,225788
2026-07-16 15:34:00,248.24,248.24,247.96,248.1747,178214
2026-07-16 15:35:00,248.16,248.17,247.84,248.1144,225564
2026-07-16 15:36:00,248.11,248.49,248.02,248.29,223730
2026-07-16 15:37:00,248.288,248.3947,248.12,248.2,157325
2026-07-16 15:38:00,248.18,248.2,247.6624,248.0699,290457
2026-07-16 15:39:00,248.02,248.02,247.56,247.7672,167935
2026-07-16 15:40:00,247.77,255.24,247.6802,247.855,140474
2026-07-16 15:41:00,247.855,247.92,246.3,247.8,107492
2026-07-16 15:42:00,247.82,247.85,247.3,247.34,297340
2026-07-16 15:43:00,247.365,247.39,246.84,247.07,295438
2026-07-16 15:44:00,247.0401,247.43,246.8772,247.34,219028
2026-07-16 15:45:00,247.34,247.6499,247.19,247.29,233846
2026-07-16 15:46:00,247.265,247.6,247.265,247.485,130087
2026-07-16 15:47:00,247.5087,247.64,247.3301,247.39,116766
2026-07-16 15:48:00,247.3716,255.27,247.15,247.45,161447
2026-07-16 15:49:00,247.446,247.782,247.43,247.7,178490
2026-07-16 15:50:00,247.73,248.18,247.73,248.16,260472
2026-07-16 15:51:00,248.17,248.2,247.88,247.97,230180
2026-07-16 15:52:00,248.02,248.12,247.82,248.1,146506
2026-07-16 15:53:00,248.1183,248.4751,248.0401,248.29,284316
2026-07-16 15:54:00,248.29,248.43,248.085,248.2,201124
2026-07-16 15:55:00,248.25,249.23,248.22,249.07,533109
2026-07-16 15:56:00,249.09,249.28,249.01,249.1538,254854
2026-07-16 15:57:00,249.16,249.31,248.8,248.81,302118
2026-07-16 15:58:00,248.83,249.1,248.83,248.99,311073
2026-07-16 15:59:00,249.0,249.02,248.0,248.49,992112
2026-07-17 09:30:00,251.09,252.65,250.54,251.86,1068778
2026-07-17 09:31:00,251.795,252.1998,249.79,249.8122,564640
2026-07-17 09:32:00,249.76,251.09,249.7,250.7799,455429
2026-07-17 09:33:00,250.86,251.51,250.44,250.86,377922
2026-07-17 09:34:00,250.89,251.5878,250.56,250.92,424204
2026-07-17 09:35:00,251.0,252.75,250.87,251.873,744929
2026-07-17 09:36:00,251.73,252.38,251.34,251.6599,477535
2026-07-17 09:37:00,251.57,252.48,250.332,251.0223,671773
2026-07-17 09:38:00,251.04,251.65,250.5807,250.5901,366472
2026-07-17 09:39:00,250.635,251.16,250.04,251.054,480180
2026-07-17 09:40:00,251.0564,251.46,250.28,250.4734,411506
2026-07-17 09:41:00,250.51,250.89,249.82,250.31,433181
2026-07-17 09:42:00,250.2735,250.68,250.06,250.41,233481
2026-07-17 09:43:00,250.398,250.5998,248.44,248.6299,600298
2026-07-17 09:44:00,248.6299,248.7589,247.9,248.584,592030
2026-07-17 09:45:00,248.65,248.76,247.2,247.86,556214
2026-07-17 09:46:00,247.88,249.2,247.5,249.13,589062
2026-07-17 09:47:00,249.15,249.67,248.7719,249.04,485786
2026-07-17 09:48:00,249.01,249.61,248.37,249.61,372945
2026-07-17 09:49:00,249.6,250.46,249.13,250.15,541097
2026-07-17 09:50:00,250.1615,251.75,249.9989,251.635,676347
2026-07-17 09:51:00,251.7062,251.7062,250.76,250.88,514354
2026-07-17 09:52:00,250.8998,251.67,250.5817,251.4075,471251
2026-07-17 09:53:00,251.3901,251.48,250.8301,251.135,333731
2026-07-17 09:54:00,251.19,251.58,250.88,251.25,352693
2026-07-17 09:55:00,251.2895,252.58,251.16,252.58,708002
2026-07-17 09:56:00,252.5836,252.65,251.9301,252.1502,464791
2026-07-17 09:57:00,252.185,252.2458,251.66,252.14,368696
2026-07-17 09:58:00,252.14,252.3557,251.73,252.1632,231415
2026-07-17 09:59:00,252.1,252.19,251.66,251.86,216806
2026-07-17 10:00:00,251.855,252.1928,250.99,251.4164,501895
2026-07-17 10:01:00,251.4,252.3799,251.33,252.1599,367049
2026-07-17 10:02:00,252.12,252.199,251.5201,251.685,248589
2026-07-17 10:03:00,251.648,252.44,251.52,252.04,314128
2026-07-17 10:04:00,252.05,253.05,251.64,251.8488,741318
2026-07-17 10:05:00,251.8803,252.69,251.64,252.34,345176
2026-07-17 10:06:00,252.35,253.55,252.3437,253.32,681691
2026-07-17 10:07:00,253.35,253.86,253.17,253.5588,551630
2026-07-17 10:08:00,253.58,253.75,253.23,253.51,310404
2026-07-17 10:09:00,253.5,253.6,252.94,253.425,316102
2026-07-17 10:10:00,253.422,253.9,253.0101,253.23,448322
2026-07-17 10:11:00,253.2238,254.28,253.1908,253.9001,664633
2026-07-17 10:12:00,253.9873,254.34,253.6601,254.105,393544
2026-07-17 10:13:00,254.04,254.45,253.96,254.29,392293
2026-07-17 10:14:00,254.3799,254.66,252.31,254.5799,529731
2026-07-17 10:15:00,254.5542,254.62,253.83,254.425,444296
2026-07-17 10:16:00,254.39,255.65,254.35,255.1499,896660
2026-07-17 10:17:00,255.1416,255.3494,253.84,254.325,553924
2026-07-17 10:18:00,254.325,254.68,253.64,253.7799,438451
2026-07-17 10:19:00,253.755,254.16,253.67,253.96,373694
2026-07-17 10:20:00,253.97,253.989,252.89,253.0987,520980
2026-07-17 10:21:00,253.07,253.67,252.6519,253.585,414605
2026-07-17 10:22:00,253.5494,253.64,253.0809,253.2999,242923
2026-07-17 10:23:00,253.26,253.975,253.1301,253.93,324573
2026-07-17 10:24:00,253.9054,254.1704,253.55,253.815,332556
2026-07-17 10:25:00,253.8381,254.28,253.6,254.2533,259242
2026-07-17 10:26:00,254.1901,254.75,254.1901,254.52,348374
2026-07-17 10:27:00,254.5301,255.18,254.28,254.28,407824
2026-07-17 10:28:00,254.3481,254.63,254.17,254.535,222598
2026-07-17 10:29:00,254.54,254.64,254.03,254.385,273106
2026-07-17 10:30:00,254.4,254.65,253.4123,253.5699,348359
2026-07-17 10:31:00,253.5115,253.7599,252.97,253.14,357831
2026-07-17 10:32:00,253.1232,253.43,252.66,253.03,326329
2026-07-17 10:33:00,253.01,253.6,252.88,252.9001,295090
2026-07-17 10:34:00,252.9,252.9899,251.86,252.1,479314
2026-07-17 10:35:00,252.1,252.65,251.9,252.27,411879
2026-07-17 10:36:00,252.27,252.65,251.85,251.8639,322762
2026-07-17 10:37:00,251.94,253.2,251.88,253.03,393819
2026-07-17 10:38:00,253.0,253.2754,252.7,252.847,315671
2026-07-17 10:39:00,252.8562,253.1696,252.63,252.67,207241
2026-07-17 10:40:00,252.66,252.72,251.37,251.8392,469728
2026-07-17 10:41:00,251.75,251.8016,251.13,251.37,288898
2026-07-17 10:42:00,251.37,251.4399,250.65,250.87,418484
2026-07-17 10:43:00,250.925,251.2,250.33,250.655,345292
2026-07-17 10:44:00,250.69,251.49,250.41,251.3931,418580
2026-07-17 10:45:00,251.35,251.8141,250.82,250.94,348292
2026-07-17 10:46:00,251.0,251.24,250.51,250.7,273009
2026-07-17 10:47:00,250.7,251.45,250.55,250.75,226669
2026-07-17 10:48:00,250.7847,251.3,250.6583,250.9406,248012
2026-07-17 10:49:00,250.91,251.59,250.84,251.45,286137
2026-07-17 10:50:00,251.56,252.16,251.34,251.9741,407237
2026-07-17 10:51:00,251.97,252.39,251.67,252.1247,304091
2026-07-17 10:52:00,252.145,252.4146,251.88,252.4146,216946
2026-07-17 10:53:00,252.41,253.22,252.3806,253.1299,371264
2026-07-17 10:54:00,253.17,253.4742,252.89,253.22,302426
2026-07-17 10:55:00,253.1939,253.7,253.08,253.3489,276863
2026-07-17 10:56:00,253.35,253.68,253.24,253.465,220026
2026-07-17 10:57:00,253.49,253.7,253.08,253.19,290218
2026-07-17 10:58:00,253.19,253.58,252.92,253.0999,259615
2026-07-17 10:59:00,253.0761,253.52,252.85,253.45,238512
2026-07-17 11:00:00,253.4273,253.6,253.05,253.43,191163
2026-07-17 11:01:00,253.4469,254.93,253.37,254.6,637144
2026-07-17 11:02:00,254.56,254.59,253.8861,254.38,290954
2026-07-17 11:03:00,254.38,254.62,254.25,254.3,239931
2026-07-17 11:04:00,254.34,254.91,254.28,254.37,288347
2026-07-17 11:05:00,254.37,254.54,253.9,254.215,353790
2026-07-17 11:06:00,254.2285,254.65,253.97,254.38,304820
2026-07-17 11:07:00,254.38,255.38,254.02,255.379,610096
2026-07-17 11:08:00,255.3735,255.6,254.5101,254.72,476821
2026-07-17 11:09:00,254.69,255.07,254.29,254.6552,241300
2026-07-17 11:10:00,254.64,254.74,253.9664,254.1705,303749
2026-07-17 11:11:00,254.1601,254.35,253.52,254.035,330752
2026-07-17 11:12:00,253.98,254.0359,253.36,253.482,220143
2026-07-17 11:13:00,253.5,253.5815,252.9,253.0,309391
2026-07-17 11:14:00,252.9999,253.03,252.29,252.3947,367317
2026-07-17 11:15:00,252.43,252.8,252.27,252.665,344568
2026-07-17 11:16:00,252.69,252.9,252.39,252.55,287064
2026-07-17 11:17:00,252.53,252.99,252.5,252.895,181947
2026-07-17 11:18:00,252.92,253.28,252.85,253.234,257045
2026-07-17 11:19:00,253.25,253.56,253.0812,253.425,265759
2026-07-17 11:20:00,253.46,253.6,252.93,253.11,342639
2026-07-17 11:21:00,253.14,253.59,253.12,253.5,178805
2026-07-17 11:22:00,253.53,254.55,253.4618,254.24,424228
2026-07-17 11:23:00,254.2,254.4621,253.9,254.105,258538
2026-07-17 11:24:00,254.11,254.11,253.63,253.8164,192122
2026-07-17 11:25:00,253.83,254.06,253.5301,254.04,222826
2026-07-17 11:26:00,254.04,254.3,253.46,253.705,365742
2026-07-17 11:27:00,253.63,253.72,253.13,253.56,229912
2026-07-17 11:28:00,253.6499,253.9897,253.33,253.91,208625
2026-07-17 11:29:00,253.91,254.23,253.5283,253.5283,234714
2026-07-17 11:30:00,253.525,253.66,252.9809,253.5595,347260
2026-07-17 11:31:00,253.6,253.9,253.07,253.1499,183785
2026-07-17 11:32:00,253.1053,253.25,252.6,252.78,233104
2026-07-17 11:33:00,252.76,252.9075,252.54,252.619,163033
2026-07-17 11:34:00,252.6055,252.7599,251.79,251.8,341713
2026-07-17 11:35:00,251.79,252.45,251.62,252.18,293059
2026-07-17 11:36:00,252.18,253.38,252.04,252.92,393921
2026-07-17 11:37:00,252.9484,253.6171,252.83,253.27,281000
2026-07-17 11:38:00,253.2796,253.7,252.981,253.01,222262
2026-07-17 11:39:00,253.0088,253.6299,252.94,253.505,204042
2026-07-17 11:40:00,253.5,253.5698,253.1501,253.315,183586
2026-07-17 11:41:00,253.3278,253.4,253.0586,253.4,141189
2026-07-17 11:42:00,253.3974,253.96,253.31,253.81,301644
2026-07-17 11:43:00,253.84,254.075,253.32,253.3312,276990
2026-07-17 11:44:00,253.31,253.38,252.41,252.88,345617
2026-07-17 11:45:00,252.91,253.4399,252.91,253.1967,144219
2026-07-17 11:46:00,253.24,253.8,253.1501,253.63,178251
2026-07-17 11:47:00,253.62,253.7784,253.12,253.18,122945
2026-07-17 11:48:00,253.173,253.33,252.6072,252.8299,191365
2026-07-17 11:49:00,252.78,252.99,252.63,252.825,104091
2026-07-17 11:50:00,252.844,252.9,252.46,252.87,138886
2026-07-17 11:51:00,252.9021,253.49,252.9021,253.2129,231141
2026-07-17 11:52:00,253.3,253.71,253.2588,253.63,180893
2026-07-17 11:53:00,253.65,253.77,253.33,253.65,106275
2026-07-17 11:54:00,253.63,253.77,253.25,253.4925,151193
2026-07-17 11:55:00,253.5,253.75,253.19,253.2225,151919
2026-07-17 11:56:00,253.21,253.58,252.86,252.9,196521
2026-07-17 11:57:00,252.96,253.65,252.8408,253.3417,158614
2026-07-17 11:58:00,253.34,253.66,253.34,253.55,129711
2026-07-17 11:59:00,253.51,253.79,253.25,253.365,131815
2026-07-17 12:00:00,253.3799,254.01,253.24,253.92,245459
2026-07-17 12:01:00,253.94,254.08,253.42,253.52,167952
2026-07-17 12:02:00,253.495,253.506,253.0,253.0682,191527
2026-07-17 12:03:00,253.0287,253.0287,252.73,252.8,159883
2026-07-17 12:04:00,252.82,253.2095,252.7785,252.98,175716
2026-07-17 12:05:00,252.975,253.5796,252.86,253.4401,172439
2026-07-17 12:06:00,253.519,253.92,253.38,253.755,188382
2026-07-17 12:07:00,253.79,254.27,253.73,254.2205,245723
2026-07-17 12:08:00,254.24,254.34,253.935,254.26,210102
2026-07-17 12:09:00,254.26,254.87,254.2571,254.8,290507
2026-07-17 12:10:00,254.85,254.9585,254.51,254.5767,270509
2026-07-17 12:11:00,254.56,254.69,254.35,254.47,179032
2026-07-17 12:12:00,254.451,254.56,253.85,253.9057,186953
2026-07-17 12:13:00,253.9199,254.44,253.8944,254.375,177561
2026-07-17 12:14:00,254.38,254.49,253.93,254.35,248849
2026-07-17 12:15:00,254.355,254.4095,254.1,254.2601,83544
2026-07-17 12:16:00,254.29,254.3899,254.0301,254.332,110211
2026-07-17 12:17:00,254.34,254.44,254.02,254.2866,164838
2026-07-17 12:18:00,254.33,254.4,253.97,254.16,140153
2026-07-17 12:19:00,254.148,254.23,253.61,253.905,209785
2026-07-17 12:20:00,253.89,254.36,253.89,254.2152,192529
2026-07-17 12:21:00,254.2011,254.77,254.18,254.64,279889
2026-07-17 12:22:00,254.61,254.68,253.99,254.01,183999
2026-07-17 12:23:00,254.0022,254.0644,253.3,253.5241,258950
2026-07-17 12:24:00,253.472,253.5622,253.04,253.23,174506
2026-07-17 12:25:00,253.24,253.78,253.17,253.71,215737
2026-07-17 12:26:00,253.6801,253.96,253.0701,253.08,152373
2026-07-17 12:27:00,253.13,253.6,252.95,253.56,200202
2026-07-17 12:28:00,253.57,253.61,253.4,253.53,91705
2026-07-17 12:29:00,253.5702,254.1,253.52,253.91,202600
2026-07-17 12:30:00,253.8882,254.17,253.75,254.0699,137859
2026-07-17 12:31:00,254.0699,254.32,254.01,254.27,156296
2026-07-17 12:32:00,254.2966,254.9299,254.25,254.75,250033
2026-07-17 12:33:00,254.7568,254.89,254.54,254.7591,170573
2026-07-17 12:34:00,254.7889,255.0,254.66,254.94,190476
2026-07-17 12:35:00,254.95,254.98,254.55,254.7266,154370
2026-07-17 12:36:00,254.72,255.18,254.43,254.8353,398390
2026-07-17 12:37:00,254.82,255.88,254.8,255.78,445465
2026-07-17 12:38:00,255.765,255.8299,255.52,255.75,195755
2026-07-17 12:39:00,255.8,255.96,255.6,255.75,261402
2026-07-17 12:40:00,255.734,255.74,255.22,255.2744,300110
2026-07-17 12:41:00,255.3701,255.625,255.1466,255.6,148908
2026-07-17 12:42:00,255.605,255.65,255.35,255.65,108397
2026-07-17 12:43:00,255.61,255.93,255.4501,255.6064,254603
2026-07-17 12:44:00,255.59,255.77,255.46,255.6804,132392
2026-07-17 12:45:00,255.6601,255.93,255.5686,255.9,200980
2026-07-17 12:46:00,255.9,255.92,255.45,255.6796,218639
2026-07-17 12:47:00,255.65,255.97,255.1561,255.2373,258551
2026-07-17 12:48:00,255.2516,255.4999,255.19,255.36,125305
2026-07-17 12:49:00,255.384,255.41,255.0,255.13,148005
2026-07-17 12:50:00,255.1399,255.24,254.82,255.19,187276
2026-07-17 12:51:00,255.185,255.2098,254.7304,254.88,119421
2026-07-17 12:52:00,254.8712,255.3248,254.835,255.305,131490
2026-07-17 12:53:00,255.32,255.33,255.01,255.3,108744
2026-07-17 12:54:00,255.3,255.35,255.0201,255.2257,110258
2026-07-17 12:55:00,255.17,255.49,255.08,255.47,136732
2026-07-17 12:56:00,255.49,255.59,255.32,255.34,148607
2026-07-17 12:57:00,255.31,255.8,255.28,255.77,147526
2026-07-17 12:58:00,255.73,256.19,255.7,255.998,434368
2026-07-17 12:59:00,256.0425,256.5795,256.0,256.5795,349778
2026-07-17 13:00:00,256.54,256.85,256.51,256.85,274867
2026-07-17 13:01:00,256.8436,257.12,256.7937,257.09,401071
2026-07-17 13:02:00,257.1099,257.14,256.65,256.6604,242451
2026-07-17 13:03:00,256.685,256.9,256.4028,256.77,253049
2026-07-17 13:04:00,256.78,256.8,256.487,256.6894,132683
2026-07-17 13:05:00,256.65,256.65,256.04,256.2408,215361
2026-07-17 13:06:00,256.27,256.29,255.32,255.6299,325989
2026-07-17 13:07:00,255.6156,255.74,255.25,255.6141,233548
2026-07-17 13:08:00,255.63,256.2899,255.6,256.0601,262666
2026-07-17 13:09:00,256.085,256.2799,255.85,256.02,191234
2026-07-17 13:10:00,256.05,256.21,256.0006,256.13,132607
2026-07-17 13:11:00,256.18,256.64,256.08,256.64,216163
2026-07-17 13:12:00,256.63,256.6819,256.2602,256.5435,171184
2026-07-17 13:13:00,256.55,256.5929,256.07,256.188,155056
2026-07-17 13:14:00,256.21,256.45,256.0733,256.43,110546
2026-07-17 13:15:00,256.4,256.42,255.88,256.0849,190533
2026-07-17 13:16:00,256.1,256.2204,255.87,256.0161,116835
2026-07-17 13:17:00,256.0001,256.2656,255.82,256.14,110639
2026-07-17 13:18:00,256.155,256.31,255.81,255.89,145394
2026-07-17 13:19:00,255.81,256.17,255.7501,256.0092,105340
2026-07-17 13:20:00,255.97,256.5,255.86,256.2636,166165
2026-07-17 13:21:00,256.2918,256.4932,256.01,256.42,97030
2026-07-17 13:22:00,256.445,256.55,256.27,256.34,147296
2026-07-17 13:23:00,256.31,256.3197,255.95,256.023,124791
2026-07-17 13:24:00,255.97,256.0496,255.31,255.385,237614
2026-07-17 13:25:00,255.365,255.55,255.09,255.354,200779
2026-07-17 13:26:00,255.3686,255.69,255.28,255.55,133864
2026-07-17 13:27:00,255.47,255.79,255.464,255.75,127808
2026-07-17 13:28:00,255.745,256.12,255.65,255.71,147256
2026-07-17 13:29:00,255.7,255.98,255.5404,255.9564,149112
2026-07-17 13:30:00,255.9799,256.36,255.8301,256.2601,193997
2026-07-17 13:31:00,256.2601,256.37,256.1127,256.14,119435
2026-07-17 13:32:00,256.14,256.43,256.14,256.3,106002
2026-07-17 13:33:00,256.3228,256.4,256.11,256.1842,78171
2026-07-17 13:34:00,256.1799,256.24,255.9376,255.97,90675
2026-07-17 13:35:00,255.9301,255.99,255.6158,255.6507,131135
2026-07-17 13:36:00,255.68,256.19,255.68,255.9851,129873
2026-07-17 13:37:00,256.015,256.3,256.0018,256.13,109659
2026-07-17 13:38:00,256.1382,256.14,255.62,255.7701,134421
2026-07-17 13:39:00,255.79,255.9,255.56,255.785,130394
2026-07-17 13:40:00,255.83,255.9,255.32,255.35,187098
2026-07-17 13:41:00,255.398,255.68,255.385,255.63,106737
2026-07-17 13:42:00,255.66,255.78,255.47,255.6349,94009
2026-07-17 13:43:00,255.635,255.83,255.5801,255.5801,85049
2026-07-17 13:44:00,255.62,255.85,255.5801,255.7005,48540
2026-07-17 13:45:00,255.7194,255.8699,255.6,255.766,92951
2026-07-17 13:46:00,255.73,256.05,255.37,255.555,217486
2026-07-17 13:47:00,255.552,255.82,255.41,255.6146,119501
2026-07-17 13:48:00,255.68,255.8599,255.6044,255.76,80655
2026-07-17 13:49:00,255.75,255.85,255.5,255.655,86366
2026-07-17 13:50:00,255.66,255.66,255.19,255.27,144841
2026-07-17 13:51:00,255.245,255.2597,254.53,254.6956,319650
2026-07-17 13:52:00,254.7,254.96,254.5701,254.8095,172722
2026-07-17 13:53:00,254.7814,255.1,254.73,254.9623,148948
2026-07-17 13:54:00,254.96,255.22,254.9,255.1401,109943
2026-07-17 13:55:00,255.13,255.16,254.44,254.615,191145
2026-07-17 13:56:00,254.6299,254.73,254.5525,254.637,115124
2026-07-17 13:57:00,254.68,254.69,254.45,254.62,119491
2026-07-17 13:58:00,254.615,254.6199,254.37,254.42,110282
2026-07-17 13:59:00,254.4,254.53,254.24,254.35,148982
2026-07-17 14:00:00,254.35,254.5,253.68,253.77,305610
2026-07-17 14:01:00,253.7512,253.8947,253.32,253.536,295811
2026-07-17 14:02:00,253.53,253.74,253.28,253.3699,231349
2026-07-17 14:03:00,253.37,253.8385,253.2501,253.37,271108
2026-07-17 14:04:00,253.42,253.63,253.12,253.145,183836
2026-07-17 14:05:00,253.145,253.35,253.07,253.18,199793
2026-07-17 14:06:00,253.16,253.49,253.07,253.43,166332
2026-07-17 14:07:00,253.4166,253.6799,253.35,253.435,194507
2026-07-17 14:08:00,253.4671,253.65,253.2685,253.495,127968
2026-07-17 14:09:00,253.5,253.72,253.4501,253.61,107837
2026-07-17 14:10:00,253.6,253.6,252.8,252.945,305188
2026-07-17 14:11:00,252.945,253.18,252.7274,252.885,162376
2026-07-17 14:12:00,252.9,252.92,252.5101,252.5433,218862
2026-07-17 14:13:00,252.5305,252.6,252.1701,252.3001,284131
2026-07-17 14:14:00,252.2964,252.47,251.92,251.96,327916
2026-07-17 14:15:00,251.96,252.58,251.9482,252.5399,242150
2026-07-17 14:16:00,252.51,252.53,252.08,252.17,205802
2026-07-17 14:17:00,252.15,252.47,252.12,252.1876,165964
2026-07-17 14:18:00,252.1818,252.3,252.03,252.15,142952
2026-07-17 14:19:00,252.21,252.4,252.04,252.17,157453
2026-07-17 14:20:00,252.1705,252.697,252.15,252.3794,288236
2026-07-17 14:21:00,252.36,252.4982,251.7,251.93,299803
2026-07-17 14:22:00,251.934,252.36,251.5626,252.3,268428
2026-07-17 14:23:00,252.295,252.295,251.92,252.14,166365
2026-07-17 14:24:00,252.115,252.449,251.74,252.3361,228055
2026-07-17 14:25:00,252.29,252.4198,251.96,252.0219,143500
2026-07-17 14:26:00,252.0576,252.2,251.53,251.5319,211562
2026-07-17 14:27:00,251.56,251.76,251.2701,251.37,261623
2026-07-17 14:28:00,251.37,251.42,251.04,251.055,261155
2026-07-17 14:29:00,251.0799,251.21,250.74,250.7747,320978
2026-07-17 14:30:00,250.76,250.92,250.53,250.72,306812
2026-07-17 14:31:00,250.684,250.69,250.05,250.23,355682
2026-07-17 14:32:00,250.2301,250.3394,250.05,250.3107,239363
2026-07-17 14:33:00,250.2934,250.66,250.1,250.63,234818
2026-07-17 14:34:00,250.6368,250.9,250.46,250.6999,234360
2026-07-17 14:35:00,250.69,251.0,250.555,250.85,192694
2026-07-17 14:36:00,250.8199,250.85,250.5712,250.67,134903
2026-07-17 14:37:00,250.66,250.8,250.44,250.51,154105
2026-07-17 14:38:00,250.52,250.61,250.121,250.35,289714
2026-07-17 14:39:00,250.32,250.7,250.27,250.32,162777
2026-07-17 14:40:00,250.36,250.87,250.31,250.4838,200125
2026-07-17 14:41:00,250.49,251.0799,250.49,250.91,223387
2026-07-17 14:42:00,250.9155,250.978,250.6271,250.8302,224333
2026-07-17 14:43:00,250.84,250.95,250.34,250.3446,177569
2026-07-17 14:44:00,250.326,250.6199,250.25,250.31,207856
2026-07-17 14:45:00,250.4091,250.4107,249.6,249.964,417716
2026-07-17 14:46:00,249.9479,250.2299,249.81,250.09,216349
2026-07-17 14:47:00,250.1199,250.15,249.8,249.89,171331
2026-07-17 14:48:00,249.86,250.3599,249.82,250.32,171500
2026-07-17 14:49:00,250.306,250.306,249.89,249.94,157118
2026-07-17 14:50:00,249.95,250.06,249.64,249.9274,212582
2026-07-17 14:51:00,249.9274,249.9274,249.33,249.44,230083
2026-07-17 14:52:00,249.4201,249.58,249.03,249.08,291065
2026-07-17 14:53:00,249.0843,249.4,249.03,249.379,170200
2026-07-17 14:54:00,249.36,249.9099,249.21,249.68,237644
2026-07-17 14:55:00,249.6324,249.78,249.32,249.55,126792
2026-07-17 14:56:00,249.5042,249.83,249.5,249.76,188591
2026-07-17 14:57:00,249.7411,249.7999,249.4101,249.595,135853
2026-07-17 14:58:00,249.6,249.72,249.4,249.5801,130659
2026-07-17 14:59:00,249.6252,250.38,249.57,249.9904,404539
2026-07-17 15:00:00,250.0256,250.59,249.86,250.552,326335
2026-07-17 15:01:00,250.545,250.7,250.23,250.3699,256679
2026-07-17 15:02:00,250.32,250.37,250.1701,250.23,171994
2026-07-17 15:03:00,250.19,250.29,249.88,249.9034,255612
2026-07-17 15:04:00,249.915,249.915,249.21,249.4,304523
2026-07-17 15:05:00,249.41,249.49,248.8,249.12,406428
2026-07-17 15:06:00,249.11,249.69,249.11,249.4701,272209
2026-07-17 15:07:00,249.48,249.5981,249.26,249.4559,177080
2026-07-17 15:08:00,249.475,249.475,249.14,249.17,152051
2026-07-17 15:09:00,249.195,249.43,249.15,249.305,150425
2026-07-17 15:10:00,249.32,249.44,248.86,249.06,278983
2026-07-17 15:11:00,249.06,249.08,248.65,248.66,250292
2026-07-17 15:12:00,248.65,248.87,248.43,248.492,384839
2026-07-17 15:13:00,248.51,248.5599,248.16,248.21,321746
2026-07-17 15:14:00,248.2154,248.83,248.1,248.74,342601
2026-07-17 15:15:00,248.72,248.9968,248.52,248.52,312416
2026-07-17 15:16:00,248.546,248.56,248.02,248.4699,325404
2026-07-17 15:17:00,248.46,248.75,248.26,248.5234,227239
2026-07-17 15:18:00,248.505,248.66,248.18,248.265,232151
2026-07-17 15:19:00,248.2263,248.36,248.01,248.0815,242780
2026-07-17 15:20:00,248.055,248.38,247.68,248.035,575578
2026-07-17 15:21:00,248.0103,248.23,247.44,247.87,441924
2026-07-17 15:22:00,247.9199,248.1399,247.5239,247.6116,290436
2026-07-17 15:23:00,247.57,248.176,247.4989,248.1503,274108
2026-07-17 15:24:00,248.095,248.4399,248.0328,248.1654,270795
2026-07-17 15:25:00,248.18,248.48,248.13,248.445,217468
2026-07-17 15:26:00,248.41,248.67,248.31,248.44,246805
2026-07-17 15:27:00,248.4405,248.99,248.42,248.89,288512
2026-07-17 15:28:00,248.87,248.99,248.64,248.795,186229
2026-07-17 15:29:00,248.76,248.8,248.45,248.61,174759
2026-07-17 15:30:00,248.59,248.6153,248.08,248.3522,242480
2026-07-17 15:31:00,248.34,248.5398,248.13,248.225,152972
2026-07-17 15:32:00,248.24,248.258,247.78,247.9701,245690
2026-07-17 15:33:00,247.975,248.94,247.83,248.745,333408
2026-07-17 15:34:00,248.74,248.77,248.35,248.5839,148650
2026-07-17 15:35:00,248.595,248.7982,248.4605,248.67,151486
2026-07-17 15:36:00,248.6996,248.97,248.57,248.89,190411
2026-07-17 15:37:00,248.86,249.15,248.76,248.984,254974
2026-07-17 15:38:00,248.96,249.1393,248.6,249.07,204067
2026-07-17 15:39:00,249.03,249.9,249.03,249.6517,397616
2026-07-17 15:40:00,249.65,249.8296,249.4601,249.8076,201486
2026-07-17 15:41:00,249.83,249.8631,249.52,249.67,198049
2026-07-17 15:42:00,249.65,249.8964,249.48,249.8705,219463
2026-07-17 15:43:00,249.8999,250.28,249.81,250.0701,315135
2026-07-17 15:44:00,250.1223,250.13,249.5216,249.5662,216015
2026-07-17 15:45:00,249.6,249.93,249.3206,249.7894,229399
2026-07-17 15:46:00,249.7946,250.0,249.32,249.38,227421
2026-07-17 15:47:00,249.39,249.8,249.27,249.695,168455
2026-07-17 15:48:00,249.7099,249.9091,249.6,249.8011,151970
2026-07-17 15:49:00,249.8,250.48,249.66,250.315,341545
2026-07-17 15:50:00,250.27,250.32,249.32,249.375,265704
2026-07-17 15:51:00,249.35,249.35,248.7304,249.155,390245
2026-07-17 15:52:00,249.15,249.23,248.95,249.15,192480
2026-07-17 15:53:00,249.12,249.18,248.72,248.854,162355
2026-07-17 15:54:00,248.83,248.8899,248.46,248.61,195338
2026-07-17 15:55:00,248.54,249.6183,248.54,249.41,368043
2026-07-17 15:56:00,249.43,249.88,249.16,249.16,262445
2026-07-17 15:57:00,249.1635,249.1799,248.6504,248.7003,303073
2026-07-17 15:58:00,248.67,248.88,248.63,248.77,293026
2026-07-17 15:59:00,248.77,249.34,248.77,249.28,701405
2026-07-18 09:30:00,247.79,248.5,246.58,247.32,1417602
2026-07-18 09:31:00,247.42,248.7,246.8,248.59,402409
2026-07-18 09:32:00,248.66,249.01,247.7301,248.99,468238
2026-07-18 09:33:00,249.01,249.01,246.66,247.38,536877
2026-07-18 09:34:00,247.44,248.05,247.101,247.649,262556
2026-07-18 09:35:00,247.5501,248.99,247.5501,247.8331,400249
2026-07-18 09:36:00,247.78,248.57,247.78,248.2953,183318
2026-07-18 09:37:00,248.27,248.69,246.7,246.8799,516198
2026-07-18 09:38:00,246.78,246.89,245.222,245.81,942010
2026-07-18 09:39:00,245.835,247.44,245.67,247.155,436923
2026-07-18 09:40:00,247.15,247.54,246.57,247.2,333068
2026-07-18 09:41:00,247.24,247.89,247.03,247.515,300207
2026-07-18 09:42:00,247.51,247.7991,246.64,247.235,342645
2026-07-18 09:43:00,247.18,247.18,246.12,246.455,318413
2026-07-18 09:44:00,246.52,246.58,245.66,245.69,371036
2026-07-18 09:45:00,245.67,246.04,244.61,245.01,878338
2026-07-18 09:46:00,244.95,245.3199,244.6,245.185,467431
2026-07-18 09:47:00,245.1501,245.2996,244.6152,244.655,344476
2026-07-18 09:48:00,244.69,245.2,244.3921,244.78,487047
2026-07-18 09:49:00,244.81,245.12,244.52,245.02,348685
2026-07-18 09:50:00,244.98,245.75,244.77,245.6301,392050
2026-07-18 09:51:00,245.64,246.28,245.18,246.1101,477321
2026-07-18 09:52:00,246.18,246.9272,246.0871,246.71,499378
2026-07-18 09:53:00,246.6723,247.74,246.66,246.87,529894
2026-07-18 09:54:00,246.86,246.93,246.21,246.54,390309
2026-07-18 09:55:00,246.5,246.505,245.8,246.39,311115
2026-07-18 09:56:00,246.3205,247.08,245.91,246.85,375055
2026-07-18 09:57:00,246.875,247.15,246.47,246.54,195172
2026-07-18 09:58:00,246.595,246.76,245.9401,246.02,189769
2026-07-18 09:59:00,245.96,246.125,245.28,245.78,284662
2026-07-18 10:00:00,245.76,245.76,244.68,244.71,402526
2026-07-18 10:01:00,244.68,244.96,243.81,244.01,688928
2026-07-18 10:02:00,243.96,244.09,243.6,243.72,448546
2026-07-18 10:03:00,243.725,243.8,243.2648,243.34,403799
2026-07-18 10:04:00,243.31,243.55,243.0284,243.1148,415359
2026-07-18 10:05:00,243.1299,243.99,243.05,243.65,468265
2026-07-18 10:06:00,243.67,244.03,243.5,243.8801,274739
2026-07-18 10:07:00,243.84,244.7,243.83,244.22,415269
2026-07-18 10:08:00,244.23,244.53,243.22,243.5655,375115
2026-07-18 10:09:00,243.565,244.5,243.565,244.07,284436
2026-07-18 10:10:00,244.11,244.29,243.82,244.01,278433
2026-07-18 10:11:00,244.01,244.27,243.56,243.845,262799
2026-07-18 10:12:00,243.81,243.81,242.34,242.46,891153
2026-07-18 10:13:00,242.45,242.65,242.12,242.371,525097
2026-07-18 10:14:00,242.39,242.43,241.8,242.0357,500360
2026-07-18 10:15:00,242.04,242.48,241.82,242.0047,385984
2026-07-18 10:16:00,242.04,243.2,241.93,242.913,462805
2026-07-18 10:17:00,242.9,243.29,242.33,242.33,370487
2026-07-18 10:18:00,242.3693,243.15,242.3693,242.865,253215
2026-07-18 10:19:00,242.83,243.07,242.5,242.9675,202276
2026-07-18 10:20:00,242.95,243.19,242.6,242.73,172901
2026-07-18 10:21:00,242.76,242.94,242.43,242.9195,183849
2026-07-18 10:22:00,242.86,242.98,242.25,242.57,227028
2026-07-18 10:23:00,242.605,242.66,241.8466,241.8466,342339
2026-07-18 10:24:00,241.87,242.88,241.75,242.79,423535
2026-07-18 10:25:00,242.74,243.43,242.7,242.8901,322722
2026-07-18 10:26:00,242.9,243.12,242.69,242.8318,189171
2026-07-18 10:27:00,242.89,243.0,241.7,241.855,397765
2026-07-18 10:28:00,241.8799,242.3,241.8,242.07,257550
2026-07-18 10:29:00,242.0701,242.2,241.74,241.79,257770
2026-07-18 10:30:00,241.79,242.14,241.7501,242.0185,234550
2026-07-18 10:31:00,242.03,242.26,241.73,241.915,265632
2026-07-18 10:32:00,241.88,241.97,241.3,241.4401,598752
2026-07-18 10:33:00,241.5061,241.68,241.11,241.18,284494
2026-07-18 10:34:00,241.195,241.87,241.1601,241.5575,241114
2026-07-18 10:35:00,241.52,241.76,241.11,241.24,222883
2026-07-18 10:36:00,241.26,241.3,240.43,240.6328,538817
2026-07-18 10:37:00,240.6303,241.7587,240.6303,241.6601,432496
2026-07-18 10:38:00,241.66,242.6,241.66,242.5,464673
2026-07-18 10:39:00,242.46,243.26,242.3368,242.87,443580
2026-07-18 10:40:00,242.87,242.98,241.76,242.2,354482
2026-07-18 10:41:00,242.17,242.37,241.76,241.76,188930
2026-07-18 10:42:00,241.81,242.4,241.75,242.31,202304
2026-07-18 10:43:00,242.2777,242.54,242.18,242.36,183272
2026-07-18 10:44:00,242.36,242.58,242.0401,242.1255,157383
2026-07-18 10:45:00,242.1372,243.19,242.0,243.07,313336
2026-07-18 10:46:00,243.04,243.42,242.94,243.23,351951
2026-07-18 10:47:00,243.25,243.57,243.07,243.3188,214516
2026-07-18 10:48:00,243.3,243.46,242.77,243.42,195390
2026-07-18 10:49:00,243.46,243.79,243.35,243.4665,246668
2026-07-18 10:50:00,243.52,243.54,243.01,243.3967,175143
2026-07-18 10:51:00,243.4119,243.73,243.3401,243.5681,175801
2026-07-18 10:52:00,243.59,243.7,243.24,243.59,135192
2026-07-18 10:53:00,243.6,243.97,243.5901,243.9,266097
2026-07-18 10:54:00,243.8969,244.17,243.75,243.93,318089
2026-07-18 10:55:00,243.97,244.15,243.36,243.37,481286
2026-07-18 10:56:00,243.43,243.4699,242.93,243.35,240289
2026-07-18 10:57:00,243.3428,243.61,243.0,243.21,204151
2026-07-18 10:58:00,243.2,243.44,243.0,243.23,133821
2026-07-18 10:59:00,243.23,243.45,242.93,243.385,185612
2026-07-18 11:00:00,243.45,244.12,243.2401,243.87,250165
2026-07-18 11:01:00,243.867,244.35,243.84,244.23,219087
2026-07-18 11:02:00,244.28,244.28,243.65,243.82,237027
2026-07-18 11:03:00,243.82,243.98,243.53,243.79,100899
2026-07-18 11:04:00,243.74,243.9619,243.3614,243.37,152957
2026-07-18 11:05:00,243.36,243.8799,243.24,243.6054,135505
2026-07-18 11:06:00,243.64,243.8599,243.3,243.3609,121648
2026-07-18 11:07:00,243.365,243.39,242.4,242.47,353384
2026-07-18 11:08:00,242.47,242.7199,241.93,242.058,324326
2026-07-18 11:09:00,242.01,242.06,241.65,241.68,242531
2026-07-18 11:10:00,241.665,242.15,241.25,241.31,326470
2026-07-18 11:11:00,241.27,241.62,241.01,241.2825,247574
2026-07-18 11:12:00,241.285,241.9,241.1403,241.73,287437
2026-07-18 11:13:00,241.77,242.02,241.59,241.955,155443
2026-07-18 11:14:00,241.9899,242.01,241.57,241.68,120019
2026-07-18 11:15:00,241.605,241.96,241.58,241.62,133181
2026-07-18 11:16:00,241.6301,242.31,241.6301,242.13,174713
2026-07-18 11:17:00,242.16,242.37,241.71,241.91,170822
2026-07-18 11:18:00,241.92,242.01,241.65,241.99,118729
2026-07-18 11:19:00,241.96,242.255,241.8117,242.03,107430
2026-07-18 11:20:00,242.0,242.345,241.97,242.1301,160049
2026-07-18 11:21:00,242.18,242.65,242.07,242.3901,160366
2026-07-18 11:22:00,242.4678,242.69,242.09,242.09,148312
2026-07-18 11:23:00,242.1,242.12,241.535,241.88,240772
2026-07-18 11:24:00,241.9073,242.4,241.886,242.13,133817
2026-07-18 11:25:00,242.16,242.34,241.95,242.2,108727
2026-07-18 11:26:00,242.21,242.29,241.87,241.9,103013
2026-07-18 11:27:00,241.8924,242.0033,241.5601,241.57,118231
2026-07-18 11:28:00,241.575,241.5864,240.51,240.5501,408260
2026-07-18 11:29:00,240.56,240.63,240.12,240.2846,421039
2026-07-18 11:30:00,240.2601,240.64,240.21,240.48,245565
2026-07-18 11:31:00,240.4813,240.59,239.81,239.97,707883
2026-07-18 11:32:00,239.95,240.3,239.75,239.77,323002
2026-07-18 11:33:00,239.7964,240.1299,239.74,239.8001,259779
2026-07-18 11:34:00,239.81,239.96,239.616,239.6477,257990
2026-07-18 11:35:00,239.655,240.6,239.61,240.27,326781
2026-07-18 11:36:00,240.3,240.62,240.2,240.43,221317
2026-07-18 11:37:00,240.42,240.57,240.3004,240.3565,148684
2026-07-18 11:38:00,240.36,240.6,240.33,240.415,218214
2026-07-18 11:39:00,240.41,240.59,240.27,240.39,181562
2026-07-18 11:40:00,240.39,240.8799,240.38,240.73,230702
2026-07-18 11:41:00,240.79,240.81,240.393,240.505,124928
2026-07-18 11:42:00,240.48,240.74,239.63,239.695,329023
2026-07-18 11:43:00,239.67,239.95,239.15,239.44,410593
2026-07-18 11:44:00,239.44,239.94,239.3391,239.87,320262
2026-07-18 11:45:00,239.8581,239.99,239.62,239.6478,174250
2026-07-18 11:46:00,239.645,239.73,239.3108,239.36,183612
2026-07-18 11:47:00,239.4,239.68,239.3101,239.61,161506
2026-07-18 11:48:00,239.63,239.66,239.07,239.3143,280654
2026-07-18 11:49:00,239.3,239.53,238.83,239.05,462475
2026-07-18 11:50:00,239.07,239.98,239.0,239.9423,369746
2026-07-18 11:51:00,239.9319,240.47,239.73,240.31,242804
2026-07-18 11:52:00,240.3282,240.47,240.25,240.36,113972
2026-07-18 11:53:00,240.33,240.3389,239.91,240.27,156170
2026-07-18 11:54:00,240.21,240.58,240.2,240.5321,157276
2026-07-18 11:55:00,240.55,240.66,240.37,240.38,125390
2026-07-18 11:56:00,240.38,240.8299,240.13,240.8,146914
2026-07-18 11:57:00,240.77,240.82,240.6,240.66,146985
2026-07-18 11:58:00,240.6703,240.99,240.67,240.84,173731
2026-07-18 11:59:00,240.84,240.9882,240.74,240.9699,75561
2026-07-18 12:00:00,240.85,241.05,240.75,240.9,130317
2026-07-18 12:01:00,240.925,241.25,240.907,241.19,168708
2026-07-18 12:02:00,241.1567,241.25,240.26,240.46,272959
2026-07-18 12:03:00,240.43,240.74,240.1,240.7,182201
2026-07-18 12:04:00,240.71,240.7399,240.16,240.1869,160576
2026-07-18 12:05:00,240.16,240.77,240.12,240.5247,180350
2026-07-18 12:06:00,240.5728,240.69,239.77,239.89,215248
2026-07-18 12:07:00,239.84,240.33,239.77,239.91,147207
2026-07-18 12:08:00,239.86,240.53,239.82,240.45,103558
2026-07-18 12:09:00,240.44,241.16,240.43,240.8961,280931
2026-07-18 12:10:00,240.89,241.3,240.65,240.805,195535
2026-07-18 12:11:00,240.805,240.84,240.34,240.69,121955
2026-07-18 12:12:00,240.717,240.9,240.22,240.3104,150706
2026-07-18 12:13:00,240.2901,240.32,239.6,239.795,229776
2026-07-18 12:14:00,239.78,240.1299,239.69,239.92,160098
2026-07-18 12:15:00,239.88,239.96,239.39,239.5296,253779
2026-07-18 12:16:00,239.5,239.6999,239.2501,239.5981,131681
2026-07-18 12:17:00,239.49,239.5399,239.21,239.2886,133964
2026-07-18 12:18:00,239.27,239.3197,238.92,239.035,230113
2026-07-18 12:19:00,238.99,239.3432,238.91,239.08,245127
2026-07-18 12:20:00,239.085,239.6292,239.06,239.395,174739
2026-07-18 12:21:00,239.37,239.5671,238.6,238.72,263809
2026-07-18 12:22:00,238.68,239.285,238.6,238.83,200076
2026-07-18 12:23:00,238.87,239.05,238.73,238.7301,122502
2026-07-18 12:24:00,238.77,238.89,238.32,238.345,194619
2026-07-18 12:25:00,238.335,238.7299,238.28,238.6085,216337
2026-07-18 12:26:00,238.5912,239.08,238.5,238.95,184094
2026-07-18 12:27:00,238.915,239.2,238.63,238.73,189400
2026-07-18 12:28:00,238.73,239.21,238.64,238.95,190028
2026-07-18 12:29:00,238.88,239.12,238.81,238.955,107288
2026-07-18 12:30:00,238.92,239.335,238.86,239.28,139199
2026-07-18 12:31:00,239.3,239.33,238.5205,238.61,198057
2026-07-18 12:32:00,238.63,238.7,238.35,238.39,140100
2026-07-18 12:33:00,238.3917,238.5599,237.9,238.28,315176
2026-07-18 12:34:00,238.2899,238.64,238.15,238.6215,162058
2026-07-18 12:35:00,238.62,238.77,238.3515,238.52,127390
2026-07-18 12:36:00,238.49,238.6,238.2837,238.29,324957
2026-07-18 12:37:00,238.29,238.31,237.72,237.92,315698
2026-07-18 12:38:00,237.9,237.98,237.4,237.43,244063
2026-07-18 12:39:00,237.46,237.66,237.41,237.4801,166255
2026-07-18 12:40:00,237.53,238.09,237.5,237.9115,253158
2026-07-18 12:41:00,237.938,238.14,237.85,237.9899,155744
2026-07-18 12:42:00,237.98,237.99,237.26,237.29,262698
2026-07-18 12:43:00,237.33,237.7389,237.3261,237.53,162924
2026-07-18 12:44:00,237.54,237.7991,237.37,237.6,143115
2026-07-18 12:45:00,237.58,237.92,237.55,237.78,139617
2026-07-18 12:46:00,237.78,237.84,236.83,236.98,344542
2026-07-18 12:47:00,237.0135,237.56,236.975,237.3296,172913
2026-07-18 12:48:00,237.34,237.61,237.1508,237.305,120877
2026-07-18 12:49:00,237.2905,237.82,237.16,237.79,160039
2026-07-18 12:50:00,237.79,238.07,237.7,238.05,178513
2026-07-18 12:51:00,238.05,238.12,237.68,237.75,157296
2026-07-18 12:52:00,237.7,238.14,237.68,238.1097,128177
2026-07-18 12:53:00,238.11,238.45,238.0701,238.2436,236612
2026-07-18 12:54:00,238.28,238.29,237.65,237.79,174299
2026-07-18 12:55:00,237.7101,238.0564,237.7101,237.79,117250
2026-07-18 12:56:00,237.8,238.31,237.7,238.2003,140155
2026-07-18 12:57:00,238.25,238.53,238.11,238.47,130333
2026-07-18 12:58:00,238.42,238.75,238.38,238.59,138082
2026-07-18 12:59:00,238.59,238.65,238.38,238.49,86091
2026-07-18 13:00:00,238.49,238.5197,238.23,238.34,93359
2026-07-18 13:01:00,238.34,238.58,237.73,237.9999,152311
2026-07-18 13:02:00,237.94,238.15,237.411,237.55,174956
2026-07-18 13:03:00,237.57,237.7895,237.36,237.66,125031
2026-07-18 13:04:00,237.67,237.86,237.61,237.675,99432
2026-07-18 13:05:00,237.71,238.07,237.71,237.8499,89900
2026-07-18 13:06:00,237.804,238.16,237.8,238.02,93492
2026-07-18 13:07:00,238.03,238.08,237.82,237.89,92285
2026-07-18 13:08:00,237.895,238.23,237.8,237.9012,119175
2026-07-18 13:09:00,237.89,238.66,237.89,238.632,224474
2026-07-18 13:10:00,238.61,238.94,238.27,238.7199,196081
2026-07-18 13:11:00,238.69,238.69,237.91,238.15,151352
2026-07-18 13:12:00,238.1181,238.29,237.8,238.235,125726
2026-07-18 13:13:00,238.235,238.55,238.2,238.2,82868
2026-07-18 13:14:00,238.2,238.5,238.17,238.3758,82699
2026-07-18 13:15:00,238.33,238.47,238.0,238.18,112392
2026-07-18 13:16:00,238.18,238.21,237.84,237.9973,147705
2026-07-18 13:17:00,238.012,238.2299,237.9,238.06,78016
2026-07-18 13:18:00,238.0001,238.13,237.91,238.02,73566
2026-07-18 13:19:00,237.9799,238.05,237.8,237.95,118751
2026-07-18 13:20:00,237.9005,238.13,237.85,237.88,108710
2026-07-18 13:21:00,237.92,238.855,237.907,238.71,201731
2026-07-18 13:22:00,238.68,238.76,238.25,238.26,77572
2026-07-18 13:23:00,238.34,238.7044,238.1768,238.54,127869
2026-07-18 13:24:00,238.57,238.64,238.3,238.61,75398
2026-07-18 13:25:00,238.602,239.1,238.59,238.88,208253
2026-07-18 13:26:00,238.89,239.05,238.7146,238.8,108331
2026-07-18 13:27:00,238.78,239.01,238.65,238.9899,116830
2026-07-18 13:28:00,238.98,239.1873,238.82,239.0099,119820
2026-07-18 13:29:00,239.005,239.37,238.9701,239.27,134895
2026-07-18 13:30:00,239.27,239.28,239.01,239.0201,95524
2026-07-18 13:31:00,239.035,239.2899,238.91,239.22,116786
2026-07-18 13:32:00,239.2056,239.43,239.15,239.39,132913
2026-07-18 13:33:00,239.4094,239.86,239.34,239.705,213804
2026-07-18 13:34:00,239.74,239.85,239.66,239.71,77107
2026-07-18 13:35:00,239.66,239.69,239.28,239.33,124539
2026-07-18 13:36:00,239.36,239.51,239.1,239.401,147059
2026-07-18 13:37:00,239.4299,239.63,239.35,239.51,131238
2026-07-18 13:38:00,239.44,240.11,239.4342,240.015,223416
2026-07-18 13:39:00,239.97,240.03,239.45,239.505,117970
2026-07-18 13:40:00,239.4998,239.55,239.15,239.41,155696
2026-07-18 13:41:00,239.405,239.46,239.12,239.41,101435
2026-07-18 13:42:00,239.44,239.44,238.81,238.865,213680
2026-07-18 13:43:00,238.8799,238.8799,238.55,238.715,188030
2026-07-18 13:44:00,238.75,239.11,238.7201,239.1,183240
2026-07-18 13:45:00,239.105,239.72,239.105,239.48,187777
2026-07-18 13:46:00,239.52,239.95,239.4,239.67,136369
2026-07-18 13:47:00,239.675,240.04,239.61,239.9,111776
2026-07-18 13:48:00,239.9,239.96,239.64,239.96,282181
2026-07-18 13:49:00,239.965,240.15,239.87,239.97,134244
2026-07-18 13:50:00,240.0,240.4799,239.93,240.27,218227
2026-07-18 13:51:00,240.29,240.59,240.17,240.2155,136311
2026-07-18 13:52:00,240.22,240.52,239.97,240.13,139745
2026-07-18 13:53:00,240.1899,240.54,240.12,240.2903,114665
2026-07-18 13:54:00,240.3121,240.4,239.94,239.9789,131642
2026-07-18 13:55:00,239.95,240.14,239.69,239.8599,143570
2026-07-18 13:56:00,239.8,240.48,239.76,240.3287,184952
2026-07-18 13:57:00,240.35,240.62,240.23,240.3,116103
2026-07-18 13:58:00,240.28,240.5,240.22,240.2746,74985
2026-07-18 13:59:00,240.27,240.53,240.2501,240.27,133425
2026-07-18 14:00:00,240.26,240.44,240.13,240.29,120246
2026-07-18 14:01:00,240.28,240.28,240.01,240.1608,91586
2026-07-18 14:02:00,240.13,240.168,239.4,239.96,203625
2026-07-18 14:03:00,239.935,239.9952,239.71,239.715,87558
2026-07-18 14:04:00,239.71,239.8999,239.495,239.62,76254
2026-07-18 14:05:00,239.6473,239.8899,239.44,239.8101,117133
2026-07-18 14:06:00,239.84,240.2885,239.7255,240.225,167791
2026-07-18 14:07:00,240.2257,240.3681,240.02,240.1905,88927
2026-07-18 14:08:00,240.2185,240.2185,239.88,239.915,67181
2026-07-18 14:09:00,239.915,240.0,239.545,239.545,95865
2026-07-18 14:10:00,239.51,239.556,239.1,239.5225,199597
2026-07-18 14:11:00,239.49,239.96,239.46,239.8,91472
2026-07-18 14:12:00,239.779,240.07,239.73,239.87,113565
2026-07-18 14:13:00,239.78,239.8293,239.33,239.45,119382
2026-07-18 14:14:00,239.39,239.61,239.1415,239.5901,117420
2026-07-18 14:15:00,239.63,240.05,239.61,239.94,126958
2026-07-18 14:16:00,239.89,239.9174,239.54,239.74,60301
2026-07-18 14:17:00,239.731,239.99,239.69,239.9799,107843
2026-07-18 14:18:00,239.946,239.95,239.76,239.79,85428
2026-07-18 14:19:00,239.815,239.83,239.35,239.4294,128643
2026-07-18 14:20:00,239.4,239.4,239.21,239.34,92708
2026-07-18 14:21:00,239.3302,239.53,239.22,239.2666,79283
2026-07-18 14:22:00,239.2609,239.37,239.17,239.2496,75261
2026-07-18 14:23:00,239.2396,239.4252,239.175,239.2,65111
2026-07-18 14:24:00,239.1986,239.38,239.02,239.275,110072
2026-07-18 14:25:00,239.25,239.4799,239.16,239.42,83822
2026-07-18 14:26:00,239.4066,239.56,239.38,239.445,78052
2026-07-18 14:27:00,239.4074,239.58,239.22,239.2599,85560
2026-07-18 14:28:00,239.2593,239.2593,238.8,238.965,223517
2026-07-18 14:29:00,238.93,239.17,238.85,239.17,106927
2026-07-18 14:30:00,239.18,239.18,238.96,239.095,102631
2026-07-18 14:31:00,239.15,239.46,239.13,239.24,148988
2026-07-18 14:32:00,239.225,239.2782,238.87,239.03,117620
2026-07-18 14:33:00,239.04,239.28,239.02,239.05,57439
2026-07-18 14:34:00,239.02,239.36,238.9201,239.22,100622
2026-07-18 14:35:00,239.2,239.46,238.95,239.0737,140396
2026-07-18 14:36:00,239.04,239.069,238.78,238.94,111620
2026-07-18 14:37:00,238.93,239.23,238.81,238.93,132444
2026-07-18 14:38:00,238.92,239.1,238.87,238.995,66228
2026-07-18 14:39:00,238.9619,239.01,238.64,238.795,143845
2026-07-18 14:40:00,238.8,238.93,238.73,238.91,55591
2026-07-18 14:41:00,238.9,239.4,238.83,239.0,203267
2026-07-18 14:42:00,238.9206,238.97,238.71,238.76,111389
2026-07-18 14:43:00,238.7412,238.8,238.64,238.695,105227
2026-07-18 14:44:00,238.67,238.799,238.61,238.61,70238
2026-07-18 14:45:00,238.64,238.98,238.59,238.65,145796
2026-07-18 14:46:00,238.64,238.9099,238.59,238.759,106411
2026-07-18 14:47:00,238.73,238.76,238.38,238.76,148815
2026-07-18 14:48:00,238.755,239.0298,238.72,238.9,133083
2026-07-18 14:49:00,238.8669,239.28,238.81,239.19,188635
2026-07-18 14:50:00,239.2,239.5985,239.1961,239.3394,202621
2026-07-18 14:51:00,239.2993,239.58,239.24,239.558,94862
2026-07-18 14:52:00,239.53,239.53,239.31,239.37,96749
2026-07-18 14:53:00,239.39,239.4,239.07,239.21,105898
2026-07-18 14:54:00,239.1756,239.43,239.06,239.31,86591
2026-07-18 14:55:00,239.31,239.55,239.16,239.37,145145
2026-07-18 14:56:00,239.39,239.44,239.23,239.2501,59727
2026-07-18 14:57:00,239.245,239.36,239.0885,239.26,53218
2026-07-18 14:58:00,239.27,239.45,239.25,239.35,61937
2026-07-18 14:59:00,239.35,239.39,239.2,239.32,56459
2026-07-18 15:00:00,239.29,239.65,239.27,239.58,108751
2026-07-18 15:01:00,239.58,240.03,239.57,239.9,167148
2026-07-18 15:02:00,239.895,240.15,239.8,239.8501,132673
2026-07-18 15:03:00,239.87,240.0983,239.72,240.03,107686
2026-07-18 15:04:00,240.04,240.35,239.98,240.175,137003
2026-07-18 15:05:00,240.14,240.21,239.86,240.05,96483
2026-07-18 15:06:00,239.98,240.14,239.97,240.07,87218
2026-07-18 15:07:00,240.075,240.33,239.98,240.3,89063
2026-07-18 15:08:00,240.29,240.4779,240.2001,240.24,125677
2026-07-18 15:09:00,240.265,240.37,240.21,240.34,93520
2026-07-18 15:10:00,240.325,240.34,240.08,240.26,90193
2026-07-18 15:11:00,240.275,240.43,240.07,240.105,107215
2026-07-18 15:12:00,240.0901,240.4299,239.94,240.35,147618
2026-07-18 15:13:00,240.38,240.52,240.3,240.4201,163468
2026-07-18 15:14:00,240.4691,240.5,240.3701,240.455,86969
2026-07-18 15:15:00,240.44,240.7,240.4,240.5303,182302
2026-07-18 15:16:00,240.63,240.63,240.45,240.505,109375
2026-07-18 15:17:00,240.48,240.7099,240.45,240.5693,104586
2026-07-18 15:18:00,240.565,240.77,240.511,240.7,92842
2026-07-18 15:19:00,240.7,240.7685,240.6,240.675,86578
2026-07-18 15:20:00,240.6899,241.0995,240.59,241.015,174451
2026-07-18 15:21:00,241.01,241.12,240.83,240.8899,130809
2026-07-18 15:22:00,240.885,241.09,240.8605,241.0396,89272
2026-07-18 15:23:00,241.035,241.2,240.83,240.8526,198956
2026-07-18 15:24:00,240.8965,240.92,240.53,240.58,184905
2026-07-18 15:25:00,240.56,240.835,240.45,240.835,73085
2026-07-18 15:26:00,240.82,241.05,240.81,240.87,141478
2026-07-18 15:27:00,240.85,240.905,240.5801,240.6799,92573
2026-07-18 15:28:00,240.65,240.9,240.63,240.785,77247
2026-07-18 15:29:00,240.76,240.78,240.53,240.56,78575
2026-07-18 15:30:00,240.565,240.7374,240.3,240.365,180414
2026-07-18 15:31:00,240.39,240.49,240.26,240.2614,112546
2026-07-18 15:32:00,240.2763,240.53,240.22,240.39,86317
2026-07-18 15:33:00,240.3766,240.4299,240.09,240.25,81253
2026-07-18 15:34:00,240.24,240.28,239.92,240.14,142920
2026-07-18 15:35:00,240.16,240.38,240.0,240.0,99395
2026-07-18 15:36:00,240.0228,240.09,239.89,239.97,110063
2026-07-18 15:37:00,239.99,240.052,239.79,239.9195,189806
2026-07-18 15:38:00,239.905,239.97,239.82,239.9,93144
2026-07-18 15:39:00,239.89,240.0549,239.86,239.98,76631
2026-07-18 15:40:00,240.0,240.28,240.0,240.13,101345
2026-07-18 15:41:00,240.13,240.2,240.01,240.1661,84541
2026-07-18 15:42:00,240.195,240.2,239.75,240.02,168794
2026-07-18 15:43:00,240.0299,240.07,239.62,239.785,169963
2026-07-18 15:44:00,239.79,239.8,239.62,239.68,104432
2026-07-18 15:45:00,239.69,239.89,239.64,239.78,116146
2026-07-18 15:46:00,239.78,239.88,239.54,239.5801,130320
2026-07-18 15:47:00,239.62,239.68,239.4,239.4601,184878
2026-07-18 15:48:00,239.48,239.5,239.32,239.44,191736
2026-07-18 15:49:00,239.46,249.44,239.28,239.3401,203084
2026-07-18 15:50:00,239.34,239.44,238.85,239.41,352363
2026-07-18 15:51:00,239.35,239.45,239.18,239.19,178308
2026-07-18 15:52:00,239.19,239.425,238.93,239.425,237689
2026-07-18 15:53:00,239.4299,239.65,239.36,239.65,240752
2026-07-18 15:54:00,239.63,239.87,239.59,239.77,183830
2026-07-18 15:55:00,239.76,240.07,239.69,239.8283,218005
2026-07-18 15:56:00,239.83,239.85,239.43,239.5602,200545
2026-07-18 15:57:00,239.5301,239.71,239.24,239.25,251545
2026-07-18 15:58:00,239.29,239.44,239.22,239.2276,330049
2026-07-18 15:59:00,239.22,239.58,238.41,239.19,980326
2026-07-21 09:30:00,244.21,244.97,243.75,244.8499,1166848
2026-07-21 09:31:00,244.85,246.3,244.45,246.0,1047867
2026-07-21 09:32:00,246.02,246.61,244.98,245.635,850739
2026-07-21 09:33:00,245.7199,246.5,244.73,246.4,892494
2026-07-21 09:34:00,246.41,247.2,245.5,246.795,960283
2026-07-21 09:35:00,246.8,247.33,246.36,247.22,661340
2026-07-21 09:36:00,247.23,248.15,246.75,248.041,786285
2026-07-21 09:37:00,248.075,248.86,248.0488,248.815,672916
2026-07-21 09:38:00,248.83,249.72,248.7,249.62,787908
2026-07-21 09:39:00,249.5901,249.75,249.19,249.53,603020
2026-07-21 09:40:00,249.55,250.32,249.4117,250.25,936178
2026-07-21 09:41:00,250.21,250.55,249.65,250.39,732239
2026-07-21 09:42:00,250.389,251.0,250.1301,250.9005,673874
2026-07-21 09:43:00,250.93,250.93,249.6,249.86,603220
2026-07-21 09:44:00,249.9,250.62,249.67,250.4832,429353
2026-07-21 09:45:00,250.42,251.17,250.0,250.17,724470
2026-07-21 09:46:00,250.165,250.74,249.96,250.7025,447829
2026-07-21 09:47:00,250.75,251.57,250.67,251.44,749559
2026-07-21 09:48:00,251.46,251.46,250.2,250.2,617054
2026-07-21 09:49:00,250.26,250.64,249.97,250.18,505571
2026-07-21 09:50:00,250.2399,250.3391,249.32,249.46,583531
2026-07-21 09:51:00,249.45,249.7799,249.1,249.33,523545
2026-07-21 09:52:00,249.22,249.96,248.6801,249.9299,640354
2026-07-21 09:53:00,249.9135,250.6799,249.81,250.5,660348
2026-07-21 09:54:00,250.5061,250.9517,250.26,250.39,444811
2026-07-21 09:55:00,250.34,250.66,249.9,250.53,412139
2026-07-21 09:56:00,250.5,250.5,249.77,249.87,340190
2026-07-21 09:57:00,249.9402,250.0,249.51,249.755,288873
2026-07-21 09:58:00,249.79,250.36,249.52,250.26,317006
2026-07-21 09:59:00,250.2448,250.3,249.8,250.04,234090
2026-07-21 10:00:00,250.0,251.16,250.0,250.42,649820
2026-07-21 10:01:00,250.41,250.41,249.53,249.73,419620
2026-07-21 10:02:00,249.715,250.15,249.51,249.9,351826
2026-07-21 10:03:00,249.94,249.99,249.29,249.58,325942
2026-07-21 10:04:00,249.53,249.9,249.12,249.1629,269527
2026-07-21 10:05:00,249.1599,249.296,248.7006,248.9381,423442
2026-07-21 10:06:00,248.9,249.12,247.46,247.495,699457
2026-07-21 10:07:00,247.5218,247.98,247.43,247.8148,1023164
2026-07-21 10:08:00,247.84,247.86,247.01,247.21,430990
2026-07-21 10:09:00,247.18,247.55,246.73,247.197,523894
2026-07-21 10:10:00,247.1855,248.3,247.18,247.97,505229
2026-07-21 10:11:00,248.03,248.7399,247.83,248.26,404640
2026-07-21 10:12:00,248.2423,248.73,248.24,248.54,239605
2026-07-21 10:13:00,248.52,249.0,248.3352,248.99,273393
2026-07-21 10:14:00,248.93,249.35,248.5,249.32,379582
2026-07-21 10:15:00,249.29,249.84,249.17,249.7747,323013
2026-07-21 10:16:00,249.81,249.96,249.21,249.49,316444
2026-07-21 10:17:00,249.4305,249.4899,248.0201,248.09,419600
2026-07-21 10:18:00,248.1,248.12,247.7,247.865,295470
2026-07-21 10:19:00,247.8103,248.55,247.7401,248.365,253803
2026-07-21 10:20:00,248.4,249.12,248.3401,248.7712,277493
2026-07-21 10:21:00,248.78,248.855,248.32,248.5,190515
2026-07-21 10:22:00,248.4617,248.53,247.9,248.148,225505
2026-07-21 10:23:00,248.155,248.18,246.7001,246.96,395594
2026-07-21 10:24:00,247.0105,247.67,246.93,247.67,317646
2026-07-21 10:25:00,247.67,248.0,247.25,247.285,304153
2026-07-21 10:26:00,247.285,247.47,247.04,247.32,208936
2026-07-21 10:27:00,247.27,247.32,246.54,246.745,326266
2026-07-21 10:28:00,246.745,247.3499,246.71,247.07,313154
2026-07-21 10:29:00,247.06,247.1099,246.26,246.3901,345450
2026-07-21 10:30:00,246.44,246.64,246.09,246.6,322737
2026-07-21 10:31:00,246.5501,246.97,246.25,246.36,320247
2026-07-21 10:32:00,246.36,246.65,246.16,246.5646,219323
2026-07-21 10:33:00,246.6,247.38,246.6,247.32,376704
2026-07-21 10:34:00,247.34,247.5,247.14,247.2572,237749
2026-07-21 10:35:00,247.35,247.57,247.21,247.271,204080
2026-07-21 10:36:00,247.32,247.32,246.7072,246.75,233231
2026-07-21 10:37:00,246.77,247.1,246.61,246.77,218117
2026-07-21 10:38:00,246.7704,247.6,246.66,247.52,207174
2026-07-21 10:39:00,247.51,248.3,247.2,248.21,393512
2026-07-21 10:40:00,248.195,248.37,247.7,248.2399,213093
2026-07-21 10:41:00,248.2154,248.2154,247.33,247.655,222711
2026-07-21 10:42:00,247.67,248.0599,247.5608,247.8601,152792
2026-07-21 10:43:00,247.885,248.99,247.83,248.729,354211
2026-07-21 10:44:00,248.72,248.8,248.44,248.6787,185883
2026-07-21 10:45:00,248.69,248.8,248.11,248.3,208202
2026-07-21 10:46:00,248.295,248.65,248.231,248.6482,146791
2026-07-21 10:47:00,248.6,248.7352,248.28,248.2914,147198
2026-07-21 10:48:00,248.31,248.64,247.89,248.36,180336
2026-07-21 10:49:00,248.36,248.54,247.9301,248.54,129694
2026-07-21 10:50:00,248.56,248.6,247.837,248.04,190829
2026-07-21 10:51:00,248.03,248.28,247.37,248.15,237025
2026-07-21 10:52:00,248.15,248.63,247.86,248.545,233515
2026-07-21 10:53:00,248.59,248.7352,248.0304,248.205,134094
2026-07-21 10:54:00,248.19,248.43,247.75,247.9906,219627
2026-07-21 10:55:00,247.93,248.39,247.8201,248.31,119379
2026-07-21 10:56:00,248.34,248.72,248.33,248.46,263567
2026-07-21 10:57:00,248.45,249.46,248.4101,249.38,322798
2026-07-21 10:58:00,249.42,249.5,249.04,249.21,199799
2026-07-21 10:59:00,249.205,249.26,248.6,248.6791,205560
2026-07-21 11:00:00,248.64,248.64,248.11,248.44,208552
2026-07-21 11:01:00,248.42,249.07,248.38,248.98,211546
2026-07-21 11:02:00,249.01,249.0189,248.54,248.6962,138281
2026-07-21 11:03:00,248.715,248.91,248.4,248.63,95168
2026-07-21 11:04:00,248.62,248.9298,248.5901,248.76,116455
2026-07-21 11:05:00,248.78,249.21,248.71,249.04,161804
2026-07-21 11:06:00,249.0001,249.4105,249.0001,249.2504,214036
2026-07-21 11:07:00,249.27,249.74,249.25,249.49,276356
2026-07-21 11:08:00,249.5,249.52,248.86,248.9369,216189
2026-07-21 11:09:00,248.925,249.015,247.23,247.32,423675
2026-07-21 11:10:00,247.24,248.2,247.2,247.98,330502
2026-07-21 11:11:00,247.91,248.0,247.39,247.8161,146450
2026-07-21 11:12:00,247.85,248.09,247.67,247.71,154729
2026-07-21 11:13:00,247.7475,248.11,247.62,248.02,129183
2026-07-21 11:14:00,248.0,248.84,247.9801,248.32,279617
2026-07-21 11:15:00,248.325,248.6,248.15,248.23,139300
2026-07-21 11:16:00,248.27,248.31,246.89,247.5036,359304
2026-07-21 11:17:00,247.45,247.73,247.2007,247.4099,183019
2026-07-21 11:18:00,247.3378,247.89,247.3378,247.715,148497
2026-07-21 11:19:00,247.725,247.9,246.94,247.1,270654
2026-07-21 11:20:00,247.1135,247.21,246.43,246.855,266816
2026-07-21 11:21:00,246.8554,247.39,246.72,247.34,128514
2026-07-21 11:22:00,247.28,247.54,247.08,247.38,191142
2026-07-21 11:23:00,247.33,247.3638,246.47,246.756,207259
2026-07-21 11:24:00,246.73,246.87,246.2,246.77,208228
2026-07-21 11:25:00,246.82,246.94,246.2002,246.23,204079
2026-07-21 11:26:00,246.25,246.9599,246.19,246.8088,191012
2026-07-21 11:27:00,246.77,247.1,246.58,246.64,202751
2026-07-21 11:28:00,246.65,246.77,246.3121,246.7093,203202
2026-07-21 11:29:00,246.62,246.84,246.31,246.34,153936
2026-07-21 11:30:00,246.32,246.68,246.16,246.3301,244277
2026-07-21 11:31:00,246.39,246.94,246.33,246.877,213663
2026-07-21 11:32:00,246.84,246.94,246.51,246.9284,122858
2026-07-21 11:33:00,246.92,247.2,246.6,246.83,211766
2026-07-21 11:34:00,246.75,247.05,246.71,246.875,118216
2026-07-21 11:35:00,246.85,247.34,246.74,247.19,199586
2026-07-21 11:36:00,247.19,247.23,246.4809,246.78,187922
2026-07-21 11:37:00,246.78,247.17,246.68,247.155,127609
2026-07-21 11:38:00,247.18,247.5,246.92,246.96,215450
2026-07-21 11:39:00,246.995,247.45,246.92,247.45,145399
2026-07-21 11:40:00,247.43,247.6,246.92,247.11,148137
2026-07-21 11:41:00,247.18,247.21,246.41,246.67,809955
2026-07-21 11:42:00,246.665,246.9799,246.5201,246.775,134524
2026-07-21 11:43:00,246.8,247.08,246.6,247.012,1125515
2026-07-21 11:44:00,247.05,247.29,246.947,247.1001,375280
2026-07-21 11:45:00,247.117,247.17,246.7501,246.94,109402
2026-07-21 11:46:00,246.94,247.05,246.69,246.94,102313
2026-07-21 11:47:00,246.895,247.8799,246.8,247.86,211271
2026-07-21 11:48:00,247.86,247.94,247.1624,247.525,202260
2026-07-21 11:49:00,247.57,247.8,247.51,247.68,157142
2026-07-21 11:50:00,247.66,247.94,247.52,247.865,141213
2026-07-21 11:51:00,247.845,248.05,247.39,247.735,213217
2026-07-21 11:52:00,247.73,248.3599,247.73,248.325,196441
2026-07-21 11:53:00,248.31,248.38,248.11,248.2999,119299
2026-07-21 11:54:00,248.28,248.4,248.1501,248.25,142996
2026-07-21 11:55:00,248.2,248.23,247.8,247.91,157263
2026-07-21 11:56:00,247.98,248.1,247.6701,247.885,122264
2026-07-21 11:57:00,247.91,248.14,247.84,247.99,100569
2026-07-21 11:58:00,247.9501,248.18,247.8401,248.16,87852
2026-07-21 11:59:00,248.16,248.25,247.95,248.01,106047
2026-07-21 12:00:00,247.9501,248.18,247.8301,247.99,116170
2026-07-21 12:01:00,247.975,248.05,247.53,247.8506,159483
2026-07-21 12:02:00,247.87,248.36,247.47,248.15,179042
2026-07-21 12:03:00,248.09,248.35,247.7101,247.93,137480
2026-07-21 12:04:00,247.8819,247.9699,247.23,247.33,143509
2026-07-21 12:05:00,247.36,247.44,246.895,247.09,180010
2026-07-21 12:06:00,247.17,247.91,247.01,247.7,188650
2026-07-21 12:07:00,247.68,248.0,247.25,247.815,146521
2026-07-21 12:08:00,247.84,248.55,247.73,248.42,211140
2026-07-21 12:09:00,248.3801,248.84,248.22,248.37,152171
2026-07-21 12:10:00,248.37,248.94,248.34,248.88,218276
2026-07-21 12:11:00,248.9,248.97,248.72,248.75,118108
2026-07-21 12:12:00,248.72,248.93,248.72,248.93,107202
2026-07-21 12:13:00,248.918,248.9499,248.51,248.545,111805
2026-07-21 12:14:00,248.598,248.6064,248.34,248.5511,112460
2026-07-21 12:15:00,248.59,248.82,248.43,248.455,155590
2026-07-21 12:16:00,248.42,248.85,248.2301,248.84,187525
2026-07-21 12:17:00,248.8489,249.03,248.6001,248.7211,218122
2026-07-21 12:18:00,248.679,249.17,248.6509,249.09,175270
2026-07-21 12:19:00,249.0882,249.42,248.92,249.325,172984
2026-07-21 12:20:00,249.34,249.4,249.0342,249.1591,138059
2026-07-21 12:21:00,249.1899,249.28,249.0,249.2,126202
2026-07-21 12:22:00,249.17,249.48,249.1401,249.3681,144816
2026-07-21 12:23:00,249.39,249.41,249.18,249.27,89527
2026-07-21 12:24:00,249.2495,249.56,249.195,249.465,157904
2026-07-21 12:25:00,249.475,249.68,249.4,249.4601,163342
2026-07-21 12:26:00,249.5,249.52,249.13,249.13,167964
2026-07-21 12:27:00,249.16,249.36,249.12,249.33,87835
2026-07-21 12:28:00,249.33,249.33,248.81,249.06,183466
2026-07-21 12:29:00,248.99,249.42,248.94,249.36,134483
2026-07-21 12:30:00,249.355,249.57,249.1776,249.4085,152584
2026-07-21 12:31:00,249.42,249.46,249.04,249.3799,126799
2026-07-21 12:32:00,249.36,249.7597,249.35,249.645,248344
2026-07-21 12:33:00,249.61,249.67,249.15,249.5,167112
2026-07-21 12:34:00,249.5282,249.97,249.4175,249.9001,205252
2026-07-21 12:35:00,249.86,250.0,249.6222,249.9,275659
2026-07-21 12:36:00,249.9182,250.35,249.9031,250.34,501573
2026-07-21 12:37:00,250.3371,250.35,250.01,250.104,190963
2026-07-21 12:38:00,250.06,250.17,249.89,250.03,122636
2026-07-21 12:39:00,250.09,250.35,249.93,250.03,222037
2026-07-21 12:40:00,250.06,250.35,250.0301,250.27,166461
2026-07-21 12:41:00,250.2301,250.33,250.0508,250.2316,140557
2026-07-21 12:42:00,250.255,250.33,250.07,250.14,107542
2026-07-21 12:43:00,250.16,250.19,249.8001,249.91,144841
2026-07-21 12:44:00,249.91,250.19,249.91,250.02,95005
2026-07-21 12:45:00,250.04,250.25,249.734,249.785,176775
2026-07-21 12:46:00,249.81,249.97,249.67,249.8595,118617
2026-07-21 12:47:00,249.85,250.03,249.7502,249.8278,353778
2026-07-21 12:48:00,249.84,250.05,249.71,249.9,104426
2026-07-21 12:49:00,249.94,250.2,249.8803,250.15,136709
2026-07-21 12:50:00,250.135,250.19,249.88,250.17,130438
2026-07-21 12:51:00,250.12,250.23,250.04,250.155,93734
2026-07-21 12:52:00,250.13,250.35,250.0701,250.3089,119686
2026-07-21 12:53:00,250.31,250.46,250.1101,250.2714,165512
2026-07-21 12:54:00,250.2375,250.43,250.1287,250.42,107305
2026-07-21 12:55:00,250.44,250.89,250.34,250.84,298979
2026-07-21 12:56:00,250.8389,250.95,250.65,250.675,195504
2026-07-21 12:57:00,250.69,250.7,250.27,250.285,184764
2026-07-21 12:58:00,250.27,250.47,250.16,250.16,155967
2026-07-21 12:59:00,250.18,250.22,249.8,250.205,188369
2026-07-21 13:00:00,250.23,250.5,250.03,250.1715,189151
2026-07-21 13:01:00,250.17,250.4399,250.0006,250.2099,164765
2026-07-21 13:02:00,250.21,250.41,250.12,250.37,88221
2026-07-21 13:03:00,250.34,250.7295,250.2591,250.71,145199
2026-07-21 13:04:00,250.69,250.92,250.69,250.89,177969
2026-07-21 13:05:00,250.9,250.99,250.79,250.8799,151329
2026-07-21 13:06:00,250.86,250.9499,250.71,250.915,100385
2026-07-21 13:07:00,250.925,251.14,250.6201,250.8546,413088
2026-07-21 13:08:00,250.8496,251.08,250.8181,250.8986,85789
2026-07-21 13:09:00,250.88,251.08,250.84,250.9834,109097
2026-07-21 13:10:00,250.965,251.03,250.67,250.67,117306
2026-07-21 13:11:00,250.6778,250.71,250.39,250.57,151181
2026-07-21 13:12:00,250.5984,250.94,250.54,250.81,161120
2026-07-21 13:13:00,250.816,250.94,250.57,250.8799,106470
2026-07-21 13:14:00,250.8401,251.0,250.72,250.9,170821
2026-07-21 13:15:00,250.86,251.0,250.6101,250.6894,115078
2026-07-21 13:16:00,250.69,250.7499,250.39,250.61,164454
2026-07-21 13:17:00,250.61,250.64,250.36,250.512,126069
2026-07-21 13:18:00,250.5165,250.66,250.5165,250.61,78534
2026-07-21 13:19:00,250.6108,250.7899,250.42,250.46,113451
2026-07-21 13:20:00,250.47,250.52,250.14,250.26,163125
2026-07-21 13:21:00,250.27,250.33,250.0674,250.27,139734
2026-07-21 13:22:00,250.26,250.59,250.26,250.5499,125038
2026-07-21 13:23:00,250.5639,251.0,250.55,250.91,254507
2026-07-21 13:24:00,250.9354,250.98,250.65,250.89,143093
2026-07-21 13:25:00,250.88,251.0,250.77,250.9601,138922
2026-07-21 13:26:00,250.955,251.0,250.82,250.85,109611
2026-07-21 13:27:00,250.875,251.0999,250.8586,250.9906,130551
2026-07-21 13:28:00,251.035,251.22,250.79,251.06,251035
2026-07-21 13:29:00,251.03,251.06,250.89,250.965,74425
2026-07-21 13:30:00,250.97,251.1,250.88,250.9672,122404
2026-07-21 13:31:00,250.954,251.43,250.954,251.3535,277813
2026-07-21 13:32:00,251.34,251.38,251.1801,251.235,123038
2026-07-21 13:33:00,251.25,251.45,251.2147,251.378,121505
2026-07-21 13:34:00,251.38,251.5192,251.3201,251.4599,205530
2026-07-21 13:35:00,251.425,251.4302,251.21,251.29,146590
2026-07-21 13:36:00,251.27,251.29,250.91,250.912,182648
2026-07-21 13:37:00,250.935,251.18,250.81,251.17,106262
2026-07-21 13:38:00,251.12,251.15,250.83,250.91,110617
2026-07-21 13:39:00,250.8529,251.1397,250.66,251.1,181869
2026-07-21 13:40:00,251.04,251.17,250.865,251.0899,117819
2026-07-21 13:41:00,251.04,251.05,250.86,250.8896,73662
2026-07-21 13:42:00,250.9,251.08,250.81,251.0583,184462
2026-07-21 13:43:00,251.0601,251.1,250.88,251.03,67656
2026-07-21 13:44:00,251.01,251.26,250.9101,251.12,132937
2026-07-21 13:45:00,251.1452,251.27,250.68,250.76,232683
2026-07-21 13:46:00,250.74,251.3,250.64,251.26,219632
2026-07-21 13:47:00,251.23,251.55,251.1303,251.54,226512
2026-07-21 13:48:00,251.55,252.23,251.5332,252.0862,615705
2026-07-21 13:49:00,252.1,252.19,251.97,252.01,189469
2026-07-21 13:50:00,252.0299,252.09,251.77,251.82,135980
2026-07-21 13:51:00,251.83,251.91,251.66,251.89,191719
2026-07-21 13:52:00,251.9279,251.93,251.58,251.79,136215
2026-07-21 13:53:00,251.76,251.88,251.45,251.66,211524
2026-07-21 13:54:00,251.66,251.703,251.55,251.63,89616
2026-07-21 13:55:00,251.63,251.66,251.33,251.35,137716
2026-07-21 13:56:00,251.37,251.51,251.0848,251.135,154675
2026-07-21 13:57:00,251.1219,251.39,250.96,251.09,193655
2026-07-21 13:58:00,251.1,251.29,251.0412,251.29,92004
2026-07-21 13:59:00,251.27,251.41,251.17,251.35,123714
2026-07-21 14:00:00,251.38,251.57,251.31,251.33,233395
2026-07-21 14:01:00,251.32,251.56,251.18,251.34,130569
2026-07-21 14:02:00,251.345,251.65,251.3101,251.55,133008
2026-07-21 14:03:00,251.545,251.84,251.5401,251.7608,197581
2026-07-21 14:04:00,251.7943,251.83,251.52,251.8142,158996
2026-07-21 14:05:00,251.83,251.8599,251.51,251.55,119383
2026-07-21 14:06:00,251.58,251.58,251.1,251.165,188553
2026-07-21 14:07:00,251.1649,251.57,251.16,251.5432,95479
2026-07-21 14:08:00,251.551,251.71,251.46,251.71,97018
2026-07-21 14:09:00,251.65,252.21,251.6105,252.18,310909
2026-07-21 14:10:00,252.18,252.19,251.76,252.01,136486
2026-07-21 14:11:00,252.03,252.05,251.42,251.5,204027
2026-07-21 14:12:00,251.5088,251.83,251.446,251.55,99614
2026-07-21 14:13:00,251.55,251.58,251.24,251.39,106322
2026-07-21 14:14:00,251.4036,251.67,251.4,251.545,94600
2026-07-21 14:15:00,251.5581,251.5581,251.36,251.4,71811
2026-07-21 14:16:00,251.41,251.48,251.13,251.26,96685
2026-07-21 14:17:00,251.25,251.6,251.25,251.5897,132638
2026-07-21 14:18:00,251.5995,251.83,251.53,251.82,141625
2026-07-21 14:19:00,251.84,251.94,251.72,251.795,151880
2026-07-21 14:20:00,251.7821,251.795,251.3101,251.49,136355
2026-07-21 14:21:00,251.525,251.95,251.52,251.92,149183
2026-07-21 14:22:00,251.9239,251.94,251.61,251.84,91978
2026-07-21 14:23:00,251.8672,252.1,251.75,251.9938,141024
2026-07-21 14:24:00,251.98,252.42,251.962,252.31,295878
2026-07-21 14:25:00,252.2916,252.4099,252.1101,252.15,152372
2026-07-21 14:26:00,252.1414,252.166,251.7,251.88,217928
2026-07-21 14:27:00,251.8702,251.88,251.6342,251.6921,100710
2026-07-21 14:28:00,251.69,251.8374,251.511,251.59,94662
2026-07-21 14:29:00,251.5909,251.66,251.3407,251.395,150304
2026-07-21 14:30:00,251.4,251.75,251.39,251.69,163183
2026-07-21 14:31:00,251.69,251.69,251.24,251.2801,177992
2026-07-21 14:32:00,251.25,251.26,250.95,251.2041,293043
2026-07-21 14:33:00,251.212,251.95,251.212,251.6001,320298
2026-07-21 14:34:00,251.613,251.76,251.4001,251.4899,158031
2026-07-21 14:35:00,251.48,251.7899,251.46,251.7556,125676
2026-07-21 14:36:00,251.755,251.8979,251.73,251.7901,134222
2026-07-21 14:37:00,251.82,251.98,251.77,251.98,147571
2026-07-21 14:38:00,251.9896,252.3,251.96,252.2301,272185
2026-07-21 14:39:00,252.26,252.47,252.23,252.38,216274
2026-07-21 14:40:00,252.3508,252.4,252.01,252.07,222615
2026-07-21 14:41:00,252.1,252.46,252.0201,252.3999,233988
2026-07-21 14:42:00,252.36,252.38,251.95,252.13,210017
2026-07-21 14:43:00,252.11,252.19,251.81,251.985,116403
2026-07-21 14:44:00,251.985,252.31,251.98,252.2,159856
2026-07-21 14:45:00,252.16,252.1699,251.83,252.115,177733
2026-07-21 14:46:00,252.13,252.37,251.84,252.2549,157631
2026-07-21 14:47:00,252.26,252.65,252.1402,252.63,279228
2026-07-21 14:48:00,252.64,252.658,252.34,252.5641,136747
2026-07-21 14:49:00,252.5979,253.21,252.5979,252.79,493262
2026-07-21 14:50:00,252.78,252.9,252.6,252.76,151977
2026-07-21 14:51:00,252.7221,252.84,252.46,252.6358,168303
2026-07-21 14:52:00,252.63,252.75,252.51,252.5845,142055
2026-07-21 14:53:00,252.5999,252.75,252.5312,252.64,96580
2026-07-21 14:54:00,252.6262,252.8,252.41,252.44,180696
2026-07-21 14:55:00,252.45,252.54,252.0346,252.04,204362
2026-07-21 14:56:00,252.064,252.1423,251.81,252.07,241091
2026-07-21 14:57:00,252.07,252.22,251.91,252.03,122239
2026-07-21 14:58:00,252.01,252.1,251.73,252.02,174319
2026-07-21 14:59:00,252.005,252.02,251.822,251.8415,89152
2026-07-21 15:00:00,251.86,251.965,250.95,251.3501,337799
2026-07-21 15:01:00,251.39,251.39,250.9301,251.23,165303
2026-07-21 15:02:00,251.25,251.42,251.01,251.35,206103
2026-07-21 15:03:00,251.3589,251.55,251.23,251.41,154289
2026-07-21 15:04:00,251.4148,251.61,251.3,251.415,202433
2026-07-21 15:05:00,251.4,251.66,251.14,251.19,211192
2026-07-21 15:06:00,251.14,251.32,250.77,251.1001,265532
2026-07-21 15:07:00,251.1001,251.2,250.88,250.97,163513
2026-07-21 15:08:00,250.975,251.0899,250.67,250.72,186204
2026-07-21 15:09:00,250.71,251.18,250.7,250.8,198627
2026-07-21 15:10:00,250.84,251.09,250.806,250.9925,122979
2026-07-21 15:11:00,250.975,251.3,250.74,250.8591,245351
2026-07-21 15:12:00,250.88,251.3,250.8308,251.11,171444
2026-07-21 15:13:00,251.15,251.15,250.7,250.75,176997
2026-07-21 15:14:00,250.72,251.0,250.72,250.905,117784
2026-07-21 15:15:00,250.8762,251.0534,250.86,250.92,132185
2026-07-21 15:16:00,250.9,251.26,250.9,251.17,159948
2026-07-21 15:17:00,251.18,251.4999,251.0891,251.47,239115
2026-07-21 15:18:00,251.49,251.57,251.37,251.5499,156236
2026-07-21 15:19:00,251.47,251.52,251.34,251.38,133262
2026-07-21 15:20:00,251.35,251.53,251.29,251.4864,163613
2026-07-21 15:21:00,251.4752,251.86,251.4,251.755,281464
2026-07-21 15:22:00,251.7698,251.8395,251.4,251.55,178057
2026-07-21 15:23:00,251.59,251.88,251.548,251.845,111235
2026-07-21 15:24:00,251.86,251.96,251.73,251.76,166165
2026-07-21 15:25:00,251.761,251.87,251.38,251.48,154092
2026-07-21 15:26:00,251.5174,251.7195,251.28,251.4662,153684
2026-07-21 15:27:00,251.44,252.04,251.4049,251.98,260698
2026-07-21 15:28:00,251.99,252.08,251.74,252.0384,220135
2026-07-21 15:29:00,252.06,252.07,251.83,251.945,128835
2026-07-21 15:30:00,251.94,252.17,251.92,252.015,189503
2026-07-21 15:31:00,252.0399,252.28,251.9937,252.25,187689
2026-07-21 15:32:00,252.26,252.58,252.15,252.225,383631
2026-07-21 15:33:00,252.24,252.3299,251.9101,252.04,176887
2026-07-21 15:34:00,252.07,252.09,251.79,251.95,136575
2026-07-21 15:35:00,251.92,252.23,251.846,251.9218,152282
2026-07-21 15:36:00,251.9,252.41,251.77,252.172,265443
2026-07-21 15:37:00,252.1589,252.29,251.9,251.93,165002
2026-07-21 15:38:00,251.9,252.05,251.85,251.9919,133924
2026-07-21 15:39:00,251.99,252.0999,251.88,251.9907,161345
2026-07-21 15:40:00,252.02,252.24,251.85,251.96,233344
2026-07-21 15:41:00,251.93,252.1699,251.86,251.96,134865
2026-07-21 15:42:00,251.96,252.09,251.85,251.995,145942
2026-07-21 15:43:00,251.97,252.09,251.81,251.91,135265
2026-07-21 15:44:00,251.9,252.21,251.833,252.14,192178
2026-07-21 15:45:00,252.1001,252.13,251.81,252.035,150881
2026-07-21 15:46:00,252.0339,252.27,251.95,252.13,164183
2026-07-21 15:47:00,252.14,252.1499,251.85,251.94,125563
2026-07-21 15:48:00,251.9514,252.0,251.7,251.74,194211
2026-07-21 15:49:00,251.7201,251.844,251.44,251.5753,189724
2026-07-21 15:50:00,251.57,252.36,251.5,252.105,361766
2026-07-21 15:51:00,252.08,252.55,251.96,252.5141,227296
2026-07-21 15:52:00,252.55,252.79,252.28,252.44,340274
2026-07-21 15:53:00,252.41,252.71,252.15,252.59,291070
2026-07-21 15:54:00,252.5701,252.68,252.23,252.2666,256094
2026-07-21 15:55:00,252.27,252.33,251.43,251.67,509384
2026-07-21 15:56:00,251.68,251.975,251.49,251.625,331820
2026-07-21 15:57:00,251.625,251.6399,251.289,251.3963,378349
2026-07-21 15:58:00,251.37,251.68,251.335,251.565,428086
2026-07-21 15:59:00,251.57,251.75,251.4,251.69,808205
2026-07-22 09:30:00,253.6,255.09,252.85,254.9029,1270900
2026-07-22 09:31:00,254.9586,255.7594,252.41,253.1086,1206761
2026-07-22 09:32:00,253.0391,253.55,251.7822,252.32,1054685
2026-07-22 09:33:00,252.28,254.14,251.86,253.3198,822728
2026-07-22 09:34:00,253.2864,254.02,252.88,253.31,603295
2026-07-22 09:35:00,253.2908,253.6,252.05,253.145,519615
2026-07-22 09:36:00,253.09,253.63,252.2423,252.3599,519378
2026-07-22 09:37:00,252.34,255.0,252.3,254.9004,760425
2026-07-22 09:38:00,254.8765,255.65,254.01,254.1585,822385
2026-07-22 09:39:00,254.05,255.13,253.91,254.892,528432
2026-07-22 09:40:00,254.88,255.48,252.86,253.0545,676007
2026-07-22 09:41:00,252.9787,253.82,252.31,253.33,603355
2026-07-22 09:42:00,253.3,254.0,253.05,253.055,357542
2026-07-22 09:43:00,253.02,253.1679,252.02,252.07,505508
2026-07-22 09:44:00,252.11,252.36,250.41,250.62,968376
2026-07-22 09:45:00,250.66,251.6699,250.5227,250.5227,598961
2026-07-22 09:46:00,250.55,251.34,250.27,250.27,520334
2026-07-22 09:47:00,250.29,250.93,250.03,250.4772,562207
2026-07-22 09:48:00,250.362,251.5174,250.02,251.2545,519727
2026-07-22 09:49:00,251.2599,251.5383,250.82,251.33,388231
2026-07-22 09:50:00,251.32,251.32,250.3,250.31,335873
2026-07-22 09:51:00,250.3149,250.69,249.52,249.69,663215
2026-07-22 09:52:00,249.7351,249.79,248.83,249.11,672262
2026-07-22 09:53:00,249.1,249.49,248.84,249.02,403222
2026-07-22 09:54:00,249.01,249.7,248.57,249.69,615409
2026-07-22 09:55:00,249.6209,249.75,249.1401,249.46,296651
2026-07-22 09:56:00,249.5,250.36,249.3514,250.16,477937
2026-07-22 09:57:00,250.12,250.1966,249.466,249.63,385388
2026-07-22 09:58:00,249.6,250.15,249.111,249.745,380956
2026-07-22 09:59:00,249.7475,249.8,249.0601,249.4019,275387
2026-07-22 10:00:00,249.57,249.93,249.3201,249.5945,284426
2026-07-22 10:01:00,249.56,249.7413,249.0,249.4919,309423
2026-07-22 10:02:00,249.442,249.49,248.42,248.4314,510697
2026-07-22 10:03:00,248.465,248.64,247.77,248.4199,715775
2026-07-22 10:04:00,248.4,249.366,248.4,248.895,431500
2026-07-22 10:05:00,248.8501,249.3999,248.85,248.98,309393
2026-07-22 10:06:00,248.96,249.1935,248.3685,248.845,287469
2026-07-22 10:07:00,248.825,248.9565,248.4127,248.58,232000
2026-07-22 10:08:00,248.56,249.19,248.5401,248.96,343192
2026-07-22 10:09:00,248.92,248.9742,248.41,248.6293,203973
2026-07-22 10:10:00,248.62,249.44,248.62,248.99,339708
2026-07-22 10:11:00,249.0,249.25,248.62,248.8,233307
2026-07-22 10:12:00,248.8599,248.8847,247.98,248.23,448406
2026-07-22 10:13:00,248.2735,248.3,247.99,248.12,272317
2026-07-22 10:14:00,248.15,248.5599,248.0501,248.21,257722
2026-07-22 10:15:00,248.25,248.5,247.85,247.85,331276
2026-07-22 10:16:00,247.9268,248.86,247.7,248.2681,513556
2026-07-22 10:17:00,248.27,248.93,248.27,248.5,356016
2026-07-22 10:18:00,248.5589,248.9002,248.47,248.75,175532
2026-07-22 10:19:00,248.6701,248.82,248.401,248.77,205288
2026-07-22 10:20:00,248.77,249.17,248.61,248.9175,269294
2026-07-22 10:21:00,248.926,249.33,248.8901,249.06,272502
2026-07-22 10:22:00,249.0615,249.0899,248.2,248.68,295241
2026-07-22 10:23:00,248.6816,248.7549,248.11,248.27,223295
2026-07-22 10:24:00,248.23,248.41,247.81,248.41,378866
2026-07-22 10:25:00,248.43,248.9999,248.21,248.9499,315900
2026-07-22 10:26:00,248.88,249.37,248.79,249.245,323396
2026-07-22 10:27:00,249.28,249.39,248.93,249.0607,240001
2026-07-22 10:28:00,249.096,249.5,248.96,249.4145,227335
2026-07-22 10:29:00,249.425,249.62,248.84,248.9835,309988
2026-07-22 10:30:00,249.02,249.35,248.66,248.702,250596
2026-07-22 10:31:00,248.71,249.2,248.65,248.9599,177243
2026-07-22 10:32:00,249.0,249.49,248.821,249.28,202493
2026-07-22 10:33:00,249.285,249.3799,248.82,248.8501,159028
2026-07-22 10:34:00,248.895,249.275,248.8602,249.19,145677
2026-07-22 10:35:00,249.199,249.43,249.01,249.075,204499
2026-07-22 10:36:00,249.09,249.45,249.08,249.265,149587
2026-07-22 10:37:00,249.2201,249.2699,248.95,249.18,178283
2026-07-22 10:38:00,249.175,249.2,248.4501,248.5,231268
2026-07-22 10:39:00,248.49,248.7375,248.0701,248.6799,303244
2026-07-22 10:40:00,248.61,248.78,248.24,248.24,216458
2026-07-22 10:41:00,248.28,248.7299,248.02,248.7072,268350
2026-07-22 10:42:00,248.66,249.46,248.65,249.415,382581
2026-07-22 10:43:00,249.39,249.4247,248.92,249.055,208012
2026-07-22 10:44:00,249.11,249.3898,248.82,248.9,225739
2026-07-22 10:45:00,248.8965,249.03,247.41,247.66,614549
2026-07-22 10:46:00,247.72,247.76,247.02,247.2,425556
2026-07-22 10:47:00,247.248,247.41,246.53,246.702,512036
2026-07-22 10:48:00,246.73,247.13,246.57,246.94,341946
2026-07-22 10:49:00,246.9178,246.9565,246.33,246.67,422645
2026-07-22 10:50:00,246.62,246.887,246.38,246.47,291878
2026-07-22 10:51:00,246.44,246.7,245.88,245.97,508122
2026-07-22 10:52:00,245.98,246.335,245.63,246.0799,483927
2026-07-22 10:53:00,245.98,246.3499,245.9201,246.145,261102
2026-07-22 10:54:00,246.12,246.35,246.0083,246.21,220636
2026-07-22 10:55:00,246.2101,246.28,245.83,246.21,282498
2026-07-22 10:56:00,246.22,246.97,246.22,246.9091,452893
2026-07-22 10:57:00,246.9,247.2,246.7,247.0101,339335
2026-07-22 10:58:00,247.01,247.145,246.521,246.8346,286879
2026-07-22 10:59:00,246.8,247.3299,246.61,247.285,260673
2026-07-22 11:00:00,247.31,247.43,247.1,247.28,276369
2026-07-22 11:01:00,247.2724,247.6999,247.12,247.66,295856
2026-07-22 11:02:00,247.6349,247.72,247.51,247.615,203147
2026-07-22 11:03:00,247.62,247.985,247.57,247.95,267679
2026-07-22 11:04:00,247.945,248.2,247.8,247.9227,288491
2026-07-22 11:05:00,247.9182,248.15,247.82,248.0,199053
2026-07-22 11:06:00,247.9684,248.06,247.66,248.04,227862
2026-07-22 11:07:00,248.05,248.146,247.9152,248.14,178432
2026-07-22 11:08:00,248.1322,248.7,248.1,248.52,306912
2026-07-22 11:09:00,248.54,248.94,248.5,248.65,244766
2026-07-22 11:10:00,248.6561,248.87,248.22,248.26,209973
2026-07-22 11:11:00,248.2796,248.7,248.22,248.55,174722
2026-07-22 11:12:00,248.55,248.69,248.52,248.5601,124329
2026-07-22 11:13:00,248.5999,248.7696,248.42,248.62,150507
2026-07-22 11:14:00,248.6289,248.87,248.55,248.795,206056
2026-07-22 11:15:00,248.82,249.04,248.7,248.71,240098
2026-07-22 11:16:00,248.74,248.92,248.67,248.849,142923
2026-07-22 11:17:00,248.86,249.2,248.7301,249.0569,209833
2026-07-22 11:18:00,249.076,249.49,248.9,249.31,251646
2026-07-22 11:19:00,249.34,249.59,249.22,249.5,264956
2026-07-22 11:20:00,249.5565,249.66,249.2,249.2435,284403
2026-07-22 11:21:00,249.234,249.36,248.93,249.0,217316
2026-07-22 11:22:00,249.0,249.15,248.91,249.0462,172496
2026-07-22 11:23:00,248.9838,249.1534,248.92,248.92,120802
2026-07-22 11:24:00,248.9,249.18,248.8601,248.9772,139211
2026-07-22 11:25:00,248.9495,249.24,248.9,249.2,167976
2026-07-22 11:26:00,249.2396,249.2399,248.86,248.93,150266
2026-07-22 11:27:00,248.925,249.13,248.8601,249.0699,160574
2026-07-22 11:28:00,249.04,249.12,248.76,248.7799,138178
2026-07-22 11:29:00,248.783,249.2,248.783,249.08,136287
2026-07-22 11:30:00,249.05,249.11,248.74,248.775,183662
2026-07-22 11:31:00,248.786,248.97,248.51,248.92,310952
2026-07-22 11:32:00,248.8985,249.42,248.8601,249.283,256868
2026-07-22 11:33:00,249.26,249.31,248.65,248.75,197338
2026-07-22 11:34:00,248.763,248.8299,248.45,248.6899,208135
2026-07-22 11:35:00,248.63,248.92,248.63,248.7161,149686
2026-07-22 11:36:00,248.71,248.81,248.3,248.3241,206495
2026-07-22 11:37:00,248.32,248.4817,248.1,248.4399,227698
2026-07-22 11:38:00,248.41,249.0324,248.41,248.788,253181
2026-07-22 11:39:00,248.8675,248.93,248.59,248.91,134672
2026-07-22 11:40:00,248.8665,248.9529,248.51,248.65,142135
2026-07-22 11:41:00,248.66,248.74,248.54,248.7099,86458
2026-07-22 11:42:00,248.74,249.49,248.7201,249.42,212895
2026-07-22 11:43:00,249.4301,249.75,249.1815,249.71,326521
2026-07-22 11:44:00,249.75,249.92,249.3622,249.4338,260501
2026-07-22 11:45:00,249.41,249.41,249.16,249.3852,146099
2026-07-22 11:46:00,249.33,249.77,249.26,249.63,186466
2026-07-22 11:47:00,249.57,249.61,249.3657,249.42,92333
2026-07-22 11:48:00,249.46,249.6396,249.18,249.6396,150281
2026-07-22 11:49:00,249.6,249.74,249.53,249.6296,199182
2026-07-22 11:50:00,249.595,249.79,249.5588,249.58,138450
2026-07-22 11:51:00,249.5972,249.74,249.31,249.5082,182407
2026-07-22 11:52:00,249.5,249.5799,249.06,249.31,146824
2026-07-22 11:53:00,249.3,249.6,249.18,249.52,102762
2026-07-22 11:54:00,249.49,249.64,249.33,249.3301,78041
2026-07-22 11:55:00,249.36,249.43,249.1,249.29,125338
2026-07-22 11:56:00,249.27,249.29,249.0,249.0,128387
2026-07-22 11:57:00,249.0,249.015,248.57,248.8901,249124
2026-07-22 11:58:00,248.8801,249.33,248.88,249.17,179919
2026-07-22 11:59:00,249.1287,249.1987,248.89,248.945,71462
2026-07-22 12:00:00,248.935,249.19,248.6,249.17,192993
2026-07-22 12:01:00,249.15,249.2,248.57,248.71,208346
2026-07-22 12:02:00,248.6962,248.85,248.37,248.6047,188879
2026-07-22 12:03:00,248.59,248.86,248.5305,248.6,86464
2026-07-22 12:04:00,248.612,248.91,248.51,248.725,111414
2026-07-22 12:05:00,248.74,248.82,248.38,248.4248,128402
2026-07-22 12:06:00,248.4268,248.67,248.42,248.658,96572
2026-07-22 12:07:00,248.67,249.04,248.52,248.8688,232654
2026-07-22 12:08:00,248.8999,249.3,248.83,249.2,192664
2026-07-22 12:09:00,249.21,249.2121,248.82,248.865,124875
2026-07-22 12:10:00,248.8965,248.928,248.4404,248.4579,155026
2026-07-22 12:11:00,248.52,248.64,248.43,248.476,131938
2026-07-22 12:12:00,248.45,248.5107,248.22,248.3319,207771
2026-07-22 12:13:00,248.33,248.5,248.18,248.45,157126
2026-07-22 12:14:00,248.465,248.72,248.42,248.495,117831
2026-07-22 12:15:00,248.5268,248.5268,248.24,248.285,109007
2026-07-22 12:16:00,248.285,248.335,247.7,248.0211,344210
2026-07-22 12:17:00,247.93,248.18,247.8,247.94,210408
2026-07-22 12:18:00,247.945,248.14,247.82,247.9099,131531
2026-07-22 12:19:00,247.89,247.89,247.51,247.58,211259
2026-07-22 12:20:00,247.575,247.78,247.5301,247.6234,131328
2026-07-22 12:21:00,247.6414,247.7499,247.44,247.45,122994
2026-07-22 12:22:00,247.4882,247.6,247.2458,247.2899,195776
2026-07-22 12:23:00,247.25,247.4199,246.85,246.928,339287
2026-07-22 12:24:00,246.9,247.13,246.8,247.035,217657
2026-07-22 12:25:00,246.99,247.3499,246.79,246.86,184820
2026-07-22 12:26:00,246.855,247.32,246.5,247.27,352592
2026-07-22 12:27:00,247.245,247.3399,247.1,247.255,159995
2026-07-22 12:28:00,247.26,247.26,246.92,247.03,124703
2026-07-22 12:29:00,247.0,247.26,247.0,247.0155,84536
2026-07-22 12:30:00,247.01,247.01,246.6205,246.8199,206227
2026-07-22 12:31:00,246.795,247.16,246.7501,247.0075,179921
2026-07-22 12:32:00,246.9559,247.27,246.9559,247.26,175502
2026-07-22 12:33:00,247.22,247.41,247.1191,247.354,128434
2026-07-22 12:34:00,247.32,247.38,247.09,247.155,82934
2026-07-22 12:35:00,247.1131,247.4499,247.11,247.38,129072
2026-07-22 12:36:00,247.37,247.45,247.1,247.2101,110816
2026-07-22 12:37:00,247.27,247.3,246.84,246.955,206782
2026-07-22 12:38:00,246.955,247.1599,246.86,246.92,113017
2026-07-22 12:39:00,246.96,247.1,246.8501,247.04,95958
2026-07-22 12:40:00,246.98,247.2,246.8879,247.19,118552
2026-07-22 12:41:00,247.185,247.45,247.07,247.0885,175262
2026-07-22 12:42:00,247.09,247.41,247.01,247.38,114279
2026-07-22 12:43:00,247.35,247.49,247.2801,247.2979,114615
2026-07-22 12:44:00,247.315,247.35,247.0,247.0941,124046
2026-07-22 12:45:00,247.0614,247.1738,246.99,247.1,113497
2026-07-22 12:46:00,247.095,247.2599,247.03,247.2562,84309
2026-07-22 12:47:00,247.19,247.27,247.0389,247.23,91655
2026-07-22 12:48:00,247.2225,247.84,247.18,247.7101,233869
2026-07-22 12:49:00,247.7292,247.79,247.3267,247.48,140874
2026-07-22 12:50:00,247.4986,247.5186,247.2301,247.325,99019
2026-07-22 12:51:00,247.33,247.4,247.0901,247.18,121256
2026-07-22 12:52:00,247.1839,247.1999,246.89,246.91,164866
2026-07-22 12:53:00,246.92,246.9499,246.69,246.9099,203564
2026-07-22 12:54:00,246.886,247.07,246.806,247.03,126140
2026-07-22 12:55:00,247.0499,247.05,246.546,246.55,160841
2026-07-22 12:56:00,246.54,246.6999,246.4,246.6,217415
2026-07-22 12:57:00,246.6,246.63,246.02,246.09,318241
2026-07-22 12:58:00,246.15,246.455,246.04,246.355,173937
2026-07-22 12:59:00,246.3765,246.78,246.35,246.7,190614
2026-07-22 13:00:00,246.65,247.07,246.51,246.9146,221503
2026-07-22 13:01:00,246.935,247.5,246.935,247.29,240401
2026-07-22 13:02:00,247.318,247.5,247.0201,247.1942,150733
2026-07-22 13:03:00,247.184,247.4899,247.1501,247.4899,113267
2026-07-22 13:04:00,247.4701,247.57,247.29,247.36,101863
2026-07-22 13:05:00,247.3365,247.369,246.94,246.96,152516
2026-07-22 13:06:00,246.96,247.26,246.83,247.125,174469
2026-07-22 13:07:00,247.148,247.468,247.02,247.468,115727
2026-07-22 13:08:00,247.44,247.465,247.1407,247.335,128968
2026-07-22 13:09:00,247.358,247.49,247.1901,247.23,104247
2026-07-22 13:10:00,247.225,247.44,247.08,247.17,191425
2026-07-22 13:11:00,247.19,247.3599,246.52,246.52,186973
2026-07-22 13:12:00,246.555,246.79,246.26,246.45,198978
2026-07-22 13:13:00,246.46,247.12,246.46,247.05,232905
2026-07-22 13:14:00,247.03,247.5464,246.96,247.3402,270947
2026-07-22 13:15:00,247.44,247.62,247.24,247.57,154561
2026-07-22 13:16:00,247.565,247.6132,247.25,247.4063,148859
2026-07-22 13:17:00,247.41,247.57,247.1904,247.4,158158
2026-07-22 13:18:00,247.36,247.58,247.3001,247.55,95056
2026-07-22 13:19:00,247.5469,247.6,247.39,247.519,134095
2026-07-22 13:20:00,247.485,247.7299,247.4501,247.53,123514
2026-07-22 13:21:00,247.5054,247.75,247.4867,247.5739,127849
2026-07-22 13:22:00,247.54,247.75,247.5,247.57,128777
2026-07-22 13:23:00,247.55,247.78,247.49,247.5601,88891
2026-07-22 13:24:00,247.585,247.62,247.41,247.48,100094
2026-07-22 13:25:00,247.46,247.7,247.2586,247.6328,159272
2026-07-22 13:26:00,247.7,247.8999,247.5301,247.8905,144323
2026-07-22 13:27:00,247.9,247.93,247.77,247.81,182951
2026-07-22 13:28:00,247.79,247.8184,247.4,247.65,126328
2026-07-22 13:29:00,247.65,247.73,247.35,247.423,105181
2026-07-22 13:30:00,247.4,247.4206,246.9301,247.095,235356
2026-07-22 13:31:00,247.1083,247.47,247.04,247.4548,125844
2026-07-22 13:32:00,247.44,247.73,247.25,247.457,219682
2026-07-22 13:33:00,247.4284,247.4799,247.17,247.3103,72606
2026-07-22 13:34:00,247.285,247.4,247.1,247.1201,120724
2026-07-22 13:35:00,247.1253,247.58,247.1,247.42,98884
2026-07-22 13:36:00,247.44,247.65,247.4287,247.5055,65681
2026-07-22 13:37:00,247.55,247.5699,247.4299,247.435,59206
2026-07-22 13:38:00,247.4599,247.4599,247.0316,247.06,128195
2026-07-22 13:39:00,247.09,247.328,247.05,247.2801,98221
2026-07-22 13:40:00,247.3003,247.5,247.29,247.32,68293
2026-07-22 13:41:00,247.335,247.48,247.05,247.06,134352
2026-07-22 13:42:00,247.05,247.1967,247.05,247.14,65280
2026-07-22 13:43:00,247.17,247.25,247.0201,247.225,82920
2026-07-22 13:44:00,247.22,247.2365,247.09,247.1912,61828
2026-07-22 13:45:00,247.2005,247.41,247.2,247.3525,107795
2026-07-22 13:46:00,247.4,247.7,247.3515,247.525,178638
2026-07-22 13:47:00,247.54,247.6776,247.4501,247.6222,76635
2026-07-22 13:48:00,247.63,247.7395,247.5215,247.6879,91000
2026-07-22 13:49:00,247.7299,247.73,247.53,247.575,75318
2026-07-22 13:50:00,247.55,247.6585,247.21,247.5799,162224
2026-07-22 13:51:00,247.545,247.7,247.22,247.379,164757
2026-07-22 13:52:00,247.3537,247.55,247.121,247.47,127320
2026-07-22 13:53:00,247.47,247.63,247.38,247.5974,62014
2026-07-22 13:54:00,247.64,247.7,247.57,247.64,78816
2026-07-22 13:55:00,247.6175,247.73,247.59,247.69,87073
2026-07-22 13:56:00,247.67,247.89,247.57,247.875,129892
2026-07-22 13:57:00,247.86,247.89,247.7001,247.8539,118129
2026-07-22 13:58:00,247.8356,247.86,247.5,247.5299,87814
2026-07-22 13:59:00,247.515,247.7099,247.5,247.6916,136509
2026-07-22 14:00:00,247.69,247.78,247.53,247.54,79243
2026-07-22 14:01:00,247.5499,247.78,247.41,247.6918,79423
2026-07-22 14:02:00,247.7245,247.7508,247.4001,247.5,112086
2026-07-22 14:03:00,247.5,247.5,247.3,247.35,78731
2026-07-22 14:04:00,247.3771,247.4999,247.25,247.41,101560
2026-07-22 14:05:00,247.41,247.59,247.28,247.59,84783
2026-07-22 14:06:00,247.6,247.768,247.4,247.644,162756
2026-07-22 14:07:00,247.626,247.8299,247.59,247.778,106416
2026-07-22 14:08:00,247.77,248.2,247.72,248.13,215345
2026-07-22 14:09:00,248.14,248.4398,248.1398,248.39,189750
2026-07-22 14:10:00,248.3904,248.44,248.17,248.2601,150742
2026-07-22 14:11:00,248.25,248.27,248.1,248.2348,113437
2026-07-22 14:12:00,248.23,248.49,248.21,248.22,173824
2026-07-22 14:13:00,248.21,248.22,247.91,248.13,156765
2026-07-22 14:14:00,248.1351,248.41,248.11,248.27,134373
2026-07-22 14:15:00,248.26,248.43,248.2094,248.4029,88094
2026-07-22 14:16:00,248.37,248.3999,248.22,248.31,67817
2026-07-22 14:17:00,248.2975,248.3141,247.98,248.04,120613
2026-07-22 14:18:00,248.04,248.1,247.88,248.06,117952
2026-07-22 14:19:00,248.05,248.245,248.03,248.205,125975
2026-07-22 14:20:00,248.23,248.3011,248.1201,248.2746,95336
2026-07-22 14:21:00,248.28,248.28,248.0,248.15,96694
2026-07-22 14:22:00,248.1336,248.28,248.07,248.1418,82533
2026-07-22 14:23:00,248.15,248.24,248.04,248.1299,52696
2026-07-22 14:24:00,248.11,248.16,248.04,248.0931,62686
2026-07-22 14:25:00,248.09,248.09,247.581,247.7233,204633
2026-07-22 14:26:00,247.74,247.8599,247.41,247.79,181222
2026-07-22 14:27:00,247.785,247.825,247.24,247.4945,198643
2026-07-22 14:28:00,247.5404,247.67,247.3502,247.4032,112383
2026-07-22 14:29:00,247.415,247.4399,247.05,247.2699,203707
2026-07-22 14:30:00,247.35,247.42,247.08,247.18,149888
2026-07-22 14:31:00,247.1701,247.63,247.16,247.49,193218
2026-07-22 14:32:00,247.49,247.81,247.34,247.71,142737
2026-07-22 14:33:00,247.6713,247.7324,247.3904,247.5,113371
2026-07-22 14:34:00,247.4641,247.4641,247.2289,247.38,86861
2026-07-22 14:35:00,247.385,247.58,247.3371,247.4701,79431
2026-07-22 14:36:00,247.4798,247.66,247.429,247.4633,75473
2026-07-22 14:37:00,247.455,247.63,247.41,247.5403,82130
2026-07-22 14:38:00,247.51,247.59,247.47,247.48,41170
2026-07-22 14:39:00,247.4801,247.63,247.474,247.615,81317
2026-07-22 14:40:00,247.6,247.6,247.28,247.3963,182749
2026-07-22 14:41:00,247.395,247.62,247.29,247.566,132474
2026-07-22 14:42:00,247.55,247.5999,247.23,247.44,107895
2026-07-22 14:43:00,247.404,247.4599,247.2427,247.31,79241
2026-07-22 14:44:00,247.2999,247.408,247.16,247.2999,99381
2026-07-22 14:45:00,247.31,247.44,247.1807,247.2701,107060
2026-07-22 14:46:00,247.3,247.43,247.1168,247.4,106081
2026-07-22 14:47:00,247.43,247.53,247.2905,247.385,103609
2026-07-22 14:48:00,247.41,247.63,247.32,247.43,154151
2026-07-22 14:49:00,247.4243,247.5262,247.3105,247.466,71603
2026-07-22 14:50:00,247.49,247.65,247.4614,247.5306,115417
2026-07-22 14:51:00,247.52,247.85,247.42,247.825,162155
2026-07-22 14:52:00,247.79,247.9399,247.72,247.85,137654
2026-07-22 14:53:00,247.8374,247.93,247.671,247.916,109117
2026-07-22 14:54:00,247.92,247.94,247.62,247.67,99948
2026-07-22 14:55:00,247.69,247.75,247.55,247.675,85267
2026-07-22 14:56:00,247.6872,247.87,247.6872,247.79,83013
2026-07-22 14:57:00,247.77,247.86,247.7301,247.7475,62917
2026-07-22 14:58:00,247.77,247.77,247.61,247.75,42502
2026-07-22 14:59:00,247.73,248.7,247.71,248.08,199568
2026-07-22 15:00:00,248.1036,248.1036,247.78,247.9327,123894
2026-07-22 15:01:00,247.93,248.09,247.83,248.005,105825
2026-07-22 15:02:00,248.0001,248.0024,247.82,247.8801,117824
2026-07-22 15:03:00,247.93,248.25,247.856,248.2199,167903
2026-07-22 15:04:00,248.2,248.25,248.03,248.09,104313
2026-07-22 15:05:00,248.0709,248.2187,247.96,248.2,95859
2026-07-22 15:06:00,248.14,248.34,248.02,248.2,121436
2026-07-22 15:07:00,248.195,248.21,248.07,248.175,88811
2026-07-22 15:08:00,248.18,248.4,248.09,248.36,118542
2026-07-22 15:09:00,248.34,248.41,248.3,248.37,80352
2026-07-22 15:10:00,248.3899,248.418,248.3001,248.34,97347
2026-07-22 15:11:00,248.3559,248.6295,248.15,248.4975,252527
2026-07-22 15:12:00,248.51,248.74,248.2101,248.71,149529
2026-07-22 15:13:00,248.715,248.85,248.59,248.59,166760
2026-07-22 15:14:00,248.56,248.6235,248.23,248.33,185577
2026-07-22 15:15:00,248.33,248.37,248.18,248.19,117457
2026-07-22 15:16:00,248.2049,248.36,248.05,248.095,117426
2026-07-22 15:17:00,248.06,248.2599,248.04,248.09,127805
2026-07-22 15:18:00,248.08,248.29,248.03,248.2499,117491
2026-07-22 15:19:00,248.2382,248.5,248.2382,248.35,158799
2026-07-22 15:20:00,248.32,248.4099,248.166,248.1881,102770
2026-07-22 15:21:00,248.15,248.56,248.13,248.51,131707
2026-07-22 15:22:00,248.485,248.734,248.485,248.605,153216
2026-07-22 15:23:00,248.63,248.874,248.62,248.7399,213599
2026-07-22 15:24:00,248.7003,248.97,248.6901,248.9163,181232
2026-07-22 15:25:00,248.95,249.18,248.91,249.09,371014
2026-07-22 15:26:00,249.09,249.3,249.04,249.2299,245362
2026-07-22 15:27:00,249.21,249.34,249.14,249.275,197434
2026-07-22 15:28:00,249.25,249.33,249.16,249.2199,192504
2026-07-22 15:29:00,249.24,249.45,249.17,249.37,213847
2026-07-22 15:30:00,249.345,249.4136,248.93,249.0408,309944
2026-07-22 15:31:00,249.04,249.07,248.85,248.96,172913
2026-07-22 15:32:00,248.956,249.0,248.93,248.9993,103403
2026-07-22 15:33:00,248.96,249.0,248.65,248.84,204320
2026-07-22 15:34:00,248.85,248.94,248.66,248.7001,106083
2026-07-22 15:35:00,248.75,248.82,248.4,248.5756,230013
2026-07-22 15:36:00,248.5513,248.69,248.33,248.66,206147
2026-07-22 15:37:00,248.63,248.6366,248.22,248.3799,189068
2026-07-22 15:38:00,248.33,248.35,248.1,248.18,178827
2026-07-22 15:39:00,248.17,248.2199,247.9,247.9928,231832
2026-07-22 15:40:00,247.99,248.13,247.85,247.955,205139
2026-07-22 15:41:00,247.955,248.34,247.87,247.87,300859
2026-07-22 15:42:00,247.89,247.902,247.04,247.135,468120
2026-07-22 15:43:00,247.135,247.35,246.78,247.095,379757
2026-07-22 15:44:00,247.08,247.42,246.995,247.194,230789
2026-07-22 15:45:00,247.2,247.2299,246.97,247.144,227951
2026-07-22 15:46:00,247.1245,247.6,247.1203,247.32,380325
2026-07-22 15:47:00,247.31,247.6,247.3006,247.5767,215924
2026-07-22 15:48:00,247.5566,248.0,247.5566,247.7772,343586
2026-07-22 15:49:00,247.745,248.0,247.7201,247.83,174663
2026-07-22 15:50:00,247.85,248.16,247.81,247.83,277236
2026-07-22 15:51:00,247.85,247.92,247.06,247.25,338297
2026-07-22 15:52:00,247.26,247.78,247.22,247.27,281375
2026-07-22 15:53:00,247.31,247.6,247.1,247.32,224403
2026-07-22 15:54:00,247.3,247.37,246.7,246.75,367591
2026-07-22 15:55:00,246.7699,247.36,246.73,247.2799,344690
2026-07-22 15:56:00,247.27,247.35,247.01,247.186,272063
2026-07-22 15:57:00,247.19,247.26,246.71,246.77,345340
2026-07-22 15:58:00,246.8011,246.98,246.65,246.655,368201
2026-07-22 15:59:00,246.66,246.8399,246.32,246.35,704830
2026-07-23 09:30:00,225.42,225.99,224.2754,224.2801,3265891
2026-07-23 09:31:00,224.3799,225.0,222.3401,222.39,2075922
2026-07-23 09:32:00,222.36,223.155,222.02,222.085,1401958
2026-07-23 09:33:00,222.094,222.29,221.0,221.012,1842332
2026-07-23 09:34:00,221.01,221.9899,221.0,221.5946,917553
2026-07-23 09:35:00,221.59,222.85,221.5,222.5,1082545
2026-07-23 09:36:00,222.53,222.92,222.0,222.42,911994
2026-07-23 09:37:00,222.38,223.22,221.99,223.165,979864
2026-07-23 09:38:00,223.19,223.2416,222.5,222.6889,708400
2026-07-23 09:39:00,222.69,222.88,222.32,222.32,656211
2026-07-23 09:40:00,222.3197,222.61,221.71,222.145,996049
2026-07-23 09:41:00,222.1101,222.26,221.5,221.62,878209
2026-07-23 09:42:00,221.5901,222.34,220.62,220.935,1406937
2026-07-23 09:43:00,220.95,221.0,220.26,220.3228,1080553
2026-07-23 09:44:00,220.28,220.78,220.1,220.16,950575
2026-07-23 09:45:00,220.2,220.5,219.3315,220.055,1830203
2026-07-23 09:46:00,219.94,220.36,219.35,219.915,941648
2026-07-23 09:47:00,219.8401,220.58,219.1501,219.3398,955217
2026-07-23 09:48:00,219.3166,219.6,218.68,219.0196,1074390
2026-07-23 09:49:00,219.01,219.05,218.3772,218.52,952598
2026-07-23 09:50:00,218.52,219.94,218.38,219.4996,1199228
2026-07-23 09:51:00,219.4001,219.4685,218.55,218.6,750617
2026-07-23 09:52:00,218.59,218.99,218.2,218.2,964511
2026-07-23 09:53:00,218.2076,218.2125,217.27,217.64,1358312
2026-07-23 09:54:00,217.6779,217.99,217.34,217.775,803068
2026-07-23 09:55:00,217.79,217.81,217.13,217.3314,894484
2026-07-23 09:56:00,217.331,217.48,216.51,216.6133,1118297
2026-07-23 09:57:00,216.662,216.662,215.56,215.71,1345224
2026-07-23 09:58:00,215.69,216.4999,215.5,215.785,1181160
2026-07-23 09:59:00,215.8,216.0,215.3,215.8899,1194349
2026-07-23 10:00:00,215.89,215.9,214.71,214.7101,1201730
2026-07-23 10:01:00,214.715,216.88,214.7135,216.34,1481124
2026-07-23 10:02:00,216.33,217.4,216.19,216.9361,1021192
2026-07-23 10:03:00,216.93,217.43,216.85,216.915,761128
2026-07-23 10:04:00,216.911,217.39,216.8,216.8,676597
2026-07-23 10:05:00,216.8,217.6,216.147,217.25,1011292
2026-07-23 10:06:00,217.22,217.2699,216.5,217.12,453202
2026-07-23 10:07:00,217.12,217.53,216.77,217.466,429738
2026-07-23 10:08:00,217.44,218.48,217.4301,218.43,1050004
2026-07-23 10:09:00,218.44,218.52,217.36,217.865,660003
2026-07-23 10:10:00,217.865,218.5,216.5,216.64,873860
2026-07-23 10:11:00,216.65,217.39,216.61,217.37,541148
2026-07-23 10:12:00,217.355,217.375,216.88,217.12,443495
2026-07-23 10:13:00,217.13,217.91,216.8,217.725,571018
2026-07-23 10:14:00,217.77,218.37,217.725,217.965,592964
2026-07-23 10:15:00,218.0,218.19,217.68,218.06,528143
2026-07-23 10:16:00,218.065,218.9,218.0,218.722,769234
2026-07-23 10:17:00,218.725,218.77,217.7801,217.8399,592249
2026-07-23 10:18:00,217.8,218.08,217.61,218.02,469048
2026-07-23 10:19:00,218.01,218.01,217.43,217.46,435013
2026-07-23 10:20:00,217.46,217.93,217.41,217.895,343674
2026-07-23 10:21:00,217.93,218.3,217.5101,218.255,405973
2026-07-23 10:22:00,218.255,219.0899,218.1829,218.705,695572
2026-07-23 10:23:00,218.7284,218.77,217.5801,217.6503,554150
2026-07-23 10:24:00,217.675,217.89,216.91,216.911,697451
2026-07-23 10:25:00,216.9395,217.06,216.6,217.0103,663589
2026-07-23 10:26:00,216.974,217.48,216.9301,217.1378,355381
2026-07-23 10:27:00,217.1799,217.5,216.57,217.4876,456625
2026-07-23 10:28:00,217.5,218.16,217.43,217.6,490420
2026-07-23 10:29:00,217.571,217.625,217.0,217.064,334823
2026-07-23 10:30:00,217.06,217.54,216.83,216.851,379941
2026-07-23 10:31:00,216.8607,217.67,216.8501,217.37,335392
2026-07-23 10:32:00,217.36,217.39,216.8,217.1401,376909
2026-07-23 10:33:00,217.1,217.37,216.9,217.36,263048
2026-07-23 10:34:00,217.345,217.6594,216.58,216.62,546213
2026-07-23 10:35:00,216.6204,217.2,216.31,216.65,725428
2026-07-23 10:36:00,216.62,216.8,216.0,216.1831,693303
2026-07-23 10:37:00,216.18,216.32,215.9001,215.94,498024
2026-07-23 10:38:00,215.9511,216.32,215.88,215.995,409007
2026-07-23 10:39:00,215.995,216.1,215.6,215.85,446670
2026-07-23 10:40:00,215.81,216.6,215.73,216.3214,517661
2026-07-23 10:41:00,216.369,216.6,216.16,216.535,290009
2026-07-23 10:42:00,216.6,217.1,216.4529,217.0717,426520
2026-07-23 10:43:00,217.06,217.29,216.91,217.0604,334159
2026-07-23 10:44:00,217.08,217.55,216.735,216.98,476809
2026-07-23 10:45:00,217.01,217.18,216.41,216.44,957854
2026-07-23 10:46:00,216.421,216.5,216.1,216.47,388839
2026-07-23 10:47:00,216.47,217.25,216.3481,217.0001,381883
2026-07-23 10:48:00,217.0207,217.32,216.8701,217.0487,297054
2026-07-23 10:49:00,217.05,217.47,216.75,217.3401,361853
2026-07-23 10:50:00,217.36,217.59,216.7,216.81,417306
2026-07-23 10:51:00,216.84,217.48,216.751,217.2001,298597
2026-07-23 10:52:00,217.218,217.7099,217.0,217.62,375333
2026-07-23 10:53:00,217.555,218.02,217.16,217.67,509440
2026-07-23 10:54:00,217.67,218.34,217.5301,217.8534,472215
2026-07-23 10:55:00,217.8201,218.51,217.7901,218.274,436901
2026-07-23 10:56:00,218.27,218.59,217.86,218.0101,390075
2026-07-23 10:57:00,218.02,218.42,217.8901,218.255,432366
2026-07-23 10:58:00,218.25,218.26,217.6414,217.6999,306488
2026-07-23 10:59:00,217.645,217.65,217.21,217.46,377756
2026-07-23 11:00:00,217.46,217.95,217.38,217.78,356556
2026-07-23 11:01:00,217.78,218.2399,217.7,218.085,354968
2026-07-23 11:02:00,218.085,218.25,217.6,217.64,275655
2026-07-23 11:03:00,217.64,218.15,217.4,218.1,355716
2026-07-23 11:04:00,218.08,218.35,217.5,217.54,392764
2026-07-23 11:05:00,217.525,218.29,217.14,217.96,514363
2026-07-23 11:06:00,217.9363,218.3,217.43,217.5,320653
2026-07-23 11:07:00,217.45,217.91,217.4401,217.7,255745
2026-07-23 11:08:00,217.74,218.09,217.5,217.53,294600
2026-07-23 11:09:00,217.545,217.75,217.4,217.5,319541
2026-07-23 11:10:00,217.475,217.8,217.11,217.5333,350538
2026-07-23 11:11:00,217.555,217.71,217.0,217.6601,383687
2026-07-23 11:12:00,217.71,218.25,217.5001,217.58,454875
2026-07-23 11:13:00,217.57,217.57,217.015,217.31,361011
2026-07-23 11:14:00,217.285,218.2399,217.0,217.5753,359126
2026-07-23 11:15:00,217.58,217.69,217.18,217.185,263708
2026-07-23 11:16:00,217.19,217.58,217.0701,217.4201,303613
2026-07-23 11:17:00,217.43,217.57,217.18,217.305,264323
2026-07-23 11:18:00,217.305,217.89,217.26,217.76,245474
2026-07-23 11:19:00,217.76,218.09,217.62,218.04,275966
2026-07-23 11:20:00,218.04,218.33,217.9501,218.3,378240
2026-07-23 11:21:00,218.285,218.46,218.11,218.24,324585
2026-07-23 11:22:00,218.2524,218.2787,217.5,217.5,398712
2026-07-23 11:23:00,217.53,217.7599,217.13,217.4099,462352
2026-07-23 11:24:00,217.39,217.47,216.97,216.97,393102
2026-07-23 11:25:00,216.97,218.15,216.8,217.78,695426
2026-07-23 11:26:00,217.795,218.2,217.795,217.8408,281982
2026-07-23 11:27:00,217.81,218.06,217.58,218.03,262890
2026-07-23 11:28:00,218.04,218.39,217.9,218.01,299037
2026-07-23 11:29:00,218.0296,218.38,217.8,218.0138,270567
2026-07-23 11:30:00,218.035,219.09,218.0101,218.9605,562344
2026-07-23 11:31:00,218.928,219.21,218.72,218.78,363590
2026-07-23 11:32:00,218.8,219.4,218.37,219.32,410219
2026-07-23 11:33:00,219.26,219.5993,218.7007,219.21,652417
2026-07-23 11:34:00,219.22,219.72,219.16,219.57,487783
2026-07-23 11:35:00,219.561,219.79,219.231,219.79,449494
2026-07-23 11:36:00,219.76,219.79,219.5,219.63,386827
2026-07-23 11:37:00,219.64,219.72,219.5,219.512,283420
2026-07-23 11:38:00,219.525,220.0,219.5,219.8101,598747
2026-07-23 11:39:00,219.81,220.19,219.6201,219.9134,433409
2026-07-23 11:40:00,219.8919,219.9,219.5,219.71,358489
2026-07-23 11:41:00,219.671,219.8,219.12,219.129,347364
2026-07-23 11:42:00,219.125,219.5,218.8,218.8699,452288
2026-07-23 11:43:00,218.831,219.24,218.83,219.025,300859
2026-07-23 11:44:00,219.0247,219.7,218.995,219.69,357693
2026-07-23 11:45:00,219.665,219.8,219.36,219.68,245513
2026-07-23 11:46:00,219.68,219.84,219.56,219.71,253637
2026-07-23 11:47:00,219.71,219.8299,219.5,219.5,217496
2026-07-23 11:48:00,219.5,220.14,219.28,219.9544,437679
2026-07-23 11:49:00,219.93,220.3999,219.6899,219.94,335657
2026-07-23 11:50:00,219.9408,220.01,219.35,219.925,374650
2026-07-23 11:51:00,219.925,220.2,219.77,220.0,317427
2026-07-23 11:52:00,219.9707,220.689,219.9707,220.5,513840
2026-07-23 11:53:00,220.4901,220.76,220.44,220.64,415802
2026-07-23 11:54:00,220.6201,221.14,220.57,220.994,440071
2026-07-23 11:55:00,221.02,221.02,220.75,220.8638,344780
2026-07-23 11:56:00,220.85,220.98,220.54,220.7601,338459
2026-07-23 11:57:00,220.775,221.11,220.74,221.0665,353009
2026-07-23 11:58:00,221.05,221.28,220.7,220.8659,382561
2026-07-23 11:59:00,220.86,220.9787,220.54,220.5499,630968
2026-07-23 12:00:00,220.5409,220.94,220.45,220.746,246695
2026-07-23 12:01:00,220.76,221.11,220.54,220.78,331895
2026-07-23 12:02:00,220.8,221.76,220.76,221.64,506919
2026-07-23 12:03:00,221.61,221.67,221.16,221.3785,340751
2026-07-23 12:04:00,221.35,221.76,221.35,221.71,416287
2026-07-23 12:05:00,221.6901,221.76,221.43,221.46,299654
2026-07-23 12:06:00,221.44,221.58,221.2,221.365,319478
2026-07-23 12:07:00,221.34,221.4853,220.63,220.72,393455
2026-07-23 12:08:00,220.75,220.85,220.2,220.63,578772
2026-07-23 12:09:00,220.63,221.01,220.5401,220.85,310521
2026-07-23 12:10:00,220.84,220.84,220.28,220.3793,269334
2026-07-23 12:11:00,220.39,221.324,220.28,221.111,358977
2026-07-23 12:12:00,221.164,221.31,221.0001,221.19,266588
2026-07-23 12:13:00,221.22,221.24,221.0,221.0401,177868
2026-07-23 12:14:00,221.0826,221.75,220.9701,221.6,426112
2026-07-23 12:15:00,221.5936,222.0,221.5801,221.8815,477487
2026-07-23 12:16:00,221.89,222.1995,221.56,221.65,451905
2026-07-23 12:17:00,221.6101,221.97,221.551,221.655,247794
2026-07-23 12:18:00,221.65,221.7199,221.3,221.6785,312354
2026-07-23 12:19:00,221.66,221.78,221.26,221.6572,214933
2026-07-23 12:20:00,221.6401,221.92,221.425,221.62,267467
2026-07-23 12:21:00,221.615,221.92,221.47,221.8601,243476
2026-07-23 12:22:00,221.885,222.49,221.815,222.3001,383979
2026-07-23 12:23:00,222.33,222.64,222.18,222.425,407463
2026-07-23 12:24:00,222.41,222.41,222.0,222.2,364685
2026-07-23 12:25:00,222.185,222.5,222.0,222.0157,344803
2026-07-23 12:26:00,222.035,222.2897,221.0,221.9,293116
2026-07-23 12:27:00,221.88,221.9,221.38,221.688,269835
2026-07-23 12:28:00,221.685,222.0099,221.35,221.375,289744
2026-07-23 12:29:00,221.3501,221.4,221.12,221.2615,255395
2026-07-23 12:30:00,221.27,221.6,221.1,221.57,205491
2026-07-23 12:31:00,221.5705,221.9,220.8101,220.9845,322977
2026-07-23 12:32:00,220.9964,221.03,220.1901,220.46,348465
2026-07-23 12:33:00,220.43,220.68,220.18,220.58,338607
2026-07-23 12:34:00,220.6136,221.16,220.55,221.0,317301
2026-07-23 12:35:00,220.9499,221.32,220.9498,221.154,198608
2026-07-23 12:36:00,221.137,221.66,221.13,221.461,212759
2026-07-23 12:37:00,221.461,221.55,220.9801,221.056,213814
2026-07-23 12:38:00,221.06,221.18,220.42,220.6258,282082
2026-07-23 12:39:00,220.62,221.02,220.5139,220.95,162337
2026-07-23 12:40:00,220.96,220.96,220.6,220.665,144135
2026-07-23 12:41:00,220.635,220.67,220.24,220.2601,258259
2026-07-23 12:42:00,220.27,220.5399,220.16,220.1894,292480
2026-07-23 12:43:00,220.195,220.7331,220.16,220.5,208450
2026-07-23 12:44:00,220.52,220.753,220.261,220.265,162373
2026-07-23 12:45:00,220.28,220.39,220.16,220.2121,179766
2026-07-23 12:46:00,220.27,221.1,220.27,221.02,325037
2026-07-23 12:47:00,221.02,221.33,220.92,221.18,249250
2026-07-23 12:48:00,221.15,221.4599,221.1301,221.3901,163665
2026-07-23 12:49:00,221.42,221.46,221.2101,221.43,159707
2026-07-23 12:50:00,221.4102,221.46,221.05,221.2401,140670
2026-07-23 12:51:00,221.3,221.37,220.75,221.0201,258167
2026-07-23 12:52:00,221.06,221.06,220.52,220.5823,174178
2026-07-23 12:53:00,220.5201,220.85,220.2,220.84,274411
2026-07-23 12:54:00,220.83,221.1,220.75,220.84,214460
2026-07-23 12:55:00,220.84,221.36,220.8359,221.135,164349
2026-07-23 12:56:00,221.16,221.29,221.0301,221.185,157731
2026-07-23 12:57:00,221.16,221.27,221.1,221.1247,104668
2026-07-23 12:58:00,221.1201,221.2,220.58,220.64,160679
2026-07-23 12:59:00,220.66,220.75,220.5,220.5394,163074
2026-07-23 13:00:00,220.51,221.07,220.51,220.82,274093
2026-07-23 13:01:00,220.85,221.05,220.3001,220.44,238010
2026-07-23 13:02:00,220.46,220.57,220.25,220.45,212779
2026-07-23 13:03:00,220.43,220.4599,219.81,219.8239,415727
2026-07-23 13:04:00,219.85,220.2482,219.72,219.77,350710
2026-07-23 13:05:00,219.79,220.48,219.786,220.48,343312
2026-07-23 13:06:00,220.4079,220.7499,220.23,220.7372,237941
2026-07-23 13:07:00,220.74,221.0,220.53,220.62,179405
2026-07-23 13:08:00,220.5601,220.8,220.541,220.575,162477
2026-07-23 13:09:00,220.57,220.865,220.52,220.8,390775
2026-07-23 13:10:00,220.7845,221.01,220.61,220.8601,192582
2026-07-23 13:11:00,220.855,221.0,220.58,220.71,195459
2026-07-23 13:12:00,220.671,220.695,220.25,220.27,183950
2026-07-23 13:13:00,220.32,220.38,220.0402,220.2552,239019
2026-07-23 13:14:00,220.2931,220.8199,220.23,220.691,296485
2026-07-23 13:15:00,220.7,221.15,220.66,221.1459,279998
2026-07-23 13:16:00,221.13,221.61,221.0299,221.4601,396849
2026-07-23 13:17:00,221.4236,221.56,221.2,221.545,188851
2026-07-23 13:18:00,221.5201,221.67,221.25,221.2501,209664
2026-07-23 13:19:00,221.26,221.5399,221.24,221.4473,188146
2026-07-23 13:20:00,221.445,221.74,221.3701,221.6099,218673
2026-07-23 13:21:00,221.59,221.75,221.51,221.655,141926
2026-07-23 13:22:00,221.655,221.74,221.34,221.415,180170
2026-07-23 13:23:00,221.415,221.42,221.13,221.255,191557
2026-07-23 13:24:00,221.255,221.29,221.02,221.2181,161338
2026-07-23 13:25:00,221.2044,221.2044,220.84,220.9708,177457
2026-07-23 13:26:00,220.94,221.12,220.9,220.94,155930
2026-07-23 13:27:00,220.96,220.9674,220.75,220.83,148907
2026-07-23 13:28:00,220.82,220.91,220.75,220.7964,138390
2026-07-23 13:29:00,220.8333,220.9937,220.75,220.77,168201
2026-07-23 13:30:00,220.78,221.15,220.75,221.035,201459
2026-07-23 13:31:00,221.02,221.6,221.0,221.35,270916
2026-07-23 13:32:00,221.3513,221.38,221.0,221.11,177478
2026-07-23 13:33:00,221.08,221.2,220.8001,220.95,212560
2026-07-23 13:34:00,220.945,221.2136,220.945,221.0401,129749
2026-07-23 13:35:00,221.03,221.2,220.93,221.1548,182956
2026-07-23 13:36:00,221.11,221.1406,220.41,220.6481,291888
2026-07-23 13:37:00,220.6,220.75,220.405,220.74,167906
2026-07-23 13:38:00,220.7493,220.9158,220.64,220.8701,168980
2026-07-23 13:39:00,220.895,221.07,220.58,220.7448,173506
2026-07-23 13:40:00,220.671,220.99,220.671,220.92,144979
2026-07-23 13:41:00,220.93,221.1,220.76,220.96,146763
2026-07-23 13:42:00,220.99,221.1593,220.6488,220.65,179399
2026-07-23 13:43:00,220.64,220.85,220.63,220.7722,99834
2026-07-23 13:44:00,220.75,220.86,220.6201,220.745,128042
2026-07-23 13:45:00,220.73,221.09,220.7,220.885,170488
2026-07-23 13:46:00,220.884,221.07,220.6967,220.6967,165870
2026-07-23 13:47:00,220.67,220.72,220.36,220.405,196377
2026-07-23 13:48:00,220.39,220.45,220.25,220.32,145238
2026-07-23 13:49:00,220.32,220.78,220.31,220.6909,192205
2026-07-23 13:50:00,220.725,220.7662,220.52,220.7002,111252
2026-07-23 13:51:00,220.6804,220.75,220.5,220.5108,76593
2026-07-23 13:52:00,220.5193,220.6097,220.3278,220.39,111732
2026-07-23 13:53:00,220.3648,220.68,220.3648,220.48,173967
2026-07-23 13:54:00,220.4701,220.6643,220.0,220.0,185078
2026-07-23 13:55:00,220.0,220.08,219.73,219.8101,294126
2026-07-23 13:56:00,219.825,219.9439,219.5148,219.5148,237156
2026-07-23 13:57:00,219.525,219.6366,219.2401,219.5292,259987
2026-07-23 13:58:00,219.5399,219.5699,219.16,219.2501,206247
2026-07-23 13:59:00,219.2501,219.47,219.2,219.3497,164573
2026-07-23 14:00:00,219.35,219.4,219.05,219.2118,291087
2026-07-23 14:01:00,219.215,219.42,219.0663,219.3001,207221
2026-07-23 14:02:00,219.3001,219.4,219.05,219.07,197908
2026-07-23 14:03:00,219.08,219.16,218.5,218.505,459710
2026-07-23 14:04:00,218.505,218.71,218.3,218.6508,351070
2026-07-23 14:05:00,218.66,218.75,218.37,218.37,204862
2026-07-23 14:06:00,218.361,219.14,218.36,219.0065,297760
2026-07-23 14:07:00,219.01,219.35,218.865,218.865,254489
2026-07-23 14:08:00,218.865,219.0467,218.82,218.9784,146888
2026-07-23 14:09:00,218.975,219.27,218.87,219.095,149104
2026-07-23 14:10:00,219.1199,219.35,219.0801,219.17,129325
2026-07-23 14:11:00,219.145,219.3145,219.05,219.14,160624
2026-07-23 14:12:00,219.1299,219.28,219.0,219.216,150053
2026-07-23 14:13:00,219.22,219.49,219.2152,219.32,209985
2026-07-23 14:14:00,219.33,220.12,219.31,219.84,310135
2026-07-23 14:15:00,219.8501,219.97,219.69,219.8648,182588
2026-07-23 14:16:00,219.8224,220.07,219.8224,220.02,159087
2026-07-23 14:17:00,220.02,220.0225,219.7801,219.87,170089
2026-07-23 14:18:00,219.87,219.9399,219.72,219.78,126037
2026-07-23 14:19:00,219.79,220.0,219.7,219.92,159102
2026-07-23 14:20:00,219.9,220.04,219.205,219.2249,274724
2026-07-23 14:21:00,219.24,219.52,219.05,219.52,213999
2026-07-23 14:22:00,219.47,219.5499,219.17,219.28,131094
2026-07-23 14:23:00,219.3,219.61,219.249,219.485,134762
2026-07-23 14:24:00,219.485,219.83,219.4,219.7754,201250
2026-07-23 14:25:00,219.765,220.26,219.74,220.24,242381
2026-07-23 14:26:00,220.1801,220.26,219.9101,219.941,140173
2026-07-23 14:27:00,219.96,220.07,219.8781,219.93,121930
2026-07-23 14:28:00,219.93,220.19,219.9299,220.03,106533
2026-07-23 14:29:00,220.0154,220.04,219.801,219.885,106841
2026-07-23 14:30:00,219.88,220.12,219.87,219.9226,138310
2026-07-23 14:31:00,219.95,220.03,219.8,219.8301,101795
2026-07-23 14:32:00,219.85,219.98,219.83,219.9623,95571
2026-07-23 14:33:00,219.955,220.05,219.81,219.89,121538
2026-07-23 14:34:00,219.8777,219.9399,219.4,219.405,153021
2026-07-23 14:35:00,219.4,219.55,219.2501,219.505,191349
2026-07-23 14:36:00,219.4801,219.49,219.15,219.2733,188552
2026-07-23 14:37:00,219.2726,219.42,219.21,219.405,146533
2026-07-23 14:38:00,219.3901,219.98,219.3901,219.97,231601
2026-07-23 14:39:00,219.9758,220.248,219.9001,220.0966,199397
2026-07-23 14:40:00,220.08,220.42,220.03,220.39,189052
2026-07-23 14:41:00,220.35,220.6399,220.35,220.426,211589
2026-07-23 14:42:00,220.41,220.48,220.12,220.2301,192158
2026-07-23 14:43:00,220.24,220.34,220.0,220.31,178273
2026-07-23 14:44:00,220.32,220.32,219.93,219.98,145600
2026-07-23 14:45:00,219.9401,220.3,219.72,219.7401,221801
2026-07-23 14:46:00,219.76,219.96,219.4601,219.78,202483
2026-07-23 14:47:00,219.765,219.89,219.64,219.7601,98823
2026-07-23 14:48:00,219.7688,219.8021,219.26,219.286,195333
2026-07-23 14:49:00,219.275,219.64,219.2701,219.49,148830
2026-07-23 14:50:00,219.47,219.5399,219.3201,219.4165,144702
2026-07-23 14:51:00,219.435,219.51,219.3,219.33,107755
2026-07-23 14:52:00,219.326,219.5,219.21,219.216,146282
2026-07-23 14:53:00,219.216,219.38,219.11,219.222,140714
2026-07-23 14:54:00,219.225,219.27,218.881,218.9085,197981
2026-07-23 14:55:00,218.9,219.69,218.87,219.445,278679
2026-07-23 14:56:00,219.4572,219.63,219.29,219.4747,163842
2026-07-23 14:57:00,219.52,219.717,219.47,219.6414,137054
2026-07-23 14:58:00,219.66,219.73,219.5301,219.65,117893
2026-07-23 14:59:00,219.65,221.25,219.5591,219.704,149803
2026-07-23 15:00:00,219.67,219.83,219.2835,219.3,232884
2026-07-23 15:01:00,219.312,219.32,218.7701,218.84,262148
2026-07-23 15:02:00,218.89,219.49,218.82,219.03,286408
2026-07-23 15:03:00,219.05,219.08,218.74,218.76,144495
2026-07-23 15:04:00,218.74,218.9895,218.47,218.95,253538
2026-07-23 15:05:00,218.956,219.34,218.87,219.14,202439
2026-07-23 15:06:00,219.14,219.4,219.0306,219.122,174273
2026-07-23 15:07:00,219.125,219.189,218.87,219.0785,117812
2026-07-23 15:08:00,219.08,219.11,218.714,218.77,121721
2026-07-23 15:09:00,218.81,218.84,218.56,218.71,197608
2026-07-23 15:10:00,218.691,218.78,218.39,218.41,229633
2026-07-23 15:11:00,218.41,218.46,218.26,218.2901,171407
2026-07-23 15:12:00,218.32,218.37,218.1,218.26,249967
2026-07-23 15:13:00,218.265,218.38,218.14,218.3391,183251
2026-07-23 15:14:00,218.32,218.5,218.1701,218.335,210646
2026-07-23 15:15:00,218.32,218.52,218.1901,218.5049,162046
2026-07-23 15:16:00,218.505,218.93,218.3761,218.53,251479
2026-07-23 15:17:00,218.5501,218.6705,218.53,218.542,114379
2026-07-23 15:18:00,218.544,218.74,218.15,218.17,219914
2026-07-23 15:19:00,218.16,218.2799,218.12,218.25,168639
2026-07-23 15:20:00,218.24,218.6511,218.24,218.38,254010
2026-07-23 15:21:00,218.3701,218.4154,218.181,218.221,141519
2026-07-23 15:22:00,218.24,218.33,218.09,218.2599,203771
2026-07-23 15:23:00,218.26,218.43,218.23,218.2801,154526
2026-07-23 15:24:00,218.2839,218.55,218.2801,218.3757,173315
2026-07-23 15:25:00,218.39,218.62,218.16,218.2297,189906
2026-07-23 15:26:00,218.225,218.52,218.15,218.3601,158104
2026-07-23 15:27:00,218.38,218.38,218.09,218.105,177413
2026-07-23 15:28:00,218.105,218.15,218.0,218.01,311937
2026-07-23 15:29:00,218.01,218.1,217.77,217.79,323433
2026-07-23 15:30:00,217.79,218.01,217.34,217.4,339494
2026-07-23 15:31:00,217.39,217.39,217.1,217.11,260197
2026-07-23 15:32:00,217.11,217.75,217.09,217.426,410334
2026-07-23 15:33:00,217.4351,217.44,217.0,217.1602,336450
2026-07-23 15:34:00,217.2,217.85,217.06,217.755,314046
2026-07-23 15:35:00,217.74,222.8372,217.38,218.0,253998
2026-07-23 15:36:00,218.01,218.2,217.8501,218.01,188134
2026-07-23 15:37:00,218.02,218.46,218.0001,218.43,212577
2026-07-23 15:38:00,218.438,218.47,218.2101,218.425,151458
2026-07-23 15:39:00,218.45,218.45,218.265,218.33,138816
2026-07-23 15:40:00,218.3001,218.84,218.13,218.82,1269891
2026-07-23 15:41:00,218.838,218.92,218.545,218.6001,222641
2026-07-23 15:42:00,218.64,219.04,218.4,218.7601,350092
2026-07-23 15:43:00,218.79,219.2,218.765,219.19,243580
2026-07-23 15:44:00,219.18,219.22,218.54,218.61,236310
2026-07-23 15:45:00,218.635,218.97,218.225,218.51,282527
2026-07-23 15:46:00,218.52,218.56,217.81,217.8501,293007
2026-07-23 15:47:00,217.87,218.0,217.58,217.92,281627
2026-07-23 15:48:00,217.873,218.09,217.7801,218.03,217135
2026-07-23 15:49:00,218.03,218.13,217.56,217.655,228776
2026-07-23 15:50:00,217.67,217.72,216.55,216.555,710920
2026-07-23 15:51:00,216.56,217.19,216.41,216.68,488761
2026-07-23 15:52:00,216.66,216.67,216.175,216.21,636780
2026-07-23 15:53:00,216.23,216.4997,216.02,216.4006,481511
2026-07-23 15:54:00,216.405,216.6,216.05,216.12,419083
2026-07-23 15:55:00,216.14,217.2,216.1,216.7151,610521
2026-07-23 15:56:00,216.71,217.0,216.4309,216.975,361569
2026-07-23 15:57:00,216.975,217.0,216.61,216.696,377823
2026-07-23 15:58:00,216.705,216.82,216.63,216.715,420960
2026-07-23 15:59:00,216.7,216.88,215.48,215.5,1754706
2026-07-24 09:30:00,216.8,218.73,216.231,218.5167,1438050
2026-07-24 09:31:00,218.515,219.23,217.2,219.155,748978
2026-07-24 09:32:00,219.1,219.95,218.6101,219.6601,905341
2026-07-24 09:33:00,219.74,219.9,218.11,219.205,617379
2026-07-24 09:34:00,219.17,220.94,218.33,220.5866,871289
2026-07-24 09:35:00,220.5319,220.85,218.7001,219.9786,893951
2026-07-24 09:36:00,219.935,220.59,219.3054,219.74,566994
2026-07-24 09:37:00,219.69,220.8499,219.21,220.7805,632011
2026-07-24 09:38:00,220.78,221.71,220.66,221.65,941105
2026-07-24 09:39:00,221.65,222.5,221.58,222.01,1111513
2026-07-24 09:40:00,222.02,223.1343,221.235,222.73,981572
2026-07-24 09:41:00,222.7434,223.28,222.2201,223.03,688767
2026-07-24 09:42:00,223.08,223.44,222.26,222.82,727599
2026-07-24 09:43:00,222.79,223.1999,221.78,222.01,693781
2026-07-24 09:44:00,222.004,222.09,221.21,221.41,675660
2026-07-24 09:45:00,221.405,222.87,221.3,222.22,676297
2026-07-24 09:46:00,222.26,222.8599,221.25,221.32,540519
2026-07-24 09:47:00,221.4,221.426,220.75,221.1783,538693
2026-07-24 09:48:00,221.18,221.28,220.5,220.6081,477153
2026-07-24 09:49:00,220.6062,221.5,220.2,221.4152,691899
2026-07-24 09:50:00,221.424,222.93,221.2,222.075,768617
2026-07-24 09:51:00,222.07,222.82,221.715,222.66,432102
2026-07-24 09:52:00,222.67,222.78,221.921,222.11,422335
2026-07-24 09:53:00,222.0601,222.5,221.7,222.23,378823
2026-07-24 09:54:00,222.24,222.5699,221.92,221.9802,448641
2026-07-24 09:55:00,222.0,222.14,220.53,220.7271,601873
2026-07-24 09:56:00,220.78,220.78,220.25,220.295,438399
2026-07-24 09:57:00,220.3063,220.51,219.39,219.4401,771624
2026-07-24 09:58:00,219.425,219.57,218.35,218.5824,767655
2026-07-24 09:59:00,218.54,219.8499,218.24,219.7088,708697
2026-07-24 10:00:00,219.745,219.7947,218.81,219.0881,439642
2026-07-24 10:01:00,219.0,220.7599,218.8001,220.41,589648
2026-07-24 10:02:00,220.4,220.8,219.2001,219.6244,457084
2026-07-24 10:03:00,219.63,220.16,219.02,220.1,406207
2026-07-24 10:04:00,220.09,220.46,219.3,219.47,414215
2026-07-24 10:05:00,219.42,220.88,219.18,220.43,529405
2026-07-24 10:06:00,220.36,220.4199,219.57,220.084,316333
2026-07-24 10:07:00,220.06,220.35,219.63,220.1434,299806
2026-07-24 10:08:00,220.1001,220.145,219.215,219.243,277198
2026-07-24 10:09:00,219.2092,219.33,217.65,218.7199,904319
2026-07-24 10:10:00,218.78,219.56,218.46,218.7001,492649
2026-07-24 10:11:00,218.73,218.97,217.73,217.8201,565512
2026-07-24 10:12:00,217.83,218.21,217.42,217.4622,451416
2026-07-24 10:13:00,217.44,217.973,217.36,217.49,386704
2026-07-24 10:14:00,217.49,218.38,217.22,218.38,495778
2026-07-24 10:15:00,218.37,220.25,218.33,219.86,531045
2026-07-24 10:16:00,219.781,220.37,219.53,220.16,357581
2026-07-24 10:17:00,220.13,221.58,220.0905,221.21,582949
2026-07-24 10:18:00,221.2,221.9,220.77,220.845,488928
2026-07-24 10:19:00,220.81,221.9,220.71,221.51,399462
2026-07-24 10:20:00,221.46,221.46,220.5101,220.605,317196
2026-07-24 10:21:00,220.58,221.37,220.34,221.0068,407811
2026-07-24 10:22:00,221.04,221.51,220.7101,220.7624,319147
2026-07-24 10:23:00,220.76,221.99,220.74,221.85,332513
2026-07-24 10:24:00,221.8421,222.49,221.7,222.37,570734
2026-07-24 10:25:00,222.39,222.77,222.15,222.6901,510026
2026-07-24 10:26:00,222.7,222.76,222.0608,222.47,322372
2026-07-24 10:27:00,222.45,223.0,222.42,222.95,450947
2026-07-24 10:28:00,222.9694,223.54,222.73,223.4389,640719
2026-07-24 10:29:00,223.4,224.41,223.12,224.36,680775
2026-07-24 10:30:00,224.36,224.78,223.74,224.7301,503451
2026-07-24 10:31:00,224.76,224.98,223.51,223.62,572045
2026-07-24 10:32:00,223.575,224.93,223.52,224.2999,483108
2026-07-24 10:33:00,224.231,224.41,222.43,222.4302,467679
2026-07-24 10:34:00,222.43,223.67,222.4,223.4512,383046
2026-07-24 10:35:00,223.47,223.72,222.6959,223.0,307630
2026-07-24 10:36:00,223.0,224.1,222.7901,224.07,353625
2026-07-24 10:37:00,224.07,224.0999,223.4679,223.555,307543
2026-07-24 10:38:00,223.585,224.0,223.5,223.9915,261549
2026-07-24 10:39:00,223.97,224.0,223.4001,223.8399,218961
2026-07-24 10:40:00,223.751,224.4,223.22,224.23,408758
2026-07-24 10:41:00,224.2201,224.6899,224.2201,224.3702,356572
2026-07-24 10:42:00,224.398,224.6448,223.66,224.42,366503
2026-07-24 10:43:00,224.3969,224.94,224.1401,224.875,352388
2026-07-24 10:44:00,224.89,224.99,224.45,224.5501,304563
2026-07-24 10:45:00,224.5842,224.9,224.5,224.7099,235122
2026-07-24 10:46:00,224.69,224.8699,223.8201,223.84,284437
2026-07-24 10:47:00,223.8725,224.24,223.23,224.1528,380520
2026-07-24 10:48:00,224.19,224.23,223.31,223.62,218606
2026-07-24 10:49:00,223.64,224.19,223.5,224.145,207709
2026-07-24 10:50:00,224.11,224.2699,223.6701,223.7484,251822
2026-07-24 10:51:00,223.705,223.968,223.5501,223.675,171739
2026-07-24 10:52:00,223.675,224.47,223.6487,224.4651,220873
2026-07-24 10:53:00,224.42,224.74,224.25,224.59,296390
2026-07-24 10:54:00,224.46,224.61,223.8425,223.98,251528
2026-07-24 10:55:00,223.91,223.99,223.3101,223.7586,227097
2026-07-24 10:56:00,223.7639,224.38,223.516,224.02,220682
2026-07-24 10:57:00,224.04,224.2397,223.73,224.08,207931
2026-07-24 10:58:00,224.0501,224.2199,223.8,224.1203,174513
2026-07-24 10:59:00,224.138,224.19,223.69,223.94,166216
2026-07-24 11:00:00,223.93,223.93,223.31,223.4403,225319
2026-07-24 11:01:00,223.4,223.73,222.71,222.8823,307662
2026-07-24 11:02:00,222.8899,223.0,222.5201,222.76,264358
2026-07-24 11:03:00,222.72,223.25,222.44,223.0005,259153
2026-07-24 11:04:00,223.03,223.36,222.87,223.04,179627
2026-07-24 11:05:00,223.0001,223.38,223.0001,223.26,147820
2026-07-24 11:06:00,223.25,223.5899,223.0275,223.2531,160372
2026-07-24 11:07:00,223.33,223.97,223.15,223.86,207337
2026-07-24 11:08:00,223.86,223.96,223.51,223.6314,135211
2026-07-24 11:09:00,223.63,223.9138,223.51,223.763,122899
2026-07-24 11:10:00,223.7762,223.85,223.0401,223.545,191285
2026-07-24 11:11:00,223.5,223.95,223.2378,223.9025,140566
2026-07-24 11:12:00,223.91,224.1,223.65,223.98,180453
2026-07-24 11:13:00,223.9639,224.0,223.65,223.78,136505
2026-07-24 11:14:00,223.79,223.8,223.05,223.3401,246368
2026-07-24 11:15:00,223.39,223.65,223.17,223.5627,128765
2026-07-24 11:16:00,223.53,223.53,222.97,223.11,176352
2026-07-24 11:17:00,223.175,223.84,223.1001,223.23,180773
2026-07-24 11:18:00,223.225,223.85,223.15,223.27,233958
2026-07-24 11:19:00,223.28,223.44,222.5448,222.5448,261403
2026-07-24 11:20:00,222.5301,222.6468,222.12,222.14,253449
2026-07-24 11:21:00,222.14,222.14,221.66,221.9999,313271
2026-07-24 11:22:00,221.97,222.55,221.9478,222.3206,182834
2026-07-24 11:23:00,222.32,222.4,222.0901,222.115,138166
2026-07-24 11:24:00,222.09,222.67,221.951,222.59,232895
2026-07-24 11:25:00,222.59,222.7397,222.2833,222.39,147296
2026-07-24 11:26:00,222.3824,222.4522,221.91,221.95,183800
2026-07-24 11:27:00,222.0299,222.3,221.8501,222.02,129927
2026-07-24 11:28:00,222.0,222.49,221.85,222.2401,168100
2026-07-24 11:29:00,222.29,222.83,222.27,222.6001,161380
2026-07-24 11:30:00,222.69,223.0399,222.5601,222.64,184482
2026-07-24 11:31:00,222.66,223.24,222.24,222.885,258620
2026-07-24 11:32:00,222.91,223.33,222.83,223.3101,186975
2026-07-24 11:33:00,223.3184,223.58,223.16,223.5399,155271
2026-07-24 11:34:00,223.54,223.64,222.9651,222.99,181699
2026-07-24 11:35:00,222.99,223.2,222.8201,223.194,150915
2026-07-24 11:36:00,223.204,223.47,222.941,223.04,139480
2026-07-24 11:37:00,223.05,223.1183,222.4404,222.45,173769
2026-07-24 11:38:00,222.446,222.92,222.2501,222.915,142371
2026-07-24 11:39:00,222.94,223.06,222.75,223.0348,130317
2026-07-24 11:40:00,223.04,223.04,222.751,222.9,76793
2026-07-24 11:41:00,222.9,222.905,222.35,222.3801,135453
2026-07-24 11:42:00,222.37,222.44,221.7,221.96,237546
2026-07-24 11:43:00,221.971,222.29,221.75,221.9989,170016
2026-07-24 11:44:00,221.9201,222.49,221.8201,222.4501,127570
2026-07-24 11:45:00,222.4925,222.66,221.82,222.05,139162
2026-07-24 11:46:00,222.03,222.28,221.83,221.99,129361
2026-07-24 11:47:00,222.01,222.34,221.77,222.139,185300
2026-07-24 11:48:00,222.18,222.2899,221.75,221.7706,169288
2026-07-24 11:49:00,221.7621,222.13,221.5,221.6286,171378
2026-07-24 11:50:00,221.63,222.38,221.57,222.2704,212481
2026-07-24 11:51:00,222.27,222.53,222.14,222.31,141191
2026-07-24 11:52:00,222.31,222.7453,222.31,222.4683,153287
2026-07-24 11:53:00,222.43,222.6,222.1901,222.53,120123
2026-07-24 11:54:00,222.4801,222.69,222.13,222.16,121035
2026-07-24 11:55:00,222.173,222.27,221.79,221.8853,175122
2026-07-24 11:56:00,221.8647,222.4689,221.7,222.375,141113
2026-07-24 11:57:00,222.35,222.47,222.2504,222.3781,101013
2026-07-24 11:58:00,222.37,222.5896,222.23,222.5516,119349
2026-07-24 11:59:00,222.55,222.9899,222.5184,222.975,162347
2026-07-24 12:00:00,222.95,223.18,222.7245,222.7999,175082
2026-07-24 12:01:00,222.7746,222.84,222.45,222.635,163744
2026-07-24 12:02:00,222.6,222.7582,222.406,222.6837,118408
2026-07-24 12:03:00,222.705,222.94,222.62,222.8146,95199
2026-07-24 12:04:00,222.79,222.93,222.5301,222.6518,112754
2026-07-24 12:05:00,222.6262,222.91,222.4501,222.49,94177
2026-07-24 12:06:00,222.52,222.53,222.05,222.2599,118677
2026-07-24 12:07:00,222.2201,222.3425,222.1,222.2,79415
2026-07-24 12:08:00,222.225,222.3894,222.1601,222.28,73864
2026-07-24 12:09:00,222.28,223.1532,222.15,223.1231,197165
2026-07-24 12:10:00,223.145,223.45,222.981,223.235,199937
2026-07-24 12:11:00,223.225,223.51,219.89,223.0401,179828
2026-07-24 12:12:00,223.08,223.3796,222.83,222.8414,127007
2026-07-24 12:13:00,222.875,223.471,222.8014,223.2231,167466
2026-07-24 12:14:00,223.23,223.68,223.0401,223.66,156628
2026-07-24 12:15:00,223.601,223.99,220.06,223.97,197858
2026-07-24 12:16:00,223.98,224.05,223.64,223.65,223861
2026-07-24 12:17:00,223.6401,223.89,223.35,223.8895,138828
2026-07-24 12:18:00,223.87,223.97,223.56,223.85,113487
2026-07-24 12:19:00,223.82,223.99,223.7243,223.9304,107956
2026-07-24 12:20:00,223.9481,223.9899,223.7209,223.92,96509
2026-07-24 12:21:00,223.9399,223.99,223.62,223.79,107464
2026-07-24 12:22:00,223.79,224.12,223.73,224.095,193511
2026-07-24 12:23:00,224.1,224.23,224.03,224.1,171570
2026-07-24 12:24:00,224.165,224.23,223.915,223.915,121669
2026-07-24 12:25:00,223.92,223.96,223.73,223.8,155193
2026-07-24 12:26:00,223.83,224.1199,223.7401,223.7899,101108
2026-07-24 12:27:00,223.79,223.86,223.6,223.76,118478
2026-07-24 12:28:00,223.759,223.82,223.5,223.66,130827
2026-07-24 12:29:00,223.68,223.83,223.57,223.58,101120
2026-07-24 12:30:00,223.58,223.97,223.5,223.7903,134686
2026-07-24 12:31:00,223.7801,224.18,223.66,224.1394,113279
2026-07-24 12:32:00,224.1402,224.83,224.1001,224.76,334138
2026-07-24 12:33:00,224.74,225.0,224.5,224.64,257664
2026-07-24 12:34:00,224.62,224.83,224.49,224.7946,132777
2026-07-24 12:35:00,224.8,225.0,224.6,224.9231,178496
2026-07-24 12:36:00,224.93,224.99,224.65,224.94,144216
2026-07-24 12:37:00,224.95,225.25,224.52,224.72,544944
2026-07-24 12:38:00,224.724,224.8999,224.6251,224.843,114746
2026-07-24 12:39:00,224.83,224.9567,224.62,224.74,104568
2026-07-24 12:40:00,224.73,225.6,224.67,225.5101,361090
2026-07-24 12:41:00,225.56,225.9438,225.521,225.943,305595
2026-07-24 12:42:00,225.9237,225.95,225.55,225.72,182872
2026-07-24 12:43:00,225.7359,226.0,225.59,225.775,190144
2026-07-24 12:44:00,225.775,225.7971,223.5369,225.5816,156425
2026-07-24 12:45:00,225.586,225.6882,225.24,225.4022,168732
2026-07-24 12:46:00,225.46,225.48,225.0601,225.1,115616
2026-07-24 12:47:00,225.075,225.36,224.91,224.9838,171015
2026-07-24 12:48:00,224.97,224.99,224.6,224.8802,208457
2026-07-24 12:49:00,224.81,225.23,224.6236,225.191,145550
2026-07-24 12:50:00,225.21,225.24,224.9001,224.9348,128141
2026-07-24 12:51:00,224.95,225.0,224.1901,224.1901,230007
2026-07-24 12:52:00,224.2427,224.6999,219.94,224.5099,142397
2026-07-24 12:53:00,224.48,224.77,224.4574,224.584,107272
2026-07-24 12:54:00,224.6,224.6212,224.36,224.525,86229
2026-07-24 12:55:00,224.5699,224.65,224.3101,224.52,94156
2026-07-24 12:56:00,224.5303,225.04,224.4801,225.0156,127446
2026-07-24 12:57:00,225.0128,225.32,224.951,225.1835,195751
2026-07-24 12:58:00,225.18,225.3,224.995,225.0301,118942
2026-07-24 12:59:00,225.0401,225.1817,224.93,225.0,82506
2026-07-24 13:00:00,224.99,225.15,224.72,225.04,104510
2026-07-24 13:01:00,225.055,225.39,225.03,225.38,131853
2026-07-24 13:02:00,225.35,225.69,225.16,225.445,197101
2026-07-24 13:03:00,225.45,225.7998,225.4,225.7872,147764
2026-07-24 13:04:00,225.7684,225.87,225.18,225.24,130180
2026-07-24 13:05:00,225.2,225.59,225.061,225.47,104603
2026-07-24 13:06:00,225.5,225.6498,225.235,225.4105,124998
2026-07-24 13:07:00,225.4105,225.445,225.1101,225.28,62038
2026-07-24 13:08:00,225.31,225.39,225.186,225.33,61788
2026-07-24 13:09:00,225.33,225.4999,225.31,225.38,78665
2026-07-24 13:10:00,225.38,225.5649,225.3083,225.445,85541
2026-07-24 13:11:00,225.42,225.424,224.845,224.97,232180
2026-07-24 13:12:00,224.995,225.07,224.75,224.9,151269
2026-07-24 13:13:00,224.88,225.24,224.73,224.82,114520
2026-07-24 13:14:00,224.86,224.86,224.311,224.521,146293
2026-07-24 13:15:00,224.54,224.5799,224.0,224.07,174186
2026-07-24 13:16:00,224.02,224.4,224.01,224.4,117908
2026-07-24 13:17:00,224.36,224.47,224.1101,224.17,96466
2026-07-24 13:18:00,224.2099,224.29,224.0,224.12,181672
2026-07-24 13:19:00,224.1,224.7,224.0801,224.59,186183
2026-07-24 13:20:00,224.65,224.7967,224.12,224.211,179166
2026-07-24 13:21:00,224.24,224.53,224.041,224.2603,76232
2026-07-24 13:22:00,224.2868,224.3,224.05,224.1001,104474
2026-07-24 13:23:00,224.15,224.15,223.8449,223.8983,136616
2026-07-24 13:24:00,223.86,223.91,223.4213,223.476,225528
2026-07-24 13:25:00,223.4901,223.95,223.43,223.63,169357
2026-07-24 13:26:00,223.6302,223.86,223.6201,223.765,114778
2026-07-24 13:27:00,223.757,224.1899,223.69,223.9306,159417
2026-07-24 13:28:00,223.9578,223.9999,223.354,223.4476,153401
2026-07-24 13:29:00,223.45,223.87,223.42,223.8,134939
2026-07-24 13:30:00,223.7701,223.84,223.4454,223.73,118774
2026-07-24 13:31:00,223.716,223.93,223.61,223.6101,106365
2026-07-24 13:32:00,223.647,223.95,223.5901,223.9421,77964
2026-07-24 13:33:00,223.9,223.9739,223.7101,223.9301,76938
2026-07-24 13:34:00,223.93,224.33,223.71,224.1,144192
2026-07-24 13:35:00,224.14,224.45,223.65,223.7499,208877
2026-07-24 13:36:00,223.75,223.8099,223.4501,223.4708,142136
2026-07-24 13:37:00,223.45,224.4,223.4,224.32,193627
2026-07-24 13:38:00,224.3571,224.51,224.0637,224.2,166386
2026-07-24 13:39:00,224.205,224.33,223.93,224.1866,108352
2026-07-24 13:40:00,224.2149,224.63,224.1301,224.5593,119580
2026-07-24 13:41:00,224.57,224.66,224.46,224.551,90417
2026-07-24 13:42:00,224.51,224.56,224.38,224.5255,73870
2026-07-24 13:43:00,224.58,224.65,224.4,224.5923,106924
2026-07-24 13:44:00,224.6025,224.94,224.6025,224.8354,140805
2026-07-24 13:45:00,224.84,224.89,224.414,224.48,127581
2026-07-24 13:46:00,224.4999,224.5,224.2,224.47,105247
2026-07-24 13:47:00,224.4592,224.95,224.4592,224.94,126697
2026-07-24 13:48:00,224.96,224.99,224.7201,224.835,139031
2026-07-24 13:49:00,224.8294,224.99,224.75,224.85,111746
2026-07-24 13:50:00,224.85,224.93,224.6,224.68,102038
2026-07-24 13:51:00,224.68,225.0,224.64,224.755,85415
2026-07-24 13:52:00,224.77,225.14,224.71,224.91,181834
2026-07-24 13:53:00,224.9,224.9,224.5827,224.7607,98905
2026-07-24 13:54:00,224.82,224.82,224.6,224.67,63566
2026-07-24 13:55:00,224.6855,224.77,224.4227,224.55,80935
2026-07-24 13:56:00,224.53,224.7899,224.4874,224.7199,77685
2026-07-24 13:57:00,224.67,224.8,224.47,224.8,63924
2026-07-24 13:58:00,224.8,225.6,224.73,225.498,274941
2026-07-24 13:59:00,225.565,225.82,225.2,225.2301,216465
2026-07-24 14:00:00,225.29,225.44,225.15,225.414,132110
2026-07-24 14:01:00,225.425,225.77,225.4,225.5933,167696
2026-07-24 14:02:00,225.6,225.64,225.17,225.38,169698
2026-07-24 14:03:00,225.4099,225.76,225.1701,225.67,128029
2026-07-24 14:04:00,225.6667,225.78,225.35,225.395,120606
2026-07-24 14:05:00,225.4025,225.42,224.77,225.33,158553
2026-07-24 14:06:00,225.2819,225.38,225.0101,225.025,72981
2026-07-24 14:07:00,225.022,225.33,225.0,225.2801,101960
2026-07-24 14:08:00,225.2801,225.3699,225.03,225.1,69376
2026-07-24 14:09:00,225.07,225.2443,224.78,224.8104,105827
2026-07-24 14:10:00,224.85,224.9695,224.31,224.48,225301
2026-07-24 14:11:00,224.4756,224.87,224.41,224.624,118784
2026-07-24 14:12:00,224.6,224.9899,224.5701,224.96,96637
2026-07-24 14:13:00,224.9799,225.0942,224.77,224.8899,104501
2026-07-24 14:14:00,224.8413,224.93,224.8201,224.91,61626
2026-07-24 14:15:00,224.9,224.963,224.725,224.8435,75774
2026-07-24 14:16:00,224.8899,224.89,224.66,224.85,63159
2026-07-24 14:17:00,224.8786,225.57,224.8,225.54,171245
2026-07-24 14:18:00,225.52,225.5344,225.1101,225.1599,104696
2026-07-24 14:19:00,225.14,225.55,225.081,225.4401,102653
2026-07-24 14:20:00,225.46,225.48,225.1201,225.4158,81275
2026-07-24 14:21:00,225.41,225.43,224.73,224.8112,147756
2026-07-24 14:22:00,224.85,225.13,224.76,225.1,93625
2026-07-24 14:23:00,225.095,225.1299,224.4901,224.56,119334
2026-07-24 14:24:00,224.53,224.83,224.29,224.36,110631
2026-07-24 14:25:00,224.36,224.83,224.29,224.6,104772
2026-07-24 14:26:00,224.6,224.97,224.6,224.846,80805
2026-07-24 14:27:00,224.8593,224.8593,224.6,224.7857,60405
2026-07-24 14:28:00,224.75,224.94,224.72,224.81,72733
2026-07-24 14:29:00,224.82,224.92,224.56,224.85,110548
2026-07-24 14:30:00,224.83,225.1899,224.801,225.07,115583
2026-07-24 14:31:00,225.09,225.36,225.03,225.2212,105624
2026-07-24 14:32:00,225.2299,225.29,224.854,225.0,95243
2026-07-24 14:33:00,225.04,225.34,225.03,225.2648,92037
2026-07-24 14:34:00,225.275,225.47,225.16,225.26,102818
2026-07-24 14:35:00,225.23,225.34,224.8701,224.91,106515
2026-07-24 14:36:00,224.9,224.9099,224.511,224.59,123354
2026-07-24 14:37:00,224.61,224.9,224.47,224.578,155735
2026-07-24 14:38:00,224.57,224.86,224.39,224.7363,91555
2026-07-24 14:39:00,224.7802,224.98,224.705,224.96,69570
2026-07-24 14:40:00,224.955,224.99,224.76,224.775,78967
2026-07-24 14:41:00,224.78,224.83,224.21,224.8,166671
2026-07-24 14:42:00,224.77,224.7999,224.25,224.46,117062
2026-07-24 14:43:00,224.45,224.5599,223.76,224.01,202058
2026-07-24 14:44:00,224.051,224.45,224.01,224.151,113230
2026-07-24 14:45:00,224.2149,224.2899,223.8,224.055,128867
2026-07-24 14:46:00,224.02,224.03,223.4872,223.525,164282
2026-07-24 14:47:00,223.5,223.58,223.32,223.465,151420
2026-07-24 14:48:00,223.4899,223.9483,223.24,223.25,186481
2026-07-24 14:49:00,223.2509,223.2852,222.931,222.9873,202882
2026-07-24 14:50:00,222.97,223.5399,222.965,223.38,171891
2026-07-24 14:51:00,223.36,223.45,223.0001,223.23,128716
2026-07-24 14:52:00,223.191,223.51,222.9733,223.0,129942
2026-07-24 14:53:00,222.99,223.08,222.75,223.0635,143609
2026-07-24 14:54:00,223.05,223.0699,222.68,222.8521,116170
2026-07-24 14:55:00,222.88,223.1,222.7,223.094,163947
2026-07-24 14:56:00,223.1,223.4698,222.8901,223.365,150697
2026-07-24 14:57:00,223.3999,223.7899,223.3101,223.68,145356
2026-07-24 14:58:00,223.67,223.71,223.41,223.525,101919
2026-07-24 14:59:00,223.52,223.61,223.02,223.0507,112279
2026-07-24 15:00:00,223.1198,223.67,223.1198,223.2409,140143
2026-07-24 15:01:00,223.27,223.67,223.22,223.66,85255
2026-07-24 15:02:00,223.66,223.73,223.41,223.48,97501
2026-07-24 15:03:00,223.4622,223.4622,223.02,223.0242,98146
2026-07-24 15:04:00,223.07,223.45,223.0344,223.3776,108120
2026-07-24 15:05:00,223.43,223.75,223.4,223.75,94751
2026-07-24 15:06:00,223.711,223.81,223.4201,223.77,94816
2026-07-24 15:07:00,223.77,223.9,223.6,223.6,115662
2026-07-24 15:08:00,223.6336,223.6688,223.32,223.355,95073
2026-07-24 15:09:00,223.3356,223.71,223.335,223.59,83141
2026-07-24 15:10:00,223.584,223.584,223.2101,223.3652,95265
2026-07-24 15:11:00,223.33,223.4214,223.0,223.1501,109995
2026-07-24 15:12:00,223.175,223.4399,223.175,223.374,67355
2026-07-24 15:13:00,223.35,223.76,223.26,223.76,151046
2026-07-24 15:14:00,223.7596,223.9346,223.691,223.806,125093
2026-07-24 15:15:00,223.76,224.2,223.66,223.928,150961
2026-07-24 15:16:00,223.93,224.07,223.561,223.59,122303
2026-07-24 15:17:00,223.605,223.88,223.3801,223.3801,130680
2026-07-24 15:18:00,223.41,223.4599,222.76,222.76,282682
2026-07-24 15:19:00,222.75,223.04,222.3101,222.96,334586
2026-07-24 15:20:00,222.93,223.4699,222.8601,223.41,166924
2026-07-24 15:21:00,223.4186,223.77,223.39,223.716,172488
2026-07-24 15:22:00,223.71,224.06,223.3671,223.448,256898
2026-07-24 15:23:00,223.43,223.78,223.411,223.77,131765
2026-07-24 15:24:00,223.7958,224.09,223.64,223.9584,171224
2026-07-24 15:25:00,223.96,224.14,223.8901,224.125,140404
2026-07-24 15:26:00,224.13,224.55,224.12,224.35,260617
2026-07-24 15:27:00,224.34,224.53,224.2439,224.51,123109
2026-07-24 15:28:00,224.52,224.58,224.1305,224.2732,203301
2026-07-24 15:29:00,224.26,224.2796,223.81,224.2301,146614
2026-07-24 15:30:00,224.23,224.36,224.11,224.22,116386
2026-07-24 15:31:00,224.2104,224.49,224.09,224.415,112599
2026-07-24 15:32:00,224.415,224.81,224.4,224.5747,188778
2026-07-24 15:33:00,224.5767,224.6739,224.15,224.2,130201
2026-07-24 15:34:00,224.19,224.49,224.15,224.3599,101255
2026-07-24 15:35:00,224.4,224.468,223.62,223.761,168819
2026-07-24 15:36:00,223.7886,224.0999,223.6701,223.976,147734
2026-07-24 15:37:00,223.9301,224.1499,223.27,223.27,195825
2026-07-24 15:38:00,223.31,223.68,223.03,223.1,239720
2026-07-24 15:39:00,223.09,223.54,222.82,223.52,258765
2026-07-24 15:40:00,223.5,223.54,222.83,223.3469,175814
2026-07-24 15:41:00,223.34,223.3799,222.9,223.1005,136617
2026-07-24 15:42:00,223.1399,223.45,222.9,222.945,143425
2026-07-24 15:43:00,222.93,222.97,222.6,222.6,196224
2026-07-24 15:44:00,222.61,222.7665,222.36,222.42,163790
2026-07-24 15:45:00,222.405,222.5593,222.1,222.41,251467
2026-07-24 15:46:00,222.39,222.43,221.88,222.018,309167
2026-07-24 15:47:00,222.0,222.0684,221.52,221.5607,267963
2026-07-24 15:48:00,221.56,222.22,221.52,222.0358,303880
2026-07-24 15:49:00,222.04,222.4,221.9574,222.0,215916
2026-07-24 15:50:00,221.95,221.95,221.12,221.516,418252
2026-07-24 15:51:00,221.5268,221.5268,221.07,221.31,295250
2026-07-24 15:52:00,221.32,221.6898,221.05,221.66,282788
2026-07-24 15:53:00,221.63,221.88,221.3201,221.4099,218617
2026-07-24 15:54:00,221.41,221.42,221.0389,221.09,254886
2026-07-24 15:55:00,221.07,221.2,220.5308,221.05,425707
2026-07-24 15:56:00,221.05,221.29,220.57,220.57,340439
2026-07-24 15:57:00,220.5698,221.25,220.5,220.8899,373491
2026-07-24 15:58:00,220.885,220.98,220.85,220.85,305412
2026-07-24 15:59:00,220.86,220.9,220.17,220.25,806542
2026-07-25 09:30:00,221.19,222.2799,220.8501,221.46,1071529
2026-07-25 09:31:00,221.376,221.44,219.74,220.712,788495
2026-07-25 09:32:00,220.72,221.1899,219.03,219.37,568615
2026-07-25 09:33:00,219.39,219.71,218.6,218.7,663901
2026-07-25 09:34:00,218.69,219.2699,218.02,218.43,604796
2026-07-25 09:35:00,218.48,219.7239,218.45,219.0,533523
2026-07-25 09:36:00,218.88,219.73,218.62,218.73,474850
2026-07-25 09:37:00,218.735,219.97,218.17,218.2343,650288
2026-07-25 09:38:00,218.248,219.15,218.18,218.495,486544
2026-07-25 09:39:00,218.45,219.06,217.5,217.69,698064
2026-07-25 09:40:00,217.73,218.39,216.85,216.972,870857
2026-07-25 09:41:00,216.94,217.56,216.9,217.474,507570
2026-07-25 09:42:00,217.42,217.79,216.77,217.25,551797
2026-07-25 09:43:00,217.2999,218.334,216.94,218.12,585811
2026-07-25 09:44:00,218.12,219.17,218.07,219.01,549717
2026-07-25 09:45:00,219.055,219.46,218.6,219.3599,502613
2026-07-25 09:46:00,219.324,220.024,218.9,219.05,673104
2026-07-25 09:47:00,219.014,219.61,217.99,218.1711,626500
2026-07-25 09:48:00,218.23,218.59,218.0501,218.165,308959
2026-07-25 09:49:00,218.1414,218.68,217.9,218.4301,349916
2026-07-25 09:50:00,218.5097,219.67,218.4,219.4501,476306
2026-07-25 09:51:00,219.495,219.94,218.93,219.785,439166
2026-07-25 09:52:00,219.849,220.7,219.7513,220.59,556282
2026-07-25 09:53:00,220.5863,220.646,220.07,220.46,426769
2026-07-25 09:54:00,220.39,220.415,219.37,219.675,404261
2026-07-25 09:55:00,219.7,219.8281,219.02,219.4956,334972
2026-07-25 09:56:00,219.5178,219.92,218.9,219.31,424721
2026-07-25 09:57:00,219.324,220.2,219.03,219.94,355973
2026-07-25 09:58:00,219.8416,220.02,219.68,219.865,235643
2026-07-25 09:59:00,219.8993,220.27,219.4701,220.16,297748
2026-07-25 10:00:00,220.17,220.8299,219.3201,220.675,528397
2026-07-25 10:01:00,220.72,220.768,219.816,220.09,369152
2026-07-25 10:02:00,220.0308,220.3399,219.28,219.47,309623
2026-07-25 10:03:00,219.5099,219.99,219.1,219.217,299081
2026-07-25 10:04:00,219.24,219.2581,218.62,218.735,361318
2026-07-25 10:05:00,218.73,218.89,218.0,218.07,494420
2026-07-25 10:06:00,218.06,218.2599,217.6,217.9,416532
2026-07-25 10:07:00,217.87,218.68,217.87,217.9669,421319
2026-07-25 10:08:00,218.0,218.3,217.25,217.66,512541
2026-07-25 10:09:00,217.69,217.92,216.55,216.8799,646776
2026-07-25 10:10:00,216.8282,217.49,216.5591,217.4461,595018
2026-07-25 10:11:00,217.41,217.4799,216.35,216.9199,523199
2026-07-25 10:12:00,216.8807,217.24,216.75,217.125,372493
2026-07-25 10:13:00,217.104,217.1509,216.52,216.74,287959
2026-07-25 10:14:00,216.7326,216.99,216.01,216.8664,661364
2026-07-25 10:15:00,216.87,217.8399,216.84,217.6,487848
2026-07-25 10:16:00,217.6388,217.6503,217.03,217.3899,265807
2026-07-25 10:17:00,217.355,217.65,216.3,216.485,375058
2026-07-25 10:18:00,216.44,216.98,216.2248,216.3129,357737
2026-07-25 10:19:00,216.26,216.91,215.73,216.55,620609
2026-07-25 10:20:00,216.59,217.46,216.59,217.33,334099
2026-07-25 10:21:00,217.316,217.45,216.85,217.03,241844
2026-07-25 10:22:00,217.015,217.1574,216.3701,216.46,259075
2026-07-25 10:23:00,216.49,217.0,216.41,216.78,204386
2026-07-25 10:24:00,216.85,217.47,216.79,217.35,299161
2026-07-25 10:25:00,217.29,217.444,216.8,216.9,228815
2026-07-25 10:26:00,216.86,217.24,216.82,217.0,199350
2026-07-25 10:27:00,216.9781,217.66,216.93,217.0006,293572
2026-07-25 10:28:00,217.035,217.72,217.035,217.304,234303
2026-07-25 10:29:00,217.315,217.44,216.7,216.74,221344
2026-07-25 10:30:00,216.7003,216.8681,215.9,215.9799,444641
2026-07-25 10:31:00,215.9,216.3499,215.76,215.76,372324
2026-07-25 10:32:00,215.785,215.9287,215.581,215.84,381550
2026-07-25 10:33:00,215.84,216.44,215.805,216.328,338729
2026-07-25 10:34:00,216.2501,216.78,216.2075,216.4961,242453
2026-07-25 10:35:00,216.5,216.535,216.05,216.341,200962
2026-07-25 10:36:00,216.3301,217.18,216.3301,216.99,302140
2026-07-25 10:37:00,216.995,217.39,216.88,216.8837,301630
2026-07-25 10:38:00,216.922,217.2799,216.86,216.995,239652
2026-07-25 10:39:00,217.02,217.22,216.71,216.76,173547
2026-07-25 10:40:00,216.8183,217.5599,216.45,217.1503,373051
2026-07-25 10:41:00,217.205,217.5299,217.071,217.11,184995
2026-07-25 10:42:00,217.178,217.37,217.0001,217.0001,155542
2026-07-25 10:43:00,217.09,217.69,216.8409,217.605,266476
2026-07-25 10:44:00,217.56,217.65,216.7,216.818,258831
2026-07-25 10:45:00,216.8599,216.9,216.5,216.5469,230463
2026-07-25 10:46:00,216.61,216.8,216.25,216.4,249538
2026-07-25 10:47:00,216.38,217.0,216.2,216.77,233701
2026-07-25 10:48:00,216.81,216.8999,216.4201,216.52,138499
2026-07-25 10:49:00,216.565,216.565,215.82,216.02,307553
2026-07-25 10:50:00,215.995,216.2,215.8,216.2,239406
2026-07-25 10:51:00,216.1009,216.62,215.68,215.73,301249
2026-07-25 10:52:00,215.72,215.8,215.33,215.53,430565
2026-07-25 10:53:00,215.56,216.1599,215.44,216.04,235272
2026-07-25 10:54:00,216.012,216.5,215.94,216.5,221269
2026-07-25 10:55:00,216.49,216.83,216.34,216.661,251770
2026-07-25 10:56:00,216.64,216.75,216.25,216.342,156535
2026-07-25 10:57:00,216.31,216.88,216.26,216.6041,214378
2026-07-25 10:58:00,216.61,217.0,216.61,216.7806,232348
2026-07-25 10:59:00,216.8091,216.93,216.52,216.84,136529
2026-07-25 11:00:00,216.74,216.825,216.33,216.47,201860
2026-07-25 11:01:00,216.41,217.1285,216.34,216.815,269471
2026-07-25 11:02:00,216.8499,216.99,216.75,216.9,112836
2026-07-25 11:03:00,216.88,216.95,216.531,216.76,152700
2026-07-25 11:04:00,216.7365,216.94,216.6601,216.7418,137187
2026-07-25 11:05:00,216.78,217.08,216.44,216.55,240729
2026-07-25 11:06:00,216.56,216.76,216.1301,216.215,244453
2026-07-25 11:07:00,216.25,216.5586,215.77,216.375,292167
2026-07-25 11:08:00,216.44,216.98,216.4,216.77,213311
2026-07-25 11:09:00,216.7692,217.05,216.5601,216.59,232620
2026-07-25 11:10:00,216.61,216.7342,216.3198,216.374,145657
2026-07-25 11:11:00,216.39,216.84,216.2,216.54,145984
2026-07-25 11:12:00,216.565,216.932,216.52,216.5978,179269
2026-07-25 11:13:00,216.63,216.85,216.44,216.77,125283
2026-07-25 11:14:00,216.71,216.86,216.46,216.51,104510
2026-07-25 11:15:00,216.558,216.56,216.0501,216.19,178397
2026-07-25 11:16:00,216.25,216.4663,216.0,216.215,139710
2026-07-25 11:17:00,216.2,216.5,216.17,216.335,106745
2026-07-25 11:18:00,216.3,216.46,216.0,216.056,134467
2026-07-25 11:19:00,216.0658,216.17,215.88,215.98,151090
2026-07-25 11:20:00,215.93,216.5199,215.7578,216.43,266383
2026-07-25 11:21:00,216.43,216.43,215.81,216.134,141861
2026-07-25 11:22:00,216.19,216.5478,216.08,216.5149,146425
2026-07-25 11:23:00,216.5,216.75,216.4101,216.62,173279
2026-07-25 11:24:00,216.58,216.6399,216.4,216.615,101514
2026-07-25 11:25:00,216.6,216.9,216.57,216.8148,172892
2026-07-25 11:26:00,216.78,216.8499,216.44,216.6491,134984
2026-07-25 11:27:00,216.61,216.6999,216.34,216.6925,100682
2026-07-25 11:28:00,216.6657,216.87,216.3776,216.4801,115271
2026-07-25 11:29:00,216.48,216.68,216.32,216.5167,91350
2026-07-25 11:30:00,216.49,216.95,216.49,216.75,152449
2026-07-25 11:31:00,216.7751,217.06,216.754,216.8942,138535
2026-07-25 11:32:00,216.89,217.24,216.761,217.146,155989
2026-07-25 11:33:00,217.11,217.35,217.0,217.1,182895
2026-07-25 11:34:00,217.1,217.18,216.82,216.8398,120114
2026-07-25 11:35:00,216.8,217.05,216.51,216.59,217630
2026-07-25 11:36:00,216.5626,216.97,216.52,216.955,120748
2026-07-25 11:37:00,216.98,217.3366,216.82,217.3293,211032
2026-07-25 11:38:00,217.3,217.43,217.11,217.41,175426
2026-07-25 11:39:00,217.38,217.73,217.37,217.6551,212072
2026-07-25 11:40:00,217.64,217.78,217.5,217.574,161703
2026-07-25 11:41:00,217.61,217.7,217.45,217.5763,121081
2026-07-25 11:42:00,217.5702,217.87,217.36,217.84,233244
2026-07-25 11:43:00,217.85,217.98,217.8101,217.95,203535
2026-07-25 11:44:00,217.9634,218.4295,217.93,218.26,346757
2026-07-25 11:45:00,218.25,218.3,217.97,218.1433,184258
2026-07-25 11:46:00,218.125,218.1799,217.861,218.0224,169883
2026-07-25 11:47:00,218.02,218.2771,217.9474,218.2696,130860
2026-07-25 11:48:00,218.245,218.38,218.1604,218.2588,195807
2026-07-25 11:49:00,218.2344,218.43,218.15,218.388,129944
2026-07-25 11:50:00,218.4,218.57,218.25,218.3799,221513
2026-07-25 11:51:00,218.36,218.38,218.0901,218.19,167005
2026-07-25 11:52:00,218.1602,218.4575,218.04,218.28,179942
2026-07-25 11:53:00,218.26,218.41,218.24,218.3659,71717
2026-07-25 11:54:00,218.3875,218.4,218.21,218.2405,84628
2026-07-25 11:55:00,218.28,218.4005,218.11,218.375,104141
2026-07-25 11:56:00,218.3435,218.39,218.0401,218.33,103988
2026-07-25 11:57:00,218.34,218.44,218.21,218.3472,103954
2026-07-25 11:58:00,218.36,218.79,218.3,218.778,206985
2026-07-25 11:59:00,218.78,219.05,218.71,218.9,274510
2026-07-25 12:00:00,218.9,219.1999,218.8341,219.1602,212308
2026-07-25 12:01:00,219.1505,219.35,219.0,219.265,220563
2026-07-25 12:02:00,219.28,219.4298,219.17,219.4267,173846
2026-07-25 12:03:00,219.4267,219.5,219.05,219.0501,222023
2026-07-25 12:04:00,219.0557,219.41,219.0557,219.3373,180164
2026-07-25 12:05:00,219.33,219.44,219.18,219.3699,127251
2026-07-25 12:06:00,219.35,219.75,219.33,219.5242,302836
2026-07-25 12:07:00,219.5301,219.79,219.48,219.7501,194896
2026-07-25 12:08:00,219.7701,219.85,219.6,219.69,130036
2026-07-25 12:09:00,219.71,219.7299,219.301,219.4,204213
2026-07-25 12:10:00,219.4,219.7,219.3,219.375,206714
2026-07-25 12:11:00,219.3756,219.4008,219.09,219.256,244045
2026-07-25 12:12:00,219.26,219.47,218.88,219.0261,276174
2026-07-25 12:13:00,219.015,219.4281,218.99,219.38,242210
2026-07-25 12:14:00,219.4552,219.62,219.3,219.42,172099
2026-07-25 12:15:00,219.45,220.05,219.4101,219.96,381338
2026-07-25 12:16:00,219.965,220.04,219.655,219.695,169809
2026-07-25 12:17:00,219.71,220.03,219.71,219.785,134651
2026-07-25 12:18:00,219.75,220.29,219.72,220.275,237315
2026-07-25 12:19:00,220.2911,220.6,220.04,220.165,361647
2026-07-25 12:20:00,220.14,220.16,219.59,219.72,259139
2026-07-25 12:21:00,219.7204,219.89,219.48,219.5647,230695
2026-07-25 12:22:00,219.5795,219.76,219.3,219.45,238092
2026-07-25 12:23:00,219.4559,219.6899,219.35,219.525,131192
2026-07-25 12:24:00,219.55,219.84,219.4473,219.7966,154239
2026-07-25 12:25:00,219.81,220.14,219.7954,219.8999,169429
2026-07-25 12:26:00,219.885,220.1,219.82,220.02,124728
2026-07-25 12:27:00,220.0299,220.0299,219.6206,219.7791,137207
2026-07-25 12:28:00,219.77,220.055,219.7107,220.005,130721
2026-07-25 12:29:00,219.98,220.13,219.53,219.64,167107
2026-07-25 12:30:00,219.67,220.13,219.67,219.985,125361
2026-07-25 12:31:00,219.98,220.0442,219.77,220.035,92978
2026-07-25 12:32:00,220.03,220.3002,219.9962,220.3002,167856
2026-07-25 12:33:00,220.2975,220.39,220.11,220.36,170384
2026-07-25 12:34:00,220.36,220.54,220.1101,220.1176,222572
2026-07-25 12:35:00,220.1356,220.2197,219.6718,220.1,202873
2026-07-25 12:36:00,220.13,220.38,219.75,219.7704,234959
2026-07-25 12:37:00,219.81,219.9299,219.71,219.91,135253
2026-07-25 12:38:00,219.89,220.3185,219.76,220.0412,162204
2026-07-25 12:39:00,220.09,220.2792,220.04,220.27,117193
2026-07-25 12:40:00,220.2757,220.6,220.15,220.45,238776
2026-07-25 12:41:00,220.46,220.6,220.3301,220.59,135843
2026-07-25 12:42:00,220.56,220.7985,220.49,220.7444,220516
2026-07-25 12:43:00,220.7781,220.82,220.6,220.7168,163317
2026-07-25 12:44:00,220.73,220.7799,220.42,220.6016,155892
2026-07-25 12:45:00,220.59,220.7,220.5501,220.61,96631
2026-07-25 12:46:00,220.6093,220.6628,220.2942,220.35,141172
2026-07-25 12:47:00,220.4,220.7784,220.3601,220.7396,135021
2026-07-25 12:48:00,220.72,220.7743,220.281,220.3518,192079
2026-07-25 12:49:00,220.3699,220.66,220.3,220.57,118757
2026-07-25 12:50:00,220.582,220.582,220.34,220.512,113342
2026-07-25 12:51:00,220.53,220.98,220.5201,220.702,267270
2026-07-25 12:52:00,220.7299,221.12,220.66,221.0501,271107
2026-07-25 12:53:00,221.09,221.27,220.9085,220.9599,340025
2026-07-25 12:54:00,220.945,221.1,220.8875,220.92,132399
2026-07-25 12:55:00,220.9101,220.98,220.71,220.822,140667
2026-07-25 12:56:00,220.8001,221.18,220.7,221.02,199214
2026-07-25 12:57:00,221.0001,221.1763,221.0,221.11,107917
2026-07-25 12:58:00,221.0999,221.23,220.872,221.03,207178
2026-07-25 12:59:00,221.01,221.1,220.87,220.961,135628
2026-07-25 13:00:00,220.95,221.24,220.76,221.1985,255537
2026-07-25 13:01:00,221.16,221.1799,221.0001,221.12,108133
2026-07-25 13:02:00,221.11,221.14,220.68,220.88,284542
2026-07-25 13:03:00,220.91,221.19,220.75,220.9095,164053
2026-07-25 13:04:00,220.886,221.19,220.71,221.12,163632
2026-07-25 13:05:00,221.14,221.62,221.11,221.5099,369675
2026-07-25 13:06:00,221.5005,221.58,221.31,221.53,184138
2026-07-25 13:07:00,221.54,221.54,220.91,220.96,226177
2026-07-25 13:08:00,220.91,221.17,220.8401,221.15,174558
2026-07-25 13:09:00,221.1736,221.32,220.79,220.7989,194734
2026-07-25 13:10:00,220.86,221.24,220.82,221.15,127328
2026-07-25 13:11:00,221.16,221.16,220.8601,220.956,92036
2026-07-25 13:12:00,220.98,221.3799,220.9568,221.3317,133925
2026-07-25 13:13:00,221.3465,221.5753,221.2301,221.53,179871
2026-07-25 13:14:00,221.5201,221.5201,221.22,221.266,235656
2026-07-25 13:15:00,221.25,221.56,221.15,221.22,159638
2026-07-25 13:16:00,221.24,221.4599,221.2313,221.3101,66220
2026-07-25 13:17:00,221.365,221.46,221.17,221.3401,92193
2026-07-25 13:18:00,221.3792,221.5199,221.32,221.4405,93052
2026-07-25 13:19:00,221.45,221.86,221.4401,221.74,255714
2026-07-25 13:20:00,221.7284,221.7699,221.39,221.49,177973
2026-07-25 13:21:00,221.5,221.74,221.47,221.6301,100273
2026-07-25 13:22:00,221.65,221.99,221.57,221.75,305950
2026-07-25 13:23:00,221.785,221.8499,221.6,221.72,137697
2026-07-25 13:24:00,221.7,221.89,221.68,221.88,124627
2026-07-25 13:25:00,221.89,221.92,221.66,221.83,167477
2026-07-25 13:26:00,221.7619,221.83,221.6,221.7167,95771
2026-07-25 13:27:00,221.75,221.8,221.65,221.7401,71622
2026-07-25 13:28:00,221.78,222.04,221.7,221.95,296563
2026-07-25 13:29:00,221.97,222.13,221.83,221.905,221450
2026-07-25 13:30:00,221.8915,222.0,221.7618,221.8404,121061
2026-07-25 13:31:00,221.83,222.02,221.7401,222.0041,128020
2026-07-25 13:32:00,222.0009,222.1857,221.9,222.12,173690
2026-07-25 13:33:00,222.12,222.1745,221.8101,221.8937,137808
2026-07-25 13:34:00,221.88,221.88,220.87,221.065,472113
2026-07-25 13:35:00,221.055,221.07,220.46,220.485,508370
2026-07-25 13:36:00,220.5,220.7383,220.0802,220.2801,378930
2026-07-25 13:37:00,220.3027,220.49,220.03,220.25,264039
2026-07-25 13:38:00,220.26,220.27,219.74,220.09,386965
2026-07-25 13:39:00,220.09,220.13,219.82,220.0101,230400
2026-07-25 13:40:00,220.04,220.4163,219.9801,220.27,227345
2026-07-25 13:41:00,220.22,220.275,219.92,220.0802,173790
2026-07-25 13:42:00,220.12,220.26,219.4201,220.1587,442612
2026-07-25 13:43:00,220.2172,220.55,219.75,220.11,358705
2026-07-25 13:44:00,220.1599,220.7,220.12,220.4353,302307
2026-07-25 13:45:00,220.38,220.89,220.28,220.7599,235657
2026-07-25 13:46:00,220.7799,221.0311,220.58,220.94,205931
2026-07-25 13:47:00,220.97,221.1315,220.68,220.82,140864
2026-07-25 13:48:00,220.81,221.0195,220.5501,220.65,195609
2026-07-25 13:49:00,220.6302,220.754,220.2623,220.4418,194204
2026-07-25 13:50:00,220.4438,220.7348,220.38,220.6664,122240
2026-07-25 13:51:00,220.667,220.9299,220.25,220.3011,298299
2026-07-25 13:52:00,220.36,220.59,220.27,220.4472,163887
2026-07-25 13:53:00,220.45,220.8499,220.42,220.63,225305
2026-07-25 13:54:00,220.59,221.11,220.55,220.96,158802
2026-07-25 13:55:00,220.95,220.95,220.67,220.685,98498
2026-07-25 13:56:00,220.7,220.97,220.57,220.92,85649
2026-07-25 13:57:00,220.895,220.97,220.76,220.8,84517
2026-07-25 13:58:00,220.8399,220.95,220.7,220.87,93009
2026-07-25 13:59:00,220.8466,220.99,220.77,220.8401,87934
2026-07-25 14:00:00,220.84,220.85,220.6,220.74,113178
2026-07-25 14:01:00,220.75,220.78,220.36,220.67,208414
2026-07-25 14:02:00,220.71,221.295,220.71,221.1817,300337
2026-07-25 14:03:00,221.165,221.4861,221.165,221.3799,183680
2026-07-25 14:04:00,221.355,221.38,220.9202,220.944,152314
2026-07-25 14:05:00,220.95,221.0999,220.57,220.945,145619
2026-07-25 14:06:00,220.945,220.99,220.8,220.8712,106890
2026-07-25 14:07:00,220.86,221.0,220.8,220.9421,87581
2026-07-25 14:08:00,220.9399,221.1,220.9,221.01,99589
2026-07-25 14:09:00,221.01,221.09,220.9501,221.055,86833
2026-07-25 14:10:00,221.07,221.31,220.8821,221.2047,133124
2026-07-25 14:11:00,221.2007,221.35,221.16,221.275,125812
2026-07-25 14:12:00,221.27,221.52,221.2501,221.4699,145265
2026-07-25 14:13:00,221.445,221.65,221.42,221.484,135857
2026-07-25 14:14:00,221.4601,221.5065,221.27,221.37,132190
2026-07-25 14:15:00,221.39,221.53,221.3601,221.445,108845
2026-07-25 14:16:00,221.46,221.57,221.4201,221.51,89155
2026-07-25 14:17:00,221.5,221.62,221.43,221.46,98909
2026-07-25 14:18:00,221.4544,221.47,221.14,221.2553,155173
2026-07-25 14:19:00,221.25,221.41,220.69,220.7015,258468
2026-07-25 14:20:00,220.71,220.89,220.52,220.635,201868
2026-07-25 14:21:00,220.605,220.6899,220.39,220.63,182913
2026-07-25 14:22:00,220.65,220.74,220.54,220.73,94246
2026-07-25 14:23:00,220.69,220.76,220.5401,220.7048,108136
2026-07-25 14:24:00,220.7068,220.8699,220.63,220.7679,104115
2026-07-25 14:25:00,220.7401,220.92,220.64,220.89,128513
2026-07-25 14:26:00,220.93,221.06,220.85,220.915,137587
2026-07-25 14:27:00,220.91,220.92,220.64,220.815,94209
2026-07-25 14:28:00,220.82,220.9599,220.61,220.7901,156760
2026-07-25 14:29:00,220.8,220.81,220.44,220.465,192155
2026-07-25 14:30:00,220.49,220.5699,220.2594,220.4,193496
2026-07-25 14:31:00,220.44,220.6496,220.4,220.574,91913
2026-07-25 14:32:00,220.51,220.5599,220.41,220.475,80651
2026-07-25 14:33:00,220.4528,220.5799,220.14,220.165,152395
2026-07-25 14:34:00,220.14,220.54,220.12,220.54,142411
2026-07-25 14:35:00,220.5001,220.68,220.36,220.421,138070
2026-07-25 14:36:00,220.45,220.5599,220.2501,220.38,82567
2026-07-25 14:37:00,220.365,220.4397,220.23,220.33,72075
2026-07-25 14:38:00,220.34,220.3699,220.161,220.2399,109770
2026-07-25 14:39:00,220.2113,220.38,220.1909,220.322,90016
2026-07-25 14:40:00,220.33,220.38,220.1701,220.1939,95967
2026-07-25 14:41:00,220.2,220.2,219.2,219.34,380532
2026-07-25 14:42:00,219.344,219.69,219.05,219.51,358297
2026-07-25 14:43:00,219.49,219.5619,219.3,219.454,288066
2026-07-25 14:44:00,219.48,219.9,219.4201,219.815,205216
2026-07-25 14:45:00,219.8238,219.8238,219.59,219.6757,112309
2026-07-25 14:46:00,219.7,219.8,219.4,219.4672,149742
2026-07-25 14:47:00,219.45,219.4799,219.21,219.3901,188375
2026-07-25 14:48:00,219.3943,219.7,219.3501,219.4923,195572
2026-07-25 14:49:00,219.4923,219.84,219.44,219.806,136651
2026-07-25 14:50:00,219.8147,219.9199,219.63,219.895,138839
2026-07-25 14:51:00,219.894,219.92,219.768,219.77,107079
2026-07-25 14:52:00,219.7646,219.83,219.52,219.582,163373
2026-07-25 14:53:00,219.57,219.58,219.27,219.32,162801
2026-07-25 14:54:00,219.335,219.5552,219.25,219.422,138005
2026-07-25 14:55:00,219.47,219.48,219.236,219.31,107650
2026-07-25 14:56:00,219.31,219.7368,219.29,219.6342,129621
2026-07-25 14:57:00,219.638,219.67,219.35,219.405,97180
2026-07-25 14:58:00,219.421,219.51,219.21,219.325,158760
2026-07-25 14:59:00,219.31,219.56,219.2901,219.48,101638
2026-07-25 15:00:00,219.46,219.46,218.92,219.32,286417
2026-07-25 15:01:00,219.2709,219.388,219.19,219.365,95034
2026-07-25 15:02:00,219.34,219.36,219.03,219.2078,129387
2026-07-25 15:03:00,219.2184,219.42,219.16,219.368,115745
2026-07-25 15:04:00,219.36,219.48,219.34,219.4,127376
2026-07-25 15:05:00,219.38,219.38,219.07,219.275,180822
2026-07-25 15:06:00,219.28,219.3899,219.12,219.35,126146
2026-07-25 15:07:00,219.36,219.49,219.28,219.442,121298
2026-07-25 15:08:00,219.43,219.84,219.35,219.7001,215126
2026-07-25 15:09:00,219.725,219.84,219.67,219.72,107405
2026-07-25 15:10:00,219.72,219.72,219.43,219.69,125826
2026-07-25 15:11:00,219.69,220.04,219.6701,219.95,191646
2026-07-25 15:12:00,219.96,220.0699,219.87,220.0233,140989
2026-07-25 15:13:00,220.0492,220.1199,219.97,220.054,129900
2026-07-25 15:14:00,220.03,220.1,219.82,219.86,166128
2026-07-25 15:15:00,219.85,219.97,219.32,219.54,261710
2026-07-25 15:16:00,219.5375,219.8,219.24,219.36,167916
2026-07-25 15:17:00,219.352,219.49,219.25,219.415,104100
2026-07-25 15:18:00,219.368,219.49,219.122,219.4101,181427
2026-07-25 15:19:00,219.44,219.44,219.2642,219.36,78320
2026-07-25 15:20:00,219.33,219.63,219.2882,219.59,118325
2026-07-25 15:21:00,219.594,219.6239,219.4101,219.5799,93802
2026-07-25 15:22:00,219.555,219.7,219.395,219.6468,109492
2026-07-25 15:23:00,219.646,219.9788,219.57,219.936,152998
2026-07-25 15:24:00,219.92,220.26,219.89,220.2,252685
2026-07-25 15:25:00,220.21,220.25,219.89,220.005,130912
2026-07-25 15:26:00,220.03,220.33,220.03,220.275,144519
2026-07-25 15:27:00,220.26,220.3885,220.1,220.205,171249
2026-07-25 15:28:00,220.1955,220.31,220.106,220.19,106078
2026-07-25 15:29:00,220.1974,220.32,220.17,220.2501,86280
2026-07-25 15:30:00,220.31,220.3246,219.6201,219.85,273346
2026-07-25 15:31:00,219.8382,219.9599,219.41,219.55,200500
2026-07-25 15:32:00,219.5795,219.66,219.23,219.645,197039
2026-07-25 15:33:00,219.61,219.6699,219.37,219.55,110295
2026-07-25 15:34:00,219.52,219.58,219.32,219.4212,144658
2026-07-25 15:35:00,219.42,219.79,219.3701,219.64,118341
2026-07-25 15:36:00,219.6,219.63,219.35,219.51,100304
2026-07-25 15:37:00,219.5343,219.72,219.34,219.72,108001
2026-07-25 15:38:00,219.69,219.82,219.57,219.8,85766
2026-07-25 15:39:00,219.8199,220.0,219.78,219.81,138237
2026-07-25 15:40:00,219.8,220.02,219.69,219.844,152622
2026-07-25 15:41:00,219.82,220.06,219.7301,220.02,167200
2026-07-25 15:42:00,220.0599,220.0599,219.25,219.5,264187
2026-07-25 15:43:00,219.5199,219.73,219.4146,219.7068,110546
2026-07-25 15:44:00,219.7296,220.33,219.6942,220.31,269581
2026-07-25 15:45:00,220.33,220.41,220.1509,220.41,172460
2026-07-25 15:46:00,220.42,220.4959,220.29,220.33,188222
2026-07-25 15:47:00,220.3384,220.4797,220.3101,220.3676,94614
2026-07-25 15:48:00,220.33,220.33,220.02,220.15,138751
2026-07-25 15:49:00,220.12,220.36,220.0442,220.13,118699
2026-07-25 15:50:00,220.14,220.3,219.71,219.74,253095
2026-07-25 15:51:00,219.71,219.81,219.4,219.5427,269159
2026-07-25 15:52:00,219.5,219.93,219.4,219.55,184118
2026-07-25 15:53:00,219.57,219.76,219.33,219.4,195131
2026-07-25 15:54:00,219.4,219.54,219.28,219.38,172966
2026-07-25 15:55:00,219.36,219.4557,219.12,219.4557,279886
2026-07-25 15:56:00,219.41,219.7,219.2901,219.57,211530
2026-07-25 15:57:00,219.57,219.8,219.34,219.4,264125
2026-07-25 15:58:00,219.41,219.64,219.31,219.58,237888
2026-07-25 15:59:00,219.58,219.96,219.57,219.96,624045
2026-07-28 09:30:00,224.9,227.27,224.7,226.8,1748229
2026-07-28 09:31:00,226.82,227.76,226.09,227.01,933929
2026-07-28 09:32:00,227.0101,228.48,227.0101,228.2488,1028845
2026-07-28 09:33:00,228.28,228.9,227.7,228.675,739249
2026-07-28 09:34:00,228.65,228.82,227.62,227.81,660778
2026-07-28 09:35:00,227.74,228.66,227.74,227.91,583778
2026-07-28 09:36:00,227.99,229.14,227.31,229.04,875665
2026-07-28 09:37:00,229.08,229.3,228.62,229.085,680957
2026-07-28 09:38:00,229.09,229.37,228.41,228.65,566644
2026-07-28 09:39:00,228.63,228.93,228.32,228.47,401018
2026-07-28 09:40:00,228.44,229.05,227.82,228.52,581294
2026-07-28 09:41:00,228.57,229.55,228.28,229.2785,653279
2026-07-28 09:42:00,229.21,229.64,228.4,228.45,580878
2026-07-28 09:43:00,228.475,228.789,228.06,228.42,387016
2026-07-28 09:44:00,228.42,228.8412,228.31,228.67,298253
2026-07-28 09:45:00,228.6601,228.96,228.0348,228.34,392378
2026-07-28 09:46:00,228.3895,228.88,227.71,228.66,566743
2026-07-28 09:47:00,228.67,230.14,228.58,229.8,1104784
2026-07-28 09:48:00,229.85,230.1184,229.51,229.7297,631800
2026-07-28 09:49:00,229.76,229.77,229.15,229.3,348152
2026-07-28 09:50:00,229.28,229.6712,229.1601,229.2692,346120
2026-07-28 09:51:00,229.23,230.03,229.07,229.9454,564257
2026-07-28 09:52:00,229.9101,230.28,229.3,229.46,603869
2026-07-28 09:53:00,229.48,229.7677,229.19,229.6891,358152
2026-07-28 09:54:00,229.7,229.98,224.87,229.95,368342
2026-07-28 09:55:00,229.92,230.0,229.41,229.9332,416628
2026-07-28 09:56:00,229.904,230.311,229.52,229.7859,570738
2026-07-28 09:57:00,229.7912,230.05,229.36,229.74,451837
2026-07-28 09:58:00,229.7685,230.72,229.66,230.675,640240
2026-07-28 09:59:00,230.675,231.0798,230.63,230.8883,659605
2026-07-28 10:00:00,230.875,231.6422,230.72,231.58,805493
2026-07-28 10:01:00,231.58,231.9,231.47,231.9,687998
2026-07-28 10:02:00,231.86,232.0,231.33,231.6262,597314
2026-07-28 10:03:00,231.6479,232.129,231.25,231.4301,786949
2026-07-28 10:04:00,231.45,231.89,231.4,231.7071,362506
2026-07-28 10:05:00,231.65,231.8899,231.12,231.8201,545971
2026-07-28 10:06:00,231.8496,232.25,231.53,231.9,742080
2026-07-28 10:07:00,231.89,231.9516,231.29,231.43,497438
2026-07-28 10:08:00,231.43,231.93,231.31,231.7,361506
2026-07-28 10:09:00,231.71,232.45,231.66,232.095,744178
2026-07-28 10:10:00,232.0801,232.45,231.94,232.0653,562239
2026-07-28 10:11:00,232.055,232.14,231.3501,231.68,457066
2026-07-28 10:12:00,231.69,231.7139,231.18,231.295,455599
2026-07-28 10:13:00,231.33,231.4999,230.58,231.04,638177
2026-07-28 10:14:00,231.0276,231.49,230.52,230.5387,617421
2026-07-28 10:15:00,230.5999,231.21,230.51,231.21,495894
2026-07-28 10:16:00,231.21,231.62,231.0,231.39,501802
2026-07-28 10:17:00,231.35,231.59,231.01,231.551,408387
2026-07-28 10:18:00,231.506,231.5599,231.0,231.15,354201
2026-07-28 10:19:00,231.18,231.49,231.08,231.275,349931
2026-07-28 10:20:00,231.25,231.88,231.15,231.695,441092
2026-07-28 10:21:00,231.72,232.6399,231.66,232.625,674762
2026-07-28 10:22:00,232.58,232.65,232.17,232.2894,428003
2026-07-28 10:23:00,232.36,233.03,232.31,232.895,628853
2026-07-28 10:24:00,232.895,233.21,232.62,233.2,514198
2026-07-28 10:25:00,233.16,233.19,232.4,232.4517,541451
2026-07-28 10:26:00,232.43,232.72,232.31,232.55,279253
2026-07-28 10:27:00,232.5271,232.86,232.3348,232.37,363573
2026-07-28 10:28:00,232.4113,232.5199,231.9,232.015,485365
2026-07-28 10:29:00,232.015,232.55,231.9589,232.49,336004
2026-07-28 10:30:00,232.4726,233.0,232.2965,232.5642,545132
2026-07-28 10:31:00,232.5888,232.88,232.07,232.3657,432183
2026-07-28 10:32:00,232.365,232.4,231.68,232.0058,407173
2026-07-28 10:33:00,232.016,232.1833,231.76,231.9121,288075
2026-07-28 10:34:00,231.92,232.89,231.7501,232.4491,506441
2026-07-28 10:35:00,232.4,233.08,232.2701,232.8297,542189
2026-07-28 10:36:00,232.845,233.08,232.2601,232.405,400644
2026-07-28 10:37:00,232.38,232.6799,232.13,232.32,275483
2026-07-28 10:38:00,232.2801,233.0799,232.2801,232.99,342727
2026-07-28 10:39:00,232.96,232.99,232.39,232.5999,321915
2026-07-28 10:40:00,232.55,233.39,232.55,232.7753,707571
2026-07-28 10:41:00,232.78,233.08,232.33,232.8,442045
2026-07-28 10:42:00,232.8,233.43,232.69,233.416,457864
2026-07-28 10:43:00,233.3547,233.46,232.89,233.11,310948
2026-07-28 10:44:00,233.135,233.65,233.11,233.5701,394928
2026-07-28 10:45:00,233.6,233.9,233.5,233.66,496121
2026-07-28 10:46:00,233.65,234.27,233.57,233.9252,637802
2026-07-28 10:47:00,233.93,234.2,233.87,234.1101,374103
2026-07-28 10:48:00,234.11,234.14,233.52,233.65,393825
2026-07-28 10:49:00,233.62,233.69,233.03,233.11,524110
2026-07-28 10:50:00,233.13,233.15,232.71,232.9072,425987
2026-07-28 10:51:00,232.905,233.25,232.6,232.99,433794
2026-07-28 10:52:00,233.0099,233.67,232.84,232.9099,491352
2026-07-28 10:53:00,232.8901,233.2,232.79,232.83,268060
2026-07-28 10:54:00,232.8259,233.38,232.55,232.705,461691
2026-07-28 10:55:00,232.7038,232.88,232.11,232.16,505625
2026-07-28 10:56:00,232.14,232.56,232.05,232.24,343426
2026-07-28 10:57:00,232.27,232.2899,231.54,231.8401,585432
2026-07-28 10:58:00,231.8908,231.8908,231.55,231.69,249017
2026-07-28 10:59:00,231.7,231.9,231.16,231.21,528237
2026-07-28 11:00:00,231.188,231.35,231.04,231.135,416081
2026-07-28 11:01:00,231.12,231.38,230.82,230.85,507555
2026-07-28 11:02:00,230.85,231.35,230.78,231.2142,461604
2026-07-28 11:03:00,231.24,231.43,231.0001,231.36,313902
2026-07-28 11:04:00,231.366,231.53,231.06,231.0684,360360
2026-07-28 11:05:00,231.08,231.47,230.73,231.44,529220
2026-07-28 11:06:00,231.4,231.4723,230.73,230.7501,409601
2026-07-28 11:07:00,230.75,230.9805,230.4,230.64,548655
2026-07-28 11:08:00,230.6626,230.8594,230.26,230.293,419783
2026-07-28 11:09:00,230.27,230.4299,230.1,230.3,350249
2026-07-28 11:10:00,230.32,230.6498,229.95,230.07,515726
2026-07-28 11:11:00,230.0799,230.0799,229.55,229.6372,453434
2026-07-28 11:12:00,229.6599,229.87,229.3601,229.4106,527881
2026-07-28 11:13:00,229.435,229.9,229.17,229.74,506251
2026-07-28 11:14:00,229.72,230.18,229.6174,229.74,482963
2026-07-28 11:15:00,229.76,229.8309,229.01,229.1162,381247
2026-07-28 11:16:00,229.15,229.57,229.01,229.115,326011
2026-07-28 11:17:00,229.1183,229.25,228.73,228.92,501245
2026-07-28 11:18:00,228.86,229.0,228.31,228.455,438170
2026-07-28 11:19:00,228.45,228.79,228.3601,228.6799,349964
2026-07-28 11:20:00,228.66,229.04,228.31,228.91,463704
2026-07-28 11:21:00,228.9,229.01,228.55,228.74,346181
2026-07-28 11:22:00,228.745,228.78,228.25,228.45,403764
2026-07-28 11:23:00,228.49,228.67,228.22,228.27,297287
2026-07-28 11:24:00,228.25,228.5,228.19,228.2999,266679
2026-07-28 11:25:00,228.275,228.9499,228.275,228.7458,414338
2026-07-28 11:26:00,228.7677,229.16,228.69,228.9846,495399
2026-07-28 11:27:00,228.966,229.1363,228.7,229.07,214948
2026-07-28 11:28:00,229.0696,229.4644,228.97,229.291,404418
2026-07-28 11:29:00,229.2937,229.44,229.08,229.323,276249
2026-07-28 11:30:00,229.3101,229.3101,228.13,228.19,493864
2026-07-28 11:31:00,228.17,228.39,227.7204,227.805,932134
2026-07-28 11:32:00,227.78,228.15,227.63,227.75,382529
2026-07-28 11:33:00,227.75,227.87,227.34,227.54,469940
2026-07-28 11:34:00,227.53,227.6522,227.09,227.21,416344
2026-07-28 11:35:00,227.22,227.7,227.215,227.3999,287152
2026-07-28 11:36:00,227.375,227.8541,227.31,227.83,266506
2026-07-28 11:37:00,227.8291,228.17,227.8101,228.145,375106
2026-07-28 11:38:00,228.15,228.6699,228.095,228.66,306036
2026-07-28 11:39:00,228.64,228.735,228.026,228.1101,284722
2026-07-28 11:40:00,228.11,228.47,228.06,228.2701,297666
2026-07-28 11:41:00,228.3099,228.32,227.87,228.1642,249856
2026-07-28 11:42:00,228.1793,228.31,228.0301,228.1206,261354
2026-07-28 11:43:00,228.1434,228.2499,227.61,228.035,261330
2026-07-28 11:44:00,228.016,228.38,228.01,228.2172,253294
2026-07-28 11:45:00,228.219,228.5,227.7157,228.39,330017
2026-07-28 11:46:00,228.43,228.74,228.29,228.52,293930
2026-07-28 11:47:00,228.5304,228.84,228.43,228.82,214819
2026-07-28 11:48:00,228.8015,229.34,228.77,229.314,383366
2026-07-28 11:49:00,229.3152,229.69,229.1601,229.6899,338975
2026-07-28 11:50:00,229.66,229.74,229.4108,229.58,256745
2026-07-28 11:51:00,229.605,229.85,229.56,229.6536,278925
2026-07-28 11:52:00,229.66,229.77,229.5,229.77,190150
2026-07-28 11:53:00,229.7644,230.13,229.75,230.065,319425
2026-07-28 11:54:00,230.06,230.1,229.83,229.87,189462
2026-07-28 11:55:00,229.89,230.2299,229.8644,230.08,219426
2026-07-28 11:56:00,230.0846,230.18,229.89,230.09,180163
2026-07-28 11:57:00,230.085,230.16,229.97,230.07,176155
2026-07-28 11:58:00,230.09,230.43,230.08,230.3799,248213
2026-07-28 11:59:00,230.335,230.35,229.94,229.99,220813
2026-07-28 12:00:00,230.018,230.27,229.9014,229.92,192699
2026-07-28 12:01:00,229.9,229.93,229.46,229.665,341880
2026-07-28 12:02:00,229.6516,230.11,229.59,229.68,224586
2026-07-28 12:03:00,229.71,229.9435,229.58,229.6201,161864
2026-07-28 12:04:00,229.69,229.99,229.6129,229.905,194478
2026-07-28 12:05:00,229.9299,231.14,229.9,231.1195,496829
2026-07-28 12:06:00,231.088,231.1399,230.7202,230.945,368668
2026-07-28 12:07:00,230.94,230.98,230.23,230.3,338234
2026-07-28 12:08:00,230.3099,230.87,230.29,230.79,274534
2026-07-28 12:09:00,230.7902,230.853,230.5899,230.68,175566
2026-07-28 12:10:00,230.6938,231.0,230.56,230.98,177435
2026-07-28 12:11:00,230.96,230.96,230.55,230.83,221054
2026-07-28 12:12:00,230.84,230.89,230.5581,230.8,182528
2026-07-28 12:13:00,230.8,231.14,230.65,231.1296,263884
2026-07-28 12:14:00,231.11,231.25,230.8301,230.964,309457
2026-07-28 12:15:00,230.96,230.98,230.73,230.84,133892
2026-07-28 12:16:00,230.8345,231.37,230.8345,231.14,299604
2026-07-28 12:17:00,231.17,231.22,230.9102,231.19,189739
2026-07-28 12:18:00,231.19,231.3144,231.04,231.27,159274
2026-07-28 12:19:00,231.255,231.29,230.85,231.155,178965
2026-07-28 12:20:00,231.1495,231.2,230.8,230.9229,198598
2026-07-28 12:21:00,230.9,231.11,230.865,231.06,162837
2026-07-28 12:22:00,231.05,231.09,230.9,231.0479,149943
2026-07-28 12:23:00,231.05,231.23,230.95,231.01,234780
2026-07-28 12:24:00,231.03,231.2,230.74,230.87,232612
2026-07-28 12:25:00,230.87,230.92,230.34,230.46,254509
2026-07-28 12:26:00,230.44,230.92,230.43,230.67,191498
2026-07-28 12:27:00,230.72,230.7668,230.5501,230.7326,114927
2026-07-28 12:28:00,230.7393,231.1199,230.7393,230.95,234317
2026-07-28 12:29:00,230.91,231.2,230.88,230.9442,187001
2026-07-28 12:30:00,230.945,231.25,230.85,231.1704,264060
2026-07-28 12:31:00,231.144,231.36,231.08,231.0817,233099
2026-07-28 12:32:00,231.0801,231.53,231.08,231.53,239776
2026-07-28 12:33:00,231.5,231.75,231.28,231.3281,324975
2026-07-28 12:34:00,231.3397,231.81,231.25,231.73,236113
2026-07-28 12:35:00,231.687,231.959,231.55,231.8739,325771
2026-07-28 12:36:00,231.86,231.8738,231.41,231.6178,223610
2026-07-28 12:37:00,231.62,231.66,231.34,231.43,126440
2026-07-28 12:38:00,231.4337,231.75,231.4337,231.6,172475
2026-07-28 12:39:00,231.62,231.85,231.58,231.645,190605
2026-07-28 12:40:00,231.665,232.02,231.53,231.9278,301545
2026-07-28 12:41:00,231.9104,231.9299,231.66,231.83,253125
2026-07-28 12:42:00,231.825,232.08,231.75,231.78,178113
2026-07-28 12:43:00,231.74,231.8,231.5,231.64,216690
2026-07-28 12:44:00,231.61,231.84,231.51,231.655,147371
2026-07-28 12:45:00,231.68,231.92,231.6,231.7801,167501
2026-07-28 12:46:00,231.805,232.03,231.7,231.9954,160478
2026-07-28 12:47:00,231.98,232.13,231.91,232.1,190006
2026-07-28 12:48:00,232.0831,232.35,232.0814,232.27,223554
2026-07-28 12:49:00,232.27,232.29,232.01,232.25,240285
2026-07-28 12:50:00,232.23,232.26,231.77,231.7783,283595
2026-07-28 12:51:00,231.82,231.9669,231.55,231.61,244159
2026-07-28 12:52:00,231.62,232.19,231.62,232.0001,273723
2026-07-28 12:53:00,232.05,232.23,231.93,232.07,160366
2026-07-28 12:54:00,232.0606,232.55,232.0606,232.43,313881
2026-07-28 12:55:00,232.41,232.68,232.31,232.64,289250
2026-07-28 12:56:00,232.63,232.7799,232.461,232.7519,314376
2026-07-28 12:57:00,232.7196,232.77,232.5,232.651,200135
2026-07-28 12:58:00,232.63,232.97,232.63,232.79,304255
2026-07-28 12:59:00,232.7701,232.99,232.74,232.8876,191855
2026-07-28 13:00:00,232.9,233.12,232.68,233.06,319751
2026-07-28 13:01:00,233.1055,233.49,233.0101,233.37,381526
2026-07-28 13:02:00,233.3612,233.85,233.36,233.75,390151
2026-07-28 13:03:00,233.755,233.8,233.37,233.49,330242
2026-07-28 13:04:00,233.475,233.54,233.1601,233.51,306802
2026-07-28 13:05:00,233.5,233.63,233.1001,233.155,291331
2026-07-28 13:06:00,233.17,233.41,233.08,233.33,187216
2026-07-28 13:07:00,233.287,233.4482,233.2,233.3513,182763
2026-07-28 13:08:00,233.3743,233.46,232.95,233.02,202635
2026-07-28 13:09:00,232.96,233.48,232.95,233.356,215147
2026-07-28 13:10:00,233.3599,233.716,233.09,233.585,300164
2026-07-28 13:11:00,233.575,233.84,233.52,233.67,245845
2026-07-28 13:12:00,233.66,233.87,233.4775,233.805,208726
2026-07-28 13:13:00,233.8098,234.0,233.53,233.5759,316350
2026-07-28 13:14:00,233.5301,233.9068,233.5038,233.62,228986
2026-07-28 13:15:00,233.63,233.7855,233.3217,233.41,1235319
2026-07-28 13:16:00,233.44,233.44,232.8508,232.94,375518
2026-07-28 13:17:00,232.95,233.19,232.6819,232.77,299914
2026-07-28 13:18:00,232.77,232.92,232.7,232.7769,167397
2026-07-28 13:19:00,232.78,232.79,232.3407,232.38,316678
2026-07-28 13:20:00,232.404,232.67,232.1701,232.22,285894
2026-07-28 13:21:00,232.1901,232.24,231.88,231.9,281730
2026-07-28 13:22:00,231.9098,232.28,231.86,232.12,248046
2026-07-28 13:23:00,232.145,232.23,231.9074,232.03,160726
2026-07-28 13:24:00,232.0,232.19,231.96,232.09,163450
2026-07-28 13:25:00,232.1,232.53,232.025,232.3795,255749
2026-07-28 13:26:00,232.35,232.5,231.76,231.83,296482
2026-07-28 13:27:00,231.884,231.9783,231.7,231.7899,224614
2026-07-28 13:28:00,231.7501,232.0,231.55,231.74,211617
2026-07-28 13:29:00,231.7081,231.7081,231.1401,231.175,345339
2026-07-28 13:30:00,231.15,231.31,230.8,231.0215,357842
2026-07-28 13:31:00,231.05,231.2599,230.85,230.9188,234792
2026-07-28 13:32:00,230.93,231.56,230.9,231.1541,325997
2026-07-28 13:33:00,231.11,231.528,231.03,231.41,192299
2026-07-28 13:34:00,231.39,231.4699,231.0601,231.1946,151582
2026-07-28 13:35:00,231.2,231.5,231.2,231.465,165029
2026-07-28 13:36:00,231.4747,231.535,231.3201,231.535,135631
2026-07-28 13:37:00,231.54,231.7572,231.4801,231.67,259478
2026-07-28 13:38:00,231.7,232.1199,231.62,231.975,200098
2026-07-28 13:39:00,231.99,232.29,231.84,232.1987,227158
2026-07-28 13:40:00,232.2348,232.5,232.0001,232.0994,300805
2026-07-28 13:41:00,232.0702,232.26,231.75,232.23,252384
2026-07-28 13:42:00,232.2,232.38,232.19,232.3568,141780
2026-07-28 13:43:00,232.36,232.48,232.06,232.11,205627
2026-07-28 13:44:00,232.1009,232.105,231.81,232.0,181875
2026-07-28 13:45:00,232.0,232.355,231.93,232.35,162898
2026-07-28 13:46:00,232.35,232.5699,232.1663,232.27,215165
2026-07-28 13:47:00,232.28,232.3999,232.1,232.3128,128725
2026-07-28 13:48:00,232.31,232.44,232.17,232.1701,139914
2026-07-28 13:49:00,232.2,232.3199,231.99,232.24,147039
2026-07-28 13:50:00,232.26,232.26,231.61,231.73,253031
2026-07-28 13:51:00,231.74,232.04,231.7101,232.0361,188233
2026-07-28 13:52:00,232.06,232.43,231.91,232.38,240874
2026-07-28 13:53:00,232.39,232.62,232.07,232.224,314547
2026-07-28 13:54:00,232.26,232.3399,231.88,231.9899,174180
2026-07-28 13:55:00,231.99,232.2499,231.9,232.1903,126485
2026-07-28 13:56:00,232.2006,232.72,232.1475,232.6614,213350
2026-07-28 13:57:00,232.67,232.96,232.54,232.64,278406
2026-07-28 13:58:00,232.6354,232.6354,232.11,232.26,213147
2026-07-28 13:59:00,232.28,232.5,232.15,232.3411,124944
2026-07-28 14:00:00,232.38,232.39,231.77,231.98,216383
2026-07-28 14:01:00,232.02,232.04,231.64,231.82,203748
2026-07-28 14:02:00,231.87,232.02,231.6045,231.6816,195605
2026-07-28 14:03:00,231.69,232.07,231.65,231.95,215230
2026-07-28 14:04:00,231.955,232.13,231.72,231.915,143200
2026-07-28 14:05:00,231.95,232.2596,231.78,232.235,197520
2026-07-28 14:06:00,232.22,232.54,231.9901,232.05,212789
2026-07-28 14:07:00,232.06,232.19,231.8,232.0283,137687
2026-07-28 14:08:00,232.005,232.24,231.99,232.15,113660
2026-07-28 14:09:00,232.18,232.44,231.82,232.0899,219087
2026-07-28 14:10:00,232.06,232.21,231.84,232.1023,128091
2026-07-28 14:11:00,232.1,232.4999,232.0962,232.4499,203879
2026-07-28 14:12:00,232.41,232.63,232.2601,232.43,195106
2026-07-28 14:13:00,232.429,232.51,232.25,232.43,93241
2026-07-28 14:14:00,232.43,232.6388,232.24,232.58,154976
2026-07-28 14:15:00,232.56,232.68,232.19,232.2299,208571
2026-07-28 14:16:00,232.1723,232.45,232.094,232.17,130337
2026-07-28 14:17:00,232.13,232.2687,231.87,232.01,165649
2026-07-28 14:18:00,232.0,232.1,231.8927,231.92,157205
2026-07-28 14:19:00,231.9885,232.07,231.69,231.7857,155262
2026-07-28 14:20:00,231.74,232.18,231.71,232.03,186131
2026-07-28 14:21:00,232.04,232.0599,231.81,231.925,121939
2026-07-28 14:22:00,231.9,231.94,231.4,231.44,220069
2026-07-28 14:23:00,231.47,231.6499,231.22,231.49,202960
2026-07-28 14:24:00,231.48,231.66,231.22,231.3458,168707
2026-07-28 14:25:00,231.3203,231.5199,231.2,231.42,162551
2026-07-28 14:26:00,231.3915,231.69,231.3915,231.42,162476
2026-07-28 14:27:00,231.418,231.5439,231.17,231.44,148014
2026-07-28 14:28:00,231.428,231.6,231.23,231.4413,142301
2026-07-28 14:29:00,231.45,231.45,231.23,231.38,59624
2026-07-28 14:30:00,231.36,231.5699,231.3054,231.33,130122
2026-07-28 14:31:00,231.31,231.4482,231.085,231.12,163420
2026-07-28 14:32:00,231.1001,231.4,231.0201,231.0201,164314
2026-07-28 14:33:00,231.02,231.27,230.86,231.2,223658
2026-07-28 14:34:00,231.2014,231.48,231.09,231.46,218685
2026-07-28 14:35:00,231.4639,231.54,231.31,231.32,100637
2026-07-28 14:36:00,231.335,231.4445,231.11,231.1695,139432
2026-07-28 14:37:00,231.18,231.6698,231.1462,231.514,187622
2026-07-28 14:38:00,231.4345,231.56,231.0,231.1199,202827
2026-07-28 14:39:00,231.08,231.1399,230.86,230.9601,176116
2026-07-28 14:40:00,231.0,231.34,231.0,231.21,178154
2026-07-28 14:41:00,231.23,231.2994,231.16,231.235,95994
2026-07-28 14:42:00,231.25,231.5,231.11,231.484,142813
2026-07-28 14:43:00,231.5099,231.58,231.29,231.43,110602
2026-07-28 14:44:00,231.43,231.66,231.2071,231.27,182356
2026-07-28 14:45:00,231.2601,231.45,231.09,231.2399,149294
2026-07-28 14:46:00,231.2199,231.23,231.07,231.17,89025
2026-07-28 14:47:00,231.15,231.32,231.06,231.1006,101710
2026-07-28 14:48:00,231.1101,231.1199,230.88,230.995,202848
2026-07-28 14:49:00,231.02,231.2773,230.85,231.1276,186008
2026-07-28 14:50:00,231.13,231.2099,230.81,230.9,158441
2026-07-28 14:51:00,230.94,231.03,230.8201,230.885,113522
2026-07-28 14:52:00,230.91,231.28,230.91,231.1799,121323
2026-07-28 14:53:00,231.1914,231.27,230.96,231.19,82082
2026-07-28 14:54:00,231.225,231.26,231.02,231.2,96060
2026-07-28 14:55:00,231.21,231.44,231.13,231.2473,158655
2026-07-28 14:56:00,231.2798,231.61,231.24,231.6,201069
2026-07-28 14:57:00,231.5705,231.63,231.4804,231.54,89898
2026-07-28 14:58:00,231.53,231.86,231.4595,231.784,219146
2026-07-28 14:59:00,231.7671,231.88,231.66,231.69,172420
2026-07-28 15:00:00,231.6915,231.694,231.14,231.3983,243529
2026-07-28 15:01:00,231.4,231.7499,231.4,231.5321,176340
2026-07-28 15:02:00,231.5339,231.56,231.2,231.22,124067
2026-07-28 15:03:00,231.2227,231.42,230.92,231.4182,207620
2026-07-28 15:04:00,231.3724,231.4297,231.27,231.3,94909
2026-07-28 15:05:00,231.31,231.45,231.2057,231.376,109862
2026-07-28 15:06:00,231.4198,231.84,231.38,231.7282,199502
2026-07-28 15:07:00,231.71,231.73,231.36,231.52,109139
2026-07-28 15:08:00,231.49,231.4999,231.0,231.0301,200096
2026-07-28 15:09:00,231.05,231.07,230.8504,230.99,151671
2026-07-28 15:10:00,231.0464,231.22,230.9,230.955,148419
2026-07-28 15:11:00,230.98,231.02,230.5,230.616,263375
2026-07-28 15:12:00,230.57,230.58,230.1,230.1976,321049
2026-07-28 15:13:00,230.2,230.35,229.87,229.9114,349678
2026-07-28 15:14:00,229.922,230.21,229.88,230.016,207493
2026-07-28 15:15:00,229.98,230.04,229.53,229.5956,240866
2026-07-28 15:16:00,229.565,229.82,229.34,229.6,259352
2026-07-28 15:17:00,229.58,229.8,229.21,229.68,255021
2026-07-28 15:18:00,229.66,229.9699,229.35,229.8101,258779
2026-07-28 15:19:00,229.83,229.9199,229.61,229.675,136233
2026-07-28 15:20:00,229.7099,229.85,229.35,229.4765,230488
2026-07-28 15:21:00,229.5216,229.93,229.4,229.84,217908
2026-07-28 15:22:00,229.82,230.14,229.7249,230.1,205314
2026-07-28 15:23:00,230.0482,230.1217,229.8,229.946,145624
2026-07-28 15:24:00,229.98,230.13,229.87,230.05,126495
2026-07-28 15:25:00,230.06,230.07,229.541,229.6079,152648
2026-07-28 15:26:00,229.62,229.98,229.54,229.93,195525
2026-07-28 15:27:00,229.93,230.36,229.93,230.2701,282680
2026-07-28 15:28:00,230.3,230.5894,230.2758,230.47,192578
2026-07-28 15:29:00,230.47,230.56,230.39,230.5,94768
2026-07-28 15:30:00,230.49,230.59,230.34,230.475,166552
2026-07-28 15:31:00,230.47,230.81,230.31,230.685,258908
2026-07-28 15:32:00,230.7,230.9199,230.6253,230.7369,160034
2026-07-28 15:33:00,230.79,231.08,230.68,231.07,161161
2026-07-28 15:34:00,231.07,231.37,231.04,231.26,268737
2026-07-28 15:35:00,231.27,231.3199,230.92,231.1401,178678
2026-07-28 15:36:00,231.1589,231.5,231.14,231.44,208138
2026-07-28 15:37:00,231.445,231.4797,231.18,231.3162,118979
2026-07-28 15:38:00,231.3445,231.5799,231.3445,231.52,161302
2026-07-28 15:39:00,231.535,231.54,231.3001,231.4518,117323
2026-07-28 15:40:00,231.455,231.66,231.33,231.5957,191338
2026-07-28 15:41:00,231.62,231.7583,231.51,231.68,264204
2026-07-28 15:42:00,231.68,231.87,231.6401,231.7,203985
2026-07-28 15:43:00,231.6891,232.02,231.6755,231.995,255254
2026-07-28 15:44:00,232.0099,232.01,231.52,231.74,252023
2026-07-28 15:45:00,231.73,231.99,231.5904,231.872,201496
2026-07-28 15:46:00,231.8991,231.9899,231.63,231.7328,192458
2026-07-28 15:47:00,231.74,231.8,231.43,231.435,168205
2026-07-28 15:48:00,231.4298,231.6499,231.22,231.5702,193997
2026-07-28 15:49:00,231.54,231.6799,231.23,231.39,193253
2026-07-28 15:50:00,231.4,231.82,231.39,231.68,259596
2026-07-28 15:51:00,231.66,232.0,231.655,231.85,215021
2026-07-28 15:52:00,231.9,232.31,231.76,232.275,344083
2026-07-28 15:53:00,232.28,232.69,232.21,232.605,681768
2026-07-28 15:54:00,232.58,232.68,232.08,232.3201,355905
2026-07-28 15:55:00,232.33,232.4,231.6,231.76,287993
2026-07-28 15:56:00,231.76,232.17,231.74,232.16,303742
2026-07-28 15:57:00,232.17,232.34,231.64,231.69,402653
2026-07-28 15:58:00,231.69,231.95,231.64,231.92,350466
2026-07-28 15:59:00,231.915,232.17,231.7801,232.125,764690
2026-07-29 09:30:00,232.25,232.41,230.22,230.835,1070376
2026-07-29 09:31:00,230.8239,231.8,230.25,230.435,568113
2026-07-29 09:32:00,230.4104,230.51,229.58,229.93,632137
2026-07-29 09:33:00,229.94,230.3399,228.8226,229.1506,689862
2026-07-29 09:34:00,229.14,229.5499,228.41,228.87,588902
2026-07-29 09:35:00,228.87,229.16,228.21,228.65,654370
2026-07-29 09:36:00,228.6999,229.2,228.05,228.5241,640134
2026-07-29 09:37:00,228.57,229.13,228.28,228.39,518829
2026-07-29 09:38:00,228.43,229.0,228.34,228.405,465832
2026-07-29 09:39:00,228.42,229.14,228.02,229.05,615661
2026-07-29 09:40:00,229.03,229.87,228.9291,229.3755,704225
2026-07-29 09:41:00,229.4,229.7,229.05,229.56,452261
2026-07-29 09:42:00,229.6,230.0,229.33,229.55,420203
2026-07-29 09:43:00,229.5999,229.6,228.8,229.37,471460
2026-07-29 09:44:00,229.375,229.4,228.58,228.7846,344981
2026-07-29 09:45:00,228.8594,229.2,227.6,227.74,746660
2026-07-29 09:46:00,227.75,228.87,227.66,228.45,447614
2026-07-29 09:47:00,228.51,228.9399,228.27,228.565,355463
2026-07-29 09:48:00,228.545,229.24,228.52,229.05,381080
2026-07-29 09:49:00,229.0226,229.15,228.75,228.9814,228816
2026-07-29 09:50:00,228.98,228.9999,228.1601,228.6073,373660
2026-07-29 09:51:00,228.6,229.48,228.37,229.3795,468008
2026-07-29 09:52:00,229.3795,230.04,229.325,229.8301,516324
2026-07-29 09:53:00,229.85,230.33,229.8001,229.86,464261
2026-07-29 09:54:00,229.87,229.91,228.8,229.15,445374
2026-07-29 09:55:00,229.165,229.4,228.9,229.202,279790
2026-07-29 09:56:00,229.125,229.39,228.49,228.98,374486
2026-07-29 09:57:00,228.9498,228.9918,228.0773,228.11,345376
2026-07-29 09:58:00,228.0801,228.64,227.85,228.2703,394892
2026-07-29 09:59:00,228.27,228.69,228.06,228.505,264604
2026-07-29 10:00:00,228.5699,228.5699,227.54,227.645,468403
2026-07-29 10:01:00,227.62,227.7,226.9,227.1,615503
2026-07-29 10:02:00,227.1,227.8,227.0,227.444,398709
2026-07-29 10:03:00,227.44,228.26,227.39,228.0703,418484
2026-07-29 10:04:00,228.0781,228.4599,227.8701,228.44,350603
2026-07-29 10:05:00,228.39,229.36,228.19,229.2001,562246
2026-07-29 10:06:00,229.2,229.5,229.0016,229.465,355586
2026-07-29 10:07:00,229.43,229.86,229.2501,229.66,385528
2026-07-29 10:08:00,229.65,229.9299,229.52,229.67,338859
2026-07-29 10:09:00,229.69,230.27,229.5761,230.12,458181
2026-07-29 10:10:00,230.18,230.2499,229.72,229.76,343091
2026-07-29 10:11:00,229.788,229.8299,229.44,229.693,299944
2026-07-29 10:12:00,229.69,230.34,229.61,230.1499,407650
2026-07-29 10:13:00,230.0712,230.1099,229.64,230.08,233954
2026-07-29 10:14:00,230.08,230.77,229.95,230.6319,549603
2026-07-29 10:15:00,230.69,230.8,230.35,230.5599,252609
2026-07-29 10:16:00,230.535,231.3,230.4106,231.25,377558
2026-07-29 10:17:00,231.265,231.2799,230.86,231.1401,319452
2026-07-29 10:18:00,231.1999,231.1999,230.51,230.626,358635
2026-07-29 10:19:00,230.61,231.1399,230.35,231.005,352318
2026-07-29 10:20:00,231.0089,231.29,230.8401,230.957,283237
2026-07-29 10:21:00,231.0091,231.2999,230.9321,231.12,239260
2026-07-29 10:22:00,231.1397,231.1397,230.75,230.972,266677
2026-07-29 10:23:00,230.98,231.33,230.56,231.29,356756
2026-07-29 10:24:00,231.3399,231.49,230.75,230.81,325590
2026-07-29 10:25:00,230.8367,230.98,230.54,230.84,287139
2026-07-29 10:26:00,230.8199,231.31,230.615,231.208,277343
2026-07-29 10:27:00,231.24,231.49,231.03,231.2446,251250
2026-07-29 10:28:00,231.265,231.315,230.9,231.19,197848
2026-07-29 10:29:00,231.19,231.19,230.89,231.06,157421
2026-07-29 10:30:00,231.1,231.69,230.911,231.285,352919
2026-07-29 10:31:00,231.25,231.89,231.25,231.7701,337876
2026-07-29 10:32:00,231.753,231.85,231.5,231.61,268304
2026-07-29 10:33:00,231.61,231.62,231.2,231.2512,217787
2026-07-29 10:34:00,231.24,231.2464,230.41,230.445,411547
2026-07-29 10:35:00,230.46,230.54,229.72,230.0499,500363
2026-07-29 10:36:00,230.03,230.135,229.52,229.64,287945
2026-07-29 10:37:00,229.635,229.99,229.5,229.97,259394
2026-07-29 10:38:00,229.94,230.04,229.71,229.83,206284
2026-07-29 10:39:00,229.8574,230.79,229.8,230.61,397395
2026-07-29 10:40:00,230.68,231.3,230.56,231.0888,335805
2026-07-29 10:41:00,231.08,231.28,230.83,230.91,200980
2026-07-29 10:42:00,230.94,230.97,230.43,230.43,169115
2026-07-29 10:43:00,230.4581,230.4738,229.82,230.0997,296321
2026-07-29 10:44:00,230.1,230.69,230.09,230.44,215391
2026-07-29 10:45:00,230.3802,230.64,230.23,230.57,115630
2026-07-29 10:46:00,230.5484,230.91,230.5484,230.6387,173028
2026-07-29 10:47:00,230.69,231.08,230.66,230.685,177307
2026-07-29 10:48:00,230.7,230.7,229.75,229.97,357855
2026-07-29 10:49:00,229.96,230.0689,229.51,229.72,270398
2026-07-29 10:50:00,229.6627,230.23,229.65,229.97,243151
2026-07-29 10:51:00,229.9999,229.9999,229.07,229.21,354915
2026-07-29 10:52:00,229.24,229.31,228.83,228.83,283413
2026-07-29 10:53:00,228.8699,229.13,228.62,228.88,319798
2026-07-29 10:54:00,228.9122,229.24,228.87,229.239,168064
2026-07-29 10:55:00,229.24,229.28,228.98,229.04,137762
2026-07-29 10:56:00,229.0374,229.0913,228.75,229.0689,188453
2026-07-29 10:57:00,229.0999,229.35,228.7101,228.74,213533
2026-07-29 10:58:00,228.74,228.7527,228.1101,228.15,307322
2026-07-29 10:59:00,228.17,228.46,228.0528,228.4133,266751
2026-07-29 11:00:00,228.41,228.59,227.81,227.95,347910
2026-07-29 11:01:00,227.85,228.11,227.64,227.67,291288
2026-07-29 11:02:00,227.6701,227.8,227.43,227.5397,247675
2026-07-29 11:03:00,227.54,227.69,227.35,227.3604,262246
2026-07-29 11:04:00,227.38,227.53,227.25,227.32,233337
2026-07-29 11:05:00,227.34,227.3999,226.71,226.81,422613
2026-07-29 11:06:00,226.82,226.9,226.24,226.3402,382994
2026-07-29 11:07:00,226.35,227.1,226.33,227.0,336868
2026-07-29 11:08:00,226.95,227.3899,226.7001,227.0539,332627
2026-07-29 11:09:00,227.05,227.05,226.5801,226.8117,240472
2026-07-29 11:10:00,226.78,227.36,226.52,227.2448,272682
2026-07-29 11:11:00,227.21,227.6599,227.18,227.41,277691
2026-07-29 11:12:00,227.46,227.59,227.0601,227.2,215616
2026-07-29 11:13:00,227.1703,227.4,226.93,227.2228,236828
2026-07-29 11:14:00,227.232,227.3,226.8001,227.0252,188558
2026-07-29 11:15:00,227.125,227.63,227.0803,227.242,206731
2026-07-29 11:16:00,227.26,227.4,226.9601,227.2801,163918
2026-07-29 11:17:00,227.25,227.4299,227.06,227.2291,138368
2026-07-29 11:18:00,227.1963,227.38,226.98,227.1369,148835
2026-07-29 11:19:00,227.14,227.36,226.76,227.2545,261144
2026-07-29 11:20:00,227.23,227.6,227.02,227.3956,273433
2026-07-29 11:21:00,227.4,227.45,227.19,227.305,136736
2026-07-29 11:22:00,227.2718,227.3895,226.81,226.82,195934
2026-07-29 11:23:00,226.83,226.925,226.5801,226.66,169954
2026-07-29 11:24:00,226.66,226.89,226.55,226.7666,186495
2026-07-29 11:25:00,226.785,226.8599,226.42,226.55,177739
2026-07-29 11:26:00,226.55,226.55,226.32,226.5025,193588
2026-07-29 11:27:00,226.46,227.05,226.46,226.5701,246335
2026-07-29 11:28:00,226.6055,226.6452,226.31,226.43,167265
2026-07-29 11:29:00,226.4324,226.8328,226.4324,226.7099,142805
2026-07-29 11:30:00,226.65,226.96,226.6,226.85,173465
2026-07-29 11:31:00,226.85,226.85,225.8006,225.84,424511
2026-07-29 11:32:00,225.83,226.0316,225.48,225.76,384670
2026-07-29 11:33:00,225.792,226.16,225.78,225.98,196564
2026-07-29 11:34:00,226.015,226.03,225.54,225.73,167174
2026-07-29 11:35:00,225.73,225.8799,225.337,225.438,207569
2026-07-29 11:36:00,225.4113,225.49,225.03,225.2,278173
2026-07-29 11:37:00,225.2614,225.4,224.91,225.0616,350852
2026-07-29 11:38:00,225.0619,225.39,224.8,224.975,269833
2026-07-29 11:39:00,225.01,225.1028,224.7601,224.92,211255
2026-07-29 11:40:00,224.96,225.18,224.86,225.0199,194199
2026-07-29 11:41:00,225.02,225.0399,224.79,224.81,192481
2026-07-29 11:42:00,224.8233,224.89,224.42,224.44,714696
2026-07-29 11:43:00,224.46,224.5999,224.16,224.44,299239
2026-07-29 11:44:00,224.45,224.96,224.4233,224.5259,255069
2026-07-29 11:45:00,224.49,224.77,224.26,224.71,203386
2026-07-29 11:46:00,224.71,225.02,224.6,224.71,206867
2026-07-29 11:47:00,224.6801,224.95,224.65,224.95,132746
2026-07-29 11:48:00,224.95,225.38,224.87,225.3252,226720
2026-07-29 11:49:00,225.31,225.44,224.96,224.96,208737
2026-07-29 11:50:00,224.97,225.1051,224.85,224.885,166537
2026-07-29 11:51:00,224.87,224.9,224.34,224.375,234129
2026-07-29 11:52:00,224.4,224.8499,224.36,224.72,189687
2026-07-29 11:53:00,224.728,224.81,224.41,224.5,153392
2026-07-29 11:54:00,224.46,224.9,224.31,224.8808,196169
2026-07-29 11:55:00,224.8665,224.96,224.12,224.13,264224
2026-07-29 11:56:00,224.13,224.16,223.32,223.6,780485
2026-07-29 11:57:00,223.56,223.65,223.1301,223.41,319142
2026-07-29 11:58:00,223.4606,223.61,223.11,223.2702,218686
2026-07-29 11:59:00,223.304,223.5,223.07,223.07,190058
2026-07-29 12:00:00,223.09,223.33,222.861,223.2297,374337
2026-07-29 12:01:00,223.26,223.42,222.91,222.96,238378
2026-07-29 12:02:00,223.0,223.39,222.9599,223.05,183015
2026-07-29 12:03:00,223.04,223.27,222.96,223.0,169904
2026-07-29 12:04:00,222.9705,223.43,222.96,223.38,203353
2026-07-29 12:05:00,223.355,223.789,223.268,223.6101,283440
2026-07-29 12:06:00,223.625,223.656,223.25,223.3601,176053
2026-07-29 12:07:00,223.3732,223.4599,223.18,223.21,164981
2026-07-29 12:08:00,223.2298,223.42,223.12,223.31,140488
2026-07-29 12:09:00,223.3101,223.55,223.088,223.1636,193869
2026-07-29 12:10:00,223.2,223.45,222.9518,222.975,171064
2026-07-29 12:11:00,223.01,223.39,222.9301,222.96,203558
2026-07-29 12:12:00,222.98,223.35,222.93,223.09,152064
2026-07-29 12:13:00,223.1097,223.1296,222.47,222.79,350910
2026-07-29 12:14:00,222.79,222.85,222.6401,222.71,355013
2026-07-29 12:15:00,222.71,223.04,222.69,222.9686,213095
2026-07-29 12:16:00,222.94,223.22,222.91,223.1789,175401
2026-07-29 12:17:00,223.14,223.27,223.0,223.0,114975
2026-07-29 12:18:00,223.02,223.6899,222.86,223.45,327800
2026-07-29 12:19:00,223.46,223.74,223.17,223.337,221223
2026-07-29 12:20:00,223.35,223.43,222.88,222.91,142869
2026-07-29 12:21:00,222.9,222.97,222.27,222.35,340562
2026-07-29 12:22:00,222.41,222.4865,222.0,222.1554,346121
2026-07-29 12:23:00,222.1592,222.24,222.0,222.1,220648
2026-07-29 12:24:00,222.08,222.12,221.5,221.54,337300
2026-07-29 12:25:00,221.565,221.9,221.37,221.4097,249644
2026-07-29 12:26:00,221.4,222.05,221.3,221.7101,335540
2026-07-29 12:27:00,221.78,222.0,221.5501,221.84,163016
2026-07-29 12:28:00,221.864,222.0,221.6,221.8063,112281
2026-07-29 12:29:00,221.78,222.0901,221.78,221.9801,188583
2026-07-29 12:30:00,221.98,222.13,221.65,221.65,151612
2026-07-29 12:31:00,221.653,221.76,221.3,221.4644,227671
2026-07-29 12:32:00,221.4699,221.8957,221.43,221.79,155022
2026-07-29 12:33:00,221.7899,221.85,221.4,221.49,145679
2026-07-29 12:34:00,221.4307,221.6899,221.15,221.2279,207865
2026-07-29 12:35:00,221.2595,221.75,221.225,221.45,185371
2026-07-29 12:36:00,221.454,221.7099,221.2101,221.5872,147412
2026-07-29 12:37:00,221.58,221.97,221.5206,221.835,160731
2026-07-29 12:38:00,221.86,222.425,221.84,222.3291,309525
2026-07-29 12:39:00,222.2,222.4,222.1867,222.2757,120909
2026-07-29 12:40:00,222.275,222.54,222.1201,222.1201,182616
2026-07-29 12:41:00,222.17,222.2,221.84,222.0,158488
2026-07-29 12:42:00,221.9997,222.34,221.9341,222.165,127935
2026-07-29 12:43:00,222.165,222.36,222.125,222.255,124297
2026-07-29 12:44:00,222.27,222.68,222.26,222.4728,176749
2026-07-29 12:45:00,222.48,222.5447,222.16,222.225,133731
2026-07-29 12:46:00,222.225,222.255,221.75,221.762,174232
2026-07-29 12:47:00,221.78,222.03,221.75,221.9117,119804
2026-07-29 12:48:00,221.93,221.9799,221.57,221.6,180341
2026-07-29 12:49:00,221.6026,221.86,221.42,221.48,181869
2026-07-29 12:50:00,221.5044,221.84,221.48,221.7,110191
2026-07-29 12:51:00,221.69,221.8213,221.3,221.39,147454
2026-07-29 12:52:00,221.5229,221.5229,221.11,221.2499,166612
2026-07-29 12:53:00,221.2,221.34,220.88,220.9601,296735
2026-07-29 12:54:00,220.98,221.1799,220.6,220.7656,252646
2026-07-29 12:55:00,220.76,220.8699,220.58,220.76,246516
2026-07-29 12:56:00,220.73,220.99,220.6059,220.8491,209093
2026-07-29 12:57:00,220.8899,220.95,220.5,220.6248,182226
2026-07-29 12:58:00,220.6044,220.7,220.31,220.37,177726
2026-07-29 12:59:00,220.3935,220.69,220.1301,220.2007,210491
2026-07-29 13:00:00,220.22,220.62,220.2,220.33,177256
2026-07-29 13:01:00,220.35,220.4009,220.01,220.1799,275353
2026-07-29 13:02:00,220.17,220.5,220.08,220.42,189384
2026-07-29 13:03:00,220.41,220.43,220.16,220.175,122543
2026-07-29 13:04:00,220.189,220.7,220.17,220.52,203436
2026-07-29 13:05:00,220.51,220.69,220.24,220.45,198121
2026-07-29 13:06:00,220.4599,220.95,220.31,220.74,256265
2026-07-29 13:07:00,220.75,220.9499,220.7201,220.8215,127773
2026-07-29 13:08:00,220.8373,220.99,220.74,220.955,129794
2026-07-29 13:09:00,220.955,221.25,220.87,221.205,226348
2026-07-29 13:10:00,221.15,221.5,221.071,221.2701,248253
2026-07-29 13:11:00,221.298,221.49,220.9301,221.4,181019
2026-07-29 13:12:00,221.3946,221.66,221.1655,221.1655,200434
2026-07-29 13:13:00,221.21,221.73,221.21,221.545,168916
2026-07-29 13:14:00,221.57,222.0,221.52,221.935,193466
2026-07-29 13:15:00,221.92,222.15,221.89,222.07,191872
2026-07-29 13:16:00,222.0545,222.18,221.65,221.72,241652
2026-07-29 13:17:00,221.73,221.9799,221.53,221.7499,153940
2026-07-29 13:18:00,221.71,221.89,221.5901,221.7704,110287
2026-07-29 13:19:00,221.81,222.0599,221.6406,221.9999,195229
2026-07-29 13:20:00,221.9601,222.25,221.8095,221.87,215054
2026-07-29 13:21:00,221.8601,222.35,221.81,222.315,172648
2026-07-29 13:22:00,222.33,222.6,222.29,222.5699,181789
2026-07-29 13:23:00,222.5464,222.68,222.3134,222.39,154783
2026-07-29 13:24:00,222.4,222.55,222.1859,222.51,123052
2026-07-29 13:25:00,222.51,222.5699,222.33,222.42,129025
2026-07-29 13:26:00,222.4384,222.6,222.3216,222.47,96967
2026-07-29 13:27:00,222.432,222.58,222.25,222.417,123257
2026-07-29 13:28:00,222.41,222.7,222.35,222.68,146834
2026-07-29 13:29:00,222.6813,223.2499,222.6572,223.22,254294
2026-07-29 13:30:00,223.2251,223.26,222.8501,222.89,228748
2026-07-29 13:31:00,222.875,223.04,222.7328,222.84,142629
2026-07-29 13:32:00,222.8532,222.9499,222.61,222.83,138707
2026-07-29 13:33:00,222.8101,223.29,222.8101,223.15,189273
2026-07-29 13:34:00,223.135,223.4356,223.06,223.35,198201
2026-07-29 13:35:00,223.325,223.47,223.07,223.125,165710
2026-07-29 13:36:00,223.11,223.43,223.1,223.1501,142023
2026-07-29 13:37:00,223.19,223.43,223.14,223.36,118431
2026-07-29 13:38:00,223.38,223.79,223.3672,223.73,254000
2026-07-29 13:39:00,223.71,223.76,223.47,223.5669,150099
2026-07-29 13:40:00,223.574,223.67,223.45,223.6,129958
2026-07-29 13:41:00,223.6,223.68,223.29,223.31,147353
2026-07-29 13:42:00,223.314,223.48,223.22,223.2999,108427
2026-07-29 13:43:00,223.264,223.389,223.1001,223.17,151192
2026-07-29 13:44:00,223.195,223.57,223.1664,223.57,114479
2026-07-29 13:45:00,223.57,223.6787,223.5001,223.64,161270
2026-07-29 13:46:00,223.6125,223.96,223.5001,223.8905,211478
2026-07-29 13:47:00,223.9084,223.9438,223.58,223.68,140166
2026-07-29 13:48:00,223.66,223.8899,223.6079,223.7959,323881
2026-07-29 13:49:00,223.84,224.25,223.8,224.2269,294949
2026-07-29 13:50:00,224.2269,224.24,223.9101,223.96,154638
2026-07-29 13:51:00,223.98,224.1999,223.9582,224.11,112866
2026-07-29 13:52:00,224.115,224.19,223.81,223.83,158990
2026-07-29 13:53:00,223.83,223.9699,223.53,223.6,156638
2026-07-29 13:54:00,223.6299,223.66,223.26,223.3786,168449
2026-07-29 13:55:00,223.39,223.6799,223.26,223.41,171425
2026-07-29 13:56:00,223.41,223.58,223.2735,223.29,94788
2026-07-29 13:57:00,223.276,223.3044,222.92,223.1404,208435
2026-07-29 13:58:00,223.17,223.4899,223.15,223.26,98423
2026-07-29 13:59:00,223.27,223.4999,223.19,223.39,602514
2026-07-29 14:00:00,223.39,223.81,223.37,223.59,154398
2026-07-29 14:01:00,223.59,223.68,223.2,223.2038,129052
2026-07-29 14:02:00,223.26,223.3099,222.96,223.07,155620
2026-07-29 14:03:00,223.03,223.133,222.9,222.9638,107121
2026-07-29 14:04:00,222.9616,223.06,222.82,222.9559,93620
2026-07-29 14:05:00,222.93,223.293,222.88,223.06,139959
2026-07-29 14:06:00,223.0401,223.34,223.0401,223.1844,107960
2026-07-29 14:07:00,223.1801,223.26,222.97,222.98,104577
2026-07-29 14:08:00,223.0,223.13,222.93,223.1126,95455
2026-07-29 14:09:00,223.11,223.1999,222.7,222.7,133494
2026-07-29 14:10:00,222.6501,222.9299,222.6501,222.78,133081
2026-07-29 14:11:00,222.8047,222.95,222.57,222.7153,105680
2026-07-29 14:12:00,222.6763,222.8599,222.59,222.84,122194
2026-07-29 14:13:00,222.84,223.04,222.84,222.965,135938
2026-07-29 14:14:00,222.94,223.0299,222.7601,222.95,88200
2026-07-29 14:15:00,222.96,223.213,222.88,223.1209,119451
2026-07-29 14:16:00,223.14,223.37,223.13,223.3048,130188
2026-07-29 14:17:00,223.27,223.32,223.115,223.16,98418
2026-07-29 14:18:00,223.179,223.2491,222.91,223.0515,104743
2026-07-29 14:19:00,223.06,223.06,222.8,222.92,116095
2026-07-29 14:20:00,222.9,223.2,222.82,222.91,110105
2026-07-29 14:21:00,222.88,223.1199,222.85,222.9372,91282
2026-07-29 14:22:00,222.94,222.9599,222.7,222.73,98716
2026-07-29 14:23:00,222.7299,222.7486,222.16,222.6399,265073
2026-07-29 14:24:00,222.64,222.9228,222.54,222.8955,124928
2026-07-29 14:25:00,222.85,222.95,222.72,222.74,114975
2026-07-29 14:26:00,222.735,222.78,222.39,222.4,160647
2026-07-29 14:27:00,222.42,222.8,222.24,222.305,187088
2026-07-29 14:28:00,222.3199,222.6499,222.26,222.58,150107
2026-07-29 14:29:00,222.555,222.69,222.5,222.675,95152
2026-07-29 14:30:00,222.65,222.86,222.6101,222.7806,94179
2026-07-29 14:31:00,222.81,222.98,222.64,222.84,115011
2026-07-29 14:32:00,222.8659,222.875,222.57,222.59,96949
2026-07-29 14:33:00,222.64,222.72,222.52,222.545,89407
2026-07-29 14:34:00,222.54,222.78,222.51,222.7057,72427
2026-07-29 14:35:00,222.71,222.9799,222.6763,222.815,127045
2026-07-29 14:36:00,222.84,223.0999,222.7301,223.0514,124614
2026-07-29 14:37:00,223.05,223.14,222.93,223.025,119449
2026-07-29 14:38:00,223.02,223.1399,222.94,223.0699,76777
2026-07-29 14:39:00,223.04,223.097,222.8727,222.9585,88902
2026-07-29 14:40:00,222.95,223.007,222.8301,222.93,85273
2026-07-29 14:41:00,222.91,222.95,222.6,222.7,124109
2026-07-29 14:42:00,222.685,222.8,222.4,222.52,156409
2026-07-29 14:43:00,222.5047,222.6896,222.5,222.545,90810
2026-07-29 14:44:00,222.5339,222.5599,222.2101,222.3076,166167
2026-07-29 14:45:00,222.302,222.38,221.95,221.98,227266
2026-07-29 14:46:00,222.0,222.09,221.8401,222.0499,161703
2026-07-29 14:47:00,222.04,222.15,221.84,221.8999,161120
2026-07-29 14:48:00,221.9,222.02,221.73,221.76,135040
2026-07-29 14:49:00,221.7761,221.7855,221.36,221.6499,192063
2026-07-29 14:50:00,221.64,221.8099,221.3903,221.6065,181398
2026-07-29 14:51:00,221.5742,221.74,221.55,221.65,113156
2026-07-29 14:52:00,221.615,221.6999,221.3,221.36,144424
2026-07-29 14:53:00,221.34,221.67,221.3001,221.66,151225
2026-07-29 14:54:00,221.6683,221.68,221.37,221.51,135039
2026-07-29 14:55:00,221.5443,221.6,221.18,221.44,170247
2026-07-29 14:56:00,221.44,221.51,221.28,221.348,122834
2026-07-29 14:57:00,221.342,221.55,221.16,221.2899,130260
2026-07-29 14:58:00,221.2899,221.38,221.1,221.2056,152918
2026-07-29 14:59:00,221.25,221.3599,221.09,221.285,145313
2026-07-29 15:00:00,221.32,221.3282,221.04,221.16,151524
2026-07-29 15:01:00,221.1799,221.45,221.09,221.3508,152724
2026-07-29 15:02:00,221.4,221.84,221.31,221.57,229788
2026-07-29 15:03:00,221.5999,221.6816,221.42,221.545,107424
2026-07-29 15:04:00,221.57,221.8,221.314,221.3279,190359
2026-07-29 15:05:00,221.35,221.5722,221.32,221.56,93964
2026-07-29 15:06:00,221.5331,221.68,221.44,221.46,132110
2026-07-29 15:07:00,221.458,221.5,221.09,221.3,175706
2026-07-29 15:08:00,221.29,221.37,221.2001,221.329,77552
2026-07-29 15:09:00,221.34,221.37,221.2224,221.26,60465
2026-07-29 15:10:00,221.26,221.4799,221.24,221.405,96095
2026-07-29 15:11:00,221.43,221.61,221.28,221.52,101094
2026-07-29 15:12:00,221.5784,221.69,221.26,221.29,148910
2026-07-29 15:13:00,221.3,221.37,220.9,220.9,276462
2026-07-29 15:14:00,220.96,221.18,220.8645,221.05,172341
2026-07-29 15:15:00,221.0397,221.2,220.9601,221.07,143341
2026-07-29 15:16:00,221.0619,221.2,220.8784,221.1699,132235
2026-07-29 15:17:00,221.13,221.22,220.88,220.8834,181841
2026-07-29 15:18:00,220.8801,221.11,220.88,221.02,99076
2026-07-29 15:19:00,221.0399,221.09,220.95,220.97,88801
2026-07-29 15:20:00,220.99,221.26,220.96,221.02,181926
2026-07-29 15:21:00,221.055,221.1299,220.9301,221.01,81412
2026-07-29 15:22:00,220.9942,221.0599,220.68,220.92,164780
2026-07-29 15:23:00,220.915,221.16,220.79,221.07,138840
2026-07-29 15:24:00,221.1,221.23,220.92,221.07,152377
2026-07-29 15:25:00,221.07,221.07,220.7201,220.9301,179451
2026-07-29 15:26:00,220.966,221.4599,220.94,221.23,247668
2026-07-29 15:27:00,221.215,221.4,221.09,221.179,145921
2026-07-29 15:28:00,221.18,221.4282,221.1601,221.3802,159998
2026-07-29 15:29:00,221.38,221.41,221.19,221.27,98589
2026-07-29 15:30:00,221.265,221.3599,221.1,221.335,153887
2026-07-29 15:31:00,221.33,221.33,220.82,220.87,160577
2026-07-29 15:32:00,220.8504,220.9899,220.61,220.965,306162
2026-07-29 15:33:00,220.9672,221.05,220.55,220.6599,216667
2026-07-29 15:34:00,220.64,220.84,220.53,220.79,181400
2026-07-29 15:35:00,220.785,220.84,220.62,220.74,140180
2026-07-29 15:36:00,220.76,221.11,220.7567,220.875,234667
2026-07-29 15:37:00,220.9,221.15,220.75,220.8,169561
2026-07-29 15:38:00,220.8,220.97,220.7,220.78,166920
2026-07-29 15:39:00,220.78,220.9,220.45,220.85,303397
2026-07-29 15:40:00,220.82,220.97,220.5501,220.7801,165621
2026-07-29 15:41:00,220.79,220.82,220.5,220.72,159534
2026-07-29 15:42:00,220.75,220.77,220.5,220.745,190828
2026-07-29 15:43:00,220.75,220.99,220.6,220.96,149785
2026-07-29 15:44:00,220.98,221.38,220.98,221.375,314527
2026-07-29 15:45:00,221.39,221.65,221.26,221.62,255247
2026-07-29 15:46:00,221.6203,221.6399,221.1,221.27,195322
2026-07-29 15:47:00,221.2612,221.8,221.2612,221.73,245398
2026-07-29 15:48:00,221.69,222.05,221.64,221.98,240815
2026-07-29 15:49:00,221.975,222.15,221.83,222.03,224496
2026-07-29 15:50:00,222.04,222.375,221.88,222.2918,317309
2026-07-29 15:51:00,222.37,222.41,222.1601,222.19,172107
2026-07-29 15:52:00,222.18,222.55,222.0301,222.24,207247
2026-07-29 15:53:00,222.23,222.45,222.17,222.44,162605
2026-07-29 15:54:00,222.44,222.78,222.03,222.5559,320204
2026-07-29 15:55:00,222.57,224.17,222.55,223.945,617374
2026-07-29 15:56:00,223.95,224.1399,223.75,223.8742,346358
2026-07-29 15:57:00,223.9,223.9544,223.6272,223.6492,405327
2026-07-29 15:58:00,223.66,223.67,223.03,223.115,503046
2026-07-29 15:59:00,223.13,223.14,220.0,222.68,1450580
2026-07-30 09:30:00,227.9,228.38,226.7875,227.8566,979692
2026-07-30 09:31:00,227.89,229.3,227.7501,228.9821,581073
2026-07-30 09:32:00,228.8901,229.59,227.75,229.2361,550330
2026-07-30 09:33:00,229.1348,229.75,228.94,229.7,507925
2026-07-30 09:34:00,229.6848,230.0,229.2201,229.63,630756
2026-07-30 09:35:00,229.63,230.87,229.6,230.485,844764
2026-07-30 09:36:00,230.46,230.82,229.81,230.5308,501286
2026-07-30 09:37:00,230.556,230.68,230.0531,230.4401,385820
2026-07-30 09:38:00,230.48,230.7899,229.7217,230.31,489245
2026-07-30 09:39:00,230.3789,230.87,229.86,230.85,419779
2026-07-30 09:40:00,230.81,231.35,230.79,231.085,692985
2026-07-30 09:41:00,231.075,231.3,230.717,230.8146,384084
2026-07-30 09:42:00,230.84,230.99,230.01,230.4776,416555
2026-07-30 09:43:00,230.475,230.89,229.98,230.009,340060
2026-07-30 09:44:00,230.01,230.34,229.28,229.47,483699
2026-07-30 09:45:00,229.46,231.6,229.43,231.2401,723073
2026-07-30 09:46:00,231.2666,231.73,230.99,231.3701,505370
2026-07-30 09:47:00,231.42,232.48,231.39,232.43,877796
2026-07-30 09:48:00,232.43,232.56,231.8128,232.27,503819
2026-07-30 09:49:00,232.31,232.55,231.85,232.539,395569
2026-07-30 09:50:00,232.48,232.67,232.01,232.2311,424265
2026-07-30 09:51:00,232.23,232.4,231.73,232.165,380931
2026-07-30 09:52:00,232.165,232.3,231.75,232.2783,305616
2026-07-30 09:53:00,232.2599,232.31,231.86,232.2815,255676
2026-07-30 09:54:00,232.25,233.35,231.96,233.3,640389
2026-07-30 09:55:00,233.32,233.71,227.9433,233.5596,631115
2026-07-30 09:56:00,233.51,233.77,233.3,233.466,435137
2026-07-30 09:57:00,233.42,233.78,233.28,233.5338,335887
2026-07-30 09:58:00,233.515,233.54,232.75,232.825,377958
2026-07-30 09:59:00,232.825,233.58,232.8,233.47,376283
2026-07-30 10:00:00,233.495,233.98,232.82,233.44,489259
2026-07-30 10:01:00,233.425,233.94,233.3139,233.81,298805
2026-07-30 10:02:00,233.85,234.1455,233.47,233.8498,414885
2026-07-30 10:03:00,233.89,234.0,233.51,233.905,226274
2026-07-30 10:04:00,233.8622,234.68,233.42,233.5,497598
2026-07-30 10:05:00,233.5348,233.78,232.77,232.8926,454311
2026-07-30 10:06:00,232.8961,233.07,232.51,233.0453,388069
2026-07-30 10:07:00,233.01,233.0499,232.05,232.1782,407089
2026-07-30 10:08:00,232.1799,232.6925,232.1201,232.2201,274057
2026-07-30 10:09:00,232.27,232.49,232.0587,232.4535,204470
2026-07-30 10:10:00,232.4972,232.6,231.92,232.24,347055
2026-07-30 10:11:00,232.2406,232.67,232.1091,232.63,223153
2026-07-30 10:12:00,232.6,232.9,232.2,232.8274,266841
2026-07-30 10:13:00,232.86,233.07,232.45,232.58,246674
2026-07-30 10:14:00,232.5605,232.75,232.03,232.195,268752
2026-07-30 10:15:00,232.18,232.89,231.93,232.8,328304
2026-07-30 10:16:00,232.8,233.36,232.4,232.65,405520
2026-07-30 10:17:00,232.72,232.9699,232.4,232.85,174117
2026-07-30 10:18:00,232.8701,232.92,232.5201,232.8126,127892
2026-07-30 10:19:00,232.81,232.9785,231.75,231.8751,280643
2026-07-30 10:20:00,231.85,231.97,231.2,231.4397,443515
2026-07-30 10:21:00,231.44,231.7031,231.34,231.62,209466
2026-07-30 10:22:00,231.6001,231.78,231.2502,231.4724,213420
2026-07-30 10:23:00,231.45,231.52,231.0884,231.28,226277
2026-07-30 10:24:00,231.28,231.5,231.13,231.256,186234
2026-07-30 10:25:00,231.25,231.36,230.8901,230.96,292506
2026-07-30 10:26:00,230.97,231.0581,230.75,231.01,258867
2026-07-30 10:27:00,230.9875,231.13,230.84,230.925,161310
2026-07-30 10:28:00,230.9497,231.2,230.8317,230.9099,180515
2026-07-30 10:29:00,230.89,230.924,230.22,230.5,338820
2026-07-30 10:30:00,230.55,231.4265,230.5201,231.25,315026
2026-07-30 10:31:00,231.2957,231.49,231.17,231.295,191656
2026-07-30 10:32:00,231.33,231.45,230.81,230.8639,223877
2026-07-30 10:33:00,230.87,230.875,230.4101,230.6,201915
2026-07-30 10:34:00,230.605,230.9499,230.3615,230.89,159327
2026-07-30 10:35:00,230.88,231.23,230.8201,231.15,167217
2026-07-30 10:36:00,231.16,231.5,231.141,231.5,211009
2026-07-30 10:37:00,231.459,231.5599,231.21,231.2804,167666
2026-07-30 10:38:00,231.315,231.6439,231.18,231.59,131437
2026-07-30 10:39:00,231.57,231.62,231.11,231.16,169741
2026-07-30 10:40:00,231.155,231.1799,230.6009,230.795,185207
2026-07-30 10:41:00,230.82,230.9599,230.55,230.9599,158627
2026-07-30 10:42:00,230.978,231.07,230.71,230.8499,97808
2026-07-30 10:43:00,230.8235,230.95,230.5304,230.94,114261
2026-07-30 10:44:00,230.96,231.3499,230.88,230.93,163536
2026-07-30 10:45:00,230.935,231.35,230.85,231.2543,117827
2026-07-30 10:46:00,231.26,231.3697,230.8,230.9968,123940
2026-07-30 10:47:00,231.0,231.2,230.82,231.1187,97922
2026-07-30 10:48:00,231.0915,231.32,230.86,231.21,142390
2026-07-30 10:49:00,231.195,231.3699,231.1101,231.245,124936
2026-07-30 10:50:00,231.2629,231.2629,230.8149,231.085,149767
2026-07-30 10:51:00,231.04,231.0799,230.625,230.7908,150245
2026-07-30 10:52:00,230.7201,230.8799,230.61,230.665,115802
2026-07-30 10:53:00,230.7,231.0,230.62,230.8811,106195
2026-07-30 10:54:00,230.91,231.1,230.6616,230.92,109795
2026-07-30 10:55:00,230.91,231.0,230.68,230.8,81702
2026-07-30 10:56:00,230.755,230.8799,230.35,230.815,185424
2026-07-30 10:57:00,230.815,230.88,230.52,230.585,115763
2026-07-30 10:58:00,230.6099,230.85,230.58,230.6864,78570
2026-07-30 10:59:00,230.705,230.86,230.61,230.825,91919
2026-07-30 11:00:00,230.825,231.15,230.73,231.0,130735
2026-07-30 11:01:00,230.98,231.13,230.9,231.0705,75383
2026-07-30 11:02:00,231.09,231.15,230.84,230.905,59379
2026-07-30 11:03:00,230.89,231.0699,230.7459,230.96,100515
2026-07-30 11:04:00,230.9425,231.3,230.91,231.06,164524
2026-07-30 11:05:00,231.06,231.5,231.06,231.4,172993
2026-07-30 11:06:00,231.35,231.65,231.35,231.5688,220430
2026-07-30 11:07:00,231.565,232.1,231.565,232.0,274583
2026-07-30 11:08:00,231.995,232.01,231.47,231.4892,149378
2026-07-30 11:09:00,231.49,231.52,231.28,231.3,146419
2026-07-30 11:10:00,231.32,231.51,231.147,231.44,153460
2026-07-30 11:11:00,231.42,231.61,231.3501,231.5199,107031
2026-07-30 11:12:00,231.49,231.5196,231.0,231.02,116606
2026-07-30 11:13:00,231.045,231.2,230.7,231.2,168734
2026-07-30 11:14:00,231.2,231.46,231.095,231.3501,103121
2026-07-30 11:15:00,231.36,231.52,231.2001,231.3862,101524
2026-07-30 11:16:00,231.43,231.55,231.1,231.12,111668
2026-07-30 11:17:00,231.16,231.55,231.13,231.445,94075
2026-07-30 11:18:00,231.47,231.51,231.19,231.48,63905
2026-07-30 11:19:00,231.49,231.5172,231.31,231.3986,61695
2026-07-30 11:20:00,231.355,231.355,231.11,231.29,70907
2026-07-30 11:21:00,231.307,231.51,231.2738,231.3553,67340
2026-07-30 11:22:00,231.33,231.5391,231.01,231.03,105169
2026-07-30 11:23:00,231.035,231.0799,230.64,230.8056,156181
2026-07-30 11:24:00,230.79,231.0,230.75,230.99,83025
2026-07-30 11:25:00,230.96,231.4,230.95,231.35,97318
2026-07-30 11:26:00,231.3575,231.46,231.18,231.42,80434
2026-07-30 11:27:00,231.41,231.5,231.31,231.5,84739
2026-07-30 11:28:00,231.4801,231.83,231.4801,231.74,196918
2026-07-30 11:29:00,231.7201,231.7876,231.6317,231.747,75252
2026-07-30 11:30:00,231.7682,231.8269,231.53,231.66,74972
2026-07-30 11:31:00,231.67,231.9,231.6,231.705,105922
2026-07-30 11:32:00,231.705,231.75,231.58,231.65,68173
2026-07-30 11:33:00,231.62,231.77,231.46,231.5801,91919
2026-07-30 11:34:00,231.635,231.72,231.23,231.265,98111
2026-07-30 11:35:00,231.29,231.2938,230.85,230.973,130562
2026-07-30 11:36:00,230.975,231.11,230.86,231.0702,109385
2026-07-30 11:37:00,231.075,231.3304,231.0431,231.16,74750
2026-07-30 11:38:00,231.2088,231.37,231.1,231.3496,80096
2026-07-30 11:39:00,231.31,231.43,231.14,231.3199,78297
2026-07-30 11:40:00,231.328,231.4466,231.15,231.39,60399
2026-07-30 11:41:00,231.4,231.4899,231.222,231.46,50706
2026-07-30 11:42:00,231.475,231.6879,231.33,231.6784,82882
2026-07-30 11:43:00,231.65,231.7896,231.45,231.4769,118567
2026-07-30 11:44:00,231.4676,231.57,231.2601,231.4501,90314
2026-07-30 11:45:00,231.45,231.6,231.3,231.599,54475
2026-07-30 11:46:00,231.6,231.7,231.54,231.65,69158
2026-07-30 11:47:00,231.6306,231.6306,231.35,231.46,60285
2026-07-30 11:48:00,231.4,231.49,231.21,231.4299,65437
2026-07-30 11:49:00,231.4101,231.59,231.3,231.58,46950
2026-07-30 11:50:00,231.58,231.633,231.3601,231.5,56281
2026-07-30 11:51:00,231.4563,231.5742,231.3801,231.4719,53218
2026-07-30 11:52:00,231.48,231.69,231.38,231.67,62242
2026-07-30 11:53:00,231.6799,232.04,231.6341,232.0,225640
2026-07-30 11:54:00,232.0,232.17,231.8848,232.1099,198463
2026-07-30 11:55:00,232.08,232.16,231.81,231.89,124294
2026-07-30 11:56:00,231.95,232.06,231.55,231.6,116567
2026-07-30 11:57:00,231.6,231.83,231.3378,231.44,160022
2026-07-30 11:58:00,231.44,231.4892,231.12,231.24,120179
2026-07-30 11:59:00,231.2105,231.33,231.02,231.115,105473
2026-07-30 12:00:00,231.1166,231.33,231.06,231.2815,79952
2026-07-30 12:01:00,231.29,231.4999,231.1,231.3156,125781
2026-07-30 12:02:00,231.3,231.665,231.2001,231.24,90617
2026-07-30 12:03:00,231.25,231.3,231.09,231.1899,80056
2026-07-30 12:04:00,231.175,231.2,230.9,230.97,116759
2026-07-30 12:05:00,230.95,231.04,230.8401,230.88,90149
2026-07-30 12:06:00,230.87,230.9699,230.7,230.775,89418
2026-07-30 12:07:00,230.7501,231.0999,230.75,230.93,64666
2026-07-30 12:08:00,230.9699,231.0903,230.8801,231.025,73790
2026-07-30 12:09:00,231.025,231.1587,230.91,231.04,68573
2026-07-30 12:10:00,231.02,231.5,231.0,231.48,88141
2026-07-30 12:11:00,231.47,231.68,231.3805,231.54,128396
2026-07-30 12:12:00,231.5357,231.6499,231.44,231.465,67604
2026-07-30 12:13:00,231.4729,231.55,231.43,231.51,39141
2026-07-30 12:14:00,231.505,231.72,231.48,231.645,95974
2026-07-30 12:15:00,231.6638,231.7,231.57,231.59,37197
2026-07-30 12:16:00,231.58,231.6449,231.43,231.51,67694
2026-07-30 12:17:00,231.525,231.8,231.5023,231.8,79760
2026-07-30 12:18:00,231.8,231.9215,231.71,231.8199,56549
2026-07-30 12:19:00,231.79,231.7958,231.64,231.74,48920
2026-07-30 12:20:00,231.74,231.9762,231.74,231.851,69227
2026-07-30 12:21:00,231.86,231.976,231.83,231.8799,47057
2026-07-30 12:22:00,231.8888,231.98,231.83,231.84,57436
2026-07-30 12:23:00,231.8459,231.8594,231.7,231.82,59360
2026-07-30 12:24:00,231.8099,231.9549,231.79,231.8338,42843
2026-07-30 12:25:00,231.801,231.8394,231.48,231.62,79692
2026-07-30 12:26:00,231.61,231.71,231.39,231.5901,86169
2026-07-30 12:27:00,231.6212,231.65,231.4,231.51,35910
2026-07-30 12:28:00,231.51,231.5799,231.35,231.4301,49762
2026-07-30 12:29:00,231.465,231.74,231.4406,231.6,51155
2026-07-30 12:30:00,231.58,231.6,231.39,231.51,48255
2026-07-30 12:31:00,231.53,231.53,231.24,231.455,70092
2026-07-30 12:32:00,231.47,231.47,231.21,231.3599,49974
2026-07-30 12:33:00,231.3001,231.3999,231.2,231.34,58740
2026-07-30 12:34:00,231.32,231.56,231.2572,231.51,63180
2026-07-30 12:35:00,231.52,231.74,231.36,231.74,141942
2026-07-30 12:36:00,231.72,231.78,231.47,231.571,94396
2026-07-30 12:37:00,231.595,231.595,231.19,231.2599,72060
2026-07-30 12:38:00,231.225,231.51,231.2019,231.29,85396
2026-07-30 12:39:00,231.295,231.3,231.08,231.2399,70175
2026-07-30 12:40:00,231.2,231.35,231.01,231.1522,72442
2026-07-30 12:41:00,231.135,231.287,230.9901,231.13,65473
2026-07-30 12:42:00,231.16,231.3,231.015,231.02,69343
2026-07-30 12:43:00,231.02,231.31,230.97,231.1635,58865
2026-07-30 12:44:00,231.195,231.43,231.195,231.33,53953
2026-07-30 12:45:00,231.36,231.46,231.24,231.305,34595
2026-07-30 12:46:00,231.305,231.6344,231.29,231.61,68551
2026-07-30 12:47:00,231.6298,231.67,231.43,231.5166,51997
2026-07-30 12:48:00,231.52,231.66,231.515,231.5927,51234
2026-07-30 12:49:00,231.62,231.6525,231.4601,231.5161,36543
2026-07-30 12:50:00,231.505,231.81,231.42,231.78,68999
2026-07-30 12:51:00,231.8,231.8,231.63,231.701,47273
2026-07-30 12:52:00,231.7399,231.7399,231.5507,231.63,43242
2026-07-30 12:53:00,231.6354,231.76,231.54,231.68,42953
2026-07-30 12:54:00,231.685,231.6943,231.51,231.6148,43302
2026-07-30 12:55:00,231.64,231.7114,231.37,231.54,58975
2026-07-30 12:56:00,231.54,231.78,231.4901,231.7472,56337
2026-07-30 12:57:00,231.75,231.79,231.6233,231.68,47547
2026-07-30 12:58:00,231.6799,231.7086,231.41,231.44,57898
2026-07-30 12:59:00,231.43,231.55,231.39,231.43,45371
2026-07-30 13:00:00,231.45,231.63,231.3156,231.45,79390
2026-07-30 13:01:00,231.4539,231.6338,231.4124,231.62,32255
2026-07-30 13:02:00,231.61,231.8099,231.61,231.7,65727
2026-07-30 13:03:00,231.69,231.8062,231.6701,231.7,28003
2026-07-30 13:04:00,231.705,231.89,231.705,231.8497,81524
2026-07-30 13:05:00,231.86,231.93,231.8001,231.8701,56769
2026-07-30 13:06:00,231.9,231.92,231.7704,231.81,43553
2026-07-30 13:07:00,231.79,232.0299,231.79,232.0114,79530
2026-07-30 13:08:00,232.02,232.11,231.9299,232.075,78025
2026-07-30 13:09:00,232.085,232.25,231.93,232.0699,144259
2026-07-30 13:10:00,232.01,232.19,231.92,232.17,65633
2026-07-30 13:11:00,232.1698,232.24,231.9156,231.94,108027
2026-07-30 13:12:00,231.9479,232.03,231.84,231.9299,59141
2026-07-30 13:13:00,231.87,232.0302,231.86,231.99,37211
2026-07-30 13:14:00,231.995,232.0984,231.91,232.0,36344
2026-07-30 13:15:00,231.97,232.06,231.965,232.03,23137
2026-07-30 13:16:00,232.0444,232.0444,231.7801,231.8749,53157
2026-07-30 13:17:00,231.865,232.0,231.81,231.9244,53213
2026-07-30 13:18:00,231.925,232.0,231.85,231.85,33004
2026-07-30 13:19:00,231.85,231.96,231.8164,231.9299,27927
2026-07-30 13:20:00,231.936,231.936,231.76,231.8,56288
2026-07-30 13:21:00,231.82,231.93,231.71,231.7444,30611
2026-07-30 13:22:00,231.71,231.84,231.6851,231.8199,48069
2026-07-30 13:23:00,231.79,231.79,231.49,231.5801,120148
2026-07-30 13:24:00,231.64,231.67,231.121,231.1601,155746
2026-07-30 13:25:00,231.17,231.2168,231.0,231.1499,122279
2026-07-30 13:26:00,231.1199,231.1699,230.88,230.96,122421
2026-07-30 13:27:00,230.935,231.06,230.89,231.04,65571
2026-07-30 13:28:00,231.02,231.04,230.82,230.8983,77332
2026-07-30 13:29:00,230.9397,231.09,230.89,231.01,69252
2026-07-30 13:30:00,231.02,231.02,230.59,230.745,150778
2026-07-30 13:31:00,230.7549,230.7549,230.23,230.2899,146829
2026-07-30 13:32:00,230.25,230.32,230.0702,230.17,167742
2026-07-30 13:33:00,230.185,230.232,229.83,229.9,246229
2026-07-30 13:34:00,229.9147,230.03,229.8,229.9399,120216
2026-07-30 13:35:00,229.94,230.17,229.9101,230.05,122864
2026-07-30 13:36:00,230.045,230.14,229.86,229.91,76602
2026-07-30 13:37:00,229.86,229.96,229.7101,229.83,120697
2026-07-30 13:38:00,229.7869,229.94,229.67,229.81,80776
2026-07-30 13:39:00,229.82,229.8899,229.6813,229.8462,62728
2026-07-30 13:40:00,229.855,229.93,229.77,229.9099,63420
2026-07-30 13:41:00,229.88,230.05,229.6,229.6589,140288
2026-07-30 13:42:00,229.63,229.7031,229.23,229.4901,188801
2026-07-30 13:43:00,229.49,229.9794,229.48,229.96,104329
2026-07-30 13:44:00,229.9556,230.03,229.8601,229.9699,77137
2026-07-30 13:45:00,229.945,229.97,229.7201,229.8902,67114
2026-07-30 13:46:00,229.8978,229.97,229.75,229.965,49936
2026-07-30 13:47:00,229.9799,230.28,229.93,230.2099,112564
2026-07-30 13:48:00,230.185,230.44,230.1,230.345,105442
2026-07-30 13:49:00,230.3697,230.64,230.345,230.45,111910
2026-07-30 13:50:00,230.4558,230.69,230.45,230.625,99482
2026-07-30 13:51:00,230.63,230.71,230.5,230.7099,64903
2026-07-30 13:52:00,230.6713,230.8,230.5801,230.785,82654
2026-07-30 13:53:00,230.78,230.8567,230.69,230.795,67172
2026-07-30 13:54:00,230.8185,230.85,230.67,230.7334,64482
2026-07-30 13:55:00,230.7155,230.72,230.52,230.545,80858
2026-07-30 13:56:00,230.57,230.7299,230.5301,230.6465,31377
2026-07-30 13:57:00,230.64,230.8,230.5,230.5515,80378
2026-07-30 13:58:00,230.5219,230.66,230.41,230.43,54300
2026-07-30 13:59:00,230.44,230.5499,229.9,230.0413,158513
2026-07-30 14:00:00,230.18,230.5799,229.65,229.95,139818
2026-07-30 14:01:00,229.895,230.35,229.7001,230.08,110220
2026-07-30 14:02:00,230.0701,230.44,230.0701,230.43,84958
2026-07-30 14:03:00,230.42,230.59,230.2101,230.5641,78802
2026-07-30 14:04:00,230.5963,230.78,230.5479,230.6547,100734
2026-07-30 14:05:00,230.69,230.9699,230.5741,230.9122,131656
2026-07-30 14:06:00,230.91,231.01,230.74,230.92,111870
2026-07-30 14:07:00,230.9125,230.97,230.64,230.76,87365
2026-07-30 14:08:00,230.76,231.0,230.65,230.8248,103757
2026-07-30 14:09:00,230.89,231.05,230.8,230.95,80814
2026-07-30 14:10:00,231.0,231.05,230.6464,230.7641,77753
2026-07-30 14:11:00,230.81,231.04,230.8002,230.97,64459
2026-07-30 14:12:00,230.93,231.0,230.8,230.92,49472
2026-07-30 14:13:00,230.933,230.98,230.78,230.8101,42044
2026-07-30 14:14:00,230.81,230.9298,230.8,230.89,31145
2026-07-30 14:15:00,230.91,231.04,230.91,230.9605,72236
2026-07-30 14:16:00,231.0,231.138,230.84,231.0699,77963
2026-07-30 14:17:00,231.03,231.2,231.0052,231.17,70687
2026-07-30 14:18:00,231.1983,231.25,231.13,231.24,86950
2026-07-30 14:19:00,231.2439,231.4199,231.23,231.4,106068
2026-07-30 14:20:00,231.4,231.42,231.179,231.34,69301
2026-07-30 14:21:00,231.3473,231.375,231.18,231.25,56549
2026-07-30 14:22:00,231.2649,231.3598,231.19,231.32,50697
2026-07-30 14:23:00,231.325,231.395,231.1969,231.2005,52754
2026-07-30 14:24:00,231.215,231.44,231.13,231.355,64949
2026-07-30 14:25:00,231.33,231.34,231.1501,231.1501,50587
2026-07-30 14:26:00,231.15,231.42,231.01,231.35,84062
2026-07-30 14:27:00,231.3486,231.355,231.1458,231.28,40551
2026-07-30 14:28:00,231.2999,231.3,231.1,231.15,35982
2026-07-30 14:29:00,231.16,231.3205,231.16,231.18,41935
2026-07-30 14:30:00,231.23,231.6479,231.23,231.6349,94817
2026-07-30 14:31:00,231.65,231.75,231.39,231.62,89935
2026-07-30 14:32:00,231.63,231.84,231.5639,231.82,91260
2026-07-30 14:33:00,231.815,231.99,231.7451,231.8601,140598
2026-07-30 14:34:00,231.93,231.93,231.7019,231.7799,83017
2026-07-30 14:35:00,231.76,231.85,231.05,231.085,157933
2026-07-30 14:36:00,231.04,231.37,230.5,231.169,222557
2026-07-30 14:37:00,231.13,231.56,230.77,231.2,173941
2026-07-30 14:38:00,231.2198,231.2932,230.91,231.24,118929
2026-07-30 14:39:00,231.21,231.3399,231.06,231.25,61742
2026-07-30 14:40:00,231.28,231.4706,231.1301,231.415,89003
2026-07-30 14:41:00,231.4123,231.98,231.28,231.9401,161430
2026-07-30 14:42:00,231.96,232.07,231.6501,232.0,150384
2026-07-30 14:43:00,231.99,232.3644,231.9023,232.33,186449
2026-07-30 14:44:00,232.34,232.3899,232.2304,232.3418,117234
2026-07-30 14:45:00,232.355,232.59,232.1056,232.59,153330
2026-07-30 14:46:00,232.565,232.6225,232.21,232.379,120010
2026-07-30 14:47:00,232.3571,232.4699,232.1501,232.255,77928
2026-07-30 14:48:00,232.255,232.69,232.24,232.69,159976
2026-07-30 14:49:00,232.6501,233.05,232.6201,232.962,230320
2026-07-30 14:50:00,232.985,233.15,232.87,233.03,180658
2026-07-30 14:51:00,233.015,233.1081,232.8058,232.96,104014
2026-07-30 14:52:00,232.9699,232.98,232.65,232.94,131972
2026-07-30 14:53:00,232.95,233.1,232.73,233.06,123607
2026-07-30 14:54:00,233.05,233.19,232.8893,232.95,112032
2026-07-30 14:55:00,232.91,233.0,232.7633,232.86,99102
2026-07-30 14:56:00,232.8,232.94,232.72,232.893,103794
2026-07-30 14:57:00,232.905,233.05,232.78,232.945,118080
2026-07-30 14:58:00,232.9234,232.9234,232.74,232.83,81034
2026-07-30 14:59:00,232.83,233.0252,232.79,232.955,81042
2026-07-30 15:00:00,232.9728,233.03,232.81,233.01,107974
2026-07-30 15:01:00,233.01,233.1,232.95,233.0818,106862
2026-07-30 15:02:00,233.08,233.36,233.05,233.28,158392
2026-07-30 15:03:00,233.3,233.427,232.9101,233.15,148749
2026-07-30 15:04:00,233.19,233.205,232.58,232.69,160890
2026-07-30 15:05:00,232.69,233.015,232.6617,232.8995,109446
2026-07-30 15:06:00,232.9,233.34,232.8401,233.2738,133128
2026-07-30 15:07:00,233.36,233.45,233.1122,233.4354,112686
2026-07-30 15:08:00,233.445,233.45,233.11,233.27,94438
2026-07-30 15:09:00,233.2831,233.3,232.75,232.8398,133160
2026-07-30 15:10:00,232.81,233.26,232.5901,233.1619,143759
2026-07-30 15:11:00,233.17,233.2599,232.7765,232.884,140875
2026-07-30 15:12:00,232.875,232.9915,232.6797,232.99,90419
2026-07-30 15:13:00,232.95,233.073,232.8,232.86,82773
2026-07-30 15:14:00,232.88,233.0,232.7263,232.895,101002
2026-07-30 15:15:00,232.92,233.11,232.92,233.05,95934
2026-07-30 15:16:00,233.05,233.2199,233.0207,233.14,98995
2026-07-30 15:17:00,233.14,233.2176,233.0342,233.07,75457
2026-07-30 15:18:00,233.05,233.055,232.09,232.1,212376
2026-07-30 15:19:00,232.1105,232.1105,231.7,231.7605,223535
2026-07-30 15:20:00,231.79,232.55,231.695,232.4001,190309
2026-07-30 15:21:00,232.4253,232.66,232.39,232.5867,145633
2026-07-30 15:22:00,232.56,232.64,232.22,232.44,106141
2026-07-30 15:23:00,232.41,232.4399,231.94,232.117,146170
2026-07-30 15:24:00,232.1217,232.1217,231.45,231.4501,162113
2026-07-30 15:25:00,231.475,231.84,231.3,231.5839,168213
2026-07-30 15:26:00,231.61,231.7999,231.43,231.5837,90456
2026-07-30 15:27:00,231.67,231.71,231.1,231.14,190095
2026-07-30 15:28:00,231.13,231.1999,230.72,230.94,174177
2026-07-30 15:29:00,230.925,231.23,230.86,231.205,127013
2026-07-30 15:30:00,231.25,231.42,230.82,231.175,158305
2026-07-30 15:31:00,231.14,231.54,231.03,231.4,146751
2026-07-30 15:32:00,231.4196,232.115,231.407,231.91,195942
2026-07-30 15:33:00,231.94,232.22,231.7473,231.8899,134491
2026-07-30 15:34:00,231.8171,232.08,231.73,231.77,85794
2026-07-30 15:35:00,231.83,232.39,231.81,232.28,151761
2026-07-30 15:36:00,232.28,232.4857,232.01,232.075,122817
2026-07-30 15:37:00,232.13,232.38,231.88,232.1001,119958
2026-07-30 15:38:00,232.155,232.23,231.8,232.08,99954
2026-07-30 15:39:00,232.05,232.28,231.99,232.1102,83363
2026-07-30 15:40:00,232.06,232.305,231.99,232.21,93098
2026-07-30 15:41:00,232.25,232.53,232.13,232.1805,150340
2026-07-30 15:42:00,232.23,232.34,232.0,232.265,124632
2026-07-30 15:43:00,232.26,232.53,232.1719,232.4564,116488
2026-07-30 15:44:00,232.49,232.82,232.28,232.65,142016
2026-07-30 15:45:00,232.62,232.8792,232.4408,232.8328,145003
2026-07-30 15:46:00,232.86,232.99,232.75,232.9099,149176
2026-07-30 15:47:00,232.85,232.93,232.35,232.36,146232
2026-07-30 15:48:00,232.3745,232.57,232.2,232.4603,135777
2026-07-30 15:49:00,232.44,232.62,232.3,232.53,85383
2026-07-30 15:50:00,232.46,232.8444,232.4,232.6654,205223
2026-07-30 15:51:00,232.65,232.81,231.99,232.09,220153
2026-07-30 15:52:00,232.06,232.26,231.7639,231.9693,134228
2026-07-30 15:53:00,231.93,232.1,231.7601,231.8675,156175
2026-07-30 15:54:00,231.85,232.38,231.68,232.26,268043
2026-07-30 15:55:00,232.28,232.29,231.35,231.785,271597
2026-07-30 15:56:00,231.77,231.98,231.41,231.49,162144
2026-07-30 15:57:00,231.52,231.65,231.26,231.35,184875
2026-07-30 15:58:00,231.34,231.87,231.34,231.86,264262
2026-07-30 15:59:00,231.87,232.18,231.87,232.1,621111
2026-07-31 09:30:00,227.69,228.6497,227.23,227.7101,745591
2026-07-31 09:31:00,227.7202,228.8,226.77,228.0999,640994
2026-07-31 09:32:00,228.046,228.85,227.94,228.68,387845
2026-07-31 09:33:00,228.685,229.75,228.4201,229.3064,470801
2026-07-31 09:34:00,229.3,230.4,229.06,229.2371,492743
2026-07-31 09:35:00,229.21,229.37,227.22,227.3134,498532
2026-07-31 09:36:00,227.3399,227.63,226.69,227.12,577535
2026-07-31 09:37:00,227.175,227.32,226.42,226.5978,519399
2026-07-31 09:38:00,226.615,227.55,226.59,227.09,435073
2026-07-31 09:39:00,226.99,227.37,226.85,227.0819,268029
2026-07-31 09:40:00,227.06,227.6999,226.8963,227.555,379379
2026-07-31 09:41:00,227.57,228.34,227.27,228.02,379782
2026-07-31 09:42:00,228.0789,228.9999,227.9113,228.71,325639
2026-07-31 09:43:00,228.6953,229.11,228.35,228.8505,289285
2026-07-31 09:44:00,228.855,229.0,228.4,228.575,199292
2026-07-31 09:45:00,228.5925,229.4034,228.53,228.84,311631
2026-07-31 09:46:00,228.835,229.3,228.82,229.08,224824
2026-07-31 09:47:00,229.105,229.65,228.9664,229.38,310453
2026-07-31 09:48:00,229.3733,229.52,228.58,228.82,245242
2026-07-31 09:49:00,228.845,229.03,228.0893,228.2,261572
2026-07-31 09:50:00,228.22,228.32,227.5801,227.68,308803
2026-07-31 09:51:00,227.7,228.51,227.665,228.06,266004
2026-07-31 09:52:00,228.055,228.8626,227.89,228.42,234249
2026-07-31 09:53:00,228.4799,228.57,228.2,228.385,153715
2026-07-31 09:54:00,228.3991,228.4993,227.9,228.0049,175650
2026-07-31 09:55:00,227.98,228.7851,227.8101,228.7,201767
2026-07-31 09:56:00,228.74,229.2,228.5,228.8021,284231
2026-07-31 09:57:00,228.77,229.2699,228.71,229.0789,164856
2026-07-31 09:58:00,229.0283,229.17,228.84,229.03,174471
2026-07-31 09:59:00,229.0348,229.14,228.6301,228.9317,194448
2026-07-31 10:00:00,228.93,229.87,228.3325,229.2987,387002
2026-07-31 10:01:00,229.355,230.4899,229.11,230.3918,352023
2026-07-31 10:02:00,230.3701,231.867,230.2801,231.72,540007
2026-07-31 10:03:00,231.7447,231.76,230.8256,231.0,332189
2026-07-31 10:04:00,231.07,231.1599,230.63,230.7699,240825
2026-07-31 10:05:00,230.74,231.07,229.91,229.95,311565
2026-07-31 10:06:00,229.99,230.22,229.6,229.77,267069
2026-07-31 10:07:00,229.825,229.8592,229.38,229.765,229565
2026-07-31 10:08:00,229.7688,229.9153,228.9,229.01,299731
2026-07-31 10:09:00,228.98,229.3,228.69,229.0,272091
2026-07-31 10:10:00,229.0599,229.3,228.5021,228.795,274280
2026-07-31 10:11:00,228.78,229.21,228.72,228.89,233262
2026-07-31 10:12:00,228.99,229.1,228.4603,228.52,262524
2026-07-31 10:13:00,228.56,229.1,228.41,228.9198,215054
2026-07-31 10:14:00,228.95,229.25,228.56,228.68,230712
2026-07-31 10:15:00,228.72,228.73,227.8624,228.075,372202
2026-07-31 10:16:00,228.05,228.62,227.82,227.85,252335
2026-07-31 10:17:00,227.84,228.3099,227.75,227.9956,194999
2026-07-31 10:18:00,228.04,228.2,227.48,227.67,302802
2026-07-31 10:19:00,227.65,227.9199,227.5,227.8361,224439
2026-07-31 10:20:00,227.8899,228.08,227.56,227.6442,193309
2026-07-31 10:21:00,227.6383,227.71,227.25,227.481,237359
2026-07-31 10:22:00,227.51,227.56,226.92,227.23,302778
2026-07-31 10:23:00,227.261,227.4783,226.9,226.9951,225821
2026-07-31 10:24:00,227.02,227.55,226.89,227.4395,245463
2026-07-31 10:25:00,227.44,227.67,227.2701,227.3801,156081
2026-07-31 10:26:00,227.4,227.58,227.1112,227.46,185316
2026-07-31 10:27:00,227.4989,227.5982,227.21,227.3509,132755
2026-07-31 10:28:00,227.41,227.48,226.92,226.98,171928
2026-07-31 10:29:00,226.99,227.09,226.634,226.77,316847
2026-07-31 10:30:00,226.79,227.08,226.6101,226.88,223148
2026-07-31 10:31:00,226.86,226.86,226.06,226.39,392738
2026-07-31 10:32:00,226.3862,226.4537,225.9642,226.03,319387
2026-07-31 10:33:00,226.0647,226.462,225.95,226.4295,229995
2026-07-31 10:34:00,226.4295,226.53,226.08,226.1499,209356
2026-07-31 10:35:00,226.095,226.35,225.64,226.225,350668
2026-07-31 10:36:00,226.245,226.3497,225.73,225.82,238514
2026-07-31 10:37:00,225.86,226.15,225.71,225.99,176994
2026-07-31 10:38:00,226.01,226.79,225.9576,226.79,250671
2026-07-31 10:39:00,226.8,226.9559,226.52,226.7,170972
2026-07-31 10:40:00,226.66,226.8099,226.5801,226.69,145274
2026-07-31 10:41:00,226.7684,226.92,226.4301,226.69,156788
2026-07-31 10:42:00,226.7541,227.06,226.5101,226.9312,205018
2026-07-31 10:43:00,226.94,227.06,226.6128,226.7625,148727
2026-07-31 10:44:00,226.79,227.09,226.7,226.7201,168490
2026-07-31 10:45:00,226.78,226.86,226.44,226.465,211535
2026-07-31 10:46:00,226.465,226.8491,226.0501,226.165,190050
2026-07-31 10:47:00,226.13,226.35,225.93,225.945,151358
2026-07-31 10:48:00,225.945,225.945,225.38,225.41,294350
2026-07-31 10:49:00,225.425,225.6799,225.35,225.47,233845
2026-07-31 10:50:00,225.49,226.4399,225.4851,226.33,197998
2026-07-31 10:51:00,226.31,226.41,225.87,226.015,210969
2026-07-31 10:52:00,225.98,226.18,225.7713,226.0699,131006
2026-07-31 10:53:00,226.0427,226.0427,225.52,225.6158,133693
2026-07-31 10:54:00,225.65,225.7099,225.1216,225.2106,240784
2026-07-31 10:55:00,225.2201,225.6182,225.09,225.61,261046
2026-07-31 10:56:00,225.57,225.79,225.3117,225.6309,181810
2026-07-31 10:57:00,225.65,225.71,225.05,225.35,201863
2026-07-31 10:58:00,225.3347,225.4099,224.76,224.79,363805
2026-07-31 10:59:00,224.8,225.04,224.6,225.0101,304810
2026-07-31 11:00:00,225.01,225.2,224.59,224.76,257058
2026-07-31 11:01:00,224.735,224.85,224.3,224.4053,323310
2026-07-31 11:02:00,224.4053,224.4899,224.01,224.17,299263
2026-07-31 11:03:00,224.18,224.48,224.13,224.45,195239
2026-07-31 11:04:00,224.41,224.5499,223.8268,223.895,266124
2026-07-31 11:05:00,223.92,224.3999,223.82,224.355,200869
2026-07-31 11:06:00,224.355,224.58,224.24,224.31,140315
2026-07-31 11:07:00,224.3,224.45,224.0,224.37,143370
2026-07-31 11:08:00,224.3701,224.56,224.07,224.1947,151318
2026-07-31 11:09:00,224.2,224.34,223.9,224.01,178993
2026-07-31 11:10:00,224.0315,224.4,223.94,224.28,166147
2026-07-31 11:11:00,224.3,224.669,224.2701,224.4848,172719
2026-07-31 11:12:00,224.4991,224.67,224.35,224.47,138100
2026-07-31 11:13:00,224.5299,224.59,224.2,224.34,118857
2026-07-31 11:14:00,224.37,224.7199,224.34,224.53,138229
2026-07-31 11:15:00,224.55,224.86,224.4413,224.67,236863
2026-07-31 11:16:00,224.68,225.06,224.65,224.87,177303
2026-07-31 11:17:00,224.85,225.37,224.7066,225.285,190127
2026-07-31 11:18:00,225.29,225.3534,224.9184,224.95,154064
2026-07-31 11:19:00,224.93,225.19,224.55,225.12,162556
2026-07-31 11:20:00,225.1378,225.36,224.93,225.33,163087
2026-07-31 11:21:00,225.3307,225.42,225.19,225.23,123643
2026-07-31 11:22:00,225.23,225.28,224.74,224.78,121337
2026-07-31 11:23:00,224.75,224.86,224.56,224.68,113286
2026-07-31 11:24:00,224.73,225.26,224.6095,225.1284,135928
2026-07-31 11:25:00,225.13,225.46,225.06,225.32,160437
2026-07-31 11:26:00,225.315,225.3699,224.92,225.06,108775
2026-07-31 11:27:00,225.05,225.35,224.95,225.125,127841
2026-07-31 11:28:00,225.12,225.2847,224.98,225.0082,120699
2026-07-31 11:29:00,225.01,225.05,224.72,224.9399,112423
2026-07-31 11:30:00,224.91,225.14,224.6301,225.1196,104993
2026-07-31 11:31:00,225.12,225.23,225.03,225.11,102570
2026-07-31 11:32:00,225.075,225.26,224.85,224.96,114516
2026-07-31 11:33:00,224.97,225.15,224.56,224.6004,127340
2026-07-31 11:34:00,224.6061,224.8,224.5,224.7199,127648
2026-07-31 11:35:00,224.72,224.7583,224.33,224.375,96941
2026-07-31 11:36:00,224.39,224.62,224.31,224.41,135240
2026-07-31 11:37:00,224.38,224.47,224.3,224.3999,119060
2026-07-31 11:38:00,224.38,224.465,224.27,224.285,124642
2026-07-31 11:39:00,224.2748,224.42,224.17,224.19,189489
2026-07-31 11:40:00,224.2,224.215,223.3701,223.466,394746
2026-07-31 11:41:00,223.45,223.5599,223.1901,223.3001,212969
2026-07-31 11:42:00,223.33,223.3399,222.75,222.86,335174
2026-07-31 11:43:00,222.86,223.3732,222.6,223.325,305524
2026-07-31 11:44:00,223.325,223.3699,222.7601,222.7601,170853
2026-07-31 11:45:00,222.8,223.1299,222.65,222.7966,196955
2026-07-31 11:46:00,222.86,223.0687,222.82,222.975,118223
2026-07-31 11:47:00,222.9978,223.1,222.88,222.99,89980
2026-07-31 11:48:00,222.95,223.1,222.82,222.94,102932
2026-07-31 11:49:00,222.94,223.1699,222.8713,223.05,128645
2026-07-31 11:50:00,223.03,223.25,223.01,223.1836,137695
2026-07-31 11:51:00,223.18,223.35,223.105,223.13,159249
2026-07-31 11:52:00,223.13,223.21,222.88,223.0,151470
2026-07-31 11:53:00,223.02,223.19,222.77,222.92,160315
2026-07-31 11:54:00,222.94,222.98,222.3,222.82,299789
2026-07-31 11:55:00,222.815,223.24,222.7832,223.2001,157784
2026-07-31 11:56:00,223.21,223.25,222.96,223.0,112796
2026-07-31 11:57:00,223.0743,223.2775,222.92,223.2399,71566
2026-07-31 11:58:00,223.25,223.36,222.98,223.03,113297
2026-07-31 11:59:00,223.04,223.1899,222.575,222.6206,143646
2026-07-31 12:00:00,222.614,222.8594,222.4,222.68,193547
2026-07-31 12:01:00,222.6921,222.94,222.64,222.7599,79327
2026-07-31 12:02:00,222.7537,223.34,222.73,223.3225,117622
2026-07-31 12:03:00,223.3425,223.3425,222.94,223.2334,115145
2026-07-31 12:04:00,223.17,223.3247,223.03,223.2356,72472
2026-07-31 12:05:00,223.235,223.26,222.95,223.05,114507
2026-07-31 12:06:00,223.05,223.47,223.0301,223.3514,124093
2026-07-31 12:07:00,223.394,223.87,223.34,223.58,165342
2026-07-31 12:08:00,223.57,223.71,223.27,223.4579,115379
2026-07-31 12:09:00,223.49,223.6038,223.31,223.4,86817
2026-07-31 12:10:00,223.38,223.6555,223.32,223.55,89022
2026-07-31 12:11:00,223.5387,223.7386,223.41,223.5099,89690
2026-07-31 12:12:00,223.52,223.75,223.435,223.725,79877
2026-07-31 12:13:00,223.76,223.89,223.65,223.8399,69976
2026-07-31 12:14:00,223.825,223.938,223.67,223.735,89240
2026-07-31 12:15:00,223.7575,223.98,223.6653,223.8593,102515
2026-07-31 12:16:00,223.85,223.96,223.67,223.7381,60381
2026-07-31 12:17:00,223.8,223.85,223.65,223.67,47444
2026-07-31 12:18:00,223.6702,223.78,223.38,223.48,87152
2026-07-31 12:19:00,223.4826,223.4826,222.95,223.12,127751
2026-07-31 12:20:00,223.1599,223.25,222.9,222.9835,85375
2026-07-31 12:21:00,222.9754,223.1,222.68,222.7014,120584
2026-07-31 12:22:00,222.69,222.77,222.34,222.3401,187768
2026-07-31 12:23:00,222.34,222.5386,222.27,222.35,153559
2026-07-31 12:24:00,222.355,222.62,222.3,222.42,127544
2026-07-31 12:25:00,222.44,222.6,222.38,222.44,74263
2026-07-31 12:26:00,222.435,222.4378,222.25,222.28,144339
2026-07-31 12:27:00,222.29,222.34,222.1,222.1569,210655
2026-07-31 12:28:00,222.1659,222.27,222.05,222.0604,192939
2026-07-31 12:29:00,222.05,222.4,221.97,222.2938,303410
2026-07-31 12:30:00,222.279,222.2899,221.94,221.985,135872
2026-07-31 12:31:00,222.0099,222.2,221.9301,222.04,132170
2026-07-31 12:32:00,222.05,222.2,221.9,222.03,103433
2026-07-31 12:33:00,222.03,222.1599,221.93,221.97,95705
2026-07-31 12:34:00,221.97,222.14,221.89,221.9,110107
2026-07-31 12:35:00,221.9215,222.08,221.85,221.9,128635
2026-07-31 12:36:00,221.92,222.3768,221.9,222.19,113604
2026-07-31 12:37:00,222.21,222.38,221.93,221.9319,94769
2026-07-31 12:38:00,221.93,222.0799,221.85,221.92,81497
2026-07-31 12:39:00,221.9394,222.025,221.7444,221.75,138943
2026-07-31 12:40:00,221.78,221.94,221.7,221.7298,136961
2026-07-31 12:41:00,221.72,221.76,221.6304,221.65,94083
2026-07-31 12:42:00,221.675,221.73,221.39,221.445,249101
2026-07-31 12:43:00,221.47,221.81,221.425,221.6941,132883
2026-07-31 12:44:00,221.69,221.96,221.4501,221.4701,197607
2026-07-31 12:45:00,221.47,221.7,221.4089,221.62,127159
2026-07-31 12:46:00,221.65,221.76,221.4788,221.4788,135392
2026-07-31 12:47:00,221.51,221.64,221.42,221.4385,95414
2026-07-31 12:48:00,221.425,221.52,221.4,221.435,79120
2026-07-31 12:49:00,221.47,221.61,221.35,221.5,114546
2026-07-31 12:50:00,221.5,221.52,221.27,221.37,160383
2026-07-31 12:51:00,221.38,221.46,221.19,221.2195,148708
2026-07-31 12:52:00,221.22,221.32,220.9501,220.9701,258824
2026-07-31 12:53:00,220.98,221.5,220.94,221.46,161447
2026-07-31 12:54:00,221.4466,221.58,221.311,221.46,137336
2026-07-31 12:55:00,221.415,221.75,221.4096,221.6494,119293
2026-07-31 12:56:00,221.65,221.8,221.5,221.6552,134116
2026-07-31 12:57:00,221.68,221.86,221.47,221.57,94435
2026-07-31 12:58:00,221.49,221.76,221.4,221.68,74534
2026-07-31 12:59:00,221.69,221.69,221.49,221.57,52521
2026-07-31 13:00:00,221.56,221.74,221.47,221.6684,57815
2026-07-31 13:01:00,221.654,221.8,221.42,221.4601,81502
2026-07-31 13:02:00,221.5,221.53,221.17,221.205,83628
2026-07-31 13:03:00,221.24,221.47,221.1762,221.29,75521
2026-07-31 13:04:00,221.31,221.58,221.3,221.48,57334
2026-07-31 13:05:00,221.52,221.58,221.1101,221.18,89760
2026-07-31 13:06:00,221.18,221.2504,220.9302,220.9599,103645
2026-07-31 13:07:00,220.93,221.0,220.84,220.9227,142440
2026-07-31 13:08:00,220.9499,221.1499,220.84,220.8899,113004
2026-07-31 13:09:00,220.87,221.06,220.7,220.84,162980
2026-07-31 13:10:00,220.85,220.9499,220.7,220.73,116479
2026-07-31 13:11:00,220.72,220.8599,220.7,220.78,85751
2026-07-31 13:12:00,220.78,220.8463,220.55,220.6485,191312
2026-07-31 13:13:00,220.69,220.82,220.56,220.61,106471
2026-07-31 13:14:00,220.6,220.69,220.47,220.57,164053
2026-07-31 13:15:00,220.61,220.7698,220.45,220.66,105742
2026-07-31 13:16:00,220.62,220.6868,220.46,220.5399,100979
2026-07-31 13:17:00,220.5,220.64,220.35,220.365,133893
2026-07-31 13:18:00,220.38,220.67,220.38,220.5201,121325
2026-07-31 13:19:00,220.52,220.6,220.35,220.3999,89818
2026-07-31 13:20:00,220.38,220.5899,220.35,220.3501,93125
2026-07-31 13:21:00,220.38,220.5381,220.34,220.4181,95515
2026-07-31 13:22:00,220.42,220.4453,220.15,220.15,197763
2026-07-31 13:23:00,220.1584,220.18,219.74,219.94,608229
2026-07-31 13:24:00,219.92,220.43,219.9,220.2088,234707
2026-07-31 13:25:00,220.18,220.29,219.9619,220.0589,102270
2026-07-31 13:26:00,220.03,220.0699,219.5201,219.6101,186071
2026-07-31 13:27:00,219.64,220.04,219.55,220.04,152735
2026-07-31 13:28:00,220.0116,220.27,219.95,220.1455,134154
2026-07-31 13:29:00,220.16,220.22,219.75,219.78,109426
2026-07-31 13:30:00,219.82,220.0,219.7401,219.7401,92863
2026-07-31 13:31:00,219.78,219.82,219.57,219.6333,138914
2026-07-31 13:32:00,219.63,219.805,219.52,219.7762,138934
2026-07-31 13:33:00,219.75,219.75,219.44,219.55,142432
2026-07-31 13:34:00,219.53,219.5328,219.25,219.3401,149985
2026-07-31 13:35:00,219.374,219.62,219.34,219.53,125508
2026-07-31 13:36:00,219.54,219.55,219.15,219.19,141629
2026-07-31 13:37:00,219.21,219.3699,218.9001,218.9001,223178
2026-07-31 13:38:00,218.93,219.0899,218.8101,218.865,212545
2026-07-31 13:39:00,218.88,218.9199,218.21,218.2101,262498
2026-07-31 13:40:00,218.222,218.45,217.81,218.0899,401279
2026-07-31 13:41:00,218.088,218.65,218.0501,218.46,232384
2026-07-31 13:42:00,218.46,218.5084,217.97,218.06,144698
2026-07-31 13:43:00,218.06,218.31,217.98,218.08,143940
2026-07-31 13:44:00,218.09,218.1999,217.62,218.1772,281356
2026-07-31 13:45:00,218.15,218.55,218.12,218.41,207143
2026-07-31 13:46:00,218.37,219.17,218.305,218.93,247500
2026-07-31 13:47:00,218.96,219.25,218.94,219.22,180013
2026-07-31 13:48:00,219.226,219.46,219.01,219.03,182049
2026-07-31 13:49:00,219.0494,219.53,219.01,219.455,132457
2026-07-31 13:50:00,219.46,219.6,219.38,219.41,148953
2026-07-31 13:51:00,219.39,219.7105,219.28,219.6336,154678
2026-07-31 13:52:00,219.6342,219.89,219.52,219.66,141151
2026-07-31 13:53:00,219.7,220.14,219.53,220.05,166860
2026-07-31 13:54:00,220.05,220.4665,220.01,220.06,188421
2026-07-31 13:55:00,220.1,220.25,219.9701,220.1806,142673
2026-07-31 13:56:00,220.19,220.2442,219.76,219.795,165214
2026-07-31 13:57:00,219.776,220.2,219.74,220.1712,109611
2026-07-31 13:58:00,220.16,220.2999,219.9,219.95,101504
2026-07-31 13:59:00,219.9679,220.3399,219.9679,220.2457,109558
2026-07-31 14:00:00,220.245,220.59,219.87,219.9,197081
2026-07-31 14:01:00,219.88,220.0,219.78,219.87,123481
2026-07-31 14:02:00,219.8501,219.9629,219.6,219.69,157786
2026-07-31 14:03:00,219.695,220.06,219.69,219.77,218366
2026-07-31 14:04:00,219.765,219.98,219.6301,219.765,96228
2026-07-31 14:05:00,219.72,219.7686,219.5,219.5201,112187
2026-07-31 14:06:00,219.5368,219.6705,219.29,219.4301,115164
2026-07-31 14:07:00,219.47,219.68,219.43,219.48,85692
2026-07-31 14:08:00,219.5,219.53,219.151,219.22,126685
2026-07-31 14:09:00,219.24,219.31,218.78,218.8733,214038
2026-07-31 14:10:00,218.89,219.0,218.7,218.88,151586
2026-07-31 14:11:00,218.885,218.975,218.55,218.5976,163044
2026-07-31 14:12:00,218.5996,218.67,218.12,218.1701,193040
2026-07-31 14:13:00,218.1999,218.7399,218.16,218.59,185256
2026-07-31 14:14:00,218.61,218.9,218.59,218.73,151339
2026-07-31 14:15:00,218.78,218.86,218.48,218.52,111190
2026-07-31 14:16:00,218.5882,218.7227,218.4532,218.62,90477
2026-07-31 14:17:00,218.62,218.8699,218.62,218.69,126837
2026-07-31 14:18:00,218.73,218.76,218.4,218.4799,111057
2026-07-31 14:19:00,218.4825,218.51,218.02,218.1501,160277
2026-07-31 14:20:00,218.2,218.46,218.17,218.3745,125775
2026-07-31 14:21:00,218.4018,218.71,218.29,218.3279,160975
2026-07-31 14:22:00,218.36,218.58,218.36,218.46,101225
2026-07-31 14:23:00,218.44,218.58,218.3423,218.4,104064
2026-07-31 14:24:00,218.43,218.47,217.92,218.0175,193053
2026-07-31 14:25:00,218.02,218.1299,217.8,217.9,173952
2026-07-31 14:26:00,217.86,218.2,217.67,217.75,221982
2026-07-31 14:27:00,217.73,217.84,217.3,217.315,279666
2026-07-31 14:28:00,217.315,217.6499,217.14,217.54,272903
2026-07-31 14:29:00,217.54,217.7881,217.5,217.6,128819
2026-07-31 14:30:00,217.5993,218.12,217.48,217.685,219602
2026-07-31 14:31:00,217.72,217.72,217.33,217.42,123785
2026-07-31 14:32:00,217.4,217.69,217.33,217.3951,97785
2026-07-31 14:33:00,217.3506,217.46,217.01,217.2599,193536
2026-07-31 14:34:00,217.22,217.25,216.92,216.99,273896
2026-07-31 14:35:00,216.99,217.11,216.86,216.95,190442
2026-07-31 14:36:00,216.93,217.04,216.7248,216.95,171489
2026-07-31 14:37:00,216.91,222.7198,216.72,216.8863,177615
2026-07-31 14:38:00,216.89,216.92,216.6331,216.7344,157868
2026-07-31 14:39:00,216.75,217.34,216.75,217.33,210269
2026-07-31 14:40:00,217.33,217.74,217.31,217.63,171460
2026-07-31 14:41:00,217.6335,217.6799,217.0,217.08,166083
2026-07-31 14:42:00,217.06,217.14,217.0,217.08,146584
2026-07-31 14:43:00,217.07,217.07,216.6,216.62,143757
2026-07-31 14:44:00,216.6226,216.67,216.3,216.37,205070
2026-07-31 14:45:00,216.38,216.57,216.26,216.32,163094
2026-07-31 14:46:00,216.35,216.53,216.25,216.38,120602
2026-07-31 14:47:00,216.38,216.64,216.26,216.29,142823
2026-07-31 14:48:00,216.34,216.45,216.13,216.13,160986
2026-07-31 14:49:00,216.141,216.2851,216.035,216.12,155390
2026-07-31 14:50:00,216.14,216.28,216.035,216.1001,107651
2026-07-31 14:51:00,216.125,216.28,216.02,216.13,119418
2026-07-31 14:52:00,216.135,216.28,215.48,215.525,383521
2026-07-31 14:53:00,215.53,215.76,215.25,215.485,369288
2026-07-31 14:54:00,215.49,215.6799,215.01,215.02,324044
2026-07-31 14:55:00,215.04,215.36,214.9,214.9457,504460
2026-07-31 14:56:00,214.965,215.51,214.9476,215.16,279976
2026-07-31 14:57:00,215.15,215.5,215.06,215.44,194949
2026-07-31 14:58:00,215.4784,215.5899,215.21,215.2334,252717
2026-07-31 14:59:00,215.24,215.36,214.94,215.16,236719
2026-07-31 15:00:00,215.14,215.2299,214.92,215.1,188474
2026-07-31 15:01:00,215.065,215.145,214.75,215.145,210985
2026-07-31 15:02:00,215.1599,215.52,215.09,215.22,241931
2026-07-31 15:03:00,215.22,215.265,214.78,214.9,199792
2026-07-31 15:04:00,214.89,215.2,214.3328,215.01,286996
2026-07-31 15:05:00,214.9701,215.11,214.8145,214.92,157928
2026-07-31 15:06:00,214.945,215.08,214.56,214.6401,207601
2026-07-31 15:07:00,214.68,214.95,214.62,214.8176,150236
2026-07-31 15:08:00,214.835,215.1334,214.71,215.13,160979
2026-07-31 15:09:00,215.15,215.4198,215.025,215.33,173749
2026-07-31 15:10:00,215.34,215.55,215.09,215.43,181430
2026-07-31 15:11:00,215.47,215.8585,215.37,215.8253,236642
2026-07-31 15:12:00,215.85,216.05,215.745,215.9,247834
2026-07-31 15:13:00,215.925,215.95,215.71,215.76,147979
2026-07-31 15:14:00,215.74,215.81,215.4,215.56,175371
2026-07-31 15:15:00,215.56,215.7268,215.3,215.5,184606
2026-07-31 15:16:00,215.46,215.85,215.39,215.62,163578
2026-07-31 15:17:00,215.66,215.87,215.5701,215.76,153267
2026-07-31 15:18:00,215.735,216.25,215.735,216.15,230874
2026-07-31 15:19:00,216.1431,216.3399,215.9405,216.15,193573
2026-07-31 15:20:00,216.15,216.46,216.01,216.05,197760
2026-07-31 15:21:00,216.02,216.18,215.6601,216.08,210397
2026-07-31 15:22:00,216.075,216.5,216.0619,216.305,209219
2026-07-31 15:23:00,216.28,216.375,216.01,216.27,170445
2026-07-31 15:24:00,216.2356,216.42,216.1,216.4,146140
2026-07-31 15:25:00,216.37,216.7,216.28,216.4601,221431
2026-07-31 15:26:00,216.46,216.83,216.43,216.605,167104
2026-07-31 15:27:00,216.63,216.68,216.3,216.35,155867
2026-07-31 15:28:00,216.3599,216.5799,216.01,216.1691,205326
2026-07-31 15:29:00,216.19,216.5,216.1,216.45,143495
2026-07-31 15:30:00,216.45,216.69,216.36,216.57,149233
2026-07-31 15:31:00,216.56,216.77,216.48,216.58,130233
2026-07-31 15:32:00,216.58,216.6999,216.3,216.51,144581
2026-07-31 15:33:00,216.52,216.95,216.52,216.935,186514
2026-07-31 15:34:00,216.935,216.99,216.49,216.54,185494
2026-07-31 15:35:00,216.55,216.8499,216.32,216.3503,175610
2026-07-31 15:36:00,216.3495,216.4147,216.04,216.2899,183529
2026-07-31 15:37:00,216.24,216.48,216.14,216.4342,132097
2026-07-31 15:38:00,216.46,217.15,216.46,216.905,247323
2026-07-31 15:39:00,216.89,216.92,216.5757,216.68,132796
2026-07-31 15:40:00,216.65,216.73,216.08,216.12,170934
2026-07-31 15:41:00,216.135,216.2961,216.0,216.16,204407
2026-07-31 15:42:00,216.1107,216.2292,215.65,215.68,236679
2026-07-31 15:43:00,215.69,215.9099,215.58,215.81,245931
2026-07-31 15:44:00,215.8,215.82,215.52,215.61,166025
2026-07-31 15:45:00,215.61,216.23,215.5954,215.7101,244958
2026-07-31 15:46:00,215.74,216.2974,215.67,216.035,156750
2026-07-31 15:47:00,216.0399,216.65,215.98,216.5794,223261
2026-07-31 15:48:00,216.55,216.9,216.47,216.7801,185371
2026-07-31 15:49:00,216.78,217.32,216.76,217.04,277097
2026-07-31 15:50:00,217.06,217.49,216.7301,216.86,362529
2026-07-31 15:51:00,216.8001,217.15,216.6,216.76,283054
2026-07-31 15:52:00,216.78,217.0,216.46,216.5112,220929
2026-07-31 15:53:00,216.55,216.7332,216.15,216.7,283100
2026-07-31 15:54:00,216.67,216.67,215.9267,216.33,354429
2026-07-31 15:55:00,216.36,217.47,216.3,216.83,500574
2026-07-31 15:56:00,216.83,217.34,216.76,216.9869,332226
2026-07-31 15:57:00,216.975,217.15,216.95,217.0,276994
2026-07-31 15:58:00,217.0,217.055,216.77,216.81,395456
2026-07-31 15:59:00,216.79,217.02,216.65,216.7501,667203
2026-08-01 09:30:00,214.88,215.03,212.44,214.5999,1195483
2026-08-01 09:31:00,214.4101,214.6,213.0,213.63,530102
2026-08-01 09:32:00,213.69,214.49,213.18,213.57,442979
2026-08-01 09:33:00,213.58,213.85,213.01,213.14,484385
2026-08-01 09:34:00,213.13,213.89,212.7502,213.43,443235
2026-08-01 09:35:00,213.46,214.75,213.44,214.13,393802
2026-08-01 09:36:00,214.125,214.5878,213.69,214.0,397836
2026-08-01 09:37:00,214.07,214.41,213.55,213.81,294394
2026-08-01 09:38:00,213.875,214.11,213.5,214.03,336782
2026-08-01 09:39:00,213.99,215.25,213.52,214.94,443284
2026-08-01 09:40:00,215.07,216.13,214.92,215.87,522808
2026-08-01 09:41:00,215.82,215.85,214.69,214.98,357703
2026-08-01 09:42:00,214.97,215.13,214.1501,214.16,302013
2026-08-01 09:43:00,214.16,215.0687,213.8319,214.81,399243
2026-08-01 09:44:00,214.77,215.06,213.93,214.0705,235095
2026-08-01 09:45:00,214.065,215.1435,213.8,215.0,294825
2026-08-01 09:46:00,214.92,215.026,213.6,213.7501,327363
2026-08-01 09:47:00,213.82,213.98,213.15,213.745,463850
2026-08-01 09:48:00,213.7868,214.03,213.07,213.75,320456
2026-08-01 09:49:00,213.65,215.15,213.37,214.99,349147
2026-08-01 09:50:00,214.95,215.46,214.73,215.3441,316418
2026-08-01 09:51:00,215.37,215.8,215.25,215.39,309151
2026-08-01 09:52:00,215.33,215.45,214.54,214.88,254052
2026-08-01 09:53:00,214.945,215.13,213.85,214.1329,326095
2026-08-01 09:54:00,214.085,214.87,213.86,214.73,222613
2026-08-01 09:55:00,214.73,214.98,213.57,213.77,273059
2026-08-01 09:56:00,213.76,214.9569,213.22,213.82,329403
2026-08-01 09:57:00,213.82,213.82,213.15,213.79,234704
2026-08-01 09:58:00,213.81,214.7694,213.7045,214.45,209147
2026-08-01 09:59:00,214.405,214.79,213.6601,213.925,181950
2026-08-01 10:00:00,214.0,214.42,213.23,213.73,204871
2026-08-01 10:01:00,213.79,214.53,213.33,214.3325,198327
2026-08-01 10:02:00,214.33,214.59,213.8101,214.02,179965
2026-08-01 10:03:00,214.13,214.8,214.0,214.47,207767
2026-08-01 10:04:00,214.54,214.73,213.6401,213.8299,165300
2026-08-01 10:05:00,213.84,214.3,213.29,213.32,242270
2026-08-01 10:06:00,213.32,213.44,212.66,212.6914,535471
2026-08-01 10:07:00,212.67,212.95,212.35,212.43,321776
2026-08-01 10:08:00,212.44,212.4799,212.01,212.2215,374388
2026-08-01 10:09:00,212.205,212.2899,211.6,211.77,427404
2026-08-01 10:10:00,211.7,211.7,210.6,210.64,548397
2026-08-01 10:11:00,210.63,210.9699,210.48,210.92,384595
2026-08-01 10:12:00,210.94,211.29,210.63,210.74,270955
2026-08-01 10:13:00,210.8,211.18,210.46,210.57,223502
2026-08-01 10:14:00,210.568,211.07,210.445,210.94,217089
2026-08-01 10:15:00,210.95,211.37,210.7525,211.06,298215
2026-08-01 10:16:00,211.07,212.29,210.83,212.2101,363129
2026-08-01 10:17:00,212.2991,212.5,211.75,211.79,278168
2026-08-01 10:18:00,211.77,211.82,211.1,211.2,174557
2026-08-01 10:19:00,211.22,211.66,211.1303,211.37,145193
2026-08-01 10:20:00,211.405,211.94,211.31,211.94,307731
2026-08-01 10:21:00,211.905,211.94,211.0301,211.72,224321
2026-08-01 10:22:00,211.661,212.2,211.365,211.56,192400
2026-08-01 10:23:00,211.54,212.1399,211.52,211.96,134450
2026-08-01 10:24:00,211.88,212.55,211.88,212.0,233517
2026-08-01 10:25:00,212.04,213.14,211.99,213.04,273086
2026-08-01 10:26:00,213.0011,213.11,212.76,212.96,159232
2026-08-01 10:27:00,212.88,213.32,212.7701,213.11,173363
2026-08-01 10:28:00,213.1,213.4515,213.0,213.1799,149818
2026-08-01 10:29:00,213.1417,213.47,212.95,213.23,125835
2026-08-01 10:30:00,213.18,213.692,213.0,213.62,256374
2026-08-01 10:31:00,213.62,214.55,213.56,214.39,333140
2026-08-01 10:32:00,214.405,214.5,213.64,213.8,271481
2026-08-01 10:33:00,213.825,214.16,213.31,213.39,187747
2026-08-01 10:34:00,213.41,213.57,213.05,213.14,167325
2026-08-01 10:35:00,213.14,213.215,212.58,212.87,224594
2026-08-01 10:36:00,212.84,213.44,212.5,212.9723,231280
2026-08-01 10:37:00,212.97,212.99,212.25,212.41,232160
2026-08-01 10:38:00,212.36,212.53,211.51,211.825,308132
2026-08-01 10:39:00,211.81,211.83,211.16,211.2,220186
2026-08-01 10:40:00,211.2,211.57,211.0,211.01,243424
2026-08-01 10:41:00,211.03,211.339,210.93,210.97,206162
2026-08-01 10:42:00,211.04,211.9,211.01,211.79,281565
2026-08-01 10:43:00,211.79,212.0599,211.19,211.28,205054
2026-08-01 10:44:00,211.28,211.32,210.99,211.02,169801
2026-08-01 10:45:00,211.01,211.3679,210.74,211.3679,280334
2026-08-01 10:46:00,211.365,211.67,210.91,210.97,292362
2026-08-01 10:47:00,210.97,211.27,210.8,210.9719,174394
2026-08-01 10:48:00,210.9001,211.262,210.8932,211.22,167647
2026-08-01 10:49:00,211.255,212.49,211.18,212.39,275802
2026-08-01 10:50:00,212.42,212.7799,212.33,212.4542,219227
2026-08-01 10:51:00,212.41,212.45,211.09,211.55,322340
2026-08-01 10:52:00,211.64,211.8915,211.05,211.15,179527
2026-08-01 10:53:00,211.06,211.34,210.85,210.8899,191717
2026-08-01 10:54:00,210.88,211.16,210.35,210.35,383104
2026-08-01 10:55:00,210.36,210.6197,210.12,210.12,353785
2026-08-01 10:56:00,210.11,210.1299,209.12,209.5869,992593
2026-08-01 10:57:00,209.56,211.66,209.14,209.1677,320787
2026-08-01 10:58:00,209.18,209.46,209.0,209.25,342192
2026-08-01 10:59:00,209.26,209.86,209.12,209.3,272504
2026-08-01 11:00:00,209.33,209.6,208.96,208.9701,261420
2026-08-01 11:01:00,208.995,209.79,208.995,209.35,261317
2026-08-01 11:02:00,209.36,209.52,208.9,209.395,206821
2026-08-01 11:03:00,209.4018,209.63,208.95,209.2214,273521
2026-08-01 11:04:00,209.2,209.3337,208.81,208.93,285218
2026-08-01 11:05:00,208.9399,209.4899,208.93,209.0755,180790
2026-08-01 11:06:00,209.075,209.25,208.84,209.16,194655
2026-08-01 11:07:00,209.1255,209.43,208.81,209.08,209457
2026-08-01 11:08:00,209.055,209.3,208.86,208.86,136216
2026-08-01 11:09:00,208.865,209.29,208.61,209.0,336111
2026-08-01 11:10:00,209.0397,209.25,208.67,209.1801,213851
2026-08-01 11:11:00,209.16,209.43,208.97,209.23,336562
2026-08-01 11:12:00,209.17,209.19,208.98,209.11,140375
2026-08-01 11:13:00,209.14,209.1616,208.21,208.255,358062
2026-08-01 11:14:00,208.28,208.54,208.11,208.11,364993
2026-08-01 11:15:00,208.115,208.7599,208.115,208.61,314620
2026-08-01 11:16:00,208.6216,208.69,207.7,207.97,556243
2026-08-01 11:17:00,208.0399,208.79,207.99,208.58,220267
2026-08-01 11:18:00,208.585,208.92,208.51,208.55,194041
2026-08-01 11:19:00,208.53,208.55,208.24,208.3,184494
2026-08-01 11:20:00,208.22,208.3182,207.2,207.23,478180
2026-08-01 11:21:00,207.24,207.93,207.235,207.76,275158
2026-08-01 11:22:00,207.74,207.79,207.43,207.52,186463
2026-08-01 11:23:00,207.5,208.11,207.46,207.91,259761
2026-08-01 11:24:00,207.945,208.11,207.85,208.08,182817
2026-08-01 11:25:00,208.0512,208.42,208.0,208.35,246025
2026-08-01 11:26:00,208.32,209.01,208.25,208.63,309125
2026-08-01 11:27:00,208.61,208.98,208.46,208.74,200119
2026-08-01 11:28:00,208.71,209.2,208.685,209.05,226433
2026-08-01 11:29:00,209.07,209.07,208.68,208.94,121317
2026-08-01 11:30:00,208.97,209.31,208.81,209.25,189696
2026-08-01 11:31:00,209.25,209.68,209.081,209.56,197072
2026-08-01 11:32:00,209.53,209.67,209.22,209.2876,164615
2026-08-01 11:33:00,209.2799,209.38,209.05,209.3,200007
2026-08-01 11:34:00,209.32,209.8,209.31,209.64,187532
2026-08-01 11:35:00,209.65,209.89,209.53,209.8499,182749
2026-08-01 11:36:00,209.8,211.12,209.8,211.0,424484
2026-08-01 11:37:00,211.0,211.0299,210.17,210.74,294816
2026-08-01 11:38:00,210.62,210.7,210.08,210.08,168398
2026-08-01 11:39:00,210.0953,210.4693,210.0,210.23,163917
2026-08-01 11:40:00,210.2438,211.0499,210.19,210.815,220176
2026-08-01 11:41:00,210.8111,211.36,210.59,211.07,188024
2026-08-01 11:42:00,211.095,211.26,210.31,210.67,192427
2026-08-01 11:43:00,210.64,211.55,210.6,211.37,310102
2026-08-01 11:44:00,211.32,211.71,211.12,211.665,164300
2026-08-01 11:45:00,211.645,211.9299,211.36,211.41,239026
2026-08-01 11:46:00,211.415,211.59,210.87,211.01,197255
2026-08-01 11:47:00,210.935,211.17,210.63,210.78,195458
2026-08-01 11:48:00,210.765,211.01,210.42,210.7299,181692
2026-08-01 11:49:00,210.695,210.8,210.43,210.635,110133
2026-08-01 11:50:00,210.635,210.8699,210.3101,210.645,165258
2026-08-01 11:51:00,210.6742,210.7,209.94,210.08,224101
2026-08-01 11:52:00,210.0846,210.31,209.8615,210.2821,150421
2026-08-01 11:53:00,210.26,210.6171,210.23,210.28,194403
2026-08-01 11:54:00,210.27,210.33,209.5001,209.62,251208
2026-08-01 11:55:00,209.64,210.38,209.6206,210.33,168657
2026-08-01 11:56:00,210.305,210.4998,209.95,210.04,118565
2026-08-01 11:57:00,210.07,210.9299,210.07,210.8701,183645
2026-08-01 11:58:00,210.87,210.9134,210.345,210.4122,111440
2026-08-01 11:59:00,210.33,210.3499,209.82,210.12,186323
2026-08-01 12:00:00,210.17,210.27,209.7369,209.7612,109368
2026-08-01 12:01:00,209.71,209.82,209.3306,209.67,220494
2026-08-01 12:02:00,209.63,209.88,209.51,209.57,117063
2026-08-01 12:03:00,209.565,210.0899,209.19,209.8,215581
2026-08-01 12:04:00,209.83,210.5,209.65,210.2,162067
2026-08-01 12:05:00,210.15,210.59,210.03,210.4913,134972
2026-08-01 12:06:00,210.46,210.6,210.25,210.38,94443
2026-08-01 12:07:00,210.355,210.48,210.22,210.3994,71683
2026-08-01 12:08:00,210.3774,210.48,209.89,209.89,146732
2026-08-01 12:09:00,209.89,210.0299,209.73,209.89,92987
2026-08-01 12:10:00,209.8468,210.01,209.3906,209.46,123453
2026-08-01 12:11:00,209.45,209.524,208.84,208.955,215454
2026-08-01 12:12:00,208.945,209.22,208.75,208.7797,121733
2026-08-01 12:13:00,208.8,208.88,208.42,208.4481,176704
2026-08-01 12:14:00,208.43,208.67,208.38,208.43,137423
2026-08-01 12:15:00,208.47,208.77,208.34,208.6476,142820
2026-08-01 12:16:00,208.62,208.64,208.3,208.355,127106
2026-08-01 12:17:00,208.44,208.53,208.31,208.37,122972
2026-08-01 12:18:00,208.345,208.4099,208.03,208.1,186852
2026-08-01 12:19:00,208.06,208.73,208.04,208.66,184796
2026-08-01 12:20:00,208.665,209.08,208.5301,208.5301,212833
2026-08-01 12:21:00,208.57,209.1,208.5509,208.825,155658
2026-08-01 12:22:00,208.82,208.88,208.48,208.73,112528
2026-08-01 12:23:00,208.7,208.88,208.54,208.8,103042
2026-08-01 12:24:00,208.68,208.99,208.6,208.7681,108706
2026-08-01 12:25:00,208.72,208.9,208.69,208.8413,72009
2026-08-01 12:26:00,208.8799,209.47,208.77,209.47,123281
2026-08-01 12:27:00,209.4101,209.78,209.15,209.66,121512
2026-08-01 12:28:00,209.69,209.85,209.53,209.8,125384
2026-08-01 12:29:00,209.785,209.89,209.5562,209.58,71491
2026-08-01 12:30:00,209.56,209.64,209.26,209.51,83227
2026-08-01 12:31:00,209.49,209.49,208.95,208.95,86136
2026-08-01 12:32:00,208.93,209.38,208.8,209.365,101483
2026-08-01 12:33:00,209.425,209.95,209.23,209.94,106527
2026-08-01 12:34:00,209.95,210.03,209.7001,209.83,111159
2026-08-01 12:35:00,209.85,209.94,209.46,209.52,86739
2026-08-01 12:36:00,209.53,209.8612,209.185,209.7953,101840
2026-08-01 12:37:00,209.82,209.82,209.1401,209.3726,91858
2026-08-01 12:38:00,209.4,209.5949,209.25,209.435,69200
2026-08-01 12:39:00,209.45,209.58,209.28,209.39,67259
2026-08-01 12:40:00,209.37,210.11,209.31,210.1,125235
2026-08-01 12:41:00,210.05,210.37,209.92,210.07,132436
2026-08-01 12:42:00,210.04,210.18,209.74,209.92,112976
2026-08-01 12:43:00,209.9,210.17,209.88,210.03,73458
2026-08-01 12:44:00,210.0,210.0,209.684,209.8,138055
2026-08-01 12:45:00,209.7072,210.04,209.4,209.48,124185
2026-08-01 12:46:00,209.5,209.59,209.0,209.25,187743
2026-08-01 12:47:00,209.3,209.4799,208.96,209.1165,114821
2026-08-01 12:48:00,209.07,209.21,208.99,209.0399,88954
2026-08-01 12:49:00,209.02,209.16,208.7,208.7507,144343
2026-08-01 12:50:00,208.75,208.97,208.6101,208.78,95857
2026-08-01 12:51:00,208.795,208.805,208.31,208.44,142784
2026-08-01 12:52:00,208.4,208.48,208.24,208.38,119420
2026-08-01 12:53:00,208.42,208.49,208.24,208.395,88094
2026-08-01 12:54:00,208.38,208.6599,208.11,208.5107,190273
2026-08-01 12:55:00,208.4801,208.6,207.89,208.2101,363446
2026-08-01 12:56:00,208.2,208.28,207.9401,208.065,107127
2026-08-01 12:57:00,208.04,208.67,207.78,208.59,250628
2026-08-01 12:58:00,208.57,208.76,208.17,208.5852,215550
2026-08-01 12:59:00,208.5515,208.7,208.4,208.4614,106002
2026-08-01 13:00:00,208.49,209.014,208.48,208.49,127750
2026-08-01 13:01:00,208.5062,208.6399,207.85,207.9,171110
2026-08-01 13:02:00,207.87,208.25,207.83,207.8934,109093
2026-08-01 13:03:00,207.99,208.22,207.85,207.855,122778
2026-08-01 13:04:00,207.94,208.02,207.72,207.87,118239
2026-08-01 13:05:00,207.82,208.06,207.68,207.7719,101236
2026-08-01 13:06:00,207.74,208.21,207.74,207.85,120869
2026-08-01 13:07:00,207.82,208.1,207.67,207.69,123267
2026-08-01 13:08:00,207.71,208.1,207.69,208.1,89006
2026-08-01 13:09:00,208.09,208.35,207.93,207.9658,139455
2026-08-01 13:10:00,207.9001,207.97,207.67,207.68,96061
2026-08-01 13:11:00,207.73,207.87,207.6,207.77,104880
2026-08-01 13:12:00,207.755,208.42,207.7511,208.2604,160663
2026-08-01 13:13:00,208.23,208.6114,208.13,208.54,114204
2026-08-01 13:14:00,208.53,208.8,208.45,208.72,111778
2026-08-01 13:15:00,208.71,208.82,208.41,208.64,125503
2026-08-01 13:16:00,208.67,208.78,208.32,208.3499,114481
2026-08-01 13:17:00,208.33,208.657,208.18,208.6099,95005
2026-08-01 13:18:00,208.62,208.79,208.4,208.749,94058
2026-08-01 13:19:00,208.765,208.86,208.37,208.53,90640
2026-08-01 13:20:00,208.51,208.57,208.1611,208.3,68936
2026-08-01 13:21:00,208.24,208.345,207.6901,207.8999,149944
2026-08-01 13:22:00,207.89,207.97,207.7,207.77,111214
2026-08-01 13:23:00,207.78,207.9,207.66,207.7582,69327
2026-08-01 13:24:00,207.755,207.91,207.6794,207.74,76706
2026-08-01 13:25:00,207.71,208.05,207.63,207.96,124354
2026-08-01 13:26:00,207.98,208.03,207.72,207.86,66559
2026-08-01 13:27:00,207.83,208.1635,207.62,207.7,111366
2026-08-01 13:28:00,207.6956,207.8087,207.51,207.75,101876
2026-08-01 13:29:00,207.755,207.8786,207.5,207.5127,106469
2026-08-01 13:30:00,207.49,207.8,207.34,207.78,128140
2026-08-01 13:31:00,207.79,208.0,207.47,207.76,117505
2026-08-01 13:32:00,207.7409,207.7595,207.37,207.41,82127
2026-08-01 13:33:00,207.47,207.51,206.91,206.9399,349521
2026-08-01 13:34:00,206.95,207.4,206.89,207.27,159155
2026-08-01 13:35:00,207.28,207.32,206.98,207.05,94545
2026-08-01 13:36:00,207.0899,207.2199,206.96,207.18,96763
2026-08-01 13:37:00,207.12,207.23,207.0,207.11,118614
2026-08-01 13:38:00,207.135,207.21,206.61,206.66,191083
2026-08-01 13:39:00,206.67,206.7,206.3,206.37,249506
2026-08-01 13:40:00,206.37,206.4399,206.2,206.25,180847
2026-08-01 13:41:00,206.26,206.2899,205.8,206.1,343224
2026-08-01 13:42:00,206.11,206.54,205.93,206.53,170397
2026-08-01 13:43:00,206.515,206.53,206.2932,206.47,156730
2026-08-01 13:44:00,206.4401,206.8,206.4401,206.65,174086
2026-08-01 13:45:00,206.62,206.81,206.32,206.335,144813
2026-08-01 13:46:00,206.335,206.57,206.0901,206.155,121750
2026-08-01 13:47:00,206.17,206.36,206.04,206.2738,92409
2026-08-01 13:48:00,206.29,206.35,206.12,206.18,56702
2026-08-01 13:49:00,206.18,206.32,206.1548,206.23,52108
2026-08-01 13:50:00,206.2126,206.54,206.2,206.375,91889
2026-08-01 13:51:00,206.415,206.7868,206.415,206.7199,119490
2026-08-01 13:52:00,206.71,207.09,206.6858,206.98,173544
2026-08-01 13:53:00,206.96,207.04,206.82,206.9442,89295
2026-08-01 13:54:00,206.9439,207.0,206.56,206.63,93524
2026-08-01 13:55:00,206.64,206.94,206.6204,206.7339,105874
2026-08-01 13:56:00,206.74,206.91,206.5,206.88,79026
2026-08-01 13:57:00,206.8602,206.9668,206.61,206.82,99551
2026-08-01 13:58:00,206.82,206.9238,206.61,206.655,85059
2026-08-01 13:59:00,206.67,206.94,206.5,206.8595,116295
2026-08-01 14:00:00,206.83,206.85,206.34,206.39,118811
2026-08-01 14:01:00,206.4162,206.51,206.2,206.41,108272
2026-08-01 14:02:00,206.455,206.52,206.24,206.51,68353
2026-08-01 14:03:00,206.4601,206.8,206.4101,206.73,82361
2026-08-01 14:04:00,206.74,206.98,206.6283,206.81,109664
2026-08-01 14:05:00,206.84,207.2,206.75,207.14,141568
2026-08-01 14:06:00,207.1554,207.26,207.0,207.09,96006
2026-08-01 14:07:00,207.07,207.17,206.81,207.03,103684
2026-08-01 14:08:00,207.08,207.3,206.85,206.91,136836
2026-08-01 14:09:00,206.91,207.08,206.82,206.84,107259
2026-08-01 14:10:00,206.85,207.17,206.83,207.06,81747
2026-08-01 14:11:00,207.06,207.38,207.055,207.22,97425
2026-08-01 14:12:00,207.2038,207.45,207.1801,207.29,100636
2026-08-01 14:13:00,207.28,207.34,207.03,207.09,107311
2026-08-01 14:14:00,207.1,207.2195,206.94,206.99,90122
2026-08-01 14:15:00,206.99,207.12,206.81,206.83,88767
2026-08-01 14:16:00,206.825,207.0896,206.8,207.0,103452
2026-08-01 14:17:00,206.99,207.0,206.61,206.71,109287
2026-08-01 14:18:00,206.69,206.79,206.61,206.76,90740
2026-08-01 14:19:00,206.75,206.9523,206.67,206.8219,75445
2026-08-01 14:20:00,206.845,207.18,206.7001,207.105,82282
2026-08-01 14:21:00,207.0801,207.73,207.08,207.56,205356
2026-08-01 14:22:00,207.555,207.725,207.306,207.615,120571
2026-08-01 14:23:00,207.535,207.78,207.49,207.53,99067
2026-08-01 14:24:00,207.53,207.6799,207.4818,207.64,51962
2026-08-01 14:25:00,207.66,207.91,207.6001,207.86,115562
2026-08-01 14:26:00,207.825,208.0,207.56,207.67,120316
2026-08-01 14:27:00,207.65,208.16,207.65,208.09,122192
2026-08-01 14:28:00,208.07,208.32,207.92,208.02,184773
2026-08-01 14:29:00,208.0,208.36,208.0,208.32,97621
2026-08-01 14:30:00,208.29,208.64,208.15,208.57,159806
2026-08-01 14:31:00,208.55,208.76,208.5,208.61,104018
2026-08-01 14:32:00,208.61,208.95,208.6,208.76,123995
2026-08-01 14:33:00,208.74,208.8,208.24,208.3201,114844
2026-08-01 14:34:00,208.3699,208.49,208.24,208.39,70544
2026-08-01 14:35:00,208.4364,208.4595,207.9915,208.14,164067
2026-08-01 14:36:00,208.14,208.3,208.05,208.18,82330
2026-08-01 14:37:00,208.135,208.3479,208.05,208.12,65798
2026-08-01 14:38:00,208.1079,208.2699,208.03,208.2,65106
2026-08-01 14:39:00,208.19,208.36,208.13,208.19,56424
2026-08-01 14:40:00,208.205,208.52,208.1845,208.4725,82831
2026-08-01 14:41:00,208.44,208.52,208.1,208.2,95712
2026-08-01 14:42:00,208.2,208.35,208.1,208.105,62948
2026-08-01 14:43:00,208.0774,208.16,207.9,208.0901,95425
2026-08-01 14:44:00,208.09,208.25,207.78,207.79,126199
2026-08-01 14:45:00,207.7865,207.87,207.39,207.49,146914
2026-08-01 14:46:00,207.49,207.93,207.4749,207.8195,99049
2026-08-01 14:47:00,207.8195,208.0,207.56,207.805,113146
2026-08-01 14:48:00,207.82,208.0774,207.69,207.69,148895
2026-08-01 14:49:00,207.705,207.7299,207.38,207.48,122982
2026-08-01 14:50:00,207.48,207.66,207.34,207.6,69386
2026-08-01 14:51:00,207.61,207.75,207.46,207.49,87826
2026-08-01 14:52:00,207.4601,207.67,207.4,207.66,71218
2026-08-01 14:53:00,207.68,207.73,207.5,207.5399,61818
2026-08-01 14:54:00,207.5208,207.69,207.4301,207.6487,76677
2026-08-01 14:55:00,207.63,207.9,207.5501,207.66,94648
2026-08-01 14:56:00,207.67,207.68,207.2201,207.62,94815
2026-08-01 14:57:00,207.6281,207.65,207.18,207.18,107171
2026-08-01 14:58:00,207.2199,207.31,207.09,207.16,103477
2026-08-01 14:59:00,207.13,207.1414,206.75,206.755,149918
2026-08-01 15:00:00,206.7401,206.98,206.67,206.705,123674
2026-08-01 15:01:00,206.72,207.3112,206.66,207.245,151774
2026-08-01 15:02:00,207.27,207.27,207.03,207.0565,86367
2026-08-01 15:03:00,207.04,207.04,206.73,206.88,85599
2026-08-01 15:04:00,206.87,206.9,206.55,206.6635,140075
2026-08-01 15:05:00,206.68,206.6999,206.34,206.3899,119937
2026-08-01 15:06:00,206.3752,206.38,206.19,206.2731,122223
2026-08-01 15:07:00,206.26,206.43,206.13,206.305,108491
2026-08-01 15:08:00,206.32,206.57,206.24,206.55,92979
2026-08-01 15:09:00,206.56,206.68,206.4,206.4001,91845
2026-08-01 15:10:00,206.42,206.44,206.16,206.32,95666
2026-08-01 15:11:00,206.32,206.46,206.27,206.37,58402
2026-08-01 15:12:00,206.3851,206.68,206.2968,206.5,114429
2026-08-01 15:13:00,206.49,207.1,206.43,206.91,191508
2026-08-01 15:14:00,206.9274,207.09,206.7501,207.04,146342
2026-08-01 15:15:00,207.02,207.02,206.74,206.85,88525
2026-08-01 15:16:00,206.88,207.13,206.7975,206.975,73054
2026-08-01 15:17:00,207.0,207.03,206.72,206.75,73974
2026-08-01 15:18:00,206.75,206.88,206.65,206.67,96153
2026-08-01 15:19:00,206.7,206.82,206.43,206.455,137122
2026-08-01 15:20:00,206.45,206.56,206.3,206.37,148840
2026-08-01 15:21:00,206.39,206.5,206.1601,206.36,112879
2026-08-01 15:22:00,206.34,206.3526,206.12,206.238,102635
2026-08-01 15:23:00,206.1904,206.4399,206.14,206.31,95369
2026-08-01 15:24:00,206.32,206.36,206.15,206.255,105691
2026-08-01 15:25:00,206.2433,206.34,206.03,206.05,122443
2026-08-01 15:26:00,206.045,206.5596,205.89,206.5299,241931
2026-08-01 15:27:00,206.52,206.73,206.41,206.64,158114
2026-08-01 15:28:00,206.62,206.9447,206.62,206.85,186780
2026-08-01 15:29:00,206.83,206.89,206.6618,206.86,82488
2026-08-01 15:30:00,206.85,207.01,206.7501,206.93,152910
2026-08-01 15:31:00,206.96,207.06,206.785,206.82,139438
2026-08-01 15:32:00,206.805,206.86,206.53,206.64,185049
2026-08-01 15:33:00,206.63,207.31,206.63,207.23,221566
2026-08-01 15:34:00,207.2438,207.31,206.7241,206.82,166302
2026-08-01 15:35:00,206.82,206.82,206.5,206.6,138940
2026-08-01 15:36:00,206.58,206.62,206.37,206.5,118901
2026-08-01 15:37:00,206.4837,206.5517,206.25,206.33,159780
2026-08-01 15:38:00,206.3379,206.35,206.0,206.1129,217421
2026-08-01 15:39:00,206.095,206.3299,205.822,205.823,236329
2026-08-01 15:40:00,205.85,205.95,205.78,205.93,206510
2026-08-01 15:41:00,205.98,206.45,205.98,206.17,170677
2026-08-01 15:42:00,206.155,206.17,205.83,205.84,152515
2026-08-01 15:43:00,205.85,206.28,205.84,206.12,150703
2026-08-01 15:44:00,206.11,206.35,206.1,206.3275,150338
2026-08-01 15:45:00,206.31,207.06,206.02,207.05,325723
2026-08-01 15:46:00,207.055,207.1399,206.67,206.7,205874
2026-08-01 15:47:00,206.68,206.74,206.3401,206.62,152857
2026-08-01 15:48:00,206.57,207.04,206.51,206.8701,157994
2026-08-01 15:49:00,206.87,206.895,206.5,206.64,165101
2026-08-01 15:50:00,206.6,206.6,205.85,206.135,325327
2026-08-01 15:51:00,206.18,206.28,205.94,206.11,240688
2026-08-01 15:52:00,206.13,206.44,206.02,206.39,200290
2026-08-01 15:53:00,206.44,206.8497,206.23,206.23,253562
2026-08-01 15:54:00,206.19,209.45,206.09,206.7,233429
2026-08-01 15:55:00,206.71,208.07,206.71,207.8,487376
2026-08-01 15:56:00,207.825,208.05,207.6,207.9496,347205
2026-08-01 15:57:00,207.92,207.96,207.415,207.43,373317
2026-08-01 15:58:00,207.44,207.46,206.93,207.2,452975
2026-08-01 15:59:00,207.18,207.77,207.15,207.67,710451
2026-08-04 09:30:00,185.22,185.46,182.0,182.105,2921352
2026-08-04 09:31:00,182.05,185.37,182.05,185.22,1044617
2026-08-04 09:32:00,185.1825,185.75,184.4,185.59,867282
2026-08-04 09:33:00,185.54,186.58,184.83,186.39,749515
2026-08-04 09:34:00,186.4,188.23,186.1,187.68,660875
2026-08-04 09:35:00,187.7,188.96,187.1701,188.88,637852
2026-08-04 09:36:00,188.7975,189.96,188.35,189.68,773786
2026-08-04 09:37:00,189.62,191.86,189.6149,191.59,917728
2026-08-04 09:38:00,191.62,191.78,190.6,191.78,601884
2026-08-04 09:39:00,191.775,192.78,191.45,192.4419,787472
2026-08-04 09:40:00,192.34,192.61,189.99,190.19,841697
2026-08-04 09:41:00,190.17,190.9799,189.72,190.07,706223
2026-08-04 09:42:00,190.08,192.35,190.0411,191.9,548772
2026-08-04 09:43:00,191.924,192.5,191.46,192.49,408681
2026-08-04 09:44:00,192.49,194.12,191.6,193.94,686236
2026-08-04 09:45:00,193.86,194.95,193.0401,194.75,738998
2026-08-04 09:46:00,194.8,195.696,194.51,195.53,715893
2026-08-04 09:47:00,195.53,197.1,195.26,197.1,794499
2026-08-04 09:48:00,197.1299,197.25,195.63,196.64,543009
2026-08-04 09:49:00,196.65,197.2,196.2,197.01,460527
2026-08-04 09:50:00,197.0,197.0325,194.8,195.19,657000
2026-08-04 09:51:00,195.2052,196.56,194.8501,196.025,397021
2026-08-04 09:52:00,195.97,197.81,195.78,197.58,423229
2026-08-04 09:53:00,197.54,198.0294,196.21,196.75,534488
2026-08-04 09:54:00,196.75,197.2,196.21,196.93,387619
2026-08-04 09:55:00,196.98,198.0,196.5,197.29,394564
2026-08-04 09:56:00,197.26,197.78,196.94,197.34,295586
2026-08-04 09:57:00,197.34,197.83,197.126,197.1266,247767
2026-08-04 09:58:00,197.12,197.63,196.6094,197.5001,345968
2026-08-04 09:59:00,197.57,199.8,197.5,197.652,558981
2026-08-04 10:00:00,197.75,199.84,197.64,199.66,504196
2026-08-04 10:01:00,199.69,201.6,199.5201,201.1086,843496
2026-08-04 10:02:00,201.0841,201.17,199.85,200.27,467965
2026-08-04 10:03:00,200.24,200.5425,199.3715,199.4201,389266
2026-08-04 10:04:00,199.455,199.51,198.62,198.74,459201
2026-08-04 10:05:00,198.72,199.66,198.52,198.84,411925
2026-08-04 10:06:00,198.8569,199.43,197.91,198.0718,466954
2026-08-04 10:07:00,197.99,198.13,197.2901,197.36,396760
2026-08-04 10:08:00,197.3619,197.42,196.63,197.04,504497
2026-08-04 10:09:00,197.01,197.0999,195.8,196.195,419216
2026-08-04 10:10:00,196.2,196.46,195.41,195.88,401387
2026-08-04 10:11:00,195.91,195.95,195.32,195.64,356673
2026-08-04 10:12:00,195.64,195.64,194.5,194.5,432991
2026-08-04 10:13:00,194.48,196.0,194.4745,195.42,479460
2026-08-04 10:14:00,195.375,196.68,195.1,196.4401,374300
2026-08-04 10:15:00,196.41,200.705,195.5,195.75,264653
2026-08-04 10:16:00,195.675,196.49,195.6203,195.78,274005
2026-08-04 10:17:00,195.815,196.32,195.1,195.855,393210
2026-08-04 10:18:00,195.88,196.5699,195.44,196.03,233579
2026-08-04 10:19:00,196.03,196.17,195.79,195.9429,183096
2026-08-04 10:20:00,195.9,196.44,185.01,196.13,270249
2026-08-04 10:21:00,196.14,197.33,190.55,196.33,385440
2026-08-04 10:22:00,196.29,199.08,195.5801,195.69,432530
2026-08-04 10:23:00,195.65,199.265,194.84,195.105,382518
2026-08-04 10:24:00,195.13,195.4,194.8505,195.25,284857
2026-08-04 10:25:00,195.21,196.34,195.0,195.78,374159
2026-08-04 10:26:00,195.7501,196.88,195.7,195.885,355898
2026-08-04 10:27:00,195.9252,196.18,195.31,195.91,339499
2026-08-04 10:28:00,195.955,196.16,195.12,195.25,187836
2026-08-04 10:29:00,195.25,195.68,194.51,194.775,322293
2026-08-04 10:30:00,194.81,195.791,194.7701,195.52,317707
2026-08-04 10:31:00,195.4,196.569,195.4,196.395,288878
2026-08-04 10:32:00,196.38,196.46,195.3526,195.66,192475
2026-08-04 10:33:00,195.6,196.85,195.56,196.84,274216
2026-08-04 10:34:00,196.84,198.74,196.82,198.4504,450766
2026-08-04 10:35:00,198.5,198.72,197.86,197.97,299174
2026-08-04 10:36:00,197.925,198.18,194.905,197.6901,230914
2026-08-04 10:37:00,197.74,198.41,195.92,197.595,146173
2026-08-04 10:38:00,197.605,198.7,197.5325,198.015,266310
2026-08-04 10:39:00,198.06,198.5499,197.56,198.14,195771
2026-08-04 10:40:00,198.11,198.61,197.8501,198.03,176085
2026-08-04 10:41:00,198.02,198.64,197.5301,198.2,207632
2026-08-04 10:42:00,198.1801,198.26,197.615,198.26,174045
2026-08-04 10:43:00,198.2,198.7,197.225,197.23,289810
2026-08-04 10:44:00,197.23,197.32,196.8,197.1401,299844
2026-08-04 10:45:00,197.17,198.393,196.75,198.05,256466
2026-08-04 10:46:00,198.05,199.2399,197.95,198.5,338750
2026-08-04 10:47:00,198.6,198.76,197.42,197.76,212700
2026-08-04 10:48:00,197.69,198.37,197.1,198.33,240152
2026-08-04 10:49:00,198.336,198.425,197.64,197.69,165577
2026-08-04 10:50:00,197.72,198.4,197.0984,197.0984,194879
2026-08-04 10:51:00,197.11,197.811,197.01,197.68,177703
2026-08-04 10:52:00,197.6401,198.36,197.5763,198.1,168710
2026-08-04 10:53:00,198.13,199.4,198.04,199.2,301217
2026-08-04 10:54:00,199.17,200.0,198.94,199.13,313594
2026-08-04 10:55:00,199.09,199.13,198.4901,198.88,206207
2026-08-04 10:56:00,198.81,199.05,197.77,197.98,250511
2026-08-04 10:57:00,197.96,198.01,197.71,197.805,252682
2026-08-04 10:58:00,197.81,198.11,197.395,197.48,209442
2026-08-04 10:59:00,197.485,197.71,197.0,197.14,200057
2026-08-04 11:00:00,197.13,197.64,196.31,196.35,315611
2026-08-04 11:01:00,196.36,196.47,196.0,196.155,243140
2026-08-04 11:02:00,196.21,196.72,195.81,195.97,246066
2026-08-04 11:03:00,195.9207,196.67,195.88,196.56,140413
2026-08-04 11:04:00,196.51,196.88,196.5,196.61,165400
2026-08-04 11:05:00,196.61,197.29,196.54,196.88,185707
2026-08-04 11:06:00,196.85,197.28,196.77,197.14,163564
2026-08-04 11:07:00,197.1399,198.59,197.1399,198.37,308635
2026-08-04 11:08:00,198.4,199.735,198.39,199.35,332251
2026-08-04 11:09:00,199.38,199.79,199.21,199.79,240034
2026-08-04 11:10:00,199.78,199.89,199.2,199.635,224553
2026-08-04 11:11:00,199.62,201.44,199.5301,201.31,548806
2026-08-04 11:12:00,201.28,201.9,200.17,200.27,462519
2026-08-04 11:13:00,200.3,200.75,200.18,200.636,175156
2026-08-04 11:14:00,200.6,200.93,200.35,200.85,172857
2026-08-04 11:15:00,200.761,200.98,200.45,200.625,148867
2026-08-04 11:16:00,200.63,200.71,199.93,200.05,199451
2026-08-04 11:17:00,200.05,200.59,200.02,200.22,179147
2026-08-04 11:18:00,200.22,200.36,199.85,200.25,213167
2026-08-04 11:19:00,200.25,200.54,199.93,200.42,229088
2026-08-04 11:20:00,200.43,201.75,200.41,201.625,421092
2026-08-04 11:21:00,201.63,202.37,200.88,200.94,417905
2026-08-04 11:22:00,200.91,202.37,200.8001,202.12,267333
2026-08-04 11:23:00,202.16,202.95,201.72,202.935,372136
2026-08-04 11:24:00,202.93,203.74,202.81,203.5,404574
2026-08-04 11:25:00,203.5325,203.8799,202.79,203.56,337785
2026-08-04 11:26:00,203.57,203.58,202.72,202.91,212125
2026-08-04 11:27:00,202.935,202.935,201.7,202.05,294982
2026-08-04 11:28:00,202.03,202.31,199.62,201.83,228198
2026-08-04 11:29:00,201.91,202.19,201.28,201.41,219247
2026-08-04 11:30:00,201.395,201.9386,201.22,201.805,229615
2026-08-04 11:31:00,201.76,201.8,201.0,201.24,214954
2026-08-04 11:32:00,201.2305,201.54,201.085,201.45,214007
2026-08-04 11:33:00,201.4699,201.6,201.06,201.39,165675
2026-08-04 11:34:00,201.415,201.65,201.037,201.3,158822
2026-08-04 11:35:00,201.3,201.54,200.96,201.13,173239
2026-08-04 11:36:00,201.14,202.27,201.14,201.93,258669
2026-08-04 11:37:00,201.9026,202.2499,201.23,202.0,190690
2026-08-04 11:38:00,202.005,202.3399,201.5901,202.3087,150237
2026-08-04 11:39:00,202.29,202.31,201.94,202.19,153963
2026-08-04 11:40:00,202.15,202.47,201.81,202.27,196187
2026-08-04 11:41:00,202.31,202.31,201.36,201.38,172171
2026-08-04 11:42:00,201.38,201.59,201.0,201.32,179508
2026-08-04 11:43:00,201.38,201.47,200.28,200.59,253130
2026-08-04 11:44:00,200.6,200.82,200.47,200.62,184632
2026-08-04 11:45:00,200.66,201.07,200.46,200.87,158751
2026-08-04 11:46:00,200.8401,201.1799,200.6472,200.8801,116847
2026-08-04 11:47:00,200.905,201.41,200.54,200.55,122990
2026-08-04 11:48:00,200.56,200.715,200.37,200.445,132717
2026-08-04 11:49:00,200.439,200.6,200.12,200.45,169105
2026-08-04 11:50:00,200.4001,200.4897,199.92,199.93,194756
2026-08-04 11:51:00,200.0,200.37,199.6301,200.36,227741
2026-08-04 11:52:00,200.33,200.71,200.18,200.33,163885
2026-08-04 11:53:00,200.41,200.5,199.61,199.99,152338
2026-08-04 11:54:00,199.9701,200.5199,199.9,200.3418,201800
2026-08-04 11:55:00,200.3,200.82,200.27,200.78,144470
2026-08-04 11:56:00,200.77,201.1223,200.04,200.155,177410
2026-08-04 11:57:00,200.17,200.26,199.95,200.0299,141798
2026-08-04 11:58:00,199.99,200.25,199.91,200.195,110090
2026-08-04 11:59:00,200.2099,200.6699,200.17,200.25,116481
2026-08-04 12:00:00,200.23,200.9,200.22,200.46,179540
2026-08-04 12:01:00,200.49,200.51,200.0,200.36,142885
2026-08-04 12:02:00,200.405,200.98,200.34,200.85,143349
2026-08-04 12:03:00,200.8471,201.61,200.84,201.4301,222554
2026-08-04 12:04:00,201.4595,201.5,200.9,201.4401,127684
2026-08-04 12:05:00,201.45,201.49,200.92,200.9247,109058
2026-08-04 12:06:00,200.95,201.09,200.43,200.985,129289
2026-08-04 12:07:00,200.975,201.3399,200.795,201.29,96517
2026-08-04 12:08:00,201.305,201.35,201.0,201.24,66190
2026-08-04 12:09:00,201.24,201.24,200.73,200.97,96719
2026-08-04 12:10:00,200.97,201.01,200.6,200.71,88789
2026-08-04 12:11:00,200.725,200.85,200.63,200.64,89886
2026-08-04 12:12:00,200.635,200.64,200.0,200.12,201497
2026-08-04 12:13:00,200.16,200.57,200.1,200.5205,128594
2026-08-04 12:14:00,200.55,200.6299,200.2,200.2,90381
2026-08-04 12:15:00,200.2398,200.63,200.22,200.52,101975
2026-08-04 12:16:00,200.53,200.85,200.3125,200.85,106179
2026-08-04 12:17:00,200.84,201.45,200.77,201.34,212262
2026-08-04 12:18:00,201.33,201.37,201.09,201.24,101527
2026-08-04 12:19:00,201.2301,201.5,200.95,201.45,174702
2026-08-04 12:20:00,201.45,201.5,200.86,201.185,142895
2026-08-04 12:21:00,201.1856,201.37,200.99,201.12,97924
2026-08-04 12:22:00,201.148,201.15,200.8804,200.975,65431
2026-08-04 12:23:00,201.0,201.59,200.9301,201.46,131171
2026-08-04 12:24:00,201.48,201.6187,201.4,201.5491,156520
2026-08-04 12:25:00,201.555,201.6,201.3501,201.49,112715
2026-08-04 12:26:00,201.47,201.76,201.41,201.75,308495
2026-08-04 12:27:00,201.735,202.28,201.6325,202.1905,220504
2026-08-04 12:28:00,202.17,202.9,202.12,202.9,172739
2026-08-04 12:29:00,202.855,202.94,202.56,202.7401,138395
2026-08-04 12:30:00,202.795,202.82,202.45,202.5,110879
2026-08-04 12:31:00,202.4995,202.4995,201.7899,202.0,168225
2026-08-04 12:32:00,202.0,202.02,201.618,201.9001,137493
2026-08-04 12:33:00,201.9,201.9,201.27,201.579,166051
2026-08-04 12:34:00,201.58,201.95,201.53,201.83,107757
2026-08-04 12:35:00,201.8782,201.8782,201.0901,201.2,155532
2026-08-04 12:36:00,201.136,201.29,200.94,201.07,118153
2026-08-04 12:37:00,201.02,201.09,200.8,200.925,106871
2026-08-04 12:38:00,200.93,201.1699,200.6,201.09,120159
2026-08-04 12:39:00,201.15,201.15,200.61,200.83,81425
2026-08-04 12:40:00,200.91,201.02,200.69,200.735,80296
2026-08-04 12:41:00,200.73,201.125,200.71,201.03,126344
2026-08-04 12:42:00,201.05,201.42,201.0,201.41,116013
2026-08-04 12:43:00,201.375,201.39,200.8,200.9,98291
2026-08-04 12:44:00,200.92,200.92,200.33,200.63,148575
2026-08-04 12:45:00,200.61,200.88,200.5,200.79,91720
2026-08-04 12:46:00,200.77,200.77,200.26,200.36,78977
2026-08-04 12:47:00,200.38,200.63,200.28,200.47,114449
2026-08-04 12:48:00,200.45,200.74,200.23,200.26,126716
2026-08-04 12:49:00,200.255,200.64,200.08,200.49,138998
2026-08-04 12:50:00,200.52,200.57,199.911,200.01,187334
2026-08-04 12:51:00,200.04,200.45,199.98,200.39,92248
2026-08-04 12:52:00,200.33,200.52,200.14,200.49,68586
2026-08-04 12:53:00,200.5,200.54,200.16,200.28,71075
2026-08-04 12:54:00,200.2,200.3,199.8,199.805,128924
2026-08-04 12:55:00,199.81,199.82,199.3248,199.46,224853
2026-08-04 12:56:00,199.46,199.81,198.97,199.02,219176
2026-08-04 12:57:00,199.02,199.3,198.85,198.9029,178310
2026-08-04 12:58:00,198.9001,199.1771,198.75,198.95,145386
2026-08-04 12:59:00,198.89,199.1499,198.81,198.8699,164887
2026-08-04 13:00:00,198.86,199.73,198.855,199.67,191219
2026-08-04 13:01:00,199.59,199.678,199.3301,199.55,129026
2026-08-04 13:02:00,199.55,199.89,199.42,199.48,165088
2026-08-04 13:03:00,199.475,199.8,199.14,199.29,134699
2026-08-04 13:04:00,199.32,199.47,199.01,199.2999,147117
2026-08-04 13:05:00,199.2401,199.72,199.11,199.52,97642
2026-08-04 13:06:00,199.54,199.59,198.85,199.42,132709
2026-08-04 13:07:00,199.4,200.17,199.29,200.05,182064
2026-08-04 13:08:00,200.05,200.4299,199.76,199.92,152856
2026-08-04 13:09:00,199.91,200.25,199.73,199.7701,120887
2026-08-04 13:10:00,199.7801,200.27,199.6501,200.1399,118004
2026-08-04 13:11:00,200.12,200.42,199.9,199.925,134329
2026-08-04 13:12:00,199.91,199.94,198.865,198.89,219771
2026-08-04 13:13:00,198.86,199.25,198.75,198.9001,193047
2026-08-04 13:14:00,198.98,199.49,198.9401,199.4,125859
2026-08-04 13:15:00,199.42,200.15,199.33,199.955,164206
2026-08-04 13:16:00,199.91,200.08,199.6101,200.0,87034
2026-08-04 13:17:00,200.05,200.33,199.88,199.89,128691
2026-08-04 13:18:00,199.895,200.19,199.8,199.97,61996
2026-08-04 13:19:00,199.92,200.18,199.735,200.1,76314
2026-08-04 13:20:00,200.095,200.3,200.0,200.15,130089
2026-08-04 13:21:00,200.135,200.53,200.05,200.46,150976
2026-08-04 13:22:00,200.46,200.73,200.28,200.63,145734
2026-08-04 13:23:00,200.625,200.65,200.26,200.44,117684
2026-08-04 13:24:00,200.46,200.66,200.06,200.1,123134
2026-08-04 13:25:00,200.135,200.53,200.13,200.19,70510
2026-08-04 13:26:00,200.24,200.76,200.0101,200.7101,180611
2026-08-04 13:27:00,200.75,200.78,200.48,200.73,85345
2026-08-04 13:28:00,200.71,200.84,200.36,200.38,102929
2026-08-04 13:29:00,200.38,200.42,199.7,199.8876,180713
2026-08-04 13:30:00,199.92,200.36,199.92,200.2201,74594
2026-08-04 13:31:00,200.21,200.56,184.77,200.45,86818
2026-08-04 13:32:00,200.48,200.67,200.2601,200.45,72891
2026-08-04 13:33:00,200.4499,200.88,200.1,200.88,99451
2026-08-04 13:34:00,200.86,201.2295,200.68,200.96,176389
2026-08-04 13:35:00,200.93,201.03,200.56,200.77,93697
2026-08-04 13:36:00,200.78,201.101,200.7301,201.09,72129
2026-08-04 13:37:00,201.085,201.24,200.91,201.18,94942
2026-08-04 13:38:00,201.21,201.3,200.8701,200.99,78651
2026-08-04 13:39:00,200.9642,201.23,200.67,201.055,94859
2026-08-04 13:40:00,201.04,201.38,200.83,201.3352,102940
2026-08-04 13:41:00,201.37,201.6855,201.3,201.545,142938
2026-08-04 13:42:00,201.565,201.7299,201.17,201.21,89211
2026-08-04 13:43:00,201.16,201.34,201.02,201.09,75668
2026-08-04 13:44:00,201.03,201.43,200.83,201.315,90423
2026-08-04 13:45:00,201.32,201.57,201.2,201.28,83860
2026-08-04 13:46:00,201.31,201.5,200.97,201.07,101540
2026-08-04 13:47:00,201.15,201.38,201.04,201.3599,78921
2026-08-04 13:48:00,201.36,201.36,201.08,201.21,57878
2026-08-04 13:49:00,201.19,201.3041,200.97,201.025,66982
2026-08-04 13:50:00,201.0203,201.2881,200.9301,201.2492,80268
2026-08-04 13:51:00,201.225,201.225,200.75,200.84,121476
2026-08-04 13:52:00,200.87,201.27,200.81,200.84,136452
2026-08-04 13:53:00,200.84,201.0499,200.68,200.94,77348
2026-08-04 13:54:00,200.96,201.005,200.71,200.8,49077
2026-08-04 13:55:00,200.8231,201.11,200.8101,200.9,58992
2026-08-04 13:56:00,200.905,200.9176,200.68,200.82,75798
2026-08-04 13:57:00,200.84,200.85,200.17,200.37,100303
2026-08-04 13:58:00,200.38,200.4599,200.2,200.2027,80985
2026-08-04 13:59:00,200.28,200.5,200.16,200.21,69918
2026-08-04 14:00:00,200.26,200.35,199.84,199.87,153809
2026-08-04 14:01:00,199.92,199.92,199.39,199.4775,167709
2026-08-04 14:02:00,199.38,199.73,199.08,199.21,162335
2026-08-04 14:03:00,199.23,199.55,199.18,199.46,91056
2026-08-04 14:04:00,199.45,199.7,199.04,199.19,142330
2026-08-04 14:05:00,199.22,199.3098,199.0,199.07,101204
2026-08-04 14:06:00,199.06,199.3,199.0,199.07,118011
2026-08-04 14:07:00,199.05,199.2,199.0,199.0301,103163
2026-08-04 14:08:00,199.04,199.28,199.01,199.17,87397
2026-08-04 14:09:00,199.16,199.39,199.0501,199.17,149412
2026-08-04 14:10:00,199.19,199.19,198.61,198.77,175644
2026-08-04 14:11:00,198.79,199.1396,198.79,199.0447,98189
2026-08-04 14:12:00,199.04,199.28,198.956,199.06,107412
2026-08-04 14:13:00,199.02,199.05,198.7627,198.82,108686
2026-08-04 14:14:00,198.87,198.87,198.41,198.5,165751
2026-08-04 14:15:00,198.51,198.6399,198.29,198.45,155226
2026-08-04 14:16:00,198.47,198.59,198.24,198.41,108887
2026-08-04 14:17:00,198.43,198.77,198.43,198.54,88086
2026-08-04 14:18:00,198.535,199.0,198.535,198.5695,123632
2026-08-04 14:19:00,198.5799,198.8801,198.48,198.79,122706
2026-08-04 14:20:00,198.8,198.9351,198.671,198.75,73305
2026-08-04 14:21:00,198.785,199.2799,198.54,198.9,212339
2026-08-04 14:22:00,198.92,198.98,198.61,198.65,70782
2026-08-04 14:23:00,198.65,198.68,198.34,198.5194,109578
2026-08-04 14:24:00,198.48,198.6399,198.0,198.05,197533
2026-08-04 14:25:00,198.06,198.17,197.93,198.05,135707
2026-08-04 14:26:00,198.0799,198.53,198.0799,198.47,112533
2026-08-04 14:27:00,198.45,198.75,198.35,198.35,107962
2026-08-04 14:28:00,198.35,198.64,198.2,198.59,65250
2026-08-04 14:29:00,198.63,198.89,198.53,198.83,115124
2026-08-04 14:30:00,198.765,199.46,198.6801,199.3701,181291
2026-08-04 14:31:00,199.335,199.44,198.7101,198.745,121731
2026-08-04 14:32:00,198.7201,198.91,198.66,198.8501,127621
2026-08-04 14:33:00,198.86,199.045,198.4702,198.995,108482
2026-08-04 14:34:00,199.01,199.06,198.66,198.6801,86180
2026-08-04 14:35:00,198.73,198.789,198.3499,198.44,161351
2026-08-04 14:36:00,198.4799,198.94,198.4301,198.85,66836
2026-08-04 14:37:00,198.875,198.9,198.02,198.02,99679
2026-08-04 14:38:00,198.01,198.5699,197.85,198.015,162756
2026-08-04 14:39:00,197.9901,198.045,197.8,197.94,99665
2026-08-04 14:40:00,197.94,198.05,197.52,197.695,143684
2026-08-04 14:41:00,197.69,197.95,197.5,197.77,146597
2026-08-04 14:42:00,197.77,197.7799,197.22,197.29,126543
2026-08-04 14:43:00,197.285,197.53,197.26,197.5,85583
2026-08-04 14:44:00,197.51,197.5299,197.16,197.2,73127
2026-08-04 14:45:00,197.24,197.43,197.11,197.1201,135098
2026-08-04 14:46:00,197.14,197.32,196.71,196.8279,199281
2026-08-04 14:47:00,196.88,197.24,196.72,197.1546,209189
2026-08-04 14:48:00,197.185,197.2499,196.6101,196.69,164670
2026-08-04 14:49:00,196.6899,196.76,196.49,196.52,211012
2026-08-04 14:50:00,196.5576,196.895,196.5,196.58,163200
2026-08-04 14:51:00,196.6699,197.52,196.645,197.3102,195919
2026-08-04 14:52:00,197.33,197.57,197.02,197.19,108955
2026-08-04 14:53:00,197.17,197.35,197.01,197.1489,87012
2026-08-04 14:54:00,197.1,197.1602,196.68,196.78,97713
2026-08-04 14:55:00,196.79,196.93,196.2404,196.32,152685
2026-08-04 14:56:00,196.3,196.44,196.0,196.305,236682
2026-08-04 14:57:00,196.2911,196.46,196.24,196.44,187283
2026-08-04 14:58:00,196.45,196.775,196.4,196.5337,133038
2026-08-04 14:59:00,196.54,196.58,196.33,196.43,84420
2026-08-04 15:00:00,196.44,196.9,196.43,196.5501,136147
2026-08-04 15:01:00,196.55,196.93,196.5,196.87,93283
2026-08-04 15:02:00,196.87,197.68,196.84,197.38,230125
2026-08-04 15:03:00,197.39,197.72,197.24,197.525,144100
2026-08-04 15:04:00,197.53,197.8533,197.36,197.8491,96464
2026-08-04 15:05:00,197.83,197.83,197.13,197.16,99746
2026-08-04 15:06:00,197.1401,197.26,197.0,197.14,100478
2026-08-04 15:07:00,197.1,197.2,197.0,197.0,80593
2026-08-04 15:08:00,197.0169,197.29,197.0169,197.11,77005
2026-08-04 15:09:00,197.1001,197.11,196.765,196.8703,89226
2026-08-04 15:10:00,196.9,197.09,196.86,196.93,107398
2026-08-04 15:11:00,196.92,197.22,196.81,197.1945,93499
2026-08-04 15:12:00,197.24,197.82,197.1701,197.27,143223
2026-08-04 15:13:00,197.27,197.37,197.12,197.27,72836
2026-08-04 15:14:00,197.29,197.4,196.87,196.955,96024
2026-08-04 15:15:00,196.97,197.3096,196.7,197.2299,163440
2026-08-04 15:16:00,197.23,197.32,197.0101,197.11,87035
2026-08-04 15:17:00,197.14,197.19,197.0101,197.19,70517
2026-08-04 15:18:00,197.175,197.2,196.81,196.8976,87845
2026-08-04 15:19:00,196.895,197.4,196.84,197.19,162584
2026-08-04 15:20:00,197.24,197.88,197.08,197.76,128396
2026-08-04 15:21:00,197.74,197.9,197.55,197.7,143823
2026-08-04 15:22:00,197.71,197.87,197.47,197.71,97492
2026-08-04 15:23:00,197.74,197.8496,197.53,197.54,88639
2026-08-04 15:24:00,197.53,197.64,197.3,197.46,129349
2026-08-04 15:25:00,197.49,197.57,196.78,196.95,183604
2026-08-04 15:26:00,196.921,198.14,196.8995,198.11,225505
2026-08-04 15:27:00,198.12,198.18,197.85,197.925,163550
2026-08-04 15:28:00,197.93,198.1094,197.56,197.8999,129241
2026-08-04 15:29:00,197.87,198.34,197.87,198.2306,194670
2026-08-04 15:30:00,198.22,198.77,198.12,198.38,185013
2026-08-04 15:31:00,198.3538,198.43,197.91,198.2,165142
2026-08-04 15:32:00,198.18,198.23,197.87,197.9,109248
2026-08-04 15:33:00,197.87,198.25,197.73,198.0225,113484
2026-08-04 15:34:00,198.09,198.2799,197.885,198.21,108523
2026-08-04 15:35:00,198.14,198.55,197.9,198.29,128379
2026-08-04 15:36:00,198.26,198.56,198.21,198.39,140350
2026-08-04 15:37:00,198.3899,198.575,198.35,198.56,83371
2026-08-04 15:38:00,198.54,198.61,198.035,198.25,149705
2026-08-04 15:39:00,198.24,198.51,198.1501,198.29,121011
2026-08-04 15:40:00,198.3,198.4799,198.0,198.0,129073
2026-08-04 15:41:00,198.01,198.05,197.37,197.42,188177
2026-08-04 15:42:00,197.41,197.73,197.38,197.64,114797
2026-08-04 15:43:00,197.627,197.65,197.26,197.36,132119
2026-08-04 15:44:00,197.365,197.44,197.13,197.2865,166408
2026-08-04 15:45:00,197.24,197.35,197.07,197.11,155306
2026-08-04 15:46:00,197.1,197.57,197.08,197.43,155383
2026-08-04 15:47:00,197.44,197.7701,197.36,197.57,161615
2026-08-04 15:48:00,197.58,197.6887,197.42,197.54,121691
2026-08-04 15:49:00,197.5599,198.19,197.52,198.1822,159053
2026-08-04 15:50:00,198.17,198.25,197.3,197.8905,272535
2026-08-04 15:51:00,197.9099,198.32,197.83,197.88,230928
2026-08-04 15:52:00,197.88,198.27,197.765,198.0899,162448
2026-08-04 15:53:00,198.06,198.4,197.94,198.155,181991
2026-08-04 15:54:00,198.14,198.15,197.53,197.81,237173
2026-08-04 15:55:00,197.83,198.6,197.83,198.4,263979
2026-08-04 15:56:00,198.38,198.466,197.9201,197.9501,190650
2026-08-04 15:57:00,197.96,198.635,197.875,198.59,225416
2026-08-04 15:58:00,198.62,199.31,198.6,199.089,374993
2026-08-04 15:59:00,199.08,199.08,198.3,198.87,622328
2026-08-05 09:30:00,200.75,201.23,199.03,199.725,977845
2026-08-05 09:31:00,199.77,200.0,198.4,198.54,607024
2026-08-05 09:32:00,198.5,200.61,198.46,200.0711,644189
2026-08-05 09:33:00,200.14,200.8,199.11,199.359,479134
2026-08-05 09:34:00,199.36,199.88,197.71,198.1,657425
2026-08-05 09:35:00,198.05,199.33,198.0,198.0325,439200
2026-08-05 09:36:00,198.0707,198.58,196.99,197.1555,514896
2026-08-05 09:37:00,197.16,197.19,196.04,196.2,545404
2026-08-05 09:38:00,196.2,197.335,196.05,196.79,432101
2026-08-05 09:39:00,196.7875,197.22,196.0,196.11,497814
2026-08-05 09:40:00,196.11,196.68,195.14,195.14,707819
2026-08-05 09:41:00,195.14,195.32,194.5,194.81,727726
2026-08-05 09:42:00,194.83,195.25,193.72,193.91,607799
2026-08-05 09:43:00,193.95,195.1399,193.7201,193.865,640681
2026-08-05 09:44:00,193.92,194.36,193.0,193.63,608054
2026-08-05 09:45:00,193.58,193.92,192.7201,193.04,616269
2026-08-05 09:46:00,193.045,194.63,192.67,194.62,670786
2026-08-05 09:47:00,194.66,195.72,194.605,195.57,587622
2026-08-05 09:48:00,195.58,196.17,195.33,196.17,375806
2026-08-05 09:49:00,196.18,196.25,195.57,195.71,296301
2026-08-05 09:50:00,195.75,195.85,194.92,194.95,382912
2026-08-05 09:51:00,194.951,195.3999,194.665,194.97,265157
2026-08-05 09:52:00,194.98,196.98,194.963,196.7,552150
2026-08-05 09:53:00,196.7,197.05,196.3,196.73,338910
2026-08-05 09:54:00,196.72,197.49,196.5705,197.395,406125
2026-08-05 09:55:00,197.37,197.435,196.88,197.22,293394
2026-08-05 09:56:00,197.21,197.9,197.2004,197.672,323068
2026-08-05 09:57:00,197.6546,197.8792,197.26,197.58,200320
2026-08-05 09:58:00,197.58,197.7,196.631,197.24,303675
2026-08-05 09:59:00,197.2301,197.42,197.03,197.405,173437
2026-08-05 10:00:00,197.395,197.4,196.9,197.0766,187860
2026-08-05 10:01:00,197.09,197.24,196.72,196.9,243235
2026-08-05 10:02:00,196.89,198.3099,196.89,198.224,407880
2026-08-05 10:03:00,198.17,198.4788,197.76,198.38,299517
2026-08-05 10:04:00,198.3953,198.76,198.01,198.58,290357
2026-08-05 10:05:00,198.53,198.71,197.9901,198.03,351831
2026-08-05 10:06:00,198.04,198.2,197.2301,198.18,334215
2026-08-05 10:07:00,198.19,198.41,197.31,197.78,280353
2026-08-05 10:08:00,197.79,198.88,197.6,198.2715,301464
2026-08-05 10:09:00,198.265,198.265,197.7,197.72,251644
2026-08-05 10:10:00,197.72,198.3599,197.4,198.185,307016
2026-08-05 10:11:00,198.17,198.5497,197.9201,198.2774,223842
2026-08-05 10:12:00,198.3,198.6,197.84,198.17,209337
2026-08-05 10:13:00,198.14,198.5,197.781,198.39,223111
2026-08-05 10:14:00,198.3931,198.43,197.0,197.33,334133
2026-08-05 10:15:00,197.2801,197.45,196.0,196.12,392045
2026-08-05 10:16:00,196.14,196.69,196.0,196.555,257397
2026-08-05 10:17:00,196.55,196.59,196.2,196.26,116828
2026-08-05 10:18:00,196.2901,196.71,196.2901,196.71,127003
2026-08-05 10:19:00,196.7,197.42,196.5,197.39,183900
2026-08-05 10:20:00,197.36,197.36,196.5,196.965,188288
2026-08-05 10:21:00,196.9675,196.98,196.22,196.9,256747
2026-08-05 10:22:00,196.95,197.42,196.66,197.2097,192097
2026-08-05 10:23:00,197.22,197.22,196.21,196.37,178645
2026-08-05 10:24:00,196.4,197.1,196.22,196.96,180239
2026-08-05 10:25:00,197.05,197.13,195.9701,196.22,316595
2026-08-05 10:26:00,196.3,196.778,195.99,196.1,160604
2026-08-05 10:27:00,196.0701,196.76,196.0,196.6909,199912
2026-08-05 10:28:00,196.69,197.03,196.65,196.8601,168245
2026-08-05 10:29:00,196.9,197.05,196.0,196.0675,180907
2026-08-05 10:30:00,196.13,196.35,195.33,195.38,303101
2026-08-05 10:31:00,195.375,195.6199,195.1,195.19,303189
2026-08-05 10:32:00,195.2199,195.55,195.01,195.215,213587
2026-08-05 10:33:00,195.2,195.34,194.91,195.001,280586
2026-08-05 10:34:00,195.0,195.53,194.86,195.26,203939
2026-08-05 10:35:00,195.2215,195.83,195.2215,195.7001,249679
2026-08-05 10:36:00,195.72,195.74,195.21,195.53,198894
2026-08-05 10:37:00,195.45,195.8,195.3,195.5996,144143
2026-08-05 10:38:00,195.58,196.51,195.58,196.25,455439
2026-08-05 10:39:00,196.31,196.44,195.6,196.0532,182313
2026-08-05 10:40:00,196.067,196.37,195.7,196.2,143678
2026-08-05 10:41:00,196.22,196.93,195.93,196.625,251144
2026-08-05 10:42:00,196.6573,197.05,196.4937,196.944,185897
2026-08-05 10:43:00,196.98,197.18,196.5,196.79,261474
2026-08-05 10:44:00,196.77,196.928,196.5301,196.86,159103
2026-08-05 10:45:00,196.8127,197.0418,196.6,196.7828,181107
2026-08-05 10:46:00,196.76,197.3,196.76,197.16,260415
2026-08-05 10:47:00,197.05,197.42,196.95,197.38,183084
2026-08-05 10:48:00,197.39,197.4897,196.9244,197.0,172681
2026-08-05 10:49:00,197.013,197.27,196.5201,196.62,201642
2026-08-05 10:50:00,196.6,196.64,196.3,196.526,205336
2026-08-05 10:51:00,196.48,196.515,196.01,196.42,153562
2026-08-05 10:52:00,196.45,196.61,196.4,196.5343,134948
2026-08-05 10:53:00,196.57,196.61,196.44,196.57,126720
2026-08-05 10:54:00,196.56,196.63,196.4,196.6,158805
2026-08-05 10:55:00,196.63,196.63,196.4,196.45,130836
2026-08-05 10:56:00,196.47,196.63,196.29,196.36,141114
2026-08-05 10:57:00,196.35,196.47,196.0,196.4024,171837
2026-08-05 10:58:00,196.47,196.47,195.81,196.12,130319
2026-08-05 10:59:00,196.1,196.53,196.06,196.3943,114005
2026-08-05 11:00:00,196.36,196.58,196.175,196.5201,96296
2026-08-05 11:01:00,196.53,196.6,196.2314,196.4,105662
2026-08-05 11:02:00,196.4108,196.6,196.1,196.4293,93402
2026-08-05 11:03:00,196.41,196.6,196.07,196.49,105882
2026-08-05 11:04:00,196.5,196.62,196.4,196.5301,108220
2026-08-05 11:05:00,196.56,197.15,196.34,196.99,207082
2026-08-05 11:06:00,196.965,197.18,196.8258,196.9798,124135
2026-08-05 11:07:00,196.98,197.72,196.92,197.63,228645
2026-08-05 11:08:00,197.605,197.8,197.5501,197.79,163533
2026-08-05 11:09:00,197.7701,197.7899,197.51,197.6001,137659
2026-08-05 11:10:00,197.6,197.6,196.94,196.97,155125
2026-08-05 11:11:00,196.97,196.97,196.4,196.76,202733
2026-08-05 11:12:00,196.7456,196.8599,196.39,196.47,115187
2026-08-05 11:13:00,196.46,196.77,196.43,196.71,100761
2026-08-05 11:14:00,196.7887,196.85,196.405,196.465,92509
2026-08-05 11:15:00,196.47,196.68,195.9204,195.98,178631
2026-08-05 11:16:00,195.99,196.06,195.8101,195.9,120953
2026-08-05 11:17:00,195.905,196.03,195.82,195.98,85706
2026-08-05 11:18:00,196.0,196.36,195.75,196.17,187624
2026-08-05 11:19:00,196.215,196.2461,195.705,195.8775,141701
2026-08-05 11:20:00,195.89,196.06,195.77,195.835,117507
2026-08-05 11:21:00,195.8108,196.07,195.6,195.64,119965
2026-08-05 11:22:00,195.62,196.19,195.5,196.12,148915
2026-08-05 11:23:00,196.12,196.17,195.8211,196.005,121038
2026-08-05 11:24:00,196.0084,196.24,195.83,196.19,91291
2026-08-05 11:25:00,196.21,196.33,195.84,196.03,96581
2026-08-05 11:26:00,196.005,196.4,195.96,196.37,84884
2026-08-05 11:27:00,196.39,196.4,196.11,196.23,65950
2026-08-05 11:28:00,196.21,196.25,195.5,195.551,156426
2026-08-05 11:29:00,195.56,195.56,195.06,195.1201,195632
2026-08-05 11:30:00,195.15,195.41,195.12,195.26,116358
2026-08-05 11:31:00,195.28,195.47,195.18,195.32,88948
2026-08-05 11:32:00,195.3,195.8,195.2501,195.79,113479
2026-08-05 11:33:00,195.7519,196.26,195.7519,196.201,140761
2026-08-05 11:34:00,196.215,196.36,196.02,196.325,112331
2026-08-05 11:35:00,196.3295,196.8,196.01,196.065,204654
2026-08-05 11:36:00,196.06,196.74,196.01,196.48,174506
2026-08-05 11:37:00,196.4814,196.7,196.15,196.1601,123007
2026-08-05 11:38:00,196.215,196.5399,196.0,196.37,118398
2026-08-05 11:39:00,196.35,196.56,196.2301,196.37,83426
2026-08-05 11:40:00,196.3999,196.59,196.1451,196.55,111816
2026-08-05 11:41:00,196.565,196.645,196.33,196.5,97116
2026-08-05 11:42:00,196.4901,196.76,196.49,196.51,100296
2026-08-05 11:43:00,196.5076,196.6814,196.24,196.53,92749
2026-08-05 11:44:00,196.6,196.64,196.1305,196.58,67862
2026-08-05 11:45:00,196.6,196.87,196.4,196.665,123252
2026-08-05 11:46:00,196.65,196.74,196.301,196.63,83721
2026-08-05 11:47:00,196.6,197.02,196.45,196.97,127185
2026-08-05 11:48:00,196.951,197.04,196.7005,196.8699,112717
2026-08-05 11:49:00,196.86,197.57,196.82,197.2901,215800
2026-08-05 11:50:00,197.3,197.6899,197.2101,197.64,165008
2026-08-05 11:51:00,197.655,197.69,197.3368,197.49,188927
2026-08-05 11:52:00,197.4905,198.17,197.41,197.86,239304
2026-08-05 11:53:00,197.91,198.52,197.88,198.32,215229
2026-08-05 11:54:00,198.33,198.65,198.32,198.54,188227
2026-08-05 11:55:00,198.5501,198.86,198.5301,198.58,170750
2026-08-05 11:56:00,198.565,199.14,198.4432,199.07,289397
2026-08-05 11:57:00,199.08,199.62,199.06,199.365,288491
2026-08-05 11:58:00,199.385,199.56,199.25,199.43,166008
2026-08-05 11:59:00,199.43,199.55,199.19,199.43,193115
2026-08-05 12:00:00,199.44,199.98,199.42,199.5905,292147
2026-08-05 12:01:00,199.63,199.99,199.28,199.84,210724
2026-08-05 12:02:00,199.8001,199.94,199.4601,199.63,121518
2026-08-05 12:03:00,199.655,200.14,199.5701,199.5974,255595
2026-08-05 12:04:00,199.61,199.73,199.2,199.375,231098
2026-08-05 12:05:00,199.4,199.59,199.1,199.5201,206969
2026-08-05 12:06:00,199.52,199.8199,199.1,199.74,224674
2026-08-05 12:07:00,199.75,199.7899,199.2301,199.3397,233811
2026-08-05 12:08:00,199.322,199.7199,199.1201,199.57,164021
2026-08-05 12:09:00,199.5501,199.6798,199.4,199.551,125525
2026-08-05 12:10:00,199.5668,200.42,199.2201,199.4,420681
2026-08-05 12:11:00,199.43,199.8,199.24,199.675,173272
2026-08-05 12:12:00,199.71,200.12,199.43,199.901,260200
2026-08-05 12:13:00,199.935,200.03,199.51,199.7,111697
2026-08-05 12:14:00,199.7,199.98,199.665,199.87,96826
2026-08-05 12:15:00,199.88,200.24,199.7701,200.12,173850
2026-08-05 12:16:00,200.09,201.1,200.06,201.0,374558
2026-08-05 12:17:00,201.0,201.09,200.85,200.985,240513
2026-08-05 12:18:00,200.97,201.1,200.81,200.985,191576
2026-08-05 12:19:00,200.97,201.21,200.885,201.01,207052
2026-08-05 12:20:00,201.0,201.06,200.94,201.03,116250
2026-08-05 12:21:00,201.01,201.2,200.73,201.0,178378
2026-08-05 12:22:00,201.01,201.1,200.82,200.985,118767
2026-08-05 12:23:00,201.0,201.04,200.22,200.525,213225
2026-08-05 12:24:00,200.52,200.76,200.12,200.6198,230189
2026-08-05 12:25:00,200.6,200.7599,200.09,200.2366,139626
2026-08-05 12:26:00,200.25,200.3,200.0,200.0738,163734
2026-08-05 12:27:00,200.14,200.49,200.0567,200.37,167372
2026-08-05 12:28:00,200.4,200.46,200.21,200.31,57619
2026-08-05 12:29:00,200.32,200.5,200.2,200.285,106489
2026-08-05 12:30:00,200.32,200.45,199.92,200.1061,141547
2026-08-05 12:31:00,200.087,200.6,199.7801,200.545,199047
2026-08-05 12:32:00,200.5305,200.5305,200.0,200.2541,120506
2026-08-05 12:33:00,200.201,200.36,200.15,200.2504,68987
2026-08-05 12:34:00,200.2299,200.5,200.14,200.14,121021
2026-08-05 12:35:00,200.14,200.45,200.0,200.05,112158
2026-08-05 12:36:00,200.055,200.07,199.63,199.76,167593
2026-08-05 12:37:00,199.72,199.7376,199.33,199.4501,135248
2026-08-05 12:38:00,199.48,199.67,199.45,199.66,83393
2026-08-05 12:39:00,199.66,199.6742,199.43,199.57,73754
2026-08-05 12:40:00,199.61,199.62,199.33,199.425,84455
2026-08-05 12:41:00,199.34,199.95,199.31,199.94,130600
2026-08-05 12:42:00,199.9304,200.1,199.83,200.0,87889
2026-08-05 12:43:00,199.97,199.98,199.7101,199.74,64635
2026-08-05 12:44:00,199.74,199.82,199.42,199.625,73695
2026-08-05 12:45:00,199.625,199.94,199.62,199.8401,65533
2026-08-05 12:46:00,199.86,200.19,199.8,200.1199,116372
2026-08-05 12:47:00,200.11,200.3799,199.8,199.85,133188
2026-08-05 12:48:00,199.855,200.23,199.8001,200.05,78422
2026-08-05 12:49:00,200.045,200.1046,199.89,199.92,64550
2026-08-05 12:50:00,199.965,200.24,199.91,200.08,74958
2026-08-05 12:51:00,200.06,200.21,199.9601,200.021,63588
2026-08-05 12:52:00,200.0263,200.8,200.0001,200.76,166219
2026-08-05 12:53:00,200.77,200.96,200.6123,200.7972,124724
2026-08-05 12:54:00,200.79,201.5,200.79,201.34,192464
2026-08-05 12:55:00,201.34,201.4001,201.0001,201.374,148737
2026-08-05 12:56:00,201.36,201.43,201.2,201.385,124978
2026-08-05 12:57:00,201.4,201.6296,201.2,201.2401,147614
2026-08-05 12:58:00,201.2406,201.54,201.215,201.391,91598
2026-08-05 12:59:00,201.43,201.78,201.43,201.455,111032
2026-08-05 13:00:00,201.46,201.7445,201.2,201.4799,115008
2026-08-05 13:01:00,201.48,201.53,201.24,201.51,94019
2026-08-05 13:02:00,201.53,201.54,201.23,201.49,66132
2026-08-05 13:03:00,201.48,201.75,201.3201,201.7199,89973
2026-08-05 13:04:00,201.74,202.1,201.62,201.9653,194724
2026-08-05 13:05:00,201.91,201.9594,201.55,201.7501,134740
2026-08-05 13:06:00,201.8705,201.97,201.6239,201.97,72489
2026-08-05 13:07:00,201.955,201.98,201.6,201.62,81979
2026-08-05 13:08:00,201.63,201.6774,201.28,201.645,111983
2026-08-05 13:09:00,201.6554,201.76,201.301,201.35,69260
2026-08-05 13:10:00,201.35,201.419,201.2,201.2009,70935
2026-08-05 13:11:00,201.2,201.205,200.825,201.0,117638
2026-08-05 13:12:00,201.0,201.11,200.82,200.9753,86051
2026-08-05 13:13:00,200.985,201.17,200.94,201.16,64276
2026-08-05 13:14:00,201.1599,201.2,200.9502,201.0503,64330
2026-08-05 13:15:00,201.055,201.22,200.81,201.215,89276
2026-08-05 13:16:00,201.23,201.23,200.94,201.18,73354
2026-08-05 13:17:00,201.19,201.2496,200.95,201.04,77633
2026-08-05 13:18:00,201.0601,201.2,200.9504,201.03,70275
2026-08-05 13:19:00,200.98,201.09,200.92,201.0212,49676
2026-08-05 13:20:00,201.05,201.27,200.87,201.27,106420
2026-08-05 13:21:00,201.28,201.585,201.051,201.12,138263
2026-08-05 13:22:00,201.09,201.1599,200.84,201.01,80266
2026-08-05 13:23:00,201.0,201.22,200.8,201.14,79643
2026-08-05 13:24:00,201.12,201.14,200.91,200.9901,49101
2026-08-05 13:25:00,200.9901,201.85,200.93,201.635,130679
2026-08-05 13:26:00,201.6399,201.75,201.3201,201.4311,100056
2026-08-05 13:27:00,201.42,201.7299,201.37,201.7,92144
2026-08-05 13:28:00,201.68,201.78,201.42,201.65,101320
2026-08-05 13:29:00,201.56,201.65,201.381,201.565,91937
2026-08-05 13:30:00,201.59,201.7,201.44,201.5538,94376
2026-08-05 13:31:00,201.54,202.05,201.52,201.91,145992
2026-08-05 13:32:00,201.91,202.1,201.7,202.01,113110
2026-08-05 13:33:00,202.0199,202.1,201.83,201.9607,79066
2026-08-05 13:34:00,201.965,202.05,201.781,201.79,55367
2026-08-05 13:35:00,201.781,201.82,201.59,201.82,75538
2026-08-05 13:36:00,201.79,202.1,201.69,202.01,130475
2026-08-05 13:37:00,202.0,202.12,201.9,201.96,94809
2026-08-05 13:38:00,201.9497,202.03,201.81,201.99,62707
2026-08-05 13:39:00,201.98,202.0699,201.811,201.92,69073
2026-08-05 13:40:00,201.96,201.99,201.6814,201.7499,54706
2026-08-05 13:41:00,201.71,201.8,201.62,201.68,64491
2026-08-05 13:42:00,201.67,201.68,201.3,201.4012,89494
2026-08-05 13:43:00,201.38,201.4999,200.84,200.965,184578
2026-08-05 13:44:00,200.97,201.33,200.86,200.96,105272
2026-08-05 13:45:00,200.9507,201.1632,200.89,200.89,65744
2026-08-05 13:46:00,200.94,201.2467,200.89,201.14,64519
2026-08-05 13:47:00,201.15,201.5789,201.0,201.46,99802
2026-08-05 13:48:00,201.4801,201.7,201.41,201.6,79310
2026-08-05 13:49:00,201.58,201.69,201.4501,201.5904,73798
2026-08-05 13:50:00,201.63,201.66,201.4301,201.49,60887
2026-08-05 13:51:00,201.49,201.61,201.3429,201.4,68992
2026-08-05 13:52:00,201.405,201.405,201.0801,201.3106,60993
2026-08-05 13:53:00,201.265,201.75,201.225,201.745,71931
2026-08-05 13:54:00,201.745,201.85,201.63,201.8471,108589
2026-08-05 13:55:00,201.82,201.95,201.74,201.9201,76547
2026-08-05 13:56:00,201.95,202.1,201.9,202.0,99390
2026-08-05 13:57:00,202.0,202.05,201.9,201.99,66042
2026-08-05 13:58:00,201.9899,202.03,201.8701,201.96,92221
2026-08-05 13:59:00,201.97,201.97,201.7601,201.865,67345
2026-08-05 14:00:00,201.88,201.97,201.78,201.88,62199
2026-08-05 14:01:00,201.8899,202.09,201.76,201.95,95177
2026-08-05 14:02:00,201.91,201.9499,201.4001,201.9499,133100
2026-08-05 14:03:00,201.8901,202.0,201.59,201.6,74951
2026-08-05 14:04:00,201.62,201.92,201.62,201.83,46426
2026-08-05 14:05:00,201.9,202.08,201.69,201.72,91692
2026-08-05 14:06:00,201.73,201.93,201.51,201.9,63615
2026-08-05 14:07:00,201.87,202.0,201.68,201.6907,82826
2026-08-05 14:08:00,201.7601,201.89,201.69,201.85,57856
2026-08-05 14:09:00,201.87,202.0,201.815,201.9,80099
2026-08-05 14:10:00,201.9299,202.07,201.85,202.01,93742
2026-08-05 14:11:00,202.0,202.2,201.8101,202.0557,173752
2026-08-05 14:12:00,202.07,202.2,202.02,202.17,101049
2026-08-05 14:13:00,202.14,202.18,201.8301,201.89,93487
2026-08-05 14:14:00,201.9,201.9899,201.701,201.9899,80230
2026-08-05 14:15:00,201.98,202.09,201.93,202.02,52985
2026-08-05 14:16:00,202.03,202.0652,201.82,201.92,42374
2026-08-05 14:17:00,201.95,202.25,201.881,201.954,122183
2026-08-05 14:18:00,202.01,202.3,201.98,202.23,146407
2026-08-05 14:19:00,202.24,202.3,202.14,202.29,62279
2026-08-05 14:20:00,202.3,202.3023,202.125,202.1504,80105
2026-08-05 14:21:00,202.1598,202.44,202.07,202.24,138548
2026-08-05 14:22:00,202.32,202.47,202.14,202.265,107934
2026-08-05 14:23:00,202.275,202.45,202.22,202.37,86646
2026-08-05 14:24:00,202.37,202.42,202.3,202.35,51069
2026-08-05 14:25:00,202.3504,202.41,202.16,202.4,73840
2026-08-05 14:26:00,202.39,202.47,202.2545,202.33,91387
2026-08-05 14:27:00,202.33,202.35,201.91,202.03,113482
2026-08-05 14:28:00,202.06,202.4,202.04,202.3299,146812
2026-08-05 14:29:00,202.32,202.4,202.08,202.2199,82137
2026-08-05 14:30:00,202.22,202.26,201.725,202.0,130473
2026-08-05 14:31:00,201.9899,202.45,201.94,202.37,130482
2026-08-05 14:32:00,202.3999,202.3999,202.2,202.32,71871
2026-08-05 14:33:00,202.33,202.46,202.22,202.42,92477
2026-08-05 14:34:00,202.4101,202.6,202.29,202.5296,171448
2026-08-05 14:35:00,202.55,202.61,202.4398,202.5799,82675
2026-08-05 14:36:00,202.5699,202.8,202.425,202.74,156795
2026-08-05 14:37:00,202.7301,202.8,202.6601,202.795,120640
2026-08-05 14:38:00,202.7986,202.7986,202.68,202.77,74472
2026-08-05 14:39:00,202.79,202.83,202.66,202.75,63965
2026-08-05 14:40:00,202.7401,202.8,202.51,202.73,108998
2026-08-05 14:41:00,202.75,202.8,202.55,202.69,68081
2026-08-05 14:42:00,202.7,202.9,202.64,202.84,131390
2026-08-05 14:43:00,202.84,202.845,202.325,202.4699,120180
2026-08-05 14:44:00,202.45,202.69,202.405,202.605,71047
2026-08-05 14:45:00,202.61,202.85,202.495,202.5501,99684
2026-08-05 14:46:00,202.61,202.7,202.3,202.645,77097
2026-08-05 14:47:00,202.6746,202.9,202.64,202.79,101517
2026-08-05 14:48:00,202.79,202.9,202.7001,202.8996,72038
2026-08-05 14:49:00,202.89,202.9,202.71,202.75,75212
2026-08-05 14:50:00,202.7401,202.8698,202.6647,202.7701,61598
2026-08-05 14:51:00,202.8184,202.84,202.53,202.64,64841
2026-08-05 14:52:00,202.64,202.79,202.55,202.69,50883
2026-08-05 14:53:00,202.69,202.75,202.6001,202.6886,42565
2026-08-05 14:54:00,202.67,202.7297,202.59,202.59,70094
2026-08-05 14:55:00,202.64,202.7295,202.52,202.6,58392
2026-08-05 14:56:00,202.62,202.64,202.405,202.51,93771
2026-08-05 14:57:00,202.5004,202.7,202.45,202.61,83405
2026-08-05 14:58:00,202.61,202.6999,202.1,202.38,186125
2026-08-05 14:59:00,202.38,202.38,201.53,201.53,156503
2026-08-05 15:00:00,201.53,201.55,201.15,201.3713,152302
2026-08-05 15:01:00,201.37,201.48,201.16,201.1751,90202
2026-08-05 15:02:00,201.1701,201.28,201.0,201.07,130989
2026-08-05 15:03:00,201.055,201.16,200.5038,200.61,183582
2026-08-05 15:04:00,200.64,200.87,200.1225,200.26,189742
2026-08-05 15:05:00,200.3,200.51,199.9,200.07,236593
2026-08-05 15:06:00,200.02,200.48,199.92,200.0599,180772
2026-08-05 15:07:00,200.03,200.19,199.5,199.54,239596
2026-08-05 15:08:00,199.54,199.95,199.5101,199.66,165645
2026-08-05 15:09:00,199.6934,200.245,199.68,199.9,164366
2026-08-05 15:10:00,199.87,200.39,199.7102,200.23,148823
2026-08-05 15:11:00,200.215,200.44,199.7101,199.9157,176681
2026-08-05 15:12:00,199.92,200.47,199.92,200.265,123794
2026-08-05 15:13:00,200.255,200.67,200.2201,200.38,166862
2026-08-05 15:14:00,200.3501,200.54,200.26,200.27,97222
2026-08-05 15:15:00,200.265,200.5294,200.121,200.23,134113
2026-08-05 15:16:00,200.2256,200.26,199.5131,199.6199,166297
2026-08-05 15:17:00,199.62,200.12,199.52,199.86,165472
2026-08-05 15:18:00,199.94,200.37,199.8901,200.06,134187
2026-08-05 15:19:00,200.08,200.31,199.9104,200.0,109577
2026-08-05 15:20:00,200.01,200.26,199.83,200.22,184424
2026-08-05 15:21:00,200.2,200.5999,200.12,200.5999,127176
2026-08-05 15:22:00,200.58,201.1,200.39,200.91,201668
2026-08-05 15:23:00,200.95,201.03,200.7001,201.01,108699
2026-08-05 15:24:00,200.9795,201.16,200.88,201.1401,115536
2026-08-05 15:25:00,201.12,201.2899,201.0,201.195,172425
2026-08-05 15:26:00,201.175,201.43,201.0,201.2801,171338
2026-08-05 15:27:00,201.285,201.37,201.07,201.1005,118693
2026-08-05 15:28:00,201.17,201.23,200.91,201.17,122372
2026-08-05 15:29:00,201.2,201.4,201.03,201.135,158649
2026-08-05 15:30:00,201.15,201.3999,200.84,201.16,146471
2026-08-05 15:31:00,201.1201,201.43,200.96,201.345,125921
2026-08-05 15:32:00,201.36,201.4,201.0,201.22,124534
2026-08-05 15:33:00,201.22,201.4599,201.06,201.415,110724
2026-08-05 15:34:00,201.4,201.78,201.29,201.75,178303
2026-08-05 15:35:00,201.73,201.79,201.4,201.53,134758
2026-08-05 15:36:00,201.5401,201.62,201.34,201.49,105251
2026-08-05 15:37:00,201.49,201.65,201.34,201.57,116485
2026-08-05 15:38:00,201.55,201.6699,201.42,201.59,110740
2026-08-05 15:39:00,201.58,201.65,201.28,201.3,105634
2026-08-05 15:40:00,201.31,201.63,201.1,201.455,142012
2026-08-05 15:41:00,201.4301,201.6,201.1,201.2,147525
2026-08-05 15:42:00,201.21,201.5799,201.12,201.2199,140843
2026-08-05 15:43:00,201.19,201.26,200.93,201.23,156719
2026-08-05 15:44:00,201.235,201.68,201.2275,201.5,177180
2026-08-05 15:45:00,201.5089,201.87,201.39,201.66,215718
2026-08-05 15:46:00,201.7,201.7599,201.54,201.545,139610
2026-08-05 15:47:00,201.54,201.6,201.27,201.28,172704
2026-08-05 15:48:00,201.28,201.69,201.11,201.5701,167661
2026-08-05 15:49:00,201.58,201.59,201.12,201.16,160015
2026-08-05 15:50:00,201.15,201.6,200.9,201.54,282365
2026-08-05 15:51:00,201.5,201.57,200.875,200.985,210715
2026-08-05 15:52:00,201.01,201.15,200.96,200.99,163211
2026-08-05 15:53:00,201.01,201.241,200.97,200.99,134669
2026-08-05 15:54:00,201.0,201.08,200.53,200.68,312514
2026-08-05 15:55:00,200.71,201.51,200.7,201.005,279713
2026-08-05 15:56:00,201.01,201.01,200.42,200.67,194053
2026-08-05 15:57:00,200.645,200.9,200.33,200.51,216517
2026-08-05 15:58:00,200.51,200.59,200.03,200.09,260463
2026-08-05 15:59:00,200.08,200.58,200.0,200.36,621242
2026-08-06 09:30:00,200.77,201.32,200.12,200.8,648598
2026-08-06 09:31:00,200.8546,202.7,200.6,202.595,503272
2026-08-06 09:32:00,202.598,203.0,201.41,201.8094,545384
2026-08-06 09:33:00,201.74,203.21,200.95,203.085,595681
2026-08-06 09:34:00,203.05,203.209,202.02,202.56,336463
2026-08-06 09:35:00,202.55,203.26,202.16,202.76,414345
2026-08-06 09:36:00,202.87,203.3,202.51,202.99,310251
2026-08-06 09:37:00,202.975,203.49,202.5,203.35,423310
2026-08-06 09:38:00,203.41,203.43,202.62,202.83,287987
2026-08-06 09:39:00,202.805,202.99,202.11,202.285,293191
2026-08-06 09:40:00,202.32,202.32,200.55,200.76,466515
2026-08-06 09:41:00,200.7388,201.37,200.62,200.854,414351
2026-08-06 09:42:00,200.8188,200.9699,199.7,200.135,540186
2026-08-06 09:43:00,200.19,200.49,199.7,199.875,369908
2026-08-06 09:44:00,199.9,200.1599,199.46,199.63,374245
2026-08-06 09:45:00,199.64,200.11,199.1777,199.97,401359
2026-08-06 09:46:00,200.03,200.34,199.51,200.115,431371
2026-08-06 09:47:00,200.11,200.19,199.3,199.52,302399
2026-08-06 09:48:00,199.54,199.98,199.26,199.3901,301136
2026-08-06 09:49:00,199.47,200.0,199.22,199.785,278617
2026-08-06 09:50:00,199.78,200.98,199.68,200.63,396022
2026-08-06 09:51:00,200.59,200.63,199.7001,200.0,313838
2026-08-06 09:52:00,199.9789,200.44,199.92,200.0859,163077
2026-08-06 09:53:00,200.0401,200.82,199.89,200.6555,322343
2026-08-06 09:54:00,200.7226,200.94,200.12,200.2,227373
2026-08-06 09:55:00,200.26,200.26,198.51,198.61,546200
2026-08-06 09:56:00,198.55,199.7399,198.54,199.69,277596
2026-08-06 09:57:00,199.7139,200.1,199.4701,199.51,281746
2026-08-06 09:58:00,199.5379,199.55,198.24,198.704,386661
2026-08-06 09:59:00,198.69,199.41,198.63,199.225,222479
2026-08-06 10:00:00,199.225,199.74,199.03,199.1522,203148
2026-08-06 10:01:00,199.22,199.3599,198.84,199.12,217136
2026-08-06 10:02:00,199.1,199.3,198.84,198.935,180795
2026-08-06 10:03:00,198.92,199.82,198.66,199.21,270651
2026-08-06 10:04:00,199.22,199.57,198.46,198.55,322862
2026-08-06 10:05:00,198.5,198.94,198.05,198.74,311335
2026-08-06 10:06:00,198.7209,199.23,198.68,199.1599,230191
2026-08-06 10:07:00,199.11,199.22,198.661,198.915,199553
2026-08-06 10:08:00,198.89,199.13,198.65,198.85,158514
2026-08-06 10:09:00,198.84,199.71,198.83,199.67,265032
2026-08-06 10:10:00,199.66,200.125,199.4851,199.9901,328191
2026-08-06 10:11:00,199.99,200.38,199.99,200.32,236426
2026-08-06 10:12:00,200.36,200.66,200.33,200.56,248536
2026-08-06 10:13:00,200.53,200.65,200.1221,200.49,219976
2026-08-06 10:14:00,200.47,200.49,199.4101,199.43,242778
2026-08-06 10:15:00,199.4153,199.78,199.01,199.14,257197
2026-08-06 10:16:00,199.13,199.3999,198.6101,198.65,241810
2026-08-06 10:17:00,198.64,199.12,198.3,198.39,289700
2026-08-06 10:18:00,198.48,198.7199,197.82,197.9342,467692
2026-08-06 10:19:00,197.91,198.12,197.5219,197.94,292257
2026-08-06 10:20:00,197.92,198.57,197.92,198.4166,238474
2026-08-06 10:21:00,198.43,198.668,198.25,198.395,151161
2026-08-06 10:22:00,198.45,199.1,198.41,199.0052,165061
2026-08-06 10:23:00,199.04,199.3,198.9,198.95,195038
2026-08-06 10:24:00,198.98,199.29,198.71,198.87,169632
2026-08-06 10:25:00,198.94,199.13,198.45,199.13,223416
2026-08-06 10:26:00,199.128,199.2,198.26,198.37,206379
2026-08-06 10:27:00,198.4112,198.7399,198.36,198.6789,135591
2026-08-06 10:28:00,198.6,198.7087,197.81,198.13,243111
2026-08-06 10:29:00,198.075,198.34,197.91,198.0499,170736
2026-08-06 10:30:00,197.98,198.07,197.36,197.985,335085
2026-08-06 10:31:00,197.99,198.28,197.82,197.965,196963
2026-08-06 10:32:00,198.06,198.44,197.8502,198.05,171301
2026-08-06 10:33:00,198.09,198.3,197.82,198.0994,171566
2026-08-06 10:34:00,198.0989,198.34,197.53,197.7,180824
2026-08-06 10:35:00,197.77,197.9099,197.171,197.5901,317118
2026-08-06 10:36:00,197.6201,197.96,197.34,197.7,178718
2026-08-06 10:37:00,197.7,198.27,197.4301,198.27,157568
2026-08-06 10:38:00,198.23,198.3599,197.61,197.7845,144983
2026-08-06 10:39:00,197.867,197.95,197.4,197.93,132205
2026-08-06 10:40:00,197.84,198.19,197.65,197.75,135213
2026-08-06 10:41:00,197.75,198.02,197.3,197.77,145749
2026-08-06 10:42:00,197.7662,198.13,197.48,197.5925,170182
2026-08-06 10:43:00,197.51,198.13,197.47,197.99,124904
2026-08-06 10:44:00,198.04,198.7,198.04,198.601,221433
2026-08-06 10:45:00,198.63,199.12,198.36,198.885,241894
2026-08-06 10:46:00,198.9268,199.01,198.62,199.009,148875
2026-08-06 10:47:00,198.995,199.34,198.87,199.065,240168
2026-08-06 10:48:00,199.06,199.2,198.94,199.1101,109212
2026-08-06 10:49:00,199.12,199.16,198.95,199.13,109964
2026-08-06 10:50:00,199.1,199.1,198.75,198.938,105747
2026-08-06 10:51:00,198.93,199.0,198.69,198.885,117991
2026-08-06 10:52:00,198.92,198.95,198.67,198.6853,99788
2026-08-06 10:53:00,198.69,199.19,198.66,198.7701,171522
2026-08-06 10:54:00,198.83,198.94,198.4,198.545,181034
2026-08-06 10:55:00,198.55,199.16,198.5301,199.0601,132226
2026-08-06 10:56:00,199.12,199.25,198.9005,198.945,123899
2026-08-06 10:57:00,198.955,199.1299,198.78,199.0,85805
2026-08-06 10:58:00,199.03,199.17,198.7001,198.72,137650
2026-08-06 10:59:00,198.74,198.8099,198.561,198.68,99310
2026-08-06 11:00:00,198.69,199.3,198.69,198.99,188035
2026-08-06 11:01:00,198.965,199.2,198.73,198.74,118512
2026-08-06 11:02:00,198.75,199.35,198.59,199.29,155184
2026-08-06 11:03:00,199.26,199.843,199.23,199.6478,236469
2026-08-06 11:04:00,199.665,200.09,199.665,200.07,266189
2026-08-06 11:05:00,200.01,200.35,200.01,200.2601,219238
2026-08-06 11:06:00,200.31,200.45,199.94,200.095,148491
2026-08-06 11:07:00,200.09,200.44,199.9,200.26,166147
2026-08-06 11:08:00,200.27,200.3571,200.05,200.22,230099
2026-08-06 11:09:00,200.19,200.2191,199.9749,200.0043,101071
2026-08-06 11:10:00,200.02,200.2499,199.83,199.91,158917
2026-08-06 11:11:00,199.915,199.99,199.55,199.83,175428
2026-08-06 11:12:00,199.851,200.15,199.82,199.9474,111851
2026-08-06 11:13:00,199.9799,200.08,199.8,199.9399,84800
2026-08-06 11:14:00,199.899,199.97,199.65,199.675,139099
2026-08-06 11:15:00,199.66,200.14,199.65,199.84,132980
2026-08-06 11:16:00,199.76,199.93,199.39,199.425,143437
2026-08-06 11:17:00,199.45,199.6299,199.23,199.34,142247
2026-08-06 11:18:00,199.29,199.53,198.921,198.945,145109
2026-08-06 11:19:00,198.9548,199.09,198.86,198.9399,130784
2026-08-06 11:20:00,198.86,199.31,198.66,199.29,235985
2026-08-06 11:21:00,199.27,199.39,199.04,199.34,98689
2026-08-06 11:22:00,199.3101,199.37,199.0305,199.1039,69046
2026-08-06 11:23:00,199.12,199.47,198.9,199.36,125345
2026-08-06 11:24:00,199.4,199.455,198.9,198.94,111373
2026-08-06 11:25:00,198.94,199.04,198.69,199.0101,138025
2026-08-06 11:26:00,199.04,199.14,198.79,198.9686,88191
2026-08-06 11:27:00,198.99,199.04,198.62,198.86,90672
2026-08-06 11:28:00,198.9,198.9557,198.635,198.82,100069
2026-08-06 11:29:00,198.8,198.994,198.65,198.89,84689
2026-08-06 11:30:00,198.9101,199.35,198.89,199.2209,128915
2026-08-06 11:31:00,199.23,199.36,198.95,199.36,96896
2026-08-06 11:32:00,199.3501,199.57,198.9396,199.1484,118906
2026-08-06 11:33:00,199.15,199.15,198.74,198.78,104562
2026-08-06 11:34:00,198.79,198.93,198.65,198.8,92666
2026-08-06 11:35:00,198.825,199.27,198.825,199.135,87115
2026-08-06 11:36:00,199.1222,199.38,199.115,199.13,88061
2026-08-06 11:37:00,199.12,199.12,198.81,199.03,76601
2026-08-06 11:38:00,199.01,199.1,198.65,198.8604,90439
2026-08-06 11:39:00,198.9,199.08,198.87,198.87,43615
2026-08-06 11:40:00,198.86,198.86,198.2801,198.53,234424
2026-08-06 11:41:00,198.58,198.88,198.5,198.5356,76026
2026-08-06 11:42:00,198.55,198.75,198.5,198.65,74665
2026-08-06 11:43:00,198.6175,198.6993,198.35,198.5187,79110
2026-08-06 11:44:00,198.5,198.6199,197.81,197.8112,284610
2026-08-06 11:45:00,197.8499,197.85,197.23,197.32,255115
2026-08-06 11:46:00,197.34,197.7399,197.18,197.4301,157990
2026-08-06 11:47:00,197.45,197.53,197.32,197.4281,92934
2026-08-06 11:48:00,197.4699,197.4699,196.81,196.96,311265
2026-08-06 11:49:00,196.97,197.29,196.88,197.21,120699
2026-08-06 11:50:00,197.25,197.31,197.05,197.1663,93637
2026-08-06 11:51:00,197.175,197.33,197.095,197.3191,100861
2026-08-06 11:52:00,197.32,197.4073,197.19,197.2399,108550
2026-08-06 11:53:00,197.25,197.85,197.25,197.6687,160965
2026-08-06 11:54:00,197.6305,197.7399,197.4601,197.57,82221
2026-08-06 11:55:00,197.6,197.7189,197.41,197.52,73186
2026-08-06 11:56:00,197.4801,197.7399,197.32,197.6743,80168
2026-08-06 11:57:00,197.7,197.94,197.68,197.85,94484
2026-08-06 11:58:00,197.84,197.9099,197.63,197.78,68483
2026-08-06 11:59:00,197.73,197.82,197.6,197.69,50638
2026-08-06 12:00:00,197.71,197.71,197.43,197.49,80841
2026-08-06 12:01:00,197.49,197.68,197.18,197.3799,95502
2026-08-06 12:02:00,197.35,197.5,197.12,197.17,87417
2026-08-06 12:03:00,197.161,197.22,196.34,196.38,238945
2026-08-06 12:04:00,196.34,196.63,196.1,196.4,167950
2026-08-06 12:05:00,196.37,196.63,196.2514,196.55,141560
2026-08-06 12:06:00,196.55,196.75,196.49,196.75,127772
2026-08-06 12:07:00,196.75,196.87,196.55,196.69,120576
2026-08-06 12:08:00,196.57,196.88,196.5559,196.77,74955
2026-08-06 12:09:00,196.75,196.95,196.62,196.7001,94628
2026-08-06 12:10:00,196.71,196.9,196.59,196.8377,85682
2026-08-06 12:11:00,196.855,197.19,196.795,196.96,96415
2026-08-06 12:12:00,196.92,197.12,196.85,196.941,69148
2026-08-06 12:13:00,196.92,197.15,196.85,197.05,57068
2026-08-06 12:14:00,197.05,197.33,196.8,197.25,120507
2026-08-06 12:15:00,197.225,197.46,197.15,197.2,108412
2026-08-06 12:16:00,197.15,197.3892,197.1,197.31,60607
2026-08-06 12:17:00,197.36,197.45,197.185,197.2,52809
2026-08-06 12:18:00,197.175,197.43,197.175,197.39,65064
2026-08-06 12:19:00,197.41,197.432,197.22,197.2307,47149
2026-08-06 12:20:00,197.26,197.95,197.08,197.8848,161024
2026-08-06 12:21:00,197.89,198.17,197.66,197.97,130295
2026-08-06 12:22:00,197.98,198.1467,197.82,198.1467,86860
2026-08-06 12:23:00,198.11,198.2494,197.9645,198.22,78776
2026-08-06 12:24:00,198.21,198.37,198.12,198.27,107298
2026-08-06 12:25:00,198.27,198.35,198.01,198.071,68479
2026-08-06 12:26:00,198.06,198.27,198.0,198.17,58752
2026-08-06 12:27:00,198.18,198.36,198.03,198.275,56653
2026-08-06 12:28:00,198.29,198.56,198.19,198.21,118059
2026-08-06 12:29:00,198.21,198.37,198.07,198.21,90505
2026-08-06 12:30:00,198.21,198.2399,198.06,198.18,61519
2026-08-06 12:31:00,198.2,198.22,197.91,197.97,88753
2026-08-06 12:32:00,197.945,198.0,197.795,197.88,83729
2026-08-06 12:33:00,197.9,198.04,197.64,198.01,153419
2026-08-06 12:34:00,198.0,198.41,197.9342,198.32,106520
2026-08-06 12:35:00,198.27,198.32,198.08,198.27,54726
2026-08-06 12:36:00,198.27,198.4299,198.13,198.34,55541
2026-08-06 12:37:00,198.3474,198.37,198.06,198.07,76051
2026-08-06 12:38:00,198.098,198.38,198.04,198.345,65768
2026-08-06 12:39:00,198.36,198.48,198.13,198.13,89234
2026-08-06 12:40:00,198.1999,198.45,198.11,198.41,86775
2026-08-06 12:41:00,198.41,198.55,198.235,198.41,86204
2026-08-06 12:42:00,198.37,198.52,198.1,198.15,65448
2026-08-06 12:43:00,198.13,198.16,197.67,197.98,157391
2026-08-06 12:44:00,197.9614,198.02,197.7652,197.85,58273
2026-08-06 12:45:00,197.87,198.2699,197.81,198.1201,94845
2026-08-06 12:46:00,198.1317,198.31,197.86,198.0,80276
2026-08-06 12:47:00,198.0,198.1,197.52,197.59,96848
2026-08-06 12:48:00,197.55,197.8,197.45,197.719,102609
2026-08-06 12:49:00,197.725,197.85,197.62,197.65,53118
2026-08-06 12:50:00,197.64,197.71,197.35,197.48,120109
2026-08-06 12:51:00,197.45,197.84,197.34,197.75,101667
2026-08-06 12:52:00,197.77,197.9,197.48,197.53,109709
2026-08-06 12:53:00,197.53,197.62,197.34,197.54,71967
2026-08-06 12:54:00,197.57,197.765,197.42,197.45,60136
2026-08-06 12:55:00,197.5499,197.75,197.31,197.64,103615
2026-08-06 12:56:00,197.6354,197.86,197.535,197.72,83940
2026-08-06 12:57:00,197.7124,197.83,197.5829,197.71,55457
2026-08-06 12:58:00,197.6769,197.81,197.57,197.7369,98012
2026-08-06 12:59:00,197.72,197.9624,197.63,197.7,136708
2026-08-06 13:00:00,197.69,197.875,197.65,197.77,74405
2026-08-06 13:01:00,197.77,197.815,197.55,197.55,47379
2026-08-06 13:02:00,197.59,197.625,196.79,196.81,235728
2026-08-06 13:03:00,196.81,197.298,196.79,197.16,167612
2026-08-06 13:04:00,197.215,197.2631,196.91,196.96,79281
2026-08-06 13:05:00,196.985,197.1,196.77,197.01,103911
2026-08-06 13:06:00,196.97,197.3699,196.9601,197.24,133598
2026-08-06 13:07:00,197.21,197.2347,196.82,196.8946,90380
2026-08-06 13:08:00,196.92,197.07,196.63,196.64,116269
2026-08-06 13:09:00,196.6524,196.69,196.27,196.32,162647
2026-08-06 13:10:00,196.31,196.59,196.28,196.3232,127801
2026-08-06 13:11:00,196.32,196.3399,195.78,195.895,315830
2026-08-06 13:12:00,195.9378,196.0099,195.63,195.76,151974
2026-08-06 13:13:00,195.77,195.98,195.6,195.87,174500
2026-08-06 13:14:00,195.89,196.07,195.8101,196.03,108667
2026-08-06 13:15:00,196.015,196.015,195.74,195.84,126872
2026-08-06 13:16:00,195.86,195.89,195.6108,195.75,136500
2026-08-06 13:17:00,195.76,195.9,195.46,195.54,137801
2026-08-06 13:18:00,195.52,195.64,195.23,195.3036,174714
2026-08-06 13:19:00,195.278,195.5,195.23,195.35,122016
2026-08-06 13:20:00,195.35,195.7699,195.3201,195.69,150080
2026-08-06 13:21:00,195.6899,195.8691,195.6,195.784,129319
2026-08-06 13:22:00,195.7675,195.94,195.7675,195.855,113046
2026-08-06 13:23:00,195.81,196.1259,195.78,196.0,119316
2026-08-06 13:24:00,195.9994,196.06,195.84,195.91,110256
2026-08-06 13:25:00,195.92,196.44,195.92,196.27,130947
2026-08-06 13:26:00,196.26,196.47,196.22,196.3289,100346
2026-08-06 13:27:00,196.29,196.32,196.14,196.18,89102
2026-08-06 13:28:00,196.21,196.3,195.94,195.9799,106922
2026-08-06 13:29:00,195.99,196.04,195.845,195.86,121152
2026-08-06 13:30:00,195.85,196.2696,195.8,196.21,178109
2026-08-06 13:31:00,196.2,196.3895,196.1,196.34,101666
2026-08-06 13:32:00,196.32,196.4968,196.19,196.24,94997
2026-08-06 13:33:00,196.21,196.41,196.14,196.165,74318
2026-08-06 13:34:00,196.18,196.5336,196.06,196.4752,95026
2026-08-06 13:35:00,196.5,196.87,196.42,196.505,132127
2026-08-06 13:36:00,196.49,196.64,196.4201,196.48,63634
2026-08-06 13:37:00,196.4301,196.75,196.4,196.61,79811
2026-08-06 13:38:00,196.57,196.8,196.38,196.41,87209
2026-08-06 13:39:00,196.41,196.4267,196.04,196.0627,99358
2026-08-06 13:40:00,196.0627,196.37,196.01,196.27,136652
2026-08-06 13:41:00,196.31,196.37,195.9,195.9187,121669
2026-08-06 13:42:00,195.925,196.04,195.81,195.87,93352
2026-08-06 13:43:00,195.87,195.87,195.55,195.785,101029
2026-08-06 13:44:00,195.785,195.89,195.69,195.83,72441
2026-08-06 13:45:00,195.78,196.0966,195.7501,195.87,92387
2026-08-06 13:46:00,195.8599,195.94,195.27,195.43,162671
2026-08-06 13:47:00,195.46,195.5208,195.06,195.1699,130663
2026-08-06 13:48:00,195.18,195.27,194.7,194.761,380431
2026-08-06 13:49:00,194.8,195.04,194.72,194.75,144966
2026-08-06 13:50:00,194.82,195.0,194.6,194.9899,172345
2026-08-06 13:51:00,194.9599,195.05,194.68,194.74,118654
2026-08-06 13:52:00,194.76,194.8088,194.6,194.6675,112907
2026-08-06 13:53:00,194.676,194.86,194.53,194.64,115296
2026-08-06 13:54:00,194.645,195.01,194.62,194.7599,138272
2026-08-06 13:55:00,194.7,194.7599,194.43,194.65,161231
2026-08-06 13:56:00,194.66,194.67,194.3,194.345,104788
2026-08-06 13:57:00,194.35,194.51,194.2401,194.35,115035
2026-08-06 13:58:00,194.36,194.47,193.91,194.06,262677
2026-08-06 13:59:00,194.05,194.44,193.97,194.34,116255
2026-08-06 14:00:00,194.2302,194.63,194.17,194.4959,134361
2026-08-06 14:01:00,194.55,194.6066,194.3,194.45,66441
2026-08-06 14:02:00,194.43,194.68,194.34,194.48,81361
2026-08-06 14:03:00,194.4793,194.5792,194.34,194.389,64916
2026-08-06 14:04:00,194.355,194.37,193.98,194.11,164604
2026-08-06 14:05:00,194.08,194.4358,194.02,194.075,122496
2026-08-06 14:06:00,194.1,194.14,193.92,194.07,106517
2026-08-06 14:07:00,194.05,194.1,193.65,193.675,167688
2026-08-06 14:08:00,193.6999,194.05,193.6601,193.98,146065
2026-08-06 14:09:00,194.02,194.06,193.52,193.68,177452
2026-08-06 14:10:00,193.6701,193.82,193.52,193.6601,127572
2026-08-06 14:11:00,193.65,193.66,193.3204,193.44,175626
2026-08-06 14:12:00,193.44,193.57,193.1,193.13,203295
2026-08-06 14:13:00,193.12,193.18,192.92,193.0998,202036
2026-08-06 14:14:00,193.07,193.1,192.65,192.72,196981
2026-08-06 14:15:00,192.72,192.89,192.45,192.57,224736
2026-08-06 14:16:00,192.6,192.73,192.31,192.43,242379
2026-08-06 14:17:00,192.4299,192.91,192.39,192.78,212604
2026-08-06 14:18:00,192.82,192.88,192.23,192.25,215251
2026-08-06 14:19:00,192.2,192.5959,192.12,192.39,215033
2026-08-06 14:20:00,192.38,192.65,192.38,192.46,138307
2026-08-06 14:21:00,192.48,193.09,192.48,193.01,226597
2026-08-06 14:22:00,193.02,193.2199,192.92,192.93,193330
2026-08-06 14:23:00,192.93,193.31,192.9201,193.075,125502
2026-08-06 14:24:00,193.07,193.3,192.95,193.26,131655
2026-08-06 14:25:00,193.26,193.697,193.2542,193.62,208880
2026-08-06 14:26:00,193.62,193.64,193.4,193.59,111242
2026-08-06 14:27:00,193.565,193.66,193.38,193.5,91509
2026-08-06 14:28:00,193.5,193.63,193.44,193.51,73875
2026-08-06 14:29:00,193.53,193.66,193.48,193.5799,80214
2026-08-06 14:30:00,193.58,193.58,193.14,193.3699,154723
2026-08-06 14:31:00,193.34,193.659,192.97,193.05,182037
2026-08-06 14:32:00,193.07,193.07,192.7001,192.87,151025
2026-08-06 14:33:00,192.86,193.15,192.73,192.73,116504
2026-08-06 14:34:00,192.73,192.8299,192.59,192.7193,118244
2026-08-06 14:35:00,192.71,192.88,192.46,192.66,152792
2026-08-06 14:36:00,192.6651,193.0146,192.46,192.465,239355
2026-08-06 14:37:00,192.4652,192.73,192.27,192.67,177947
2026-08-06 14:38:00,192.7095,192.72,192.2782,192.29,178930
2026-08-06 14:39:00,192.27,192.59,192.17,192.42,196727
2026-08-06 14:40:00,192.44,192.988,192.4,192.96,152579
2026-08-06 14:41:00,192.93,192.99,192.6,192.855,145130
2026-08-06 14:42:00,192.82,192.82,192.3,192.47,199318
2026-08-06 14:43:00,192.46,192.59,192.15,192.34,151107
2026-08-06 14:44:00,192.31,192.5039,192.2,192.33,104511
2026-08-06 14:45:00,192.34,192.7099,192.34,192.645,147935
2026-08-06 14:46:00,192.66,192.95,192.66,192.8,157542
2026-08-06 14:47:00,192.8,192.8399,192.01,192.035,218310
2026-08-06 14:48:00,192.02,192.31,191.86,191.8927,233828
2026-08-06 14:49:00,191.91,192.46,191.9,192.458,139187
2026-08-06 14:50:00,192.41,192.5,192.03,192.47,113682
2026-08-06 14:51:00,192.43,192.54,191.88,191.88,135194
2026-08-06 14:52:00,191.896,192.25,191.87,192.0772,127676
2026-08-06 14:53:00,192.06,192.36,191.9201,192.17,139474
2026-08-06 14:54:00,192.205,192.31,191.99,192.1499,98531
2026-08-06 14:55:00,192.14,192.6986,192.12,192.43,155486
2026-08-06 14:56:00,192.4542,192.4542,192.18,192.4,100615
2026-08-06 14:57:00,192.3601,192.535,192.17,192.37,97754
2026-08-06 14:58:00,192.38,192.67,192.38,192.61,108892
2026-08-06 14:59:00,192.596,192.6299,192.19,192.345,106527
2026-08-06 15:00:00,192.34,192.68,192.28,192.45,132242
2026-08-06 15:01:00,192.47,192.75,192.23,192.71,122217
2026-08-06 15:02:00,192.7,193.5796,192.6949,193.43,248464
2026-08-06 15:03:00,193.43,193.81,193.36,193.7601,185758
2026-08-06 15:04:00,193.76,194.3,193.7,194.2101,241472
2026-08-06 15:05:00,194.21,194.23,193.8905,194.15,113190
2026-08-06 15:06:00,194.1,194.45,193.96,194.27,161674
2026-08-06 15:07:00,194.26,194.3029,193.645,193.7577,192414
2026-08-06 15:08:00,193.7269,194.36,193.6922,194.36,140323
2026-08-06 15:09:00,194.345,194.38,194.0,194.16,115064
2026-08-06 15:10:00,194.09,194.34,193.96,194.095,93259
2026-08-06 15:11:00,194.08,194.285,194.035,194.1938,75333
2026-08-06 15:12:00,194.18,194.4,194.0,194.0,129613
2026-08-06 15:13:00,194.0,194.025,193.58,193.75,136958
2026-08-06 15:14:00,193.74,193.88,193.45,193.65,104866
2026-08-06 15:15:00,193.66,194.0,193.63,193.87,132344
2026-08-06 15:16:00,193.85,194.15,193.68,193.71,107625
2026-08-06 15:17:00,193.725,194.11,193.725,193.98,66285
2026-08-06 15:18:00,193.97,194.25,193.97,194.0332,86077
2026-08-06 15:19:00,194.1,194.24,193.95,194.0,80964
2026-08-06 15:20:00,194.02,194.45,193.92,194.4105,120057
2026-08-06 15:21:00,194.395,194.4,193.565,193.6,186020
2026-08-06 15:22:00,193.6,193.93,193.26,193.67,114820
2026-08-06 15:23:00,193.6664,193.7,193.42,193.585,97845
2026-08-06 15:24:00,193.57,193.7195,193.46,193.6522,105995
2026-08-06 15:25:00,193.6544,193.71,193.44,193.4404,78190
2026-08-06 15:26:00,193.46,193.5391,193.05,193.1399,202456
2026-08-06 15:27:00,193.155,193.32,193.0,193.09,208870
2026-08-06 15:28:00,193.055,193.27,193.02,193.19,123991
2026-08-06 15:29:00,193.1589,193.397,193.14,193.295,95141
2026-08-06 15:30:00,193.28,193.325,193.0,193.035,140644
2026-08-06 15:31:00,193.03,193.14,192.7,193.01,181769
2026-08-06 15:32:00,192.99,193.55,192.99,193.39,168638
2026-08-06 15:33:00,193.4,193.55,193.23,193.32,92494
2026-08-06 15:34:00,193.29,193.4,192.8,192.83,146420
2026-08-06 15:35:00,192.825,193.02,192.8,192.9499,125227
2026-08-06 15:36:00,192.91,193.3,192.89,193.19,111429
2026-08-06 15:37:00,193.2,193.39,193.16,193.31,84347
2026-08-06 15:38:00,193.28,193.54,193.11,193.18,111620
2026-08-06 15:39:00,193.16,193.32,192.92,193.04,116848
2026-08-06 15:40:00,193.05,193.14,192.83,192.935,118635
2026-08-06 15:41:00,192.91,193.2,192.85,193.19,92632
2026-08-06 15:42:00,193.17,193.1799,192.9701,193.105,71229
2026-08-06 15:43:00,193.09,193.18,193.02,193.15,79613
2026-08-06 15:44:00,193.15,193.33,192.9,193.25,111613
2026-08-06 15:45:00,193.22,193.4,193.18,193.2,137930
2026-08-06 15:46:00,193.23,193.64,193.17,193.57,201373
2026-08-06 15:47:00,193.62,193.62,193.31,193.555,140223
2026-08-06 15:48:00,193.59,193.7399,193.4,193.615,149701
2026-08-06 15:49:00,193.63,193.71,193.49,193.69,117649
2026-08-06 15:50:00,193.69,193.8,192.82,192.83,238010
2026-08-06 15:51:00,192.84,192.9299,192.43,192.5,236388
2026-08-06 15:52:00,192.47,192.75,192.37,192.59,222578
2026-08-06 15:53:00,192.58,192.92,192.46,192.53,195663
2026-08-06 15:54:00,192.52,192.7399,191.9,192.17,328591
2026-08-06 15:55:00,192.18,192.49,191.74,191.78,290799
2026-08-06 15:56:00,191.7899,191.95,191.604,191.845,249547
2026-08-06 15:57:00,191.845,191.94,191.66,191.84,268381
2026-08-06 15:58:00,191.84,191.93,191.57,191.71,330532
2026-08-06 15:59:00,191.72,191.82,191.48,191.69,677912
2026-08-07 09:30:00,195.7,196.2,195.09,195.59,685274
2026-08-07 09:31:00,195.485,195.59,194.0295,194.29,378863
2026-08-07 09:32:00,194.21,194.7399,193.66,194.155,418980
2026-08-07 09:33:00,194.15,194.15,193.36,194.015,349074
2026-08-07 09:34:00,193.988,195.12,193.81,194.58,489777
2026-08-07 09:35:00,194.67,195.47,194.4001,195.355,378581
2026-08-07 09:36:00,195.3244,195.83,195.12,195.61,375243
2026-08-07 09:37:00,195.61,195.8,194.6,194.92,339252
2026-08-07 09:38:00,194.97,194.97,194.066,194.8,317584
2026-08-07 09:39:00,194.835,195.6,194.835,195.18,351753
2026-08-07 09:40:00,195.19,195.36,193.78,193.8666,326126
2026-08-07 09:41:00,193.885,194.275,193.79,194.1502,251863
2026-08-07 09:42:00,194.14,194.6188,193.51,193.57,355590
2026-08-07 09:43:00,193.5401,193.7,192.9,192.95,469196
2026-08-07 09:44:00,192.96,193.17,192.66,192.67,306669
2026-08-07 09:45:00,192.64,193.51,192.64,193.186,341376
2026-08-07 09:46:00,193.21,193.58,192.64,193.0994,280310
2026-08-07 09:47:00,193.12,193.33,192.8,192.94,227499
2026-08-07 09:48:00,192.94,193.15,192.07,192.11,336514
2026-08-07 09:49:00,192.0735,193.2,192.07,193.03,367675
2026-08-07 09:50:00,193.066,193.4192,192.55,192.86,314123
2026-08-07 09:51:00,192.86,192.875,192.04,192.63,202377
2026-08-07 09:52:00,192.6143,193.12,192.2421,193.0,233937
2026-08-07 09:53:00,193.0,193.1598,192.3205,192.3205,229969
2026-08-07 09:54:00,192.3,192.94,192.11,192.87,275681
2026-08-07 09:55:00,192.865,193.8799,192.775,193.59,350940
2026-08-07 09:56:00,193.56,193.82,193.5474,193.58,236584
2026-08-07 09:57:00,193.5799,193.71,193.25,193.41,183551
2026-08-07 09:58:00,193.39,194.09,193.385,193.8869,231292
2026-08-07 09:59:00,193.9,194.2799,193.17,194.2799,283061
2026-08-07 10:00:00,194.25,194.38,193.5,193.84,243975
2026-08-07 10:01:00,193.8,194.49,193.79,194.39,232218
2026-08-07 10:02:00,194.415,195.0699,194.2302,195.0,352644
2026-08-07 10:03:00,195.0018,195.1299,194.71,195.0,265772
2026-08-07 10:04:00,195.02,195.03,194.6,194.705,157451
2026-08-07 10:05:00,194.66,194.81,194.3723,194.71,167346
2026-08-07 10:06:00,194.6901,194.94,194.4,194.51,164975
2026-08-07 10:07:00,194.49,194.9392,194.1401,194.88,184242
2026-08-07 10:08:00,194.915,195.0751,194.5956,194.9599,163754
2026-08-07 10:09:00,194.94,195.03,194.4201,194.96,189350
2026-08-07 10:10:00,194.98,195.45,194.64,195.3471,310320
2026-08-07 10:11:00,195.3799,195.4199,195.03,195.335,184298
2026-08-07 10:12:00,195.355,195.84,195.29,195.79,283884
2026-08-07 10:13:00,195.8,195.89,195.57,195.81,211995
2026-08-07 10:14:00,195.82,195.82,195.43,195.785,158642
2026-08-07 10:15:00,195.78,195.81,195.2002,195.26,179756
2026-08-07 10:16:00,195.28,195.94,195.28,195.85,239642
2026-08-07 10:17:00,195.84,195.9,195.3,195.88,191488
2026-08-07 10:18:00,195.87,195.885,195.49,195.55,159561
2026-08-07 10:19:00,195.492,195.7,195.31,195.63,144489
2026-08-07 10:20:00,195.69,195.77,195.12,195.4602,142792
2026-08-07 10:21:00,195.4601,195.83,195.14,195.8,157113
2026-08-07 10:22:00,195.79,196.44,195.6101,196.28,337496
2026-08-07 10:23:00,196.285,196.2999,195.78,196.12,246784
2026-08-07 10:24:00,196.09,196.47,195.86,196.4039,226279
2026-08-07 10:25:00,196.38,196.67,196.15,196.505,231377
2026-08-07 10:26:00,196.4801,196.55,196.06,196.55,186051
2026-08-07 10:27:00,196.51,196.79,196.481,196.546,249406
2026-08-07 10:28:00,196.544,197.17,196.42,197.12,325549
2026-08-07 10:29:00,197.06,197.45,196.92,197.4,278857
2026-08-07 10:30:00,197.39,197.4799,196.99,197.2799,240617
2026-08-07 10:31:00,197.25,197.28,196.95,197.06,171957
2026-08-07 10:32:00,197.07,197.5392,197.03,197.4141,317439
2026-08-07 10:33:00,197.43,197.51,197.23,197.28,235690
2026-08-07 10:34:00,197.295,197.5855,197.25,197.5456,178122
2026-08-07 10:35:00,197.58,197.69,197.3234,197.655,223982
2026-08-07 10:36:00,197.625,197.74,197.47,197.7383,200282
2026-08-07 10:37:00,197.74,197.75,197.5,197.625,138986
2026-08-07 10:38:00,197.625,197.89,197.6156,197.7508,203780
2026-08-07 10:39:00,197.795,197.795,197.31,197.54,192269
2026-08-07 10:40:00,197.51,198.0,197.22,197.95,242674
2026-08-07 10:41:00,197.98,198.06,197.73,197.9499,159149
2026-08-07 10:42:00,197.935,197.9896,197.4,197.5,165818
2026-08-07 10:43:00,197.4934,197.85,197.11,197.7604,218321
2026-08-07 10:44:00,197.79,197.9842,197.5712,197.7001,160557
2026-08-07 10:45:00,197.73,197.8387,197.42,197.685,149244
2026-08-07 10:46:00,197.7,198.4,197.68,198.27,238721
2026-08-07 10:47:00,198.27,198.7,198.2601,198.5615,258260
2026-08-07 10:48:00,198.56,198.68,198.44,198.63,168749
2026-08-07 10:49:00,198.63,198.99,198.6,198.965,228518
2026-08-07 10:50:00,198.94,199.03,198.8,199.0,247243
2026-08-07 10:51:00,198.97,199.01,198.7,198.95,170170
2026-08-07 10:52:00,198.94,199.28,198.91,199.25,221989
2026-08-07 10:53:00,199.2401,199.28,198.8268,199.08,180139
2026-08-07 10:54:00,199.095,199.1399,198.82,198.9248,126941
2026-08-07 10:55:00,198.92,199.05,198.72,198.8,170995
2026-08-07 10:56:00,198.8,199.0,198.5,198.914,192633
2026-08-07 10:57:00,198.935,199.365,198.84,199.0999,244114
2026-08-07 10:58:00,199.06,199.155,198.8701,199.1448,115782
2026-08-07 10:59:00,199.1501,199.4363,199.04,199.4,169093
2026-08-07 11:00:00,199.42,199.4587,198.97,199.065,201446
2026-08-07 11:01:00,199.08,199.313,198.84,198.86,176231
2026-08-07 11:02:00,198.85,199.045,198.31,198.95,319740
2026-08-07 11:03:00,198.95,199.14,198.71,199.095,154460
2026-08-07 11:04:00,199.1565,199.2,198.99,199.13,134780
2026-08-07 11:05:00,199.1158,199.19,198.86,199.16,123826
2026-08-07 11:06:00,199.13,199.3,198.74,198.87,191715
2026-08-07 11:07:00,198.83,199.0,198.7001,198.7701,117151
2026-08-07 11:08:00,198.81,198.8899,198.4301,198.68,205124
2026-08-07 11:09:00,198.688,198.88,198.55,198.775,111645
2026-08-07 11:10:00,198.7699,198.8854,198.1406,198.2001,202380
2026-08-07 11:11:00,198.225,198.459,197.85,198.02,244769
2026-08-07 11:12:00,198.03,198.05,197.8,197.9747,173741
2026-08-07 11:13:00,197.9799,198.0799,197.82,197.8799,173271
2026-08-07 11:14:00,197.88,198.2,197.845,198.07,151347
2026-08-07 11:15:00,198.07,198.4,198.0501,198.24,154209
2026-08-07 11:16:00,198.28,198.28,197.72,197.77,154820
2026-08-07 11:17:00,197.76,197.86,197.6,197.67,150558
2026-08-07 11:18:00,197.655,197.75,197.47,197.65,170263
2026-08-07 11:19:00,197.64,197.9123,197.6201,197.6945,137083
2026-08-07 11:20:00,197.6901,198.2,197.6901,198.08,138935
2026-08-07 11:21:00,198.0241,198.18,197.9003,197.91,94688
2026-08-07 11:22:00,197.9389,198.38,197.91,198.274,124708
2026-08-07 11:23:00,198.289,198.77,198.14,198.65,170154
2026-08-07 11:24:00,198.6401,198.87,198.5301,198.6146,174562
2026-08-07 11:25:00,198.625,198.6468,198.3423,198.49,104930
2026-08-07 11:26:00,198.47,198.83,198.44,198.705,128398
2026-08-07 11:27:00,198.74,198.94,198.6,198.925,92906
2026-08-07 11:28:00,198.91,199.0381,198.81,198.87,155705
2026-08-07 11:29:00,198.86,198.9529,198.68,198.7599,90486
2026-08-07 11:30:00,198.81,199.08,198.76,198.76,106102
2026-08-07 11:31:00,198.7,198.96,198.68,198.83,97465
2026-08-07 11:32:00,198.82,198.863,198.68,198.8299,53711
2026-08-07 11:33:00,198.79,198.83,198.48,198.4927,114994
2026-08-07 11:34:00,198.52,198.6599,198.4002,198.5008,86889
2026-08-07 11:35:00,198.47,198.53,198.2,198.2932,135461
2026-08-07 11:36:00,198.2701,198.3565,198.0006,198.15,128546
2026-08-07 11:37:00,198.1299,198.14,197.85,197.9701,125550
2026-08-07 11:38:00,198.0199,198.326,198.0,198.09,97109
2026-08-07 11:39:00,198.08,198.33,198.06,198.1605,92475
2026-08-07 11:40:00,198.165,198.1754,197.7709,197.84,111633
2026-08-07 11:41:00,197.82,198.04,197.81,197.87,86570
2026-08-07 11:42:00,197.8504,198.1,197.83,198.06,85523
2026-08-07 11:43:00,198.03,198.0662,197.68,197.87,84698
2026-08-07 11:44:00,197.9,198.02,197.83,198.01,71715
2026-08-07 11:45:00,197.98,198.0099,197.73,197.82,65662
2026-08-07 11:46:00,197.845,197.9,197.28,197.5,192256
2026-08-07 11:47:00,197.48,197.5599,197.38,197.4101,96738
2026-08-07 11:48:00,197.4391,197.52,197.31,197.46,100268
2026-08-07 11:49:00,197.455,197.53,197.1568,197.2,292261
2026-08-07 11:50:00,197.23,197.52,197.16,197.51,115870
2026-08-07 11:51:00,197.5,197.64,197.35,197.45,94578
2026-08-07 11:52:00,197.47,197.7882,197.47,197.71,127428
2026-08-07 11:53:00,197.695,197.7394,197.3202,197.55,92388
2026-08-07 11:54:00,197.53,197.8,197.5152,197.635,84843
2026-08-07 11:55:00,197.62,197.85,197.53,197.83,84213
2026-08-07 11:56:00,197.8558,197.9683,197.72,197.876,87180
2026-08-07 11:57:00,197.845,198.0596,197.8405,197.89,94290
2026-08-07 11:58:00,197.8801,198.04,197.87,197.995,66557
2026-08-07 11:59:00,197.995,198.05,197.78,197.795,60734
2026-08-07 12:00:00,197.77,198.04,197.62,197.725,117368
2026-08-07 12:01:00,197.7105,197.79,197.57,197.745,74197
2026-08-07 12:02:00,197.7699,197.8888,197.6201,197.8165,71239
2026-08-07 12:03:00,197.8189,197.84,197.5901,197.6984,98920
2026-08-07 12:04:00,197.685,197.81,197.6,197.7276,60226
2026-08-07 12:05:00,197.7,198.0587,197.6618,198.0587,146839
2026-08-07 12:06:00,198.0507,198.3499,198.025,198.2876,209392
2026-08-07 12:07:00,198.29,198.29,197.9358,198.0096,100544
2026-08-07 12:08:00,198.0,198.06,197.87,197.9487,84778
2026-08-07 12:09:00,197.91,197.92,197.52,197.55,191444
2026-08-07 12:10:00,197.52,198.13,197.48,198.06,126280
2026-08-07 12:11:00,198.069,198.0799,197.85,197.93,105463
2026-08-07 12:12:00,197.92,197.97,197.28,197.505,168543
2026-08-07 12:13:00,197.5453,197.55,197.2701,197.32,108108
2026-08-07 12:14:00,197.3066,197.3869,197.2001,197.3401,98317
2026-08-07 12:15:00,197.3367,197.37,197.08,197.13,126708
2026-08-07 12:16:00,197.12,197.1869,196.93,197.1399,170317
2026-08-07 12:17:00,197.09,197.27,197.01,197.19,98679
2026-08-07 12:18:00,197.2,197.44,197.14,197.2,99376
2026-08-07 12:19:00,197.2,197.4996,197.1702,197.39,81386
2026-08-07 12:20:00,197.42,197.72,197.4101,197.52,104783
2026-08-07 12:21:00,197.54,197.7239,197.5201,197.69,69002
2026-08-07 12:22:00,197.6828,197.94,197.5512,197.575,125129
2026-08-07 12:23:00,197.57,197.82,197.5616,197.6754,51739
2026-08-07 12:24:00,197.675,197.77,197.506,197.7585,64137
2026-08-07 12:25:00,197.75,197.8196,197.58,197.74,79258
2026-08-07 12:26:00,197.7,197.76,197.2301,197.39,106265
2026-08-07 12:27:00,197.39,197.45,197.2649,197.37,75559
2026-08-07 12:28:00,197.35,197.55,197.29,197.5101,66081
2026-08-07 12:29:00,197.5101,197.67,197.383,197.4343,71226
2026-08-07 12:30:00,197.48,197.5699,196.86,196.94,219713
2026-08-07 12:31:00,196.9,196.9013,196.55,196.785,185864
2026-08-07 12:32:00,196.79,197.22,196.76,197.2,98385
2026-08-07 12:33:00,197.1801,197.1999,196.7601,197.025,147545
2026-08-07 12:34:00,197.04,197.16,196.79,197.045,66672
2026-08-07 12:35:00,197.04,197.07,196.8254,196.995,76584
2026-08-07 12:36:00,197.0,197.05,196.69,196.8,108795
2026-08-07 12:37:00,196.795,196.81,196.52,196.7,135803
2026-08-07 12:38:00,196.665,196.7872,196.47,196.7382,108929
2026-08-07 12:39:00,196.7056,196.8,196.6,196.75,73175
2026-08-07 12:40:00,196.8,196.9999,196.73,196.8104,126648
2026-08-07 12:41:00,196.78,196.8899,196.6,196.8,80816
2026-08-07 12:42:00,196.79,196.8099,196.55,196.6799,63998
2026-08-07 12:43:00,196.64,196.79,196.52,196.7845,70466
2026-08-07 12:44:00,196.78,197.0199,196.7501,197.0,116359
2026-08-07 12:45:00,197.0,197.33,196.97,197.19,130150
2026-08-07 12:46:00,197.21,197.3599,197.164,197.3411,71995
2026-08-07 12:47:00,197.31,197.61,197.29,197.56,105883
2026-08-07 12:48:00,197.52,197.65,197.43,197.5,80067
2026-08-07 12:49:00,197.49,197.8,197.42,197.77,102232
2026-08-07 12:50:00,197.7499,197.9399,197.72,197.84,134716
2026-08-07 12:51:00,197.84,197.8894,197.61,197.61,80564
2026-08-07 12:52:00,197.62,197.72,197.49,197.695,57218
2026-08-07 12:53:00,197.695,197.88,197.695,197.818,78064
2026-08-07 12:54:00,197.8699,197.94,197.77,197.89,83941
2026-08-07 12:55:00,197.89,198.0499,197.87,197.9501,127161
2026-08-07 12:56:00,197.985,198.01,197.76,197.9,64145
2026-08-07 12:57:00,197.84,197.9735,197.75,197.9,67082
2026-08-07 12:58:00,197.95,197.98,197.61,197.63,79182
2026-08-07 12:59:00,197.6848,197.97,197.6501,197.9,68512
2026-08-07 13:00:00,197.92,198.08,197.7201,197.9399,129488
2026-08-07 13:01:00,197.8901,197.9811,197.8,197.89,53977
2026-08-07 13:02:00,197.8815,197.98,197.26,197.505,185238
2026-08-07 13:03:00,197.515,197.7,197.32,197.62,68994
2026-08-07 13:04:00,197.6199,197.7331,197.5,197.62,40338
2026-08-07 13:05:00,197.68,197.94,197.525,197.78,87649
2026-08-07 13:06:00,197.84,197.87,197.303,197.4,79567
2026-08-07 13:07:00,197.41,197.77,197.41,197.66,66770
2026-08-07 13:08:00,197.7099,197.9799,197.61,197.8568,79895
2026-08-07 13:09:00,197.8416,197.99,197.82,197.965,81004
2026-08-07 13:10:00,197.96,198.16,197.9387,198.1109,131471
2026-08-07 13:11:00,198.135,198.47,198.09,198.444,165249
2026-08-07 13:12:00,198.45,198.55,198.295,198.36,136962
2026-08-07 13:13:00,198.3158,198.55,198.29,198.505,85174
2026-08-07 13:14:00,198.52,198.7399,198.4,198.64,112626
2026-08-07 13:15:00,198.66,198.76,198.5556,198.69,113401
2026-08-07 13:16:00,198.68,198.88,198.66,198.7,131553
2026-08-07 13:17:00,198.71,198.88,198.66,198.675,93030
2026-08-07 13:18:00,198.68,198.86,198.5801,198.81,85160
2026-08-07 13:19:00,198.79,199.01,198.7,198.9703,165487
2026-08-07 13:20:00,198.97,199.26,198.86,199.1952,247408
2026-08-07 13:21:00,199.2,199.5,199.1401,199.455,212558
2026-08-07 13:22:00,199.44,199.47,199.26,199.35,102351
2026-08-07 13:23:00,199.34,199.4,199.235,199.3111,104485
2026-08-07 13:24:00,199.2806,199.43,199.2,199.37,104413
2026-08-07 13:25:00,199.363,199.5,199.2801,199.42,194449
2026-08-07 13:26:00,199.44,199.7699,199.4004,199.7259,198398
2026-08-07 13:27:00,199.731,199.82,199.63,199.76,120908
2026-08-07 13:28:00,199.75,199.81,199.65,199.7967,90165
2026-08-07 13:29:00,199.77,199.95,199.77,199.93,181848
2026-08-07 13:30:00,199.95,199.95,199.77,199.88,83200
2026-08-07 13:31:00,199.9,199.9075,199.6793,199.7201,122364
2026-08-07 13:32:00,199.73,199.9444,199.7,199.895,152234
2026-08-07 13:33:00,199.8843,199.92,199.73,199.89,117805
2026-08-07 13:34:00,199.8901,199.92,199.66,199.8,95038
2026-08-07 13:35:00,199.7501,199.7852,199.53,199.64,128060
2026-08-07 13:36:00,199.639,199.82,199.635,199.73,92817
2026-08-07 13:37:00,199.7443,199.77,199.615,199.76,100961
2026-08-07 13:38:00,199.7569,199.77,199.5648,199.69,120778
2026-08-07 13:39:00,199.685,199.8898,199.6301,199.85,93896
2026-08-07 13:40:00,199.85,199.8711,199.71,199.76,83217
2026-08-07 13:41:00,199.78,199.7899,199.45,199.4899,161214
2026-08-07 13:42:00,199.4782,199.495,199.3028,199.405,123287
2026-08-07 13:43:00,199.4,199.66,199.3702,199.6023,86519
2026-08-07 13:44:00,199.615,199.615,199.2164,199.325,113090
2026-08-07 13:45:00,199.33,199.62,199.31,199.505,74404
2026-08-07 13:46:00,199.5334,199.74,199.49,199.5892,100524
2026-08-07 13:47:00,199.58,199.6966,199.44,199.56,90439
2026-08-07 13:48:00,199.58,199.5884,199.39,199.5397,90583
2026-08-07 13:49:00,199.5,199.56,199.4054,199.5101,73983
2026-08-07 13:50:00,199.5,199.7399,199.44,199.68,107353
2026-08-07 13:51:00,199.67,199.68,199.4,199.51,87680
2026-08-07 13:52:00,199.5,199.55,199.34,199.52,105656
2026-08-07 13:53:00,199.5302,199.65,199.49,199.63,79197
2026-08-07 13:54:00,199.6204,199.69,199.46,199.5901,84658
2026-08-07 13:55:00,199.59,199.59,199.26,199.49,114236
2026-08-07 13:56:00,199.47,199.512,199.36,199.445,47506
2026-08-07 13:57:00,199.45,199.45,199.19,199.24,89481
2026-08-07 13:58:00,199.2699,199.45,199.13,199.41,186673
2026-08-07 13:59:00,199.405,199.56,199.34,199.46,110929
2026-08-07 14:00:00,199.4518,199.5035,199.0201,199.1593,111235
2026-08-07 14:01:00,199.18,199.3599,199.17,199.32,65310
2026-08-07 14:02:00,199.34,199.495,199.27,199.3838,65052
2026-08-07 14:03:00,199.39,199.63,199.37,199.6299,83977
2026-08-07 14:04:00,199.6,199.84,199.57,199.77,145688
2026-08-07 14:05:00,199.7468,199.87,199.69,199.86,95080
2026-08-07 14:06:00,199.85,200.07,199.72,199.7443,318374
2026-08-07 14:07:00,199.76,200.02,199.5704,199.89,161727
2026-08-07 14:08:00,199.8926,199.9841,199.7914,199.9,72073
2026-08-07 14:09:00,199.9,199.905,199.73,199.8379,68176
2026-08-07 14:10:00,199.84,199.91,199.71,199.8065,70781
2026-08-07 14:11:00,199.88,199.91,199.68,199.69,103701
2026-08-07 14:12:00,199.68,199.84,199.66,199.72,88605
2026-08-07 14:13:00,199.73,199.9199,199.69,199.8647,76367
2026-08-07 14:14:00,199.89,200.25,199.8801,200.204,174995
2026-08-07 14:15:00,200.1901,200.68,200.087,200.48,314058
2026-08-07 14:16:00,200.4647,200.592,200.38,200.57,128795
2026-08-07 14:17:00,200.57,200.64,200.4503,200.61,106325
2026-08-07 14:18:00,200.64,200.6799,200.36,200.4699,167772
2026-08-07 14:19:00,200.461,200.6594,200.3901,200.6134,73946
2026-08-07 14:20:00,200.61,200.7,200.51,200.5401,144390
2026-08-07 14:21:00,200.5744,200.65,200.48,200.62,63638
2026-08-07 14:22:00,200.62,200.62,200.49,200.58,76976
2026-08-07 14:23:00,200.6,200.63,200.4001,200.47,96057
2026-08-07 14:24:00,200.46,200.69,200.39,200.44,114398
2026-08-07 14:25:00,200.4495,200.5167,200.28,200.38,76060
2026-08-07 14:26:00,200.37,200.42,200.17,200.22,91087
2026-08-07 14:27:00,200.2194,200.2599,199.93,199.98,137066
2026-08-07 14:28:00,199.9803,200.15,199.98,200.11,98898
2026-08-07 14:29:00,200.1,200.18,199.9,200.0373,102841
2026-08-07 14:30:00,200.05,200.1658,199.981,200.15,69983
2026-08-07 14:31:00,200.14,200.18,200.02,200.11,79765
2026-08-07 14:32:00,200.12,200.15,199.8764,200.0016,91143
2026-08-07 14:33:00,200.0,200.01,199.84,199.95,55603
2026-08-07 14:34:00,199.96,200.0,199.8,199.81,79661
2026-08-07 14:35:00,199.81,199.8999,199.6601,199.79,81684
2026-08-07 14:36:00,199.81,199.85,199.56,199.755,74742
2026-08-07 14:37:00,199.7643,199.8,199.6699,199.7775,68747
2026-08-07 14:38:00,199.8,199.81,199.63,199.76,38774
2026-08-07 14:39:00,199.77,199.7874,199.5919,199.61,65760
2026-08-07 14:40:00,199.63,199.64,199.19,199.2549,228104
2026-08-07 14:41:00,199.2401,199.4,199.22,199.4,71660
2026-08-07 14:42:00,199.3839,199.46,199.23,199.31,97721
2026-08-07 14:43:00,199.32,199.39,199.1,199.26,92523
2026-08-07 14:44:00,199.27,199.42,199.14,199.22,99416
2026-08-07 14:45:00,199.23,199.3471,199.08,199.2307,119590
2026-08-07 14:46:00,199.2,199.33,199.06,199.235,76217
2026-08-07 14:47:00,199.25,199.36,199.2,199.3,78139
2026-08-07 14:48:00,199.3052,199.43,199.18,199.3199,122920
2026-08-07 14:49:00,199.31,199.35,199.18,199.33,58836
2026-08-07 14:50:00,199.34,199.53,199.265,199.48,107695
2026-08-07 14:51:00,199.48,199.5199,199.2,199.31,77892
2026-08-07 14:52:00,199.33,199.35,199.23,199.34,53939
2026-08-07 14:53:00,199.3462,199.45,199.22,199.38,80054
2026-08-07 14:54:00,199.38,199.49,199.28,199.44,84275
2026-08-07 14:55:00,199.45,199.74,199.445,199.644,182097
2026-08-07 14:56:00,199.62,199.64,199.34,199.435,81021
2026-08-07 14:57:00,199.3869,199.39,199.1501,199.195,92502
2026-08-07 14:58:00,199.17,199.3,199.08,199.17,87827
2026-08-07 14:59:00,199.15,199.2278,198.89,198.93,148423
2026-08-07 15:00:00,198.94,198.94,198.58,198.76,191356
2026-08-07 15:01:00,198.7599,198.91,198.55,198.85,130665
2026-08-07 15:02:00,198.87,198.87,198.61,198.66,83087
2026-08-07 15:03:00,198.66,198.6999,198.46,198.5096,104187
2026-08-07 15:04:00,198.51,198.64,198.2804,198.3699,125545
2026-08-07 15:05:00,198.36,198.48,198.14,198.4,165976
2026-08-07 15:06:00,198.42,198.4899,198.3,198.465,123335
2026-08-07 15:07:00,198.45,198.5899,198.39,198.49,107359
2026-08-07 15:08:00,198.49,198.6099,198.3857,198.55,94082
2026-08-07 15:09:00,198.57,198.77,198.55,198.66,128009
2026-08-07 15:10:00,198.7,199.05,198.68,199.0271,112922
2026-08-07 15:11:00,199.025,199.21,199.0104,199.0201,171944
2026-08-07 15:12:00,199.0221,199.0943,198.92,199.05,70207
2026-08-07 15:13:00,199.07,199.18,199.0434,199.12,73875
2026-08-07 15:14:00,199.1499,199.1499,198.84,198.86,100858
2026-08-07 15:15:00,198.89,199.028,198.65,198.8,102442
2026-08-07 15:16:00,198.825,198.8499,198.51,198.575,98840
2026-08-07 15:17:00,198.5799,198.68,198.45,198.57,99026
2026-08-07 15:18:00,198.55,198.6087,198.4,198.475,100378
2026-08-07 15:19:00,198.4207,198.5299,198.42,198.5,57049
2026-08-07 15:20:00,198.49,198.855,198.43,198.58,165751
2026-08-07 15:21:00,198.6,198.7199,198.4705,198.62,87400
2026-08-07 15:22:00,198.6105,198.96,198.6,198.93,126686
2026-08-07 15:23:00,198.9399,199.0426,198.83,198.85,102192
2026-08-07 15:24:00,198.8401,198.9199,198.7201,198.8492,83601
2026-08-07 15:25:00,198.8,198.89,198.68,198.74,95916
2026-08-07 15:26:00,198.76,198.8447,198.65,198.74,67145
2026-08-07 15:27:00,198.749,198.91,198.6303,198.9,89362
2026-08-07 15:28:00,198.8568,198.95,198.2604,198.3847,202182
2026-08-07 15:29:00,198.39,198.39,197.9201,198.1299,243114
2026-08-07 15:30:00,198.14,198.21,197.91,198.09,182298
2026-08-07 15:31:00,198.09,198.29,197.97,198.1152,157572
2026-08-07 15:32:00,198.13,198.3,197.9,198.135,156871
2026-08-07 15:33:00,198.16,198.2199,197.71,197.88,139746
2026-08-07 15:34:00,197.86,198.035,197.64,198.035,163872
2026-08-07 15:35:00,198.0399,198.1399,197.82,197.9,133726
2026-08-07 15:36:00,197.92,198.25,197.85,198.04,168989
2026-08-07 15:37:00,198.0062,198.27,198.0062,198.205,110559
2026-08-07 15:38:00,198.19,198.2537,197.99,198.2296,102658
2026-08-07 15:39:00,198.19,198.38,198.07,198.255,98376
2026-08-07 15:40:00,198.28,198.72,198.19,198.46,156762
2026-08-07 15:41:00,198.45,198.51,198.26,198.475,116228
2026-08-07 15:42:00,198.45,198.79,198.43,198.7824,171206
2026-08-07 15:43:00,198.79,198.86,198.5605,198.86,122540
2026-08-07 15:44:00,198.87,199.19,198.87,199.1716,188271
2026-08-07 15:45:00,199.165,199.19,198.94,199.005,151896
2026-08-07 15:46:00,198.98,199.052,198.7501,198.7653,128095
2026-08-07 15:47:00,198.7857,198.8165,198.58,198.65,157783
2026-08-07 15:48:00,198.65,198.95,198.58,198.9199,90008
2026-08-07 15:49:00,198.8502,198.95,198.76,198.8422,83287
2026-08-07 15:50:00,198.86,198.94,198.5,198.6772,183854
2026-08-07 15:51:00,198.65,198.8479,198.4014,198.56,208032
2026-08-07 15:52:00,198.55,199.21,198.54,199.15,229678
2026-08-07 15:53:00,199.13,199.33,198.98,199.175,222260
2026-08-07 15:54:00,199.23,199.45,199.15,199.19,191573
2026-08-07 15:55:00,199.19,199.24,198.44,198.6601,266943
2026-08-07 15:56:00,198.66,198.75,198.36,198.59,155895
2026-08-07 15:57:00,198.62,198.73,198.5161,198.65,178200
2026-08-07 15:58:00,198.7,198.775,198.46,198.745,209312
2026-08-07 15:59:00,198.76,199.15,198.735,199.0174,709217
2026-08-08 09:30:00,197.05,197.3,196.23,196.365,652855
2026-08-08 09:31:00,196.41,197.429,196.3,196.75,382079
2026-08-08 09:32:00,196.85,197.3299,196.3402,197.125,289284
2026-08-08 09:33:00,197.06,197.7287,196.5469,197.36,361239
2026-08-08 09:34:00,197.2872,198.45,197.1,198.095,363856
2026-08-08 09:35:00,198.07,198.095,196.85,197.006,323260
2026-08-08 09:36:00,197.0,197.62,196.8806,197.565,318461
2026-08-08 09:37:00,197.57,197.98,197.41,197.8024,303196
2026-08-08 09:38:00,197.845,197.98,197.33,197.9099,287518
2026-08-08 09:39:00,197.8666,198.77,197.27,197.62,461936
2026-08-08 09:40:00,197.575,198.0,197.25,197.6776,268627
2026-08-08 09:41:00,197.6301,198.49,197.4401,197.9,264161
2026-08-08 09:42:00,197.8513,198.11,197.62,197.6999,194970
2026-08-08 09:43:00,197.66,198.4648,197.66,198.3277,265521
2026-08-08 09:44:00,198.3305,198.75,198.0201,198.1499,352436
2026-08-08 09:45:00,198.15,198.84,198.1096,198.79,331645
2026-08-08 09:46:00,198.79,198.95,198.3,198.38,311453
2026-08-08 09:47:00,198.3683,198.8299,198.3504,198.55,263391
2026-08-08 09:48:00,198.56,199.65,198.535,199.52,487368
2026-08-08 09:49:00,199.5782,199.58,198.265,198.55,429817
2026-08-08 09:50:00,198.59,199.7485,198.5898,199.25,405221
2026-08-08 09:51:00,199.25,199.531,198.8476,199.28,255788
2026-08-08 09:52:00,199.32,199.88,199.1,199.74,313301
2026-08-08 09:53:00,199.726,200.09,199.45,199.788,307816
2026-08-08 09:54:00,199.82,200.0349,199.43,199.69,236406
2026-08-08 09:55:00,199.6992,199.88,198.85,199.07,344207
2026-08-08 09:56:00,199.055,199.2199,197.9001,197.9992,492471
2026-08-08 09:57:00,197.93,198.0999,197.6123,197.7139,401003
2026-08-08 09:58:00,197.71,197.88,197.44,197.57,276394
2026-08-08 09:59:00,197.535,197.7899,197.0,197.21,324441
2026-08-08 10:00:00,197.22,197.23,196.16,196.38,562921
2026-08-08 10:01:00,196.38,197.14,196.32,196.8601,377399
2026-08-08 10:02:00,196.86,196.9799,196.44,196.86,202973
2026-08-08 10:03:00,196.91,197.39,196.74,197.1225,270583
2026-08-08 10:04:00,197.1067,197.73,197.0799,197.6299,271046
2026-08-08 10:05:00,197.59,197.69,197.25,197.25,207000
2026-08-08 10:06:00,197.2501,197.88,197.1,197.11,239869
2026-08-08 10:07:00,197.1699,197.22,196.55,197.22,343450
2026-08-08 10:08:00,197.2143,197.43,196.6,196.6578,206838
2026-08-08 10:09:00,196.6108,197.03,196.42,196.77,271648
2026-08-08 10:10:00,196.79,197.5499,196.76,197.11,230373
2026-08-08 10:11:00,197.16,197.7,197.04,197.415,244370
2026-08-08 10:12:00,197.44,198.16,197.41,197.9,316788
2026-08-08 10:13:00,197.9,198.32,197.82,198.2322,230418
2026-08-08 10:14:00,198.174,198.3715,197.57,197.6648,233468
2026-08-08 10:15:00,197.64,198.0138,197.434,197.8499,187680
2026-08-08 10:16:00,197.8499,198.0,197.01,197.16,237827
2026-08-08 10:17:00,197.18,197.6587,197.18,197.4603,155012
2026-08-08 10:18:00,197.44,197.79,197.2101,197.405,143606
2026-08-08 10:19:00,197.3501,197.77,197.2,197.39,127946
2026-08-08 10:20:00,197.33,197.61,197.13,197.415,124866
2026-08-08 10:21:00,197.355,197.5,196.9,197.4735,196093
2026-08-08 10:22:00,197.465,197.73,196.9,196.94,219759
2026-08-08 10:23:00,196.97,197.025,196.3,196.4401,434967
2026-08-08 10:24:00,196.465,196.5008,195.89,196.08,458341
2026-08-08 10:25:00,196.07,196.386,195.66,195.94,342223
2026-08-08 10:26:00,195.925,196.28,195.81,196.06,213073
2026-08-08 10:27:00,196.025,196.3,195.58,195.64,238155
2026-08-08 10:28:00,195.66,196.37,195.63,196.26,195429
2026-08-08 10:29:00,196.2557,196.6295,196.0639,196.1,204304
2026-08-08 10:30:00,196.11,196.39,195.66,195.85,199535
2026-08-08 10:31:00,195.8,195.8599,195.4601,195.555,243084
2026-08-08 10:32:00,195.5256,195.8237,195.45,195.6,159717
2026-08-08 10:33:00,195.62,195.88,195.4423,195.52,157445
2026-08-08 10:34:00,195.56,195.78,195.36,195.66,184757
2026-08-08 10:35:00,195.69,195.69,195.21,195.36,194137
2026-08-08 10:36:00,195.375,195.82,195.11,195.7568,200427
2026-08-08 10:37:00,195.8,195.99,195.6202,195.83,158082
2026-08-08 10:38:00,195.8222,195.8222,195.33,195.4499,129109
2026-08-08 10:39:00,195.4001,195.7099,195.35,195.525,102680
2026-08-08 10:40:00,195.5471,196.1,195.5471,195.8999,156200
2026-08-08 10:41:00,195.855,196.0699,195.5839,195.875,108972
2026-08-08 10:42:00,195.91,196.35,195.76,195.79,199078
2026-08-08 10:43:00,195.78,195.86,195.6,195.66,154734
2026-08-08 10:44:00,195.65,196.02,195.59,195.66,151465
2026-08-08 10:45:00,195.6939,196.26,195.6439,196.23,171131
2026-08-08 10:46:00,196.242,196.54,196.12,196.1564,199147
2026-08-08 10:47:00,196.16,196.55,196.16,196.2301,124843
2026-08-08 10:48:00,196.2699,196.55,196.15,196.475,203618
2026-08-08 10:49:00,196.44,196.78,196.2004,196.25,195132
2026-08-08 10:50:00,196.2799,196.5198,196.06,196.1401,102267
2026-08-08 10:51:00,196.145,196.61,196.145,196.5281,131735
2026-08-08 10:52:00,196.5299,196.98,196.5141,196.9137,204548
2026-08-08 10:53:00,196.97,197.1,196.79,196.92,174941
2026-08-08 10:54:00,196.93,197.1999,196.93,197.1144,172238
2026-08-08 10:55:00,197.08,197.3427,197.05,197.131,126266
2026-08-08 10:56:00,197.17,197.49,197.14,197.26,142937
2026-08-08 10:57:00,197.29,197.539,197.25,197.3636,144334
2026-08-08 10:58:00,197.3701,197.6,197.17,197.54,145103
2026-08-08 10:59:00,197.56,197.59,197.0101,197.23,150517
2026-08-08 11:00:00,197.2638,197.8699,197.26,197.6199,203837
2026-08-08 11:01:00,197.62,197.9,197.54,197.7,189014
2026-08-08 11:02:00,197.66,197.99,197.5601,197.94,162446
2026-08-08 11:03:00,197.99,198.35,197.9301,198.29,256080
2026-08-08 11:04:00,198.2899,198.55,198.15,198.5499,201710
2026-08-08 11:05:00,198.52,198.79,198.5,198.6212,238953
2026-08-08 11:06:00,198.6302,198.87,198.51,198.7199,163954
2026-08-08 11:07:00,198.7016,198.83,198.54,198.5826,140221
2026-08-08 11:08:00,198.5999,198.87,198.55,198.74,147891
2026-08-08 11:09:00,198.725,198.83,198.3,198.44,235005
2026-08-08 11:10:00,198.41,198.5,198.19,198.3407,192268
2026-08-08 11:11:00,198.4,198.87,198.315,198.565,175608
2026-08-08 11:12:00,198.58,198.695,198.33,198.34,143130
2026-08-08 11:13:00,198.38,198.54,198.07,198.4631,189101
2026-08-08 11:14:00,198.54,198.71,198.41,198.58,120189
2026-08-08 11:15:00,198.66,198.99,198.66,198.8246,201916
2026-08-08 11:16:00,198.805,199.09,198.79,199.05,185386
2026-08-08 11:17:00,199.03,199.16,198.93,199.09,187451
2026-08-08 11:18:00,199.09,199.18,198.9,198.94,172667
2026-08-08 11:19:00,198.95,199.1257,198.93,198.94,83346
2026-08-08 11:20:00,198.95,199.0899,198.64,198.7501,141908
2026-08-08 11:21:00,198.765,198.85,198.43,198.59,152833
2026-08-08 11:22:00,198.61,198.75,198.49,198.53,93419
2026-08-08 11:23:00,198.53,198.8,198.49,198.6899,95676
2026-08-08 11:24:00,198.663,198.697,198.34,198.34,86771
2026-08-08 11:25:00,198.41,198.8,198.39,198.5604,127023
2026-08-08 11:26:00,198.576,198.6043,198.21,198.59,114853
2026-08-08 11:27:00,198.6,198.7009,198.31,198.39,87955
2026-08-08 11:28:00,198.4663,198.5434,198.07,198.16,122662
2026-08-08 11:29:00,198.19,198.23,197.65,197.74,197462
2026-08-08 11:30:00,197.74,197.96,197.54,197.7478,149296
2026-08-08 11:31:00,197.74,198.0,197.6801,198.0,119014
2026-08-08 11:32:00,197.95,198.16,197.823,198.0551,95465
2026-08-08 11:33:00,198.0453,198.0653,197.72,197.86,123827
2026-08-08 11:34:00,197.8699,198.01,197.78,197.98,55065
2026-08-08 11:35:00,197.94,197.9898,197.56,197.69,104529
2026-08-08 11:36:00,197.695,197.7382,197.2101,197.3825,185450
2026-08-08 11:37:00,197.3804,197.48,197.24,197.36,103861
2026-08-08 11:38:00,197.3282,197.45,197.06,197.2201,133283
2026-08-08 11:39:00,197.25,197.41,197.14,197.3774,83903
2026-08-08 11:40:00,197.37,197.5,197.06,197.2651,105472
2026-08-08 11:41:00,197.26,197.735,197.19,197.6173,116251
2026-08-08 11:42:00,197.58,197.58,197.32,197.385,73954
2026-08-08 11:43:00,197.38,197.5199,197.27,197.29,60685
2026-08-08 11:44:00,197.275,197.4899,197.25,197.4046,57442
2026-08-08 11:45:00,197.41,197.58,197.3101,197.4099,114989
2026-08-08 11:46:00,197.4099,197.64,197.3501,197.5501,69245
2026-08-08 11:47:00,197.5699,197.7399,197.48,197.52,111346
2026-08-08 11:48:00,197.5,197.72,197.4301,197.4901,84245
2026-08-08 11:49:00,197.47,197.58,197.3101,197.37,85026
2026-08-08 11:50:00,197.38,197.47,197.16,197.28,107284
2026-08-08 11:51:00,197.21,197.3,197.03,197.3,121058
2026-08-08 11:52:00,197.3,197.44,197.2348,197.38,87307
2026-08-08 11:53:00,197.37,197.73,197.37,197.61,116828
2026-08-08 11:54:00,197.6299,197.6599,197.27,197.32,81221
2026-08-08 11:55:00,197.3129,197.4099,196.9115,197.01,179688
2026-08-08 11:56:00,197.0313,197.0313,196.6301,196.75,186749
2026-08-08 11:57:00,196.75,196.8899,196.62,196.64,102707
2026-08-08 11:58:00,196.6782,196.82,196.53,196.61,120497
2026-08-08 11:59:00,196.59,196.7895,196.5,196.7182,135831
2026-08-08 12:00:00,196.77,196.95,196.7105,196.835,105030
2026-08-08 12:01:00,196.86,197.06,196.82,196.84,110142
2026-08-08 12:02:00,196.82,196.9027,196.7,196.7,82248
2026-08-08 12:03:00,196.72,196.9102,196.72,196.8,41863
2026-08-08 12:04:00,196.8296,196.86,196.69,196.79,56752
2026-08-08 12:05:00,196.76,196.85,196.5601,196.7557,80559
2026-08-08 12:06:00,196.7301,196.93,196.65,196.8501,86601
2026-08-08 12:07:00,196.8341,196.98,196.83,196.9396,74699
2026-08-08 12:08:00,196.93,196.98,196.8128,196.8128,60509
2026-08-08 12:09:00,196.81,196.8932,196.74,196.81,58598
2026-08-08 12:10:00,196.8438,196.8799,196.545,196.545,65734
2026-08-08 12:11:00,196.545,196.69,196.5,196.6101,98708
2026-08-08 12:12:00,196.625,196.69,196.42,196.4389,67373
2026-08-08 12:13:00,196.4599,196.5399,196.36,196.495,69031
2026-08-08 12:14:00,196.51,196.6492,196.51,196.5351,63321
2026-08-08 12:15:00,196.51,196.63,196.4,196.57,82923
2026-08-08 12:16:00,196.5727,196.6,196.41,196.45,62264
2026-08-08 12:17:00,196.45,196.6104,196.4,196.57,47211
2026-08-08 12:18:00,196.5786,196.72,196.44,196.59,63270
2026-08-08 12:19:00,196.61,196.8695,196.49,196.71,86335
2026-08-08 12:20:00,196.685,196.94,196.685,196.9,93306
2026-08-08 12:21:00,196.94,197.04,196.794,196.8405,96065
2026-08-08 12:22:00,196.86,196.92,196.73,196.775,58130
2026-08-08 12:23:00,196.77,197.0899,196.76,197.01,71312
2026-08-08 12:24:00,197.035,197.065,196.6801,196.7069,104467
2026-08-08 12:25:00,196.6901,197.01,196.6901,196.93,76253
2026-08-08 12:26:00,196.91,197.15,196.8756,197.13,77164
2026-08-08 12:27:00,197.1399,197.39,197.1,197.15,127495
2026-08-08 12:28:00,197.175,197.21,197.04,197.1,55423
2026-08-08 12:29:00,197.09,197.27,197.09,197.15,60370
2026-08-08 12:30:00,197.133,197.48,197.11,197.37,102878
2026-08-08 12:31:00,197.38,197.5478,197.3701,197.41,73960
2026-08-08 12:32:00,197.3932,197.5499,197.39,197.3992,64803
2026-08-08 12:33:00,197.4,197.6599,197.39,197.56,77898
2026-08-08 12:34:00,197.5797,197.79,197.5558,197.6,115717
2026-08-08 12:35:00,197.58,197.77,197.56,197.7499,58420
2026-08-08 12:36:00,197.73,197.949,197.71,197.7701,112664
2026-08-08 12:37:00,197.7923,197.8496,197.6838,197.772,51814
2026-08-08 12:38:00,197.7614,197.9,197.7101,197.84,49165
2026-08-08 12:39:00,197.8548,197.9699,197.7404,197.75,63933
2026-08-08 12:40:00,197.7593,197.8185,197.61,197.73,81291
2026-08-08 12:41:00,197.6961,197.83,197.52,197.57,73903
2026-08-08 12:42:00,197.57,197.93,197.57,197.835,101262
2026-08-08 12:43:00,197.86,197.9792,197.78,197.8499,73962
2026-08-08 12:44:00,197.846,197.93,197.8101,197.85,36878
2026-08-08 12:45:00,197.85,197.865,197.7,197.75,56052
2026-08-08 12:46:00,197.7201,197.76,197.5988,197.665,49698
2026-08-08 12:47:00,197.6615,197.6949,197.42,197.5851,98769
2026-08-08 12:48:00,197.615,197.761,197.49,197.72,53922
2026-08-08 12:49:00,197.71,198.0496,197.71,198.01,103251
2026-08-08 12:50:00,198.02,198.05,197.91,197.97,72684
2026-08-08 12:51:00,198.0072,198.16,197.9803,198.08,94025
2026-08-08 12:52:00,198.06,198.1994,198.05,198.16,61921
2026-08-08 12:53:00,198.14,198.1699,198.0,198.0648,49124
2026-08-08 12:54:00,198.055,198.07,197.82,197.9169,79719
2026-08-08 12:55:00,197.92,197.96,197.8342,197.89,48441
2026-08-08 12:56:00,197.88,198.11,197.74,197.9986,123403
2026-08-08 12:57:00,198.01,198.028,197.7,197.8165,66649
2026-08-08 12:58:00,197.8159,197.92,197.77,197.886,33304
2026-08-08 12:59:00,197.885,198.0,197.835,197.935,34621
2026-08-08 13:00:00,197.9,197.9992,197.7257,197.81,79496
2026-08-08 13:01:00,197.81,198.0161,197.791,197.9499,46680
2026-08-08 13:02:00,197.95,198.24,197.8808,198.1894,100062
2026-08-08 13:03:00,198.1602,198.18,198.01,198.1201,66530
2026-08-08 13:04:00,198.15,198.16,197.96,198.03,60000
2026-08-08 13:05:00,198.02,198.06,197.72,197.8899,97596
2026-08-08 13:06:00,197.87,197.98,197.8201,197.838,37226
2026-08-08 13:07:00,197.85,197.9899,197.77,197.9694,58449
2026-08-08 13:08:00,197.96,198.09,197.91,198.06,53817
2026-08-08 13:09:00,198.04,198.33,197.97,198.3,102870
2026-08-08 13:10:00,198.31,198.42,198.2501,198.34,82958
2026-08-08 13:11:00,198.3699,198.38,198.23,198.2352,49616
2026-08-08 13:12:00,198.28,198.5399,198.28,198.4714,85529
2026-08-08 13:13:00,198.47,198.69,198.47,198.5742,94860
2026-08-08 13:14:00,198.58,198.88,198.57,198.82,102441
2026-08-08 13:15:00,198.845,199.2296,198.8101,199.18,184576
2026-08-08 13:16:00,199.18,199.21,199.0,199.12,110842
2026-08-08 13:17:00,199.14,199.305,199.13,199.305,116999
2026-08-08 13:18:00,199.285,199.4699,199.1626,199.35,177451
2026-08-08 13:19:00,199.3398,199.47,199.3398,199.4539,86314
2026-08-08 13:20:00,199.4,199.5799,199.39,199.559,137942
2026-08-08 13:21:00,199.57,199.58,199.4302,199.56,84658
2026-08-08 13:22:00,199.55,199.6799,199.51,199.6179,108635
2026-08-08 13:23:00,199.6186,199.7164,199.5116,199.63,79795
2026-08-08 13:24:00,199.6503,199.7799,199.5703,199.68,96603
2026-08-08 13:25:00,199.692,199.99,199.69,199.8793,170047
2026-08-08 13:26:00,199.88,199.9025,199.72,199.81,95850
2026-08-08 13:27:00,199.8,199.91,199.7701,199.875,54863
2026-08-08 13:28:00,199.8784,200.18,199.84,200.14,282726
2026-08-08 13:29:00,200.14,200.2399,200.05,200.2373,126679
2026-08-08 13:30:00,200.223,200.65,200.17,200.57,242360
2026-08-08 13:31:00,200.582,200.68,200.29,200.36,234621
2026-08-08 13:32:00,200.35,200.61,200.3201,200.4787,153443
2026-08-08 13:33:00,200.475,200.7599,200.43,200.7585,185919
2026-08-08 13:34:00,200.7599,200.85,200.6401,200.82,157306
2026-08-08 13:35:00,200.805,200.88,200.68,200.72,186271
2026-08-08 13:36:00,200.715,200.8,200.51,200.625,198535
2026-08-08 13:37:00,200.6257,200.7592,200.52,200.545,151432
2026-08-08 13:38:00,200.55,200.7355,200.5,200.5716,133302
2026-08-08 13:39:00,200.5744,200.65,200.35,200.46,121403
2026-08-08 13:40:00,200.455,200.5882,200.4201,200.4757,92049
2026-08-08 13:41:00,200.4966,200.5499,200.07,200.1,192529
2026-08-08 13:42:00,200.1,200.2,199.95,200.12,241733
2026-08-08 13:43:00,200.1134,200.22,199.97,199.98,136914
2026-08-08 13:44:00,200.03,200.3374,199.9243,200.27,131615
2026-08-08 13:45:00,200.295,200.32,200.08,200.2699,90429
2026-08-08 13:46:00,200.22,200.22,200.0,200.1,100217
2026-08-08 13:47:00,200.14,200.15,199.9901,200.07,75422
2026-08-08 13:48:00,200.04,200.0999,199.82,200.07,166708
2026-08-08 13:49:00,200.1,200.18,200.0,200.0021,106687
2026-08-08 13:50:00,200.015,200.1,199.9,199.98,111786
2026-08-08 13:51:00,200.0,200.2442,199.96,200.1101,87766
2026-08-08 13:52:00,200.105,200.15,200.0,200.06,75011
2026-08-08 13:53:00,200.079,200.12,199.96,200.03,87625
2026-08-08 13:54:00,200.014,200.03,199.46,199.66,234602
2026-08-08 13:55:00,199.68,199.89,199.6301,199.8551,125480
2026-08-08 13:56:00,199.86,199.945,199.68,199.86,87617
2026-08-08 13:57:00,199.9,199.9092,199.7,199.7913,45568
2026-08-08 13:58:00,199.81,199.85,199.55,199.5643,67354
2026-08-08 13:59:00,199.57,199.68,199.5,199.57,77885
2026-08-08 14:00:00,199.58,199.6799,199.491,199.5984,60371
2026-08-08 14:01:00,199.6,199.9799,199.5601,199.9338,104971
2026-08-08 14:02:00,199.925,199.94,199.66,199.78,91405
2026-08-08 14:03:00,199.79,199.96,199.7252,199.861,60872
2026-08-08 14:04:00,199.86,199.8666,199.63,199.815,70216
2026-08-08 14:05:00,199.81,200.0,199.7301,199.945,78796
2026-08-08 14:06:00,199.96,199.98,199.8301,199.8633,54946
2026-08-08 14:07:00,199.88,199.95,199.79,199.88,40501
2026-08-08 14:08:00,199.8678,200.23,199.8678,200.0801,177225
2026-08-08 14:09:00,200.105,200.23,199.986,200.2,91220
2026-08-08 14:10:00,200.2,200.23,199.94,199.99,111895
2026-08-08 14:11:00,200.0,200.07,199.47,199.52,183453
2026-08-08 14:12:00,199.54,199.61,199.3446,199.569,322653
2026-08-08 14:13:00,199.58,199.62,199.33,199.4484,82512
2026-08-08 14:14:00,199.46,199.6499,199.46,199.59,59863
2026-08-08 14:15:00,199.5893,199.6299,199.3541,199.51,79917
2026-08-08 14:16:00,199.49,199.64,199.42,199.5422,86526
2026-08-08 14:17:00,199.56,199.56,199.3301,199.4147,82679
2026-08-08 14:18:00,199.4272,199.65,199.3628,199.45,78271
2026-08-08 14:19:00,199.44,199.6359,199.3401,199.59,91769
2026-08-08 14:20:00,199.58,199.6,199.37,199.4405,83548
2026-08-08 14:21:00,199.44,199.62,199.42,199.6,78708
2026-08-08 14:22:00,199.59,199.7797,199.52,199.6,98787
2026-08-08 14:23:00,199.6137,199.69,199.5,199.6048,50769
2026-08-08 14:24:00,199.61,199.62,199.26,199.32,122439
2026-08-08 14:25:00,199.33,199.46,199.255,199.264,91632
2026-08-08 14:26:00,199.27,199.4959,199.16,199.4575,130782
2026-08-08 14:27:00,199.46,199.5409,199.41,199.45,60091
2026-08-08 14:28:00,199.46,199.55,199.4192,199.45,65479
2026-08-08 14:29:00,199.45,199.515,199.4,199.4901,41335
2026-08-08 14:30:00,199.45,199.71,199.41,199.47,104883
2026-08-08 14:31:00,199.4961,199.6467,199.42,199.6467,67449
2026-08-08 14:32:00,199.65,199.83,199.57,199.6704,97390
2026-08-08 14:33:00,199.67,199.67,199.46,199.63,50407
2026-08-08 14:34:00,199.64,199.66,199.3401,199.5399,90182
2026-08-08 14:35:00,199.51,199.6125,199.43,199.5611,52877
2026-08-08 14:36:00,199.54,199.87,199.43,199.8108,123686
2026-08-08 14:37:00,199.83,199.94,199.7606,199.9376,79529
2026-08-08 14:38:00,199.92,200.04,199.85,199.96,114460
2026-08-08 14:39:00,199.9778,200.2094,199.96,200.1286,149455
2026-08-08 14:40:00,200.12,200.32,200.05,200.1701,128367
2026-08-08 14:41:00,200.19,200.29,200.16,200.25,83695
2026-08-08 14:42:00,200.25,200.2662,200.1305,200.19,68815
2026-08-08 14:43:00,200.2,200.3199,200.13,200.175,105715
2026-08-08 14:44:00,200.2,200.3099,200.15,200.27,85917
2026-08-08 14:45:00,200.28,200.38,200.24,200.2794,124696
2026-08-08 14:46:00,200.2701,200.39,200.19,200.3601,84484
2026-08-08 14:47:00,200.3628,200.47,200.3319,200.3649,125426
2026-08-08 14:48:00,200.3603,200.385,200.1713,200.258,95736
2026-08-08 14:49:00,200.2626,200.3287,200.12,200.12,73524
2026-08-08 14:50:00,200.128,200.17,199.66,199.6994,196585
2026-08-08 14:51:00,199.72,199.8999,199.63,199.88,113460
2026-08-08 14:52:00,199.875,199.8798,199.73,199.8,55337
2026-08-08 14:53:00,199.7901,199.799,199.42,199.6,139725
2026-08-08 14:54:00,199.59,199.73,199.59,199.6613,61015
2026-08-08 14:55:00,199.64,199.7499,199.47,199.4886,66473
2026-08-08 14:56:00,199.5,199.6,199.4001,199.442,71467
2026-08-08 14:57:00,199.4599,199.6499,199.407,199.6143,84059
2026-08-08 14:58:00,199.61,199.6999,199.53,199.6699,70351
2026-08-08 14:59:00,199.67,199.8,199.6524,199.685,77741
2026-08-08 15:00:00,199.68,199.85,199.54,199.54,107748
2026-08-08 15:01:00,199.5527,199.68,199.49,199.5831,55849
2026-08-08 15:02:00,199.5814,199.62,199.1801,199.4445,142987
2026-08-08 15:03:00,199.43,199.45,199.19,199.24,83740
2026-08-08 15:04:00,199.2201,199.3099,199.19,199.25,59920
2026-08-08 15:05:00,199.2498,199.38,199.2,199.26,57854
2026-08-08 15:06:00,199.28,199.42,199.2401,199.38,54466
2026-08-08 15:07:00,199.3768,199.77,199.31,199.735,117124
2026-08-08 15:08:00,199.7472,199.92,199.61,199.69,105657
2026-08-08 15:09:00,199.6884,199.89,199.6,199.85,79670
2026-08-08 15:10:00,199.8365,199.9,199.75,199.7601,89160
2026-08-08 15:11:00,199.833,199.99,199.79,199.9,88530
2026-08-08 15:12:00,199.92,199.98,199.84,199.8751,77634
2026-08-08 15:13:00,199.9086,199.9795,199.8401,199.86,70796
2026-08-08 15:14:00,199.86,199.89,199.78,199.85,46385
2026-08-08 15:15:00,199.86,200.17,199.84,200.17,132914
2026-08-08 15:16:00,200.13,200.18,200.0,200.12,105769
2026-08-08 15:17:00,200.12,200.12,200.0123,200.03,56522
2026-08-08 15:18:00,200.0158,200.14,199.91,200.105,106450
2026-08-08 15:19:00,200.11,200.2,200.07,200.1591,85024
2026-08-08 15:20:00,200.14,200.16,199.86,199.9297,84957
2026-08-08 15:21:00,199.91,199.9199,199.5601,199.62,154208
2026-08-08 15:22:00,199.61,199.74,199.48,199.72,97873
2026-08-08 15:23:00,199.7265,199.86,199.7,199.7101,64337
2026-08-08 15:24:00,199.74,199.8099,199.63,199.6857,52754
2026-08-08 15:25:00,199.71,199.82,199.63,199.79,60801
2026-08-08 15:26:00,199.78,199.9399,199.77,199.8361,52933
2026-08-08 15:27:00,199.855,199.98,199.7995,199.97,77774
2026-08-08 15:28:00,199.96,199.9601,199.85,199.85,40806
2026-08-08 15:29:00,199.83,199.9,199.61,199.63,88669
2026-08-08 15:30:00,199.61,199.7,199.55,199.625,77013
2026-08-08 15:31:00,199.625,199.79,199.58,199.635,97815
2026-08-08 15:32:00,199.64,199.67,199.4201,199.58,86678
2026-08-08 15:33:00,199.588,199.61,199.4228,199.518,65133
2026-08-08 15:34:00,199.515,199.7285,199.5002,199.7012,75403
2026-08-08 15:35:00,199.71,199.84,199.68,199.74,117835
2026-08-08 15:36:00,199.7201,199.9,199.69,199.885,61307
2026-08-08 15:37:00,199.8716,199.88,199.5504,199.63,85683
2026-08-08 15:38:00,199.61,199.73,199.53,199.73,75655
2026-08-08 15:39:00,199.72,199.72,199.6439,199.71,41091
2026-08-08 15:40:00,199.72,199.92,199.71,199.92,117303
2026-08-08 15:41:00,199.9194,200.03,199.83,200.0,111822
2026-08-08 15:42:00,199.9801,200.0773,199.89,200.0602,66554
2026-08-08 15:43:00,200.06,200.08,199.87,199.9908,101860
2026-08-08 15:44:00,200.0011,200.05,199.74,199.875,106691
2026-08-08 15:45:00,199.865,200.11,199.83,200.03,136922
2026-08-08 15:46:00,200.04,200.14,200.0,200.13,129762
2026-08-08 15:47:00,200.135,200.15,199.951,200.0406,100804
2026-08-08 15:48:00,200.058,200.12,199.94,200.06,88153
2026-08-08 15:49:00,200.06,200.06,199.72,199.9056,130244
2026-08-08 15:50:00,199.87,200.04,199.84,199.9,119019
2026-08-08 15:51:00,199.92,200.03,199.73,199.87,135062
2026-08-08 15:52:00,199.9,199.9699,199.8,199.86,98013
2026-08-08 15:53:00,199.86,200.08,199.77,199.9201,107507
2026-08-08 15:54:00,199.96,200.0,199.57,199.85,172211
2026-08-08 15:55:00,199.88,199.88,199.4,199.7752,202432
2026-08-08 15:56:00,199.8,200.0,199.67,199.99,218194
2026-08-08 15:57:00,199.98,200.03,199.8,199.9,176328
2026-08-08 15:58:00,199.91,200.04,199.87,200.02,219224
2026-08-08 15:59:00,200.025,200.08,199.85,200.03,470187
2026-08-11 09:30:00,199.02,199.26,198.24,198.295,588328
2026-08-11 09:31:00,198.285,198.285,197.5,197.81,410740
2026-08-11 09:32:00,197.77,198.36,197.77,198.35,306271
2026-08-11 09:33:00,198.27,198.64,197.08,197.334,531117
2026-08-11 09:34:00,197.3061,197.51,196.73,197.45,573373
2026-08-11 09:35:00,197.44,197.49,196.89,197.255,311773
2026-08-11 09:36:00,197.33,197.73,197.17,197.5729,258700
2026-08-11 09:37:00,197.54,198.2381,197.38,198.05,344733
2026-08-11 09:38:00,198.06,198.17,197.7,197.92,247552
2026-08-11 09:39:00,197.93,197.99,197.54,197.9,235375
2026-08-11 09:40:00,197.9003,198.39,197.5,197.5541,345044
2026-08-11 09:41:00,197.59,197.75,197.31,197.41,200989
2026-08-11 09:42:00,197.41,197.74,197.11,197.235,304597
2026-08-11 09:43:00,197.1988,197.5,196.9604,197.02,233780
2026-08-11 09:44:00,197.0,197.1,196.62,196.858,344299
2026-08-11 09:45:00,196.89,197.4299,196.75,197.39,377186
2026-08-11 09:46:00,197.38,197.69,197.04,197.35,379468
2026-08-11 09:47:00,197.39,197.57,197.07,197.4802,184467
2026-08-11 09:48:00,197.5,197.93,197.3601,197.715,263433
2026-08-11 09:49:00,197.71,197.76,197.49,197.62,222445
2026-08-11 09:50:00,197.64,198.32,197.53,198.235,309973
2026-08-11 09:51:00,198.235,198.3195,197.3,197.3301,292464
2026-08-11 09:52:00,197.41,197.41,196.83,197.0,317376
2026-08-11 09:53:00,197.0256,197.12,196.02,196.21,593241
2026-08-11 09:54:00,196.195,196.3,195.65,195.72,525249
2026-08-11 09:55:00,195.7298,196.17,195.39,195.515,454212
2026-08-11 09:56:00,195.5175,195.79,195.1122,195.305,460231
2026-08-11 09:57:00,195.32,195.55,195.02,195.0899,445869
2026-08-11 09:58:00,195.085,195.38,194.67,195.0701,591738
2026-08-11 09:59:00,195.035,195.23,194.71,194.99,294294
2026-08-11 10:00:00,195.01,195.17,194.764,194.97,258376
2026-08-11 10:01:00,194.94,195.16,194.84,195.1099,261098
2026-08-11 10:02:00,195.0601,195.6693,194.97,195.63,384202
2026-08-11 10:03:00,195.65,195.67,195.32,195.63,221750
2026-08-11 10:04:00,195.6,195.86,195.38,195.7501,296221
2026-08-11 10:05:00,195.7899,195.7899,195.47,195.69,169590
2026-08-11 10:06:00,195.71,196.15,195.61,196.055,333078
2026-08-11 10:07:00,196.05,196.16,195.85,195.88,210055
2026-08-11 10:08:00,195.89,196.3299,195.872,196.1157,222927
2026-08-11 10:09:00,196.12,196.2999,195.9711,196.17,201510
2026-08-11 10:10:00,196.155,196.46,195.99,196.36,271381
2026-08-11 10:11:00,196.3999,196.81,196.37,196.81,313742
2026-08-11 10:12:00,196.82,196.88,196.4013,196.46,329608
2026-08-11 10:13:00,196.495,196.805,196.4275,196.77,231414
2026-08-11 10:14:00,196.7606,197.05,196.6101,196.68,345889
2026-08-11 10:15:00,196.7,196.84,196.6,196.68,186955
2026-08-11 10:16:00,196.68,197.0,196.61,196.6205,256838
2026-08-11 10:17:00,196.635,196.68,196.4,196.5,197633
2026-08-11 10:18:00,196.49,196.6,196.32,196.51,219880
2026-08-11 10:19:00,196.5299,196.7,196.3382,196.3791,201735
2026-08-11 10:20:00,196.4,196.6,196.34,196.4837,117545
2026-08-11 10:21:00,196.5,196.98,196.5,196.9499,282522
2026-08-11 10:22:00,196.9504,197.27,196.85,197.0,295385
2026-08-11 10:23:00,196.985,197.33,196.97,197.1707,286280
2026-08-11 10:24:00,197.18,197.35,197.1,197.2,274918
2026-08-11 10:25:00,197.2,197.27,197.0,197.21,188774
2026-08-11 10:26:00,197.24,197.3,196.9,197.0099,168848
2026-08-11 10:27:00,197.03,197.1,196.88,197.0,130445
2026-08-11 10:28:00,196.9992,197.2,196.89,197.13,191617
2026-08-11 10:29:00,197.15,197.32,196.86,197.0,236535
2026-08-11 10:30:00,197.0199,197.1499,196.94,197.03,131097
2026-08-11 10:31:00,197.0234,197.25,196.98,197.22,150856
2026-08-11 10:32:00,197.2343,197.3,196.99,197.075,177635
2026-08-11 10:33:00,197.07,197.27,197.02,197.06,114615
2026-08-11 10:34:00,197.07,197.19,196.93,197.1,134253
2026-08-11 10:35:00,197.09,197.21,196.88,197.07,256555
2026-08-11 10:36:00,197.065,197.65,197.05,197.6,243095
2026-08-11 10:37:00,197.605,198.28,197.5,198.2601,373289
2026-08-11 10:38:00,198.27,198.27,197.73,197.86,258338
2026-08-11 10:39:00,197.8486,198.0,197.82,197.86,133751
2026-08-11 10:40:00,197.8796,198.08,197.8,197.86,212349
2026-08-11 10:41:00,197.85,197.88,197.56,197.6401,153115
2026-08-11 10:42:00,197.64,197.72,197.4013,197.5391,173775
2026-08-11 10:43:00,197.55,197.56,197.2601,197.3,145741
2026-08-11 10:44:00,197.3137,197.37,196.7,196.79,229598
2026-08-11 10:45:00,196.78,197.23,196.75,197.165,198263
2026-08-11 10:46:00,197.16,197.2642,196.98,197.1,125685
2026-08-11 10:47:00,197.07,197.07,196.82,196.9,163044
2026-08-11 10:48:00,196.8455,197.13,196.84,196.87,151696
2026-08-11 10:49:00,196.91,197.07,196.85,197.0,136301
2026-08-11 10:50:00,196.97,197.1,196.77,196.9169,154930
2026-08-11 10:51:00,196.94,197.2888,196.9,197.23,131667
2026-08-11 10:52:00,197.25,197.4,197.1131,197.19,142619
2026-08-11 10:53:00,197.1664,197.22,197.05,197.17,74107
2026-08-11 10:54:00,197.15,197.16,196.88,197.03,118157
2026-08-11 10:55:00,197.02,197.21,197.0,197.14,140833
2026-08-11 10:56:00,197.12,197.4,197.05,197.14,129408
2026-08-11 10:57:00,197.12,197.21,196.9505,197.11,86383
2026-08-11 10:58:00,197.12,197.25,197.11,197.15,98949
2026-08-11 10:59:00,197.18,197.25,197.05,197.16,73314
2026-08-11 11:00:00,197.18,197.3,197.03,197.1105,104327
2026-08-11 11:01:00,197.13,197.4,197.13,197.25,178556
2026-08-11 11:02:00,197.29,197.78,197.29,197.73,208533
2026-08-11 11:03:00,197.75,197.87,197.68,197.84,145248
2026-08-11 11:04:00,197.85,197.9,197.72,197.8275,145228
2026-08-11 11:05:00,197.7625,197.7625,197.28,197.335,170564
2026-08-11 11:06:00,197.3201,197.7599,197.3201,197.49,118961
2026-08-11 11:07:00,197.48,197.49,197.16,197.31,88340
2026-08-11 11:08:00,197.325,197.325,196.9,196.915,141057
2026-08-11 11:09:00,196.901,197.05,196.77,196.9,171318
2026-08-11 11:10:00,196.8858,197.3,196.8749,197.0454,169149
2026-08-11 11:11:00,197.0495,197.34,197.03,197.25,90093
2026-08-11 11:12:00,197.26,197.88,197.26,197.825,204649
2026-08-11 11:13:00,197.81,197.88,197.4601,197.66,149905
2026-08-11 11:14:00,197.64,197.72,197.52,197.545,66992
2026-08-11 11:15:00,197.54,197.6698,197.36,197.59,86258
2026-08-11 11:16:00,197.62,197.9696,197.61,197.9,146433
2026-08-11 11:17:00,197.89,198.08,197.85,197.86,200523
2026-08-11 11:18:00,197.86,198.03,197.78,197.8401,98423
2026-08-11 11:19:00,197.86,198.0,197.74,197.87,94733
2026-08-11 11:20:00,197.85,197.9999,197.77,197.9153,76584
2026-08-11 11:21:00,197.95,198.3,197.93,198.2809,291876
2026-08-11 11:22:00,198.285,198.3,197.35,197.46,247420
2026-08-11 11:23:00,197.4215,197.7,197.1001,197.19,230502
2026-08-11 11:24:00,197.19,197.4,196.136,196.1699,356220
2026-08-11 11:25:00,196.17,196.43,195.93,196.34,305613
2026-08-11 11:26:00,196.37,196.45,195.92,196.095,219308
2026-08-11 11:27:00,196.1299,196.69,195.97,196.42,191346
2026-08-11 11:28:00,196.41,196.6699,196.21,196.5617,136161
2026-08-11 11:29:00,196.56,196.7399,196.4201,196.62,125513
2026-08-11 11:30:00,196.58,196.58,196.11,196.28,158724
2026-08-11 11:31:00,196.3099,196.3099,195.8401,195.94,191253
2026-08-11 11:32:00,195.92,195.925,195.35,195.41,229364
2026-08-11 11:33:00,195.4,195.8101,195.3732,195.6756,165996
2026-08-11 11:34:00,195.69,195.77,195.43,195.4445,137790
2026-08-11 11:35:00,195.45,195.7962,195.31,195.5,197610
2026-08-11 11:36:00,195.48,195.7,195.28,195.6,156535
2026-08-11 11:37:00,195.62,195.6599,195.24,195.3799,164833
2026-08-11 11:38:00,195.36,195.57,195.08,195.175,210991
2026-08-11 11:39:00,195.1695,195.385,195.06,195.118,149497
2026-08-11 11:40:00,195.1684,195.53,194.95,195.5195,330330
2026-08-11 11:41:00,195.5199,195.5199,194.87,194.8899,211605
2026-08-11 11:42:00,194.88,195.44,194.78,195.3,203176
2026-08-11 11:43:00,195.33,195.53,195.105,195.3,201399
2026-08-11 11:44:00,195.29,195.63,195.2,195.5685,192503
2026-08-11 11:45:00,195.54,195.65,195.33,195.385,87767
2026-08-11 11:46:00,195.36,195.4291,195.12,195.345,99364
2026-08-11 11:47:00,195.3161,195.6481,195.25,195.28,172985
2026-08-11 11:48:00,195.2899,195.43,195.13,195.39,85008
2026-08-11 11:49:00,195.42,195.87,195.42,195.8,177424
2026-08-11 11:50:00,195.825,196.15,195.76,196.09,202783
2026-08-11 11:51:00,196.1,196.37,196.0101,196.09,194439
2026-08-11 11:52:00,196.08,196.14,195.64,195.83,160791
2026-08-11 11:53:00,195.8529,196.0,195.71,196.0,121252
2026-08-11 11:54:00,195.9601,196.39,195.9601,196.325,177467
2026-08-11 11:55:00,196.28,196.4,196.2501,196.35,84518
2026-08-11 11:56:00,196.3104,196.41,196.2,196.39,78280
2026-08-11 11:57:00,196.3828,196.55,196.2,196.52,106972
2026-08-11 11:58:00,196.4801,196.845,196.4801,196.845,144633
2026-08-11 11:59:00,196.84,197.01,196.78,196.86,169865
2026-08-11 12:00:00,196.875,196.93,196.647,196.88,114898
2026-08-11 12:01:00,196.885,197.12,196.81,196.9701,155587
2026-08-11 12:02:00,196.99,197.23,196.9701,197.12,118937
2026-08-11 12:03:00,197.06,197.16,196.9501,197.025,98020
2026-08-11 12:04:00,197.01,197.14,196.84,196.94,135297
2026-08-11 12:05:00,196.95,197.04,196.8,196.9401,84089
2026-08-11 12:06:00,196.96,197.12,196.7602,196.84,132634
2026-08-11 12:07:00,196.86,197.17,196.78,197.055,117473
2026-08-11 12:08:00,197.11,197.2484,197.0,197.06,110213
2026-08-11 12:09:00,197.03,197.05,196.9001,197.02,103121
2026-08-11 12:10:00,197.0,197.12,196.9108,197.01,118831
2026-08-11 12:11:00,197.0152,197.13,196.83,196.9,107952
2026-08-11 12:12:00,196.9,197.1,196.8801,197.01,85974
2026-08-11 12:13:00,196.99,197.08,196.9001,197.055,69056
2026-08-11 12:14:00,197.0653,197.1,196.89,196.89,87581
2026-08-11 12:15:00,196.92,197.05,196.88,196.94,64182
2026-08-11 12:16:00,196.93,197.03,196.5256,196.59,205718
2026-08-11 12:17:00,196.6,197.0,196.5915,197.0,142752
2026-08-11 12:18:00,196.98,197.1,196.77,197.08,112424
2026-08-11 12:19:00,197.0596,197.1,196.917,197.0699,82644
2026-08-11 12:20:00,197.06,197.2336,197.06,197.1842,94936
2026-08-11 12:21:00,197.185,197.27,196.97,197.26,88344
2026-08-11 12:22:00,197.27,197.67,197.255,197.3804,186482
2026-08-11 12:23:00,197.4004,197.5399,197.1202,197.1985,100901
2026-08-11 12:24:00,197.21,197.4399,197.1828,197.39,69006
2026-08-11 12:25:00,197.38,197.46,197.195,197.28,55905
2026-08-11 12:26:00,197.26,197.4252,197.14,197.335,88652
2026-08-11 12:27:00,197.34,197.39,197.21,197.2701,38356
2026-08-11 12:28:00,197.241,197.29,197.11,197.1814,50867
2026-08-11 12:29:00,197.19,197.3,197.08,197.2401,94184
2026-08-11 12:30:00,197.26,197.4,197.18,197.3,69472
2026-08-11 12:31:00,197.28,197.5334,197.22,197.34,82544
2026-08-11 12:32:00,197.38,197.6099,197.37,197.6099,66595
2026-08-11 12:33:00,197.56,197.77,197.55,197.68,115756
2026-08-11 12:34:00,197.6219,197.66,197.36,197.3799,95116
2026-08-11 12:35:00,197.36,197.46,197.16,197.365,79985
2026-08-11 12:36:00,197.3702,197.41,197.25,197.3351,68304
2026-08-11 12:37:00,197.3486,197.51,197.2,197.48,57559
2026-08-11 12:38:00,197.5,197.77,197.41,197.65,89253
2026-08-11 12:39:00,197.62,197.93,197.6,197.8415,1522260
2026-08-11 12:40:00,197.87,197.98,197.73,197.8,90992
2026-08-11 12:41:00,197.7869,197.8,197.31,197.42,116734
2026-08-11 12:42:00,197.43,197.64,197.335,197.519,53023
2026-08-11 12:43:00,197.5101,197.7,197.48,197.675,58986
2026-08-11 12:44:00,197.68,197.7208,197.55,197.6103,49121
2026-08-11 12:45:00,197.63,197.91,197.62,197.815,74511
2026-08-11 12:46:00,197.84,197.99,197.78,197.815,72532
2026-08-11 12:47:00,197.81,197.83,197.71,197.8,51359
2026-08-11 12:48:00,197.8,197.8,197.71,197.7601,41619
2026-08-11 12:49:00,197.7799,197.81,197.66,197.69,47325
2026-08-11 12:50:00,197.695,197.7,197.24,197.4662,115112
2026-08-11 12:51:00,197.44,197.4544,197.2501,197.28,61440
2026-08-11 12:52:00,197.27,197.33,197.15,197.32,69207
2026-08-11 12:53:00,197.3,197.45,197.26,197.35,75672
2026-08-11 12:54:00,197.34,197.48,197.2801,197.32,43571
2026-08-11 12:55:00,197.3662,197.4099,197.13,197.13,96747
2026-08-11 12:56:00,197.12,197.12,196.62,196.7895,207440
2026-08-11 12:57:00,196.79,196.79,196.57,196.7,100849
2026-08-11 12:58:00,196.6757,196.79,196.51,196.63,90566
2026-08-11 12:59:00,196.64,196.64,196.42,196.445,104636
2026-08-11 13:00:00,196.44,196.658,196.22,196.3,159413
2026-08-11 13:01:00,196.28,196.64,196.28,196.62,130250
2026-08-11 13:02:00,196.58,196.74,196.5101,196.6999,82944
2026-08-11 13:03:00,196.66,196.7,196.58,196.6979,47322
2026-08-11 13:04:00,196.699,196.78,196.54,196.5535,55098
2026-08-11 13:05:00,196.56,196.6487,196.41,196.5201,116998
2026-08-11 13:06:00,196.54,196.7395,196.5001,196.5396,62737
2026-08-11 13:07:00,196.5584,196.81,196.52,196.75,92854
2026-08-11 13:08:00,196.73,196.8,196.67,196.78,73789
2026-08-11 13:09:00,196.78,196.92,196.746,196.88,68288
2026-08-11 13:10:00,196.87,196.8786,196.6801,196.75,71689
2026-08-11 13:11:00,196.74,196.8,196.6,196.69,72065
2026-08-11 13:12:00,196.66,196.88,196.66,196.705,83533
2026-08-11 13:13:00,196.69,196.7892,196.53,196.66,71117
2026-08-11 13:14:00,196.635,197.07,196.635,197.02,182203
2026-08-11 13:15:00,197.03,197.24,196.9,196.975,132670
2026-08-11 13:16:00,197.0,197.2125,196.9908,197.11,56017
2026-08-11 13:17:00,197.1,197.15,197.05,197.09,74081
2026-08-11 13:18:00,197.07,197.25,197.065,197.25,61184
2026-08-11 13:19:00,197.23,197.45,197.18,197.4,103797
2026-08-11 13:20:00,197.37,197.43,197.29,197.4188,41448
2026-08-11 13:21:00,197.42,197.59,197.385,197.5,112822
2026-08-11 13:22:00,197.53,197.63,197.46,197.53,60899
2026-08-11 13:23:00,197.53,197.6,197.45,197.475,56444
2026-08-11 13:24:00,197.48,197.66,197.4639,197.63,67499
2026-08-11 13:25:00,197.63,197.635,197.32,197.475,125325
2026-08-11 13:26:00,197.46,197.46,197.14,197.36,83011
2026-08-11 13:27:00,197.35,197.42,197.28,197.3987,50153
2026-08-11 13:28:00,197.38,197.44,197.33,197.38,50197
2026-08-11 13:29:00,197.42,197.6,197.41,197.43,74506
2026-08-11 13:30:00,197.43,197.77,197.41,197.66,105395
2026-08-11 13:31:00,197.6501,197.73,197.5328,197.6119,42514
2026-08-11 13:32:00,197.63,197.72,197.5901,197.62,38180
2026-08-11 13:33:00,197.6201,197.75,197.53,197.6862,70513
2026-08-11 13:34:00,197.68,197.87,197.63,197.8301,78952
2026-08-11 13:35:00,197.8319,197.92,197.66,197.7699,68880
2026-08-11 13:36:00,197.765,197.8394,197.66,197.78,51046
2026-08-11 13:37:00,197.79,197.8029,197.59,197.67,74748
2026-08-11 13:38:00,197.67,197.67,197.4266,197.5701,120466
2026-08-11 13:39:00,197.5881,197.7777,197.55,197.7777,56073
2026-08-11 13:40:00,197.76,197.949,197.7278,197.915,92756
2026-08-11 13:41:00,197.92,197.9499,197.8101,197.82,61474
2026-08-11 13:42:00,197.83,197.84,197.65,197.75,88516
2026-08-11 13:43:00,197.735,197.7399,197.57,197.585,57223
2026-08-11 13:44:00,197.58,197.65,197.3601,197.53,129502
2026-08-11 13:45:00,197.53,197.69,197.48,197.65,48352
2026-08-11 13:46:00,197.6189,197.79,197.52,197.52,53692
2026-08-11 13:47:00,197.52,197.87,197.4801,197.86,73765
2026-08-11 13:48:00,197.83,197.86,197.67,197.71,57542
2026-08-11 13:49:00,197.7448,197.88,197.31,197.31,113955
2026-08-11 13:50:00,197.302,197.56,197.2218,197.45,133514
2026-08-11 13:51:00,197.45,197.54,197.3101,197.32,78676
2026-08-11 13:52:00,197.31,197.34,197.02,197.27,136927
2026-08-11 13:53:00,197.29,197.46,197.255,197.46,56679
2026-08-11 13:54:00,197.42,197.5448,197.3501,197.445,59784
2026-08-11 13:55:00,197.44,197.8399,197.4305,197.73,125337
2026-08-11 13:56:00,197.75,198.07,197.73,198.07,212943
2026-08-11 13:57:00,198.07,198.16,197.89,198.06,145888
2026-08-11 13:58:00,198.0484,198.1999,198.04,198.11,83769
2026-08-11 13:59:00,198.1,198.15,198.0201,198.08,67684
2026-08-11 14:00:00,198.1001,198.3,198.05,198.22,138354
2026-08-11 14:01:00,198.2205,198.2699,198.05,198.1,85153
2026-08-11 14:02:00,198.105,198.18,198.05,198.18,64245
2026-08-11 14:03:00,198.19,198.6,198.1801,198.48,354452
2026-08-11 14:04:00,198.505,198.63,198.4848,198.535,82190
2026-08-11 14:05:00,198.53,198.56,198.25,198.33,119585
2026-08-11 14:06:00,198.3024,198.48,198.3024,198.425,51249
2026-08-11 14:07:00,198.44,198.64,198.39,198.64,121944
2026-08-11 14:08:00,198.6101,198.7,198.52,198.6168,154058
2026-08-11 14:09:00,198.61,198.66,198.3301,198.3811,106850
2026-08-11 14:10:00,198.3788,198.46,198.3426,198.4199,48220
2026-08-11 14:11:00,198.38,198.3914,198.0,198.12,115782
2026-08-11 14:12:00,198.0909,198.28,198.07,198.215,41844
2026-08-11 14:13:00,198.215,198.41,198.15,198.4,65170
2026-08-11 14:14:00,198.4,198.5199,198.3768,198.45,52356
2026-08-11 14:15:00,198.41,198.6136,198.4,198.4648,59886
2026-08-11 14:16:00,198.45,198.57,198.4401,198.485,44101
2026-08-11 14:17:00,198.47,198.4706,198.19,198.33,72201
2026-08-11 14:18:00,198.3301,198.54,198.28,198.51,77098
2026-08-11 14:19:00,198.53,198.55,198.25,198.36,75044
2026-08-11 14:20:00,198.33,198.6867,198.2701,198.64,134323
2026-08-11 14:21:00,198.65,198.83,198.6439,198.73,136477
2026-08-11 14:22:00,198.7399,198.76,198.59,198.62,68022
2026-08-11 14:23:00,198.63,198.69,198.54,198.65,50754
2026-08-11 14:24:00,198.655,198.67,198.2101,198.2101,149079
2026-08-11 14:25:00,198.22,198.47,198.1801,198.31,88845
2026-08-11 14:26:00,198.31,198.4935,198.31,198.4117,150337
2026-08-11 14:27:00,198.43,198.67,198.39,198.59,91578
2026-08-11 14:28:00,198.61,198.78,198.55,198.62,89533
2026-08-11 14:29:00,198.59,198.67,198.47,198.53,55684
2026-08-11 14:30:00,198.47,198.47,198.2065,198.2065,92790
2026-08-11 14:31:00,198.2,198.29,198.11,198.21,95870
2026-08-11 14:32:00,198.22,198.24,198.0301,198.1,97813
2026-08-11 14:33:00,198.1,198.3,198.085,198.2806,159717
2026-08-11 14:34:00,198.2784,198.3,198.125,198.21,45601
2026-08-11 14:35:00,198.18,198.25,198.12,198.18,53642
2026-08-11 14:36:00,198.19,198.3,197.97,198.23,96938
2026-08-11 14:37:00,198.24,198.3799,198.06,198.12,94795
2026-08-11 14:38:00,198.12,198.239,198.09,198.23,33536
2026-08-11 14:39:00,198.21,198.39,198.15,198.2184,57298
2026-08-11 14:40:00,198.18,198.24,197.98,198.05,98175
2026-08-11 14:41:00,198.07,198.14,197.971,198.09,55760
2026-08-11 14:42:00,198.1,198.2091,198.09,198.145,38185
2026-08-11 14:43:00,198.145,198.2847,198.13,198.2309,75505
2026-08-11 14:44:00,198.25,198.25,198.13,198.185,42425
2026-08-11 14:45:00,198.2,198.3,198.15,198.23,84553
2026-08-11 14:46:00,198.2487,198.28,198.18,198.2,34927
2026-08-11 14:47:00,198.205,198.23,198.05,198.13,40568
2026-08-11 14:48:00,198.14,198.27,198.12,198.145,34584
2026-08-11 14:49:00,198.1404,198.25,198.13,198.19,31105
2026-08-11 14:50:00,198.185,198.32,198.1406,198.32,53820
2026-08-11 14:51:00,198.33,198.39,198.16,198.175,67812
2026-08-11 14:52:00,198.16,198.31,198.15,198.3,42614
2026-08-11 14:53:00,198.3,198.34,198.1,198.2627,61160
2026-08-11 14:54:00,198.25,198.27,198.17,198.26,24739
2026-08-11 14:55:00,198.245,198.3699,198.23,198.25,59107
2026-08-11 14:56:00,198.2664,198.32,198.195,198.24,50667
2026-08-11 14:57:00,198.25,198.32,198.13,198.13,64864
2026-08-11 14:58:00,198.14,198.28,198.0601,198.28,54355
2026-08-11 14:59:00,198.26,198.28,198.14,198.24,36533
2026-08-11 15:00:00,198.24,198.38,198.2,198.23,62458
2026-08-11 15:01:00,198.25,198.31,198.04,198.06,100979
2026-08-11 15:02:00,198.06,198.1099,197.83,197.9723,181926
2026-08-11 15:03:00,197.96,197.99,197.8371,197.91,76690
2026-08-11 15:04:00,197.91,198.0991,197.89,197.9899,70846
2026-08-11 15:05:00,197.9388,197.96,197.82,197.82,82785
2026-08-11 15:06:00,197.835,197.835,197.67,197.7499,123385
2026-08-11 15:07:00,197.7,197.79,197.69,197.735,57642
2026-08-11 15:08:00,197.72,197.7999,197.58,197.6,55152
2026-08-11 15:09:00,197.6,197.78,197.57,197.75,82112
2026-08-11 15:10:00,197.73,197.89,197.71,197.87,90149
2026-08-11 15:11:00,197.87,198.11,197.8401,198.0,91131
2026-08-11 15:12:00,198.01,198.1,197.95,197.95,56005
2026-08-11 15:13:00,197.95,197.95,197.65,197.65,896774
2026-08-11 15:14:00,197.64,197.67,197.5401,197.56,97351
2026-08-11 15:15:00,197.55,197.77,197.46,197.68,165258
2026-08-11 15:16:00,197.65,197.68,197.55,197.62,75399
2026-08-11 15:17:00,197.615,197.76,197.5865,197.72,79267
2026-08-11 15:18:00,197.75,197.8,197.66,197.78,39184
2026-08-11 15:19:00,197.785,197.85,197.6916,197.7,62061
2026-08-11 15:20:00,197.72,197.85,197.65,197.6595,61818
2026-08-11 15:21:00,197.64,197.83,197.63,197.69,86875
2026-08-11 15:22:00,197.68,197.7699,197.61,197.72,45775
2026-08-11 15:23:00,197.72,197.8,197.67,197.8,47666
2026-08-11 15:24:00,197.769,197.8775,197.73,197.75,64845
2026-08-11 15:25:00,197.75,197.8497,197.6805,197.74,50860
2026-08-11 15:26:00,197.735,197.85,197.7001,197.7374,63876
2026-08-11 15:27:00,197.74,197.79,197.63,197.79,56257
2026-08-11 15:28:00,197.78,197.84,197.7301,197.83,41730
2026-08-11 15:29:00,197.84,197.84,197.67,197.68,58440
2026-08-11 15:30:00,197.7,197.98,197.6759,197.83,122390
2026-08-11 15:31:00,197.8,197.88,197.67,197.82,54152
2026-08-11 15:32:00,197.8,197.97,197.73,197.91,76951
2026-08-11 15:33:00,197.93,197.96,197.77,197.84,78902
2026-08-11 15:34:00,197.85,198.0,197.81,197.93,84930
2026-08-11 15:35:00,197.88,198.26,197.87,198.15,180709
2026-08-11 15:36:00,198.16,198.27,198.02,198.11,114622
2026-08-11 15:37:00,198.13,198.24,198.0501,198.1001,118066
2026-08-11 15:38:00,198.105,198.11,197.93,197.97,90866
2026-08-11 15:39:00,197.96,198.13,197.89,198.0999,83000
2026-08-11 15:40:00,198.11,198.14,198.0301,198.09,68790
2026-08-11 15:41:00,198.11,198.22,197.84,197.88,224524
2026-08-11 15:42:00,197.852,197.9937,197.71,197.94,94355
2026-08-11 15:43:00,197.92,197.97,197.81,197.935,76790
2026-08-11 15:44:00,197.935,198.0,197.77,197.83,67532
2026-08-11 15:45:00,197.81,197.92,197.66,197.66,70506
2026-08-11 15:46:00,197.66,197.93,197.65,197.8101,71479
2026-08-11 15:47:00,197.825,197.825,197.69,197.74,69743
2026-08-11 15:48:00,197.73,197.77,197.5801,197.675,103192
2026-08-11 15:49:00,197.66,197.805,197.5999,197.8,82787
2026-08-11 15:50:00,197.75,197.94,197.61,197.62,143476
2026-08-11 15:51:00,197.64,197.64,197.4,197.55,152657
2026-08-11 15:52:00,197.52,197.52,197.27,197.3,116977
2026-08-11 15:53:00,197.3,197.3049,197.12,197.1933,135643
2026-08-11 15:54:00,197.205,197.46,197.07,197.36,232111
2026-08-11 15:55:00,197.33,197.59,197.33,197.41,183077
2026-08-11 15:56:00,197.4,197.43,197.1501,197.36,146993
2026-08-11 15:57:00,197.335,197.39,197.2736,197.31,123244
2026-08-11 15:58:00,197.32,197.47,197.3,197.36,193365
2026-08-11 15:59:00,197.36,197.55,197.31,197.51,432802
2026-08-12 09:30:00,198.47,198.77,197.53,197.88,536705
2026-08-12 09:31:00,197.9019,197.93,197.06,197.486,314806
2026-08-12 09:32:00,197.47,198.41,197.23,197.93,359255
2026-08-12 09:33:00,197.905,198.35,197.65,197.85,204341
2026-08-12 09:34:00,197.8678,198.45,197.56,197.6807,309519
2026-08-12 09:35:00,197.68,198.45,197.68,198.335,206890
2026-08-12 09:36:00,198.335,199.59,198.14,199.5501,720802
2026-08-12 09:37:00,199.54,200.1,199.27,199.7775,810347
2026-08-12 09:38:00,199.7672,200.15,199.7,200.1001,426117
2026-08-12 09:39:00,200.125,200.35,199.83,200.0,457622
2026-08-12 09:40:00,199.99,200.35,199.94,200.26,318348
2026-08-12 09:41:00,200.24,200.64,200.23,200.54,472975
2026-08-12 09:42:00,200.5786,200.8,200.29,200.74,415675
2026-08-12 09:43:00,200.76,201.64,200.74,201.52,695054
2026-08-12 09:44:00,201.5844,201.95,201.4756,201.535,533149
2026-08-12 09:45:00,201.55,202.1,201.5,202.04,543551
2026-08-12 09:46:00,202.02,202.66,202.02,202.62,520040
2026-08-12 09:47:00,202.6238,203.2,202.52,203.18,666447
2026-08-12 09:48:00,203.18,203.59,202.71,203.35,613026
2026-08-12 09:49:00,203.36,204.02,203.2301,203.962,656551
2026-08-12 09:50:00,203.96,204.0134,203.46,203.55,538332
2026-08-12 09:51:00,203.5599,203.5699,203.12,203.22,453881
2026-08-12 09:52:00,203.25,203.28,202.72,202.84,458867
2026-08-12 09:53:00,202.868,202.99,202.25,202.45,532089
2026-08-12 09:54:00,202.46,202.69,202.32,202.3725,389336
2026-08-12 09:55:00,202.39,202.75,201.9201,202.71,460085
2026-08-12 09:56:00,202.725,203.1199,202.59,202.99,523455
2026-08-12 09:57:00,202.96,203.33,202.8001,203.1,359582
2026-08-12 09:58:00,203.11,203.7999,202.9001,203.59,472390
2026-08-12 09:59:00,203.59,203.8,203.26,203.41,327500
2026-08-12 10:00:00,203.41,203.63,202.92,203.33,296180
2026-08-12 10:01:00,203.32,204.2174,203.32,203.9334,595576
2026-08-12 10:02:00,203.93,204.585,203.92,204.52,509075
2026-08-12 10:03:00,204.53,205.33,204.49,205.31,796558
2026-08-12 10:04:00,205.32,205.53,204.94,205.3901,522547
2026-08-12 10:05:00,205.4018,205.46,205.0,205.07,346317
2026-08-12 10:06:00,205.0774,205.43,204.95,205.1,407402
2026-08-12 10:07:00,205.101,205.2599,204.59,204.73,416655
2026-08-12 10:08:00,204.7925,205.13,204.59,205.03,309010
2026-08-12 10:09:00,205.04,205.1,204.3301,204.557,348809
2026-08-12 10:10:00,204.56,204.79,204.4,204.65,245680
2026-08-12 10:11:00,204.66,204.74,204.42,204.54,240227
2026-08-12 10:12:00,204.55,205.2299,204.54,205.066,346534
2026-08-12 10:13:00,205.06,205.08,204.47,204.56,265290
2026-08-12 10:14:00,204.52,204.89,204.51,204.745,181621
2026-08-12 10:15:00,204.75,205.179,204.72,204.96,313110
2026-08-12 10:16:00,204.975,205.25,204.6201,204.85,273504
2026-08-12 10:17:00,204.86,204.98,204.42,204.6,174880
2026-08-12 10:18:00,204.585,204.73,204.2,204.4001,281356
2026-08-12 10:19:00,204.415,204.97,204.4001,204.86,241016
2026-08-12 10:20:00,204.82,205.04,204.5601,204.91,227938
2026-08-12 10:21:00,204.9,205.02,204.65,204.805,189295
2026-08-12 10:22:00,204.8076,205.5,204.79,205.265,407223
2026-08-12 10:23:00,205.28,205.88,205.274,205.87,507945
2026-08-12 10:24:00,205.845,205.88,205.53,205.71,293686
2026-08-12 10:25:00,205.7,205.88,205.47,205.51,283830
2026-08-12 10:26:00,205.52,205.6,205.18,205.32,236828
2026-08-12 10:27:00,205.33,205.4,204.92,205.1,272958
2026-08-12 10:28:00,205.1,205.21,204.82,205.0375,186707
2026-08-12 10:29:00,205.02,205.22,204.82,205.11,202427
2026-08-12 10:30:00,205.08,205.09,204.33,204.5538,306245
2026-08-12 10:31:00,204.5797,204.5797,204.13,204.47,273200
2026-08-12 10:32:00,204.44,204.61,204.17,204.22,214538
2026-08-12 10:33:00,204.205,204.2695,203.73,204.16,326517
2026-08-12 10:34:00,204.15,204.33,203.93,204.285,229292
2026-08-12 10:35:00,204.28,204.48,204.0,204.179,259353
2026-08-12 10:36:00,204.175,204.78,204.15,204.64,210951
2026-08-12 10:37:00,204.625,204.68,204.4041,204.56,184176
2026-08-12 10:38:00,204.55,204.6699,204.3,204.41,126272
2026-08-12 10:39:00,204.4,204.59,204.08,204.5,253470
2026-08-12 10:40:00,204.4807,204.55,204.21,204.53,122282
2026-08-12 10:41:00,204.5491,204.6699,204.36,204.475,165976
2026-08-12 10:42:00,204.47,204.74,204.3,204.555,170493
2026-08-12 10:43:00,204.5401,204.589,204.32,204.589,114208
2026-08-12 10:44:00,204.56,204.71,204.39,204.56,162609
2026-08-12 10:45:00,204.575,204.74,204.41,204.74,159035
2026-08-12 10:46:00,204.7499,205.1899,204.73,205.1,368422
2026-08-12 10:47:00,205.1191,205.72,205.06,205.6,334624
2026-08-12 10:48:00,205.62,206.38,205.6101,206.36,633502
2026-08-12 10:49:00,206.33,206.59,206.2395,206.545,336205
2026-08-12 10:50:00,206.55,206.5902,206.2909,206.4,255937
2026-08-12 10:51:00,206.42,206.53,206.26,206.36,287288
2026-08-12 10:52:00,206.352,206.3699,206.1,206.2713,161618
2026-08-12 10:53:00,206.2301,206.47,206.2301,206.37,202997
2026-08-12 10:54:00,206.3607,206.41,206.01,206.08,212884
2026-08-12 10:55:00,206.056,206.13,205.8,205.85,197059
2026-08-12 10:56:00,205.84,205.88,205.7,205.785,134856
2026-08-12 10:57:00,205.73,205.96,205.67,205.715,144363
2026-08-12 10:58:00,205.71,205.93,205.601,205.67,164220
2026-08-12 10:59:00,205.65,205.76,205.38,205.6299,208397
2026-08-12 11:00:00,205.63,205.74,205.42,205.595,131178
2026-08-12 11:01:00,205.6082,205.7,205.42,205.5604,100904
2026-08-12 11:02:00,205.55,205.58,205.36,205.4622,122532
2026-08-12 11:03:00,205.44,205.47,205.2201,205.28,165298
2026-08-12 11:04:00,205.28,205.63,205.28,205.605,192876
2026-08-12 11:05:00,205.58,205.61,205.35,205.39,152766
2026-08-12 11:06:00,205.4,205.7,205.32,205.63,147273
2026-08-12 11:07:00,205.64,205.73,205.53,205.62,158223
2026-08-12 11:08:00,205.62,205.63,205.372,205.61,112045
2026-08-12 11:09:00,205.6,205.82,205.35,205.35,173990
2026-08-12 11:10:00,205.385,205.385,204.75,204.884,286860
2026-08-12 11:11:00,204.9,204.925,204.66,204.775,178995
2026-08-12 11:12:00,204.77,205.13,204.77,205.0647,200511
2026-08-12 11:13:00,205.07,205.2387,205.0007,205.18,102958
2026-08-12 11:14:00,205.2,205.272,205.0,205.0829,134238
2026-08-12 11:15:00,205.1,205.2,204.92,205.145,90616
2026-08-12 11:16:00,205.144,205.21,205.05,205.2,82191
2026-08-12 11:17:00,205.18,205.18,204.76,205.0,163013
2026-08-12 11:18:00,205.0064,205.22,204.96,205.205,108508
2026-08-12 11:19:00,205.2075,205.4,205.02,205.07,192509
2026-08-12 11:20:00,205.07,205.1,204.81,205.0718,158016
2026-08-12 11:21:00,205.08,205.09,204.66,204.7763,136007
2026-08-12 11:22:00,204.78,205.23,204.7404,205.11,144615
2026-08-12 11:23:00,205.12,205.2255,205.01,205.04,126795
2026-08-12 11:24:00,205.0695,205.09,204.701,204.76,138557
2026-08-12 11:25:00,204.7599,205.05,204.72,204.926,104603
2026-08-12 11:26:00,204.93,205.18,204.93,205.14,139303
2026-08-12 11:27:00,205.1199,205.14,204.7733,205.0395,143995
2026-08-12 11:28:00,205.0699,205.45,205.05,205.3396,233842
2026-08-12 11:29:00,205.2801,205.3999,205.23,205.32,184125
2026-08-12 11:30:00,205.315,205.585,204.81,204.88,317088
2026-08-12 11:31:00,204.85,205.05,204.52,204.53,277778
2026-08-12 11:32:00,204.55,204.73,204.46,204.65,178755
2026-08-12 11:33:00,204.65,204.65,204.33,204.4,153801
2026-08-12 11:34:00,204.4001,204.48,204.25,204.42,145837
2026-08-12 11:35:00,204.42,204.57,204.3201,204.4995,125040
2026-08-12 11:36:00,204.495,204.62,204.34,204.355,123132
2026-08-12 11:37:00,204.36,204.65,204.34,204.595,111107
2026-08-12 11:38:00,204.6,204.7899,204.5703,204.76,141667
2026-08-12 11:39:00,204.75,204.79,204.6,204.7,101473
2026-08-12 11:40:00,204.72,204.96,204.62,204.9053,159962
2026-08-12 11:41:00,204.8937,205.0696,204.8101,205.06,115292
2026-08-12 11:42:00,205.04,205.29,205.0,205.17,163712
2026-08-12 11:43:00,205.1801,205.28,205.0,205.25,136980
2026-08-12 11:44:00,205.2397,205.2399,205.0585,205.17,59561
2026-08-12 11:45:00,205.165,205.165,204.84,205.08,121474
2026-08-12 11:46:00,205.09,205.3,205.09,205.21,112936
2026-08-12 11:47:00,205.225,205.25,204.97,204.98,74055
2026-08-12 11:48:00,205.0099,205.085,204.92,205.085,57483
2026-08-12 11:49:00,205.09,205.1499,204.92,205.04,66520
2026-08-12 11:50:00,205.05,205.3,205.05,205.19,99977
2026-08-12 11:51:00,205.21,205.24,204.8101,204.82,146024
2026-08-12 11:52:00,204.83,205.0199,204.8,204.91,77560
2026-08-12 11:53:00,204.9173,204.93,204.71,204.74,88106
2026-08-12 11:54:00,204.75,205.0,204.75,204.96,96234
2026-08-12 11:55:00,204.95,205.22,204.85,205.18,133382
2026-08-12 11:56:00,205.15,205.16,204.9899,205.13,90236
2026-08-12 11:57:00,205.11,205.11,204.95,205.07,64592
2026-08-12 11:58:00,205.06,205.1,204.8747,205.05,83855
2026-08-12 11:59:00,205.0101,205.059,204.8385,204.89,55743
2026-08-12 12:00:00,204.89,204.9,204.63,204.755,150740
2026-08-12 12:01:00,204.7676,204.85,204.7341,204.765,66811
2026-08-12 12:02:00,204.77,204.77,204.51,204.7,93780
2026-08-12 12:03:00,204.6999,204.9,204.6201,204.76,99018
2026-08-12 12:04:00,204.79,204.97,204.71,204.93,106214
2026-08-12 12:05:00,204.938,204.97,204.85,204.88,94321
2026-08-12 12:06:00,204.875,204.89,204.72,204.77,88161
2026-08-12 12:07:00,204.7305,204.89,204.57,204.75,143413
2026-08-12 12:08:00,204.755,204.98,204.75,204.9279,73245
2026-08-12 12:09:00,204.925,205.09,204.795,204.83,159863
2026-08-12 12:10:00,204.85,204.85,204.67,204.785,103456
2026-08-12 12:11:00,204.8,204.89,204.76,204.84,63264
2026-08-12 12:12:00,204.84,205.02,204.82,204.97,98713
2026-08-12 12:13:00,204.98,205.22,204.93,205.2143,131931
2026-08-12 12:14:00,205.22,205.22,205.07,205.1704,63262
2026-08-12 12:15:00,205.19,205.3279,205.0401,205.075,150663
2026-08-12 12:16:00,205.075,205.46,205.0605,205.38,166155
2026-08-12 12:17:00,205.38,205.53,205.27,205.4232,102842
2026-08-12 12:18:00,205.42,205.5625,205.36,205.42,109250
2026-08-12 12:19:00,205.42,205.43,205.22,205.304,72877
2026-08-12 12:20:00,205.33,205.5,205.3,205.41,77629
2026-08-12 12:21:00,205.44,205.52,205.375,205.48,59889
2026-08-12 12:22:00,205.4799,205.48,205.35,205.42,56361
2026-08-12 12:23:00,205.41,205.4228,205.17,205.25,77882
2026-08-12 12:24:00,205.28,205.35,205.14,205.35,93016
2026-08-12 12:25:00,205.35,205.49,205.2924,205.355,77086
2026-08-12 12:26:00,205.3635,205.43,205.28,205.395,77994
2026-08-12 12:27:00,205.38,205.55,205.38,205.4999,87883
2026-08-12 12:28:00,205.5,205.53,205.3,205.34,80736
2026-08-12 12:29:00,205.33,205.39,205.2501,205.335,37235
2026-08-12 12:30:00,205.3499,205.35,204.5,205.0001,121086
2026-08-12 12:31:00,205.015,205.2075,204.92,205.18,93603
2026-08-12 12:32:00,205.1283,205.24,205.105,205.19,58887
2026-08-12 12:33:00,205.2164,205.335,205.15,205.31,68147
2026-08-12 12:34:00,205.32,205.36,205.29,205.35,57012
2026-08-12 12:35:00,205.3575,205.42,205.2,205.27,78439
2026-08-12 12:36:00,205.2731,205.49,205.27,205.46,61576
2026-08-12 12:37:00,205.42,205.5,205.3742,205.46,69833
2026-08-12 12:38:00,205.48,205.7799,205.46,205.7099,182222
2026-08-12 12:39:00,205.69,205.9799,205.66,205.85,150095
2026-08-12 12:40:00,205.86,206.09,205.84,206.0401,195396
2026-08-12 12:41:00,206.06,206.11,205.952,206.0,147351
2026-08-12 12:42:00,206.0197,206.15,205.96,206.025,104445
2026-08-12 12:43:00,206.025,206.24,205.96,206.15,135908
2026-08-12 12:44:00,206.16,206.2699,206.14,206.17,136372
2026-08-12 12:45:00,206.17,206.24,206.048,206.11,106016
2026-08-12 12:46:00,206.13,206.2,206.0616,206.17,83483
2026-08-12 12:47:00,206.18,206.22,206.06,206.155,78289
2026-08-12 12:48:00,206.16,206.19,206.0565,206.16,66657
2026-08-12 12:49:00,206.1591,206.4,206.11,206.3805,132948
2026-08-12 12:50:00,206.41,206.72,206.3701,206.64,277318
2026-08-12 12:51:00,206.66,206.71,206.53,206.62,186789
2026-08-12 12:52:00,206.6192,206.65,206.56,206.62,65586
2026-08-12 12:53:00,206.6036,206.66,206.57,206.595,83554
2026-08-12 12:54:00,206.58,206.595,206.39,206.3998,129349
2026-08-12 12:55:00,206.41,206.53,206.41,206.51,74658
2026-08-12 12:56:00,206.53,206.64,206.47,206.5501,99351
2026-08-12 12:57:00,206.57,206.69,206.52,206.59,129879
2026-08-12 12:58:00,206.59,206.61,206.2501,206.325,143872
2026-08-12 12:59:00,206.3377,206.45,206.31,206.4195,94591
2026-08-12 13:00:00,206.43,206.43,206.3195,206.36,83312
2026-08-12 13:01:00,206.36,206.45,206.34,206.39,55804
2026-08-12 13:02:00,206.4096,206.56,206.4096,206.5299,86884
2026-08-12 13:03:00,206.5296,206.55,206.37,206.41,90249
2026-08-12 13:04:00,206.43,206.54,206.4,206.4201,63307
2026-08-12 13:05:00,206.41,206.435,206.2601,206.3,117285
2026-08-12 13:06:00,206.31,206.61,206.26,206.59,511871
2026-08-12 13:07:00,206.5899,206.5899,206.43,206.51,93627
2026-08-12 13:08:00,206.5,206.99,206.5,206.93,264327
2026-08-12 13:09:00,206.96,207.53,206.9401,207.385,473771
2026-08-12 13:10:00,207.35,207.48,207.28,207.35,176235
2026-08-12 13:11:00,207.3307,207.9,207.3,207.87,272204
2026-08-12 13:12:00,207.84,208.19,207.8318,208.0075,346246
2026-08-12 13:13:00,208.0126,208.18,207.8604,208.14,193881
2026-08-12 13:14:00,208.1499,208.49,208.1499,208.3485,249377
2026-08-12 13:15:00,208.35,208.46,208.25,208.38,227630
2026-08-12 13:16:00,208.38,208.38,208.01,208.09,181757
2026-08-12 13:17:00,208.055,208.0785,207.8301,207.9,187551
2026-08-12 13:18:00,207.895,208.15,207.8801,208.05,132545
2026-08-12 13:19:00,208.02,208.28,208.01,208.25,113782
2026-08-12 13:20:00,208.25,208.29,208.095,208.115,96445
2026-08-12 13:21:00,208.11,208.26,208.05,208.11,121666
2026-08-12 13:22:00,208.1101,208.135,208.0,208.025,122516
2026-08-12 13:23:00,208.04,208.0705,207.84,207.97,141190
2026-08-12 13:24:00,207.96,207.998,207.8401,207.875,106110
2026-08-12 13:25:00,207.87,207.91,207.51,207.6,197698
2026-08-12 13:26:00,207.6,207.65,207.35,207.51,169627
2026-08-12 13:27:00,207.5261,207.5261,207.27,207.4005,120283
2026-08-12 13:28:00,207.4445,207.64,207.4338,207.57,102215
2026-08-12 13:29:00,207.5501,207.67,207.42,207.52,98037
2026-08-12 13:30:00,207.53,207.62,207.3201,207.34,136282
2026-08-12 13:31:00,207.335,207.44,207.26,207.415,108326
2026-08-12 13:32:00,207.42,207.6,207.37,207.4469,159528
2026-08-12 13:33:00,207.46,207.52,207.12,207.24,146982
2026-08-12 13:34:00,207.2446,207.25,206.87,207.01,172120
2026-08-12 13:35:00,206.994,207.13,206.91,207.12,104304
2026-08-12 13:36:00,207.1,207.23,207.02,207.0883,122745
2026-08-12 13:37:00,207.09,207.15,207.02,207.1399,72725
2026-08-12 13:38:00,207.13,207.29,207.04,207.1,108576
2026-08-12 13:39:00,207.11,208.11,206.92,207.0301,115006
2026-08-12 13:40:00,207.02,207.05,206.87,206.905,80527
2026-08-12 13:41:00,206.9,207.05,206.9,207.02,50028
2026-08-12 13:42:00,207.035,207.035,206.9,207.01,40597
2026-08-12 13:43:00,206.99,207.2,206.97,207.18,92572
2026-08-12 13:44:00,207.1895,207.35,207.01,207.04,146359
2026-08-12 13:45:00,207.0586,207.15,207.01,207.03,74061
2026-08-12 13:46:00,207.0275,207.06,205.78,206.07,382860
2026-08-12 13:47:00,206.09,206.22,205.79,206.06,210266
2026-08-12 13:48:00,206.09,206.4,206.0504,206.4,134444
2026-08-12 13:49:00,206.43,206.52,206.26,206.5099,308272
2026-08-12 13:50:00,206.4809,206.6,206.18,206.18,125624
2026-08-12 13:51:00,206.2115,206.36,206.16,206.28,85711
2026-08-12 13:52:00,206.25,206.46,206.25,206.33,79673
2026-08-12 13:53:00,206.34,206.3999,206.22,206.29,56520
2026-08-12 13:54:00,206.31,206.4997,206.2933,206.43,103047
2026-08-12 13:55:00,206.42,206.725,206.4,206.63,174959
2026-08-12 13:56:00,206.63,206.78,206.5434,206.57,134318
2026-08-12 13:57:00,206.55,206.65,206.41,206.465,87533
2026-08-12 13:58:00,206.467,206.5999,206.34,206.35,61734
2026-08-12 13:59:00,206.3601,206.64,206.2601,206.6201,85795
2026-08-12 14:00:00,206.625,206.637,206.32,206.42,75591
2026-08-12 14:01:00,206.44,206.624,206.37,206.3874,76595
2026-08-12 14:02:00,206.4,206.4868,206.22,206.4301,119839
2026-08-12 14:03:00,206.44,206.46,206.22,206.42,84706
2026-08-12 14:04:00,206.4,206.44,206.335,206.3925,49719
2026-08-12 14:05:00,206.395,206.4696,206.265,206.37,93521
2026-08-12 14:06:00,206.39,206.46,206.15,206.24,123619
2026-08-12 14:07:00,206.24,206.3,205.93,206.1,144740
2026-08-12 14:08:00,206.12,206.315,206.09,206.26,114168
2026-08-12 14:09:00,206.25,206.455,206.24,206.42,102166
2026-08-12 14:10:00,206.415,206.4399,206.26,206.33,75943
2026-08-12 14:11:00,206.35,206.35,206.085,206.1475,65810
2026-08-12 14:12:00,206.14,206.3299,206.13,206.26,74186
2026-08-12 14:13:00,206.26,206.31,206.1701,206.3,48164
2026-08-12 14:14:00,206.305,206.39,206.2469,206.3301,109831
2026-08-12 14:15:00,206.3397,206.4,206.2432,206.2608,86759
2026-08-12 14:16:00,206.28,206.3,206.25,206.27,26701
2026-08-12 14:17:00,206.27,206.29,205.85,205.975,211369
2026-08-12 14:18:00,205.9601,206.18,205.81,206.115,132874
2026-08-12 14:19:00,206.13,206.38,206.125,206.33,142201
2026-08-12 14:20:00,206.32,206.64,206.25,206.5516,199593
2026-08-12 14:21:00,206.56,206.7,206.46,206.66,149560
2026-08-12 14:22:00,206.64,206.68,206.56,206.6399,78705
2026-08-12 14:23:00,206.63,206.8799,206.62,206.8303,192663
2026-08-12 14:24:00,206.85,207.0555,206.85,207.0,160768
2026-08-12 14:25:00,207.0,207.09,206.9703,207.05,125544
2026-08-12 14:26:00,207.07,207.1,206.95,206.99,83633
2026-08-12 14:27:00,206.99,207.01,206.915,207.0099,52865
2026-08-12 14:28:00,206.98,207.07,206.96,207.05,86208
2026-08-12 14:29:00,207.03,207.07,206.97,207.06,128556
2026-08-12 14:30:00,207.06,207.07,206.97,206.98,49694
2026-08-12 14:31:00,206.97,207.04,206.97,207.0101,60495
2026-08-12 14:32:00,207.01,207.07,206.97,207.0,60034
2026-08-12 14:33:00,207.0,207.05,206.8,207.0,183523
2026-08-12 14:34:00,207.0033,207.09,206.93,206.965,102889
2026-08-12 14:35:00,206.98,207.17,206.97,207.0699,123942
2026-08-12 14:36:00,207.06,207.1,206.98,207.05,59208
2026-08-12 14:37:00,207.05,207.11,206.9925,207.01,61312
2026-08-12 14:38:00,207.02,207.1,206.97,207.06,51325
2026-08-12 14:39:00,207.09,207.28,207.03,207.1,163142
2026-08-12 14:40:00,207.09,207.15,206.94,206.9404,60855
2026-08-12 14:41:00,206.95,207.04,206.82,206.88,77483
2026-08-12 14:42:00,206.86,206.9,206.76,206.8275,75629
2026-08-12 14:43:00,206.8354,206.97,206.8,206.9376,72298
2026-08-12 14:44:00,206.93,206.98,206.88,206.95,46953
2026-08-12 14:45:00,206.92,207.15,206.9001,207.0301,140232
2026-08-12 14:46:00,207.03,207.08,206.91,206.98,83440
2026-08-12 14:47:00,206.972,206.99,206.8,206.935,81667
2026-08-12 14:48:00,206.95,207.1099,206.95,207.08,72756
2026-08-12 14:49:00,207.1,207.1143,207.0,207.08,83435
2026-08-12 14:50:00,207.08,207.18,206.99,207.14,84110
2026-08-12 14:51:00,207.1406,207.1406,206.84,206.92,106387
2026-08-12 14:52:00,206.92,207.11,206.89,207.0799,63272
2026-08-12 14:53:00,207.065,207.11,207.01,207.08,51414
2026-08-12 14:54:00,207.075,207.14,207.0601,207.1032,40221
2026-08-12 14:55:00,207.09,207.1799,207.0201,207.03,89497
2026-08-12 14:56:00,207.0201,207.1,207.0,207.06,45199
2026-08-12 14:57:00,207.04,207.1,207.0,207.031,48497
2026-08-12 14:58:00,207.05,207.25,207.01,207.19,100207
2026-08-12 14:59:00,207.2,207.44,207.2,207.41,208192
2026-08-12 15:00:00,207.41,207.44,207.21,207.3234,138143
2026-08-12 15:01:00,207.313,207.43,207.29,207.36,75124
2026-08-12 15:02:00,207.37,207.415,207.1901,207.21,91530
2026-08-12 15:03:00,207.205,207.245,207.11,207.17,93417
2026-08-12 15:04:00,207.17,207.2,206.89,206.985,160011
2026-08-12 15:05:00,206.9752,206.98,206.57,206.69,199206
2026-08-12 15:06:00,206.7,206.89,206.685,206.83,145856
2026-08-12 15:07:00,206.815,207.04,206.8,207.0399,99501
2026-08-12 15:08:00,207.02,207.24,206.9,207.02,151962
2026-08-12 15:09:00,207.035,207.1,206.76,206.78,70952
2026-08-12 15:10:00,206.8,206.8347,206.67,206.725,101511
2026-08-12 15:11:00,206.725,206.8399,206.62,206.79,110332
2026-08-12 15:12:00,206.77,206.8899,206.75,206.875,65791
2026-08-12 15:13:00,206.87,206.899,206.72,206.8198,77574
2026-08-12 15:14:00,206.8,206.96,206.64,206.65,103327
2026-08-12 15:15:00,206.64,206.8469,206.64,206.79,67550
2026-08-12 15:16:00,206.8099,206.8099,206.61,206.67,58707
2026-08-12 15:17:00,206.67,206.71,206.4101,206.58,165895
2026-08-12 15:18:00,206.5786,206.5899,206.46,206.5109,78576
2026-08-12 15:19:00,206.5,206.54,206.3601,206.5316,97383
2026-08-12 15:20:00,206.54,206.5699,206.31,206.3705,116986
2026-08-12 15:21:00,206.3793,206.4,206.05,206.11,141470
2026-08-12 15:22:00,206.105,206.41,206.105,206.37,166187
2026-08-12 15:23:00,206.3501,206.64,206.34,206.61,110261
2026-08-12 15:24:00,206.61,206.7804,206.5301,206.7804,123755
2026-08-12 15:25:00,206.78,206.87,206.575,206.6199,165676
2026-08-12 15:26:00,206.6277,206.69,206.47,206.47,96283
2026-08-12 15:27:00,206.525,206.57,206.31,206.3529,98619
2026-08-12 15:28:00,206.35,206.56,206.35,206.5499,74459
2026-08-12 15:29:00,206.54,206.85,206.54,206.8301,130533
2026-08-12 15:30:00,206.84,207.05,206.75,207.04,233875
2026-08-12 15:31:00,207.01,207.155,206.93,207.12,154339
2026-08-12 15:32:00,207.12,207.21,207.03,207.1894,102686
2026-08-12 15:33:00,207.1881,207.19,206.9605,207.08,119122
2026-08-12 15:34:00,207.08,207.18,207.0301,207.138,74015
2026-08-12 15:35:00,207.1201,207.41,207.11,207.2601,189231
2026-08-12 15:36:00,207.28,207.46,207.27,207.285,116103
2026-08-12 15:37:00,207.28,207.329,207.1601,207.3,77251
2026-08-12 15:38:00,207.28,207.29,207.1,207.14,87743
2026-08-12 15:39:00,207.16,207.3799,207.02,207.35,170777
2026-08-12 15:40:00,207.34,207.54,207.28,207.42,208028
2026-08-12 15:41:00,207.39,207.43,207.25,207.41,123567
2026-08-12 15:42:00,207.4,207.54,207.3144,207.48,247610
2026-08-12 15:43:00,207.49,207.65,207.44,207.64,223662
2026-08-12 15:44:00,207.63,207.87,207.6201,207.84,164958
2026-08-12 15:45:00,207.835,208.01,207.78,207.97,209623
2026-08-12 15:46:00,207.94,208.03,207.89,207.95,131629
2026-08-12 15:47:00,207.97,208.03,207.8301,207.84,138529
2026-08-12 15:48:00,207.85,207.98,207.72,207.885,173756
2026-08-12 15:49:00,207.88,208.15,207.82,208.0994,206503
2026-08-12 15:50:00,208.08,208.42,207.96,208.18,243651
2026-08-12 15:51:00,208.1999,208.39,208.11,208.26,181938
2026-08-12 15:52:00,208.2799,208.33,208.1301,208.205,163987
2026-08-12 15:53:00,208.21,208.21,207.9,207.91,233384
2026-08-12 15:54:00,207.905,207.91,207.62,207.8,268889
2026-08-12 15:55:00,207.8,207.84,207.28,207.575,263341
2026-08-12 15:56:00,207.59,207.69,207.47,207.68,202697
2026-08-12 15:57:00,207.68,207.895,207.57,207.86,300068
2026-08-12 15:58:00,207.84,208.09,207.74,208.055,374899
2026-08-12 15:59:00,208.05,208.19,207.84,207.93,730842
2026-08-13 09:30:00,207.39,208.2986,207.38,208.04,667398
2026-08-13 09:31:00,208.04,208.44,206.7701,206.95,428368
2026-08-13 09:32:00,206.9397,207.62,206.47,206.6,317643
2026-08-13 09:33:00,206.576,206.83,206.14,206.23,357738
2026-08-13 09:34:00,206.21,206.78,206.02,206.03,356271
2026-08-13 09:35:00,206.01,206.0365,204.93,205.05,773194
2026-08-13 09:36:00,205.051,205.3499,204.66,204.8,594928
2026-08-13 09:37:00,204.81,205.47,204.66,205.28,480896
2026-08-13 09:38:00,205.25,205.88,205.11,205.22,446393
2026-08-13 09:39:00,205.2199,205.66,205.1,205.3375,223558
2026-08-13 09:40:00,205.3226,205.88,205.3,205.538,377945
2026-08-13 09:41:00,205.54,205.72,204.4112,204.515,587979
2026-08-13 09:42:00,204.5399,204.8699,203.67,203.69,619223
2026-08-13 09:43:00,203.71,204.1299,203.41,203.4301,408088
2026-08-13 09:44:00,203.445,203.62,203.09,203.15,431806
2026-08-13 09:45:00,203.18,204.07,203.04,203.9424,482781
2026-08-13 09:46:00,203.93,204.32,203.92,204.245,488688
2026-08-13 09:47:00,204.25,204.5,204.13,204.4242,272704
2026-08-13 09:48:00,204.38,204.58,203.76,203.95,273765
2026-08-13 09:49:00,203.89,204.28,203.51,203.58,245552
2026-08-13 09:50:00,203.61,203.9,202.6301,202.8001,567752
2026-08-13 09:51:00,202.7753,203.5494,202.748,203.145,403426
2026-08-13 09:52:00,203.1305,203.27,202.4,202.62,401693
2026-08-13 09:53:00,202.66,202.99,202.58,202.68,298865
2026-08-13 09:54:00,202.69,203.34,202.33,202.38,455035
2026-08-13 09:55:00,202.39,202.56,202.04,202.1199,357749
2026-08-13 09:56:00,202.09,202.68,202.07,202.46,272924
2026-08-13 09:57:00,202.4301,202.66,202.2052,202.54,196696
2026-08-13 09:58:00,202.52,202.96,202.52,202.88,297015
2026-08-13 09:59:00,202.8401,203.1,202.57,202.77,317988
2026-08-13 10:00:00,202.85,203.3396,202.57,203.22,312181
2026-08-13 10:01:00,203.225,203.6399,203.12,203.48,255720
2026-08-13 10:02:00,203.47,203.6,202.93,203.2199,263114
2026-08-13 10:03:00,203.21,203.32,202.91,203.085,125128
2026-08-13 10:04:00,203.06,203.55,203.06,203.51,196467
2026-08-13 10:05:00,203.51,203.82,203.38,203.415,290698
2026-08-13 10:06:00,203.44,203.6999,202.71,202.8407,289117
2026-08-13 10:07:00,202.8499,202.8499,202.27,202.4253,262948
2026-08-13 10:08:00,202.415,202.98,202.415,202.76,242849
2026-08-13 10:09:00,202.7422,203.07,202.6,202.65,150633
2026-08-13 10:10:00,202.67,202.8399,202.2,202.255,281843
2026-08-13 10:11:00,202.23,202.23,201.4,201.44,651536
2026-08-13 10:12:00,201.46,201.9699,201.4255,201.72,272911
2026-08-13 10:13:00,201.735,201.81,201.44,201.5042,179688
2026-08-13 10:14:00,201.51,202.2799,201.48,201.97,334816
2026-08-13 10:15:00,201.965,202.1,201.65,201.75,198767
2026-08-13 10:16:00,201.78,201.9,201.35,201.763,260791
2026-08-13 10:17:00,201.7787,201.93,201.4501,201.82,207786
2026-08-13 10:18:00,201.82,202.09,201.6901,202.05,222297
2026-08-13 10:19:00,202.02,202.39,201.94,202.21,287520
2026-08-13 10:20:00,202.14,202.48,202.0475,202.23,191506
2026-08-13 10:21:00,202.29,202.47,201.788,201.84,193294
2026-08-13 10:22:00,201.83,201.9064,201.5225,201.5243,198977
2026-08-13 10:23:00,201.5392,202.16,201.5392,202.03,316467
2026-08-13 10:24:00,202.09,202.09,201.71,201.9278,135162
2026-08-13 10:25:00,201.905,201.93,201.42,201.62,253436
2026-08-13 10:26:00,201.6,201.6699,200.49,200.9999,601572
2026-08-13 10:27:00,200.97,201.5,200.8038,201.325,368925
2026-08-13 10:28:00,201.36,201.47,201.2,201.32,173006
2026-08-13 10:29:00,201.37,201.86,201.26,201.7222,250323
2026-08-13 10:30:00,201.68,202.079,201.59,202.0132,242644
2026-08-13 10:31:00,202.03,202.08,201.31,201.4699,260553
2026-08-13 10:32:00,201.41,201.51,200.75,200.8701,328261
2026-08-13 10:33:00,200.88,201.1199,200.53,200.53,293573
2026-08-13 10:34:00,200.55,200.6499,200.0,200.23,494442
2026-08-13 10:35:00,200.26,200.48,200.1,200.42,263377
2026-08-13 10:36:00,200.4305,200.68,200.07,200.12,330092
2026-08-13 10:37:00,200.1,200.62,200.09,200.2501,279451
2026-08-13 10:38:00,200.282,200.282,199.81,200.1599,627722
2026-08-13 10:39:00,200.18,200.71,200.045,200.5705,364755
2026-08-13 10:40:00,200.54,200.92,200.45,200.914,235688
2026-08-13 10:41:00,200.9013,201.0692,200.8,200.8801,233950
2026-08-13 10:42:00,200.915,200.97,200.58,200.8,165320
2026-08-13 10:43:00,200.79,200.79,200.2736,200.5799,169797
2026-08-13 10:44:00,200.5799,200.75,200.4501,200.7,143547
2026-08-13 10:45:00,200.7,200.85,200.4501,200.69,148171
2026-08-13 10:46:00,200.71,200.88,200.37,200.64,176492
2026-08-13 10:47:00,200.648,201.2,200.63,201.15,281869
2026-08-13 10:48:00,201.18,201.2999,201.0201,201.17,169493
2026-08-13 10:49:00,201.1958,201.5599,201.1405,201.45,234450
2026-08-13 10:50:00,201.41,201.66,201.29,201.61,212832
2026-08-13 10:51:00,201.59,201.59,201.2,201.31,159303
2026-08-13 10:52:00,201.34,201.58,201.2,201.4,183098
2026-08-13 10:53:00,201.38,201.88,201.38,201.86,172026
2026-08-13 10:54:00,201.86,201.93,201.72,201.9,215768
2026-08-13 10:55:00,201.895,202.206,201.84,202.1664,236553
2026-08-13 10:56:00,202.185,202.3,201.95,202.0,236590
2026-08-13 10:57:00,201.99,202.1499,201.8,201.84,193669
2026-08-13 10:58:00,201.82,202.14,201.78,202.12,209592
2026-08-13 10:59:00,202.1,202.2,202.0201,202.17,125035
2026-08-13 11:00:00,202.1786,202.345,201.98,202.1679,154094
2026-08-13 11:01:00,202.2099,202.2599,201.9,201.93,151673
2026-08-13 11:02:00,201.936,202.06,201.8508,201.9899,102721
2026-08-13 11:03:00,201.98,202.1494,201.9,202.01,97762
2026-08-13 11:04:00,202.028,202.13,201.8504,201.9669,108604
2026-08-13 11:05:00,201.98,202.0499,201.46,201.49,257606
2026-08-13 11:06:00,201.465,201.6,201.33,201.5638,150443
2026-08-13 11:07:00,201.579,201.58,201.0,201.08,204198
2026-08-13 11:08:00,201.0651,201.23,200.8281,201.0401,199447
2026-08-13 11:09:00,201.03,201.32,201.01,201.24,154222
2026-08-13 11:10:00,201.25,201.54,201.23,201.5141,130560
2026-08-13 11:11:00,201.5298,201.7694,201.5201,201.6501,174603
2026-08-13 11:12:00,201.6501,201.86,201.6401,201.7,163210
2026-08-13 11:13:00,201.729,201.9659,201.66,201.91,99654
2026-08-13 11:14:00,201.879,202.05,201.85,202.05,105248
2026-08-13 11:15:00,202.08,202.08,201.72,201.77,142166
2026-08-13 11:16:00,201.7924,201.96,201.6652,201.9152,100101
2026-08-13 11:17:00,201.9399,201.96,201.71,201.78,92286
2026-08-13 11:18:00,201.7607,201.8124,201.5,201.5001,149445
2026-08-13 11:19:00,201.51,201.79,201.5075,201.74,126511
2026-08-13 11:20:00,201.74,201.819,201.6335,201.7101,80407
2026-08-13 11:21:00,201.7001,201.7522,201.55,201.6001,68353
2026-08-13 11:22:00,201.62,201.6399,201.34,201.49,121192
2026-08-13 11:23:00,201.465,201.8046,201.4411,201.7079,159272
2026-08-13 11:24:00,201.7,201.72,201.6,201.61,71273
2026-08-13 11:25:00,201.62,201.8894,201.6028,201.83,109639
2026-08-13 11:26:00,201.84,201.9999,201.71,201.94,108154
2026-08-13 11:27:00,201.93,201.9599,201.78,201.9,60427
2026-08-13 11:28:00,201.8909,202.18,201.88,202.0489,139068
2026-08-13 11:29:00,202.03,202.07,201.905,202.07,74945
2026-08-13 11:30:00,202.07,202.2899,201.9801,202.23,193861
2026-08-13 11:31:00,202.22,202.2699,202.1154,202.25,99864
2026-08-13 11:32:00,202.2304,202.3,202.12,202.2201,102195
2026-08-13 11:33:00,202.24,202.3592,202.09,202.2801,145322
2026-08-13 11:34:00,202.2972,202.48,202.25,202.29,140192
2026-08-13 11:35:00,202.3001,202.4098,202.04,202.15,140950
2026-08-13 11:36:00,202.11,202.1899,201.95,201.98,120319
2026-08-13 11:37:00,201.985,202.04,201.88,202.01,167872
2026-08-13 11:38:00,202.01,202.08,201.91,202.0,114018
2026-08-13 11:39:00,202.0,202.2898,201.99,202.1319,110481
2026-08-13 11:40:00,202.16,202.3,202.0,202.275,89267
2026-08-13 11:41:00,202.28,202.38,202.23,202.34,135607
2026-08-13 11:42:00,202.355,202.36,202.15,202.2742,115315
2026-08-13 11:43:00,202.2301,202.2695,202.12,202.1895,78575
2026-08-13 11:44:00,202.175,202.33,202.13,202.18,99243
2026-08-13 11:45:00,202.1701,202.32,202.1301,202.145,106836
2026-08-13 11:46:00,202.169,202.2699,202.15,202.2244,63221
2026-08-13 11:47:00,202.25,202.28,202.1,202.1401,98546
2026-08-13 11:48:00,202.16,202.28,202.07,202.1338,133013
2026-08-13 11:49:00,202.12,202.2,201.81,201.9,165087
2026-08-13 11:50:00,201.9,202.09,201.83,202.05,112699
2026-08-13 11:51:00,202.07,202.4499,202.0508,202.4276,182828
2026-08-13 11:52:00,202.42,202.6,202.365,202.5107,178316
2026-08-13 11:53:00,202.52,202.6399,202.4,202.5515,163501
2026-08-13 11:54:00,202.55,202.71,202.53,202.71,100784
2026-08-13 11:55:00,202.705,202.8699,202.67,202.8415,139723
2026-08-13 11:56:00,202.8488,203.12,202.8265,203.0899,222204
2026-08-13 11:57:00,203.06,203.21,203.04,203.18,164067
2026-08-13 11:58:00,203.1815,203.35,203.14,203.28,129556
2026-08-13 11:59:00,203.28,203.3,203.08,203.1286,133523
2026-08-13 12:00:00,203.1184,203.23,202.93,203.0499,177052
2026-08-13 12:01:00,203.0201,203.1388,202.91,203.0,90766
2026-08-13 12:02:00,203.0099,203.0449,202.5953,202.7499,210002
2026-08-13 12:03:00,202.73,202.74,202.58,202.6502,120770
2026-08-13 12:04:00,202.66,202.86,202.63,202.6847,129131
2026-08-13 12:05:00,202.72,202.8085,202.6501,202.73,65682
2026-08-13 12:06:00,202.735,202.88,202.7201,202.8038,119459
2026-08-13 12:07:00,202.8001,203.1061,202.8001,202.8601,134272
2026-08-13 12:08:00,202.85,202.96,202.74,202.79,79060
2026-08-13 12:09:00,202.74,202.87,202.68,202.7132,112156
2026-08-13 12:10:00,202.68,202.71,202.4601,202.62,150620
2026-08-13 12:11:00,202.6,202.7096,202.48,202.525,69846
2026-08-13 12:12:00,202.5101,202.79,202.5101,202.705,56749
2026-08-13 12:13:00,202.72,202.7788,202.46,202.526,88224
2026-08-13 12:14:00,202.5396,202.54,202.3,202.34,146345
2026-08-13 12:15:00,202.3466,202.5181,202.29,202.3,158886
2026-08-13 12:16:00,202.3101,202.3899,201.85,201.9163,241082
2026-08-13 12:17:00,201.96,201.96,201.56,201.64,210800
2026-08-13 12:18:00,201.6899,201.78,201.58,201.64,92909
2026-08-13 12:19:00,201.66,201.72,201.55,201.5669,101561
2026-08-13 12:20:00,201.5843,201.73,201.5,201.6973,120765
2026-08-13 12:21:00,201.6966,201.7599,201.3469,201.4296,146576
2026-08-13 12:22:00,201.3985,201.4199,201.07,201.1401,171250
2026-08-13 12:23:00,201.1595,201.1599,200.2,200.22,341811
2026-08-13 12:24:00,200.26,200.27,200.01,200.2,281851
2026-08-13 12:25:00,200.1889,200.38,200.06,200.15,181266
2026-08-13 12:26:00,200.12,200.46,200.1,200.3,164151
2026-08-13 12:27:00,200.25,200.49,200.25,200.3802,140446
2026-08-13 12:28:00,200.4,200.54,200.32,200.51,153330
2026-08-13 12:29:00,200.51,200.54,200.36,200.3796,111170
2026-08-13 12:30:00,200.36,200.43,200.2,200.29,104413
2026-08-13 12:31:00,200.29,200.3294,200.06,200.1496,108983
2026-08-13 12:32:00,200.16,200.35,200.05,200.33,139110
2026-08-13 12:33:00,200.32,200.35,200.17,200.315,97497
2026-08-13 12:34:00,200.3,200.38,200.23,200.35,138274
2026-08-13 12:35:00,200.39,200.5337,200.222,200.3112,156921
2026-08-13 12:36:00,200.335,200.345,200.065,200.17,119534
2026-08-13 12:37:00,200.1635,200.37,200.1,200.235,89369
2026-08-13 12:38:00,200.23,200.35,200.06,200.09,111347
2026-08-13 12:39:00,200.1299,200.33,200.08,200.23,72087
2026-08-13 12:40:00,200.25,200.25,200.05,200.1999,97819
2026-08-13 12:41:00,200.185,200.21,200.05,200.1106,98884
2026-08-13 12:42:00,200.1034,200.27,199.86,199.8801,368528
2026-08-13 12:43:00,199.9,199.9126,199.17,199.2319,531201
2026-08-13 12:44:00,199.25,199.265,198.75,198.8255,520854
2026-08-13 12:45:00,198.8102,199.12,198.77,199.01,247104
2026-08-13 12:46:00,199.0102,199.18,198.97,199.1798,154697
2026-08-13 12:47:00,199.18,199.36,199.18,199.3301,137185
2026-08-13 12:48:00,199.33,199.43,199.1301,199.2087,138150
2026-08-13 12:49:00,199.21,199.22,199.0,199.09,124693
2026-08-13 12:50:00,199.09,199.35,199.09,199.3193,109836
2026-08-13 12:51:00,199.32,199.614,199.32,199.4601,154218
2026-08-13 12:52:00,199.45,199.5495,199.41,199.42,88300
2026-08-13 12:53:00,199.4238,199.5999,199.4,199.5347,89811
2026-08-13 12:54:00,199.55,199.93,199.5401,199.9098,164735
2026-08-13 12:55:00,199.87,199.9,199.775,199.809,156027
2026-08-13 12:56:00,199.8051,199.88,199.74,199.8,91906
2026-08-13 12:57:00,199.8001,199.99,199.8,199.84,107100
2026-08-13 12:58:00,199.85,200.0449,199.82,199.85,138547
2026-08-13 12:59:00,199.849,199.93,199.8,199.855,55152
2026-08-13 13:00:00,199.85,199.9363,199.66,199.72,120662
2026-08-13 13:01:00,199.71,199.87,199.7,199.8,68708
2026-08-13 13:02:00,199.79,200.04,199.7501,199.8816,116565
2026-08-13 13:03:00,199.91,200.13,199.85,199.93,142368
2026-08-13 13:04:00,199.9024,200.0296,199.84,200.0296,72225
2026-08-13 13:05:00,199.99,200.28,199.96,200.165,148902
2026-08-13 13:06:00,200.195,200.535,200.19,200.4862,164478
2026-08-13 13:07:00,200.5084,200.6197,200.43,200.604,142066
2026-08-13 13:08:00,200.59,200.6199,200.2,200.3195,162861
2026-08-13 13:09:00,200.314,200.3477,200.2221,200.3028,71442
2026-08-13 13:10:00,200.29,200.29,199.83,199.85,171022
2026-08-13 13:11:00,199.8041,200.1292,199.76,200.0657,144650
2026-08-13 13:12:00,200.0712,200.18,199.98,200.1312,71777
2026-08-13 13:13:00,200.134,200.168,200.02,200.05,361539
2026-08-13 13:14:00,200.0798,200.36,200.07,200.32,84043
2026-08-13 13:15:00,200.3065,200.35,200.15,200.2257,87780
2026-08-13 13:16:00,200.22,200.6399,200.205,200.6086,160071
2026-08-13 13:17:00,200.594,200.73,200.5,200.53,158093
2026-08-13 13:18:00,200.5203,200.59,200.3501,200.4455,94635
2026-08-13 13:19:00,200.465,200.66,200.3601,200.5047,74176
2026-08-13 13:20:00,200.5,200.5756,200.3929,200.52,81849
2026-08-13 13:21:00,200.5207,200.75,200.52,200.6201,123257
2026-08-13 13:22:00,200.62,200.63,200.27,200.28,121558
2026-08-13 13:23:00,200.285,200.61,200.21,200.61,129020
2026-08-13 13:24:00,200.61,200.75,200.5101,200.5466,154932
2026-08-13 13:25:00,200.55,200.6631,200.33,200.3458,118144
2026-08-13 13:26:00,200.3854,200.53,200.36,200.4598,70761
2026-08-13 13:27:00,200.445,200.5299,200.2501,200.295,75186
2026-08-13 13:28:00,200.3308,200.5319,200.3088,200.515,71249
2026-08-13 13:29:00,200.51,200.75,200.5,200.72,141575
2026-08-13 13:30:00,200.71,200.83,200.53,200.76,104862
2026-08-13 13:31:00,200.7799,200.96,200.69,200.87,98951
2026-08-13 13:32:00,200.85,200.9133,200.77,200.8599,52664
2026-08-13 13:33:00,200.8668,200.92,200.76,200.86,64931
2026-08-13 13:34:00,200.85,200.85,200.66,200.7367,105127
2026-08-13 13:35:00,200.72,200.9068,200.7,200.7304,83898
2026-08-13 13:36:00,200.7301,200.7744,200.53,200.59,147402
2026-08-13 13:37:00,200.57,200.62,200.28,200.31,119608
2026-08-13 13:38:00,200.3,200.4598,200.2899,200.4401,117697
2026-08-13 13:39:00,200.43,200.5,200.2646,200.285,60057
2026-08-13 13:40:00,200.3,200.4787,200.2901,200.4787,57535
2026-08-13 13:41:00,200.4601,200.47,200.24,200.2413,75343
2026-08-13 13:42:00,200.26,200.467,200.04,200.4098,216143
2026-08-13 13:43:00,200.42,200.63,200.42,200.6,131588
2026-08-13 13:44:00,200.6098,200.69,200.54,200.54,61298
2026-08-13 13:45:00,200.525,200.66,200.46,200.57,49285
2026-08-13 13:46:00,200.545,200.66,200.535,200.64,40968
2026-08-13 13:47:00,200.61,200.7699,200.5401,200.5571,106209
2026-08-13 13:48:00,200.5491,200.69,200.5229,200.65,51775
2026-08-13 13:49:00,200.63,200.7362,200.49,200.64,90959
2026-08-13 13:50:00,200.6499,200.78,200.517,200.5473,92930
2026-08-13 13:51:00,200.555,200.62,200.41,200.4788,70938
2026-08-13 13:52:00,200.4701,200.69,200.4701,200.6173,72746
2026-08-13 13:53:00,200.62,200.7246,200.57,200.7046,79263
2026-08-13 13:54:00,200.7199,200.805,200.69,200.7434,61377
2026-08-13 13:55:00,200.69,200.74,200.69,200.74,30777
2026-08-13 13:56:00,200.75,200.7821,200.6816,200.7399,39636
2026-08-13 13:57:00,200.7331,200.78,200.6,200.61,95850
2026-08-13 13:58:00,200.5706,200.64,200.5,200.5001,123733
2026-08-13 13:59:00,200.52,200.5484,200.24,200.28,106778
2026-08-13 14:00:00,200.2885,200.31,199.871,199.985,266933
2026-08-13 14:01:00,199.97,200.09,199.83,199.9351,117899
2026-08-13 14:02:00,199.9101,199.9999,199.83,199.915,120738
2026-08-13 14:03:00,199.929,200.058,199.8501,199.8842,98956
2026-08-13 14:04:00,199.9,199.9599,199.77,199.87,90687
2026-08-13 14:05:00,199.89,200.08,199.82,200.0799,110100
2026-08-13 14:06:00,200.0501,200.1499,199.9,199.9665,110990
2026-08-13 14:07:00,199.96,200.1055,199.883,200.06,89731
2026-08-13 14:08:00,200.09,200.09,199.92,199.92,80057
2026-08-13 14:09:00,199.92,200.0148,199.8,199.96,140660
2026-08-13 14:10:00,199.94,200.16,199.915,200.12,94831
2026-08-13 14:11:00,200.1325,200.23,199.9601,200.0805,190841
2026-08-13 14:12:00,200.1197,200.29,200.075,200.14,113464
2026-08-13 14:13:00,200.12,200.12,199.76,200.0106,211359
2026-08-13 14:14:00,200.04,200.1894,200.0,200.0405,100379
2026-08-13 14:15:00,200.04,200.1385,199.935,200.1234,137507
2026-08-13 14:16:00,200.14,200.2395,200.1,200.1907,97026
2026-08-13 14:17:00,200.2,200.22,200.0201,200.17,83703
2026-08-13 14:18:00,200.16,200.2896,200.1301,200.18,60648
2026-08-13 14:19:00,200.198,200.25,200.1,200.16,68601
2026-08-13 14:20:00,200.15,200.53,200.15,200.53,173052
2026-08-13 14:21:00,200.5238,200.7299,200.4806,200.5262,172676
2026-08-13 14:22:00,200.51,200.67,200.49,200.67,59313
2026-08-13 14:23:00,200.68,200.7,200.6101,200.6465,55841
2026-08-13 14:24:00,200.6551,200.6845,200.54,200.65,41144
2026-08-13 14:25:00,200.65,200.73,200.65,200.6808,62093
2026-08-13 14:26:00,200.68,200.72,200.6,200.702,29047
2026-08-13 14:27:00,200.7039,200.7791,200.5687,200.705,115552
2026-08-13 14:28:00,200.69,200.7397,200.58,200.62,42929
2026-08-13 14:29:00,200.61,200.7599,200.58,200.7301,92781
2026-08-13 14:30:00,200.73,200.84,200.66,200.72,109478
2026-08-13 14:31:00,200.7415,200.8056,200.69,200.78,56674
2026-08-13 14:32:00,200.77,200.8764,200.46,200.5,114889
2026-08-13 14:33:00,200.49,200.7,200.49,200.6565,87966
2026-08-13 14:34:00,200.6569,200.74,200.6101,200.67,36575
2026-08-13 14:35:00,200.67,200.74,200.51,200.58,236741
2026-08-13 14:36:00,200.59,200.71,200.54,200.61,67951
2026-08-13 14:37:00,200.62,200.72,200.57,200.6699,66883
2026-08-13 14:38:00,200.66,200.77,200.66,200.76,52962
2026-08-13 14:39:00,200.76,200.8,200.5519,200.63,67080
2026-08-13 14:40:00,200.63,200.69,200.55,200.5578,54454
2026-08-13 14:41:00,200.558,200.67,200.54,200.635,59273
2026-08-13 14:42:00,200.65,200.6795,200.57,200.63,54085
2026-08-13 14:43:00,200.6364,200.7,200.59,200.6201,73106
2026-08-13 14:44:00,200.6295,200.67,200.54,200.5688,25743
2026-08-13 14:45:00,200.54,200.599,200.43,200.57,97278
2026-08-13 14:46:00,200.57,200.6393,200.5,200.51,57772
2026-08-13 14:47:00,200.5,200.5843,200.3973,200.49,71212
2026-08-13 14:48:00,200.48,200.4899,200.35,200.37,88119
2026-08-13 14:49:00,200.35,200.49,200.31,200.4499,83638
2026-08-13 14:50:00,200.43,200.64,200.39,200.41,137119
2026-08-13 14:51:00,200.43,200.55,200.4,200.49,51780
2026-08-13 14:52:00,200.49,200.7639,200.49,200.7639,90667
2026-08-13 14:53:00,200.78,200.83,200.6601,200.72,86299
2026-08-13 14:54:00,200.7,200.79,200.68,200.72,71320
2026-08-13 14:55:00,200.7247,200.84,200.6857,200.73,115901
2026-08-13 14:56:00,200.74,200.81,200.65,200.68,59259
2026-08-13 14:57:00,200.6895,200.8,200.6701,200.74,58800
2026-08-13 14:58:00,200.73,200.81,200.7,200.7383,42438
2026-08-13 14:59:00,200.72,200.79,200.63,200.722,106692
2026-08-13 15:00:00,200.71,200.72,200.43,200.43,222023
2026-08-13 15:01:00,200.415,200.58,200.3841,200.45,153028
2026-08-13 15:02:00,200.4101,200.49,200.34,200.3678,50840
2026-08-13 15:03:00,200.3624,200.4595,200.3,200.31,100836
2026-08-13 15:04:00,200.31,200.52,200.2902,200.45,49146
2026-08-13 15:05:00,200.45,200.5399,200.44,200.485,69257
2026-08-13 15:06:00,200.46,200.57,200.42,200.496,65652
2026-08-13 15:07:00,200.52,200.5374,200.3806,200.4877,75001
2026-08-13 15:08:00,200.47,200.475,200.3559,200.43,57362
2026-08-13 15:09:00,200.42,200.4499,200.265,200.2897,66617
2026-08-13 15:10:00,200.2999,200.39,200.0905,200.1439,129443
2026-08-13 15:11:00,200.14,200.25,200.1,200.2,75741
2026-08-13 15:12:00,200.1985,200.32,200.17,200.265,54279
2026-08-13 15:13:00,200.2401,200.28,199.95,200.0401,177771
2026-08-13 15:14:00,200.055,200.06,199.7,199.8,179305
2026-08-13 15:15:00,199.8,199.94,199.784,199.85,77760
2026-08-13 15:16:00,199.8698,200.04,199.71,200.04,136563
2026-08-13 15:17:00,200.02,200.08,199.93,200.05,70955
2026-08-13 15:18:00,200.08,200.18,199.97,200.02,109221
2026-08-13 15:19:00,200.04,200.07,199.94,200.07,50615
2026-08-13 15:20:00,200.03,200.07,199.95,199.9501,44312
2026-08-13 15:21:00,199.9788,200.13,199.9,200.0901,123936
2026-08-13 15:22:00,200.091,200.1799,200.01,200.0599,83057
2026-08-13 15:23:00,200.06,200.21,200.05,200.1738,74795
2026-08-13 15:24:00,200.17,200.27,200.153,200.2087,94104
2026-08-13 15:25:00,200.22,200.29,200.1501,200.24,99245
2026-08-13 15:26:00,200.25,200.3,200.19,200.22,52388
2026-08-13 15:27:00,200.21,200.28,200.12,200.172,77032
2026-08-13 15:28:00,200.15,200.2699,200.13,200.2624,84699
2026-08-13 15:29:00,200.2415,200.33,200.19,200.2499,101117
2026-08-13 15:30:00,200.2501,200.32,200.18,200.32,39818
2026-08-13 15:31:00,200.3,200.43,200.23,200.3001,99914
2026-08-13 15:32:00,200.32,200.34,200.08,200.12,85413
2026-08-13 15:33:00,200.11,200.18,199.95,200.0279,93964
2026-08-13 15:34:00,200.0162,200.16,200.0162,200.07,81428
2026-08-13 15:35:00,200.0501,200.18,200.04,200.1,37254
2026-08-13 15:36:00,200.11,200.245,200.08,200.094,86055
2026-08-13 15:37:00,200.11,200.16,200.04,200.1,47492
2026-08-13 15:38:00,200.09,200.11,199.91,199.9685,76085
2026-08-13 15:39:00,199.98,200.092,199.97,200.078,91770
2026-08-13 15:40:00,200.09,200.17,199.94,200.0198,109453
2026-08-13 15:41:00,200.02,200.1384,199.97,200.1099,102958
2026-08-13 15:42:00,200.1028,200.13,200.01,200.05,48901
2026-08-13 15:43:00,200.0599,200.34,200.04,200.33,141909
2026-08-13 15:44:00,200.32,200.4391,200.29,200.33,133543
2026-08-13 15:45:00,200.34,200.35,200.26,200.31,75459
2026-08-13 15:46:00,200.3001,200.53,200.3001,200.5051,143770
2026-08-13 15:47:00,200.5199,200.57,200.38,200.57,118338
2026-08-13 15:48:00,200.57,200.65,200.53,200.65,166109
2026-08-13 15:49:00,200.66,200.6693,200.54,200.65,83206
2026-08-13 15:50:00,200.66,200.82,200.6318,200.72,173128
2026-08-13 15:51:00,200.71,200.71,200.5338,200.58,141459
2026-08-13 15:52:00,200.585,200.65,200.35,200.6,181149
2026-08-13 15:53:00,200.6,200.62,200.41,200.575,116749
2026-08-13 15:54:00,200.59,201.11,200.5898,201.0487,287369
2026-08-13 15:55:00,201.03,201.65,201.03,201.625,405568
2026-08-13 15:56:00,201.635,201.66,201.34,201.41,314368
2026-08-13 15:57:00,201.41,201.465,201.19,201.42,259059
2026-08-13 15:58:00,201.44,201.6,201.4201,201.56,232956
2026-08-13 15:59:00,201.55,201.59,201.32,201.34,572459
2026-08-14 09:30:00,205.02,206.78,204.82,206.76,1055110
2026-08-14 09:31:00,206.77,207.68,206.76,207.6061,971841
2026-08-14 09:32:00,207.5881,208.67,207.52,208.47,1210300
2026-08-14 09:33:00,208.6287,209.3,208.19,209.0393,1012891
2026-08-14 09:34:00,209.0196,209.12,208.47,208.685,679411
2026-08-14 09:35:00,208.63,209.68,208.33,209.48,863380
2026-08-14 09:36:00,209.4658,209.89,209.06,209.71,789658
2026-08-14 09:37:00,209.7,210.17,209.45,210.02,925754
2026-08-14 09:38:00,210.03,210.29,209.48,209.585,732207
2026-08-14 09:39:00,209.5999,209.77,209.24,209.76,561494
2026-08-14 09:40:00,209.77,210.01,209.01,209.02,630472
2026-08-14 09:41:00,209.0595,209.066,208.59,208.9752,575927
2026-08-14 09:42:00,208.98,210.0,208.98,209.41,565819
2026-08-14 09:43:00,209.4,210.634,209.23,210.62,812296
2026-08-14 09:44:00,210.61,210.92,210.285,210.46,698071
2026-08-14 09:45:00,210.48,210.908,210.4201,210.4314,489259
2026-08-14 09:46:00,210.44,211.14,210.44,211.0,702622
2026-08-14 09:47:00,211.0,211.58,210.7801,211.4599,699075
2026-08-14 09:48:00,211.46,211.88,211.41,211.851,562200
2026-08-14 09:49:00,211.86,212.2199,211.77,212.04,730188
2026-08-14 09:50:00,212.06,212.4235,211.89,212.1299,570421
2026-08-14 09:51:00,212.14,212.35,211.35,211.5,637943
2026-08-14 09:52:00,211.46,211.82,211.37,211.63,506979
2026-08-14 09:53:00,211.62,211.83,211.21,211.3084,402852
2026-08-14 09:54:00,211.33,211.48,211.0116,211.33,363965
2026-08-14 09:55:00,211.3271,211.55,211.08,211.08,307337
2026-08-14 09:56:00,211.13,211.73,211.04,211.67,371597
2026-08-14 09:57:00,211.67,211.84,211.23,211.3324,310275
2026-08-14 09:58:00,211.3,211.55,211.03,211.2074,353818
2026-08-14 09:59:00,211.19,211.5031,210.94,211.0201,326217
2026-08-14 10:00:00,211.04,211.73,210.965,211.2797,497626
2026-08-14 10:01:00,211.3,211.52,211.24,211.3599,223465
2026-08-14 10:02:00,211.3599,211.99,211.3599,211.61,380143
2026-08-14 10:03:00,211.65,211.94,211.42,211.7001,272083
2026-08-14 10:04:00,211.71,211.78,211.06,211.16,352821
2026-08-14 10:05:00,211.16,211.96,210.86,211.83,487916
2026-08-14 10:06:00,211.8396,212.2468,211.42,211.6101,718875
2026-08-14 10:07:00,211.61,211.9,211.6,211.66,216164
2026-08-14 10:08:00,211.65,212.0099,211.6,211.76,221833
2026-08-14 10:09:00,211.76,211.81,211.3,211.37,277321
2026-08-14 10:10:00,211.36,211.77,211.23,211.4999,261953
2026-08-14 10:11:00,211.4976,211.97,211.3615,211.8,340718
2026-08-14 10:12:00,211.84,212.34,211.8399,212.31,461935
2026-08-14 10:13:00,212.29,212.83,212.29,212.815,643102
2026-08-14 10:14:00,212.815,213.1987,212.785,212.8201,559386
2026-08-14 10:15:00,212.84,213.41,212.725,213.35,392222
2026-08-14 10:16:00,213.3799,213.3799,212.9,213.03,354393
2026-08-14 10:17:00,213.01,213.0769,212.49,212.9901,474913
2026-08-14 10:18:00,213.01,213.0798,212.8309,213.0199,242926
2026-08-14 10:19:00,213.0199,213.38,212.96,213.3701,321133
2026-08-14 10:20:00,213.37,213.89,213.32,213.84,479495
2026-08-14 10:21:00,213.84,214.08,213.74,213.9544,517920
2026-08-14 10:22:00,213.9799,214.23,213.92,213.97,401159
2026-08-14 10:23:00,213.9697,214.05,213.5403,214.0201,347831
2026-08-14 10:24:00,214.0587,214.09,213.54,213.8221,248401
2026-08-14 10:25:00,213.8314,213.96,213.66,213.7585,195885
2026-08-14 10:26:00,213.73,213.9497,213.54,213.94,227869
2026-08-14 10:27:00,213.935,214.41,213.71,214.3301,460029
2026-08-14 10:28:00,214.36,214.378,214.0,214.28,313822
2026-08-14 10:29:00,214.2435,214.68,214.24,214.48,385598
2026-08-14 10:30:00,214.46,214.79,214.13,214.7737,368272
2026-08-14 10:31:00,214.7405,214.94,214.4003,214.81,407689
2026-08-14 10:32:00,214.8299,215.1,214.71,215.0601,506555
2026-08-14 10:33:00,215.08,215.3759,214.86,215.09,562593
2026-08-14 10:34:00,215.1,215.5,215.1,215.47,513366
2026-08-14 10:35:00,215.46,215.53,215.15,215.1805,415470
2026-08-14 10:36:00,215.22,215.7659,215.14,215.5545,429310
2026-08-14 10:37:00,215.55,215.79,215.25,215.3898,351089
2026-08-14 10:38:00,215.3999,215.53,215.04,215.405,361057
2026-08-14 10:39:00,215.4099,215.5,215.0251,215.17,303911
2026-08-14 10:40:00,215.16,215.219,214.9201,215.0946,344523
2026-08-14 10:41:00,215.1004,215.2199,214.9701,215.09,230776
2026-08-14 10:42:00,215.1199,215.1199,214.68,214.8797,314914
2026-08-14 10:43:00,214.87,215.23,214.81,215.19,295760
2026-08-14 10:44:00,215.19,215.4,214.913,215.02,337859
2026-08-14 10:45:00,214.9999,214.9999,214.48,214.62,342831
2026-08-14 10:46:00,214.6298,214.93,214.51,214.8661,251789
2026-08-14 10:47:00,214.91,214.9499,214.55,214.7626,250282
2026-08-14 10:48:00,214.7761,214.8099,214.36,214.3901,242698
2026-08-14 10:49:00,214.3901,214.59,214.23,214.58,277394
2026-08-14 10:50:00,214.5649,214.87,214.5001,214.5447,267703
2026-08-14 10:51:00,214.54,214.6499,214.3,214.5799,206896
2026-08-14 10:52:00,214.565,214.87,214.565,214.73,176376
2026-08-14 10:53:00,214.75,214.98,214.54,214.655,214224
2026-08-14 10:54:00,214.64,214.96,214.6151,214.685,179709
2026-08-14 10:55:00,214.7001,215.22,214.5,215.09,368402
2026-08-14 10:56:00,215.095,215.0999,214.59,214.6699,207682
2026-08-14 10:57:00,214.66,214.71,214.3,214.5101,233562
2026-08-14 10:58:00,214.5872,214.72,214.34,214.665,164351
2026-08-14 10:59:00,214.67,214.91,214.5601,214.81,153599
2026-08-14 11:00:00,214.8,214.87,214.51,214.765,108200
2026-08-14 11:01:00,214.7736,215.1234,214.75,215.09,220730
2026-08-14 11:02:00,215.0813,215.1499,214.858,214.8799,168658
2026-08-14 11:03:00,214.88,215.0899,214.7603,214.82,137647
2026-08-14 11:04:00,214.8499,214.97,214.74,214.7901,146582
2026-08-14 11:05:00,214.81,215.02,214.67,214.95,143004
2026-08-14 11:06:00,214.95,215.4599,214.925,215.345,404989
2026-08-14 11:07:00,215.34,215.35,214.9901,215.03,209636
2026-08-14 11:08:00,215.03,215.0449,214.62,214.66,226227
2026-08-14 11:09:00,214.66,214.8,214.54,214.61,156774
2026-08-14 11:10:00,214.6115,214.6258,214.25,214.4554,314686
2026-08-14 11:11:00,214.46,214.58,214.06,214.1981,308186
2026-08-14 11:12:00,214.2,214.44,214.16,214.225,220064
2026-08-14 11:13:00,214.2149,214.4,214.1901,214.3627,197412
2026-08-14 11:14:00,214.3599,214.46,214.12,214.23,199089
2026-08-14 11:15:00,214.22,214.5199,214.07,214.47,323894
2026-08-14 11:16:00,214.4668,214.76,214.1801,214.37,239223
2026-08-14 11:17:00,214.3516,214.61,214.23,214.5946,147275
2026-08-14 11:18:00,214.5818,214.6,214.2501,214.45,151376
2026-08-14 11:19:00,214.45,214.75,214.42,214.6799,173681
2026-08-14 11:20:00,214.68,214.76,214.54,214.675,102084
2026-08-14 11:21:00,214.67,214.76,214.52,214.57,92544
2026-08-14 11:22:00,214.54,214.598,214.365,214.365,199469
2026-08-14 11:23:00,214.37,214.4699,214.25,214.38,119262
2026-08-14 11:24:00,214.4,214.62,214.31,214.6107,139812
2026-08-14 11:25:00,214.6,214.624,214.31,214.32,112242
2026-08-14 11:26:00,214.3,214.34,214.12,214.1351,168845
2026-08-14 11:27:00,214.1208,214.21,213.71,213.9,385537
2026-08-14 11:28:00,213.89,214.18,213.8053,214.11,185344
2026-08-14 11:29:00,214.1503,214.16,213.86,213.93,157807
2026-08-14 11:30:00,213.95,213.97,213.7301,213.78,184142
2026-08-14 11:31:00,213.805,213.89,213.74,213.8611,155378
2026-08-14 11:32:00,213.8601,213.8793,213.71,213.7253,170445
2026-08-14 11:33:00,213.73,213.7489,213.3335,213.37,324084
2026-08-14 11:34:00,213.3699,213.515,213.236,213.485,280884
2026-08-14 11:35:00,213.5099,213.51,213.2,213.41,246051
2026-08-14 11:36:00,213.4,213.57,213.38,213.43,156511
2026-08-14 11:37:00,213.415,213.75,213.38,213.6641,201701
2026-08-14 11:38:00,213.69,213.9,213.4686,213.61,198098
2026-08-14 11:39:00,213.57,213.9999,213.57,213.9843,189729
2026-08-14 11:40:00,214.0,214.24,213.91,214.1287,259992
2026-08-14 11:41:00,214.1292,214.14,213.81,213.94,207023
2026-08-14 11:42:00,213.9416,214.3172,213.93,214.28,176136
2026-08-14 11:43:00,214.2546,214.37,214.14,214.19,163480
2026-08-14 11:44:00,214.1986,214.4695,214.19,214.4198,196612
2026-08-14 11:45:00,214.41,214.47,214.3,214.4149,143302
2026-08-14 11:46:00,214.3865,214.42,214.2,214.4,135410
2026-08-14 11:47:00,214.4,214.47,214.3301,214.47,115005
2026-08-14 11:48:00,214.46,214.51,214.26,214.3468,132002
2026-08-14 11:49:00,214.35,214.4285,214.27,214.36,85921
2026-08-14 11:50:00,214.36,214.4155,214.2536,214.27,98499
2026-08-14 11:51:00,214.26,214.265,214.08,214.1399,134654
2026-08-14 11:52:00,214.1205,214.22,214.0105,214.135,127277
2026-08-14 11:53:00,214.1599,214.1902,213.94,214.12,142463
2026-08-14 11:54:00,214.1268,214.35,214.07,214.3499,103439
2026-08-14 11:55:00,214.35,214.48,214.18,214.4496,125324
2026-08-14 11:56:00,214.43,214.45,214.32,214.36,71724
2026-08-14 11:57:00,214.36,214.43,214.3201,214.37,66066
2026-08-14 11:58:00,214.3799,214.3899,214.14,214.2,99292
2026-08-14 11:59:00,214.1743,214.21,213.88,213.89,132391
2026-08-14 12:00:00,213.88,214.03,213.75,214.03,161164
2026-08-14 12:01:00,214.0299,214.0996,213.82,213.8798,110655
2026-08-14 12:02:00,213.84,213.8499,213.57,213.65,157640
2026-08-14 12:03:00,213.65,213.6585,213.4507,213.5301,178150
2026-08-14 12:04:00,213.548,214.0,213.4989,213.9199,248780
2026-08-14 12:05:00,213.92,214.02,213.67,213.9499,131742
2026-08-14 12:06:00,213.9149,214.16,213.8501,213.8914,165295
2026-08-14 12:07:00,213.9099,213.9099,213.52,213.53,142133
2026-08-14 12:08:00,213.53,213.82,213.51,213.7401,101863
2026-08-14 12:09:00,213.76,213.7628,213.63,213.74,80677
2026-08-14 12:10:00,213.73,213.8635,213.61,213.6659,105166
2026-08-14 12:11:00,213.6595,213.7102,213.51,213.54,80011
2026-08-14 12:12:00,213.53,213.69,213.17,213.24,210816
2026-08-14 12:13:00,213.25,213.38,213.2022,213.27,126682
2026-08-14 12:14:00,213.27,213.3677,213.2131,213.3399,126831
2026-08-14 12:15:00,213.34,213.37,213.21,213.33,80023
2026-08-14 12:16:00,213.3499,213.3499,212.97,212.9701,237506
2026-08-14 12:17:00,213.0023,213.44,212.85,213.24,355468
2026-08-14 12:18:00,213.2499,213.3399,213.13,213.165,124112
2026-08-14 12:19:00,213.18,213.2899,213.03,213.14,126097
2026-08-14 12:20:00,213.14,213.53,213.13,213.51,191759
2026-08-14 12:21:00,213.5027,213.57,213.33,213.475,123632
2026-08-14 12:22:00,213.475,213.68,213.42,213.63,170565
2026-08-14 12:23:00,213.645,213.67,213.54,213.665,97199
2026-08-14 12:24:00,213.625,213.69,213.5376,213.6501,101872
2026-08-14 12:25:00,213.64,213.74,213.57,213.72,104692
2026-08-14 12:26:00,213.7299,214.08,213.7299,214.05,232205
2026-08-14 12:27:00,214.0325,214.119,213.94,214.0042,150562
2026-08-14 12:28:00,214.02,214.04,213.88,213.9101,103210
2026-08-14 12:29:00,213.9288,213.96,213.8402,213.93,79796
2026-08-14 12:30:00,213.9456,214.07,213.9,214.07,89600
2026-08-14 12:31:00,214.055,214.11,213.9401,214.06,118218
2026-08-14 12:32:00,214.07,214.1,213.83,213.9898,117814
2026-08-14 12:33:00,213.98,214.09,213.9201,214.07,82549
2026-08-14 12:34:00,214.065,214.36,214.0501,214.221,225287
2026-08-14 12:35:00,214.2399,214.31,214.1041,214.1041,86847
2026-08-14 12:36:00,214.11,214.34,214.105,214.33,92118
2026-08-14 12:37:00,214.32,214.35,214.26,214.3462,74314
2026-08-14 12:38:00,214.3201,214.3313,214.22,214.24,78942
2026-08-14 12:39:00,214.25,214.3199,214.06,214.1401,104214
2026-08-14 12:40:00,214.1599,214.2655,214.0,214.05,85573
2026-08-14 12:41:00,214.0406,214.16,213.85,214.0399,142730
2026-08-14 12:42:00,214.0499,214.18,213.98,213.99,82997
2026-08-14 12:43:00,214.0,214.1799,214.0,214.1152,78096
2026-08-14 12:44:00,214.105,214.23,214.05,214.125,94089
2026-08-14 12:45:00,214.1399,214.213,214.074,214.1516,67970
2026-08-14 12:46:00,214.155,214.1699,213.93,214.0915,105801
2026-08-14 12:47:00,214.1,214.1,213.6502,213.8,159489
2026-08-14 12:48:00,213.77,213.7983,213.6501,213.7551,89091
2026-08-14 12:49:00,213.73,213.7793,213.66,213.725,53231
2026-08-14 12:50:00,213.73,213.7399,213.45,213.6094,153742
2026-08-14 12:51:00,213.61,213.8699,213.56,213.83,145583
2026-08-14 12:52:00,213.8429,213.9981,213.76,213.88,132613
2026-08-14 12:53:00,213.9,213.91,213.73,213.73,69347
2026-08-14 12:54:00,213.73,213.9484,213.6005,213.9484,119665
2026-08-14 12:55:00,213.9354,214.13,213.93,214.02,121919
2026-08-14 12:56:00,214.03,214.04,213.73,213.835,115374
2026-08-14 12:57:00,213.825,213.845,213.42,213.565,109901
2026-08-14 12:58:00,213.5301,213.6399,213.5,213.584,81712
2026-08-14 12:59:00,213.61,213.77,213.551,213.5601,116685
2026-08-14 13:00:00,213.58,213.63,213.35,213.4612,134538
2026-08-14 13:01:00,213.47,213.5579,213.43,213.5114,62431
2026-08-14 13:02:00,213.51,213.7699,213.5099,213.6388,111835
2026-08-14 13:03:00,213.68,213.75,213.635,213.6589,51986
2026-08-14 13:04:00,213.64,213.64,213.3706,213.53,109602
2026-08-14 13:05:00,213.51,213.63,213.33,213.5501,103071
2026-08-14 13:06:00,213.59,213.76,213.5301,213.7073,102917
2026-08-14 13:07:00,213.72,213.8253,213.411,213.5201,147141
2026-08-14 13:08:00,213.53,213.5399,213.36,213.36,59239
2026-08-14 13:09:00,213.36,213.44,213.23,213.29,117695
2026-08-14 13:10:00,213.3053,213.52,213.23,213.4599,112287
2026-08-14 13:11:00,213.46,213.57,213.37,213.37,91247
2026-08-14 13:12:00,213.38,213.49,213.26,213.49,116839
2026-08-14 13:13:00,213.49,213.63,213.44,213.58,145578
2026-08-14 13:14:00,213.58,213.8001,213.53,213.8001,100663
2026-08-14 13:15:00,213.8095,213.83,213.66,213.82,109626
2026-08-14 13:16:00,213.8256,213.8499,213.7,213.7494,73247
2026-08-14 13:17:00,213.7414,213.78,213.56,213.61,53402
2026-08-14 13:18:00,213.61,213.7,213.46,213.67,114003
2026-08-14 13:19:00,213.6625,213.89,213.6625,213.75,117336
2026-08-14 13:20:00,213.77,213.84,213.69,213.69,72010
2026-08-14 13:21:00,213.71,213.8699,213.6957,213.78,61819
2026-08-14 13:22:00,213.7986,213.9199,213.75,213.91,60114
2026-08-14 13:23:00,213.905,213.98,213.8601,213.94,96198
2026-08-14 13:24:00,213.94,213.964,213.77,213.8092,94640
2026-08-14 13:25:00,213.808,213.92,213.7501,213.8042,91755
2026-08-14 13:26:00,213.8199,213.9298,213.675,213.9,81393
2026-08-14 13:27:00,213.905,214.06,213.88,213.9499,137566
2026-08-14 13:28:00,213.9476,213.9941,213.795,213.89,73273
2026-08-14 13:29:00,213.8854,213.96,213.83,213.925,60219
2026-08-14 13:30:00,213.94,213.99,213.9,213.99,52494
2026-08-14 13:31:00,213.9786,214.0,213.8701,213.96,55560
2026-08-14 13:32:00,213.97,213.9995,213.9,213.9775,47340
2026-08-14 13:33:00,213.97,214.1,213.97,214.06,103541
2026-08-14 13:34:00,214.07,214.43,214.07,214.34,201056
2026-08-14 13:35:00,214.3305,214.4265,214.2701,214.32,142291
2026-08-14 13:36:00,214.3102,214.4,214.26,214.38,72692
2026-08-14 13:37:00,214.38,214.4,214.27,214.35,84591
2026-08-14 13:38:00,214.34,214.45,214.3338,214.415,162437
2026-08-14 13:39:00,214.4299,214.87,214.36,214.8095,301430
2026-08-14 13:40:00,214.795,214.87,214.65,214.72,140959
2026-08-14 13:41:00,214.72,214.79,214.7,214.79,55446
2026-08-14 13:42:00,214.7701,214.99,214.77,214.8806,145179
2026-08-14 13:43:00,214.885,215.08,214.84,214.9812,286930
2026-08-14 13:44:00,214.98,215.18,214.94,215.18,154837
2026-08-14 13:45:00,215.17,215.31,215.12,215.284,221960
2026-08-14 13:46:00,215.2999,215.4,215.21,215.3949,214321
2026-08-14 13:47:00,215.39,215.64,215.36,215.626,273117
2026-08-14 13:48:00,215.63,215.66,215.34,215.415,227778
2026-08-14 13:49:00,215.43,215.43,215.2199,215.35,130267
2026-08-14 13:50:00,215.3395,215.5,215.32,215.47,102609
2026-08-14 13:51:00,215.47,215.73,215.47,215.7117,209677
2026-08-14 13:52:00,215.7294,215.88,215.65,215.65,260262
2026-08-14 13:53:00,215.6511,215.7099,215.52,215.6405,122037
2026-08-14 13:54:00,215.65,215.67,215.51,215.6699,103904
2026-08-14 13:55:00,215.633,215.7,215.52,215.61,168091
2026-08-14 13:56:00,215.614,215.6299,215.2,215.2636,217303
2026-08-14 13:57:00,215.2598,215.4343,215.22,215.235,122374
2026-08-14 13:58:00,215.235,215.36,215.1563,215.25,119594
2026-08-14 13:59:00,215.22,215.23,214.96,215.0701,162064
2026-08-14 14:00:00,215.086,215.0965,214.845,215.0,142439
2026-08-14 14:01:00,215.01,215.03,214.77,214.9,88527
2026-08-14 14:02:00,214.8985,214.958,214.73,214.81,130080
2026-08-14 14:03:00,214.8,214.8899,214.68,214.7999,156803
2026-08-14 14:04:00,214.7714,214.8,214.62,214.705,176995
2026-08-14 14:05:00,214.6908,214.6908,214.47,214.605,188769
2026-08-14 14:06:00,214.61,214.65,214.41,214.495,134689
2026-08-14 14:07:00,214.48,214.82,214.4,214.81,217742
2026-08-14 14:08:00,214.8,214.8,214.64,214.7,82641
2026-08-14 14:09:00,214.7099,214.7099,214.47,214.58,121363
2026-08-14 14:10:00,214.5831,214.6699,214.44,214.56,123206
2026-08-14 14:11:00,214.5675,214.59,214.5,214.53,93124
2026-08-14 14:12:00,214.55,214.57,214.5,214.52,59330
2026-08-14 14:13:00,214.5311,214.75,214.5,214.6791,209628
2026-08-14 14:14:00,214.685,214.71,214.4201,214.4456,80447
2026-08-14 14:15:00,214.4564,214.6,214.3101,214.517,124216
2026-08-14 14:16:00,214.52,214.52,214.33,214.3539,124422
2026-08-14 14:17:00,214.345,214.4399,214.21,214.29,113443
2026-08-14 14:18:00,214.2899,214.37,214.2349,214.33,87918
2026-08-14 14:19:00,214.33,214.5036,214.31,214.42,143416
2026-08-14 14:20:00,214.415,214.61,214.4,214.566,113865
2026-08-14 14:21:00,214.5501,214.57,214.4,214.4655,90862
2026-08-14 14:22:00,214.44,214.5199,214.26,214.335,118985
2026-08-14 14:23:00,214.3353,214.44,214.26,214.375,74379
2026-08-14 14:24:00,214.3601,214.3999,214.3,214.3862,50217
2026-08-14 14:25:00,214.3923,214.4899,214.27,214.34,87117
2026-08-14 14:26:00,214.35,214.42,214.17,214.172,92332
2026-08-14 14:27:00,214.19,214.2399,213.9101,214.0,213852
2026-08-14 14:28:00,213.98,214.1189,213.93,214.0001,117293
2026-08-14 14:29:00,214.0001,214.2,213.99,214.06,98208
2026-08-14 14:30:00,214.07,214.16,214.02,214.09,51017
2026-08-14 14:31:00,214.0601,214.11,213.94,214.02,116704
2026-08-14 14:32:00,214.035,214.12,214.01,214.06,57587
2026-08-14 14:33:00,214.06,214.08,214.0001,214.04,43688
2026-08-14 14:34:00,214.03,214.1099,214.011,214.0285,57463
2026-08-14 14:35:00,214.0112,214.1297,214.01,214.07,65506
2026-08-14 14:36:00,214.08,214.3399,214.02,214.2,199724
2026-08-14 14:37:00,214.19,214.2,213.86,213.92,174735
2026-08-14 14:38:00,213.92,213.99,213.76,213.84,204503
2026-08-14 14:39:00,213.83,213.95,213.71,213.91,129322
2026-08-14 14:40:00,213.9199,213.98,213.833,213.87,82479
2026-08-14 14:41:00,213.8676,213.905,213.75,213.82,97050
2026-08-14 14:42:00,213.815,213.9699,213.8006,213.9101,93232
2026-08-14 14:43:00,213.9299,214.05,213.91,214.0354,102148
2026-08-14 14:44:00,214.0228,214.27,213.9901,214.1842,187721
2026-08-14 14:45:00,214.1699,214.17,213.97,214.0388,114046
2026-08-14 14:46:00,214.02,214.13,214.01,214.0988,82742
2026-08-14 14:47:00,214.0789,214.157,214.05,214.1,56360
2026-08-14 14:48:00,214.091,214.1999,214.06,214.06,77645
2026-08-14 14:49:00,214.08,214.13,214.01,214.1199,57348
2026-08-14 14:50:00,214.09,214.11,213.81,213.89,207142
2026-08-14 14:51:00,213.91,213.94,213.73,213.86,112194
2026-08-14 14:52:00,213.864,213.91,213.7801,213.8791,60497
2026-08-14 14:53:00,213.8894,213.8894,213.642,213.6675,110537
2026-08-14 14:54:00,213.675,213.8,213.66,213.77,88790
2026-08-14 14:55:00,213.77,213.8972,213.72,213.8459,118710
2026-08-14 14:56:00,213.82,213.9821,213.775,213.949,136513
2026-08-14 14:57:00,213.95,214.059,213.92,214.0,128620
2026-08-14 14:58:00,214.001,214.03,213.9001,213.955,108227
2026-08-14 14:59:00,213.96,214.0353,213.77,213.825,146075
2026-08-14 15:00:00,213.81,213.81,213.51,213.58,154165
2026-08-14 15:01:00,213.6,213.785,213.5705,213.731,79317
2026-08-14 15:02:00,213.7238,213.8799,213.53,213.77,154226
2026-08-14 15:03:00,213.76,213.86,213.71,213.75,75175
2026-08-14 15:04:00,213.73,213.9,213.71,213.89,46614
2026-08-14 15:05:00,213.8999,213.94,213.65,213.86,141693
2026-08-14 15:06:00,213.8684,213.8774,213.72,213.775,61619
2026-08-14 15:07:00,213.8,213.84,213.68,213.81,68253
2026-08-14 15:08:00,213.8399,213.89,213.7807,213.815,61625
2026-08-14 15:09:00,213.8015,214.07,213.78,214.0201,177952
2026-08-14 15:10:00,214.03,214.13,213.61,213.7,254052
2026-08-14 15:11:00,213.7,213.86,213.63,213.71,111696
2026-08-14 15:12:00,213.7267,213.84,213.5704,213.6,102383
2026-08-14 15:13:00,213.61,213.67,213.51,213.545,130266
2026-08-14 15:14:00,213.5406,213.6895,213.5406,213.6,60223
2026-08-14 15:15:00,213.6,213.76,213.595,213.72,97526
2026-08-14 15:16:00,213.73,214.0675,213.68,213.9936,173031
2026-08-14 15:17:00,213.9901,213.992,213.78,213.87,113786
2026-08-14 15:18:00,213.86,214.015,213.86,213.9593,94908
2026-08-14 15:19:00,213.97,214.41,213.9543,214.31,285138
2026-08-14 15:20:00,214.31,214.33,213.98,214.12,198100
2026-08-14 15:21:00,214.1201,214.14,214.02,214.0414,77719
2026-08-14 15:22:00,214.0499,214.0501,213.77,213.79,134911
2026-08-14 15:23:00,213.79,213.9599,213.74,213.91,161451
2026-08-14 15:24:00,213.89,213.967,213.79,213.79,85560
2026-08-14 15:25:00,213.79,214.06,213.64,214.0135,166352
2026-08-14 15:26:00,214.02,214.16,213.92,213.93,147767
2026-08-14 15:27:00,213.95,214.05,213.77,213.81,121275
2026-08-14 15:28:00,213.86,213.8999,213.7738,213.8401,47802
2026-08-14 15:29:00,213.855,214.08,213.83,213.99,97272
2026-08-14 15:30:00,213.98,214.08,213.94,213.955,78954
2026-08-14 15:31:00,213.93,214.1599,213.93,214.0801,145442
2026-08-14 15:32:00,214.1,214.28,214.05,214.18,166019
2026-08-14 15:33:00,214.2,214.29,214.12,214.215,103307
2026-08-14 15:34:00,214.21,214.3,214.1537,214.2801,88216
2026-08-14 15:35:00,214.28,214.59,214.27,214.59,202426
2026-08-14 15:36:00,214.59,214.82,214.4501,214.79,209414
2026-08-14 15:37:00,214.8,214.805,214.45,214.565,214886
2026-08-14 15:38:00,214.55,214.6373,214.43,214.622,161573
2026-08-14 15:39:00,214.6285,214.6999,214.42,214.6885,132048
2026-08-14 15:40:00,214.68,214.7895,214.64,214.745,131295
2026-08-14 15:41:00,214.745,214.82,214.59,214.71,142483
2026-08-14 15:42:00,214.72,214.83,214.6,214.805,139933
2026-08-14 15:43:00,214.805,214.89,214.7201,214.7727,180769
2026-08-14 15:44:00,214.78,214.79,214.58,214.6602,140385
2026-08-14 15:45:00,214.65,214.76,214.524,214.7101,199590
2026-08-14 15:46:00,214.73,214.755,214.6,214.755,151363
2026-08-14 15:47:00,214.76,215.0599,214.7357,214.99,319257
2026-08-14 15:48:00,215.0086,215.01,214.72,214.85,181896
2026-08-14 15:49:00,214.825,214.83,214.37,214.52,212947
2026-08-14 15:50:00,214.51,214.51,214.05,214.32,309575
2026-08-14 15:51:00,214.29,214.48,214.08,214.2703,226288
2026-08-14 15:52:00,214.285,214.4,213.98,214.05,238375
2026-08-14 15:53:00,214.02,214.21,214.0,214.1101,198425
2026-08-14 15:54:00,214.0915,214.2,213.8856,214.05,257765
2026-08-14 15:55:00,214.08,214.25,213.86,213.865,293603
2026-08-14 15:56:00,213.85,214.03,213.81,213.91,248938
2026-08-14 15:57:00,213.92,213.939,213.715,213.82,249641
2026-08-14 15:58:00,213.85,213.94,213.7,213.8,291607
2026-08-14 15:59:00,213.82,214.31,213.82,214.14,646295
2026-08-15 09:30:00,211.15,212.7799,210.8,212.07,1414495
2026-08-15 09:31:00,212.09,212.95,211.68,211.71,574087
2026-08-15 09:32:00,211.6916,212.95,211.57,212.86,458342
2026-08-15 09:33:00,212.835,213.9,212.7581,213.7795,600330
2026-08-15 09:34:00,213.765,214.68,213.43,214.3999,593563
2026-08-15 09:35:00,214.35,215.2699,214.35,214.91,680780
2026-08-15 09:36:00,214.88,215.08,214.13,214.36,507245
2026-08-15 09:37:00,214.3503,214.94,214.14,214.81,432604
2026-08-15 09:38:00,214.845,215.88,214.71,215.6285,794075
2026-08-15 09:39:00,215.62,216.41,215.61,216.1799,778460
2026-08-15 09:40:00,216.15,216.74,216.03,216.61,616122
2026-08-15 09:41:00,216.605,217.12,216.49,217.0865,636766
2026-08-15 09:42:00,217.0503,217.16,216.8,216.94,603355
2026-08-15 09:43:00,216.96,217.285,216.52,216.61,615155
2026-08-15 09:44:00,216.6499,216.65,210.92,216.4099,563004
2026-08-15 09:45:00,216.4,216.45,215.57,215.57,628651
2026-08-15 09:46:00,215.5606,216.22,215.5,216.205,586127
2026-08-15 09:47:00,216.22,216.8,216.22,216.63,605680
2026-08-15 09:48:00,216.63,217.35,216.45,217.31,605820
2026-08-15 09:49:00,217.29,217.59,216.46,216.99,617606
2026-08-15 09:50:00,217.0,217.43,216.93,217.11,377335
2026-08-15 09:51:00,217.1051,217.67,216.81,217.4988,493101
2026-08-15 09:52:00,217.645,217.6535,217.0063,217.48,321341
2026-08-15 09:53:00,217.4688,217.5799,217.22,217.37,292796
2026-08-15 09:54:00,217.37,218.1,217.36,218.0049,672600
2026-08-15 09:55:00,218.0,218.12,217.62,217.98,404538
2026-08-15 09:56:00,218.0099,218.51,217.96,218.35,548718
2026-08-15 09:57:00,218.365,218.48,218.17,218.2501,384940
2026-08-15 09:58:00,218.27,218.49,217.67,217.72,455010
2026-08-15 09:59:00,217.7082,217.9399,217.5,217.83,371204
2026-08-15 10:00:00,217.75,218.95,217.75,218.925,667230
2026-08-15 10:01:00,218.8901,219.2384,218.66,219.11,637297
2026-08-15 10:02:00,219.115,219.44,219.0,219.13,487901
2026-08-15 10:03:00,219.1201,219.175,218.58,218.69,1803769
2026-08-15 10:04:00,218.7,218.98,218.63,218.8891,272366
2026-08-15 10:05:00,218.8601,219.3199,218.69,219.2033,357516
2026-08-15 10:06:00,219.1905,219.26,218.9,219.14,235934
2026-08-15 10:07:00,219.165,219.2,218.6,218.645,260560
2026-08-15 10:08:00,218.63,218.87,218.29,218.74,421340
2026-08-15 10:09:00,218.76,219.14,218.74,219.07,278094
2026-08-15 10:10:00,219.07,219.55,218.91,219.46,441339
2026-08-15 10:11:00,219.475,219.8,219.41,219.6599,391159
2026-08-15 10:12:00,219.6593,219.7499,218.97,219.21,398085
2026-08-15 10:13:00,219.2101,219.46,219.2087,219.38,189544
2026-08-15 10:14:00,219.3822,219.48,219.09,219.115,264926
2026-08-15 10:15:00,219.1,219.31,219.0101,219.1801,240595
2026-08-15 10:16:00,219.19,219.19,218.6,218.63,328014
2026-08-15 10:17:00,218.67,218.96,218.43,218.85,298548
2026-08-15 10:18:00,218.86,218.8699,218.45,218.51,262026
2026-08-15 10:19:00,218.48,218.5269,218.01,218.13,376542
2026-08-15 10:20:00,218.1001,218.15,217.33,217.46,546712
2026-08-15 10:21:00,217.4582,217.99,217.39,217.85,458568
2026-08-15 10:22:00,217.85,218.31,217.85,218.07,305548
2026-08-15 10:23:00,218.1,218.1,217.7,217.81,296457
2026-08-15 10:24:00,217.83,218.08,217.51,218.025,328757
2026-08-15 10:25:00,218.03,218.32,217.8825,218.1401,271117
2026-08-15 10:26:00,218.16,218.7,218.1003,218.279,330992
2026-08-15 10:27:00,218.29,218.59,218.13,218.1401,244336
2026-08-15 10:28:00,218.1569,218.2,217.93,218.095,179179
2026-08-15 10:29:00,218.08,218.41,218.08,218.16,206199
2026-08-15 10:30:00,218.16,218.6299,218.03,218.165,252601
2026-08-15 10:31:00,218.165,218.5,217.98,218.0553,206138
2026-08-15 10:32:00,218.08,218.08,217.52,217.76,291151
2026-08-15 10:33:00,217.7732,217.9,217.4,217.49,275081
2026-08-15 10:34:00,217.4805,217.6599,217.4299,217.595,671041
2026-08-15 10:35:00,217.57,218.16,217.53,218.12,251655
2026-08-15 10:36:00,218.09,218.25,217.69,217.79,251191
2026-08-15 10:37:00,217.77,217.85,217.2001,217.2799,314012
2026-08-15 10:38:00,217.26,217.4397,217.01,217.06,347453
2026-08-15 10:39:00,217.0999,217.4295,217.05,217.3453,252410
2026-08-15 10:40:00,217.32,217.59,217.05,217.0897,228647
2026-08-15 10:41:00,217.0754,217.0754,216.66,216.7299,394956
2026-08-15 10:42:00,216.715,216.8,216.51,216.7,266439
2026-08-15 10:43:00,216.6701,217.05,216.6492,216.9796,207612
2026-08-15 10:44:00,216.995,217.02,216.56,216.5601,225489
2026-08-15 10:45:00,216.56,216.71,216.43,216.68,285195
2026-08-15 10:46:00,216.69,216.8,216.46,216.52,177888
2026-08-15 10:47:00,216.53,216.7,216.09,216.21,328846
2026-08-15 10:48:00,216.22,216.3299,215.39,215.4304,465893
2026-08-15 10:49:00,215.45,215.6088,214.8001,215.045,683438
2026-08-15 10:50:00,215.05,215.46,215.02,215.3799,388775
2026-08-15 10:51:00,215.35,215.88,215.35,215.72,374543
2026-08-15 10:52:00,215.74,216.09,215.71,216.0099,284635
2026-08-15 10:53:00,216.01,216.06,215.38,215.4597,251526
2026-08-15 10:54:00,215.41,215.7999,215.2,215.4391,257949
2026-08-15 10:55:00,215.46,215.77,215.38,215.53,200871
2026-08-15 10:56:00,215.5,215.99,215.5,215.7783,231189
2026-08-15 10:57:00,215.73,215.7871,215.55,215.7871,136311
2026-08-15 10:58:00,215.78,215.7895,215.23,215.2871,184708
2026-08-15 10:59:00,215.31,215.49,215.22,215.35,201562
2026-08-15 11:00:00,215.33,215.81,215.25,215.32,237628
2026-08-15 11:01:00,215.34,215.58,214.92,215.45,333199
2026-08-15 11:02:00,215.45,215.58,215.31,215.43,140320
2026-08-15 11:03:00,215.46,215.92,215.46,215.7735,251329
2026-08-15 11:04:00,215.795,216.31,215.66,216.245,325484
2026-08-15 11:05:00,216.24,216.25,215.71,215.81,205523
2026-08-15 11:06:00,215.83,216.1568,215.8101,216.03,154771
2026-08-15 11:07:00,216.0399,216.2,215.9501,216.1001,171691
2026-08-15 11:08:00,216.1,216.5,216.01,216.41,250779
2026-08-15 11:09:00,216.44,216.49,215.99,216.0801,196750
2026-08-15 11:10:00,216.11,216.1798,215.81,215.92,206827
2026-08-15 11:11:00,215.915,216.06,215.6601,215.9417,176056
2026-08-15 11:12:00,215.945,215.99,215.52,215.73,210113
2026-08-15 11:13:00,215.75,215.84,215.54,215.75,101856
2026-08-15 11:14:00,215.7592,216.14,215.685,215.854,171878
2026-08-15 11:15:00,215.85,215.92,215.62,215.825,113071
2026-08-15 11:16:00,215.83,215.88,215.27,215.5,240281
2026-08-15 11:17:00,215.4747,215.4747,215.19,215.2848,140514
2026-08-15 11:18:00,215.2718,215.36,214.98,215.02,243203
2026-08-15 11:19:00,214.99,215.175,214.85,215.1,248898
2026-08-15 11:20:00,215.06,215.118,214.46,214.5,415582
2026-08-15 11:21:00,214.505,214.5253,214.23,214.28,325972
2026-08-15 11:22:00,214.28,214.31,214.1001,214.195,389921
2026-08-15 11:23:00,214.1953,214.55,214.16,214.455,322976
2026-08-15 11:24:00,214.4575,214.54,214.35,214.4695,198219
2026-08-15 11:25:00,214.4817,214.57,214.3135,214.55,172474
2026-08-15 11:26:00,214.57,214.64,214.4101,214.525,155028
2026-08-15 11:27:00,214.53,214.93,214.51,214.85,249872
2026-08-15 11:28:00,214.8503,214.91,214.5,214.59,172919
2026-08-15 11:29:00,214.62,214.79,214.52,214.72,133033
2026-08-15 11:30:00,214.73,215.0399,214.69,214.87,233023
2026-08-15 11:31:00,214.87,214.92,214.76,214.84,125085
2026-08-15 11:32:00,214.84,214.86,214.36,214.5299,196302
2026-08-15 11:33:00,214.515,214.87,214.33,214.825,200798
2026-08-15 11:34:00,214.8499,215.04,214.7717,214.79,181859
2026-08-15 11:35:00,214.83,214.93,214.78,214.85,120241
2026-08-15 11:36:00,214.85,215.0699,214.7003,214.98,156579
2026-08-15 11:37:00,214.95,215.32,214.83,215.31,233567
2026-08-15 11:38:00,215.3,215.335,215.16,215.2452,173636
2026-08-15 11:39:00,215.23,215.28,215.13,215.25,85074
2026-08-15 11:40:00,215.23,215.33,215.08,215.11,153044
2026-08-15 11:41:00,215.13,215.19,214.88,215.0,178715
2026-08-15 11:42:00,214.9801,215.24,214.9338,215.145,130557
2026-08-15 11:43:00,215.1224,215.56,215.1224,215.55,205155
2026-08-15 11:44:00,215.53,215.78,215.45,215.48,282509
2026-08-15 11:45:00,215.475,215.5999,215.32,215.5857,148211
2026-08-15 11:46:00,215.6,215.78,215.49,215.74,151970
2026-08-15 11:47:00,215.7399,215.76,215.62,215.695,107634
2026-08-15 11:48:00,215.68,216.21,215.67,216.075,243840
2026-08-15 11:49:00,216.08,216.2,215.75,215.75,249741
2026-08-15 11:50:00,215.735,215.8999,215.36,215.38,232862
2026-08-15 11:51:00,215.3886,215.7,215.3,215.62,168146
2026-08-15 11:52:00,215.65,216.01,215.62,215.86,164569
2026-08-15 11:53:00,215.8465,216.04,215.8465,216.0194,104923
2026-08-15 11:54:00,216.01,216.17,215.91,215.9501,149235
2026-08-15 11:55:00,215.96,216.14,215.9101,215.98,167571
2026-08-15 11:56:00,215.97,215.975,215.64,215.7,167908
2026-08-15 11:57:00,215.7105,215.8897,215.6504,215.7807,119140
2026-08-15 11:58:00,215.76,215.76,215.56,215.57,124609
2026-08-15 11:59:00,215.58,215.8199,215.5732,215.7299,129024
2026-08-15 12:00:00,215.69,215.92,215.63,215.8,139799
2026-08-15 12:01:00,215.79,215.79,215.42,215.45,152864
2026-08-15 12:02:00,215.4468,215.4599,215.057,215.1699,181637
2026-08-15 12:03:00,215.14,215.2898,215.0,215.25,174814
2026-08-15 12:04:00,215.24,215.55,215.24,215.34,165391
2026-08-15 12:05:00,215.38,215.43,215.163,215.25,74901
2026-08-15 12:06:00,215.25,215.3281,215.04,215.3017,136650
2026-08-15 12:07:00,215.29,215.3099,215.12,215.24,125586
2026-08-15 12:08:00,215.24,215.3999,215.1601,215.3401,89961
2026-08-15 12:09:00,215.36,215.81,215.28,215.675,222463
2026-08-15 12:10:00,215.6501,215.87,215.58,215.8175,140446
2026-08-15 12:11:00,215.8224,216.14,215.81,216.105,203805
2026-08-15 12:12:00,216.1,216.1,215.89,216.03,123012
2026-08-15 12:13:00,216.01,216.37,215.98,216.3101,161700
2026-08-15 12:14:00,216.31,216.39,216.19,216.39,112010
2026-08-15 12:15:00,216.38,216.78,216.34,216.59,291810
2026-08-15 12:16:00,216.59,216.71,216.4,216.56,169670
2026-08-15 12:17:00,216.56,216.61,216.3901,216.4019,127945
2026-08-15 12:18:00,216.4399,216.615,216.4,216.57,132577
2026-08-15 12:19:00,216.5799,216.71,216.41,216.41,151211
2026-08-15 12:20:00,216.44,216.44,216.29,216.348,110988
2026-08-15 12:21:00,216.3376,216.37,216.14,216.2799,133571
2026-08-15 12:22:00,216.27,216.31,216.14,216.24,103801
2026-08-15 12:23:00,216.25,216.26,215.92,216.2599,174233
2026-08-15 12:24:00,216.2475,216.32,216.08,216.09,94681
2026-08-15 12:25:00,216.0901,216.1961,215.95,216.01,125699
2026-08-15 12:26:00,215.97,216.0837,215.886,215.93,113263
2026-08-15 12:27:00,215.96,216.1799,215.9501,216.08,108052
2026-08-15 12:28:00,216.0495,216.25,216.0495,216.245,126122
2026-08-15 12:29:00,216.23,216.5,216.23,216.335,181419
2026-08-15 12:30:00,216.32,216.54,216.25,216.46,138662
2026-08-15 12:31:00,216.4513,216.55,216.35,216.45,107797
2026-08-15 12:32:00,216.46,216.505,216.34,216.37,76774
2026-08-15 12:33:00,216.3697,216.4657,216.27,216.34,107061
2026-08-15 12:34:00,216.33,216.44,216.26,216.32,99615
2026-08-15 12:35:00,216.33,216.46,216.16,216.422,143446
2026-08-15 12:36:00,216.41,216.5699,216.38,216.5391,130831
2026-08-15 12:37:00,216.53,216.59,216.39,216.4083,95707
2026-08-15 12:38:00,216.405,216.49,216.35,216.36,63606
2026-08-15 12:39:00,216.3509,216.43,216.214,216.3901,101511
2026-08-15 12:40:00,216.42,216.42,216.24,216.3482,86529
2026-08-15 12:41:00,216.3526,216.3699,216.18,216.24,104593
2026-08-15 12:42:00,216.2511,216.2899,215.97,216.0314,142391
2026-08-15 12:43:00,216.04,216.23,216.01,216.22,111412
2026-08-15 12:44:00,216.22,216.35,216.2,216.29,98943
2026-08-15 12:45:00,216.28,216.3,216.1,216.13,81862
2026-08-15 12:46:00,216.16,216.35,216.1,216.335,95391
2026-08-15 12:47:00,216.34,216.34,216.17,216.3099,79338
2026-08-15 12:48:00,216.3,216.34,216.21,216.27,48134
2026-08-15 12:49:00,216.2899,216.35,216.24,216.31,55182
2026-08-15 12:50:00,216.32,216.39,216.2,216.3799,73479
2026-08-15 12:51:00,216.37,216.82,216.2901,216.78,216895
2026-08-15 12:52:00,216.78,216.78,216.59,216.6,142247
2026-08-15 12:53:00,216.6081,216.6699,216.5018,216.58,103062
2026-08-15 12:54:00,216.57,216.77,216.57,216.75,128068
2026-08-15 12:55:00,216.7548,216.9799,216.64,216.86,191698
2026-08-15 12:56:00,216.86,216.9797,216.81,216.87,141160
2026-08-15 12:57:00,216.86,217.1484,216.8507,217.13,159965
2026-08-15 12:58:00,217.15,217.4082,217.15,217.365,215306
2026-08-15 12:59:00,217.36,217.36,217.05,217.1001,174134
2026-08-15 13:00:00,217.135,217.2499,217.04,217.1516,112384
2026-08-15 13:01:00,217.19,217.24,216.82,216.84,135256
2026-08-15 13:02:00,216.84,216.99,216.83,216.875,136483
2026-08-15 13:03:00,216.87,216.98,216.868,216.92,71416
2026-08-15 13:04:00,216.921,216.93,216.76,216.92,106719
2026-08-15 13:05:00,216.9,217.17,216.9,217.07,191174
2026-08-15 13:06:00,217.09,217.09,216.9,216.97,82052
2026-08-15 13:07:00,216.96,216.98,216.84,216.88,83770
2026-08-15 13:08:00,216.885,216.97,216.7701,216.87,89657
2026-08-15 13:09:00,216.8551,217.0399,216.79,217.0396,111161
2026-08-15 13:10:00,217.03,217.12,216.91,216.93,145649
2026-08-15 13:11:00,216.95,217.07,216.9,217.0661,60326
2026-08-15 13:12:00,217.079,217.3698,217.02,217.31,193634
2026-08-15 13:13:00,217.315,217.34,217.18,217.2601,81147
2026-08-15 13:14:00,217.28,217.289,217.08,217.1,84176
2026-08-15 13:15:00,217.115,217.19,217.0301,217.085,87260
2026-08-15 13:16:00,217.1,217.15,217.0214,217.0329,72800
2026-08-15 13:17:00,217.02,217.2799,216.96,217.1,228756
2026-08-15 13:18:00,217.0997,217.29,217.04,217.265,125658
2026-08-15 13:19:00,217.2799,217.29,217.11,217.2,313261
2026-08-15 13:20:00,217.19,217.3163,217.16,217.22,85277
2026-08-15 13:21:00,217.21,217.3,217.2,217.24,81409
2026-08-15 13:22:00,217.28,217.43,217.22,217.3897,100397
2026-08-15 13:23:00,217.4,217.6499,217.3801,217.62,194967
2026-08-15 13:24:00,217.64,217.67,217.53,217.531,91044
2026-08-15 13:25:00,217.54,217.57,217.45,217.465,80505
2026-08-15 13:26:00,217.465,217.5396,217.34,217.52,92377
2026-08-15 13:27:00,217.5138,217.53,217.35,217.4501,78466
2026-08-15 13:28:00,217.465,217.5,217.36,217.45,84310
2026-08-15 13:29:00,217.49,217.64,217.4,217.64,75012
2026-08-15 13:30:00,217.61,217.66,217.5101,217.57,75755
2026-08-15 13:31:00,217.57,217.7999,217.56,217.735,106017
2026-08-15 13:32:00,217.7422,217.84,217.7,217.84,71587
2026-08-15 13:33:00,217.8386,217.97,217.72,217.9422,156045
2026-08-15 13:34:00,217.9593,218.06,217.73,217.8,242227
2026-08-15 13:35:00,217.8199,217.9,217.61,217.82,143616
2026-08-15 13:36:00,217.84,217.8799,217.62,217.6602,67188
2026-08-15 13:37:00,217.66,217.82,217.66,217.69,883881
2026-08-15 13:38:00,217.7178,217.7975,217.67,217.78,62062
2026-08-15 13:39:00,217.765,217.81,217.57,217.58,110859
2026-08-15 13:40:00,217.6,217.8,217.55,217.71,113770
2026-08-15 13:41:00,217.72,217.77,217.6,217.6,102577
2026-08-15 13:42:00,217.614,217.82,217.54,217.75,116493
2026-08-15 13:43:00,217.76,217.9,217.7,217.86,123839
2026-08-15 13:44:00,217.8767,217.89,217.76,217.87,91836
2026-08-15 13:45:00,217.8601,217.8699,217.65,217.765,104851
2026-08-15 13:46:00,217.7827,217.8759,217.73,217.75,42523
2026-08-15 13:47:00,217.76,217.7799,217.5,217.52,109253
2026-08-15 13:48:00,217.5203,217.6299,217.43,217.51,127384
2026-08-15 13:49:00,217.525,217.65,217.51,217.6,98554
2026-08-15 13:50:00,217.61,217.6499,216.8301,217.0606,243470
2026-08-15 13:51:00,217.06,217.25,217.0,217.15,147252
2026-08-15 13:52:00,217.19,217.28,217.1,217.2476,88915
2026-08-15 13:53:00,217.24,217.25,217.03,217.0685,132881
2026-08-15 13:54:00,217.08,217.13,216.93,217.05,160405
2026-08-15 13:55:00,217.05,217.25,217.01,217.225,100901
2026-08-15 13:56:00,217.23,217.33,217.14,217.3201,94772
2026-08-15 13:57:00,217.3326,217.65,217.32,217.61,167391
2026-08-15 13:58:00,217.5801,217.61,217.5,217.5715,86349
2026-08-15 13:59:00,217.5701,217.7939,217.57,217.77,166224
2026-08-15 14:00:00,217.77,217.7899,217.57,217.6024,133595
2026-08-15 14:01:00,217.58,217.67,217.55,217.5871,71229
2026-08-15 14:02:00,217.5912,217.68,217.5301,217.605,50704
2026-08-15 14:03:00,217.6,217.63,217.44,217.45,67572
2026-08-15 14:04:00,217.4799,217.51,217.3,217.43,96589
2026-08-15 14:05:00,217.435,217.47,217.12,217.16,115290
2026-08-15 14:06:00,217.15,217.33,217.09,217.24,93398
2026-08-15 14:07:00,217.2359,217.2359,216.88,216.96,183708
2026-08-15 14:08:00,216.9885,217.04,216.58,216.64,291117
2026-08-15 14:09:00,216.63,216.865,216.6201,216.66,121304
2026-08-15 14:10:00,216.6141,216.63,216.36,216.52,303448
2026-08-15 14:11:00,216.5225,216.72,216.395,216.44,199343
2026-08-15 14:12:00,216.46,216.49,216.24,216.2598,109880
2026-08-15 14:13:00,216.2699,216.28,215.9,215.9,226370
2026-08-15 14:14:00,215.94,216.05,215.8,215.8698,220377
2026-08-15 14:15:00,215.8699,216.17,215.8699,216.155,178772
2026-08-15 14:16:00,216.1462,216.1595,216.0,216.02,144754
2026-08-15 14:17:00,216.02,216.17,216.0,216.04,122801
2026-08-15 14:18:00,216.05,216.11,215.86,215.9199,103243
2026-08-15 14:19:00,215.9185,216.09,215.844,216.09,153003
2026-08-15 14:20:00,216.0899,216.1165,215.98,215.98,74672
2026-08-15 14:21:00,215.98,215.9999,215.64,215.8099,247064
2026-08-15 14:22:00,215.81,215.85,215.61,215.62,97451
2026-08-15 14:23:00,215.62,215.88,215.61,215.78,115798
2026-08-15 14:24:00,215.795,215.88,215.67,215.69,104192
2026-08-15 14:25:00,215.69,215.808,215.69,215.75,75180
2026-08-15 14:26:00,215.75,215.945,215.69,215.915,122903
2026-08-15 14:27:00,215.9294,215.9294,215.75,215.88,3601058
2026-08-15 14:28:00,215.8697,216.0887,215.7503,216.06,180880
2026-08-15 14:29:00,216.07,216.18,216.04,216.12,153434
2026-08-15 14:30:00,216.12,216.17,215.71,215.7901,195126
2026-08-15 14:31:00,215.8,215.9699,215.8,215.8339,121109
2026-08-15 14:32:00,215.83,215.95,215.77,215.92,89300
2026-08-15 14:33:00,215.92,215.92,215.63,215.8037,125900
2026-08-15 14:34:00,215.8,215.93,215.68,215.807,140736
2026-08-15 14:35:00,215.785,215.96,215.7601,215.93,89112
2026-08-15 14:36:00,215.96,216.2,215.94,216.11,165349
2026-08-15 14:37:00,216.1,216.1,215.82,215.87,92304
2026-08-15 14:38:00,215.87,215.96,215.75,215.82,85285
2026-08-15 14:39:00,215.82,215.93,215.7704,215.87,125335
2026-08-15 14:40:00,215.88,215.92,215.79,215.815,60521
2026-08-15 14:41:00,215.815,215.902,215.72,215.8801,99928
2026-08-15 14:42:00,215.88,215.8999,215.7701,215.8,60576
2026-08-15 14:43:00,215.8,215.89,215.7405,215.8097,65813
2026-08-15 14:44:00,215.7901,215.82,215.57,215.6705,117874
2026-08-15 14:45:00,215.6984,215.83,215.67,215.82,96467
2026-08-15 14:46:00,215.82,215.96,215.775,215.9599,91951
2026-08-15 14:47:00,215.9592,215.96,215.7768,215.81,107611
2026-08-15 14:48:00,215.81,215.89,215.57,215.635,127156
2026-08-15 14:49:00,215.65,216.04,215.64,215.95,120279
2026-08-15 14:50:00,215.98,215.987,215.88,215.92,74465
2026-08-15 14:51:00,215.925,215.99,215.82,215.85,77325
2026-08-15 14:52:00,215.8798,215.92,215.7501,215.92,73267
2026-08-15 14:53:00,215.92,216.01,215.8301,215.96,70449
2026-08-15 14:54:00,215.9498,216.13,215.9301,216.12,117842
2026-08-15 14:55:00,216.105,216.31,216.105,216.26,199041
2026-08-15 14:56:00,216.24,216.2693,216.11,216.23,113056
2026-08-15 14:57:00,216.22,216.34,216.19,216.32,119219
2026-08-15 14:58:00,216.315,216.38,216.2288,216.35,84396
2026-08-15 14:59:00,216.36,216.4,216.25,216.28,144076
2026-08-15 15:00:00,216.2836,216.2899,216.07,216.12,114828
2026-08-15 15:01:00,216.125,216.34,216.1,216.34,87943
2026-08-15 15:02:00,216.33,216.37,216.18,216.205,289090
2026-08-15 15:03:00,216.22,216.28,216.11,216.18,68411
2026-08-15 15:04:00,216.16,216.16,215.9116,216.11,140909
2026-08-15 15:05:00,216.12,216.18,216.0401,216.175,98743
2026-08-15 15:06:00,216.17,216.2699,216.13,216.24,97077
2026-08-15 15:07:00,216.24,216.3,216.11,216.14,73862
2026-08-15 15:08:00,216.14,216.14,216.0201,216.04,81200
2026-08-15 15:09:00,216.0382,216.05,215.93,215.97,78898
2026-08-15 15:10:00,215.96,216.0199,215.72,215.9299,164488
2026-08-15 15:11:00,215.93,215.98,215.86,215.975,91625
2026-08-15 15:12:00,215.9793,216.19,215.965,216.12,99992
2026-08-15 15:13:00,216.12,216.2294,216.09,216.13,109065
2026-08-15 15:14:00,216.15,216.17,216.0,216.09,79189
2026-08-15 15:15:00,216.108,216.108,216.0,216.07,76704
2026-08-15 15:16:00,216.07,216.104,215.9606,215.9606,57777
2026-08-15 15:17:00,215.96,216.19,215.95,216.14,68893
2026-08-15 15:18:00,216.13,216.28,216.1038,216.19,100076
2026-08-15 15:19:00,216.19,216.275,216.11,216.275,81004
2026-08-15 15:20:00,216.27,216.278,216.08,216.17,85869
2026-08-15 15:21:00,216.17,216.2006,216.03,216.13,81043
2026-08-15 15:22:00,216.14,216.1607,216.05,216.1,120187
2026-08-15 15:23:00,216.09,216.14,216.0158,216.065,49245
2026-08-15 15:24:00,216.06,216.235,216.06,216.2,75827
2026-08-15 15:25:00,216.19,216.2334,216.01,216.115,115956
2026-08-15 15:26:00,216.12,216.22,216.033,216.22,82751
2026-08-15 15:27:00,216.22,216.3899,216.18,216.36,163300
2026-08-15 15:28:00,216.36,216.6499,216.31,216.6146,200136
2026-08-15 15:29:00,216.6093,216.61,216.4514,216.47,112558
2026-08-15 15:30:00,216.4572,216.52,216.23,216.47,166470
2026-08-15 15:31:00,216.46,216.66,216.35,216.63,124474
2026-08-15 15:32:00,216.63,216.64,216.5,216.56,110937
2026-08-15 15:33:00,216.56,216.67,216.468,216.6401,96707
2026-08-15 15:34:00,216.6525,216.685,216.51,216.58,90711
2026-08-15 15:35:00,216.5895,216.5895,216.45,216.49,152679
2026-08-15 15:36:00,216.5,216.5998,216.49,216.5699,78080
2026-08-15 15:37:00,216.55,216.59,216.47,216.57,71552
2026-08-15 15:38:00,216.57,216.6251,216.4,216.52,93341
2026-08-15 15:39:00,216.51,216.65,216.49,216.62,89537
2026-08-15 15:40:00,216.61,216.64,216.44,216.5101,110786
2026-08-15 15:41:00,216.5106,216.55,216.36,216.53,126890
2026-08-15 15:42:00,216.5289,216.63,216.48,216.56,113040
2026-08-15 15:43:00,216.5699,216.62,216.45,216.6,101444
2026-08-15 15:44:00,216.61,216.68,216.37,216.45,144494
2026-08-15 15:45:00,216.46,216.52,216.2001,216.335,148562
2026-08-15 15:46:00,216.33,216.3398,215.9563,216.1391,211886
2026-08-15 15:47:00,216.1302,216.29,216.05,216.23,164379
2026-08-15 15:48:00,216.25,216.34,216.1,216.3399,157134
2026-08-15 15:49:00,216.3026,216.4099,216.18,216.31,123543
2026-08-15 15:50:00,216.3,216.34,216.09,216.28,179116
2026-08-15 15:51:00,216.29,216.3499,216.1203,216.3312,221265
2026-08-15 15:52:00,216.35,216.3999,216.25,216.32,112511
2026-08-15 15:53:00,216.325,216.5,216.31,216.48,184725
2026-08-15 15:54:00,216.5,216.63,216.39,216.61,221082
2026-08-15 15:55:00,216.5901,216.66,216.48,216.55,186584
2026-08-15 15:56:00,216.55,216.6,216.43,216.57,228050
2026-08-15 15:57:00,216.58,216.65,216.36,216.46,250137
2026-08-15 15:58:00,216.47,216.48,216.15,216.24,298202
2026-08-15 15:59:00,216.24,216.32,216.09,216.12,383398
2026-08-18 09:30:00,217.07,219.47,217.04,219.3053,1076690
2026-08-18 09:31:00,219.27,219.58,217.9,218.07,664648
2026-08-18 09:32:00,218.06,218.0682,216.14,216.14,723606
2026-08-18 09:33:00,216.1599,216.48,215.7,215.825,668800
2026-08-18 09:34:00,215.7901,216.015,215.21,215.54,588689
2026-08-18 09:35:00,215.53,215.9,214.7718,215.1099,651237
2026-08-18 09:36:00,215.081,215.34,214.75,215.01,481220
2026-08-18 09:37:00,215.0057,215.0172,214.2,214.4679,682001
2026-08-18 09:38:00,214.48,214.67,214.09,214.415,494230
2026-08-18 09:39:00,214.41,215.2499,214.4,214.83,485370
2026-08-18 09:40:00,214.84,215.3,214.82,215.1058,385341
2026-08-18 09:41:00,215.1,215.58,214.95,215.39,371527
2026-08-18 09:42:00,215.4099,216.8999,215.35,216.7052,679883
2026-08-18 09:43:00,216.73,217.02,216.37,216.47,502649
2026-08-18 09:44:00,216.47,217.7683,216.24,217.69,533758
2026-08-18 09:45:00,217.73,217.8,217.26,217.405,442460
2026-08-18 09:46:00,217.405,218.69,217.3615,218.63,582835
2026-08-18 09:47:00,218.615,218.9292,218.44,218.88,500112
2026-08-18 09:48:00,218.89,219.65,218.84,219.65,657119
2026-08-18 09:49:00,219.6,219.69,218.92,219.27,518962
2026-08-18 09:50:00,219.2756,219.4968,218.62,218.64,527725
2026-08-18 09:51:00,218.62,218.83,217.92,218.153,478828
2026-08-18 09:52:00,218.06,218.83,218.04,218.52,388716
2026-08-18 09:53:00,218.56,218.56,217.7,217.845,368063
2026-08-18 09:54:00,217.82,217.94,217.15,217.3,403223
2026-08-18 09:55:00,217.28,217.69,217.07,217.43,325624
2026-08-18 09:56:00,217.4192,218.4571,217.4192,217.9627,492880
2026-08-18 09:57:00,217.962,218.1931,217.29,217.3895,288359
2026-08-18 09:58:00,217.3933,217.45,216.85,216.9548,384222
2026-08-18 09:59:00,216.965,217.37,216.61,216.81,365305
2026-08-18 10:00:00,216.87,217.49,216.87,216.96,302907
2026-08-18 10:01:00,216.98,217.215,216.1,216.3727,433814
2026-08-18 10:02:00,216.34,216.6617,216.12,216.21,233467
2026-08-18 10:03:00,216.19,216.7,216.14,216.7,227727
2026-08-18 10:04:00,216.66,217.55,216.55,217.2803,494909
2026-08-18 10:05:00,217.3,217.73,217.04,217.3701,313410
2026-08-18 10:06:00,217.43,218.2,217.4,217.99,403461
2026-08-18 10:07:00,217.98,218.75,217.9619,218.72,399506
2026-08-18 10:08:00,218.71,218.95,218.55,218.908,311754
2026-08-18 10:09:00,218.9132,219.14,218.8,218.995,462321
2026-08-18 10:10:00,218.99,219.5,218.9381,219.2,504825
2026-08-18 10:11:00,219.21,219.39,219.05,219.245,321583
2026-08-18 10:12:00,219.231,219.3599,218.68,219.28,498913
2026-08-18 10:13:00,219.27,220.6997,219.25,220.59,1156612
2026-08-18 10:14:00,220.6018,220.7,219.91,220.19,538109
2026-08-18 10:15:00,220.1991,221.49,220.17,221.42,759879
2026-08-18 10:16:00,221.39,221.4,220.746,221.11,467113
2026-08-18 10:17:00,221.1,221.18,220.385,220.385,489039
2026-08-18 10:18:00,220.405,221.1899,220.38,221.12,434587
2026-08-18 10:19:00,221.09,221.09,219.81,220.009,558515
2026-08-18 10:20:00,220.014,220.1599,219.1505,219.455,506573
2026-08-18 10:21:00,219.448,220.47,219.4,220.3003,437228
2026-08-18 10:22:00,220.28,220.855,220.15,220.765,378604
2026-08-18 10:23:00,220.79,220.95,220.56,220.81,378180
2026-08-18 10:24:00,220.8463,221.16,220.42,221.1,412084
2026-08-18 10:25:00,221.06,221.39,220.95,221.28,474975
2026-08-18 10:26:00,221.3399,221.9599,221.09,221.645,544831
2026-08-18 10:27:00,221.6301,221.93,221.1425,221.82,440016
2026-08-18 10:28:00,221.85,221.92,221.42,221.545,248417
2026-08-18 10:29:00,221.59,221.89,221.37,221.88,264539
2026-08-18 10:30:00,221.884,222.04,221.42,221.48,453328
2026-08-18 10:31:00,221.49,222.0,221.19,221.83,358382
2026-08-18 10:32:00,221.8201,222.38,221.82,222.155,495688
2026-08-18 10:33:00,222.155,222.17,221.53,221.63,286340
2026-08-18 10:34:00,221.61,221.71,220.84,220.9299,389615
2026-08-18 10:35:00,220.89,221.41,220.67,221.36,352034
2026-08-18 10:36:00,221.33,221.59,221.16,221.27,268522
2026-08-18 10:37:00,221.27,221.35,220.8,220.96,238594
2026-08-18 10:38:00,220.94,220.95,220.33,220.44,335408
2026-08-18 10:39:00,220.47,221.0699,220.41,220.76,279252
2026-08-18 10:40:00,220.75,220.89,220.36,220.525,205484
2026-08-18 10:41:00,220.5413,220.75,220.2759,220.6827,199933
2026-08-18 10:42:00,220.69,220.75,220.41,220.5,174015
2026-08-18 10:43:00,220.4999,220.77,220.24,220.34,193884
2026-08-18 10:44:00,220.3601,220.5,220.23,220.5,143367
2026-08-18 10:45:00,220.48,221.0,220.4605,220.695,278620
2026-08-18 10:46:00,220.7199,220.76,220.24,220.6438,199625
2026-08-18 10:47:00,220.62,220.64,220.31,220.5834,174978
2026-08-18 10:48:00,220.6,220.6098,220.23,220.245,141407
2026-08-18 10:49:00,220.23,220.349,220.03,220.29,249657
2026-08-18 10:50:00,220.25,220.68,220.12,220.65,203340
2026-08-18 10:51:00,220.63,220.81,220.5,220.65,202352
2026-08-18 10:52:00,220.635,220.659,220.21,220.59,180462
2026-08-18 10:53:00,220.58,221.268,220.5604,221.2236,331328
2026-08-18 10:54:00,221.24,221.3079,220.46,220.61,310546
2026-08-18 10:55:00,220.5098,220.69,219.92,220.115,363315
2026-08-18 10:56:00,220.1,220.1,219.72,219.8492,218364
2026-08-18 10:57:00,219.84,220.2072,219.76,220.1801,273416
2026-08-18 10:58:00,220.2,220.2,219.8101,219.9101,136432
2026-08-18 10:59:00,219.9298,220.05,219.73,220.05,161278
2026-08-18 11:00:00,220.06,220.225,219.94,220.14,170404
2026-08-18 11:01:00,220.15,220.15,219.56,219.595,158591
2026-08-18 11:02:00,219.5986,220.3,219.59,220.2005,200491
2026-08-18 11:03:00,220.2184,220.37,220.15,220.22,128820
2026-08-18 11:04:00,220.2599,220.5,220.205,220.39,184635
2026-08-18 11:05:00,220.37,220.6664,220.27,220.61,217109
2026-08-18 11:06:00,220.6,220.97,220.6,220.8445,253660
2026-08-18 11:07:00,220.83,220.84,220.1201,220.16,183029
2026-08-18 11:08:00,220.18,220.43,219.8951,220.29,173506
2026-08-18 11:09:00,220.2799,220.3254,220.06,220.185,133555
2026-08-18 11:10:00,220.2299,220.2299,219.95,220.08,123298
2026-08-18 11:11:00,220.11,220.11,219.7639,219.87,129238
2026-08-18 11:12:00,219.86,219.8799,219.59,219.64,140116
2026-08-18 11:13:00,219.63,219.74,219.36,219.6885,256329
2026-08-18 11:14:00,219.67,219.6866,219.23,219.23,239335
2026-08-18 11:15:00,219.23,219.59,219.2,219.44,155660
2026-08-18 11:16:00,219.44,219.62,219.32,219.5609,128662
2026-08-18 11:17:00,219.57,219.5707,218.94,219.0,256207
2026-08-18 11:18:00,219.0,219.34,218.93,219.23,192628
2026-08-18 11:19:00,219.2282,219.4,219.1,219.3342,142547
2026-08-18 11:20:00,219.3393,219.7,219.28,219.66,207279
2026-08-18 11:21:00,219.645,219.8,219.51,219.735,129132
2026-08-18 11:22:00,219.72,219.86,219.6,219.85,116102
2026-08-18 11:23:00,219.86,220.0,219.79,219.9521,162333
2026-08-18 11:24:00,219.95,220.0,219.75,219.8714,120536
2026-08-18 11:25:00,219.8743,220.11,219.83,220.03,125816
2026-08-18 11:26:00,220.045,220.41,220.02,220.2208,200255
2026-08-18 11:27:00,220.2295,220.2295,219.97,220.02,118924
2026-08-18 11:28:00,220.02,220.1199,219.84,219.9899,112670
2026-08-18 11:29:00,219.99,220.1,219.95,220.065,98339
2026-08-18 11:30:00,220.07,220.08,219.62,219.8,160977
2026-08-18 11:31:00,219.805,220.22,219.7,220.15,153605
2026-08-18 11:32:00,220.16,220.45,220.1501,220.3099,169104
2026-08-18 11:33:00,220.3072,220.5099,220.2,220.21,156801
2026-08-18 11:34:00,220.2173,220.37,219.94,219.96,129872
2026-08-18 11:35:00,219.955,220.31,219.88,220.2145,93319
2026-08-18 11:36:00,220.1886,220.44,220.18,220.28,114462
2026-08-18 11:37:00,220.305,220.3199,220.17,220.2501,63118
2026-08-18 11:38:00,220.25,220.31,220.16,220.16,72940
2026-08-18 11:39:00,220.1601,220.49,220.135,220.455,129030
2026-08-18 11:40:00,220.4799,220.62,220.46,220.495,150216
2026-08-18 11:41:00,220.51,220.5199,220.23,220.36,88991
2026-08-18 11:42:00,220.35,220.6,220.29,220.5888,93315
2026-08-18 11:43:00,220.55,220.71,220.47,220.67,112951
2026-08-18 11:44:00,220.67,220.84,220.6,220.67,121003
2026-08-18 11:45:00,220.65,220.74,220.551,220.5701,83073
2026-08-18 11:46:00,220.6199,220.8,220.57,220.77,85485
2026-08-18 11:47:00,220.78,220.92,220.72,220.7416,97468
2026-08-18 11:48:00,220.735,220.85,220.63,220.8099,97025
2026-08-18 11:49:00,220.8032,220.8572,220.65,220.83,76767
2026-08-18 11:50:00,220.8201,220.9744,220.735,220.825,102985
2026-08-18 11:51:00,220.8276,220.97,220.81,220.9,76737
2026-08-18 11:52:00,220.8824,221.06,220.8212,220.952,137416
2026-08-18 11:53:00,220.9633,221.06,220.88,220.9295,95719
2026-08-18 11:54:00,220.9299,221.06,220.87,220.96,117054
2026-08-18 11:55:00,221.0299,221.1882,220.88,220.935,150171
2026-08-18 11:56:00,220.93,221.01,220.49,220.54,166340
2026-08-18 11:57:00,220.55,220.66,220.26,220.27,222786
2026-08-18 11:58:00,220.25,220.33,219.71,219.8001,247601
2026-08-18 11:59:00,219.8514,220.04,219.8401,219.9988,165868
2026-08-18 12:00:00,220.0,220.03,219.42,219.54,206749
2026-08-18 12:01:00,219.52,219.6599,219.52,219.61,83967
2026-08-18 12:02:00,219.57,220.06,219.545,220.0116,156375
2026-08-18 12:03:00,220.03,220.1843,220.0127,220.17,116452
2026-08-18 12:04:00,220.15,220.15,219.9001,220.075,88283
2026-08-18 12:05:00,220.07,220.1899,220.0301,220.14,63293
2026-08-18 12:06:00,220.14,220.14,219.98,220.0543,64677
2026-08-18 12:07:00,220.03,220.13,220.02,220.095,47265
2026-08-18 12:08:00,220.07,220.2,220.06,220.1184,50782
2026-08-18 12:09:00,220.11,220.3499,220.07,220.33,82700
2026-08-18 12:10:00,220.32,220.8,220.2701,220.7299,176896
2026-08-18 12:11:00,220.7,220.79,220.61,220.78,97903
2026-08-18 12:12:00,220.789,220.92,220.68,220.84,103177
2026-08-18 12:13:00,220.84,220.9199,220.77,220.8,77409
2026-08-18 12:14:00,220.8,220.81,220.6,220.77,105403
2026-08-18 12:15:00,220.77,221.01,220.76,221.0,128781
2026-08-18 12:16:00,220.99,221.0603,220.9302,221.05,119044
2026-08-18 12:17:00,221.07,221.3699,220.975,221.2401,188222
2026-08-18 12:18:00,221.24,221.37,221.2,221.2399,123138
2026-08-18 12:19:00,221.21,221.2499,221.0,221.05,110044
2026-08-18 12:20:00,221.03,221.04,220.86,220.91,86046
2026-08-18 12:21:00,220.91,220.91,220.7301,220.8113,85398
2026-08-18 12:22:00,220.82,220.8299,220.53,220.6805,135028
2026-08-18 12:23:00,220.7,220.7799,220.54,220.7,84911
2026-08-18 12:24:00,220.6701,220.85,220.6607,220.8,72668
2026-08-18 12:25:00,220.791,221.12,220.73,221.0,123821
2026-08-18 12:26:00,220.995,221.0,220.7,220.78,87579
2026-08-18 12:27:00,220.7846,220.8499,220.72,220.72,46930
2026-08-18 12:28:00,220.74,220.99,220.713,220.97,65541
2026-08-18 12:29:00,220.96,221.0485,220.88,220.94,66116
2026-08-18 12:30:00,220.9001,220.9224,220.4201,220.53,116593
2026-08-18 12:31:00,220.52,220.57,220.41,220.53,92493
2026-08-18 12:32:00,220.53,220.7199,220.4962,220.535,84515
2026-08-18 12:33:00,220.535,220.58,220.46,220.46,58082
2026-08-18 12:34:00,220.4503,220.53,220.1,220.29,142278
2026-08-18 12:35:00,220.32,220.4721,220.3,220.425,76682
2026-08-18 12:36:00,220.415,220.85,220.41,220.805,102575
2026-08-18 12:37:00,220.8,220.9,220.77,220.77,71942
2026-08-18 12:38:00,220.76,220.79,220.59,220.73,77963
2026-08-18 12:39:00,220.742,220.88,220.72,220.76,56551
2026-08-18 12:40:00,220.765,220.85,220.67,220.79,59355
2026-08-18 12:41:00,220.8291,220.98,220.8123,220.9,98041
2026-08-18 12:42:00,220.905,220.99,220.83,220.84,81717
2026-08-18 12:43:00,220.86,221.01,220.7701,220.9328,84401
2026-08-18 12:44:00,220.94,221.05,220.9101,220.95,88099
2026-08-18 12:45:00,220.93,220.9995,220.81,220.92,67335
2026-08-18 12:46:00,220.93,221.04,220.86,220.95,48662
2026-08-18 12:47:00,220.94,221.04,220.88,220.93,73456
2026-08-18 12:48:00,220.91,220.92,220.7636,220.82,53512
2026-08-18 12:49:00,220.8255,220.905,220.8,220.83,44274
2026-08-18 12:50:00,220.83,220.9999,220.805,220.91,111231
2026-08-18 12:51:00,220.92,221.3,220.89,221.29,163505
2026-08-18 12:52:00,221.28,221.475,221.2601,221.3601,154514
2026-08-18 12:53:00,221.36,221.6275,221.34,221.6,189939
2026-08-18 12:54:00,221.59,221.61,221.46,221.54,128080
2026-08-18 12:55:00,221.5303,221.57,221.2,221.4,149138
2026-08-18 12:56:00,221.4007,221.4007,221.05,221.21,133786
2026-08-18 12:57:00,221.2,221.26,220.96,221.03,81856
2026-08-18 12:58:00,221.025,221.11,220.88,220.94,93053
2026-08-18 12:59:00,220.92,221.13,220.84,221.1,89175
2026-08-18 13:00:00,221.09,221.2984,221.04,221.15,104980
2026-08-18 13:01:00,221.1696,221.25,221.13,221.2075,77868
2026-08-18 13:02:00,221.2,221.31,221.16,221.2501,107141
2026-08-18 13:03:00,221.2549,221.3699,221.21,221.3458,53804
2026-08-18 13:04:00,221.36,221.3691,221.16,221.22,58428
2026-08-18 13:05:00,221.23,221.26,221.08,221.1199,59639
2026-08-18 13:06:00,221.115,221.1599,220.996,221.13,84701
2026-08-18 13:07:00,221.1199,221.24,221.06,221.17,67879
2026-08-18 13:08:00,221.17,221.24,221.1,221.1201,42596
2026-08-18 13:09:00,221.13,221.15,221.08,221.11,34618
2026-08-18 13:10:00,221.12,221.1899,221.05,221.13,64901
2026-08-18 13:11:00,221.13,221.24,220.65,220.685,166629
2026-08-18 13:12:00,220.7098,221.0,220.7,220.975,132389
2026-08-18 13:13:00,220.93,220.98,220.66,220.7438,95957
2026-08-18 13:14:00,220.7365,220.91,220.7365,220.8004,82349
2026-08-18 13:15:00,220.8001,220.8158,220.5613,220.68,110641
2026-08-18 13:16:00,220.65,220.72,220.47,220.48,123668
2026-08-18 13:17:00,220.47,220.63,220.44,220.57,71408
2026-08-18 13:18:00,220.56,220.71,220.53,220.585,65645
2026-08-18 13:19:00,220.6,220.63,220.45,220.585,57437
2026-08-18 13:20:00,220.6,220.63,220.5,220.525,55918
2026-08-18 13:21:00,220.52,220.75,220.52,220.72,61112
2026-08-18 13:22:00,220.73,220.839,220.66,220.765,63948
2026-08-18 13:23:00,220.7794,220.8034,220.7,220.7152,64841
2026-08-18 13:24:00,220.715,220.82,220.68,220.72,59851
2026-08-18 13:25:00,220.745,220.79,220.69,220.74,39299
2026-08-18 13:26:00,220.75,220.91,220.73,220.89,65325
2026-08-18 13:27:00,220.9087,221.07,220.831,221.0399,117814
2026-08-18 13:28:00,221.02,221.18,220.96,220.96,113983
2026-08-18 13:29:00,220.965,220.966,220.7,220.83,84968
2026-08-18 13:30:00,220.85,221.04,220.85,220.96,56716
2026-08-18 13:31:00,220.96,220.96,220.57,220.68,97913
2026-08-18 13:32:00,220.6986,220.9,220.68,220.9,63350
2026-08-18 13:33:00,220.896,220.95,220.82,220.85,62502
2026-08-18 13:34:00,220.85,221.0197,220.83,220.99,67836
2026-08-18 13:35:00,220.99,221.2299,220.949,221.2,100732
2026-08-18 13:36:00,221.2099,221.2881,221.12,221.16,100630
2026-08-18 13:37:00,221.1739,221.23,221.07,221.15,85288
2026-08-18 13:38:00,221.14,221.25,221.07,221.08,55607
2026-08-18 13:39:00,221.0801,221.16,221.04,221.08,51611
2026-08-18 13:40:00,221.11,221.17,221.06,221.12,44046
2026-08-18 13:41:00,221.14,221.2494,221.11,221.1313,63509
2026-08-18 13:42:00,221.135,221.1399,220.9,220.9898,115690
2026-08-18 13:43:00,220.96,221.04,220.92,220.93,43720
2026-08-18 13:44:00,220.9498,220.96,220.8468,220.9299,49457
2026-08-18 13:45:00,220.9203,221.04,220.88,221.0311,56547
2026-08-18 13:46:00,221.035,221.1999,221.015,221.11,92195
2026-08-18 13:47:00,221.11,221.24,220.93,220.9835,81185
2026-08-18 13:48:00,220.985,221.04,220.96,221.03,34371
2026-08-18 13:49:00,221.02,221.09,220.99,221.0402,37382
2026-08-18 13:50:00,221.05,221.1,220.9,220.915,54596
2026-08-18 13:51:00,220.91,221.03,220.91,221.0244,36399
2026-08-18 13:52:00,221.03,221.12,221.0,221.0301,82300
2026-08-18 13:53:00,221.04,221.08,220.96,221.07,72678
2026-08-18 13:54:00,221.085,221.1899,221.06,221.13,57636
2026-08-18 13:55:00,221.12,221.27,221.07,221.22,88527
2026-08-18 13:56:00,221.2086,221.22,221.04,221.0707,100160
2026-08-18 13:57:00,221.075,221.075,220.96,220.989,67255
2026-08-18 13:58:00,220.985,221.02,220.88,220.89,78338
2026-08-18 13:59:00,220.89,220.99,220.83,220.95,59515
2026-08-18 14:00:00,220.97,221.0,220.8801,220.97,53989
2026-08-18 14:01:00,220.95,221.0,220.67,220.7099,122843
2026-08-18 14:02:00,220.694,220.7813,220.6,220.69,73014
2026-08-18 14:03:00,220.68,220.78,220.63,220.6791,84231
2026-08-18 14:04:00,220.67,220.81,220.5201,220.75,111515
2026-08-18 14:05:00,220.75,220.81,220.63,220.655,51535
2026-08-18 14:06:00,220.62,220.7,220.45,220.51,85872
2026-08-18 14:07:00,220.505,220.645,220.4,220.64,100100
2026-08-18 14:08:00,220.615,220.6396,220.52,220.53,42618
2026-08-18 14:09:00,220.53,220.67,220.5,220.57,70251
2026-08-18 14:10:00,220.57,220.63,220.47,220.5704,54569
2026-08-18 14:11:00,220.5995,220.6698,220.52,220.55,46785
2026-08-18 14:12:00,220.54,220.64,220.53,220.62,33757
2026-08-18 14:13:00,220.65,220.72,220.62,220.6799,64073
2026-08-18 14:14:00,220.675,220.75,220.6602,220.725,68110
2026-08-18 14:15:00,220.71,220.75,220.6599,220.73,36836
2026-08-18 14:16:00,220.73,220.76,220.7,220.7,42897
2026-08-18 14:17:00,220.69,220.76,220.65,220.71,47967
2026-08-18 14:18:00,220.7199,220.895,220.6601,220.87,103386
2026-08-18 14:19:00,220.86,221.0,220.85,220.9601,101265
2026-08-18 14:20:00,220.965,220.965,220.7807,220.792,78421
2026-08-18 14:21:00,220.81,220.945,220.79,220.92,56273
2026-08-18 14:22:00,220.925,220.97,220.85,220.8997,42653
2026-08-18 14:23:00,220.9,220.9294,220.75,220.9,63315
2026-08-18 14:24:00,220.91,220.99,220.89,220.93,47251
2026-08-18 14:25:00,220.93,221.09,220.91,221.09,76350
2026-08-18 14:26:00,221.09,221.13,221.01,221.0409,64373
2026-08-18 14:27:00,221.04,221.15,221.0006,221.128,45467
2026-08-18 14:28:00,221.125,221.26,221.1201,221.25,94122
2026-08-18 14:29:00,221.2596,221.389,221.2215,221.37,111014
2026-08-18 14:30:00,221.375,221.38,221.31,221.35,54639
2026-08-18 14:31:00,221.33,221.4687,221.3295,221.4391,116056
2026-08-18 14:32:00,221.44,221.5899,221.42,221.5801,150084
2026-08-18 14:33:00,221.585,221.79,221.55,221.7495,165959
2026-08-18 14:34:00,221.7301,221.81,221.58,221.78,130043
2026-08-18 14:35:00,221.8031,221.8031,221.61,221.72,117543
2026-08-18 14:36:00,221.74,221.98,221.725,221.95,139495
2026-08-18 14:37:00,221.94,221.968,221.63,221.68,116240
2026-08-18 14:38:00,221.68,221.86,221.6,221.76,123664
2026-08-18 14:39:00,221.76,221.8,221.67,221.7,64753
2026-08-18 14:40:00,221.6972,222.02,221.6701,221.94,287911
2026-08-18 14:41:00,221.94,221.99,221.82,221.9171,93663
2026-08-18 14:42:00,221.92,222.19,221.92,222.1,165553
2026-08-18 14:43:00,222.1,222.27,222.08,222.2,142020
2026-08-18 14:44:00,222.2196,222.37,222.2094,222.3399,148644
2026-08-18 14:45:00,222.31,222.42,222.23,222.35,153280
2026-08-18 14:46:00,222.365,222.57,222.3,222.544,190162
2026-08-18 14:47:00,222.55,222.63,222.44,222.5899,137657
2026-08-18 14:48:00,222.585,222.81,222.5801,222.75,215210
2026-08-18 14:49:00,222.75,222.755,222.6301,222.73,113579
2026-08-18 14:50:00,222.739,222.9199,222.72,222.86,147244
2026-08-18 14:51:00,222.85,222.855,222.62,222.745,148499
2026-08-18 14:52:00,222.74,222.91,222.7061,222.84,122640
2026-08-18 14:53:00,222.85,222.87,222.4101,222.4624,181413
2026-08-18 14:54:00,222.44,222.6399,222.3201,222.585,142664
2026-08-18 14:55:00,222.59,222.59,222.44,222.505,96966
2026-08-18 14:56:00,222.52,222.52,222.25,222.26,136927
2026-08-18 14:57:00,222.269,222.4699,222.26,222.425,105712
2026-08-18 14:58:00,222.42,222.45,222.38,222.435,83193
2026-08-18 14:59:00,222.43,222.435,222.27,222.2901,74224
2026-08-18 15:00:00,222.309,222.3384,222.1,222.3384,173226
2026-08-18 15:01:00,222.345,222.4499,222.0901,222.17,174146
2026-08-18 15:02:00,222.16,222.17,221.9347,222.075,183519
2026-08-18 15:03:00,222.08,222.3,222.0,222.0499,138629
2026-08-18 15:04:00,222.05,222.12,221.96,222.115,82646
2026-08-18 15:05:00,222.11,222.1799,222.0038,222.016,80251
2026-08-18 15:06:00,222.03,222.09,221.84,221.9699,176310
2026-08-18 15:07:00,221.95,222.0,221.84,221.88,102638
2026-08-18 15:08:00,221.875,222.0,221.86,221.9299,118588
2026-08-18 15:09:00,221.93,222.0,221.88,221.97,73390
2026-08-18 15:10:00,221.94,222.0,221.88,221.98,75596
2026-08-18 15:11:00,221.9712,222.01,221.88,222.0,140746
2026-08-18 15:12:00,222.0,222.0,221.86,221.92,131276
2026-08-18 15:13:00,221.9201,222.31,221.9201,222.288,210123
2026-08-18 15:14:00,222.28,222.33,222.13,222.1953,123115
2026-08-18 15:15:00,222.21,222.27,221.955,221.9998,132243
2026-08-18 15:16:00,221.9999,222.01,221.92,221.9399,83133
2026-08-18 15:17:00,221.92,222.0,221.862,222.0,64615
2026-08-18 15:18:00,221.99,222.19,221.975,222.075,88002
2026-08-18 15:19:00,222.07,222.37,222.06,222.365,138833
2026-08-18 15:20:00,222.365,222.37,222.15,222.26,104226
2026-08-18 15:21:00,222.2491,222.33,222.23,222.27,62971
2026-08-18 15:22:00,222.28,222.31,222.2001,222.31,92051
2026-08-18 15:23:00,222.2835,222.51,222.26,222.47,164754
2026-08-18 15:24:00,222.475,222.59,222.39,222.505,135333
2026-08-18 15:25:00,222.4979,222.65,222.47,222.635,107580
2026-08-18 15:26:00,222.64,222.78,222.545,222.545,136545
2026-08-18 15:27:00,222.55,222.7,222.54,222.67,88267
2026-08-18 15:28:00,222.665,222.78,222.65,222.7504,79472
2026-08-18 15:29:00,222.76,222.9,222.74,222.87,111008
2026-08-18 15:30:00,222.88,222.98,222.74,222.9706,150984
2026-08-18 15:31:00,222.97,222.97,222.82,222.89,111294
2026-08-18 15:32:00,222.88,222.88,222.78,222.86,63320
2026-08-18 15:33:00,222.87,222.88,222.734,222.81,104883
2026-08-18 15:34:00,222.81,222.9299,222.74,222.77,112665
2026-08-18 15:35:00,222.7702,222.8395,222.62,222.8001,130991
2026-08-18 15:36:00,222.805,222.88,222.75,222.81,97417
2026-08-18 15:37:00,222.8299,222.865,222.71,222.86,73556
2026-08-18 15:38:00,222.84,222.87,222.65,222.67,109395
2026-08-18 15:39:00,222.65,222.76,222.6002,222.73,127882
2026-08-18 15:40:00,222.71,222.8,222.695,222.77,124051
2026-08-18 15:41:00,222.77,222.91,222.69,222.855,156237
2026-08-18 15:42:00,222.87,222.94,222.8201,222.94,79174
2026-08-18 15:43:00,222.93,222.98,222.73,222.735,122596
2026-08-18 15:44:00,222.74,222.79,222.63,222.679,130037
2026-08-18 15:45:00,222.6501,222.67,222.41,222.55,180235
2026-08-18 15:46:00,222.57,222.61,222.35,222.47,140813
2026-08-18 15:47:00,222.465,222.6299,222.46,222.5901,101822
2026-08-18 15:48:00,222.6,222.65,222.5201,222.541,104373
2026-08-18 15:49:00,222.55,222.56,222.3201,222.42,150714
2026-08-18 15:50:00,222.42,222.61,222.36,222.569,141643
2026-08-18 15:51:00,222.5691,222.74,222.53,222.58,154826
2026-08-18 15:52:00,222.59,222.61,222.3,222.51,176138
2026-08-18 15:53:00,222.54,222.68,222.48,222.67,128390
2026-08-18 15:54:00,222.67,222.74,222.21,222.73,275268
2026-08-18 15:55:00,222.69,222.71,222.31,222.57,197292
2026-08-18 15:56:00,222.565,222.68,222.34,222.645,193384
2026-08-18 15:57:00,222.65,222.71,222.5538,222.6601,188783
2026-08-18 15:58:00,222.67,222.8,222.59,222.8,225370
2026-08-18 15:59:00,222.79,222.88,222.66,222.84,455968
2026-08-19 09:30:00,224.88,226.25,224.73,225.6001,1138087
2026-08-19 09:31:00,225.62,227.26,225.57,227.12,816957
2026-08-19 09:32:00,227.1324,228.1,226.7801,228.025,915570
2026-08-19 09:33:00,228.07,228.22,227.22,227.3681,675101
2026-08-19 09:34:00,227.3633,227.51,226.37,227.155,595194
2026-08-19 09:35:00,227.1893,227.75,226.37,226.51,645491
2026-08-19 09:36:00,226.43,226.6799,225.08,225.5599,839751
2026-08-19 09:37:00,225.56,225.65,224.5567,225.13,754158
2026-08-19 09:38:00,225.1787,226.09,224.9,225.03,605907
2026-08-19 09:39:00,225.07,225.589,224.6613,224.96,484058
2026-08-19 09:40:00,224.98,225.7,224.7,224.7901,525849
2026-08-19 09:41:00,224.8101,225.46,224.68,225.02,409688
2026-08-19 09:42:00,225.0293,226.27,224.9001,225.38,638167
2026-08-19 09:43:00,225.3823,225.6699,225.0,225.375,418860
2026-08-19 09:44:00,225.37,226.66,225.37,226.235,594187
2026-08-19 09:45:00,226.235,226.5,225.56,225.951,531619
2026-08-19 09:46:00,225.92,226.2799,225.7604,225.97,312999
2026-08-19 09:47:00,225.97,226.72,225.97,226.34,342710
2026-08-19 09:48:00,226.34,226.77,226.13,226.4,352997
2026-08-19 09:49:00,226.395,226.4,225.45,225.5572,385774
2026-08-19 09:50:00,225.58,226.22,225.23,225.97,420665
2026-08-19 09:51:00,225.9498,225.97,224.58,224.73,656743
2026-08-19 09:52:00,224.7,225.67,224.7,225.505,437249
2026-08-19 09:53:00,225.54,225.9,225.32,225.6,371070
2026-08-19 09:54:00,225.65,226.45,225.63,226.28,509176
2026-08-19 09:55:00,226.31,226.77,225.93,226.0864,534431
2026-08-19 09:56:00,226.08,226.54,226.03,226.05,298831
2026-08-19 09:57:00,226.06,226.39,226.0,226.365,232411
2026-08-19 09:58:00,226.36,226.4799,225.73,225.77,291051
2026-08-19 09:59:00,225.74,225.83,225.29,225.4,325227
2026-08-19 10:00:00,225.425,225.49,224.2,224.46,586802
2026-08-19 10:01:00,224.43,224.4599,223.1801,223.47,754271
2026-08-19 10:02:00,223.4367,224.15,223.4367,223.8899,492035
2026-08-19 10:03:00,223.84,224.17,223.66,223.81,388885
2026-08-19 10:04:00,223.7995,224.16,223.6901,223.8831,284240
2026-08-19 10:05:00,223.8669,223.91,223.1148,223.23,458382
2026-08-19 10:06:00,223.23,223.6347,222.91,223.39,469477
2026-08-19 10:07:00,223.38,223.47,223.05,223.235,250433
2026-08-19 10:08:00,223.235,223.45,222.92,223.32,370233
2026-08-19 10:09:00,223.3399,223.654,223.08,223.49,369465
2026-08-19 10:10:00,223.46,223.5,222.92,223.33,311847
2026-08-19 10:11:00,223.29,223.3399,222.4201,222.49,507810
2026-08-19 10:12:00,222.4812,222.62,221.634,221.66,705015
2026-08-19 10:13:00,221.685,221.86,221.51,221.79,433483
2026-08-19 10:14:00,221.8097,222.38,221.52,222.15,490513
2026-08-19 10:15:00,222.13,222.59,222.07,222.49,390934
2026-08-19 10:16:00,222.5193,222.75,222.25,222.525,306322
2026-08-19 10:17:00,222.55,222.59,221.9001,222.33,363418
2026-08-19 10:18:00,222.29,222.84,222.2301,222.74,338142
2026-08-19 10:19:00,222.745,223.04,222.73,222.91,333511
2026-08-19 10:20:00,222.91,222.97,222.5919,222.64,227386
2026-08-19 10:21:00,222.6,223.5,222.5701,223.44,376381
2026-08-19 10:22:00,223.43,223.69,223.32,223.35,360603
2026-08-19 10:23:00,223.3511,223.36,222.85,223.11,266356
2026-08-19 10:24:00,223.135,223.4,222.9701,223.15,243276
2026-08-19 10:25:00,223.131,223.131,222.33,222.34,319334
2026-08-19 10:26:00,222.35,222.36,221.88,222.16,303644
2026-08-19 10:27:00,222.14,222.35,221.9,221.96,224147
2026-08-19 10:28:00,221.94,221.96,221.2,221.36,407013
2026-08-19 10:29:00,221.38,222.11,221.348,221.805,347876
2026-08-19 10:30:00,221.805,222.234,221.76,221.77,221496
2026-08-19 10:31:00,221.79,221.89,221.5,221.52,182426
2026-08-19 10:32:00,221.5,221.93,221.4,221.6301,218138
2026-08-19 10:33:00,221.64,221.8,221.5401,221.71,139634
2026-08-19 10:34:00,221.6998,222.4,221.69,222.29,259631
2026-08-19 10:35:00,222.29,222.31,221.54,221.73,244015
2026-08-19 10:36:00,221.78,221.82,220.45,220.46,555316
2026-08-19 10:37:00,220.48,220.87,220.4,220.445,329464
2026-08-19 10:38:00,220.45,220.4899,220.02,220.0301,350460
2026-08-19 10:39:00,220.03,220.16,219.74,219.79,632998
2026-08-19 10:40:00,219.82,220.53,219.82,220.45,426585
2026-08-19 10:41:00,220.4638,220.53,220.0901,220.325,255111
2026-08-19 10:42:00,220.31,220.38,219.77,219.815,214299
2026-08-19 10:43:00,219.79,220.07,219.66,219.89,263969
2026-08-19 10:44:00,219.85,219.9499,219.56,219.6064,239671
2026-08-19 10:45:00,219.6091,220.25,219.59,220.175,304463
2026-08-19 10:46:00,220.175,220.6,220.07,220.47,274455
2026-08-19 10:47:00,220.48,220.698,220.34,220.63,235020
2026-08-19 10:48:00,220.61,221.2,220.55,220.91,331802
2026-08-19 10:49:00,220.96,221.06,220.81,220.93,143382
2026-08-19 10:50:00,220.93,221.0,220.64,220.7199,186638
2026-08-19 10:51:00,220.72,221.08,220.7,220.82,169787
2026-08-19 10:52:00,220.8,221.2,220.61,221.05,275309
2026-08-19 10:53:00,221.09,221.41,221.03,221.17,274385
2026-08-19 10:54:00,221.14,221.48,221.0,221.335,189648
2026-08-19 10:55:00,221.3201,221.35,220.82,220.91,201427
2026-08-19 10:56:00,220.8943,220.93,220.23,220.42,264197
2026-08-19 10:57:00,220.38,220.4899,220.13,220.4001,159506
2026-08-19 10:58:00,220.45,221.1,220.44,220.72,230682
2026-08-19 10:59:00,220.71,220.98,220.6,220.8,114577
2026-08-19 11:00:00,220.82,221.2099,220.735,221.185,138512
2026-08-19 11:01:00,221.2,221.22,220.84,221.0501,137987
2026-08-19 11:02:00,221.09,221.46,221.08,221.36,156042
2026-08-19 11:03:00,221.37,221.6,221.14,221.35,217567
2026-08-19 11:04:00,221.3399,221.35,220.89,220.93,151097
2026-08-19 11:05:00,220.9647,221.18,220.7001,221.0499,161394
2026-08-19 11:06:00,221.04,221.6799,221.035,221.35,182961
2026-08-19 11:07:00,221.365,221.38,221.02,221.295,108715
2026-08-19 11:08:00,221.27,221.48,221.078,221.3601,102536
2026-08-19 11:09:00,221.38,221.52,221.1701,221.4598,135496
2026-08-19 11:10:00,221.47,221.52,221.15,221.19,98723
2026-08-19 11:11:00,221.1894,221.55,221.1894,221.31,114887
2026-08-19 11:12:00,221.35,221.85,221.3157,221.53,165025
2026-08-19 11:13:00,221.5,222.0999,221.41,221.93,228898
2026-08-19 11:14:00,221.94,221.965,221.616,221.62,141289
2026-08-19 11:15:00,221.63,222.0,221.62,221.89,138733
2026-08-19 11:16:00,221.87,222.15,221.83,222.03,139258
2026-08-19 11:17:00,222.01,222.43,222.01,222.4099,265735
2026-08-19 11:18:00,222.386,222.5499,222.31,222.3207,216936
2026-08-19 11:19:00,222.35,222.51,222.23,222.44,169421
2026-08-19 11:20:00,222.45,222.54,222.32,222.5087,140987
2026-08-19 11:21:00,222.48,222.48,222.2,222.23,158509
2026-08-19 11:22:00,222.23,222.28,222.01,222.16,152018
2026-08-19 11:23:00,222.1401,222.34,222.02,222.34,100573
2026-08-19 11:24:00,222.33,222.69,222.21,222.5001,208164
2026-08-19 11:25:00,222.53,222.61,222.29,222.35,125086
2026-08-19 11:26:00,222.3699,222.42,222.04,222.15,112844
2026-08-19 11:27:00,222.15,222.37,221.83,221.85,236577
2026-08-19 11:28:00,221.8503,221.8503,221.42,221.6105,218256
2026-08-19 11:29:00,221.61,221.78,221.35,221.41,156813
2026-08-19 11:30:00,221.3701,221.8399,221.37,221.73,134856
2026-08-19 11:31:00,221.7301,222.08,221.65,222.0305,154794
2026-08-19 11:32:00,222.055,222.0998,221.71,221.81,91367
2026-08-19 11:33:00,221.8,221.89,221.62,221.705,81859
2026-08-19 11:34:00,221.7299,221.88,221.54,221.815,114076
2026-08-19 11:35:00,221.8132,221.9999,221.67,221.97,85722
2026-08-19 11:36:00,221.95,221.9999,221.71,221.93,81355
2026-08-19 11:37:00,221.95,222.3,221.93,222.2801,172062
2026-08-19 11:38:00,222.28,222.5,222.23,222.335,160004
2026-08-19 11:39:00,222.3799,222.4,222.0917,222.117,103858
2026-08-19 11:40:00,222.1373,222.2599,222.12,222.1837,80531
2026-08-19 11:41:00,222.18,222.2599,221.8,221.855,126493
2026-08-19 11:42:00,221.83,221.95,221.66,221.735,106645
2026-08-19 11:43:00,221.7499,221.7499,221.082,221.15,219241
2026-08-19 11:44:00,221.1391,221.36,221.01,221.2773,127484
2026-08-19 11:45:00,221.28,221.45,221.05,221.36,142503
2026-08-19 11:46:00,221.36,221.4499,221.275,221.35,78285
2026-08-19 11:47:00,221.41,221.6,221.41,221.45,107037
2026-08-19 11:48:00,221.43,221.49,221.14,221.4201,110149
2026-08-19 11:49:00,221.43,221.56,221.34,221.42,86803
2026-08-19 11:50:00,221.41,221.57,221.34,221.3985,71997
2026-08-19 11:51:00,221.38,221.5254,221.23,221.5254,70513
2026-08-19 11:52:00,221.51,221.87,221.38,221.85,137581
2026-08-19 11:53:00,221.8799,222.0773,221.79,221.995,151487
2026-08-19 11:54:00,222.0,222.26,221.99,222.23,121787
2026-08-19 11:55:00,222.2302,222.33,222.0609,222.175,127189
2026-08-19 11:56:00,222.18,222.4,222.09,222.39,144418
2026-08-19 11:57:00,222.3997,222.68,222.27,222.575,198089
2026-08-19 11:58:00,222.57,223.19,222.5,223.1772,269077
2026-08-19 11:59:00,223.175,223.19,222.96,223.18,204659
2026-08-19 12:00:00,223.18,223.41,223.11,223.26,229719
2026-08-19 12:01:00,223.275,223.38,222.9,222.955,216353
2026-08-19 12:02:00,222.98,223.12,222.86,223.1,135373
2026-08-19 12:03:00,223.105,223.12,222.84,223.05,95223
2026-08-19 12:04:00,223.05,223.3699,223.02,223.3099,187990
2026-08-19 12:05:00,223.291,223.32,223.15,223.25,87357
2026-08-19 12:06:00,223.25,223.2905,223.06,223.195,93183
2026-08-19 12:07:00,223.22,223.3099,223.14,223.255,60690
2026-08-19 12:08:00,223.21,223.2431,223.04,223.06,67052
2026-08-19 12:09:00,223.0506,223.2399,223.03,223.15,77750
2026-08-19 12:10:00,223.16,223.22,223.04,223.07,85632
2026-08-19 12:11:00,223.07,223.085,222.9201,223.06,113636
2026-08-19 12:12:00,223.055,223.22,223.02,223.0472,90726
2026-08-19 12:13:00,223.07,223.1525,222.91,223.1283,72465
2026-08-19 12:14:00,223.15,223.18,223.06,223.085,55627
2026-08-19 12:15:00,223.09,223.11,222.87,222.94,110502
2026-08-19 12:16:00,222.92,222.92,222.62,222.66,152415
2026-08-19 12:17:00,222.67,222.88,222.57,222.68,82136
2026-08-19 12:18:00,222.6739,222.96,222.6501,222.88,110432
2026-08-19 12:19:00,222.8794,222.95,222.6642,222.69,87377
2026-08-19 12:20:00,222.68,222.88,222.6,222.88,81003
2026-08-19 12:21:00,222.8785,222.89,222.6853,222.83,81005
2026-08-19 12:22:00,222.82,222.82,222.67,222.71,71820
2026-08-19 12:23:00,222.7117,222.94,222.52,222.57,157350
2026-08-19 12:24:00,222.5701,222.73,222.46,222.68,99302
2026-08-19 12:25:00,222.69,222.89,222.65,222.7601,106209
2026-08-19 12:26:00,222.775,222.94,222.64,222.7265,101065
2026-08-19 12:27:00,222.725,222.725,222.39,222.492,124412
2026-08-19 12:28:00,222.5,222.6,222.29,222.315,96872
2026-08-19 12:29:00,222.3,222.52,222.29,222.41,77042
2026-08-19 12:30:00,222.43,222.7,222.36,222.65,124391
2026-08-19 12:31:00,222.64,222.7,222.4701,222.56,53215
2026-08-19 12:32:00,222.54,222.6,222.28,222.32,64557
2026-08-19 12:33:00,222.325,222.47,222.3,222.425,58891
2026-08-19 12:34:00,222.44,222.5099,222.34,222.44,55608
2026-08-19 12:35:00,222.41,222.43,222.01,222.035,110116
2026-08-19 12:36:00,222.03,222.16,221.94,222.0,102968
2026-08-19 12:37:00,221.99,222.22,221.94,222.13,106795
2026-08-19 12:38:00,222.0618,222.39,222.04,222.2534,82022
2026-08-19 12:39:00,222.28,222.36,222.22,222.26,60225
2026-08-19 12:40:00,222.2399,222.34,222.2,222.21,55350
2026-08-19 12:41:00,222.23,222.245,222.1201,222.22,57681
2026-08-19 12:42:00,222.21,222.4785,222.1918,222.27,111493
2026-08-19 12:43:00,222.3,222.45,222.3,222.44,64312
2026-08-19 12:44:00,222.42,222.7099,222.38,222.5599,151411
2026-08-19 12:45:00,222.5303,222.74,222.51,222.74,137757
2026-08-19 12:46:00,222.725,222.99,222.6801,222.8,223714
2026-08-19 12:47:00,222.76,223.44,222.76,223.43,401884
2026-08-19 12:48:00,223.43,223.43,223.12,223.1699,125388
2026-08-19 12:49:00,223.1684,223.29,223.09,223.09,90923
2026-08-19 12:50:00,223.11,223.2205,222.64,222.8291,319117
2026-08-19 12:51:00,222.83,222.83,222.3,222.311,167713
2026-08-19 12:52:00,222.3399,222.4999,221.98,222.02,183672
2026-08-19 12:53:00,222.0572,222.11,221.8001,221.81,145432
2026-08-19 12:54:00,221.801,221.8288,221.13,221.34,245483
2026-08-19 12:55:00,221.29,221.4297,221.03,221.075,119727
2026-08-19 12:56:00,221.0537,221.1999,220.8201,220.95,169425
2026-08-19 12:57:00,220.96,221.07,220.8928,220.95,108505
2026-08-19 12:58:00,220.9699,221.0,220.8,220.8,107326
2026-08-19 12:59:00,220.8287,221.09,220.81,220.9401,89102
2026-08-19 13:00:00,220.94,220.94,220.21,220.29,240566
2026-08-19 13:01:00,220.27,220.716,220.07,220.4474,180606
2026-08-19 13:02:00,220.4426,220.5399,220.28,220.51,94427
2026-08-19 13:03:00,220.52,220.6281,220.425,220.46,93206
2026-08-19 13:04:00,220.485,220.74,220.41,220.64,77453
2026-08-19 13:05:00,220.65,220.7,220.47,220.515,62114
2026-08-19 13:06:00,220.51,220.75,220.49,220.6599,83573
2026-08-19 13:07:00,220.665,220.78,220.54,220.66,102485
2026-08-19 13:08:00,220.67,220.709,220.5,220.545,71313
2026-08-19 13:09:00,220.545,220.74,220.53,220.71,77148
2026-08-19 13:10:00,220.73,220.95,220.66,220.6755,147977
2026-08-19 13:11:00,220.685,220.78,220.54,220.5995,57986
2026-08-19 13:12:00,220.58,220.7734,220.54,220.7201,81837
2026-08-19 13:13:00,220.73,220.88,220.67,220.6995,80721
2026-08-19 13:14:00,220.69,220.72,220.51,220.67,90335
2026-08-19 13:15:00,220.645,220.6999,220.45,220.62,68971
2026-08-19 13:16:00,220.6065,220.69,220.54,220.55,37274
2026-08-19 13:17:00,220.56,220.95,220.55,220.84,127466
2026-08-19 13:18:00,220.8456,220.99,220.71,220.72,79915
2026-08-19 13:19:00,220.7,220.7,220.56,220.5899,76660
2026-08-19 13:20:00,220.5796,220.59,220.2,220.27,131709
2026-08-19 13:21:00,220.25,220.4299,220.25,220.37,65089
2026-08-19 13:22:00,220.38,220.5799,220.36,220.5201,77292
2026-08-19 13:23:00,220.52,220.8,220.52,220.6672,93158
2026-08-19 13:24:00,220.645,220.82,220.6101,220.7405,50935
2026-08-19 13:25:00,220.7314,220.8899,220.7,220.864,69112
2026-08-19 13:26:00,220.8799,220.9799,220.8,220.86,69055
2026-08-19 13:27:00,220.84,221.16,220.83,221.12,115754
2026-08-19 13:28:00,221.1099,221.239,221.02,221.0708,127870
2026-08-19 13:29:00,221.05,221.1986,221.0,221.02,78964
2026-08-19 13:30:00,221.04,221.1,220.9,221.04,79444
2026-08-19 13:31:00,221.04,221.3,220.94,221.29,110727
2026-08-19 13:32:00,221.27,221.45,221.22,221.35,100986
2026-08-19 13:33:00,221.37,221.45,221.15,221.1759,86007
2026-08-19 13:34:00,221.16,221.32,221.09,221.24,70768
2026-08-19 13:35:00,221.27,221.36,221.18,221.28,95437
2026-08-19 13:36:00,221.28,221.3399,220.8401,220.9199,139517
2026-08-19 13:37:00,220.91,221.0388,220.77,220.99,94803
2026-08-19 13:38:00,220.98,221.16,220.9401,221.11,92309
2026-08-19 13:39:00,221.13,221.24,221.12,221.12,58435
2026-08-19 13:40:00,221.115,221.256,221.1001,221.21,82428
2026-08-19 13:41:00,221.2,221.205,220.9501,221.13,108002
2026-08-19 13:42:00,221.12,221.22,221.0,221.15,110665
2026-08-19 13:43:00,221.16,221.33,221.1422,221.295,101707
2026-08-19 13:44:00,221.305,221.4299,221.3,221.3201,93650
2026-08-19 13:45:00,221.32,221.39,221.2101,221.3816,81078
2026-08-19 13:46:00,221.3762,221.3762,221.25,221.3613,40743
2026-08-19 13:47:00,221.3201,221.48,221.25,221.3212,121911
2026-08-19 13:48:00,221.2806,221.47,221.2806,221.41,54644
2026-08-19 13:49:00,221.4055,221.47,221.38,221.3808,80021
2026-08-19 13:50:00,221.38,221.38,221.11,221.2699,86043
2026-08-19 13:51:00,221.2699,221.28,221.06,221.2379,60872
2026-08-19 13:52:00,221.25,221.29,221.13,221.1995,53107
2026-08-19 13:53:00,221.2312,221.28,221.1201,221.14,70545
2026-08-19 13:54:00,221.15,221.18,220.8501,220.875,97661
2026-08-19 13:55:00,220.86,221.02,220.86,220.9101,64971
2026-08-19 13:56:00,220.93,220.9699,220.71,220.74,97873
2026-08-19 13:57:00,220.7699,220.9127,220.76,220.83,75186
2026-08-19 13:58:00,220.85,220.9699,220.85,220.95,68935
2026-08-19 13:59:00,220.96,221.15,220.96,221.0246,102992
2026-08-19 14:00:00,221.0041,221.015,220.75,220.83,109974
2026-08-19 14:01:00,220.84,220.99,220.74,220.83,100116
2026-08-19 14:02:00,220.845,220.98,220.8101,220.86,57309
2026-08-19 14:03:00,220.88,221.07,220.81,221.005,88343
2026-08-19 14:04:00,221.01,221.07,220.9,220.9899,70433
2026-08-19 14:05:00,220.97,221.2399,220.93,221.185,131387
2026-08-19 14:06:00,221.1999,221.25,221.07,221.1252,100946
2026-08-19 14:07:00,221.12,221.29,221.1,221.17,70345
2026-08-19 14:08:00,221.19,221.24,221.035,221.06,70985
2026-08-19 14:09:00,221.1,221.14,220.91,220.9224,81264
2026-08-19 14:10:00,220.91,220.9399,220.74,220.7441,108917
2026-08-19 14:11:00,220.76,220.76,220.58,220.71,106552
2026-08-19 14:12:00,220.7099,220.83,220.7,220.7711,74892
2026-08-19 14:13:00,220.78,221.1,220.76,221.02,100078
2026-08-19 14:14:00,221.02,221.08,220.96,221.0644,57970
2026-08-19 14:15:00,221.05,221.17,221.04,221.1,103320
2026-08-19 14:16:00,221.1399,221.24,221.09,221.1976,71461
2026-08-19 14:17:00,221.2,221.27,221.17,221.19,78804
2026-08-19 14:18:00,221.2109,221.27,221.08,221.15,62675
2026-08-19 14:19:00,221.15,221.35,221.15,221.305,80300
2026-08-19 14:20:00,221.32,221.32,221.15,221.18,110774
2026-08-19 14:21:00,221.16,221.1899,220.9909,221.06,113403
2026-08-19 14:22:00,221.07,221.29,221.03,221.24,86422
2026-08-19 14:23:00,221.25,221.29,221.14,221.2,65574
2026-08-19 14:24:00,221.19,221.339,221.19,221.33,46768
2026-08-19 14:25:00,221.32,221.3275,221.16,221.26,75301
2026-08-19 14:26:00,221.269,221.33,221.06,221.0899,82084
2026-08-19 14:27:00,221.085,221.26,221.085,221.15,74598
2026-08-19 14:28:00,221.15,221.156,220.9601,221.0599,81742
2026-08-19 14:29:00,221.065,221.0841,220.8901,221.02,78665
2026-08-19 14:30:00,221.02,221.38,221.02,221.28,114934
2026-08-19 14:31:00,221.2906,221.45,221.26,221.34,258620
2026-08-19 14:32:00,221.37,221.42,221.2901,221.4,66401
2026-08-19 14:33:00,221.4,221.58,221.3698,221.53,166281
2026-08-19 14:34:00,221.5101,221.6,221.5001,221.58,110444
2026-08-19 14:35:00,221.57,221.7,221.36,221.505,175868
2026-08-19 14:36:00,221.5423,221.6199,221.4598,221.5863,79977
2026-08-19 14:37:00,221.59,221.77,221.5805,221.735,130853
2026-08-19 14:38:00,221.744,221.87,221.73,221.8684,99040
2026-08-19 14:39:00,221.86,221.87,221.75,221.8092,59745
2026-08-19 14:40:00,221.8001,221.9599,221.73,221.9297,114051
2026-08-19 14:41:00,221.93,221.93,221.7539,221.7801,80905
2026-08-19 14:42:00,221.8,221.87,221.76,221.84,60869
2026-08-19 14:43:00,221.82,221.84,221.7119,221.725,69134
2026-08-19 14:44:00,221.74,221.75,221.5901,221.62,92165
2026-08-19 14:45:00,221.65,221.65,221.48,221.54,77493
2026-08-19 14:46:00,221.53,221.65,221.42,221.5,109561
2026-08-19 14:47:00,221.5099,221.69,221.48,221.615,53942
2026-08-19 14:48:00,221.63,221.74,221.61,221.6869,47990
2026-08-19 14:49:00,221.685,221.75,221.63,221.66,34711
2026-08-19 14:50:00,221.655,221.7133,221.54,221.69,58397
2026-08-19 14:51:00,221.67,221.6996,221.54,221.5744,50928
2026-08-19 14:52:00,221.579,221.579,221.38,221.4001,106276
2026-08-19 14:53:00,221.43,221.4999,221.32,221.38,62942
2026-08-19 14:54:00,221.4,221.61,221.38,221.5151,92605
2026-08-19 14:55:00,221.53,221.5899,221.49,221.57,37022
2026-08-19 14:56:00,221.57,221.71,221.55,221.6,60240
2026-08-19 14:57:00,221.61,221.73,221.5741,221.67,47367
2026-08-19 14:58:00,221.68,221.78,221.63,221.74,68584
2026-08-19 14:59:00,221.7351,221.86,221.72,221.7915,70805
2026-08-19 15:00:00,221.79,221.79,221.6501,221.73,49782
2026-08-19 15:01:00,221.73,221.96,221.69,221.795,86300
2026-08-19 15:02:00,221.8099,222.0799,221.8,222.07,113370
2026-08-19 15:03:00,222.0538,222.1492,222.0,222.05,116324
2026-08-19 15:04:00,222.03,222.08,221.96,222.02,88547
2026-08-19 15:05:00,222.0,222.06,221.89,221.995,73159
2026-08-19 15:06:00,222.0,222.05,221.9,222.0,76993
2026-08-19 15:07:00,222.01,222.04,221.9392,222.01,52882
2026-08-19 15:08:00,222.015,222.0299,221.75,221.84,93939
2026-08-19 15:09:00,221.82,221.93,221.81,221.885,62618
2026-08-19 15:10:00,221.89,222.0099,221.88,221.9383,73022
2026-08-19 15:11:00,221.95,221.98,221.86,221.88,33917
2026-08-19 15:12:00,221.9,222.08,221.9,221.97,83213
2026-08-19 15:13:00,221.96,222.03,221.89,221.8963,61010
2026-08-19 15:14:00,221.9101,221.95,221.81,221.95,66054
2026-08-19 15:15:00,221.93,222.05,221.82,221.895,81053
2026-08-19 15:16:00,221.9006,221.9499,221.84,221.87,37578
2026-08-19 15:17:00,221.86,221.86,221.6633,221.79,110976
2026-08-19 15:18:00,221.7878,221.79,221.59,221.68,131890
2026-08-19 15:19:00,221.69,221.69,221.37,221.56,143928
2026-08-19 15:20:00,221.58,221.73,221.5702,221.64,105070
2026-08-19 15:21:00,221.64,221.69,221.58,221.61,41968
2026-08-19 15:22:00,221.63,221.64,221.4501,221.545,62958
2026-08-19 15:23:00,221.545,221.69,221.54,221.66,67466
2026-08-19 15:24:00,221.64,221.7799,221.5988,221.7799,69612
2026-08-19 15:25:00,221.77,221.8357,221.64,221.66,88471
2026-08-19 15:26:00,221.6501,221.68,221.563,221.62,82944
2026-08-19 15:27:00,221.61,221.78,221.61,221.7099,73243
2026-08-19 15:28:00,221.6998,221.71,221.48,221.5,61991
2026-08-19 15:29:00,221.53,221.62,221.47,221.559,79125
2026-08-19 15:30:00,221.56,221.727,221.54,221.71,70381
2026-08-19 15:31:00,221.72,221.7941,221.59,221.615,73479
2026-08-19 15:32:00,221.64,221.6859,221.43,221.49,85057
2026-08-19 15:33:00,221.4945,221.62,221.32,221.4302,83211
2026-08-19 15:34:00,221.415,221.47,221.36,221.43,62491
2026-08-19 15:35:00,221.4,221.5094,221.33,221.36,75581
2026-08-19 15:36:00,221.3795,221.3795,221.16,221.2619,105263
2026-08-19 15:37:00,221.25,221.4899,221.18,221.44,125418
2026-08-19 15:38:00,221.48,221.58,221.34,221.4799,94513
2026-08-19 15:39:00,221.4899,221.4899,221.2801,221.34,71932
2026-08-19 15:40:00,221.33,221.49,221.2958,221.4778,69739
2026-08-19 15:41:00,221.475,221.51,221.32,221.38,62221
2026-08-19 15:42:00,221.3867,221.5,221.28,221.42,113092
2026-08-19 15:43:00,221.4,221.47,221.33,221.45,63481
2026-08-19 15:44:00,221.45,221.49,221.37,221.39,72276
2026-08-19 15:45:00,221.377,221.52,221.33,221.3708,73603
2026-08-19 15:46:00,221.38,221.5,221.38,221.43,62367
2026-08-19 15:47:00,221.43,221.61,221.42,221.61,87541
2026-08-19 15:48:00,221.609,221.83,221.6,221.76,126558
2026-08-19 15:49:00,221.79,221.95,221.78,221.92,88089
2026-08-19 15:50:00,221.95,222.47,221.95,222.3,235196
2026-08-19 15:51:00,222.3499,222.36,221.9757,222.06,179930
2026-08-19 15:52:00,222.09,222.1703,221.64,221.76,171829
2026-08-19 15:53:00,221.755,221.8,221.61,221.7,116550
2026-08-19 15:54:00,221.68,221.9,221.58,221.8401,209481
2026-08-19 15:55:00,221.87,221.95,221.4786,221.62,216945
2026-08-19 15:56:00,221.635,221.635,221.22,221.475,186281
2026-08-19 15:57:00,221.4889,221.54,221.23,221.36,205407
2026-08-19 15:58:00,221.35,221.62,221.35,221.61,197346
2026-08-19 15:59:00,221.62,221.6599,221.008,221.1,490491
2026-08-20 09:30:00,222.67,223.6,222.41,223.28,708261
2026-08-20 09:31:00,223.3397,223.56,221.6501,221.7,667479
2026-08-20 09:32:00,221.72,222.111,221.3,221.585,480215
2026-08-20 09:33:00,221.585,221.958,220.81,220.935,493886
2026-08-20 09:34:00,220.94,221.4605,220.94,221.37,282342
2026-08-20 09:35:00,221.3878,222.27,221.08,221.9291,416560
2026-08-20 09:36:00,221.9599,222.46,221.5973,222.46,361378
2026-08-20 09:37:00,222.45,222.95,222.16,222.88,367797
2026-08-20 09:38:00,222.8992,222.8992,221.76,222.61,401719
2026-08-20 09:39:00,222.63,222.6793,222.09,222.32,213580
2026-08-20 09:40:00,222.32,222.37,221.69,221.78,245626
2026-08-20 09:41:00,221.77,221.9,220.82,221.6,459601
2026-08-20 09:42:00,221.57,221.8993,221.21,221.75,264726
2026-08-20 09:43:00,221.72,222.5,221.42,221.88,363244
2026-08-20 09:44:00,221.97,222.675,221.8997,222.5,298978
2026-08-20 09:45:00,222.52,222.7999,222.0,222.645,355713
2026-08-20 09:46:00,222.6407,223.36,222.3183,223.1931,517866
2026-08-20 09:47:00,223.22,223.47,222.5242,222.83,403219
2026-08-20 09:48:00,222.815,223.1537,222.66,223.1537,299118
2026-08-20 09:49:00,223.11,223.56,222.8001,223.205,549478
2026-08-20 09:50:00,223.195,223.95,223.02,223.8882,366149
2026-08-20 09:51:00,223.84,224.3399,223.7,224.285,682589
2026-08-20 09:52:00,224.26,224.6594,223.91,224.48,604160
2026-08-20 09:53:00,224.5185,224.5185,223.95,224.41,341651
2026-08-20 09:54:00,224.42,224.42,223.7,223.909,389094
2026-08-20 09:55:00,223.89,224.06,223.32,223.335,356570
2026-08-20 09:56:00,223.34,223.65,223.14,223.4,350780
2026-08-20 09:57:00,223.4,223.75,223.3301,223.37,331909
2026-08-20 09:58:00,223.34,223.3699,222.6008,222.8307,414586
2026-08-20 09:59:00,222.8308,223.06,222.42,222.64,316743
2026-08-20 10:00:00,222.65,222.785,221.47,221.9,562852
2026-08-20 10:01:00,221.88,222.11,221.26,221.55,373849
2026-08-20 10:02:00,221.55,221.9599,221.26,221.32,337017
2026-08-20 10:03:00,221.3,221.3299,219.88,220.94,852391
2026-08-20 10:04:00,220.94,221.4899,220.62,220.93,489157
2026-08-20 10:05:00,220.9902,221.3,220.8201,221.19,349482
2026-08-20 10:06:00,221.23,221.4899,220.59,220.75,395428
2026-08-20 10:07:00,220.7308,220.82,220.3103,220.64,328083
2026-08-20 10:08:00,220.6613,220.95,220.39,220.72,276171
2026-08-20 10:09:00,220.7799,221.4,220.6345,221.1699,410657
2026-08-20 10:10:00,221.1101,221.7899,220.83,221.7366,433443
2026-08-20 10:11:00,221.74,221.96,221.32,221.4101,369766
2026-08-20 10:12:00,221.4685,221.75,221.34,221.73,201946
2026-08-20 10:13:00,221.7,221.88,221.41,221.52,341214
2026-08-20 10:14:00,221.5191,221.6699,220.12,220.49,539140
2026-08-20 10:15:00,220.4601,220.4601,219.3,219.42,798187
2026-08-20 10:16:00,219.41,220.08,218.86,219.8,777131
2026-08-20 10:17:00,219.81,220.35,219.68,220.16,321068
2026-08-20 10:18:00,220.14,220.44,219.94,220.24,272870
2026-08-20 10:19:00,220.31,220.67,220.26,220.475,298757
2026-08-20 10:20:00,220.5,220.68,220.31,220.49,212894
2026-08-20 10:21:00,220.4994,220.8399,220.32,220.6812,254060
2026-08-20 10:22:00,220.73,220.78,220.28,220.32,221750
2026-08-20 10:23:00,220.3,220.5199,219.88,220.25,326410
2026-08-20 10:24:00,220.24,220.4,219.8405,219.85,213389
2026-08-20 10:25:00,219.8551,220.24,219.6,219.6399,306785
2026-08-20 10:26:00,219.63,220.35,219.46,220.24,262629
2026-08-20 10:27:00,220.23,220.64,220.18,220.6,234825
2026-08-20 10:28:00,220.57,221.2399,220.56,221.05,375657
2026-08-20 10:29:00,221.0275,221.2,220.78,220.7987,183468
2026-08-20 10:30:00,220.79,221.14,220.77,221.04,156390
2026-08-20 10:31:00,221.0463,221.35,220.931,221.2899,261507
2026-08-20 10:32:00,221.27,221.42,220.46,220.7409,307219
2026-08-20 10:33:00,220.77,220.9181,220.44,220.6701,175695
2026-08-20 10:34:00,220.69,221.06,220.68,220.8,179606
2026-08-20 10:35:00,220.81,221.3252,220.77,220.96,246304
2026-08-20 10:36:00,220.96,222.31,220.86,222.2618,463298
2026-08-20 10:37:00,222.2301,222.342,221.94,222.01,331308
2026-08-20 10:38:00,222.035,222.15,221.83,222.075,198395
2026-08-20 10:39:00,222.08,222.1434,221.83,222.105,172402
2026-08-20 10:40:00,222.09,222.76,222.0455,222.585,411740
2026-08-20 10:41:00,222.5701,223.09,222.5701,222.985,340133
2026-08-20 10:42:00,222.97,223.33,222.84,223.17,336952
2026-08-20 10:43:00,223.2,223.275,222.91,222.9437,243192
2026-08-20 10:44:00,222.95,223.03,222.6,222.77,234914
2026-08-20 10:45:00,222.81,223.02,222.76,222.94,179934
2026-08-20 10:46:00,222.93,223.1,222.78,223.03,201335
2026-08-20 10:47:00,223.0,223.15,222.2801,222.3899,358414
2026-08-20 10:48:00,222.39,222.74,222.29,222.47,229096
2026-08-20 10:49:00,222.44,222.59,222.22,222.4433,174742
2026-08-20 10:50:00,222.41,222.55,221.7101,221.88,356825
2026-08-20 10:51:00,221.89,222.17,221.69,221.97,230520
2026-08-20 10:52:00,221.97,222.04,220.95,221.46,344456
2026-08-20 10:53:00,221.46,221.8,221.3,221.6484,189664
2026-08-20 10:54:00,221.65,221.78,221.14,221.2045,208932
2026-08-20 10:55:00,221.2094,221.31,220.72,220.83,240973
2026-08-20 10:56:00,220.8,221.2,220.73,221.15,182446
2026-08-20 10:57:00,221.13,221.38,221.0,221.325,130826
2026-08-20 10:58:00,221.3,221.67,221.215,221.4,195881
2026-08-20 10:59:00,221.398,221.4288,220.9703,221.05,144324
2026-08-20 11:00:00,220.98,221.34,220.81,221.07,145953
2026-08-20 11:01:00,221.06,221.07,220.51,220.95,216470
2026-08-20 11:02:00,221.0,221.15,220.88,220.99,139833
2026-08-20 11:03:00,220.95,221.07,220.68,220.99,105599
2026-08-20 11:04:00,220.9743,221.19,220.87,221.13,133575
2026-08-20 11:05:00,221.1,221.48,220.98,221.03,224092
2026-08-20 11:06:00,221.055,221.24,220.95,221.165,114529
2026-08-20 11:07:00,221.2,221.43,220.72,220.77,201421
2026-08-20 11:08:00,220.79,220.9499,220.65,220.829,143557
2026-08-20 11:09:00,220.84,221.16,220.7601,221.16,120003
2026-08-20 11:10:00,221.145,221.18,220.82,220.9499,128135
2026-08-20 11:11:00,220.965,221.18,220.91,221.15,101771
2026-08-20 11:12:00,221.15,221.3,220.84,221.1796,164648
2026-08-20 11:13:00,221.16,221.37,221.0305,221.1792,145989
2026-08-20 11:14:00,221.18,221.4234,221.18,221.2899,98901
2026-08-20 11:15:00,221.23,221.72,221.21,221.7,247878
2026-08-20 11:16:00,221.7,221.7499,221.2854,221.4095,176841
2026-08-20 11:17:00,221.4099,221.48,221.25,221.35,102512
2026-08-20 11:18:00,221.32,221.92,221.295,221.6,221152
2026-08-20 11:19:00,221.635,221.7348,221.1466,221.2201,150045
2026-08-20 11:20:00,221.28,221.56,221.21,221.47,90312
2026-08-20 11:21:00,221.49,221.61,221.27,221.32,97627
2026-08-20 11:22:00,221.38,221.64,221.34,221.5801,72833
2026-08-20 11:23:00,221.6076,221.65,221.3163,221.37,90668
2026-08-20 11:24:00,221.3566,221.66,221.1901,221.46,117561
2026-08-20 11:25:00,221.5,221.64,221.34,221.55,78758
2026-08-20 11:26:00,221.55,221.959,221.43,221.6592,172630
2026-08-20 11:27:00,221.66,221.9197,221.5,221.755,114101
2026-08-20 11:28:00,221.7431,221.9199,221.53,221.6448,161761
2026-08-20 11:29:00,221.66,221.67,221.31,221.3901,110182
2026-08-20 11:30:00,221.41,221.41,220.97,221.07,196475
2026-08-20 11:31:00,221.07,221.18,220.7963,220.85,162676
2026-08-20 11:32:00,220.86,221.115,220.8501,220.98,113543
2026-08-20 11:33:00,221.0,221.14,220.87,221.08,87117
2026-08-20 11:34:00,221.0401,221.18,220.31,220.5,231609
2026-08-20 11:35:00,220.47,220.86,220.44,220.66,146620
2026-08-20 11:36:00,220.71,221.09,220.66,221.005,122603
2026-08-20 11:37:00,221.0,221.05,220.73,220.76,80079
2026-08-20 11:38:00,220.74,220.8789,220.52,220.72,122330
2026-08-20 11:39:00,220.74,220.9,220.64,220.75,73545
2026-08-20 11:40:00,220.755,220.82,220.56,220.66,69845
2026-08-20 11:41:00,220.69,220.8,220.47,220.77,119603
2026-08-20 11:42:00,220.7799,220.7799,220.4,220.52,94218
2026-08-20 11:43:00,220.52,220.7,220.2,220.22,146303
2026-08-20 11:44:00,220.202,220.5899,220.15,220.51,115076
2026-08-20 11:45:00,220.51,220.9562,220.51,220.92,246743
2026-08-20 11:46:00,220.895,220.92,220.57,220.59,89008
2026-08-20 11:47:00,220.6,220.9,220.6,220.77,116257
2026-08-20 11:48:00,220.77,220.9,220.67,220.87,51716
2026-08-20 11:49:00,220.8501,220.8899,220.46,220.52,125875
2026-08-20 11:50:00,220.556,220.87,220.31,220.64,118267
2026-08-20 11:51:00,220.66,220.6899,220.31,220.4448,113042
2026-08-20 11:52:00,220.4273,220.53,220.2504,220.53,91219
2026-08-20 11:53:00,220.49,220.67,220.41,220.58,70287
2026-08-20 11:54:00,220.5899,220.89,220.51,220.8216,80830
2026-08-20 11:55:00,220.81,220.8602,220.7,220.8,58372
2026-08-20 11:56:00,220.79,221.12,220.6,221.09,131174
2026-08-20 11:57:00,221.05,221.0974,220.81,220.95,85625
2026-08-20 11:58:00,221.0,221.05,220.83,220.92,76086
2026-08-20 11:59:00,220.9204,221.19,220.91,221.15,118020
2026-08-20 12:00:00,221.17,221.18,220.9106,221.025,81371
2026-08-20 12:01:00,221.0101,221.0499,220.82,220.8751,66340
2026-08-20 12:02:00,220.88,220.92,219.77,219.77,368020
2026-08-20 12:03:00,219.795,219.95,219.31,219.5,347758
2026-08-20 12:04:00,219.5,219.9695,219.41,219.5856,184027
2026-08-20 12:05:00,219.59,219.84,219.5666,219.65,127926
2026-08-20 12:06:00,219.645,219.7224,219.31,219.56,168456
2026-08-20 12:07:00,219.59,219.65,219.5,219.56,56776
2026-08-20 12:08:00,219.59,219.95,219.56,219.76,143150
2026-08-20 12:09:00,219.7999,219.98,219.76,219.97,87453
2026-08-20 12:10:00,219.985,220.1599,219.9001,220.03,164713
2026-08-20 12:11:00,219.99,220.3,219.89,220.23,118279
2026-08-20 12:12:00,220.2,220.33,220.05,220.3,82345
2026-08-20 12:13:00,220.27,220.285,219.99,220.25,85422
2026-08-20 12:14:00,220.225,220.3299,220.07,220.23,122436
2026-08-20 12:15:00,220.1924,220.3537,220.11,220.31,73559
2026-08-20 12:16:00,220.28,220.64,220.2,220.58,129626
2026-08-20 12:17:00,220.6099,220.8094,220.52,220.755,145891
2026-08-20 12:18:00,220.71,220.9,220.682,220.85,104331
2026-08-20 12:19:00,220.88,221.0315,220.74,221.0036,99496
2026-08-20 12:20:00,221.025,221.1,220.9,221.09,96470
2026-08-20 12:21:00,221.09,221.09,220.85,220.96,93230
2026-08-20 12:22:00,221.0,221.1,220.9,221.1,81951
2026-08-20 12:23:00,221.0401,221.458,221.0401,221.36,205100
2026-08-20 12:24:00,221.39,221.45,221.2211,221.32,131274
2026-08-20 12:25:00,221.29,221.3399,221.13,221.17,88373
2026-08-20 12:26:00,221.1759,221.41,221.15,221.2901,68772
2026-08-20 12:27:00,221.315,221.395,221.17,221.195,58253
2026-08-20 12:28:00,221.195,221.27,221.11,221.1149,104624
2026-08-20 12:29:00,221.12,221.2699,221.09,221.23,89108
2026-08-20 12:30:00,221.19,221.33,221.04,221.27,85920
2026-08-20 12:31:00,221.2686,221.27,221.01,221.06,114089
2026-08-20 12:32:00,221.04,221.2599,221.04,221.25,60501
2026-08-20 12:33:00,221.25,221.4,221.1214,221.365,77442
2026-08-20 12:34:00,221.3899,221.43,221.24,221.41,77265
2026-08-20 12:35:00,221.41,221.85,221.38,221.745,259212
2026-08-20 12:36:00,221.7508,221.79,221.4327,221.4776,123763
2026-08-20 12:37:00,221.49,221.69,221.38,221.5396,123456
2026-08-20 12:38:00,221.52,221.71,221.42,221.6157,109049
2026-08-20 12:39:00,221.5938,221.66,221.485,221.51,79379
2026-08-20 12:40:00,221.53,221.59,221.39,221.475,78672
2026-08-20 12:41:00,221.46,221.5,221.29,221.3905,116581
2026-08-20 12:42:00,221.405,221.6699,221.39,221.57,125613
2026-08-20 12:43:00,221.565,221.7,221.45,221.59,81125
2026-08-20 12:44:00,221.6,221.6953,221.52,221.6,73865
2026-08-20 12:45:00,221.595,221.6499,221.55,221.59,60916
2026-08-20 12:46:00,221.6029,221.67,221.56,221.61,61565
2026-08-20 12:47:00,221.62,221.66,221.52,221.65,40761
2026-08-20 12:48:00,221.65,221.66,221.52,221.6105,34346
2026-08-20 12:49:00,221.6,221.65,221.46,221.6199,71998
2026-08-20 12:50:00,221.6,221.66,221.55,221.56,61289
2026-08-20 12:51:00,221.54,221.78,221.5,221.7283,154998
2026-08-20 12:52:00,221.73,221.83,221.63,221.8106,133927
2026-08-20 12:53:00,221.815,221.84,221.6101,221.74,108930
2026-08-20 12:54:00,221.72,222.135,221.72,222.0076,271338
2026-08-20 12:55:00,222.0,222.09,221.81,221.915,129297
2026-08-20 12:56:00,221.8834,221.9099,221.72,221.73,85732
2026-08-20 12:57:00,221.72,221.84,221.62,221.77,70581
2026-08-20 12:58:00,221.79,221.84,221.63,221.84,69234
2026-08-20 12:59:00,221.8731,221.91,221.66,221.705,96079
2026-08-20 13:00:00,221.74,221.85,221.62,221.68,92274
2026-08-20 13:01:00,221.68,221.81,221.66,221.7701,69436
2026-08-20 13:02:00,221.79,221.97,221.74,221.915,111936
2026-08-20 13:03:00,221.9201,222.21,221.8201,222.11,197744
2026-08-20 13:04:00,222.12,222.23,222.03,222.17,138612
2026-08-20 13:05:00,222.18,222.2199,221.73,221.88,142701
2026-08-20 13:06:00,221.9199,222.089,221.8958,222.05,78511
2026-08-20 13:07:00,222.03,222.07,221.9,222.04,94920
2026-08-20 13:08:00,222.04,222.21,222.02,222.0701,87357
2026-08-20 13:09:00,222.08,222.23,222.0701,222.15,87701
2026-08-20 13:10:00,222.12,222.35,222.0351,222.25,122590
2026-08-20 13:11:00,222.2206,222.32,222.16,222.2907,70710
2026-08-20 13:12:00,222.3,222.4499,222.2934,222.3701,114490
2026-08-20 13:13:00,222.3504,222.4,222.27,222.33,77190
2026-08-20 13:14:00,222.35,222.35,222.11,222.23,92381
2026-08-20 13:15:00,222.22,222.3299,222.22,222.26,63626
2026-08-20 13:16:00,222.26,222.29,222.08,222.11,59980
2026-08-20 13:17:00,222.13,222.1595,222.06,222.1399,59158
2026-08-20 13:18:00,222.14,222.21,221.8,221.9994,158782
2026-08-20 13:19:00,222.0,222.0795,221.87,221.9652,83017
2026-08-20 13:20:00,221.96,222.02,221.83,222.0,102167
2026-08-20 13:21:00,221.98,222.12,221.96,222.04,95312
2026-08-20 13:22:00,222.035,222.12,221.9,222.01,103981
2026-08-20 13:23:00,222.02,222.06,221.85,221.91,45263
2026-08-20 13:24:00,221.891,221.96,221.85,221.935,37055
2026-08-20 13:25:00,221.9301,222.0365,221.83,221.89,57926
2026-08-20 13:26:00,221.88,221.9699,221.86,221.95,34125
2026-08-20 13:27:00,221.95,222.07,221.93,222.04,69545
2026-08-20 13:28:00,222.078,222.1,221.99,222.03,55821
2026-08-20 13:29:00,222.0198,222.03,221.9,221.9598,91157
2026-08-20 13:30:00,221.999,222.24,221.999,222.215,91951
2026-08-20 13:31:00,222.23,222.35,222.18,222.26,120902
2026-08-20 13:32:00,222.26,222.35,222.17,222.22,150305
2026-08-20 13:33:00,222.245,222.435,222.22,222.2399,118546
2026-08-20 13:34:00,222.275,222.44,222.25,222.39,120339
2026-08-20 13:35:00,222.3901,222.45,222.32,222.365,97314
2026-08-20 13:36:00,222.34,222.35,222.13,222.23,90257
2026-08-20 13:37:00,222.22,222.63,222.195,222.59,289581
2026-08-20 13:38:00,222.59,222.72,222.51,222.66,165504
2026-08-20 13:39:00,222.66,222.74,222.6,222.74,118815
2026-08-20 13:40:00,222.74,222.75,222.4248,222.46,141751
2026-08-20 13:41:00,222.4401,222.67,222.4401,222.615,50213
2026-08-20 13:42:00,222.62,222.6362,222.28,222.33,102830
2026-08-20 13:43:00,222.3011,222.55,222.3011,222.4406,81345
2026-08-20 13:44:00,222.465,222.4899,222.36,222.39,49470
2026-08-20 13:45:00,222.4,222.4,222.19,222.31,93619
2026-08-20 13:46:00,222.31,222.45,222.28,222.42,64841
2026-08-20 13:47:00,222.4252,222.57,222.4,222.48,73049
2026-08-20 13:48:00,222.46,222.66,222.4548,222.56,86500
2026-08-20 13:49:00,222.57,223.0,222.53,222.89,171160
2026-08-20 13:50:00,222.89,222.98,222.78,222.8506,141954
2026-08-20 13:51:00,222.87,222.9,222.71,222.73,90941
2026-08-20 13:52:00,222.715,222.82,222.67,222.72,81474
2026-08-20 13:53:00,222.7,222.77,222.69,222.74,52204
2026-08-20 13:54:00,222.72,222.76,222.53,222.7,113239
2026-08-20 13:55:00,222.72,222.9,222.66,222.74,135583
2026-08-20 13:56:00,222.73,222.74,222.57,222.67,93179
2026-08-20 13:57:00,222.7,222.84,222.66,222.6799,85264
2026-08-20 13:58:00,222.66,222.68,222.44,222.66,118523
2026-08-20 13:59:00,222.63,222.73,222.49,222.5125,74307
2026-08-20 14:00:00,222.55,223.36,222.47,223.36,318510
2026-08-20 14:01:00,223.37,223.38,223.04,223.0701,189639
2026-08-20 14:02:00,223.12,223.19,222.61,222.75,154467
2026-08-20 14:03:00,222.76,222.97,222.73,222.89,88682
2026-08-20 14:04:00,222.8801,223.15,222.8801,222.98,109281
2026-08-20 14:05:00,223.0,223.0,222.63,222.86,123421
2026-08-20 14:06:00,222.83,222.99,222.7788,222.9677,63283
2026-08-20 14:07:00,222.98,223.2,222.9001,223.1505,117334
2026-08-20 14:08:00,223.13,223.185,222.905,222.95,74042
2026-08-20 14:09:00,222.95,222.99,222.702,222.77,80990
2026-08-20 14:10:00,222.7848,223.135,222.7848,222.9929,103991
2026-08-20 14:11:00,222.99,223.03,222.92,222.98,43209
2026-08-20 14:12:00,222.96,222.96,222.7201,222.875,67090
2026-08-20 14:13:00,222.845,222.9287,222.7801,222.85,37453
2026-08-20 14:14:00,222.88,222.96,222.87,222.91,43288
2026-08-20 14:15:00,222.8989,223.1,222.77,223.0,104978
2026-08-20 14:16:00,223.0399,223.1,222.93,223.0201,72781
2026-08-20 14:17:00,223.04,223.1,222.99,223.03,53401
2026-08-20 14:18:00,223.01,223.05,221.9917,222.9701,42399
2026-08-20 14:19:00,222.9803,223.19,222.9803,223.13,99553
2026-08-20 14:20:00,223.136,223.16,223.02,223.13,51079
2026-08-20 14:21:00,223.12,223.2296,223.0118,223.065,81510
2026-08-20 14:22:00,223.0601,223.08,222.92,222.93,54680
2026-08-20 14:23:00,222.9949,223.12,222.95,223.03,50013
2026-08-20 14:24:00,222.98,223.0769,222.97,223.045,27757
2026-08-20 14:25:00,223.06,223.17,223.06,223.135,55530
2026-08-20 14:26:00,223.124,223.33,223.05,223.3201,91955
2026-08-20 14:27:00,223.3499,223.5,223.2,223.24,148778
2026-08-20 14:28:00,223.24,223.49,223.24,223.4682,96469
2026-08-20 14:29:00,223.49,223.57,223.34,223.54,127740
2026-08-20 14:30:00,223.55,223.75,223.46,223.74,185591
2026-08-20 14:31:00,223.73,223.9599,223.67,223.8878,196982
2026-08-20 14:32:00,223.9,223.99,223.83,223.945,125006
2026-08-20 14:33:00,223.9638,223.99,223.85,223.861,120700
2026-08-20 14:34:00,223.87,223.8843,223.73,223.8,140425
2026-08-20 14:35:00,223.76,223.82,223.0223,223.225,229870
2026-08-20 14:36:00,223.2194,223.52,223.1601,223.375,160399
2026-08-20 14:37:00,223.38,223.5,223.34,223.5,83900
2026-08-20 14:38:00,223.485,223.485,222.6901,222.7803,2216922
2026-08-20 14:39:00,222.81,223.1,222.7801,222.85,126108
2026-08-20 14:40:00,222.88,223.06,222.82,222.97,94319
2026-08-20 14:41:00,222.98,223.04,222.691,222.8899,62195
2026-08-20 14:42:00,222.87,222.965,222.6901,222.78,85572
2026-08-20 14:43:00,222.8299,223.02,222.7301,222.974,92662
2026-08-20 14:44:00,222.98,222.9986,222.8401,222.89,60715
2026-08-20 14:45:00,222.92,222.92,222.51,222.5799,126681
2026-08-20 14:46:00,222.5799,222.8866,222.5401,222.8,148820
2026-08-20 14:47:00,222.795,222.85,222.64,222.78,59862
2026-08-20 14:48:00,222.8,222.97,222.77,222.84,76431
2026-08-20 14:49:00,222.85,222.9444,222.75,222.83,84697
2026-08-20 14:50:00,222.8317,222.92,222.7518,222.85,47449
2026-08-20 14:51:00,222.84,223.085,222.75,223.0562,126923
2026-08-20 14:52:00,223.0586,223.06,222.93,222.99,60877
2026-08-20 14:53:00,223.0,223.02,222.91,222.96,47475
2026-08-20 14:54:00,222.97,223.16,222.965,223.03,94976
2026-08-20 14:55:00,223.05,223.05,222.88,222.96,71677
2026-08-20 14:56:00,222.9599,222.96,222.74,222.825,88958
2026-08-20 14:57:00,222.795,222.9,222.75,222.84,39697
2026-08-20 14:58:00,222.85,222.95,222.75,222.81,39641
2026-08-20 14:59:00,222.83,222.9,222.71,222.79,55631
2026-08-20 15:00:00,222.79,222.82,222.59,222.6099,66539
2026-08-20 15:01:00,222.61,222.63,222.0,222.17,318275
2026-08-20 15:02:00,222.19,222.4,222.04,222.39,157218
2026-08-20 15:03:00,222.39,222.48,222.24,222.29,109490
2026-08-20 15:04:00,222.3,222.38,222.0941,222.16,87317
2026-08-20 15:05:00,222.15,222.2999,222.09,222.26,87507
2026-08-20 15:06:00,222.29,222.38,222.1958,222.38,86843
2026-08-20 15:07:00,222.365,222.365,222.14,222.2,89791
2026-08-20 15:08:00,222.215,222.29,222.16,222.17,54502
2026-08-20 15:09:00,222.2,222.33,221.96,222.235,175762
2026-08-20 15:10:00,222.25,222.4899,222.19,222.4644,105186
2026-08-20 15:11:00,222.44,222.44,222.27,222.33,51749
2026-08-20 15:12:00,222.325,222.39,222.25,222.31,50378
2026-08-20 15:13:00,222.3,222.4104,222.21,222.21,51240
2026-08-20 15:14:00,222.22,222.36,222.22,222.29,61057
2026-08-20 15:15:00,222.27,222.44,222.08,222.332,125295
2026-08-20 15:16:00,222.35,222.43,222.25,222.3414,62303
2026-08-20 15:17:00,222.36,222.365,222.2,222.315,53950
2026-08-20 15:18:00,222.305,222.3553,222.17,222.22,64848
2026-08-20 15:19:00,222.21,222.235,222.06,222.095,96832
2026-08-20 15:20:00,222.08,222.12,221.71,221.895,249255
2026-08-20 15:21:00,221.89,221.9,221.72,221.86,166418
2026-08-20 15:22:00,221.82,221.87,221.555,221.67,186296
2026-08-20 15:23:00,221.665,221.76,221.63,221.65,77925
2026-08-20 15:24:00,221.66,222.01,221.64,221.9555,181385
2026-08-20 15:25:00,221.96,222.1499,221.8762,222.06,114022
2026-08-20 15:26:00,222.075,222.29,222.07,222.17,113133
2026-08-20 15:27:00,222.1652,222.1859,222.0601,222.0975,39943
2026-08-20 15:28:00,222.12,222.24,222.1,222.1997,81968
2026-08-20 15:29:00,222.18,222.38,222.17,222.285,81347
2026-08-20 15:30:00,222.28,222.33,222.16,222.33,53342
2026-08-20 15:31:00,222.3199,222.4458,222.29,222.365,76237
2026-08-20 15:32:00,222.3594,222.41,222.2315,222.31,58118
2026-08-20 15:33:00,222.3173,222.52,222.3173,222.4166,96194
2026-08-20 15:34:00,222.38,222.43,222.36,222.39,48564
2026-08-20 15:35:00,222.4182,222.56,222.36,222.4,95333
2026-08-20 15:36:00,222.39,222.4855,222.24,222.3023,69429
2026-08-20 15:37:00,222.296,222.335,222.19,222.26,80414
2026-08-20 15:38:00,222.28,222.445,222.24,222.34,66395
2026-08-20 15:39:00,222.37,222.49,222.35,222.42,58583
2026-08-20 15:40:00,222.47,222.5199,222.39,222.4304,79554
2026-08-20 15:41:00,222.45,222.4635,222.2799,222.34,64349
2026-08-20 15:42:00,222.35,222.41,222.28,222.35,56333
2026-08-20 15:43:00,222.36,222.36,222.06,222.16,127067
2026-08-20 15:44:00,222.15,222.3515,222.11,222.325,79824
2026-08-20 15:45:00,222.3011,222.4,222.18,222.215,98510
2026-08-20 15:46:00,222.24,222.3899,222.1958,222.26,52703
2026-08-20 15:47:00,222.28,222.4,222.25,222.31,73951
2026-08-20 15:48:00,222.33,222.35,222.23,222.25,50192
2026-08-20 15:49:00,222.29,222.42,222.12,222.39,119191
2026-08-20 15:50:00,222.42,222.5898,222.33,222.4798,136655
2026-08-20 15:51:00,222.5,222.52,222.34,222.42,83225
2026-08-20 15:52:00,222.4,222.5,222.375,222.48,82104
2026-08-20 15:53:00,222.4609,222.5,222.3601,222.4699,97350
2026-08-20 15:54:00,222.47,223.0,222.46,222.89,236798
2026-08-20 15:55:00,222.93,223.2799,222.89,223.22,292542
2026-08-20 15:56:00,223.23,223.33,223.13,223.33,168175
2026-08-20 15:57:00,223.335,223.35,223.17,223.211,216407
2026-08-20 15:58:00,223.2341,223.27,223.06,223.23,240980
2026-08-20 15:59:00,223.23,223.4,223.073,223.22,544098
2026-08-21 09:30:00,223.82,224.8,223.4,224.75,704518
2026-08-21 09:31:00,224.7799,224.7799,221.6,221.795,634144
2026-08-21 09:32:00,221.786,222.0999,221.1536,221.6,567450
2026-08-21 09:33:00,221.61,222.29,221.594,221.8253,445890
2026-08-21 09:34:00,221.71,222.49,221.56,221.965,452385
2026-08-21 09:35:00,222.03,222.139,221.38,221.96,390935
2026-08-21 09:36:00,221.93,222.72,221.75,222.6874,396303
2026-08-21 09:37:00,222.66,222.96,222.32,222.93,322258
2026-08-21 09:38:00,222.93,223.03,222.42,222.53,317369
2026-08-21 09:39:00,222.53,222.69,222.1,222.5102,262083
2026-08-21 09:40:00,222.5651,223.31,222.13,223.09,386790
2026-08-21 09:41:00,223.135,223.7,223.07,223.5001,457744
2026-08-21 09:42:00,223.5,223.62,223.12,223.34,287474
2026-08-21 09:43:00,223.34,223.46,221.85,221.965,389636
2026-08-21 09:44:00,222.015,222.73,221.9,222.505,268466
2026-08-21 09:45:00,222.52,223.83,222.29,223.06,497895
2026-08-21 09:46:00,223.04,223.38,222.4681,222.6804,292452
2026-08-21 09:47:00,222.7,223.052,222.42,222.88,201633
2026-08-21 09:48:00,222.91,223.58,222.89,223.4158,256197
2026-08-21 09:49:00,223.44,223.67,222.6701,223.08,312626
2026-08-21 09:50:00,223.055,223.2,222.52,222.81,263676
2026-08-21 09:51:00,222.82,222.9,222.12,222.5,397405
2026-08-21 09:52:00,222.5899,222.83,222.42,222.51,200444
2026-08-21 09:53:00,222.52,223.34,222.24,223.238,372934
2026-08-21 09:54:00,223.2793,223.53,222.98,223.3701,275392
2026-08-21 09:55:00,223.37,223.51,223.0531,223.18,193744
2026-08-21 09:56:00,223.17,223.36,222.9,222.925,163690
2026-08-21 09:57:00,222.93,223.182,222.85,223.0999,160679
2026-08-21 09:58:00,223.03,223.25,222.85,222.9215,194688
2026-08-21 09:59:00,222.92,223.05,222.55,223.0,234407
2026-08-21 10:00:00,223.015,223.48,222.7394,222.98,292917
2026-08-21 10:01:00,222.9501,222.97,222.08,222.18,352314
2026-08-21 10:02:00,222.18,222.2,221.5301,222.0601,395483
2026-08-21 10:03:00,222.042,222.11,221.6,222.045,201430
2026-08-21 10:04:00,222.035,222.57,222.02,222.4396,312531
2026-08-21 10:05:00,222.4169,222.65,221.93,222.0,214681
2026-08-21 10:06:00,222.01,222.3,221.5,221.83,274179
2026-08-21 10:07:00,221.86,222.0456,221.57,221.9357,203298
2026-08-21 10:08:00,221.9204,221.9538,221.28,221.5599,323147
2026-08-21 10:09:00,221.53,224.0581,221.01,221.0599,231079
2026-08-21 10:10:00,221.024,221.18,220.6502,221.06,518357
2026-08-21 10:11:00,221.08,221.1449,220.46,220.66,292608
2026-08-21 10:12:00,220.6899,220.8991,220.475,220.615,254685
2026-08-21 10:13:00,220.62,221.13,220.6,221.105,267496
2026-08-21 10:14:00,221.09,221.105,220.655,220.84,197211
2026-08-21 10:15:00,220.87,221.05,220.1101,220.1506,284683
2026-08-21 10:16:00,220.1501,220.635,220.15,220.635,236910
2026-08-21 10:17:00,220.6248,220.93,220.39,220.5305,167960
2026-08-21 10:18:00,220.564,220.6599,220.0575,220.2246,272668
2026-08-21 10:19:00,220.1919,220.49,219.86,220.2,381368
2026-08-21 10:20:00,220.2399,220.49,219.9739,220.257,288422
2026-08-21 10:21:00,220.28,220.64,220.2101,220.6396,221294
2026-08-21 10:22:00,220.64,220.79,220.4,220.5901,186375
2026-08-21 10:23:00,220.64,220.83,220.54,220.78,167610
2026-08-21 10:24:00,220.7791,221.02,220.63,220.97,244376
2026-08-21 10:25:00,220.95,221.07,220.5,220.75,276868
2026-08-21 10:26:00,220.765,220.8949,220.5145,220.67,139578
2026-08-21 10:27:00,220.7073,220.888,220.56,220.82,111221
2026-08-21 10:28:00,220.8,220.9347,220.45,220.53,177689
2026-08-21 10:29:00,220.53,220.5699,220.2,220.48,190806
2026-08-21 10:30:00,220.44,220.54,219.97,219.985,217325
2026-08-21 10:31:00,219.976,220.02,219.372,219.6,399935
2026-08-21 10:32:00,219.6,219.6,219.1616,219.32,288470
2026-08-21 10:33:00,219.3451,219.55,219.23,219.295,226357
2026-08-21 10:34:00,219.31,219.8299,219.28,219.7841,234336
2026-08-21 10:35:00,219.805,220.48,219.77,220.34,273899
2026-08-21 10:36:00,220.33,220.3499,219.95,220.023,161997
2026-08-21 10:37:00,220.0,220.08,219.8781,219.97,130598
2026-08-21 10:38:00,219.9,220.1799,219.7798,220.07,174049
2026-08-21 10:39:00,220.0899,220.5,219.98,220.34,197330
2026-08-21 10:40:00,220.39,220.39,219.93,220.045,146555
2026-08-21 10:41:00,220.0112,220.25,219.88,220.12,157113
2026-08-21 10:42:00,220.15,220.23,219.9,220.2,107073
2026-08-21 10:43:00,220.1885,220.2297,219.8601,219.9399,125624
2026-08-21 10:44:00,219.96,220.06,219.48,219.5706,176981
2026-08-21 10:45:00,219.58,219.932,219.58,219.74,165244
2026-08-21 10:46:00,219.75,219.843,219.46,219.5529,161798
2026-08-21 10:47:00,219.53,219.556,219.04,219.17,307328
2026-08-21 10:48:00,219.15,219.37,219.12,219.31,192749
2026-08-21 10:49:00,219.275,219.28,218.05,218.25,622545
2026-08-21 10:50:00,218.3,218.81,218.21,218.74,290907
2026-08-21 10:51:00,218.7001,218.82,218.52,218.61,175041
2026-08-21 10:52:00,218.61,218.6999,217.9,218.1,404524
2026-08-21 10:53:00,218.1186,218.72,218.1186,218.69,282718
2026-08-21 10:54:00,218.69,218.79,218.41,218.62,167595
2026-08-21 10:55:00,218.6,218.88,218.5,218.82,199932
2026-08-21 10:56:00,218.8399,218.99,218.59,218.62,223628
2026-08-21 10:57:00,218.5959,218.76,218.35,218.66,322361
2026-08-21 10:58:00,218.6538,218.7,217.805,217.93,293727
2026-08-21 10:59:00,217.926,218.2335,217.87,217.96,263005
2026-08-21 11:00:00,217.96,218.45,217.9041,218.4,247139
2026-08-21 11:01:00,218.39,218.94,218.3,218.64,275482
2026-08-21 11:02:00,218.63,218.85,218.4301,218.6991,200644
2026-08-21 11:03:00,218.7,218.81,218.43,218.68,177161
2026-08-21 11:04:00,218.6735,218.72,218.41,218.555,139854
2026-08-21 11:05:00,218.5201,219.08,218.5,219.022,296601
2026-08-21 11:06:00,219.04,219.1479,218.55,218.84,220522
2026-08-21 11:07:00,218.8029,218.94,218.63,218.656,114705
2026-08-21 11:08:00,218.6501,218.73,218.4,218.5,148350
2026-08-21 11:09:00,218.53,218.56,218.13,218.485,202179
2026-08-21 11:10:00,218.5095,218.57,218.0,218.375,264555
2026-08-21 11:11:00,218.39,218.48,218.14,218.25,123157
2026-08-21 11:12:00,218.25,218.5887,218.175,218.53,175857
2026-08-21 11:13:00,218.5369,218.63,218.37,218.4,143828
2026-08-21 11:14:00,218.41,218.6946,218.38,218.527,115465
2026-08-21 11:15:00,218.565,218.81,218.5124,218.78,176174
2026-08-21 11:16:00,218.78,219.0361,218.72,218.99,217963
2026-08-21 11:17:00,219.005,219.0599,218.69,218.7368,182419
2026-08-21 11:18:00,218.7899,219.0,218.73,218.737,127378
2026-08-21 11:19:00,218.74,218.82,218.16,218.16,252308
2026-08-21 11:20:00,218.1769,218.3064,217.6596,217.674,371328
2026-08-21 11:21:00,217.684,217.92,217.5,217.52,240611
2026-08-21 11:22:00,217.53,217.84,217.53,217.81,154343
2026-08-21 11:23:00,217.8031,217.83,217.57,217.69,167999
2026-08-21 11:24:00,217.7,218.04,217.58,217.97,198706
2026-08-21 11:25:00,217.9215,218.01,217.7,217.8752,121961
2026-08-21 11:26:00,217.84,218.18,217.82,218.149,201477
2026-08-21 11:27:00,218.135,218.34,218.0,218.329,156262
2026-08-21 11:28:00,218.3036,218.4581,218.24,218.3301,136823
2026-08-21 11:29:00,218.36,218.41,218.15,218.33,103401
2026-08-21 11:30:00,218.3381,218.43,218.0,218.0683,142845
2026-08-21 11:31:00,218.03,218.4,218.01,218.3565,134418
2026-08-21 11:32:00,218.36,218.3899,218.02,218.0737,93296
2026-08-21 11:33:00,218.1,218.219,217.54,217.545,203349
2026-08-21 11:34:00,217.55,217.92,217.53,217.7709,185720
2026-08-21 11:35:00,217.79,217.96,217.6,217.7501,131842
2026-08-21 11:36:00,217.77,218.15,217.68,218.055,133637
2026-08-21 11:37:00,218.06,218.1509,217.8801,217.915,139652
2026-08-21 11:38:00,217.92,217.9499,217.38,217.4901,316766
2026-08-21 11:39:00,217.5,217.54,217.1,217.2,321228
2026-08-21 11:40:00,217.21,217.59,217.13,217.47,198067
2026-08-21 11:41:00,217.5,217.83,217.4501,217.6648,192522
2026-08-21 11:42:00,217.68,217.7299,217.1302,217.1501,177339
2026-08-21 11:43:00,217.13,217.1507,215.84,215.88,627908
2026-08-21 11:44:00,215.88,216.23,215.81,216.05,310688
2026-08-21 11:45:00,216.04,216.29,215.87,216.17,198317
2026-08-21 11:46:00,216.21,216.59,215.98,216.5101,224588
2026-08-21 11:47:00,216.5157,216.5393,216.2,216.2539,142392
2026-08-21 11:48:00,216.27,216.31,215.52,215.69,338455
2026-08-21 11:49:00,215.69,216.23,215.5798,216.09,263004
2026-08-21 11:50:00,216.14,216.2899,215.7337,215.89,176258
2026-08-21 11:51:00,215.89,216.1699,215.72,216.1,169875
2026-08-21 11:52:00,216.11,216.17,215.87,216.0161,138982
2026-08-21 11:53:00,216.045,216.065,215.6,215.855,172789
2026-08-21 11:54:00,215.87,216.1,215.72,215.985,147009
2026-08-21 11:55:00,215.9788,216.18,215.7435,215.9299,164360
2026-08-21 11:56:00,215.91,216.15,215.8401,216.09,115013
2026-08-21 11:57:00,216.1,216.31,215.92,216.19,182466
2026-08-21 11:58:00,216.18,216.55,216.12,216.4501,193295
2026-08-21 11:59:00,216.4836,216.52,215.87,215.95,246521
2026-08-21 12:00:00,215.95,216.19,215.71,215.89,225919
2026-08-21 12:01:00,215.88,216.28,215.86,216.075,184072
2026-08-21 12:02:00,216.052,216.1931,215.84,216.18,111136
2026-08-21 12:03:00,216.1455,216.3,215.97,216.25,113233
2026-08-21 12:04:00,216.23,216.3751,216.11,216.23,126978
2026-08-21 12:05:00,216.2512,216.335,216.1501,216.284,78086
2026-08-21 12:06:00,216.2572,216.33,216.0828,216.2191,147865
2026-08-21 12:07:00,216.2171,216.56,216.2002,216.52,156867
2026-08-21 12:08:00,216.5399,216.64,216.17,216.385,151523
2026-08-21 12:09:00,216.3247,216.52,216.27,216.46,94115
2026-08-21 12:10:00,216.44,216.54,216.1637,216.3,114672
2026-08-21 12:11:00,216.3,216.37,216.1,216.32,90580
2026-08-21 12:12:00,216.37,216.3875,216.12,216.3875,92260
2026-08-21 12:13:00,216.37,216.49,216.14,216.37,97092
2026-08-21 12:14:00,216.385,216.4,216.17,216.3,77297
2026-08-21 12:15:00,216.35,216.44,216.11,216.16,104664
2026-08-21 12:16:00,216.1629,216.4,216.11,216.255,75757
2026-08-21 12:17:00,216.2486,216.2999,215.9101,216.0,179705
2026-08-21 12:18:00,216.015,216.37,215.9953,216.28,136812
2026-08-21 12:19:00,216.29,216.2955,216.0,216.11,112341
2026-08-21 12:20:00,216.15,217.0,216.0801,216.96,294095
2026-08-21 12:21:00,216.96,216.98,216.74,216.827,154064
2026-08-21 12:22:00,216.845,216.93,216.64,216.91,124104
2026-08-21 12:23:00,216.9,216.99,216.82,216.9804,75535
2026-08-21 12:24:00,216.9742,217.09,216.82,217.06,137236
2026-08-21 12:25:00,217.04,217.19,216.95,217.1,162912
2026-08-21 12:26:00,217.07,217.49,217.01,217.42,198272
2026-08-21 12:27:00,217.44,217.6099,217.22,217.315,243061
2026-08-21 12:28:00,217.325,217.34,217.11,217.235,125205
2026-08-21 12:29:00,217.245,217.33,217.16,217.19,72578
2026-08-21 12:30:00,217.19,217.52,217.15,217.4064,154393
2026-08-21 12:31:00,217.4139,217.5,217.235,217.2787,124345
2026-08-21 12:32:00,217.26,217.34,217.1002,217.2359,127976
2026-08-21 12:33:00,217.225,217.28,216.88,216.99,153112
2026-08-21 12:34:00,216.985,217.1899,216.98,217.1306,95122
2026-08-21 12:35:00,217.15,217.4799,217.13,217.43,141612
2026-08-21 12:36:00,217.4411,217.66,217.4199,217.4601,158557
2026-08-21 12:37:00,217.48,217.57,217.41,217.44,80570
2026-08-21 12:38:00,217.45,217.5799,217.42,217.52,59531
2026-08-21 12:39:00,217.53,217.64,217.48,217.4999,104311
2026-08-21 12:40:00,217.47,217.63,217.46,217.6,82546
2026-08-21 12:41:00,217.5357,217.72,217.47,217.72,94341
2026-08-21 12:42:00,217.72,217.84,217.66,217.74,120970
2026-08-21 12:43:00,217.7401,217.855,217.72,217.8268,83779
2026-08-21 12:44:00,217.82,217.85,217.75,217.7699,80950
2026-08-21 12:45:00,217.77,217.7899,217.5,217.55,126179
2026-08-21 12:46:00,217.578,217.77,217.568,217.686,97594
2026-08-21 12:47:00,217.67,217.7,217.56,217.58,49062
2026-08-21 12:48:00,217.59,217.625,217.09,217.21,142419
2026-08-21 12:49:00,217.22,217.35,217.12,217.2778,86554
2026-08-21 12:50:00,217.2677,217.43,217.06,217.0913,101127
2026-08-21 12:51:00,217.13,217.1699,216.8072,216.94,174244
2026-08-21 12:52:00,216.93,217.125,216.86,216.9754,91292
2026-08-21 12:53:00,216.99,217.06,216.9104,216.965,70685
2026-08-21 12:54:00,216.94,216.9799,216.47,216.5245,232135
2026-08-21 12:55:00,216.55,216.73,216.4,216.6599,162819
2026-08-21 12:56:00,216.65,216.81,216.4601,216.55,110898
2026-08-21 12:57:00,216.588,216.69,216.35,216.3799,140301
2026-08-21 12:58:00,216.37,216.6,216.3001,216.4799,65289
2026-08-21 12:59:00,216.455,216.7,216.455,216.585,63756
2026-08-21 13:00:00,216.59,216.64,216.38,216.6,65119
2026-08-21 13:01:00,216.57,216.72,216.5101,216.57,70572
2026-08-21 13:02:00,216.5752,216.6958,216.4152,216.49,57545
2026-08-21 13:03:00,216.4953,216.5138,216.14,216.33,130403
2026-08-21 13:04:00,216.34,216.65,216.2901,216.53,95868
2026-08-21 13:05:00,216.49,216.66,216.24,216.28,130711
2026-08-21 13:06:00,216.32,216.39,216.23,216.27,86884
2026-08-21 13:07:00,216.3096,216.46,216.2,216.46,71102
2026-08-21 13:08:00,216.45,216.59,216.35,216.3558,71485
2026-08-21 13:09:00,216.42,216.54,216.33,216.5257,57374
2026-08-21 13:10:00,216.52,216.75,216.35,216.735,105841
2026-08-21 13:11:00,216.732,217.05,216.7101,216.88,207495
2026-08-21 13:12:00,216.8705,216.9567,216.7,216.74,85625
2026-08-21 13:13:00,216.73,216.7699,215.8201,215.8514,233619
2026-08-21 13:14:00,215.9,216.0499,215.87,215.9942,144387
2026-08-21 13:15:00,216.01,216.37,215.99,216.11,126650
2026-08-21 13:16:00,216.11,216.1758,216.01,216.07,74440
2026-08-21 13:17:00,216.0724,216.1699,215.96,216.1599,65880
2026-08-21 13:18:00,216.1585,216.35,216.0442,216.1999,97104
2026-08-21 13:19:00,216.19,216.33,216.04,216.05,107435
2026-08-21 13:20:00,216.0643,216.28,216.0401,216.1266,85284
2026-08-21 13:21:00,216.095,216.1815,216.03,216.0901,76656
2026-08-21 13:22:00,216.09,216.11,215.64,215.655,200469
2026-08-21 13:23:00,215.6401,215.86,215.6,215.8099,144528
2026-08-21 13:24:00,215.78,215.98,215.73,215.792,112962
2026-08-21 13:25:00,215.78,215.84,215.65,215.7899,101800
2026-08-21 13:26:00,215.8,215.98,215.7,215.81,86937
2026-08-21 13:27:00,215.795,216.03,215.795,215.99,64394
2026-08-21 13:28:00,215.97,216.02,215.77,215.8489,133540
2026-08-21 13:29:00,215.8272,215.94,215.64,215.6653,105675
2026-08-21 13:30:00,215.63,215.8099,215.57,215.6006,134966
2026-08-21 13:31:00,215.6,215.7197,214.55,214.58,639307
2026-08-21 13:32:00,214.584,214.9244,214.4646,214.6327,246898
2026-08-21 13:33:00,214.64,214.9595,214.54,214.91,175299
2026-08-21 13:34:00,214.9,215.025,214.6802,214.6901,133346
2026-08-21 13:35:00,214.68,214.9199,214.64,214.7101,115794
2026-08-21 13:36:00,214.7478,214.8995,214.6,214.735,101767
2026-08-21 13:37:00,214.74,214.992,214.68,214.87,132309
2026-08-21 13:38:00,214.86,214.94,214.71,214.81,86637
2026-08-21 13:39:00,214.8552,214.86,214.61,214.657,101456
2026-08-21 13:40:00,214.655,214.6766,214.31,214.465,248801
2026-08-21 13:41:00,214.4965,214.6,214.41,214.51,116147
2026-08-21 13:42:00,214.47,214.54,214.3501,214.43,87216
2026-08-21 13:43:00,214.3761,214.55,214.36,214.4,109342
2026-08-21 13:44:00,214.415,214.48,214.25,214.38,121820
2026-08-21 13:45:00,214.38,214.41,214.17,214.265,134064
2026-08-21 13:46:00,214.26,214.39,214.131,214.2,162687
2026-08-21 13:47:00,214.1757,214.38,214.12,214.13,143872
2026-08-21 13:48:00,214.15,214.32,213.89,213.98,246611
2026-08-21 13:49:00,213.9521,213.9799,213.69,213.75,228528
2026-08-21 13:50:00,213.72,214.04,213.72,213.87,154075
2026-08-21 13:51:00,213.89,213.9,213.7,213.72,162169
2026-08-21 13:52:00,213.7115,213.73,213.41,213.52,227067
2026-08-21 13:53:00,213.52,213.5407,213.27,213.38,216328
2026-08-21 13:54:00,213.3524,213.4788,213.06,213.1201,232300
2026-08-21 13:55:00,213.125,213.44,213.125,213.3901,170028
2026-08-21 13:56:00,213.41,213.6599,213.32,213.58,183151
2026-08-21 13:57:00,213.56,213.796,213.5451,213.72,126277
2026-08-21 13:58:00,213.7199,213.7199,213.5,213.5499,122829
2026-08-21 13:59:00,213.56,213.77,213.53,213.66,98522
2026-08-21 14:00:00,213.65,213.76,213.51,213.5108,111900
2026-08-21 14:01:00,213.53,213.69,213.4,213.45,98121
2026-08-21 14:02:00,213.46,213.57,213.33,213.51,172268
2026-08-21 14:03:00,213.48,213.62,213.4,213.42,98414
2026-08-21 14:04:00,213.47,213.55,213.2902,213.34,104468
2026-08-21 14:05:00,213.35,213.53,213.29,213.4116,144332
2026-08-21 14:06:00,213.4,213.446,213.29,213.32,80486
2026-08-21 14:07:00,213.32,213.45,213.2,213.43,155442
2026-08-21 14:08:00,213.4394,213.52,213.33,213.46,119849
2026-08-21 14:09:00,213.45,213.58,213.35,213.5,113257
2026-08-21 14:10:00,213.5138,213.54,213.28,213.35,100823
2026-08-21 14:11:00,213.3735,213.579,213.345,213.51,106290
2026-08-21 14:12:00,213.5,213.5499,213.33,213.3899,90316
2026-08-21 14:13:00,213.3999,213.51,213.27,213.4213,101249
2026-08-21 14:14:00,213.42,213.84,213.41,213.7985,155526
2026-08-21 14:15:00,213.8,214.1099,213.8,213.9896,221722
2026-08-21 14:16:00,213.9904,214.01,213.7628,213.8899,120299
2026-08-21 14:17:00,213.8998,213.8998,213.63,213.64,109182
2026-08-21 14:18:00,213.65,213.84,213.5901,213.8146,105094
2026-08-21 14:19:00,213.78,214.0,213.68,213.9,98250
2026-08-21 14:20:00,213.91,214.1,213.8504,213.94,154049
2026-08-21 14:21:00,213.94,214.0199,213.76,213.76,92430
2026-08-21 14:22:00,213.75,213.82,213.631,213.7699,122617
2026-08-21 14:23:00,213.77,213.99,213.74,213.7664,113488
2026-08-21 14:24:00,213.76,213.8699,213.66,213.76,84058
2026-08-21 14:25:00,213.74,213.8191,213.57,213.6801,85071
2026-08-21 14:26:00,213.71,213.9214,213.71,213.85,75442
2026-08-21 14:27:00,213.8401,213.9199,213.77,213.82,58741
2026-08-21 14:28:00,213.81,213.86,213.735,213.8251,77595
2026-08-21 14:29:00,213.83,214.04,213.8146,213.95,126262
2026-08-21 14:30:00,213.94,213.95,213.54,213.585,125523
2026-08-21 14:31:00,213.5766,213.81,213.5326,213.58,118618
2026-08-21 14:32:00,213.6,213.8093,213.6,213.72,79202
2026-08-21 14:33:00,213.73,213.85,213.69,213.779,64731
2026-08-21 14:34:00,213.78,213.91,213.6501,213.67,74832
2026-08-21 14:35:00,213.675,213.7699,213.57,213.65,57884
2026-08-21 14:36:00,213.64,213.89,213.61,213.78,66080
2026-08-21 14:37:00,213.81,214.03,213.78,213.972,114414
2026-08-21 14:38:00,213.9609,214.05,213.9,214.01,86002
2026-08-21 14:39:00,213.996,214.02,213.8501,213.915,81175
2026-08-21 14:40:00,213.9048,214.0599,213.8,213.975,79895
2026-08-21 14:41:00,213.9401,214.09,213.8907,213.98,89040
2026-08-21 14:42:00,214.015,214.07,213.8,213.842,89319
2026-08-21 14:43:00,213.8301,213.95,213.78,213.85,69195
2026-08-21 14:44:00,213.82,213.99,213.76,213.956,54254
2026-08-21 14:45:00,213.94,214.08,213.84,214.0,98101
2026-08-21 14:46:00,213.9999,214.06,213.85,213.94,75135
2026-08-21 14:47:00,213.94,214.15,213.8967,214.0977,105497
2026-08-21 14:48:00,214.0808,214.12,213.9,213.9,113779
2026-08-21 14:49:00,213.8803,214.01,213.7,213.78,128928
2026-08-21 14:50:00,213.7776,213.87,213.68,213.7504,78705
2026-08-21 14:51:00,213.7548,213.86,213.71,213.76,71589
2026-08-21 14:52:00,213.76,213.79,213.62,213.6909,93767
2026-08-21 14:53:00,213.68,213.71,213.55,213.5935,78005
2026-08-21 14:54:00,213.5942,213.78,213.28,213.33,205917
2026-08-21 14:55:00,213.33,213.588,213.31,213.37,108225
2026-08-21 14:56:00,213.39,213.6258,213.35,213.498,100626
2026-08-21 14:57:00,213.49,213.51,213.2345,213.2345,96887
2026-08-21 14:58:00,213.25,213.3699,212.97,213.045,240452
2026-08-21 14:59:00,213.0577,213.17,212.92,213.09,163704
2026-08-21 15:00:00,213.09,213.28,213.09,213.25,119140
2026-08-21 15:01:00,213.28,213.87,213.28,213.6599,239832
2026-08-21 15:02:00,213.66,214.1,213.66,214.015,201990
2026-08-21 15:03:00,214.0,214.06,213.81,213.85,113411
2026-08-21 15:04:00,213.86,214.14,213.86,213.9925,154686
2026-08-21 15:05:00,213.99,214.07,213.96,213.9899,122242
2026-08-21 15:06:00,213.97,214.06,213.9101,213.93,97335
2026-08-21 15:07:00,213.9213,213.98,213.76,213.8972,110279
2026-08-21 15:08:00,213.888,213.96,213.8,213.8166,85129
2026-08-21 15:09:00,213.815,213.99,213.72,213.8299,101348
2026-08-21 15:10:00,213.835,213.84,213.4405,213.4715,131843
2026-08-21 15:11:00,213.46,213.64,213.455,213.6005,97247
2026-08-21 15:12:00,213.61,213.7499,213.59,213.64,82905
2026-08-21 15:13:00,213.63,213.78,213.6101,213.7501,61713
2026-08-21 15:14:00,213.76,213.85,213.65,213.76,66687
2026-08-21 15:15:00,213.78,213.98,213.72,213.739,99880
2026-08-21 15:16:00,213.728,213.94,213.58,213.9,109526
2026-08-21 15:17:00,213.9,213.9491,213.6106,213.6106,151116
2026-08-21 15:18:00,213.6101,213.6286,213.4405,213.4701,155024
2026-08-21 15:19:00,213.46,213.56,213.44,213.51,94035
2026-08-21 15:20:00,213.51,213.54,213.32,213.3501,99258
2026-08-21 15:21:00,213.37,213.46,213.32,213.385,73404
2026-08-21 15:22:00,213.4,213.4,212.94,213.03,201640
2026-08-21 15:23:00,213.05,213.16,212.76,212.76,237020
2026-08-21 15:24:00,212.8199,213.0,212.778,212.9,93289
2026-08-21 15:25:00,212.92,213.2974,212.8901,213.17,221468
2026-08-21 15:26:00,213.162,213.35,213.035,213.09,164499
2026-08-21 15:27:00,213.1,213.139,212.95,213.01,135154
2026-08-21 15:28:00,213.005,213.03,212.8847,213.01,126929
2026-08-21 15:29:00,212.99,213.03,212.81,212.83,129782
2026-08-21 15:30:00,212.84,213.03,212.84,212.92,125896
2026-08-21 15:31:00,212.94,213.19,212.82,212.9,139008
2026-08-21 15:32:00,212.9,212.9582,212.35,212.49,341348
2026-08-21 15:33:00,212.48,212.63,212.4302,212.47,134268
2026-08-21 15:34:00,212.45,212.47,212.25,212.2801,150265
2026-08-21 15:35:00,212.29,212.345,211.96,211.99,310541
2026-08-21 15:36:00,211.9899,212.27,211.9,211.9978,248470
2026-08-21 15:37:00,211.99,212.42,211.91,212.18,306205
2026-08-21 15:38:00,212.19,212.285,212.05,212.06,157984
2026-08-21 15:39:00,212.0713,212.13,211.66,211.74,290551
2026-08-21 15:40:00,211.749,211.7867,211.53,211.5876,229510
2026-08-21 15:41:00,211.62,211.8999,211.51,211.62,194458
2026-08-21 15:42:00,211.63,211.82,211.61,211.645,146807
2026-08-21 15:43:00,211.6341,211.7843,211.52,211.52,163821
2026-08-21 15:44:00,211.51,211.65,211.32,211.45,194280
2026-08-21 15:45:00,211.48,211.63,211.32,211.34,243500
2026-08-21 15:46:00,211.36,211.62,211.26,211.39,253187
2026-08-21 15:47:00,211.38,211.55,211.34,211.4,164370
2026-08-21 15:48:00,211.43,211.54,211.31,211.46,162206
2026-08-21 15:49:00,211.42,211.59,211.31,211.48,187333
2026-08-21 15:50:00,211.49,211.6294,210.88,211.06,486283
2026-08-21 15:51:00,211.03,211.03,210.53,210.64,359042
2026-08-21 15:52:00,210.62,210.9396,210.56,210.6158,291324
2026-08-21 15:53:00,210.64,210.82,210.58,210.67,253349
2026-08-21 15:54:00,210.66,211.0396,210.55,210.865,374837
2026-08-21 15:55:00,210.89,211.18,210.81,210.835,342144
2026-08-21 15:56:00,210.8,211.08,210.73,210.8901,278682
2026-08-21 15:57:00,210.89,211.09,210.6,210.8223,263067
2026-08-21 15:58:00,210.83,210.8767,210.67,210.7063,334367
2026-08-21 15:59:00,210.705,210.89,210.32,210.66,1128463
2026-08-22 09:30:00,214.455,215.41,214.21,214.6393,781812
2026-08-22 09:31:00,214.5254,215.26,214.3727,214.89,497536
2026-08-22 09:32:00,214.87,215.98,214.49,215.89,655217
2026-08-22 09:33:00,215.925,216.39,215.5,216.2838,734148
2026-08-22 09:34:00,216.285,216.36,215.31,215.83,551847
2026-08-22 09:35:00,215.89,216.1,215.37,216.09,390868
2026-08-22 09:36:00,216.1,217.05,215.9759,216.79,727914
2026-08-22 09:37:00,216.84,216.85,216.4,216.67,416029
2026-08-22 09:38:00,216.7,216.7206,215.7001,215.94,468543
2026-08-22 09:39:00,215.9422,216.7553,215.76,216.74,423143
2026-08-22 09:40:00,216.72,217.2541,216.69,217.11,466592
2026-08-22 09:41:00,217.0943,217.1411,216.5,216.7615,328452
2026-08-22 09:42:00,216.77,216.7896,216.01,216.563,491156
2026-08-22 09:43:00,216.5598,216.6,216.0508,216.46,311452
2026-08-22 09:44:00,216.465,216.51,216.1173,216.3271,207238
2026-08-22 09:45:00,216.25,216.46,215.71,216.1699,399484
2026-08-22 09:46:00,216.0762,216.51,215.34,216.06,486678
2026-08-22 09:47:00,216.0401,216.38,215.92,216.37,407971
2026-08-22 09:48:00,216.343,216.75,216.3333,216.5409,331108
2026-08-22 09:49:00,216.6,216.68,216.4064,216.63,204765
2026-08-22 09:50:00,216.6,217.14,216.5621,216.84,409553
2026-08-22 09:51:00,216.84,217.29,216.77,216.8109,406925
2026-08-22 09:52:00,216.85,216.96,216.17,216.21,367664
2026-08-22 09:53:00,216.225,216.69,216.15,216.512,189079
2026-08-22 09:54:00,216.525,217.24,216.525,217.03,304963
2026-08-22 09:55:00,216.98,217.1,216.6401,216.95,274482
2026-08-22 09:56:00,216.94,217.23,216.5,216.62,314766
2026-08-22 09:57:00,216.6176,216.72,216.3,216.4024,185635
2026-08-22 09:58:00,216.47,216.63,216.25,216.44,167295
2026-08-22 09:59:00,216.4001,216.64,216.2037,216.595,170945
2026-08-22 10:00:00,216.64,218.3843,216.61,218.3843,803506
2026-08-22 10:01:00,218.3767,218.4,217.9106,218.18,421043
2026-08-22 10:02:00,218.22,219.42,218.1901,219.4,663956
2026-08-22 10:03:00,219.41,219.46,218.7412,218.85,460779
2026-08-22 10:04:00,218.85,219.1,218.6634,218.7528,364627
2026-08-22 10:05:00,218.7707,218.87,218.08,218.1313,378998
2026-08-22 10:06:00,218.11,218.56,217.616,218.46,466736
2026-08-22 10:07:00,218.462,218.71,218.2152,218.44,304767
2026-08-22 10:08:00,218.4456,219.24,218.41,219.2299,420401
2026-08-22 10:09:00,219.1944,219.35,218.87,219.17,372642
2026-08-22 10:10:00,219.19,219.46,218.95,219.1944,366912
2026-08-22 10:11:00,219.2,219.2,218.64,218.96,318771
2026-08-22 10:12:00,218.98,219.335,218.88,219.278,271797
2026-08-22 10:13:00,219.3077,219.43,219.05,219.29,281938
2026-08-22 10:14:00,219.2949,219.55,218.83,218.9386,389288
2026-08-22 10:15:00,218.92,219.8,218.9,219.73,411393
2026-08-22 10:16:00,219.7656,220.28,219.2,219.44,785292
2026-08-22 10:17:00,219.4644,219.59,218.26,218.95,572705
2026-08-22 10:18:00,218.96,219.6387,218.821,219.62,401340
2026-08-22 10:19:00,219.64,220.0,219.3401,219.7999,363647
2026-08-22 10:20:00,219.79,219.82,219.12,219.4099,263339
2026-08-22 10:21:00,219.42,219.55,219.155,219.2801,185252
2026-08-22 10:22:00,219.31,219.7482,219.25,219.7151,252361
2026-08-22 10:23:00,219.69,220.5,219.668,220.4,571772
2026-08-22 10:24:00,220.4047,220.76,220.16,220.7101,346913
2026-08-22 10:25:00,220.7,220.8,220.2,220.61,287520
2026-08-22 10:26:00,220.6,220.65,220.3301,220.45,166912
2026-08-22 10:27:00,220.48,220.59,220.18,220.385,203387
2026-08-22 10:28:00,220.415,220.75,220.2801,220.7269,262995
2026-08-22 10:29:00,220.725,220.94,220.53,220.69,312843
2026-08-22 10:30:00,220.72,220.99,220.58,220.96,310260
2026-08-22 10:31:00,220.965,221.01,220.675,220.7899,305005
2026-08-22 10:32:00,220.76,220.86,220.34,220.35,273104
2026-08-22 10:33:00,220.38,220.77,220.31,220.7599,236670
2026-08-22 10:34:00,220.75,221.48,220.67,221.2385,512394
2026-08-22 10:35:00,221.28,221.31,220.6716,221.015,392933
2026-08-22 10:36:00,221.0,221.0,220.3782,220.65,258090
2026-08-22 10:37:00,220.7,220.77,220.2116,220.33,284917
2026-08-22 10:38:00,220.3,220.39,219.68,220.07,450456
2026-08-22 10:39:00,220.12,220.3371,219.83,220.0,240590
2026-08-22 10:40:00,220.0,220.08,219.33,219.7855,385000
2026-08-22 10:41:00,219.82,220.06,219.6,219.987,232786
2026-08-22 10:42:00,219.98,220.07,219.77,219.8701,148492
2026-08-22 10:43:00,219.9054,220.5282,219.79,220.487,314337
2026-08-22 10:44:00,220.4507,220.5,220.13,220.36,181207
2026-08-22 10:45:00,220.37,220.4299,219.84,220.21,203541
2026-08-22 10:46:00,220.25,220.25,219.32,219.3268,295184
2026-08-22 10:47:00,219.3459,219.5298,218.65,218.86,552522
2026-08-22 10:48:00,218.86,218.8956,217.25,217.3,675164
2026-08-22 10:49:00,217.2891,218.1397,217.1801,217.9878,438240
2026-08-22 10:50:00,217.97,218.3,217.81,217.88,290919
2026-08-22 10:51:00,217.87,217.9321,216.635,217.195,548344
2026-08-22 10:52:00,217.16,217.59,217.0,217.1,263017
2026-08-22 10:53:00,217.16,217.3193,216.88,217.2,238660
2026-08-22 10:54:00,217.16,217.48,216.63,217.33,373245
2026-08-22 10:55:00,217.315,217.45,217.06,217.3461,172430
2026-08-22 10:56:00,217.3299,217.4149,216.9,217.3354,240995
2026-08-22 10:57:00,217.3556,217.83,217.22,217.6455,343858
2026-08-22 10:58:00,217.66,217.77,217.34,217.6415,177590
2026-08-22 10:59:00,217.6312,217.83,217.54,217.74,150375
2026-08-22 11:00:00,217.72,217.725,216.96,217.17,225690
2026-08-22 11:01:00,217.2,217.6,217.1048,217.34,149583
2026-08-22 11:02:00,217.32,217.48,217.16,217.3442,90621
2026-08-22 11:03:00,217.4,217.84,216.98,217.66,257209
2026-08-22 11:04:00,217.66,217.66,217.22,217.3801,154287
2026-08-22 11:05:00,217.38,217.58,216.9,216.92,244053
2026-08-22 11:06:00,216.92,217.6,216.9001,217.28,172134
2026-08-22 11:07:00,217.3,217.5,217.1,217.4,177631
2026-08-22 11:08:00,217.405,217.67,217.34,217.61,135175
2026-08-22 11:09:00,217.66,217.66,217.3464,217.3464,99058
2026-08-22 11:10:00,217.3514,217.48,216.06,216.16,486031
2026-08-22 11:11:00,216.17,216.65,216.0,216.38,362795
2026-08-22 11:12:00,216.4,216.85,216.34,216.64,195463
2026-08-22 11:13:00,216.6454,217.15,216.48,217.085,220189
2026-08-22 11:14:00,217.0979,217.86,217.0979,217.75,364661
2026-08-22 11:15:00,217.74,218.67,217.5,218.4163,580028
2026-08-22 11:16:00,218.3976,218.4245,217.95,218.25,217216
2026-08-22 11:17:00,218.26,218.3,217.9238,218.059,135891
2026-08-22 11:18:00,218.0546,218.3598,217.74,218.2901,217301
2026-08-22 11:19:00,218.31,218.55,218.0566,218.2244,219208
2026-08-22 11:20:00,218.26,218.3092,217.77,218.05,143648
2026-08-22 11:21:00,218.07,218.2,217.82,217.9401,131456
2026-08-22 11:22:00,217.9631,218.2234,217.96,218.1,82495
2026-08-22 11:23:00,218.11,218.1899,217.94,218.1774,66997
2026-08-22 11:24:00,218.17,218.44,218.1233,218.23,157563
2026-08-22 11:25:00,218.2138,218.63,218.1959,218.58,175260
2026-08-22 11:26:00,218.5774,218.92,218.4601,218.71,255637
2026-08-22 11:27:00,218.72,218.7572,217.72,218.2582,296859
2026-08-22 11:28:00,218.2538,218.64,218.1401,218.5,450892
2026-08-22 11:29:00,218.58,218.8299,218.5396,218.695,139293
2026-08-22 11:30:00,218.72,218.83,218.444,218.65,120813
2026-08-22 11:31:00,218.6541,218.93,218.47,218.74,135015
2026-08-22 11:32:00,218.7599,218.8,218.5,218.7,99080
2026-08-22 11:33:00,218.66,218.8188,218.5,218.575,98671
2026-08-22 11:34:00,218.59,218.82,218.5,218.63,122272
2026-08-22 11:35:00,218.66,218.7999,218.35,218.73,130127
2026-08-22 11:36:00,218.71,218.7543,218.5,218.61,72334
2026-08-22 11:37:00,218.64,218.79,218.5,218.765,65690
2026-08-22 11:38:00,218.753,218.89,218.56,218.83,100468
2026-08-22 11:39:00,218.85,219.13,218.85,219.0389,216902
2026-08-22 11:40:00,219.05,219.53,218.8157,219.51,270571
2026-08-22 11:41:00,219.5044,219.55,218.69,218.7199,188406
2026-08-22 11:42:00,218.7062,218.97,218.63,218.79,158880
2026-08-22 11:43:00,218.815,218.87,218.31,218.74,168803
2026-08-22 11:44:00,218.76,218.8499,217.9,218.21,312457
2026-08-22 11:45:00,218.1902,218.22,217.49,217.8149,242177
2026-08-22 11:46:00,217.7812,218.15,217.33,218.0499,337991
2026-08-22 11:47:00,218.0,218.25,217.85,218.225,136553
2026-08-22 11:48:00,218.23,218.4,218.04,218.1501,145214
2026-08-22 11:49:00,218.1896,218.3757,218.16,218.3647,104791
2026-08-22 11:50:00,218.35,218.37,218.0087,218.34,124748
2026-08-22 11:51:00,218.31,218.37,217.98,218.1585,142019
2026-08-22 11:52:00,218.1147,218.28,217.7612,217.95,157389
2026-08-22 11:53:00,217.9799,218.0,217.8,217.945,90995
2026-08-22 11:54:00,217.965,218.0599,217.66,217.985,114227
2026-08-22 11:55:00,218.0052,218.5799,218.0052,218.4701,207367
2026-08-22 11:56:00,218.4841,218.5499,218.1,218.2099,95471
2026-08-22 11:57:00,218.21,218.35,218.0917,218.1999,93544
2026-08-22 11:58:00,218.13,218.18,217.7626,217.92,186029
2026-08-22 11:59:00,217.93,218.09,217.68,217.7701,92755
2026-08-22 12:00:00,217.8,217.93,216.91,217.02,257869
2026-08-22 12:01:00,216.97,217.2837,216.9401,217.06,125810
2026-08-22 12:02:00,217.0601,217.24,216.9,216.975,186733
2026-08-22 12:03:00,217.0,217.2996,216.88,217.17,190233
2026-08-22 12:04:00,217.16,217.37,217.16,217.18,105741
2026-08-22 12:05:00,217.17,217.3,216.72,216.7738,150196
2026-08-22 12:06:00,216.77,217.31,216.52,217.1676,270417
2026-08-22 12:07:00,217.124,217.2799,217.05,217.2,88868
2026-08-22 12:08:00,217.2,217.5494,217.1176,217.3455,151062
2026-08-22 12:09:00,217.34,217.45,217.23,217.3115,64351
2026-08-22 12:10:00,217.33,217.3489,216.91,217.02,119628
2026-08-22 12:11:00,217.03,217.1983,216.97,217.125,74746
2026-08-22 12:12:00,217.13,217.2473,216.97,217.025,76659
2026-08-22 12:13:00,217.0142,217.05,216.7001,216.7701,171529
2026-08-22 12:14:00,216.7719,216.7719,216.11,216.25,276999
2026-08-22 12:15:00,216.26,216.73,216.19,216.5,221863
2026-08-22 12:16:00,216.5435,216.89,216.485,216.62,174754
2026-08-22 12:17:00,216.6,216.71,216.25,216.45,140911
2026-08-22 12:18:00,216.42,216.88,216.34,216.7783,189337
2026-08-22 12:19:00,216.78,217.24,216.74,216.9613,179931
2026-08-22 12:20:00,216.99,217.0027,216.67,216.735,106481
2026-08-22 12:21:00,216.735,217.0497,216.57,216.9085,155083
2026-08-22 12:22:00,216.87,217.0631,216.73,216.8437,65442
2026-08-22 12:23:00,216.84,217.0256,216.8,216.99,79181
2026-08-22 12:24:00,216.98,217.1,216.8,216.83,104074
2026-08-22 12:25:00,216.85,216.9599,216.6,216.64,220903
2026-08-22 12:26:00,216.6107,216.6963,216.2401,216.6755,197081
2026-08-22 12:27:00,216.64,216.89,216.58,216.685,138055
2026-08-22 12:28:00,216.7,216.7465,216.33,216.53,171891
2026-08-22 12:29:00,216.58,216.77,216.45,216.69,138073
2026-08-22 12:30:00,216.7,217.22,216.6058,217.0701,166119
2026-08-22 12:31:00,217.0308,217.2,216.8701,217.1199,115630
2026-08-22 12:32:00,217.1199,217.1199,216.93,217.054,67181
2026-08-22 12:33:00,217.0576,217.1599,216.91,216.95,87366
2026-08-22 12:34:00,216.98,217.4,216.94,217.2516,145537
2026-08-22 12:35:00,217.2201,217.58,217.2201,217.374,155042
2026-08-22 12:36:00,217.41,217.63,217.4,217.47,109508
2026-08-22 12:37:00,217.5036,217.66,217.42,217.5464,108768
2026-08-22 12:38:00,217.56,217.5839,217.2102,217.41,101566
2026-08-22 12:39:00,217.36,217.4341,217.13,217.17,84874
2026-08-22 12:40:00,217.19,217.3129,217.1,217.1842,68666
2026-08-22 12:41:00,217.1801,217.205,216.76,216.84,118453
2026-08-22 12:42:00,216.8,216.875,215.8101,215.91,306464
2026-08-22 12:43:00,215.895,216.26,215.8106,216.161,163659
2026-08-22 12:44:00,216.18,216.45,216.1285,216.2,135906
2026-08-22 12:45:00,216.2428,216.3299,216.05,216.078,93292
2026-08-22 12:46:00,216.05,216.08,215.67,215.9399,210543
2026-08-22 12:47:00,215.9444,216.32,215.85,216.2,146658
2026-08-22 12:48:00,216.2264,216.32,216.11,216.1104,65191
2026-08-22 12:49:00,216.11,216.38,216.02,216.28,96682
2026-08-22 12:50:00,216.26,216.7,216.2,216.5687,158848
2026-08-22 12:51:00,216.57,217.0798,216.35,216.915,178808
2026-08-22 12:52:00,216.93,216.9799,216.74,216.78,117797
2026-08-22 12:53:00,216.78,217.04,216.61,217.0367,121651
2026-08-22 12:54:00,217.02,217.18,216.95,217.04,140263
2026-08-22 12:55:00,217.05,217.58,217.03,217.4613,186108
2026-08-22 12:56:00,217.48,217.6199,217.341,217.6,116915
2026-08-22 12:57:00,217.6,217.68,217.35,217.42,127665
2026-08-22 12:58:00,217.4157,217.46,217.26,217.3901,110292
2026-08-22 12:59:00,217.39,217.41,217.1028,217.39,96118
2026-08-22 13:00:00,217.36,217.49,217.23,217.35,73223
2026-08-22 13:01:00,217.3204,217.59,217.3201,217.538,114282
2026-08-22 13:02:00,217.52,217.8099,217.46,217.63,183158
2026-08-22 13:03:00,217.61,217.67,217.43,217.49,141949
2026-08-22 13:04:00,217.5299,217.64,217.4219,217.54,79998
2026-08-22 13:05:00,217.52,217.81,217.4,217.69,139840
2026-08-22 13:06:00,217.725,217.8548,217.6002,217.68,104030
2026-08-22 13:07:00,217.7,217.77,217.5638,217.7,84386
2026-08-22 13:08:00,217.7003,217.85,217.62,217.8,54513
2026-08-22 13:09:00,217.77,217.78,217.64,217.73,93868
2026-08-22 13:10:00,217.76,217.83,217.6531,217.66,79578
2026-08-22 13:11:00,217.7542,217.81,217.44,217.56,122674
2026-08-22 13:12:00,217.58,217.86,217.57,217.8201,85599
2026-08-22 13:13:00,217.8401,217.9,217.74,217.8735,95560
2026-08-22 13:14:00,217.8735,218.05,217.7703,217.9915,185386
2026-08-22 13:15:00,218.01,218.1791,217.96,218.14,182815
2026-08-22 13:16:00,218.12,218.1699,217.96,218.08,123756
2026-08-22 13:17:00,218.07,218.07,217.95,217.984,46413
2026-08-22 13:18:00,217.98,218.12,217.96,217.9901,64294
2026-08-22 13:19:00,218.0,218.09,217.92,218.09,49260
2026-08-22 13:20:00,218.1,218.114,217.97,218.0889,55112
2026-08-22 13:21:00,218.09,218.09,217.83,218.0101,92086
2026-08-22 13:22:00,218.0101,218.85,218.0,218.51,357171
2026-08-22 13:23:00,218.52,218.55,218.36,218.37,97420
2026-08-22 13:24:00,218.385,218.55,218.36,218.47,81318
2026-08-22 13:25:00,218.4511,218.54,218.37,218.4101,82897
2026-08-22 13:26:00,218.41,218.55,218.31,218.5235,93844
2026-08-22 13:27:00,218.49,218.53,218.38,218.48,80104
2026-08-22 13:28:00,218.49,218.82,218.46,218.745,123932
2026-08-22 13:29:00,218.745,218.89,218.7,218.7816,122895
2026-08-22 13:30:00,218.8079,218.8446,218.685,218.7199,74490
2026-08-22 13:31:00,218.705,218.94,218.67,218.9201,109868
2026-08-22 13:32:00,218.9201,219.0,218.81,218.977,765596
2026-08-22 13:33:00,218.95,219.0166,218.892,218.95,93226
2026-08-22 13:34:00,218.98,219.0946,218.885,219.0601,83123
2026-08-22 13:35:00,219.0501,219.25,218.98,219.23,122995
2026-08-22 13:36:00,219.2399,219.25,218.99,219.01,105156
2026-08-22 13:37:00,219.0144,219.23,218.9416,219.2289,85271
2026-08-22 13:38:00,219.23,219.23,219.11,219.18,70257
2026-08-22 13:39:00,219.19,219.29,219.12,219.2554,62583
2026-08-22 13:40:00,219.2415,219.3,219.1301,219.23,98123
2026-08-22 13:41:00,219.26,219.4,219.26,219.38,115868
2026-08-22 13:42:00,219.375,219.5298,219.3413,219.3701,136940
2026-08-22 13:43:00,219.3765,219.42,219.281,219.3254,59681
2026-08-22 13:44:00,219.33,219.62,219.3201,219.61,142969
2026-08-22 13:45:00,219.62,219.655,219.43,219.4429,104298
2026-08-22 13:46:00,219.4342,219.6,219.3305,219.37,105311
2026-08-22 13:47:00,219.3701,219.5579,219.3,219.5154,79918
2026-08-22 13:48:00,219.5,219.54,219.36,219.3613,53329
2026-08-22 13:49:00,219.3989,219.4298,219.2701,219.39,68931
2026-08-22 13:50:00,219.4,219.57,219.3961,219.5,64390
2026-08-22 13:51:00,219.52,219.52,219.2907,219.35,53717
2026-08-22 13:52:00,219.3585,219.63,219.28,219.54,92974
2026-08-22 13:53:00,219.5699,219.7499,219.56,219.5764,139894
2026-08-22 13:54:00,219.575,219.63,219.4601,219.54,65184
2026-08-22 13:55:00,219.53,219.57,219.3,219.4501,92674
2026-08-22 13:56:00,219.455,219.455,219.15,219.44,157827
2026-08-22 13:57:00,219.44,219.4659,219.32,219.3499,55809
2026-08-22 13:58:00,219.35,219.46,219.31,219.4149,48969
2026-08-22 13:59:00,219.42,219.5299,219.415,219.4601,59715
2026-08-22 14:00:00,219.49,219.495,219.36,219.38,86099
2026-08-22 14:01:00,219.39,219.5,219.3201,219.4,92244
2026-08-22 14:02:00,219.42,219.64,219.4,219.6395,115319
2026-08-22 14:03:00,219.65,219.72,219.55,219.6043,99711
2026-08-22 14:04:00,219.59,219.86,219.56,219.695,157033
2026-08-22 14:05:00,219.718,219.8,219.57,219.68,84933
2026-08-22 14:06:00,219.695,219.83,219.55,219.65,114473
2026-08-22 14:07:00,219.63,219.6699,219.441,219.51,85096
2026-08-22 14:08:00,219.5,219.705,219.49,219.6639,65945
2026-08-22 14:09:00,219.67,219.6985,219.51,219.5992,54589
2026-08-22 14:10:00,219.62,219.75,219.542,219.645,85291
2026-08-22 14:11:00,219.6799,219.76,219.44,219.465,82186
2026-08-22 14:12:00,219.4649,219.7,219.45,219.6451,65493
2026-08-22 14:13:00,219.655,219.8,219.63,219.78,76938
2026-08-22 14:14:00,219.8,219.9,219.77,219.84,116999
2026-08-22 14:15:00,219.855,219.89,219.71,219.88,81248
2026-08-22 14:16:00,219.88,219.97,219.8225,219.895,76536
2026-08-22 14:17:00,219.91,219.965,219.8501,219.93,64363
2026-08-22 14:18:00,219.93,219.97,219.81,219.9,50806
2026-08-22 14:19:00,219.91,219.924,219.8501,219.8632,48654
2026-08-22 14:20:00,219.88,219.88,219.715,219.77,57949
2026-08-22 14:21:00,219.77,219.8997,219.77,219.82,48033
2026-08-22 14:22:00,219.801,219.81,219.43,219.5701,113918
2026-08-22 14:23:00,219.5714,219.79,219.57,219.73,84867
2026-08-22 14:24:00,219.73,219.79,219.582,219.775,59576
2026-08-22 14:25:00,219.79,219.8,219.58,219.62,73235
2026-08-22 14:26:00,219.62,219.78,219.5501,219.76,164151
2026-08-22 14:27:00,219.7768,219.7768,219.6951,219.72,43799
2026-08-22 14:28:00,219.73,219.81,219.7023,219.75,69398
2026-08-22 14:29:00,219.77,219.79,219.5745,219.5745,57118
2026-08-22 14:30:00,219.57,219.72,219.5601,219.628,118369
2026-08-22 14:31:00,219.61,219.7333,219.55,219.6,78481
2026-08-22 14:32:00,219.6,219.7,219.5,219.5688,65905
2026-08-22 14:33:00,219.5689,219.68,219.52,219.5785,60078
2026-08-22 14:34:00,219.5914,219.5963,219.3101,219.3101,100457
2026-08-22 14:35:00,219.32,219.49,219.1801,219.395,195164
2026-08-22 14:36:00,219.4199,219.5699,219.3816,219.49,68908
2026-08-22 14:37:00,219.532,219.6,219.48,219.55,44205
2026-08-22 14:38:00,219.57,219.79,219.57,219.7,121767
2026-08-22 14:39:00,219.6903,219.77,219.62,219.6501,52116
2026-08-22 14:40:00,219.6604,219.83,219.61,219.75,104569
2026-08-22 14:41:00,219.765,219.96,219.7444,219.81,115018
2026-08-22 14:42:00,219.8482,219.94,219.67,219.6755,94699
2026-08-22 14:43:00,219.6701,219.91,219.66,219.82,80098
2026-08-22 14:44:00,219.825,219.88,219.73,219.75,53882
2026-08-22 14:45:00,219.76,219.82,219.7318,219.79,55476
2026-08-22 14:46:00,219.785,219.87,219.75,219.83,53061
2026-08-22 14:47:00,219.8035,219.88,219.7701,219.82,39078
2026-08-22 14:48:00,219.8207,219.84,219.76,219.82,37053
2026-08-22 14:49:00,219.81,219.88,219.72,219.8699,81116
2026-08-22 14:50:00,219.8632,219.8999,219.74,219.82,56412
2026-08-22 14:51:00,219.83,219.87,219.72,219.8,50874
2026-08-22 14:52:00,219.7834,220.13,219.78,220.11,294386
2026-08-22 14:53:00,220.095,220.11,219.86,219.91,113519
2026-08-22 14:54:00,219.915,220.0,219.82,219.855,61408
2026-08-22 14:55:00,219.88,219.98,219.73,219.755,79549
2026-08-22 14:56:00,219.755,219.82,219.67,219.7401,131902
2026-08-22 14:57:00,219.75,219.765,219.24,219.4659,189047
2026-08-22 14:58:00,219.4499,219.48,219.1801,219.358,125567
2026-08-22 14:59:00,219.3301,219.56,219.28,219.511,120767
2026-08-22 15:00:00,219.52,219.5213,219.22,219.31,106223
2026-08-22 15:01:00,219.3312,219.3312,219.02,219.154,172167
2026-08-22 15:02:00,219.17,219.2,218.83,219.02,167525
2026-08-22 15:03:00,219.06,219.25,219.01,219.17,111754
2026-08-22 15:04:00,219.22,219.33,219.17,219.286,93215
2026-08-22 15:05:00,219.2676,219.47,219.2001,219.4,120763
2026-08-22 15:06:00,219.41,219.476,219.2902,219.4001,58848
2026-08-22 15:07:00,219.4299,219.49,219.2,219.23,83103
2026-08-22 15:08:00,219.2401,219.45,219.24,219.3914,66712
2026-08-22 15:09:00,219.39,219.6447,219.37,219.6447,83268
2026-08-22 15:10:00,219.6,219.7,219.5701,219.6001,81869
2026-08-22 15:11:00,219.6128,219.95,219.6128,219.87,133296
2026-08-22 15:12:00,219.85,219.93,219.73,219.83,115916
2026-08-22 15:13:00,219.85,220.27,219.8247,220.158,268274
2026-08-22 15:14:00,220.1699,220.25,220.0901,220.23,86625
2026-08-22 15:15:00,220.23,220.39,220.13,220.33,161908
2026-08-22 15:16:00,220.35,220.42,220.21,220.24,155268
2026-08-22 15:17:00,220.255,220.3,220.15,220.2699,105294
2026-08-22 15:18:00,220.2658,220.32,220.18,220.2909,137115
2026-08-22 15:19:00,220.281,220.59,220.28,220.52,284796
2026-08-22 15:20:00,220.54,220.65,220.26,220.28,161863
2026-08-22 15:21:00,220.3,220.48,220.265,220.41,118290
2026-08-22 15:22:00,220.405,220.48,220.28,220.32,98581
2026-08-22 15:23:00,220.31,220.4,220.26,220.295,96741
2026-08-22 15:24:00,220.295,220.45,220.21,220.35,128431
2026-08-22 15:25:00,220.355,220.38,220.251,220.29,56156
2026-08-22 15:26:00,220.2971,220.4399,220.27,220.43,88686
2026-08-22 15:27:00,220.4308,220.62,220.37,220.555,137415
2026-08-22 15:28:00,220.55,220.56,220.42,220.5201,60326
2026-08-22 15:29:00,220.53,220.65,220.51,220.6,101250
2026-08-22 15:30:00,220.58,220.63,220.4,220.465,115652
2026-08-22 15:31:00,220.4759,220.6399,220.45,220.565,112950
2026-08-22 15:32:00,220.525,220.66,220.48,220.63,120243
2026-08-22 15:33:00,220.6201,220.885,220.6001,220.7814,194765
2026-08-22 15:34:00,220.79,220.81,220.32,220.495,152170
2026-08-22 15:35:00,220.46,220.46,220.22,220.24,143872
2026-08-22 15:36:00,220.24,220.35,220.11,220.19,145894
2026-08-22 15:37:00,220.18,220.22,220.1,220.17,104775
2026-08-22 15:38:00,220.189,220.29,220.01,220.055,129706
2026-08-22 15:39:00,220.07,220.27,219.75,220.252,172007
2026-08-22 15:40:00,220.258,220.258,220.08,220.172,87166
2026-08-22 15:41:00,220.16,220.43,220.13,220.375,132393
2026-08-22 15:42:00,220.36,220.4274,219.9,220.0001,155165
2026-08-22 15:43:00,220.01,220.05,219.89,219.965,89763
2026-08-22 15:44:00,219.97,220.1,219.91,220.042,109382
2026-08-22 15:45:00,220.09,220.19,219.83,220.0908,173767
2026-08-22 15:46:00,220.0819,220.1158,219.9,220.02,120280
2026-08-22 15:47:00,219.9901,220.16,219.9721,220.03,86623
2026-08-22 15:48:00,220.06,220.35,219.98,220.2311,165101
2026-08-22 15:49:00,220.2001,220.3731,220.12,220.23,236264
2026-08-22 15:50:00,220.28,220.42,220.16,220.41,191863
2026-08-22 15:51:00,220.375,220.61,220.375,220.5403,250153
2026-08-22 15:52:00,220.52,220.54,220.25,220.391,187664
2026-08-22 15:53:00,220.41,220.49,220.25,220.26,118122
2026-08-22 15:54:00,220.25,220.75,220.24,220.7,301326
2026-08-22 15:55:00,220.71,220.83,220.27,220.425,339308
2026-08-22 15:56:00,220.43,220.48,220.25,220.4,253518
2026-08-22 15:57:00,220.43,220.47,220.12,220.16,237783
2026-08-22 15:58:00,220.165,220.45,220.165,220.2813,366228
2026-08-22 15:59:00,220.29,220.36,220.15,220.29,513161
2026-08-25 09:30:00,218.75,219.09,218.29,218.6,591472
2026-08-25 09:31:00,218.49,218.562,217.07,217.1,548953
2026-08-25 09:32:00,217.05,217.22,216.3415,217.195,585129
2026-08-25 09:33:00,217.17,217.6436,216.82,216.895,460781
2026-08-25 09:34:00,216.88,217.6196,216.51,216.82,403967
2026-08-25 09:35:00,216.8199,217.34,216.53,217.07,349558
2026-08-25 09:36:00,217.07,217.67,216.9,217.03,337132
2026-08-25 09:37:00,217.07,217.7,217.06,217.58,224452
2026-08-25 09:38:00,217.5328,217.8336,217.198,217.198,271490
2026-08-25 09:39:00,217.2,217.5799,217.12,217.42,229707
2026-08-25 09:40:00,217.35,217.99,217.2501,217.805,282480
2026-08-25 09:41:00,217.78,218.0,217.31,217.58,205016
2026-08-25 09:42:00,217.59,217.73,216.91,217.615,352952
2026-08-25 09:43:00,217.6,217.6373,217.1,217.18,195398
2026-08-25 09:44:00,217.185,217.5,217.1,217.3026,176858
2026-08-25 09:45:00,217.35,217.47,216.52,216.63,383915
2026-08-25 09:46:00,216.64,217.33,216.52,217.26,286481
2026-08-25 09:47:00,217.275,217.5,217.22,217.44,284190
2026-08-25 09:48:00,217.44,217.4674,216.9664,217.136,230624
2026-08-25 09:49:00,217.07,217.5,216.99,217.44,126123
2026-08-25 09:50:00,217.445,217.49,216.91,217.44,194895
2026-08-25 09:51:00,217.42,217.97,217.2,217.945,250556
2026-08-25 09:52:00,217.9329,218.2933,217.66,217.9801,369853
2026-08-25 09:53:00,218.04,218.04,217.51,217.6753,193322
2026-08-25 09:54:00,217.729,217.74,216.69,216.76,379617
2026-08-25 09:55:00,216.78,217.115,216.26,216.41,448092
2026-08-25 09:56:00,216.37,218.6592,216.31,216.885,230278
2026-08-25 09:57:00,216.8956,217.3,216.74,217.1904,197393
2026-08-25 09:58:00,217.22,217.3436,217.05,217.2367,162189
2026-08-25 09:59:00,217.18,217.41,217.11,217.3,200053
2026-08-25 10:00:00,217.34,217.66,217.29,217.39,236902
2026-08-25 10:01:00,217.462,217.462,217.0601,217.4048,145987
2026-08-25 10:02:00,217.4214,217.6893,217.26,217.565,181665
2026-08-25 10:03:00,217.5304,217.6378,217.17,217.43,164586
2026-08-25 10:04:00,217.4,218.571,217.1,217.33,138023
2026-08-25 10:05:00,217.35,217.7,216.91,217.2,264784
2026-08-25 10:06:00,217.2775,217.32,216.87,217.2378,131185
2026-08-25 10:07:00,217.2,217.38,216.83,216.85,173737
2026-08-25 10:08:00,216.8657,217.1,216.1,216.5134,454822
2026-08-25 10:09:00,216.4701,216.5599,216.06,216.18,220596
2026-08-25 10:10:00,216.18,216.37,215.72,215.8399,416964
2026-08-25 10:11:00,215.84,215.85,215.28,215.4,375986
2026-08-25 10:12:00,215.41,215.73,215.28,215.67,273661
2026-08-25 10:13:00,215.665,215.825,215.29,215.39,226322
2026-08-25 10:14:00,215.38,215.545,214.5438,214.6645,564694
2026-08-25 10:15:00,214.6685,214.6986,214.04,214.215,416757
2026-08-25 10:16:00,214.26,214.56,214.065,214.1401,316923
2026-08-25 10:17:00,214.14,214.23,213.76,214.0,455042
2026-08-25 10:18:00,213.9837,214.08,213.16,213.38,493738
2026-08-25 10:19:00,213.37,213.53,213.0,213.12,487466
2026-08-25 10:20:00,213.166,213.78,213.09,213.77,401627
2026-08-25 10:21:00,213.7707,213.96,213.28,213.325,282905
2026-08-25 10:22:00,213.34,213.74,213.23,213.305,248688
2026-08-25 10:23:00,213.3,213.46,213.09,213.3332,224369
2026-08-25 10:24:00,213.32,213.7198,213.28,213.5082,223570
2026-08-25 10:25:00,213.53,214.1799,213.46,213.9591,350642
2026-08-25 10:26:00,213.93,214.09,213.82,213.9,225959
2026-08-25 10:27:00,213.93,213.93,213.51,213.564,184146
2026-08-25 10:28:00,213.5505,213.5505,212.7505,212.9099,584046
2026-08-25 10:29:00,212.89,213.06,212.6301,212.96,331879
2026-08-25 10:30:00,212.95,213.25,212.79,213.11,299397
2026-08-25 10:31:00,213.11,213.1462,212.13,212.1324,416095
2026-08-25 10:32:00,212.1239,212.25,211.7989,211.9208,388481
2026-08-25 10:33:00,211.92,212.45,211.87,212.1,326334
2026-08-25 10:34:00,212.13,212.3533,212.01,212.305,214430
2026-08-25 10:35:00,212.29,212.45,212.13,212.38,207638
2026-08-25 10:36:00,212.4,212.46,212.23,212.3603,152670
2026-08-25 10:37:00,212.36,212.39,212.07,212.17,182848
2026-08-25 10:38:00,212.1787,212.1787,211.5,211.9299,426830
2026-08-25 10:39:00,211.915,212.14,211.8,211.88,213657
2026-08-25 10:40:00,211.87,212.38,211.76,212.32,193845
2026-08-25 10:41:00,212.32,212.6,212.32,212.43,215000
2026-08-25 10:42:00,212.435,212.6499,212.32,212.55,186735
2026-08-25 10:43:00,212.54,212.76,212.37,212.63,212922
2026-08-25 10:44:00,212.61,212.7099,212.39,212.69,163949
2026-08-25 10:45:00,212.71,213.0399,212.7,212.74,225533
2026-08-25 10:46:00,212.7688,212.97,212.55,212.77,162073
2026-08-25 10:47:00,212.75,213.08,212.75,212.86,169155
2026-08-25 10:48:00,212.85,212.92,212.57,212.89,155806
2026-08-25 10:49:00,212.8451,212.98,212.7006,212.7976,108881
2026-08-25 10:50:00,212.81,213.07,212.7,212.7,159870
2026-08-25 10:51:00,212.7009,213.15,212.7,212.97,210364
2026-08-25 10:52:00,212.99,213.59,212.91,213.53,282567
2026-08-25 10:53:00,213.504,213.57,213.23,213.275,158141
2026-08-25 10:54:00,213.306,213.306,213.03,213.095,141411
2026-08-25 10:55:00,213.11,213.26,212.8799,212.8799,145306
2026-08-25 10:56:00,212.87,213.0284,212.7708,212.92,150888
2026-08-25 10:57:00,212.92,212.9477,212.64,212.86,188488
2026-08-25 10:58:00,212.82,213.029,212.7513,213.029,113320
2026-08-25 10:59:00,213.01,213.08,212.81,212.9032,158555
2026-08-25 11:00:00,212.9,212.92,212.75,212.79,125338
2026-08-25 11:01:00,212.775,213.19,212.775,212.9199,173193
2026-08-25 11:02:00,212.898,213.45,212.89,213.36,231593
2026-08-25 11:03:00,213.335,213.7,213.3101,213.57,213673
2026-08-25 11:04:00,213.5857,213.62,213.374,213.525,135719
2026-08-25 11:05:00,213.518,213.5991,213.31,213.345,143751
2026-08-25 11:06:00,213.33,213.46,213.16,213.2404,183184
2026-08-25 11:07:00,213.2738,213.365,212.84,212.9599,160857
2026-08-25 11:08:00,212.94,213.28,212.8908,213.18,108138
2026-08-25 11:09:00,213.165,213.48,213.08,213.3,124499
2026-08-25 11:10:00,213.29,213.34,212.75,212.9,161357
2026-08-25 11:11:00,212.885,213.05,212.8,213.0065,112884
2026-08-25 11:12:00,213.03,213.45,212.9902,213.3939,129674
2026-08-25 11:13:00,213.3701,213.43,213.22,213.23,116122
2026-08-25 11:14:00,213.2,213.3,213.13,213.2599,65396
2026-08-25 11:15:00,213.25,213.3,212.96,213.16,108304
2026-08-25 11:16:00,213.13,213.22,212.5,212.6862,209929
2026-08-25 11:17:00,212.6885,213.01,212.66,212.965,132959
2026-08-25 11:18:00,212.98,213.43,212.96,213.38,148078
2026-08-25 11:19:00,213.3696,213.65,213.29,213.455,146240
2026-08-25 11:20:00,213.43,213.57,213.16,213.2999,125830
2026-08-25 11:21:00,213.3,213.38,212.92,213.07,111279
2026-08-25 11:22:00,213.0769,213.49,213.05,213.3971,106138
2026-08-25 11:23:00,213.44,213.85,213.42,213.7441,222281
2026-08-25 11:24:00,213.73,213.8097,213.5722,213.5722,112821
2026-08-25 11:25:00,213.5738,213.677,213.38,213.5099,131141
2026-08-25 11:26:00,213.5,213.6299,213.35,213.42,112179
2026-08-25 11:27:00,213.4201,213.65,213.23,213.54,134329
2026-08-25 11:28:00,213.5251,213.74,213.52,213.52,102353
2026-08-25 11:29:00,213.5003,213.6299,213.45,213.5001,63946
2026-08-25 11:30:00,213.5,213.5,213.2,213.36,100856
2026-08-25 11:31:00,213.35,213.3698,213.06,213.07,112132
2026-08-25 11:32:00,213.0985,213.25,213.06,213.13,75669
2026-08-25 11:33:00,213.0913,213.2957,213.01,213.2349,84049
2026-08-25 11:34:00,213.21,213.42,213.21,213.35,80579
2026-08-25 11:35:00,213.37,213.37,212.89,212.97,158653
2026-08-25 11:36:00,212.9999,213.09,212.95,213.04,100668
2026-08-25 11:37:00,213.08,213.12,212.91,213.0815,80130
2026-08-25 11:38:00,213.1,213.28,213.03,213.25,63871
2026-08-25 11:39:00,213.2501,213.47,213.18,213.385,117071
2026-08-25 11:40:00,213.4,213.45,213.24,213.25,65182
2026-08-25 11:41:00,213.2409,213.5991,213.2329,213.5557,93858
2026-08-25 11:42:00,213.5799,213.83,213.51,213.6963,143205
2026-08-25 11:43:00,213.6731,213.82,213.5543,213.6468,100245
2026-08-25 11:44:00,213.6548,213.67,213.0701,213.09,146839
2026-08-25 11:45:00,213.12,213.12,212.85,212.8794,139293
2026-08-25 11:46:00,212.89,212.9743,212.76,212.7899,138295
2026-08-25 11:47:00,212.81,212.815,212.3,212.4701,282369
2026-08-25 11:48:00,212.53,212.8424,212.39,212.83,176574
2026-08-25 11:49:00,212.81,212.91,212.71,212.85,101999
2026-08-25 11:50:00,212.81,212.86,212.59,212.62,86705
2026-08-25 11:51:00,212.6081,212.75,212.51,212.5262,87753
2026-08-25 11:52:00,212.5298,212.57,212.22,212.3501,164435
2026-08-25 11:53:00,212.3899,212.5499,212.33,212.4599,91471
2026-08-25 11:54:00,212.4403,212.6294,212.38,212.47,81517
2026-08-25 11:55:00,212.5,212.58,212.39,212.45,62063
2026-08-25 11:56:00,212.485,212.65,212.31,212.639,82738
2026-08-25 11:57:00,212.6299,212.68,212.4278,212.4593,64088
2026-08-25 11:58:00,212.4493,212.5,212.1,212.2199,154461
2026-08-25 11:59:00,212.24,212.4,212.17,212.3541,102046
2026-08-25 12:00:00,212.36,212.54,212.1601,212.385,137738
2026-08-25 12:01:00,212.41,212.4499,212.2152,212.4499,63893
2026-08-25 12:02:00,212.419,212.68,212.419,212.53,102757
2026-08-25 12:03:00,212.54,212.6263,212.4294,212.6,57674
2026-08-25 12:04:00,212.62,212.65,212.4401,212.5699,71841
2026-08-25 12:05:00,212.57,212.6299,212.48,212.48,53785
2026-08-25 12:06:00,212.49,212.61,212.27,212.39,71774
2026-08-25 12:07:00,212.4,212.57,212.2,212.5486,75515
2026-08-25 12:08:00,212.56,212.65,212.43,212.59,81315
2026-08-25 12:09:00,212.58,212.58,212.4,212.48,45035
2026-08-25 12:10:00,212.465,212.52,212.3501,212.4901,51748
2026-08-25 12:11:00,212.505,212.7,212.503,212.6511,94927
2026-08-25 12:12:00,212.66,212.78,212.55,212.615,97977
2026-08-25 12:13:00,212.62,212.65,212.4101,212.57,71536
2026-08-25 12:14:00,212.5317,212.58,212.4,212.5,41383
2026-08-25 12:15:00,212.47,212.6744,212.45,212.64,59842
2026-08-25 12:16:00,212.64,212.85,212.57,212.7499,92519
2026-08-25 12:17:00,212.73,213.0299,212.66,213.0299,82548
2026-08-25 12:18:00,213.02,213.05,212.81,212.82,65581
2026-08-25 12:19:00,212.8,212.875,212.7171,212.8372,55447
2026-08-25 12:20:00,212.8493,213.26,212.8025,213.1058,145289
2026-08-25 12:21:00,213.1299,213.2199,213.05,213.08,75354
2026-08-25 12:22:00,213.1,213.3,213.0249,213.23,64797
2026-08-25 12:23:00,213.23,213.45,213.1906,213.38,116987
2026-08-25 12:24:00,213.3601,213.45,213.22,213.3,83712
2026-08-25 12:25:00,213.2933,213.3948,213.26,213.32,62424
2026-08-25 12:26:00,213.34,213.58,213.305,213.45,108021
2026-08-25 12:27:00,213.45,213.65,213.45,213.5901,79235
2026-08-25 12:28:00,213.6,213.85,213.5933,213.8045,108724
2026-08-25 12:29:00,213.8192,213.95,213.78,213.81,93407
2026-08-25 12:30:00,213.8,214.2799,213.78,214.1319,254237
2026-08-25 12:31:00,214.165,214.215,214.06,214.13,114037
2026-08-25 12:32:00,214.1599,214.1599,213.98,214.0,97653
2026-08-25 12:33:00,214.01,214.1798,213.99,214.07,74067
2026-08-25 12:34:00,214.1,214.1299,214.03,214.0783,35368
2026-08-25 12:35:00,214.07,214.1394,214.0,214.0688,62284
2026-08-25 12:36:00,214.0501,214.13,214.0,214.01,48518
2026-08-25 12:37:00,214.03,214.11,213.99,214.02,52778
2026-08-25 12:38:00,214.0,214.17,214.0,214.16,53998
2026-08-25 12:39:00,214.1674,214.25,213.9947,214.015,103662
2026-08-25 12:40:00,214.011,214.09,213.74,213.8438,115142
2026-08-25 12:41:00,213.89,213.9385,213.8401,213.9033,58301
2026-08-25 12:42:00,213.9,214.1992,213.9,214.0701,77540
2026-08-25 12:43:00,214.07,214.2299,214.01,214.2136,64454
2026-08-25 12:44:00,214.2399,214.26,214.16,214.2024,74961
2026-08-25 12:45:00,214.2,216.95,214.13,214.2352,83274
2026-08-25 12:46:00,214.208,214.27,214.0101,214.0879,77074
2026-08-25 12:47:00,214.08,214.1426,213.9328,213.98,55362
2026-08-25 12:48:00,213.99,214.03,213.87,213.9058,74429
2026-08-25 12:49:00,213.915,214.0499,213.9012,214.0011,55931
2026-08-25 12:50:00,214.0085,214.0299,213.95,213.988,33325
2026-08-25 12:51:00,213.9999,214.1486,213.9801,214.0524,60288
2026-08-25 12:52:00,214.01,214.09,213.88,213.93,47686
2026-08-25 12:53:00,213.96,213.96,213.4611,213.4972,160069
2026-08-25 12:54:00,213.495,213.59,213.3,213.51,175134
2026-08-25 12:55:00,213.47,213.57,213.33,213.4661,93136
2026-08-25 12:56:00,213.47,213.49,213.37,213.4,56021
2026-08-25 12:57:00,213.41,213.63,213.39,213.5752,80184
2026-08-25 12:58:00,213.554,213.75,213.52,213.6185,93096
2026-08-25 12:59:00,213.63,213.6975,213.5801,213.6293,38070
2026-08-25 13:00:00,213.6301,213.74,213.52,213.59,55815
2026-08-25 13:01:00,213.5501,213.61,213.35,213.48,61687
2026-08-25 13:02:00,213.48,213.53,213.35,213.4399,55208
2026-08-25 13:03:00,213.4,213.4899,213.4,213.425,49686
2026-08-25 13:04:00,213.4101,213.66,213.35,213.65,74744
2026-08-25 13:05:00,213.61,213.61,213.41,213.41,61157
2026-08-25 13:06:00,213.4275,213.4899,213.3,213.4453,82501
2026-08-25 13:07:00,213.435,213.57,213.35,213.38,48527
2026-08-25 13:08:00,213.38,213.41,212.9,213.2286,181921
2026-08-25 13:09:00,213.24,213.39,213.08,213.1001,112713
2026-08-25 13:10:00,213.13,213.29,213.04,213.25,70530
2026-08-25 13:11:00,213.2446,213.2446,212.821,213.07,119407
2026-08-25 13:12:00,213.05,213.1651,213.0,213.1548,50262
2026-08-25 13:13:00,213.1534,213.279,213.0552,213.14,74743
2026-08-25 13:14:00,213.13,213.23,213.03,213.1715,51188
2026-08-25 13:15:00,213.1457,213.25,213.1151,213.16,47781
2026-08-25 13:16:00,213.145,213.25,213.0,213.015,68470
2026-08-25 13:17:00,213.03,213.1499,213.0201,213.0368,54841
2026-08-25 13:18:00,213.0698,213.14,212.93,213.005,64214
2026-08-25 13:19:00,213.01,213.08,212.87,212.9148,98033
2026-08-25 13:20:00,212.92,213.0095,212.76,212.86,113178
2026-08-25 13:21:00,212.85,213.12,212.85,213.0606,93248
2026-08-25 13:22:00,213.06,213.0899,213.0112,213.06,52989
2026-08-25 13:23:00,213.0796,213.09,212.96,213.057,49955
2026-08-25 13:24:00,213.0471,213.11,212.9834,213.1,40283
2026-08-25 13:25:00,213.0833,213.24,213.06,213.1082,81468
2026-08-25 13:26:00,213.09,213.27,213.0739,213.2434,54779
2026-08-25 13:27:00,213.2699,217.5,213.07,213.17,69415
2026-08-25 13:28:00,213.17,213.1886,212.72,212.76,128127
2026-08-25 13:29:00,212.755,212.9,212.64,212.76,146433
2026-08-25 13:30:00,212.79,212.9994,212.67,212.94,100302
2026-08-25 13:31:00,212.9659,213.07,212.92,212.9966,36893
2026-08-25 13:32:00,212.97,213.06,212.8521,212.9135,38149
2026-08-25 13:33:00,212.95,212.9799,212.883,212.945,38491
2026-08-25 13:34:00,212.95,213.04,212.92,213.02,52290
2026-08-25 13:35:00,213.015,213.04,212.71,212.7956,91432
2026-08-25 13:36:00,212.78,212.83,212.58,212.7517,82504
2026-08-25 13:37:00,212.755,212.8899,212.73,212.76,40651
2026-08-25 13:38:00,212.75,212.7881,212.5401,212.5998,67228
2026-08-25 13:39:00,212.595,212.65,212.03,212.14,302870
2026-08-25 13:40:00,212.14,212.42,212.12,212.2812,127250
2026-08-25 13:41:00,212.3,212.3599,212.15,212.165,81073
2026-08-25 13:42:00,212.1868,212.22,212.09,212.1333,91996
2026-08-25 13:43:00,212.17,212.32,212.09,212.305,90363
2026-08-25 13:44:00,212.32,212.42,212.26,212.3692,91963
2026-08-25 13:45:00,212.34,212.366,211.7001,211.78,276931
2026-08-25 13:46:00,211.78,211.94,211.45,211.5096,249940
2026-08-25 13:47:00,211.5,211.5999,211.2504,211.56,209554
2026-08-25 13:48:00,211.53,211.61,211.375,211.425,87874
2026-08-25 13:49:00,211.42,211.5,211.3701,211.4299,84300
2026-08-25 13:50:00,211.41,211.5582,211.36,211.5582,91932
2026-08-25 13:51:00,211.51,211.5699,211.33,211.34,89743
2026-08-25 13:52:00,211.335,211.459,211.3,211.43,84666
2026-08-25 13:53:00,211.435,211.58,211.36,211.53,90538
2026-08-25 13:54:00,211.54,211.63,211.45,211.46,59283
2026-08-25 13:55:00,211.46,211.5,211.37,211.37,59890
2026-08-25 13:56:00,211.37,211.45,211.23,211.433,152408
2026-08-25 13:57:00,211.4336,211.63,211.41,211.4699,163829
2026-08-25 13:58:00,211.4668,211.6399,211.37,211.5584,111403
2026-08-25 13:59:00,211.5304,211.5473,211.4,211.45,57223
2026-08-25 14:00:00,211.46,211.5195,211.25,211.5,88492
2026-08-25 14:01:00,211.47,211.61,211.14,211.3123,210310
2026-08-25 14:02:00,211.315,211.6782,211.315,211.59,123160
2026-08-25 14:03:00,211.6066,211.69,211.5201,211.5668,67940
2026-08-25 14:04:00,211.55,211.59,211.19,211.215,131296
2026-08-25 14:05:00,211.2,211.4246,211.1804,211.294,73083
2026-08-25 14:06:00,211.3201,211.3567,211.1,211.12,103348
2026-08-25 14:07:00,211.14,211.31,211.12,211.2764,91940
2026-08-25 14:08:00,211.29,211.31,211.01,211.1342,90396
2026-08-25 14:09:00,211.17,211.25,211.03,211.18,81679
2026-08-25 14:10:00,211.18,211.3,211.04,211.08,493491
2026-08-25 14:11:00,211.0636,211.1699,211.04,211.1388,62424
2026-08-25 14:12:00,211.13,211.29,211.12,211.234,75552
2026-08-25 14:13:00,211.225,211.32,211.2101,211.2999,60752
2026-08-25 14:14:00,211.315,211.8719,211.2942,211.84,224936
2026-08-25 14:15:00,211.835,211.9,211.6001,211.69,124753
2026-08-25 14:16:00,211.65,211.7,211.52,211.6156,69862
2026-08-25 14:17:00,211.625,211.6399,211.47,211.57,63418
2026-08-25 14:18:00,211.55,211.7,211.5029,211.6,88497
2026-08-25 14:19:00,211.61,211.68,211.52,211.67,47056
2026-08-25 14:20:00,211.66,212.2053,211.64,211.92,186063
2026-08-25 14:21:00,211.87,212.03,211.64,211.75,153472
2026-08-25 14:22:00,211.74,212.07,211.74,211.9,107084
2026-08-25 14:23:00,211.94,211.95,211.81,211.9,46677
2026-08-25 14:24:00,211.8836,211.895,211.8,211.8101,40916
2026-08-25 14:25:00,211.8101,211.89,211.59,211.8211,94928
2026-08-25 14:26:00,211.8101,212.2,211.8101,212.15,139353
2026-08-25 14:27:00,212.132,212.2201,212.0309,212.15,90297
2026-08-25 14:28:00,212.13,212.24,212.1,212.14,69592
2026-08-25 14:29:00,212.14,212.3,212.08,212.28,70648
2026-08-25 14:30:00,212.26,212.42,212.2401,212.32,105763
2026-08-25 14:31:00,212.3399,212.42,212.19,212.255,89212
2026-08-25 14:32:00,212.27,212.4,212.2501,212.31,63166
2026-08-25 14:33:00,212.35,212.38,212.1503,212.2549,80952
2026-08-25 14:34:00,212.2599,212.5039,212.23,212.45,111271
2026-08-25 14:35:00,212.44,212.7299,212.4302,212.6115,164458
2026-08-25 14:36:00,212.611,212.65,212.5031,212.55,84626
2026-08-25 14:37:00,212.55,212.64,212.5209,212.538,51281
2026-08-25 14:38:00,212.54,212.54,212.35,212.52,99208
2026-08-25 14:39:00,212.53,212.6699,212.49,212.58,69800
2026-08-25 14:40:00,212.5766,212.82,212.55,212.67,110664
2026-08-25 14:41:00,212.6793,212.82,212.65,212.74,64880
2026-08-25 14:42:00,212.7545,212.85,212.7,212.85,66931
2026-08-25 14:43:00,212.83,212.84,212.6806,212.77,95091
2026-08-25 14:44:00,212.8199,212.8199,212.69,212.722,37044
2026-08-25 14:45:00,212.7,212.87,212.69,212.8,63880
2026-08-25 14:46:00,212.8199,212.82,212.69,212.71,53001
2026-08-25 14:47:00,212.732,212.732,212.58,212.6705,94396
2026-08-25 14:48:00,212.68,212.7939,212.6,212.78,67752
2026-08-25 14:49:00,212.7882,212.82,212.68,212.7001,46472
2026-08-25 14:50:00,212.71,212.9643,212.56,212.8638,118579
2026-08-25 14:51:00,212.8601,212.8791,212.73,212.7811,39222
2026-08-25 14:52:00,212.77,212.9499,212.755,212.86,65422
2026-08-25 14:53:00,212.865,212.865,212.7,212.75,65165
2026-08-25 14:54:00,212.76,212.85,212.6801,212.8195,56096
2026-08-25 14:55:00,212.81,213.0494,212.8,212.98,99466
2026-08-25 14:56:00,212.99,213.1,212.9501,213.0101,86945
2026-08-25 14:57:00,213.025,213.07,212.9801,213.0657,81509
2026-08-25 14:58:00,213.05,213.23,213.0,213.05,153663
2026-08-25 14:59:00,213.07,213.28,213.07,213.25,95309
2026-08-25 15:00:00,213.24,213.25,213.0601,213.13,82244
2026-08-25 15:01:00,213.1185,213.18,213.05,213.13,47266
2026-08-25 15:02:00,213.13,213.21,213.05,213.18,52902
2026-08-25 15:03:00,213.19,213.21,213.05,213.14,65721
2026-08-25 15:04:00,213.14,213.14,212.9175,212.97,118559
2026-08-25 15:05:00,212.9486,213.09,212.93,213.04,62790
2026-08-25 15:06:00,213.0586,213.0586,212.8375,212.98,69349
2026-08-25 15:07:00,212.99,213.04,212.87,212.928,66223
2026-08-25 15:08:00,212.92,212.98,212.8446,212.95,68116
2026-08-25 15:09:00,212.9588,213.107,212.92,212.98,82274
2026-08-25 15:10:00,213.0,213.08,212.98,212.99,48921
2026-08-25 15:11:00,212.9801,213.23,212.94,213.1799,94173
2026-08-25 15:12:00,213.17,213.28,213.14,213.1501,63718
2026-08-25 15:13:00,213.15,213.1872,213.0,213.0815,55966
2026-08-25 15:14:00,213.09,213.09,212.9,213.0005,62172
2026-08-25 15:15:00,213.01,213.0899,212.9309,212.975,93977
2026-08-25 15:16:00,212.975,213.0,212.6801,212.7402,120601
2026-08-25 15:17:00,212.7303,212.8446,212.66,212.73,87287
2026-08-25 15:18:00,212.7,212.8599,212.6027,212.8399,83060
2026-08-25 15:19:00,212.8199,212.962,212.81,212.84,54085
2026-08-25 15:20:00,212.87,213.03,212.86,213.0001,62593
2026-08-25 15:21:00,213.02,213.06,212.913,213.03,49698
2026-08-25 15:22:00,213.02,213.09,212.9401,213.09,45304
2026-08-25 15:23:00,213.0827,213.2,213.0004,213.04,67409
2026-08-25 15:24:00,213.0395,213.08,212.93,213.035,51394
2026-08-25 15:25:00,213.05,213.25,213.0101,213.09,103682
2026-08-25 15:26:00,213.08,213.1396,213.02,213.02,36568
2026-08-25 15:27:00,213.0101,213.02,212.81,212.9201,59054
2026-08-25 15:28:00,212.9295,213.01,212.88,212.92,34156
2026-08-25 15:29:00,212.91,212.918,212.8201,212.8423,56206
2026-08-25 15:30:00,212.83,212.8455,212.64,212.76,134243
2026-08-25 15:31:00,212.77,212.99,212.75,212.88,98541
2026-08-25 15:32:00,212.8898,213.02,212.86,212.9,58803
2026-08-25 15:33:00,212.92,212.96,212.82,212.9,44966
2026-08-25 15:34:00,212.9299,212.99,212.86,212.87,47464
2026-08-25 15:35:00,212.89,212.91,212.66,212.6883,62007
2026-08-25 15:36:00,212.71,212.77,212.51,212.65,153005
2026-08-25 15:37:00,212.65,212.7999,212.645,212.66,53340
2026-08-25 15:38:00,212.67,212.74,212.6,212.68,267950
2026-08-25 15:39:00,212.6853,212.76,212.5705,212.59,83706
2026-08-25 15:40:00,212.59,212.76,212.59,212.7201,79618
2026-08-25 15:41:00,212.735,212.83,212.66,212.79,69887
2026-08-25 15:42:00,212.78,212.87,212.64,212.68,81471
2026-08-25 15:43:00,212.71,212.71,212.38,212.401,167578
2026-08-25 15:44:00,212.42,212.45,212.2,212.24,208227
2026-08-25 15:45:00,212.25,212.5078,212.25,212.46,109661
2026-08-25 15:46:00,212.4686,212.48,212.2798,212.45,73628
2026-08-25 15:47:00,212.48,212.48,212.32,212.4,58830
2026-08-25 15:48:00,212.41,212.61,212.4,212.61,116474
2026-08-25 15:49:00,212.615,212.9499,212.5886,212.84,152659
2026-08-25 15:50:00,212.86,213.3338,212.84,213.2201,235905
2026-08-25 15:51:00,213.2386,213.285,213.08,213.24,127617
2026-08-25 15:52:00,213.26,213.3,213.18,213.25,121812
2026-08-25 15:53:00,213.26,213.4499,213.2548,213.31,240690
2026-08-25 15:54:00,213.315,213.4,212.95,213.13,196235
2026-08-25 15:55:00,213.12,213.4072,213.1,213.145,182951
2026-08-25 15:56:00,213.1452,213.3,213.05,213.1102,266681
2026-08-25 15:57:00,213.1243,213.1243,212.89,212.97,165150
2026-08-25 15:58:00,212.95,213.09,212.93,213.0894,161745
2026-08-25 15:59:00,213.095,213.33,213.095,213.24,500190
2026-08-26 09:30:00,213.25,214.45,212.7,214.37,692486
2026-08-26 09:31:00,214.398,215.34,214.3777,215.28,628905
2026-08-26 09:32:00,215.26,215.66,214.34,215.53,619471
2026-08-26 09:33:00,215.538,215.6,214.82,215.39,364371
2026-08-26 09:34:00,215.405,215.62,214.5605,215.38,391948
2026-08-26 09:35:00,215.446,215.51,214.21,214.87,419210
2026-08-26 09:36:00,214.955,215.2,214.2652,214.3008,302646
2026-08-26 09:37:00,214.3406,214.3406,211.88,212.02,668053
2026-08-26 09:38:00,211.98,212.43,211.12,211.44,669139
2026-08-26 09:39:00,211.4022,211.9199,211.15,211.255,497723
2026-08-26 09:40:00,211.31,211.61,210.4233,210.5299,629336
2026-08-26 09:41:00,210.485,210.95,210.22,210.915,596142
2026-08-26 09:42:00,210.87,210.915,209.65,210.22,682930
2026-08-26 09:43:00,210.1601,210.25,209.52,209.78,465805
2026-08-26 09:44:00,209.77,210.3266,209.6,209.99,488115
2026-08-26 09:45:00,210.0,210.2175,209.33,209.43,531865
2026-08-26 09:46:00,209.448,210.16,209.35,209.5935,455473
2026-08-26 09:47:00,209.64,210.48,209.55,210.305,428245
2026-08-26 09:48:00,210.305,210.92,210.23,210.865,431898
2026-08-26 09:49:00,210.87,210.93,210.39,210.7207,286882
2026-08-26 09:50:00,210.72,210.9859,210.5338,210.6653,296124
2026-08-26 09:51:00,210.66,210.7239,209.87,210.2,380783
2026-08-26 09:52:00,210.2415,210.55,209.94,210.3385,364880
2026-08-26 09:53:00,210.39,210.84,210.1354,210.72,303073
2026-08-26 09:54:00,210.785,210.8,210.4,210.6389,208373
2026-08-26 09:55:00,210.6001,211.48,210.4181,211.195,455387
2026-08-26 09:56:00,211.135,211.2399,210.62,210.67,309800
2026-08-26 09:57:00,210.68,210.68,209.92,210.3137,427176
2026-08-26 09:58:00,210.31,210.4,210.01,210.195,253644
2026-08-26 09:59:00,210.2599,210.26,208.92,209.42,592968
2026-08-26 10:00:00,209.432,209.84,209.05,209.2099,443908
2026-08-26 10:01:00,209.21,209.41,208.81,209.21,402242
2026-08-26 10:02:00,209.165,209.38,209.03,209.25,272403
2026-08-26 10:03:00,209.23,209.4899,208.92,209.13,343666
2026-08-26 10:04:00,209.16,209.31,208.77,209.0499,322799
2026-08-26 10:05:00,209.0495,209.2,208.5,208.8533,419738
2026-08-26 10:06:00,208.86,208.86,208.43,208.49,282800
2026-08-26 10:07:00,208.53,208.55,208.2,208.275,390456
2026-08-26 10:08:00,208.3331,208.5,208.08,208.1899,301839
2026-08-26 10:09:00,208.1858,208.786,208.1201,208.6701,380226
2026-08-26 10:10:00,208.69,208.86,208.45,208.8134,262056
2026-08-26 10:11:00,208.8126,208.9,208.36,208.4949,271734
2026-08-26 10:12:00,208.4941,208.69,208.41,208.46,195830
2026-08-26 10:13:00,208.4304,208.6,207.65,207.7,528451
2026-08-26 10:14:00,207.67,208.13,207.35,207.495,571777
2026-08-26 10:15:00,207.4613,207.71,207.43,207.48,276052
2026-08-26 10:16:00,207.5,207.6699,207.25,207.355,376357
2026-08-26 10:17:00,207.33,207.42,206.94,207.32,417223
2026-08-26 10:18:00,207.32,208.326,207.315,208.075,508636
2026-08-26 10:19:00,208.1139,208.1219,207.65,207.935,242870
2026-08-26 10:20:00,207.9,207.94,207.55,207.68,182106
2026-08-26 10:21:00,207.6676,208.07,207.51,208.022,243083
2026-08-26 10:22:00,208.025,208.24,207.79,208.0271,371059
2026-08-26 10:23:00,208.065,208.54,207.9,208.27,285790
2026-08-26 10:24:00,208.2543,209.02,208.2543,208.52,325225
2026-08-26 10:25:00,208.549,208.86,208.34,208.75,265634
2026-08-26 10:26:00,208.77,208.8599,208.3501,208.5123,246461
2026-08-26 10:27:00,208.5468,208.75,208.341,208.7035,179940
2026-08-26 10:28:00,208.74,208.81,208.6041,208.67,166888
2026-08-26 10:29:00,208.69,209.2426,208.6627,209.115,289189
2026-08-26 10:30:00,209.08,209.54,209.0057,209.2492,459773
2026-08-26 10:31:00,209.22,209.31,208.94,209.1,230988
2026-08-26 10:32:00,209.09,209.2299,209.03,209.15,177851
2026-08-26 10:33:00,209.1335,209.738,209.1301,209.64,320178
2026-08-26 10:34:00,209.63,209.65,209.05,209.2282,327393
2026-08-26 10:35:00,209.28,209.4899,209.0401,209.47,210829
2026-08-26 10:36:00,209.4495,209.4991,209.1,209.3896,184291
2026-08-26 10:37:00,209.3244,209.385,208.8213,209.09,279453
2026-08-26 10:38:00,209.095,209.6449,208.9502,209.5595,289363
2026-08-26 10:39:00,209.485,209.76,209.38,209.45,226967
2026-08-26 10:40:00,209.47,209.5299,209.2,209.38,138464
2026-08-26 10:41:00,209.4301,209.6999,209.39,209.54,181353
2026-08-26 10:42:00,209.51,209.66,209.3371,209.6161,133289
2026-08-26 10:43:00,209.5831,209.64,209.4,209.55,115872
2026-08-26 10:44:00,209.545,209.5488,209.32,209.47,116395
2026-08-26 10:45:00,209.4521,209.6,209.19,209.5999,185264
2026-08-26 10:46:00,209.5963,209.65,209.3646,209.61,165949
2026-08-26 10:47:00,209.64,209.65,209.33,209.495,188121
2026-08-26 10:48:00,209.495,210.07,209.3401,209.37,365055
2026-08-26 10:49:00,209.37,209.7883,209.3161,209.5772,176571
2026-08-26 10:50:00,209.5701,210.15,209.4501,209.9,284685
2026-08-26 10:51:00,209.88,210.6099,209.88,210.405,349049
2026-08-26 10:52:00,210.38,210.46,209.86,209.9362,242327
2026-08-26 10:53:00,209.9282,210.18,209.7514,209.87,181721
2026-08-26 10:54:00,209.87,210.01,209.6159,209.86,179914
2026-08-26 10:55:00,209.8446,210.1,209.75,209.9301,170821
2026-08-26 10:56:00,209.945,210.0399,209.77,209.785,126449
2026-08-26 10:57:00,209.75,210.0,209.65,209.875,146575
2026-08-26 10:58:00,209.875,209.9499,209.75,209.9499,87417
2026-08-26 10:59:00,209.9025,210.41,209.9025,210.125,229489
2026-08-26 11:00:00,210.13,210.5,209.83,210.0319,265240
2026-08-26 11:01:00,209.9778,210.2,209.7211,209.9212,162150
2026-08-26 11:02:00,209.9472,210.0499,209.77,209.8301,75044
2026-08-26 11:03:00,209.83,210.0,209.79,209.82,79910
2026-08-26 11:04:00,209.815,210.21,209.75,210.0837,165736
2026-08-26 11:05:00,210.05,210.0882,209.76,209.93,180176
2026-08-26 11:06:00,209.9403,209.9499,209.55,209.64,149827
2026-08-26 11:07:00,209.64,209.7999,209.42,209.75,186771
2026-08-26 11:08:00,209.7401,210.1599,209.7401,210.09,191823
2026-08-26 11:09:00,210.1,210.27,210.0,210.0599,128243
2026-08-26 11:10:00,210.0323,210.19,209.9175,210.1099,125740
2026-08-26 11:11:00,210.085,210.26,210.02,210.145,114181
2026-08-26 11:12:00,210.15,210.2592,209.89,209.9245,125349
2026-08-26 11:13:00,209.93,210.11,209.75,209.7784,115116
2026-08-26 11:14:00,209.8,209.8,209.21,209.5301,228561
2026-08-26 11:15:00,209.54,209.87,209.53,209.7,152131
2026-08-26 11:16:00,209.72,210.2,209.57,210.0,172012
2026-08-26 11:17:00,209.9753,210.19,209.9101,209.9901,119359
2026-08-26 11:18:00,210.0599,210.17,209.06,209.51,223638
2026-08-26 11:19:00,209.44,209.5714,209.09,209.3499,184903
2026-08-26 11:20:00,209.35,209.77,209.23,209.7699,181714
2026-08-26 11:21:00,209.7476,209.8299,209.54,209.59,129278
2026-08-26 11:22:00,209.55,210.05,209.504,209.9317,178802
2026-08-26 11:23:00,209.9455,210.12,209.8301,209.845,88025
2026-08-26 11:24:00,209.86,210.06,209.81,209.83,76943
2026-08-26 11:25:00,209.84,209.85,209.29,209.5008,235687
2026-08-26 11:26:00,209.542,209.82,209.5364,209.76,87600
2026-08-26 11:27:00,209.78,210.0,209.72,209.9,117960
2026-08-26 11:28:00,209.94,210.04,209.6,209.72,142991
2026-08-26 11:29:00,209.6998,209.9399,209.33,209.33,104411
2026-08-26 11:30:00,209.405,209.62,208.75,209.1147,293267
2026-08-26 11:31:00,209.15,209.15,208.7652,208.7652,206050
2026-08-26 11:32:00,208.7601,209.19,208.75,208.8956,141104
2026-08-26 11:33:00,208.9,209.15,208.5026,208.59,166041
2026-08-26 11:34:00,208.59,208.82,208.4534,208.76,210018
2026-08-26 11:35:00,208.86,209.07,208.7123,208.8638,118193
2026-08-26 11:36:00,208.7744,209.15,208.725,209.11,108733
2026-08-26 11:37:00,209.09,209.29,208.91,209.1646,110210
2026-08-26 11:38:00,209.13,209.4299,209.09,209.2201,126768
2026-08-26 11:39:00,209.2999,209.4,209.2,209.22,83499
2026-08-26 11:40:00,209.2,209.24,208.75,208.7998,150905
2026-08-26 11:41:00,208.809,209.03,208.7351,208.9701,111593
2026-08-26 11:42:00,208.9103,209.08,208.8,209.0401,75932
2026-08-26 11:43:00,209.04,209.095,208.9,208.97,67654
2026-08-26 11:44:00,208.98,209.14,208.9,208.95,81943
2026-08-26 11:45:00,208.92,209.0499,208.8322,208.9,82699
2026-08-26 11:46:00,208.89,209.2,208.8802,209.0801,681839
2026-08-26 11:47:00,209.1167,209.247,208.97,209.08,95303
2026-08-26 11:48:00,209.01,209.0396,208.76,208.9,108489
2026-08-26 11:49:00,208.89,209.04,208.8,208.95,73288
2026-08-26 11:50:00,208.93,209.3,208.92,209.1335,84716
2026-08-26 11:51:00,209.1617,209.2698,209.0116,209.1596,91748
2026-08-26 11:52:00,209.16,209.2899,209.03,209.2,65063
2026-08-26 11:53:00,209.19,209.38,208.92,208.92,104966
2026-08-26 11:54:00,208.928,209.28,208.911,209.185,62829
2026-08-26 11:55:00,209.15,209.26,209.0901,209.11,47280
2026-08-26 11:56:00,209.145,209.39,209.145,209.265,89582
2026-08-26 11:57:00,209.3095,209.62,209.29,209.58,105880
2026-08-26 11:58:00,209.58,209.6948,209.43,209.45,100006
2026-08-26 11:59:00,209.41,209.53,209.3001,209.3999,58519
2026-08-26 12:00:00,209.39,209.68,209.28,209.31,134136
2026-08-26 12:01:00,209.4049,209.51,209.3,209.31,58751
2026-08-26 12:02:00,209.2801,209.53,209.2801,209.42,64181
2026-08-26 12:03:00,209.44,209.61,209.41,209.6,54595
2026-08-26 12:04:00,209.5701,209.6,209.44,209.545,37003
2026-08-26 12:05:00,209.54,209.5584,209.295,209.4101,459689
2026-08-26 12:06:00,209.39,209.68,209.359,209.585,89407
2026-08-26 12:07:00,209.59,209.74,209.56,209.6301,105465
2026-08-26 12:08:00,209.648,209.6731,209.32,209.3724,96578
2026-08-26 12:09:00,209.4,209.5355,209.39,209.505,45453
2026-08-26 12:10:00,209.4601,209.93,209.4601,209.71,120971
2026-08-26 12:11:00,209.72,209.9575,209.69,209.855,78542
2026-08-26 12:12:00,209.87,210.1093,209.84,210.01,170842
2026-08-26 12:13:00,210.01,210.11,209.9701,210.095,98335
2026-08-26 12:14:00,210.09,210.3095,210.0301,210.1999,133264
2026-08-26 12:15:00,210.1801,210.41,210.1801,210.34,108187
2026-08-26 12:16:00,210.37,210.4556,210.26,210.26,114066
2026-08-26 12:17:00,210.29,210.39,210.21,210.27,91514
2026-08-26 12:18:00,210.28,210.29,210.12,210.2151,69354
2026-08-26 12:19:00,210.2102,210.29,210.0801,210.1897,55114
2026-08-26 12:20:00,210.16,210.35,210.16,210.23,75690
2026-08-26 12:21:00,210.2551,210.2799,209.7671,209.82,173433
2026-08-26 12:22:00,209.83,209.86,209.3806,209.5,167645
2026-08-26 12:23:00,209.495,209.7194,209.14,209.6899,184120
2026-08-26 12:24:00,209.68,209.85,209.5849,209.76,93539
2026-08-26 12:25:00,209.72,210.0096,209.69,209.7584,30977
2026-08-26 12:26:00,209.73,209.8173,209.44,209.4637,72258
2026-08-26 12:27:00,209.46,209.5499,209.2772,209.41,125735
2026-08-26 12:28:00,209.42,209.44,209.19,209.39,103101
2026-08-26 12:29:00,209.375,209.49,209.2365,209.26,88911
2026-08-26 12:30:00,209.23,209.4,209.15,209.15,86331
2026-08-26 12:31:00,209.15,209.3,208.86,209.2645,192482
2026-08-26 12:32:00,209.27,209.5799,209.19,209.555,155724
2026-08-26 12:33:00,209.5661,209.7797,209.5501,209.6838,100738
2026-08-26 12:34:00,209.6517,209.69,209.5301,209.6,86705
2026-08-26 12:35:00,209.63,209.8,209.5168,209.8,67426
2026-08-26 12:36:00,209.7702,209.88,209.62,209.63,76586
2026-08-26 12:37:00,209.66,209.6799,209.3897,209.3897,91674
2026-08-26 12:38:00,209.37,209.48,209.31,209.3505,57407
2026-08-26 12:39:00,209.3919,209.3919,209.0,209.17,125888
2026-08-26 12:40:00,209.1824,209.36,209.07,209.2319,119627
2026-08-26 12:41:00,209.26,209.3,208.9401,209.075,128337
2026-08-26 12:42:00,209.0605,209.0912,208.6642,208.9234,220734
2026-08-26 12:43:00,208.9495,209.13,208.9201,208.98,107922
2026-08-26 12:44:00,208.975,209.18,208.9266,209.04,87620
2026-08-26 12:45:00,209.03,209.3,209.0031,209.2639,74414
2026-08-26 12:46:00,209.2401,209.44,209.2,209.3298,90844
2026-08-26 12:47:00,209.285,209.58,209.2,209.57,124802
2026-08-26 12:48:00,209.565,209.72,209.49,209.655,98328
2026-08-26 12:49:00,209.68,209.8,209.64,209.68,71545
2026-08-26 12:50:00,209.715,209.9399,209.71,209.8084,67064
2026-08-26 12:51:00,209.795,209.91,209.74,209.87,83432
2026-08-26 12:52:00,209.84,209.9099,209.6966,209.7585,49108
2026-08-26 12:53:00,209.7464,209.8597,209.61,209.68,47073
2026-08-26 12:54:00,209.6999,209.8,209.61,209.68,51397
2026-08-26 12:55:00,209.6797,209.7399,209.51,209.518,102891
2026-08-26 12:56:00,209.5,209.64,209.4,209.59,89665
2026-08-26 12:57:00,209.55,209.595,209.4301,209.52,40096
2026-08-26 12:58:00,209.51,209.62,209.425,209.5896,64953
2026-08-26 12:59:00,209.55,209.63,209.3301,209.4402,74896
2026-08-26 13:00:00,209.44,209.6299,209.44,209.5847,36902
2026-08-26 13:01:00,209.5799,209.5966,209.38,209.482,63513
2026-08-26 13:02:00,209.49,209.61,209.46,209.61,42015
2026-08-26 13:03:00,209.61,209.775,209.57,209.59,49502
2026-08-26 13:04:00,209.62,209.6899,209.57,209.594,25805
2026-08-26 13:05:00,209.5999,209.86,209.46,209.7829,108827
2026-08-26 13:06:00,209.7701,209.83,209.68,209.7488,47162
2026-08-26 13:07:00,209.7644,209.84,209.69,209.7669,77954
2026-08-26 13:08:00,209.76,209.96,209.71,209.94,49112
2026-08-26 13:09:00,209.93,209.96,209.75,209.79,51798
2026-08-26 13:10:00,209.7701,209.83,209.63,209.66,48252
2026-08-26 13:11:00,209.6501,209.76,209.605,209.62,31821
2026-08-26 13:12:00,209.635,209.72,209.51,209.5601,88089
2026-08-26 13:13:00,209.585,209.5905,209.4,209.45,53410
2026-08-26 13:14:00,209.4301,209.57,209.4301,209.55,51909
2026-08-26 13:15:00,209.5441,209.6699,209.47,209.5554,55840
2026-08-26 13:16:00,209.55,209.5599,209.4108,209.4923,39716
2026-08-26 13:17:00,209.4632,209.59,209.46,209.59,26127
2026-08-26 13:18:00,209.6,209.68,209.5524,209.6006,36572
2026-08-26 13:19:00,209.59,209.6,209.46,209.4848,45286
2026-08-26 13:20:00,209.5,209.61,209.4801,209.5699,43088
2026-08-26 13:21:00,209.56,209.7699,209.5001,209.74,53260
2026-08-26 13:22:00,209.7601,209.8,209.6406,209.7586,39756
2026-08-26 13:23:00,209.75,209.77,209.66,209.6726,52354
2026-08-26 13:24:00,209.6873,209.74,209.66,209.686,21717
2026-08-26 13:25:00,209.695,209.9298,209.6914,209.89,74550
2026-08-26 13:26:00,209.905,210.18,209.88,210.1299,105875
2026-08-26 13:27:00,210.13,210.19,210.05,210.19,49296
2026-08-26 13:28:00,210.19,210.25,210.09,210.1726,98862
2026-08-26 13:29:00,210.1752,210.26,210.12,210.14,48772
2026-08-26 13:30:00,210.16,210.43,210.16,210.4099,123772
2026-08-26 13:31:00,210.43,210.51,210.24,210.4417,185914
2026-08-26 13:32:00,210.4244,210.54,210.32,210.33,109163
2026-08-26 13:33:00,210.34,210.46,210.26,210.4399,59137
2026-08-26 13:34:00,210.42,210.43,210.3016,210.4045,38703
2026-08-26 13:35:00,210.3998,210.4293,210.19,210.215,73057
2026-08-26 13:36:00,210.215,210.3891,210.215,210.34,89241
2026-08-26 13:37:00,210.32,210.32,210.0801,210.14,69425
2026-08-26 13:38:00,210.12,210.1742,210.01,210.025,64933
2026-08-26 13:39:00,210.04,210.13,209.95,210.0563,88103
2026-08-26 13:40:00,210.0043,210.07,209.8764,209.92,55412
2026-08-26 13:41:00,209.89,210.0074,209.69,209.9342,96381
2026-08-26 13:42:00,209.97,210.27,209.97,210.22,81003
2026-08-26 13:43:00,210.24,210.3178,210.1741,210.225,80558
2026-08-26 13:44:00,210.225,210.2499,210.0614,210.125,49150
2026-08-26 13:45:00,210.12,210.1399,210.05,210.07,48049
2026-08-26 13:46:00,210.065,210.17,209.9901,210.0756,64488
2026-08-26 13:47:00,210.06,210.11,209.935,210.05,88175
2026-08-26 13:48:00,210.07,210.2,210.0355,210.12,43865
2026-08-26 13:49:00,210.125,210.2399,210.1134,210.19,42556
2026-08-26 13:50:00,210.1721,210.38,210.16,210.25,88296
2026-08-26 13:51:00,210.225,210.3,210.06,210.117,65216
2026-08-26 13:52:00,210.15,210.2956,210.13,210.215,46190
2026-08-26 13:53:00,210.22,210.29,210.18,210.191,23388
2026-08-26 13:54:00,210.1813,210.28,210.159,210.18,49116
2026-08-26 13:55:00,210.1848,210.2555,210.06,210.15,79946
2026-08-26 13:56:00,210.155,210.155,210.08,210.12,27834
2026-08-26 13:57:00,210.11,210.1894,210.0801,210.1186,70374
2026-08-26 13:58:00,210.11,210.1973,210.06,210.12,37469
2026-08-26 13:59:00,210.14,210.1599,210.07,210.1599,39589
2026-08-26 14:00:00,210.125,210.16,210.07,210.105,32115
2026-08-26 14:01:00,210.13,210.25,210.09,210.18,57992
2026-08-26 14:02:00,210.19,210.32,210.111,210.1401,54163
2026-08-26 14:03:00,210.1412,210.1899,210.06,210.105,34274
2026-08-26 14:04:00,210.105,210.149,210.0,210.03,55104
2026-08-26 14:05:00,210.03,210.14,209.83,209.9444,115535
2026-08-26 14:06:00,209.91,210.0999,209.88,210.05,55011
2026-08-26 14:07:00,210.0599,210.0599,209.6863,209.7799,139006
2026-08-26 14:08:00,209.76,209.88,209.68,209.71,74826
2026-08-26 14:09:00,209.6898,209.8872,209.61,209.7537,91214
2026-08-26 14:10:00,209.76,209.76,209.58,209.6297,67921
2026-08-26 14:11:00,209.64,209.67,209.5,209.6299,91402
2026-08-26 14:12:00,209.6,209.6188,209.44,209.5517,69153
2026-08-26 14:13:00,209.58,209.73,209.5,209.53,60403
2026-08-26 14:14:00,209.5,209.64,209.4801,209.57,50134
2026-08-26 14:15:00,209.5837,209.7199,209.55,209.66,56521
2026-08-26 14:16:00,209.655,209.655,209.53,209.54,43191
2026-08-26 14:17:00,209.535,209.535,209.33,209.35,112539
2026-08-26 14:18:00,209.37,209.3753,209.161,209.254,97203
2026-08-26 14:19:00,209.245,209.34,209.235,209.28,79410
2026-08-26 14:20:00,209.275,209.29,209.1801,209.206,73305
2026-08-26 14:21:00,209.2086,209.4175,209.1701,209.396,87250
2026-08-26 14:22:00,209.39,209.42,209.2,209.3406,64742
2026-08-26 14:23:00,209.37,209.3873,209.2113,209.28,63712
2026-08-26 14:24:00,209.3099,209.32,209.1524,209.18,73842
2026-08-26 14:25:00,209.15,209.29,209.06,209.18,88777
2026-08-26 14:26:00,209.1954,209.36,209.11,209.305,70982
2026-08-26 14:27:00,209.32,209.4299,209.22,209.3799,71014
2026-08-26 14:28:00,209.3715,209.41,209.2901,209.38,51377
2026-08-26 14:29:00,209.38,209.4,209.32,209.3699,53488
2026-08-26 14:30:00,209.37,209.43,209.31,209.37,34328
2026-08-26 14:31:00,209.366,209.4165,209.24,209.2503,74831
2026-08-26 14:32:00,209.2501,209.4305,209.15,209.385,137428
2026-08-26 14:33:00,209.37,209.4,209.2012,209.34,90994
2026-08-26 14:34:00,209.3356,209.39,209.29,209.34,36147
2026-08-26 14:35:00,209.35,209.65,209.35,209.6378,91332
2026-08-26 14:36:00,209.63,209.77,209.58,209.65,86580
2026-08-26 14:37:00,209.638,209.65,209.5868,209.6216,20650
2026-08-26 14:38:00,209.64,209.69,209.55,209.6102,47674
2026-08-26 14:39:00,209.62,209.7699,209.62,209.7152,35427
2026-08-26 14:40:00,209.7399,209.86,209.72,209.83,57696
2026-08-26 14:41:00,209.8651,209.91,209.7843,209.814,39414
2026-08-26 14:42:00,209.818,209.83,209.7401,209.78,34388
2026-08-26 14:43:00,209.778,209.88,209.7664,209.8293,39853
2026-08-26 14:44:00,209.815,210.0,209.8001,209.975,91987
2026-08-26 14:45:00,209.98,209.98,209.87,209.9399,24464
2026-08-26 14:46:00,209.92,209.98,209.83,209.969,40977
2026-08-26 14:47:00,209.94,210.1491,209.88,210.1099,113211
2026-08-26 14:48:00,210.08,210.1662,210.0,210.13,54570
2026-08-26 14:49:00,210.13,210.1393,209.99,210.05,70504
2026-08-26 14:50:00,210.0355,210.13,209.72,210.09,106223
2026-08-26 14:51:00,210.1,210.28,210.04,210.23,104699
2026-08-26 14:52:00,210.23,210.2899,210.1,210.13,65994
2026-08-26 14:53:00,210.1101,210.17,210.05,210.1199,49953
2026-08-26 14:54:00,210.12,210.18,210.0816,210.14,63370
2026-08-26 14:55:00,210.12,210.2582,210.04,210.04,125027
2026-08-26 14:56:00,210.0428,210.1,209.9,210.0324,110058
2026-08-26 14:57:00,210.065,210.26,210.036,210.2076,46534
2026-08-26 14:58:00,210.21,210.3,210.1116,210.15,77494
2026-08-26 14:59:00,210.1799,210.201,210.13,210.16,17113
2026-08-26 15:00:00,210.18,210.2,210.0,210.0947,64207
2026-08-26 15:01:00,210.13,210.1762,210.0,210.06,66602
2026-08-26 15:02:00,210.0601,210.0797,209.8303,209.954,80865
2026-08-26 15:03:00,209.96,210.0475,209.91,209.96,72567
2026-08-26 15:04:00,209.9561,210.03,209.75,209.88,71448
2026-08-26 15:05:00,209.86,209.97,209.76,209.95,72471
2026-08-26 15:06:00,209.9699,209.9699,209.811,209.865,74222
2026-08-26 15:07:00,209.88,210.12,209.86,210.06,121856
2026-08-26 15:08:00,210.05,210.24,210.02,210.18,85844
2026-08-26 15:09:00,210.19,210.23,210.12,210.19,53986
2026-08-26 15:10:00,210.1587,210.2499,210.12,210.2001,42783
2026-08-26 15:11:00,210.19,210.4,210.19,210.3248,128129
2026-08-26 15:12:00,210.32,210.38,210.23,210.3,75090
2026-08-26 15:13:00,210.27,210.3899,210.25,210.375,64601
2026-08-26 15:14:00,210.369,210.4046,210.2502,210.28,61992
2026-08-26 15:15:00,210.3399,210.3997,210.2742,210.33,50697
2026-08-26 15:16:00,210.35,210.3561,210.29,210.305,40983
2026-08-26 15:17:00,210.295,210.3159,210.12,210.19,97994
2026-08-26 15:18:00,210.18,210.2194,210.11,210.15,39081
2026-08-26 15:19:00,210.1499,210.23,210.1128,210.165,42661
2026-08-26 15:20:00,210.18,210.2199,210.13,210.1543,46530
2026-08-26 15:21:00,210.15,210.21,210.05,210.1992,48892
2026-08-26 15:22:00,210.18,210.33,210.13,210.2965,63888
2026-08-26 15:23:00,210.27,210.3399,210.23,210.2454,52141
2026-08-26 15:24:00,210.2272,210.26,210.1701,210.21,26189
2026-08-26 15:25:00,210.205,210.23,210.04,210.1011,59135
2026-08-26 15:26:00,210.1,210.1599,210.078,210.1014,76659
2026-08-26 15:27:00,210.1301,210.23,210.09,210.19,48399
2026-08-26 15:28:00,210.2,210.21,210.05,210.0857,42459
2026-08-26 15:29:00,210.1,210.1,209.81,210.01,115807
2026-08-26 15:30:00,209.99,209.99,209.74,209.85,112044
2026-08-26 15:31:00,209.8357,209.9166,209.81,209.8599,49449
2026-08-26 15:32:00,209.84,209.88,209.7101,209.76,80405
2026-08-26 15:33:00,209.735,209.8245,209.66,209.785,73083
2026-08-26 15:34:00,209.7915,209.85,209.7458,209.774,69789
2026-08-26 15:35:00,209.76,209.82,209.7,209.81,52532
2026-08-26 15:36:00,209.78,209.84,209.7398,209.8023,65493
2026-08-26 15:37:00,209.8,210.02,209.7801,209.9494,96549
2026-08-26 15:38:00,209.9699,209.9699,209.7101,209.81,66560
2026-08-26 15:39:00,209.8,210.02,209.7601,209.92,95272
2026-08-26 15:40:00,209.91,209.9999,209.82,209.8241,48137
2026-08-26 15:41:00,209.8101,209.845,209.6101,209.62,86362
2026-08-26 15:42:00,209.6539,209.7059,209.582,209.64,99059
2026-08-26 15:43:00,209.64,209.72,209.62,209.68,49688
2026-08-26 15:44:00,209.7,209.8359,209.6702,209.8027,74685
2026-08-26 15:45:00,209.802,210.1,209.8,210.07,116784
2026-08-26 15:46:00,210.0641,210.26,210.01,210.1,118230
2026-08-26 15:47:00,210.12,210.25,210.08,210.24,92616
2026-08-26 15:48:00,210.2245,210.25,210.14,210.19,76260
2026-08-26 15:49:00,210.1989,210.2076,210.07,210.0999,74328
2026-08-26 15:50:00,210.07,210.21,209.7915,209.93,153481
2026-08-26 15:51:00,209.9346,209.96,209.62,209.6677,138256
2026-08-26 15:52:00,209.68,209.79,209.65,209.67,125216
2026-08-26 15:53:00,209.6842,209.6842,209.3,209.4994,198036
2026-08-26 15:54:00,209.49,209.59,209.2,209.2732,219118
2026-08-26 15:55:00,209.32,209.49,209.21,209.39,127806
2026-08-26 15:56:00,209.385,209.44,209.2,209.2988,151669
2026-08-26 15:57:00,209.26,209.41,209.22,209.3568,148421
2026-08-26 15:58:00,209.36,209.38,209.17,209.25,156456
2026-08-26 15:59:00,209.25,209.4187,209.09,209.12,531699
2026-08-27 09:30:00,209.72,210.86,209.51,210.3499,924390
2026-08-27 09:31:00,210.405,211.6,210.28,211.58,562372
2026-08-27 09:32:00,211.5914,211.84,211.01,211.555,489598
2026-08-27 09:33:00,211.6,211.65,210.75,210.7901,354537
2026-08-27 09:34:00,210.79,210.79,208.54,208.5409,676740
2026-08-27 09:35:00,208.55,208.69,207.7401,208.225,535404
2026-08-27 09:36:00,208.19,208.47,207.35,207.57,428722
2026-08-27 09:37:00,207.496,208.09,206.78,206.81,518539
2026-08-27 09:38:00,206.81,207.25,206.61,207.17,410092
2026-08-27 09:39:00,207.155,207.2229,206.64,206.64,256024
2026-08-27 09:40:00,206.6425,207.57,206.51,207.3,416786
2026-08-27 09:41:00,207.38,208.03,207.2801,207.925,308795
2026-08-27 09:42:00,207.93,208.5378,207.89,208.13,329153
2026-08-27 09:43:00,208.1099,208.2,207.75,208.03,187356
2026-08-27 09:44:00,208.1,208.1,207.35,207.99,273966
2026-08-27 09:45:00,207.99,208.05,206.65,207.99,462759
2026-08-27 09:46:00,207.97,208.48,207.76,208.11,335282
2026-08-27 09:47:00,208.08,208.5,207.65,208.1701,239161
2026-08-27 09:48:00,208.23,208.25,207.73,208.07,235543
2026-08-27 09:49:00,208.115,208.25,207.65,207.9174,181790
2026-08-27 09:50:00,207.8451,208.08,207.33,208.08,194740
2026-08-27 09:51:00,208.07,208.1,206.8537,207.25,415718
2026-08-27 09:52:00,207.2156,207.79,206.9,207.12,237674
2026-08-27 09:53:00,207.085,207.39,206.27,206.695,418334
2026-08-27 09:54:00,206.85,207.75,206.76,207.555,305828
2026-08-27 09:55:00,207.5506,208.47,207.48,208.15,348309
2026-08-27 09:56:00,208.18,208.5,207.9,208.262,264091
2026-08-27 09:57:00,208.24,209.25,208.14,209.18,403703
2026-08-27 09:58:00,209.155,209.32,208.72,208.87,236082
2026-08-27 09:59:00,208.76,208.85,208.52,208.575,157660
2026-08-27 10:00:00,208.64,208.67,207.51,208.04,315403
2026-08-27 10:01:00,208.01,208.29,207.77,208.0,169192
2026-08-27 10:02:00,207.99,208.35,207.69,208.2,144653
2026-08-27 10:03:00,208.21,208.7299,208.09,208.53,168043
2026-08-27 10:04:00,208.51,208.82,208.22,208.4699,186879
2026-08-27 10:05:00,208.49,208.53,207.53,207.69,277265
2026-08-27 10:06:00,207.66,207.89,206.74,207.115,489011
2026-08-27 10:07:00,207.1238,207.4399,207.0,207.13,193430
2026-08-27 10:08:00,207.14,207.5493,207.11,207.49,192027
2026-08-27 10:09:00,207.41,207.75,207.33,207.42,173773
2026-08-27 10:10:00,207.375,207.63,207.11,207.425,122564
2026-08-27 10:11:00,207.4165,207.5899,207.25,207.2801,107155
2026-08-27 10:12:00,207.35,207.75,207.35,207.625,122699
2026-08-27 10:13:00,207.59,207.8,207.44,207.56,94780
2026-08-27 10:14:00,207.61,207.7399,207.36,207.55,99459
2026-08-27 10:15:00,207.55,208.25,207.55,208.165,180398
2026-08-27 10:16:00,208.14,208.19,207.83,208.0,127123
2026-08-27 10:17:00,207.9,208.3368,207.86,208.1,112897
2026-08-27 10:18:00,208.1399,208.27,208.0,208.02,105987
2026-08-27 10:19:00,208.05,208.09,207.63,208.035,180930
2026-08-27 10:20:00,207.99,208.57,207.94,208.305,308299
2026-08-27 10:21:00,208.2901,208.4399,208.14,208.34,127656
2026-08-27 10:22:00,208.38,208.4,207.53,207.73,283559
2026-08-27 10:23:00,207.75,207.96,207.68,207.74,118092
2026-08-27 10:24:00,207.735,207.9699,207.5703,207.88,171871
2026-08-27 10:25:00,207.83,208.2,207.83,207.92,142959
2026-08-27 10:26:00,207.9188,208.12,207.79,208.04,98728
2026-08-27 10:27:00,208.03,208.27,207.85,208.2,132962
2026-08-27 10:28:00,208.16,208.2,207.66,207.7172,110793
2026-08-27 10:29:00,207.71,207.7499,207.2,207.57,216302
2026-08-27 10:30:00,207.595,207.9,207.595,207.69,129795
2026-08-27 10:31:00,207.65,207.7399,207.4709,207.66,109889
2026-08-27 10:32:00,207.648,207.6599,206.9,207.0121,300474
2026-08-27 10:33:00,206.92,207.13,206.7806,207.07,207220
2026-08-27 10:34:00,207.09,207.25,206.7601,206.885,169464
2026-08-27 10:35:00,206.89,206.96,206.57,206.925,250674
2026-08-27 10:36:00,206.93,207.4,206.9152,207.1601,184020
2026-08-27 10:37:00,207.1682,207.32,206.76,206.7762,151381
2026-08-27 10:38:00,206.76,207.2225,206.73,207.165,150996
2026-08-27 10:39:00,207.16,207.3699,206.8,206.82,160038
2026-08-27 10:40:00,206.815,207.08,206.6,207.04,193495
2026-08-27 10:41:00,207.0639,207.18,206.76,207.07,124948
2026-08-27 10:42:00,206.99,206.99,206.7,206.83,92962
2026-08-27 10:43:00,206.855,206.88,206.5,206.7774,189782
2026-08-27 10:44:00,206.7782,206.8148,206.0,206.15,351951
2026-08-27 10:45:00,206.165,206.22,205.63,206.135,342199
2026-08-27 10:46:00,206.15,206.3799,205.92,205.92,164790
2026-08-27 10:47:00,205.93,206.41,205.9003,206.155,150403
2026-08-27 10:48:00,206.14,206.3499,206.0,206.07,93581
2026-08-27 10:49:00,206.07,206.085,205.3,205.66,352618
2026-08-27 10:50:00,205.59,205.85,205.55,205.67,1200084
2026-08-27 10:51:00,205.66,205.66,205.2856,205.34,187899
2026-08-27 10:52:00,205.3899,205.61,205.25,205.56,215720
2026-08-27 10:53:00,205.5405,205.9945,205.4601,205.9163,664315
2026-08-27 10:54:00,205.9397,206.38,205.77,206.3,220378
2026-08-27 10:55:00,206.32,206.47,206.2037,206.3,177641
2026-08-27 10:56:00,206.3392,206.5996,206.3,206.5,145391
2026-08-27 10:57:00,206.5,206.74,206.34,206.53,137631
2026-08-27 10:58:00,206.51,206.5325,206.14,206.19,141047
2026-08-27 10:59:00,206.2,206.45,205.95,206.28,199803
2026-08-27 11:00:00,206.29,206.29,205.8501,206.04,217021
2026-08-27 11:01:00,206.13,206.16,205.7401,205.91,202080
2026-08-27 11:02:00,205.9,206.01,205.6501,205.7,144570
2026-08-27 11:03:00,205.7,205.94,205.4001,205.56,209604
2026-08-27 11:04:00,205.58,205.78,205.26,205.74,198820
2026-08-27 11:05:00,205.73,205.73,205.42,205.5399,103160
2026-08-27 11:06:00,205.53,205.99,205.5,205.895,149356
2026-08-27 11:07:00,205.895,206.005,205.8,205.96,94237
2026-08-27 11:08:00,205.9401,206.18,205.92,206.12,140101
2026-08-27 11:09:00,206.15,206.25,205.77,205.7836,103513
2026-08-27 11:10:00,205.82,205.82,204.8,205.07,491637
2026-08-27 11:11:00,205.0401,205.15,204.59,204.65,264914
2026-08-27 11:12:00,204.6299,204.8,204.44,204.67,161517
2026-08-27 11:13:00,204.67,204.85,204.49,204.6508,135640
2026-08-27 11:14:00,204.65,204.73,204.5,204.68,126370
2026-08-27 11:15:00,204.6865,204.9284,204.27,204.33,214225
2026-08-27 11:16:00,204.34,204.88,204.3,204.88,203870
2026-08-27 11:17:00,204.88,205.08,204.61,204.61,193515
2026-08-27 11:18:00,204.655,204.8895,204.45,204.83,142209
2026-08-27 11:19:00,204.8547,204.8547,204.45,204.53,95719
2026-08-27 11:20:00,204.5,204.95,204.4,204.93,110523
2026-08-27 11:21:00,204.94,204.94,204.57,204.745,101130
2026-08-27 11:22:00,204.7314,204.92,204.6,204.8,62711
2026-08-27 11:23:00,204.83,205.1999,204.8101,205.06,120891
2026-08-27 11:24:00,205.0304,205.25,204.92,205.14,78201
2026-08-27 11:25:00,205.1331,205.165,204.9037,205.0,93443
2026-08-27 11:26:00,205.0148,205.1396,204.7314,205.139,130504
2026-08-27 11:27:00,205.14,205.24,204.98,205.17,114407
2026-08-27 11:28:00,205.19,205.28,205.02,205.13,99596
2026-08-27 11:29:00,205.0937,205.3,205.0937,205.2,69385
2026-08-27 11:30:00,205.19,205.2273,205.02,205.17,76737
2026-08-27 11:31:00,205.18,205.18,204.96,205.1799,82721
2026-08-27 11:32:00,205.18,205.1899,204.83,204.9492,78212
2026-08-27 11:33:00,204.9301,205.16,204.82,205.1256,92713
2026-08-27 11:34:00,205.13,205.1719,204.86,204.99,76684
2026-08-27 11:35:00,204.99,205.21,204.86,205.17,90882
2026-08-27 11:36:00,205.1629,205.58,204.6,205.4601,164999
2026-08-27 11:37:00,205.45,205.49,205.205,205.235,86471
2026-08-27 11:38:00,205.23,205.3299,205.15,205.255,71128
2026-08-27 11:39:00,205.279,205.3899,205.18,205.2,66434
2026-08-27 11:40:00,205.2,205.2,204.9,205.0724,99141
2026-08-27 11:41:00,205.08,205.3,205.04,205.2699,64605
2026-08-27 11:42:00,205.2497,205.31,205.135,205.22,53905
2026-08-27 11:43:00,205.22,205.22,204.79,205.01,99691
2026-08-27 11:44:00,205.005,205.3399,205.005,205.3,74788
2026-08-27 11:45:00,205.34,205.736,205.33,205.59,142235
2026-08-27 11:46:00,205.57,205.8,205.57,205.78,98029
2026-08-27 11:47:00,205.74,205.77,205.6574,205.66,68141
2026-08-27 11:48:00,205.7,205.96,205.6701,205.95,85034
2026-08-27 11:49:00,205.94,205.9799,205.76,205.77,87566
2026-08-27 11:50:00,205.79,206.05,205.62,205.84,114648
2026-08-27 11:51:00,205.85,205.97,205.76,205.9,61660
2026-08-27 11:52:00,205.85,205.9799,205.7738,205.8563,55738
2026-08-27 11:53:00,205.88,205.94,205.7764,205.8147,52562
2026-08-27 11:54:00,205.8,205.93,205.7701,205.915,46396
2026-08-27 11:55:00,205.9,206.0699,205.7,205.8299,86008
2026-08-27 11:56:00,205.79,205.79,205.52,205.585,77322
2026-08-27 11:57:00,205.61,205.855,205.61,205.76,52494
2026-08-27 11:58:00,205.77,205.96,205.7445,205.87,66836
2026-08-27 11:59:00,205.84,205.96,205.8157,205.8157,34697
2026-08-27 12:00:00,205.83,205.9,205.63,205.69,68363
2026-08-27 12:01:00,205.685,205.95,205.59,205.81,73879
2026-08-27 12:02:00,205.8,205.8,205.55,205.68,52857
2026-08-27 12:03:00,205.6526,205.7434,205.58,205.59,74020
2026-08-27 12:04:00,205.57,205.61,205.3003,205.4,125233
2026-08-27 12:05:00,205.39,205.5394,205.27,205.335,74422
2026-08-27 12:06:00,205.29,205.42,205.1153,205.17,101173
2026-08-27 12:07:00,205.15,205.52,205.14,205.5,103085
2026-08-27 12:08:00,205.5079,205.65,205.4201,205.4979,66953
2026-08-27 12:09:00,205.49,205.65,205.49,205.63,44827
2026-08-27 12:10:00,205.61,205.7799,205.55,205.6855,79837
2026-08-27 12:11:00,205.67,205.67,205.21,205.2124,94931
2026-08-27 12:12:00,205.24,205.37,205.07,205.28,99447
2026-08-27 12:13:00,205.29,205.44,205.28,205.3099,56950
2026-08-27 12:14:00,205.2974,205.31,205.1,205.215,79162
2026-08-27 12:15:00,205.23,205.23,204.537,204.6734,216569
2026-08-27 12:16:00,204.65,204.77,204.4,204.45,161265
2026-08-27 12:17:00,204.44,204.9145,204.4,204.883,145746
2026-08-27 12:18:00,204.8,204.9061,204.69,204.69,63364
2026-08-27 12:19:00,204.685,205.035,204.685,204.975,89115
2026-08-27 12:20:00,204.94,204.975,204.82,204.87,55339
2026-08-27 12:21:00,204.86,204.94,204.76,204.845,66031
2026-08-27 12:22:00,204.82,204.88,204.6503,204.83,65579
2026-08-27 12:23:00,204.82,204.825,204.2,204.35,188362
2026-08-27 12:24:00,204.3511,204.65,204.3,204.57,108146
2026-08-27 12:25:00,204.56,204.8,204.47,204.7673,76368
2026-08-27 12:26:00,204.7999,205.055,204.704,204.94,109382
2026-08-27 12:27:00,204.9302,205.0,204.75,204.835,94801
2026-08-27 12:28:00,204.84,204.8999,204.7,204.735,72456
2026-08-27 12:29:00,204.7146,204.8493,204.61,204.73,71283
2026-08-27 12:30:00,204.72,204.85,204.69,204.76,27944
2026-08-27 12:31:00,204.7772,204.8,204.65,204.78,44001
2026-08-27 12:32:00,204.78,204.965,204.75,204.77,78157
2026-08-27 12:33:00,204.76,205.17,204.76,205.16,87398
2026-08-27 12:34:00,205.15,205.44,205.15,205.2286,88552
2026-08-27 12:35:00,205.21,205.33,205.1501,205.215,41083
2026-08-27 12:36:00,205.2,205.39,205.11,205.39,39096
2026-08-27 12:37:00,205.39,205.47,205.32,205.45,55486
2026-08-27 12:38:00,205.4699,205.59,205.37,205.525,56248
2026-08-27 12:39:00,205.5101,205.5791,205.4155,205.5553,51867
2026-08-27 12:40:00,205.5768,205.79,205.55,205.7,60085
2026-08-27 12:41:00,205.69,205.84,205.66,205.75,48390
2026-08-27 12:42:00,205.7301,205.85,205.73,205.8,46759
2026-08-27 12:43:00,205.805,205.9,205.7,205.8,56500
2026-08-27 12:44:00,205.8,205.8599,205.7701,205.81,31606
2026-08-27 12:45:00,205.8,205.8,205.61,205.775,53762
2026-08-27 12:46:00,205.78,205.98,205.72,205.98,76024
2026-08-27 12:47:00,205.97,206.02,205.79,205.825,83761
2026-08-27 12:48:00,205.83,205.9005,205.7601,205.79,34950
2026-08-27 12:49:00,205.79,205.8499,205.74,205.83,31959
2026-08-27 12:50:00,205.84,206.08,205.77,206.01,68485
2026-08-27 12:51:00,206.01,206.3401,206.01,206.34,146177
2026-08-27 12:52:00,206.32,206.47,206.2801,206.47,123292
2026-08-27 12:53:00,206.4602,206.61,206.4311,206.5701,88846
2026-08-27 12:54:00,206.57,206.5885,206.45,206.5,63146
2026-08-27 12:55:00,206.51,206.67,206.5,206.64,98800
2026-08-27 12:56:00,206.63,206.78,206.59,206.69,91524
2026-08-27 12:57:00,206.671,206.69,206.55,206.59,50824
2026-08-27 12:58:00,206.59,206.6799,206.55,206.6498,82929
2026-08-27 12:59:00,206.6023,206.7299,206.59,206.676,639141
2026-08-27 13:00:00,206.68,206.86,206.51,206.815,129297
2026-08-27 13:01:00,206.81,206.95,206.75,206.8558,69521
2026-08-27 13:02:00,206.87,207.1,206.82,206.82,124477
2026-08-27 13:03:00,206.8034,206.94,206.74,206.81,87963
2026-08-27 13:04:00,206.82,206.82,206.59,206.67,76020
2026-08-27 13:05:00,206.7,206.9599,206.65,206.86,56667
2026-08-27 13:06:00,206.86,206.88,206.53,206.61,79335
2026-08-27 13:07:00,206.6,206.78,206.5851,206.665,52535
2026-08-27 13:08:00,206.641,206.8699,206.641,206.86,58092
2026-08-27 13:09:00,206.855,206.87,206.7001,206.75,43971
2026-08-27 13:10:00,206.75,206.83,206.62,206.8,68826
2026-08-27 13:11:00,206.7999,206.7999,206.58,206.6,41268
2026-08-27 13:12:00,206.595,206.65,206.5001,206.59,64719
2026-08-27 13:13:00,206.5964,206.655,206.34,206.48,110508
2026-08-27 13:14:00,206.5,206.52,206.0735,206.19,111578
2026-08-27 13:15:00,206.18,206.35,206.1004,206.255,90878
2026-08-27 13:16:00,206.27,206.28,206.08,206.13,71404
2026-08-27 13:17:00,206.13,206.13,205.92,206.085,115757
2026-08-27 13:18:00,206.1,206.1,205.85,205.925,61495
2026-08-27 13:19:00,205.92,206.03,205.87,206.005,76250
2026-08-27 13:20:00,206.0,206.1,205.9,205.97,67470
2026-08-27 13:21:00,205.955,205.9959,205.862,205.97,99303
2026-08-27 13:22:00,205.9847,206.05,205.93,205.98,47571
2026-08-27 13:23:00,206.0,206.03,205.86,205.94,65558
2026-08-27 13:24:00,205.95,206.05,205.87,205.8808,83977
2026-08-27 13:25:00,205.88,206.06,205.83,205.9162,56860
2026-08-27 13:26:00,205.91,206.06,205.89,206.04,83334
2026-08-27 13:27:00,206.04,206.06,205.96,206.0208,97909
2026-08-27 13:28:00,206.03,206.17,205.8,205.8104,113433
2026-08-27 13:29:00,205.83,206.02,205.8,206.0055,61703
2026-08-27 13:30:00,206.01,206.01,205.8,205.8384,64777
2026-08-27 13:31:00,205.855,206.11,205.8001,206.08,79254
2026-08-27 13:32:00,206.06,206.22,205.95,205.9799,79506
2026-08-27 13:33:00,205.98,206.005,205.8,205.925,59502
2026-08-27 13:34:00,205.92,205.93,205.72,205.8399,76527
2026-08-27 13:35:00,205.805,205.9499,205.74,205.775,59821
2026-08-27 13:36:00,205.76,205.76,205.53,205.67,109711
2026-08-27 13:37:00,205.6684,205.7396,205.5,205.515,105335
2026-08-27 13:38:00,205.515,205.58,205.38,205.4,119674
2026-08-27 13:39:00,205.42,205.47,205.1517,205.17,131428
2026-08-27 13:40:00,205.17,205.31,205.165,205.22,75191
2026-08-27 13:41:00,205.22,205.2899,205.15,205.185,72835
2026-08-27 13:42:00,205.175,205.22,204.96,205.08,125069
2026-08-27 13:43:00,205.07,205.1234,204.92,204.98,94712
2026-08-27 13:44:00,204.9999,205.0351,204.85,204.96,96800
2026-08-27 13:45:00,204.965,205.0,204.87,204.88,81598
2026-08-27 13:46:00,204.874,204.95,204.86,204.9001,68797
2026-08-27 13:47:00,204.92,205.02,204.8,204.93,154131
2026-08-27 13:48:00,204.95,205.02,204.83,204.869,84644
2026-08-27 13:49:00,204.85,204.89,204.6101,204.75,119440
2026-08-27 13:50:00,204.73,204.83,204.66,204.78,64478
2026-08-27 13:51:00,204.78,204.79,204.58,204.655,76906
2026-08-27 13:52:00,204.66,204.69,204.54,204.54,85840
2026-08-27 13:53:00,204.54,204.54,204.31,204.32,151266
2026-08-27 13:54:00,204.32,204.38,203.9317,203.95,317625
2026-08-27 13:55:00,203.97,204.1899,203.88,203.97,191850
2026-08-27 13:56:00,203.9844,204.12,203.88,203.9029,95485
2026-08-27 13:57:00,203.92,203.99,203.43,203.515,398999
2026-08-27 13:58:00,203.5799,203.5799,203.31,203.3114,196305
2026-08-27 13:59:00,203.36,203.37,203.0,203.0986,284478
2026-08-27 14:00:00,203.08,203.23,202.83,202.83,252521
2026-08-27 14:01:00,202.83,203.3544,202.78,203.25,313873
2026-08-27 14:02:00,203.24,203.27,203.04,203.08,136043
2026-08-27 14:03:00,203.11,203.3199,203.01,203.11,154168
2026-08-27 14:04:00,203.09,203.1499,203.02,203.03,95822
2026-08-27 14:05:00,203.025,203.24,202.97,203.135,141758
2026-08-27 14:06:00,203.12,203.15,202.91,202.92,148838
2026-08-27 14:07:00,202.92,202.96,202.59,202.64,245093
2026-08-27 14:08:00,202.6699,203.21,202.6383,203.18,240254
2026-08-27 14:09:00,203.1999,203.25,202.92,202.922,144646
2026-08-27 14:10:00,202.92,203.03,202.71,202.9466,191138
2026-08-27 14:11:00,202.95,203.06,202.89,202.945,121785
2026-08-27 14:12:00,202.95,203.16,202.92,202.94,163588
2026-08-27 14:13:00,202.942,203.09,202.93,203.0699,104921
2026-08-27 14:14:00,203.04,203.5,203.02,203.2,243134
2026-08-27 14:15:00,203.22,203.23,203.0,203.1002,115028
2026-08-27 14:16:00,203.11,203.16,202.95,202.98,134276
2026-08-27 14:17:00,202.9684,203.21,202.9,203.1572,203349
2026-08-27 14:18:00,203.1599,203.23,202.91,203.19,121197
2026-08-27 14:19:00,203.18,203.1899,203.04,203.09,82104
2026-08-27 14:20:00,203.074,203.35,203.065,203.15,155901
2026-08-27 14:21:00,203.14,203.35,202.92,203.21,208297
2026-08-27 14:22:00,203.2,203.43,203.18,203.375,97585
2026-08-27 14:23:00,203.36,203.4,203.17,203.2489,112963
2026-08-27 14:24:00,203.25,203.2709,202.96,203.01,108868
2026-08-27 14:25:00,203.01,203.17,202.8301,203.04,257338
2026-08-27 14:26:00,203.04,203.3,203.02,203.22,106728
2026-08-27 14:27:00,203.2174,203.25,203.12,203.1985,61202
2026-08-27 14:28:00,203.1801,203.22,203.022,203.04,82229
2026-08-27 14:29:00,203.04,203.35,203.0,203.275,181585
2026-08-27 14:30:00,203.26,203.305,203.03,203.06,104574
2026-08-27 14:31:00,203.06,203.09,202.97,203.03,123430
2026-08-27 14:32:00,203.03,203.09,202.77,202.91,193799
2026-08-27 14:33:00,202.9,203.29,202.9,203.19,185600
2026-08-27 14:34:00,203.18,203.24,203.0,203.03,69236
2026-08-27 14:35:00,203.04,203.0899,202.9,202.9431,125630
2026-08-27 14:36:00,202.94,203.1,202.9001,202.935,112206
2026-08-27 14:37:00,202.91,203.07,202.78,202.892,123309
2026-08-27 14:38:00,202.905,202.97,202.81,202.88,57161
2026-08-27 14:39:00,202.88,203.1499,202.8,203.05,182903
2026-08-27 14:40:00,203.03,203.18,202.97,203.08,130706
2026-08-27 14:41:00,203.11,203.29,203.06,203.09,185056
2026-08-27 14:42:00,203.085,203.2,203.03,203.13,67133
2026-08-27 14:43:00,203.14,203.19,203.03,203.09,50401
2026-08-27 14:44:00,203.09,203.26,203.08,203.205,118666
2026-08-27 14:45:00,203.1901,203.38,203.1901,203.31,89209
2026-08-27 14:46:00,203.3168,203.32,203.1101,203.27,103139
2026-08-27 14:47:00,203.2318,203.6769,203.2318,203.64,137303
2026-08-27 14:48:00,203.59,203.6899,203.48,203.53,120211
2026-08-27 14:49:00,203.53,203.65,203.4501,203.62,117298
2026-08-27 14:50:00,203.61,203.8299,203.57,203.82,164910
2026-08-27 14:51:00,203.815,203.99,203.81,203.8118,130990
2026-08-27 14:52:00,203.83,204.14,203.8276,203.99,177701
2026-08-27 14:53:00,204.02,204.1,204.0,204.05,112888
2026-08-27 14:54:00,204.08,204.35,204.0301,204.2892,133411
2026-08-27 14:55:00,204.27,204.43,204.25,204.28,142222
2026-08-27 14:56:00,204.2999,204.5,204.26,204.3001,114928
2026-08-27 14:57:00,204.32,204.42,204.2601,204.27,77772
2026-08-27 14:58:00,204.27,204.41,204.16,204.38,145790
2026-08-27 14:59:00,204.39,204.7702,204.39,204.61,175932
2026-08-27 15:00:00,204.57,204.9,204.45,204.63,183662
2026-08-27 15:01:00,204.61,204.93,204.5102,204.93,145053
2026-08-27 15:02:00,204.94,205.09,204.74,204.8,247648
2026-08-27 15:03:00,204.79,204.95,204.725,204.89,96476
2026-08-27 15:04:00,204.88,205.2,204.82,205.02,151509
2026-08-27 15:05:00,205.06,205.15,204.87,204.96,112934
2026-08-27 15:06:00,204.95,205.0199,204.75,204.82,99625
2026-08-27 15:07:00,204.81,204.86,204.44,204.685,175127
2026-08-27 15:08:00,204.67,204.7312,204.34,204.47,94397
2026-08-27 15:09:00,204.46,204.65,204.32,204.62,142602
2026-08-27 15:10:00,204.64,204.81,204.6,204.655,94641
2026-08-27 15:11:00,204.665,204.75,204.54,204.6352,75884
2026-08-27 15:12:00,204.64,204.6899,204.48,204.56,64833
2026-08-27 15:13:00,204.54,204.67,204.42,204.5093,115811
2026-08-27 15:14:00,204.49,204.73,204.49,204.675,78348
2026-08-27 15:15:00,204.67,204.95,204.67,204.895,112336
2026-08-27 15:16:00,204.91,204.99,204.8,204.85,89859
2026-08-27 15:17:00,204.83,204.9,204.72,204.86,85771
2026-08-27 15:18:00,204.8799,204.9,204.7501,204.775,60169
2026-08-27 15:19:00,204.78,204.89,204.73,204.8199,74903
2026-08-27 15:20:00,204.84,205.03,204.84,204.89,91734
2026-08-27 15:21:00,204.885,204.9699,204.75,204.8,107078
2026-08-27 15:22:00,204.81,204.89,204.72,204.8201,89003
2026-08-27 15:23:00,204.8201,204.835,204.5901,204.73,149861
2026-08-27 15:24:00,204.78,204.8799,204.76,204.81,80856
2026-08-27 15:25:00,204.84,205.04,204.78,205.0,142508
2026-08-27 15:26:00,205.01,205.28,205.01,205.17,264102
2026-08-27 15:27:00,205.188,205.3385,205.13,205.185,174488
2026-08-27 15:28:00,205.2,205.32,205.1701,205.28,122672
2026-08-27 15:29:00,205.275,205.4643,205.1901,205.42,88533
2026-08-27 15:30:00,205.41,205.44,205.25,205.28,133694
2026-08-27 15:31:00,205.31,205.47,205.2301,205.42,120552
2026-08-27 15:32:00,205.4299,205.47,205.15,205.2388,161729
2026-08-27 15:33:00,205.23,205.44,205.2101,205.43,106067
2026-08-27 15:34:00,205.4007,205.56,205.35,205.5,160815
2026-08-27 15:35:00,205.4601,205.54,205.3201,205.45,135269
2026-08-27 15:36:00,205.45,205.4599,205.32,205.336,65579
2026-08-27 15:37:00,205.34,205.81,205.265,205.6776,233400
2026-08-27 15:38:00,205.66,205.69,205.31,205.41,100774
2026-08-27 15:39:00,205.37,205.37,205.08,205.19,192358
2026-08-27 15:40:00,205.21,205.29,205.04,205.209,188866
2026-08-27 15:41:00,205.21,205.47,204.95,205.405,194704
2026-08-27 15:42:00,205.37,205.5894,205.34,205.41,127670
2026-08-27 15:43:00,205.42,205.85,205.42,205.7,97651
2026-08-27 15:44:00,205.7085,205.9,205.7,205.73,149884
2026-08-27 15:45:00,205.725,205.98,205.6601,205.835,106294
2026-08-27 15:46:00,205.84,205.93,205.71,205.82,68931
2026-08-27 15:47:00,205.82,206.04,205.81,205.975,121696
2026-08-27 15:48:00,205.955,206.07,205.71,205.8504,130800
2026-08-27 15:49:00,205.86,205.95,205.6001,205.83,111057
2026-08-27 15:50:00,205.85,205.99,205.72,205.83,167217
2026-08-27 15:51:00,205.84,206.0,205.7432,205.93,153843
2026-08-27 15:52:00,205.95,206.02,205.74,205.8522,225055
2026-08-27 15:53:00,205.86,206.0856,205.85,206.0,131063
2026-08-27 15:54:00,205.99,205.99,205.57,205.82,175652
2026-08-27 15:55:00,205.8,205.93,205.59,205.7995,176999
2026-08-27 15:56:00,205.78,206.015,205.77,206.0,132369
2026-08-27 15:57:00,205.965,206.0,205.6,205.75,174274
2026-08-27 15:58:00,205.76,205.83,205.57,205.6,227581
2026-08-27 15:59:00,205.608,205.76,205.51,205.55,402740
2026-08-28 09:30:00,209.8,210.71,209.51,209.585,785521
2026-08-28 09:31:00,209.53,211.22,209.53,211.05,695177
2026-08-28 09:32:00,211.0325,211.45,210.82,211.345,550397
2026-08-28 09:33:00,211.35,211.68,211.08,211.6201,422716
2026-08-28 09:34:00,211.63,211.7,211.1601,211.5756,431558
2026-08-28 09:35:00,211.5401,212.6838,211.5401,212.5608,701495
2026-08-28 09:36:00,212.56,213.15,212.02,212.99,551259
2026-08-28 09:37:00,212.98,213.43,212.7503,213.19,582549
2026-08-28 09:38:00,213.1801,213.46,212.67,212.77,451670
2026-08-28 09:39:00,212.756,212.82,212.02,212.155,562818
2026-08-28 09:40:00,212.18,213.64,212.18,213.28,603145
2026-08-28 09:41:00,213.29,213.33,212.1101,212.295,410962
2026-08-28 09:42:00,212.3218,212.34,211.72,211.83,445542
2026-08-28 09:43:00,211.82,212.02,211.4501,211.56,310830
2026-08-28 09:44:00,211.6,212.13,211.5101,211.75,280505
2026-08-28 09:45:00,211.77,212.69,211.7301,212.53,389564
2026-08-28 09:46:00,212.5306,213.0255,212.085,212.26,342083
2026-08-28 09:47:00,212.23,213.3,212.12,213.215,322598
2026-08-28 09:48:00,213.206,213.43,212.95,213.1871,350186
2026-08-28 09:49:00,213.18,214.47,213.1202,214.3209,721920
2026-08-28 09:50:00,214.32,214.59,213.8,213.8201,457160
2026-08-28 09:51:00,213.85,213.9093,212.8,213.08,531370
2026-08-28 09:52:00,213.05,213.0599,211.93,212.3,365651
2026-08-28 09:53:00,212.2587,212.9899,212.19,212.7657,321218
2026-08-28 09:54:00,212.7686,213.64,212.7,213.64,318899
2026-08-28 09:55:00,213.66,214.42,212.91,214.35,454017
2026-08-28 09:56:00,214.34,214.89,214.2501,214.73,475533
2026-08-28 09:57:00,214.77,214.7973,214.0301,214.1,310759
2026-08-28 09:58:00,214.1093,214.1093,213.1901,213.39,307031
2026-08-28 09:59:00,213.39,213.7,212.9,213.36,293468
2026-08-28 10:00:00,213.35,213.97,212.8,212.9999,347414
2026-08-28 10:01:00,212.9698,213.2688,212.71,212.95,244314
2026-08-28 10:02:00,212.92,213.35,212.49,212.8826,265823
2026-08-28 10:03:00,212.86,212.882,212.08,212.2901,230254
2026-08-28 10:04:00,212.27,212.38,211.95,212.1199,269752
2026-08-28 10:05:00,212.12,212.38,211.4512,211.6388,362248
2026-08-28 10:06:00,211.66,212.1,211.6051,211.99,236918
2026-08-28 10:07:00,211.9401,211.99,211.51,211.6901,206778
2026-08-28 10:08:00,211.715,211.97,211.2,211.9595,336386
2026-08-28 10:09:00,211.9338,212.16,211.092,211.26,335609
2026-08-28 10:10:00,211.26,211.97,211.25,211.765,168197
2026-08-28 10:11:00,211.77,212.38,211.56,212.2201,244284
2026-08-28 10:12:00,212.23,212.2699,211.74,211.81,171357
2026-08-28 10:13:00,211.8,211.85,211.42,211.73,150793
2026-08-28 10:14:00,211.72,211.88,211.15,211.49,232097
2026-08-28 10:15:00,211.455,211.75,211.3285,211.4799,152680
2026-08-28 10:16:00,211.48,211.5,210.83,210.965,285826
2026-08-28 10:17:00,211.0,211.13,210.61,211.02,279747
2026-08-28 10:18:00,211.0,211.24,210.29,210.78,299292
2026-08-28 10:19:00,210.79,211.55,210.78,211.1,354790
2026-08-28 10:20:00,211.08,211.39,210.76,210.87,174362
2026-08-28 10:21:00,210.86,210.8799,210.35,210.63,191252
2026-08-28 10:22:00,210.6599,210.79,210.2801,210.475,188222
2026-08-28 10:23:00,210.5,211.21,210.31,211.21,217560
2026-08-28 10:24:00,211.2,211.47,211.12,211.4,214638
2026-08-28 10:25:00,211.39,211.75,211.33,211.52,222021
2026-08-28 10:26:00,211.555,212.18,211.555,211.735,230411
2026-08-28 10:27:00,211.7,211.9667,211.56,211.815,135427
2026-08-28 10:28:00,211.82,212.0,211.47,211.53,143417
2026-08-28 10:29:00,211.525,211.56,211.1,211.5057,157297
2026-08-28 10:30:00,211.56,211.71,210.92,211.075,226617
2026-08-28 10:31:00,211.05,211.3,211.0101,211.2,131402
2026-08-28 10:32:00,211.185,211.25,210.72,211.12,174295
2026-08-28 10:33:00,211.13,211.4696,210.86,211.11,175233
2026-08-28 10:34:00,211.13,211.325,210.98,211.24,94400
2026-08-28 10:35:00,211.27,211.85,211.06,211.7399,215859
2026-08-28 10:36:00,211.695,211.7564,211.07,211.22,180801
2026-08-28 10:37:00,211.25,211.4,210.5501,210.755,180725
2026-08-28 10:38:00,210.782,210.925,210.61,210.9,158627
2026-08-28 10:39:00,210.92,211.06,210.76,211.01,127624
2026-08-28 10:40:00,211.05,211.42,210.99,211.2,162677
2026-08-28 10:41:00,211.26,211.28,210.9,211.19,143660
2026-08-28 10:42:00,211.2,211.25,210.76,210.86,111509
2026-08-28 10:43:00,210.89,211.46,210.74,211.19,142172
2026-08-28 10:44:00,211.225,211.46,210.86,211.0202,142080
2026-08-28 10:45:00,210.995,211.08,210.4,210.57,219872
2026-08-28 10:46:00,210.5883,210.9299,210.56,210.9,115069
2026-08-28 10:47:00,210.89,211.38,210.89,211.145,210251
2026-08-28 10:48:00,211.15,211.44,211.0,211.375,139847
2026-08-28 10:49:00,211.35,211.67,211.21,211.44,166488
2026-08-28 10:50:00,211.44,211.64,211.28,211.3097,142189
2026-08-28 10:51:00,211.33,211.6199,211.19,211.4985,110210
2026-08-28 10:52:00,211.45,211.62,211.36,211.402,168180
2026-08-28 10:53:00,211.45,211.505,211.28,211.3599,95359
2026-08-28 10:54:00,211.35,211.63,211.05,211.57,220486
2026-08-28 10:55:00,211.55,211.55,211.0102,211.28,146664
2026-08-28 10:56:00,211.26,211.43,210.88,211.01,187596
2026-08-28 10:57:00,211.02,211.05,210.13,210.63,379712
2026-08-28 10:58:00,210.6637,210.92,210.3101,210.875,164854
2026-08-28 10:59:00,210.87,211.0,210.7201,210.87,130260
2026-08-28 11:00:00,210.83,210.8723,210.21,210.4263,257249
2026-08-28 11:01:00,210.45,210.7,210.35,210.5885,136891
2026-08-28 11:02:00,210.59,210.705,210.34,210.34,113024
2026-08-28 11:03:00,210.35,210.51,210.2501,210.39,93529
2026-08-28 11:04:00,210.39,210.39,209.8,209.96,291861
2026-08-28 11:05:00,209.95,210.13,209.8,209.949,211837
2026-08-28 11:06:00,209.915,210.07,209.65,209.955,199330
2026-08-28 11:07:00,209.98,210.08,209.702,209.76,113738
2026-08-28 11:08:00,209.74,210.08,209.7,210.0,103416
2026-08-28 11:09:00,209.99,210.22,209.9422,210.19,123703
2026-08-28 11:10:00,210.15,210.6475,210.06,210.54,209012
2026-08-28 11:11:00,210.54,210.61,210.3044,210.52,82227
2026-08-28 11:12:00,210.4955,210.58,210.41,210.46,76384
2026-08-28 11:13:00,210.475,210.59,210.31,210.4787,85102
2026-08-28 11:14:00,210.4512,210.715,210.36,210.53,103036
2026-08-28 11:15:00,210.5,210.8199,210.46,210.7791,101612
2026-08-28 11:16:00,210.78,210.8499,210.6301,210.685,96804
2026-08-28 11:17:00,210.67,210.7,209.91,210.0799,296806
2026-08-28 11:18:00,210.05,210.05,209.51,209.801,199054
2026-08-28 11:19:00,209.83,209.92,209.6,209.885,136448
2026-08-28 11:20:00,209.88,209.92,209.45,209.49,160271
2026-08-28 11:21:00,209.45,209.63,209.07,209.115,245535
2026-08-28 11:22:00,209.1284,209.54,209.0724,209.24,170766
2026-08-28 11:23:00,209.25,209.43,209.23,209.2601,89847
2026-08-28 11:24:00,209.27,209.43,209.26,209.4112,89503
2026-08-28 11:25:00,209.41,209.82,209.41,209.6712,141802
2026-08-28 11:26:00,209.7,210.24,209.69,209.77,143494
2026-08-28 11:27:00,209.78,209.965,209.7527,209.9,61388
2026-08-28 11:28:00,209.91,210.0,209.7601,209.95,67617
2026-08-28 11:29:00,210.0,210.0499,209.91,209.95,71282
2026-08-28 11:30:00,209.9301,210.43,209.88,210.2809,135388
2026-08-28 11:31:00,210.2643,210.35,210.08,210.1006,69617
2026-08-28 11:32:00,210.15,210.32,209.91,210.23,80816
2026-08-28 11:33:00,210.21,210.4699,210.17,210.335,88560
2026-08-28 11:34:00,210.31,210.58,210.29,210.4701,106129
2026-08-28 11:35:00,210.495,210.54,210.3,210.45,64299
2026-08-28 11:36:00,210.47,210.6,210.38,210.59,82500
2026-08-28 11:37:00,210.59,210.59,210.2,210.375,76827
2026-08-28 11:38:00,210.41,210.605,210.255,210.54,81818
2026-08-28 11:39:00,210.55,210.7857,210.5301,210.6552,124244
2026-08-28 11:40:00,210.6921,210.75,210.52,210.73,79722
2026-08-28 11:41:00,210.735,210.735,210.4,210.4001,66585
2026-08-28 11:42:00,210.43,210.64,210.36,210.54,57317
2026-08-28 11:43:00,210.539,210.6,210.3,210.31,73286
2026-08-28 11:44:00,210.33,210.54,210.09,210.23,101713
2026-08-28 11:45:00,210.24,210.6299,210.22,210.56,86337
2026-08-28 11:46:00,210.58,210.95,210.53,210.805,164444
2026-08-28 11:47:00,210.805,211.0499,210.76,210.895,101937
2026-08-28 11:48:00,210.87,210.9399,210.79,210.9,74690
2026-08-28 11:49:00,210.91,210.98,210.85,210.85,51201
2026-08-28 11:50:00,210.875,210.96,210.7201,210.95,70939
2026-08-28 11:51:00,210.96,211.08,210.85,211.07,101272
2026-08-28 11:52:00,211.06,211.21,210.96,211.1277,114250
2026-08-28 11:53:00,211.13,211.2,210.97,211.0161,98251
2026-08-28 11:54:00,211.04,211.17,210.97,211.09,62307
2026-08-28 11:55:00,211.085,211.35,211.03,211.285,52016
2026-08-28 11:56:00,211.2853,211.338,210.93,210.94,74571
2026-08-28 11:57:00,210.95,211.08,210.79,210.835,90182
2026-08-28 11:58:00,210.78,210.86,210.55,210.8397,100613
2026-08-28 11:59:00,210.8407,211.04,210.77,210.925,55634
2026-08-28 12:00:00,210.93,211.13,210.83,211.105,51480
2026-08-28 12:01:00,211.1126,211.1499,210.88,210.93,53886
2026-08-28 12:02:00,210.92,211.17,210.81,210.92,78989
2026-08-28 12:03:00,210.93,211.06,210.91,211.01,64418
2026-08-28 12:04:00,210.99,211.14,210.86,211.09,50831
2026-08-28 12:05:00,211.1,211.35,211.09,211.315,70097
2026-08-28 12:06:00,211.33,211.45,211.2761,211.34,73569
2026-08-28 12:07:00,211.36,211.46,211.31,211.31,60901
2026-08-28 12:08:00,211.32,211.51,211.29,211.425,75906
2026-08-28 12:09:00,211.445,211.5,211.37,211.43,58040
2026-08-28 12:10:00,211.39,211.6,211.33,211.5399,73815
2026-08-28 12:11:00,211.53,211.64,211.42,211.4251,79205
2026-08-28 12:12:00,211.42,211.4476,211.29,211.31,67168
2026-08-28 12:13:00,211.31,211.45,211.3001,211.45,38971
2026-08-28 12:14:00,211.47,211.63,211.4631,211.57,83964
2026-08-28 12:15:00,211.5503,211.6899,211.5101,211.565,67274
2026-08-28 12:16:00,211.55,211.5797,211.2618,211.46,94331
2026-08-28 12:17:00,211.45,211.46,211.0,211.38,116777
2026-08-28 12:18:00,211.35,211.3997,211.11,211.17,49340
2026-08-28 12:19:00,211.16,211.35,211.14,211.3194,50298
2026-08-28 12:20:00,211.33,211.44,211.2201,211.425,66622
2026-08-28 12:21:00,211.37,211.58,211.35,211.402,75260
2026-08-28 12:22:00,211.425,211.54,211.2801,211.52,45503
2026-08-28 12:23:00,211.53,211.65,211.475,211.6101,60007
2026-08-28 12:24:00,211.6,211.8699,211.56,211.85,147599
2026-08-28 12:25:00,211.87,212.04,211.81,212.0,155787
2026-08-28 12:26:00,212.0299,212.0299,211.85,211.9115,63977
2026-08-28 12:27:00,211.9001,212.1,211.76,212.0904,91297
2026-08-28 12:28:00,212.035,212.37,212.0101,212.35,160621
2026-08-28 12:29:00,212.36,212.44,212.28,212.305,95265
2026-08-28 12:30:00,212.3,212.5899,212.28,212.54,126786
2026-08-28 12:31:00,212.515,212.74,212.5,212.65,136530
2026-08-28 12:32:00,212.7099,212.76,212.6307,212.66,99326
2026-08-28 12:33:00,212.66,212.6899,212.45,212.49,130860
2026-08-28 12:34:00,212.5056,212.66,212.46,212.57,90692
2026-08-28 12:35:00,212.56,212.65,212.4401,212.47,61183
2026-08-28 12:36:00,212.4609,212.58,212.4609,212.51,50723
2026-08-28 12:37:00,212.5,212.52,212.21,212.26,114680
2026-08-28 12:38:00,212.265,212.4,212.18,212.33,107566
2026-08-28 12:39:00,212.35,212.575,212.35,212.575,92026
2026-08-28 12:40:00,212.59,212.7399,212.51,212.7109,100636
2026-08-28 12:41:00,212.7287,212.7383,212.4601,212.56,78053
2026-08-28 12:42:00,212.5258,212.56,212.41,212.4399,49772
2026-08-28 12:43:00,212.4398,212.5379,212.34,212.5379,62555
2026-08-28 12:44:00,212.537,212.59,212.41,212.46,42494
2026-08-28 12:45:00,212.44,212.53,212.4,212.4401,42581
2026-08-28 12:46:00,212.44,212.51,212.36,212.445,34399
2026-08-28 12:47:00,212.43,212.6699,212.41,212.63,73548
2026-08-28 12:48:00,212.634,212.64,212.43,212.51,41202
2026-08-28 12:49:00,212.5,212.56,212.11,212.145,95552
2026-08-28 12:50:00,212.11,212.365,212.01,212.19,102853
2026-08-28 12:51:00,212.2,212.3599,212.1301,212.3099,65217
2026-08-28 12:52:00,212.28,212.28,211.75,211.931,143956
2026-08-28 12:53:00,211.95,212.04,211.84,212.0,67502
2026-08-28 12:54:00,212.0,212.0499,211.86,211.9,49616
2026-08-28 12:55:00,211.91,212.0299,211.8,211.9201,64186
2026-08-28 12:56:00,211.95,212.07,211.91,211.96,99443
2026-08-28 12:57:00,212.0199,212.17,212.0,212.12,62026
2026-08-28 12:58:00,212.12,212.3,212.1,212.11,69942
2026-08-28 12:59:00,212.13,212.21,212.1001,212.15,44190
2026-08-28 13:00:00,212.13,212.15,211.85,211.935,92408
2026-08-28 13:01:00,211.935,212.08,211.75,211.862,71138
2026-08-28 13:02:00,211.88,212.0999,211.83,212.0115,64379
2026-08-28 13:03:00,212.02,212.24,211.98,212.23,60756
2026-08-28 13:04:00,212.23,212.425,212.1455,212.4001,105557
2026-08-28 13:05:00,212.4,212.45,212.2601,212.3097,46572
2026-08-28 13:06:00,212.32,212.4,212.24,212.24,51307
2026-08-28 13:07:00,212.2305,212.32,212.07,212.14,67765
2026-08-28 13:08:00,212.12,212.1295,211.91,212.0701,70349
2026-08-28 13:09:00,212.0963,212.15,211.95,211.9701,51816
2026-08-28 13:10:00,211.97,212.07,211.95,212.01,36900
2026-08-28 13:11:00,212.0,212.0,211.68,211.745,118616
2026-08-28 13:12:00,211.76,211.79,211.44,211.67,163597
2026-08-28 13:13:00,211.645,211.68,211.44,211.4432,81739
2026-08-28 13:14:00,211.45,211.7245,211.44,211.7099,88317
2026-08-28 13:15:00,211.71,211.74,211.49,211.59,44166
2026-08-28 13:16:00,211.591,211.7437,211.55,211.683,53013
2026-08-28 13:17:00,211.68,211.685,211.52,211.5997,30254
2026-08-28 13:18:00,211.6,211.6535,211.55,211.6128,26314
2026-08-28 13:19:00,211.61,211.6999,211.55,211.66,48495
2026-08-28 13:20:00,211.6899,211.8463,211.585,211.8463,63025
2026-08-28 13:21:00,211.85,211.9,211.78,211.83,39013
2026-08-28 13:22:00,211.82,211.89,211.67,211.73,47517
2026-08-28 13:23:00,211.71,211.89,211.7,211.84,45958
2026-08-28 13:24:00,211.845,211.89,211.61,211.63,49476
2026-08-28 13:25:00,211.64,211.7421,211.25,211.445,132637
2026-08-28 13:26:00,211.44,211.749,211.4,211.7101,58591
2026-08-28 13:27:00,211.74,211.78,211.49,211.53,32000
2026-08-28 13:28:00,211.53,211.64,211.51,211.615,30516
2026-08-28 13:29:00,211.59,211.7,211.57,211.7,38511
2026-08-28 13:30:00,211.75,211.8,211.66,211.7,45577
2026-08-28 13:31:00,211.76,211.93,211.7291,211.8969,76509
2026-08-28 13:32:00,211.9025,211.97,211.77,211.97,67471
2026-08-28 13:33:00,211.97,211.97,211.65,211.7297,64851
2026-08-28 13:34:00,211.7,211.8655,211.57,211.834,41606
2026-08-28 13:35:00,211.81,211.99,211.7,211.97,51588
2026-08-28 13:36:00,211.965,211.98,211.82,211.8827,25465
2026-08-28 13:37:00,211.89,211.9186,211.7365,211.77,43937
2026-08-28 13:38:00,211.74,211.88,211.72,211.815,19162
2026-08-28 13:39:00,211.8,211.85,211.55,211.61,55373
2026-08-28 13:40:00,211.62,211.8,211.53,211.5689,110858
2026-08-28 13:41:00,211.575,211.82,211.43,211.74,59380
2026-08-28 13:42:00,211.73,212.1,211.68,212.07,115660
2026-08-28 13:43:00,212.0796,212.2,211.915,212.07,82044
2026-08-28 13:44:00,212.06,212.15,212.04,212.055,71240
2026-08-28 13:45:00,212.055,212.0599,211.83,211.92,49570
2026-08-28 13:46:00,211.91,211.93,211.74,211.88,47702
2026-08-28 13:47:00,211.9,211.92,211.8,211.89,50468
2026-08-28 13:48:00,211.845,211.845,211.52,211.59,78644
2026-08-28 13:49:00,211.61,211.7199,211.55,211.645,76630
2026-08-28 13:50:00,211.63,211.72,211.56,211.69,42483
2026-08-28 13:51:00,211.7,211.84,211.695,211.78,38722
2026-08-28 13:52:00,211.79,211.85,211.68,211.7599,53470
2026-08-28 13:53:00,211.7233,211.8467,211.7233,211.805,27547
2026-08-28 13:54:00,211.82,212.0699,211.775,211.984,78691
2026-08-28 13:55:00,211.99,212.12,211.97,212.1,58634
2026-08-28 13:56:00,212.105,212.31,212.03,212.25,97819
2026-08-28 13:57:00,212.26,212.34,212.19,212.25,79996
2026-08-28 13:58:00,212.265,212.42,212.23,212.4169,75669
2026-08-28 13:59:00,212.41,212.68,212.4042,212.565,124270
2026-08-28 14:00:00,212.57,212.58,211.8,211.91,173493
2026-08-28 14:01:00,211.895,212.0,211.61,211.75,110217
2026-08-28 14:02:00,211.7,211.94,211.59,211.68,98613
2026-08-28 14:03:00,211.69,211.75,211.55,211.69,72712
2026-08-28 14:04:00,211.66,211.8,211.61,211.76,79708
2026-08-28 14:05:00,211.74,211.76,211.48,211.5,80972
2026-08-28 14:06:00,211.495,211.5499,211.3,211.3104,90547
2026-08-28 14:07:00,211.32,211.32,210.97,211.03,131437
2026-08-28 14:08:00,211.03,211.22,211.01,211.18,73777
2026-08-28 14:09:00,211.1999,211.23,211.0916,211.17,60343
2026-08-28 14:10:00,211.13,211.1425,210.79,211.03,134957
2026-08-28 14:11:00,211.0201,211.06,210.75,210.9101,75857
2026-08-28 14:12:00,210.88,211.0199,210.7937,210.85,75821
2026-08-28 14:13:00,210.82,211.01,210.79,210.88,64788
2026-08-28 14:14:00,210.91,211.03,210.91,210.925,66180
2026-08-28 14:15:00,210.9,210.92,210.57,210.6448,121749
2026-08-28 14:16:00,210.66,210.7,210.52,210.58,92822
2026-08-28 14:17:00,210.555,210.7,210.52,210.635,58485
2026-08-28 14:18:00,210.65,210.65,210.37,210.4099,83157
2026-08-28 14:19:00,210.37,210.51,210.35,210.35,61750
2026-08-28 14:20:00,210.36,210.39,210.15,210.26,99098
2026-08-28 14:21:00,210.27,210.4416,210.245,210.245,88043
2026-08-28 14:22:00,210.25,210.36,210.25,210.2706,39100
2026-08-28 14:23:00,210.263,210.36,210.21,210.21,79532
2026-08-28 14:24:00,210.2101,210.3427,210.18,210.28,65425
2026-08-28 14:25:00,210.27,210.41,210.1,210.1099,101765
2026-08-28 14:26:00,210.1,210.1799,210.04,210.13,99929
2026-08-28 14:27:00,210.12,210.2299,209.77,209.78,152772
2026-08-28 14:28:00,209.8,209.8273,208.9,209.05,351078
2026-08-28 14:29:00,209.015,209.28,208.92,209.0425,158749
2026-08-28 14:30:00,209.02,209.02,208.22,208.6195,312978
2026-08-28 14:31:00,208.6299,208.8294,208.37,208.72,184657
2026-08-28 14:32:00,208.75,208.81,208.53,208.6306,127099
2026-08-28 14:33:00,208.61,208.7699,208.4,208.66,221849
2026-08-28 14:34:00,208.66,208.71,208.22,208.3047,121192
2026-08-28 14:35:00,208.34,208.5,208.02,208.45,198256
2026-08-28 14:36:00,208.41,208.78,208.29,208.625,141445
2026-08-28 14:37:00,208.6386,208.6386,208.05,208.21,120209
2026-08-28 14:38:00,208.18,208.22,207.2,207.655,349836
2026-08-28 14:39:00,207.62,207.91,207.48,207.86,162771
2026-08-28 14:40:00,207.8,208.09,207.665,207.95,150714
2026-08-28 14:41:00,207.98,208.05,207.75,207.8676,126492
2026-08-28 14:42:00,207.89,208.01,207.66,207.8203,99213
2026-08-28 14:43:00,207.77,207.77,207.05,207.35,224016
2026-08-28 14:44:00,207.3412,207.7599,207.1151,207.6,153909
2026-08-28 14:45:00,207.67,207.7917,207.325,207.46,119049
2026-08-28 14:46:00,207.445,207.68,207.245,207.49,163732
2026-08-28 14:47:00,207.47,207.5,206.93,206.99,187748
2026-08-28 14:48:00,207.01,207.37,206.6901,207.18,240681
2026-08-28 14:49:00,207.21,207.55,207.1596,207.3701,154495
2026-08-28 14:50:00,207.35,207.35,206.72,206.78,175534
2026-08-28 14:51:00,206.765,206.9999,206.41,206.86,241057
2026-08-28 14:52:00,206.87,207.1999,206.82,207.0015,112403
2026-08-28 14:53:00,207.03,207.22,206.95,207.1,129586
2026-08-28 14:54:00,207.1281,207.5,207.09,207.33,149823
2026-08-28 14:55:00,207.33,207.55,207.14,207.2099,182580
2026-08-28 14:56:00,207.165,207.2893,206.8415,206.94,152480
2026-08-28 14:57:00,206.9,207.118,206.69,206.8,134373
2026-08-28 14:58:00,206.84,207.1,206.76,207.09,88603
2026-08-28 14:59:00,207.11,207.24,206.8401,207.075,149609
2026-08-28 15:00:00,207.08,207.365,206.45,206.5599,206390
2026-08-28 15:01:00,206.56,206.7999,206.5101,206.61,108004
2026-08-28 15:02:00,206.59,206.89,206.48,206.6001,168925
2026-08-28 15:03:00,206.5701,206.86,206.5701,206.64,104880
2026-08-28 15:04:00,206.635,206.8867,206.59,206.77,99760
2026-08-28 15:05:00,206.79,207.49,206.78,207.43,164811
2026-08-28 15:06:00,207.4101,207.66,207.2721,207.47,145815
2026-08-28 15:07:00,207.4505,207.47,207.04,207.13,105357
2026-08-28 15:08:00,207.15,207.22,206.77,207.17,176444
2026-08-28 15:09:00,207.18,207.54,207.12,207.26,142499
2026-08-28 15:10:00,207.25,207.38,207.13,207.23,85108
2026-08-28 15:11:00,207.25,207.5299,207.0102,207.13,114490
2026-08-28 15:12:00,207.1,207.15,206.521,206.61,150256
2026-08-28 15:13:00,206.585,206.88,206.41,206.6648,153770
2026-08-28 15:14:00,206.64,206.98,206.6,206.689,168335
2026-08-28 15:15:00,206.69,206.9599,206.59,206.81,119938
2026-08-28 15:16:00,206.83,207.52,206.83,207.42,143414
2026-08-28 15:17:00,207.42,207.6,207.2701,207.3301,121140
2026-08-28 15:18:00,207.3202,207.44,207.01,207.1,120827
2026-08-28 15:19:00,207.09,207.13,206.75,206.9199,146013
2026-08-28 15:20:00,206.87,207.0399,206.75,206.835,90158
2026-08-28 15:21:00,206.8199,206.8199,206.48,206.55,119717
2026-08-28 15:22:00,206.59,206.78,206.47,206.56,129642
2026-08-28 15:23:00,206.56,207.02,206.54,206.8449,116078
2026-08-28 15:24:00,206.83,207.1499,206.83,207.0001,76401
2026-08-28 15:25:00,207.0261,207.33,206.97,207.29,218421
2026-08-28 15:26:00,207.3,207.4099,207.0119,207.05,106637
2026-08-28 15:27:00,207.11,207.46,207.07,207.43,94945
2026-08-28 15:28:00,207.43,207.824,207.35,207.39,183373
2026-08-28 15:29:00,207.4,207.51,207.15,207.32,84851
2026-08-28 15:30:00,207.35,207.39,207.1057,207.23,129190
2026-08-28 15:31:00,207.25,207.32,207.05,207.09,78246
2026-08-28 15:32:00,207.09,207.43,207.04,207.28,99284
2026-08-28 15:33:00,207.25,207.5699,207.25,207.375,116127
2026-08-28 15:34:00,207.3501,207.3896,207.0911,207.0911,126580
2026-08-28 15:35:00,207.1,207.3485,206.94,207.265,112941
2026-08-28 15:36:00,207.27,207.4699,207.23,207.32,51188
2026-08-28 15:37:00,207.335,207.82,207.235,207.7099,165129
2026-08-28 15:38:00,207.6787,208.08,207.63,207.79,169504
2026-08-28 15:39:00,207.79,207.79,207.4601,207.55,99250
2026-08-28 15:40:00,207.59,207.73,207.31,207.385,96323
2026-08-28 15:41:00,207.375,207.5172,207.33,207.4,97919
2026-08-28 15:42:00,207.37,207.49,207.04,207.19,120074
2026-08-28 15:43:00,207.2,207.39,207.1167,207.33,80896
2026-08-28 15:44:00,207.33,207.48,207.04,207.11,95914
2026-08-28 15:45:00,207.09,207.46,207.09,207.39,78283
2026-08-28 15:46:00,207.41,207.45,206.92,206.92,100448
2026-08-28 15:47:00,206.91,207.213,206.88,207.16,140264
2026-08-28 15:48:00,207.11,207.11,206.81,206.9001,120586
2026-08-28 15:49:00,206.92,207.11,206.77,206.9,118214
2026-08-28 15:50:00,206.81,207.26,206.79,206.97,147049
2026-08-28 15:51:00,207.01,207.04,206.69,206.83,127767
2026-08-28 15:52:00,206.8499,206.9453,206.75,206.905,106920
2026-08-28 15:53:00,206.89,207.04,206.75,206.76,108604
2026-08-28 15:54:00,206.8,206.94,206.302,206.37,272589
2026-08-28 15:55:00,206.42,206.99,206.31,206.4635,251429
2026-08-28 15:56:00,206.475,206.5499,206.14,206.17,213050
2026-08-28 15:57:00,206.18,206.47,206.16,206.33,192146
2026-08-28 15:58:00,206.33,206.34,205.97,206.16,403837
2026-08-28 15:59:00,206.17,206.36,206.09,206.27,573701
2026-08-29 09:30:00,208.63,210.2499,208.63,209.635,817773
2026-08-29 09:31:00,209.635,210.4,209.2601,209.28,480858
2026-08-29 09:32:00,209.295,209.9,207.9,208.03,712361
2026-08-29 09:33:00,208.1565,208.2699,207.03,207.242,512910
2026-08-29 09:34:00,207.23,208.19,207.2,207.33,490215
2026-08-29 09:35:00,207.26,207.92,207.22,207.445,294555
2026-08-29 09:36:00,207.445,207.99,207.396,207.846,306741
2026-08-29 09:37:00,207.852,208.54,207.6,208.26,360941
2026-08-29 09:38:00,208.3,208.48,207.57,207.97,233476
2026-08-29 09:39:00,208.0,208.34,207.455,207.495,198078
2026-08-29 09:40:00,207.6399,207.93,207.25,207.93,383032
2026-08-29 09:41:00,207.8923,208.35,207.76,208.34,320568
2026-08-29 09:42:00,208.3,208.6899,207.88,208.5701,288079
2026-08-29 09:43:00,208.63,209.1993,208.3,209.13,348763
2026-08-29 09:44:00,209.11,209.27,208.6,208.8178,274711
2026-08-29 09:45:00,208.88,209.65,208.5501,209.54,345565
2026-08-29 09:46:00,209.51,209.7499,208.95,209.3399,362521
2026-08-29 09:47:00,209.34,209.34,207.71,208.13,384653
2026-08-29 09:48:00,208.097,208.22,207.78,208.08,417040
2026-08-29 09:49:00,208.075,208.665,208.0101,208.53,253894
2026-08-29 09:50:00,208.58,208.95,208.27,208.588,355258
2026-08-29 09:51:00,208.5881,209.3541,208.5,209.18,291010
2026-08-29 09:52:00,209.23,209.46,208.68,209.39,296975
2026-08-29 09:53:00,209.37,209.41,209.0,209.06,158314
2026-08-29 09:54:00,209.04,209.18,208.4601,208.52,186247
2026-08-29 09:55:00,208.56,208.87,208.44,208.842,209821
2026-08-29 09:56:00,208.75,208.88,208.1101,208.7147,229777
2026-08-29 09:57:00,208.75,209.05,208.5848,209.0,177812
2026-08-29 09:58:00,208.9726,209.36,208.88,209.34,181173
2026-08-29 09:59:00,209.355,210.2388,209.3332,209.8275,543458
2026-08-29 10:00:00,209.838,210.09,209.53,209.84,258483
2026-08-29 10:01:00,209.82,210.24,209.65,210.1,263743
2026-08-29 10:02:00,210.12,210.83,210.11,210.6299,453862
2026-08-29 10:03:00,210.61,210.61,210.19,210.2307,242937
2026-08-29 10:04:00,210.24,210.2425,209.7,209.81,217054
2026-08-29 10:05:00,209.81,209.9,209.06,209.2351,372145
2026-08-29 10:06:00,209.19,209.44,208.89,209.1348,250097
2026-08-29 10:07:00,209.13,209.25,208.72,208.9916,250241
2026-08-29 10:08:00,208.98,209.45,208.87,209.4058,177088
2026-08-29 10:09:00,209.39,209.74,209.28,209.6359,262407
2026-08-29 10:10:00,209.65,209.65,209.1,209.2954,180879
2026-08-29 10:11:00,209.24,209.245,208.42,208.665,263908
2026-08-29 10:12:00,208.6952,209.1323,208.5101,209.1236,215486
2026-08-29 10:13:00,209.15,209.2799,208.8701,209.24,91387
2026-08-29 10:14:00,209.235,209.47,208.93,209.44,153488
2026-08-29 10:15:00,209.46,209.56,208.81,209.4,178660
2026-08-29 10:16:00,209.4001,209.83,209.3,209.648,270538
2026-08-29 10:17:00,209.69,210.0,209.52,209.983,224626
2026-08-29 10:18:00,210.0,210.18,209.7542,209.87,203577
2026-08-29 10:19:00,209.8637,209.98,209.67,209.75,142409
2026-08-29 10:20:00,209.73,209.9899,209.61,209.93,145424
2026-08-29 10:21:00,209.95,210.05,209.07,209.16,202010
2026-08-29 10:22:00,209.21,209.325,208.7202,209.1869,269037
2026-08-29 10:23:00,209.1922,209.2099,208.75,208.91,135195
2026-08-29 10:24:00,208.8991,209.12,208.72,208.8601,144234
2026-08-29 10:25:00,208.9099,209.0439,208.3803,208.6495,306108
2026-08-29 10:26:00,208.62,208.83,208.4925,208.6385,137909
2026-08-29 10:27:00,208.68,209.0755,208.55,208.971,157393
2026-08-29 10:28:00,209.01,209.33,208.7302,208.816,153870
2026-08-29 10:29:00,208.8,208.8799,208.69,208.78,126598
2026-08-29 10:30:00,208.75,209.23,208.73,209.0295,124951
2026-08-29 10:31:00,209.15,209.52,209.0388,209.42,160498
2026-08-29 10:32:00,209.4201,209.55,209.21,209.3176,99581
2026-08-29 10:33:00,209.37,209.4,208.87,208.9699,96255
2026-08-29 10:34:00,208.9648,209.2999,208.8,209.23,158443
2026-08-29 10:35:00,209.25,209.89,209.22,209.66,199351
2026-08-29 10:36:00,209.6648,209.88,209.64,209.81,100273
2026-08-29 10:37:00,209.81,209.8359,209.353,209.4101,123866
2026-08-29 10:38:00,209.405,209.71,209.3358,209.66,97653
2026-08-29 10:39:00,209.66,209.6716,209.4,209.54,59625
2026-08-29 10:40:00,209.525,209.84,209.36,209.72,148672
2026-08-29 10:41:00,209.755,209.95,209.59,209.825,99249
2026-08-29 10:42:00,209.8265,209.8601,209.63,209.77,75911
2026-08-29 10:43:00,209.76,209.89,209.53,209.6401,91110
2026-08-29 10:44:00,209.655,209.71,209.15,209.33,193971
2026-08-29 10:45:00,209.31,209.4561,208.8,209.4561,188112
2026-08-29 10:46:00,209.46,209.7999,209.45,209.55,157164
2026-08-29 10:47:00,209.575,209.71,209.26,209.41,114540
2026-08-29 10:48:00,209.4101,209.9,209.31,209.8099,150783
2026-08-29 10:49:00,209.785,210.1,209.735,209.99,205212
2026-08-29 10:50:00,210.01,210.05,209.77,209.84,107784
2026-08-29 10:51:00,209.8615,209.9,209.42,209.57,104955
2026-08-29 10:52:00,209.54,209.58,209.31,209.4096,113463
2026-08-29 10:53:00,209.395,209.5,209.0201,209.04,169954
2026-08-29 10:54:00,209.0254,209.5845,209.0254,209.44,106390
2026-08-29 10:55:00,209.48,209.9497,209.33,209.76,141769
2026-08-29 10:56:00,209.78,209.85,209.55,209.73,126860
2026-08-29 10:57:00,209.7237,209.8387,209.1,209.165,188427
2026-08-29 10:58:00,209.15,209.175,208.77,208.8763,294981
2026-08-29 10:59:00,208.86,208.8899,208.46,208.46,213771
2026-08-29 11:00:00,208.48,209.01,208.37,208.82,311828
2026-08-29 11:01:00,208.76,208.93,208.49,208.54,122280
2026-08-29 11:02:00,208.54,208.8,208.51,208.6007,95276
2026-08-29 11:03:00,208.6,208.87,208.52,208.8201,103233
2026-08-29 11:04:00,208.82,209.026,208.77,208.95,87134
2026-08-29 11:05:00,208.94,208.99,208.65,208.83,74667
2026-08-29 11:06:00,208.84,209.11,208.78,209.0853,82132
2026-08-29 11:07:00,209.0919,209.0938,208.84,209.075,79312
2026-08-29 11:08:00,209.09,209.35,209.0,209.2393,110735
2026-08-29 11:09:00,209.21,209.47,209.1501,209.469,114685
2026-08-29 11:10:00,209.39,209.47,209.06,209.2558,104570
2026-08-29 11:11:00,209.2699,209.3991,209.04,209.12,63711
2026-08-29 11:12:00,209.09,209.26,208.9801,209.16,73938
2026-08-29 11:13:00,209.165,209.1799,208.98,209.02,55436
2026-08-29 11:14:00,209.0,209.2499,208.97,209.2499,67579
2026-08-29 11:15:00,209.25,209.2964,208.97,209.1,116783
2026-08-29 11:16:00,209.0658,209.28,208.97,209.12,97781
2026-08-29 11:17:00,209.0801,209.4477,209.05,209.104,124782
2026-08-29 11:18:00,209.06,209.44,208.9814,209.0101,136455
2026-08-29 11:19:00,209.04,209.3,208.9808,209.0802,107966
2026-08-29 11:20:00,209.11,209.13,208.58,208.75,214836
2026-08-29 11:21:00,208.7699,208.88,208.6,208.85,106895
2026-08-29 11:22:00,208.8599,208.89,208.64,208.76,74210
2026-08-29 11:23:00,208.7954,208.8499,208.5,208.74,137450
2026-08-29 11:24:00,208.7266,209.1,208.7266,209.0,104305
2026-08-29 11:25:00,208.96,209.228,208.82,209.2,100996
2026-08-29 11:26:00,209.195,209.48,209.17,209.4495,173319
2026-08-29 11:27:00,209.425,209.62,209.3762,209.6012,136277
2026-08-29 11:28:00,209.6015,209.77,209.46,209.723,137396
2026-08-29 11:29:00,209.732,209.81,209.56,209.64,109120
2026-08-29 11:30:00,209.59,209.81,209.41,209.47,111890
2026-08-29 11:31:00,209.47,209.6,209.0,209.1401,176095
2026-08-29 11:32:00,209.15,209.2299,208.8802,209.1799,159901
2026-08-29 11:33:00,209.18,209.69,209.13,209.5654,135234
2026-08-29 11:34:00,209.5957,209.84,209.56,209.7316,146492
2026-08-29 11:35:00,209.755,210.0699,209.72,210.01,220648
2026-08-29 11:36:00,210.01,210.0186,209.71,209.78,103372
2026-08-29 11:37:00,209.75,210.0699,209.75,210.035,112535
2026-08-29 11:38:00,210.01,210.07,209.85,210.0224,95882
2026-08-29 11:39:00,210.04,210.19,209.97,210.1639,138271
2026-08-29 11:40:00,210.1845,210.62,210.1845,210.5934,240745
2026-08-29 11:41:00,210.5501,210.589,210.3,210.4,116886
2026-08-29 11:42:00,210.4,210.47,210.18,210.184,106810
2026-08-29 11:43:00,210.2294,210.279,210.0201,210.25,127361
2026-08-29 11:44:00,210.26,210.39,210.2,210.31,105529
2026-08-29 11:45:00,210.29,210.4783,210.27,210.34,88976
2026-08-29 11:46:00,210.3702,210.77,210.3,210.62,157745
2026-08-29 11:47:00,210.6822,210.6822,210.31,210.5,152428
2026-08-29 11:48:00,210.48,210.59,210.1714,210.3,124302
2026-08-29 11:49:00,210.3,210.349,209.9103,209.9103,192265
2026-08-29 11:50:00,209.91,210.14,209.86,210.03,89219
2026-08-29 11:51:00,210.05,210.46,209.96,210.4,122001
2026-08-29 11:52:00,210.42,210.72,210.3901,210.645,154435
2026-08-29 11:53:00,210.6599,210.6778,210.3,210.38,91031
2026-08-29 11:54:00,210.37,210.5499,210.24,210.5122,78003
2026-08-29 11:55:00,210.51,210.67,210.4601,210.59,65568
2026-08-29 11:56:00,210.585,210.6,210.3757,210.38,57023
2026-08-29 11:57:00,210.37,210.4092,210.09,210.2094,97048
2026-08-29 11:58:00,210.15,210.2691,209.95,210.16,91106
2026-08-29 11:59:00,210.1655,210.2699,210.07,210.23,51548
2026-08-29 12:00:00,210.21,210.24,209.56,209.685,222565
2026-08-29 12:01:00,209.6556,209.7,209.34,209.6,103496
2026-08-29 12:02:00,209.6514,209.6593,209.5,209.6201,78782
2026-08-29 12:03:00,209.6699,209.71,209.5065,209.58,91744
2026-08-29 12:04:00,209.57,209.9677,209.57,209.9677,79203
2026-08-29 12:05:00,209.92,210.16,209.86,210.095,85134
2026-08-29 12:06:00,210.1,210.38,210.0852,210.3,122316
2026-08-29 12:07:00,210.31,210.33,210.12,210.175,54174
2026-08-29 12:08:00,210.15,210.24,210.13,210.18,47249
2026-08-29 12:09:00,210.2,210.2696,210.012,210.06,77769
2026-08-29 12:10:00,210.08,210.2199,209.9166,210.165,64170
2026-08-29 12:11:00,210.175,210.19,209.98,209.9906,46483
2026-08-29 12:12:00,210.0182,210.12,209.7601,209.955,80119
2026-08-29 12:13:00,209.94,210.01,209.8101,209.91,59723
2026-08-29 12:14:00,209.88,209.9799,209.81,209.9,36896
2026-08-29 12:15:00,209.89,210.0299,209.79,209.87,53236
2026-08-29 12:16:00,209.89,209.96,209.57,209.5764,73677
2026-08-29 12:17:00,209.595,209.71,209.53,209.675,60824
2026-08-29 12:18:00,209.688,209.85,209.66,209.79,54695
2026-08-29 12:19:00,209.78,209.93,209.78,209.93,43384
2026-08-29 12:20:00,209.88,209.97,209.8,209.9699,35025
2026-08-29 12:21:00,209.97,209.97,209.67,209.8,38879
2026-08-29 12:22:00,209.79,209.9058,209.71,209.86,29648
2026-08-29 12:23:00,209.8799,209.9,209.58,209.58,67175
2026-08-29 12:24:00,209.64,209.6999,209.53,209.61,65622
2026-08-29 12:25:00,209.57,209.6799,209.51,209.66,61686
2026-08-29 12:26:00,209.6563,209.7224,209.34,209.37,99843
2026-08-29 12:27:00,209.36,209.3899,209.19,209.254,88699
2026-08-29 12:28:00,209.2301,209.35,209.0,209.2699,174843
2026-08-29 12:29:00,209.27,209.3,209.0,209.1699,65977
2026-08-29 12:30:00,209.15,209.235,208.86,208.89,99073
2026-08-29 12:31:00,208.87,209.014,208.66,208.8468,148354
2026-08-29 12:32:00,208.86,208.8899,208.6,208.8699,149182
2026-08-29 12:33:00,208.8262,209.01,208.76,208.7947,79901
2026-08-29 12:34:00,208.7701,208.9,208.74,208.77,55768
2026-08-29 12:35:00,208.755,208.83,208.63,208.66,65367
2026-08-29 12:36:00,208.72,208.775,208.54,208.6149,88146
2026-08-29 12:37:00,208.6137,208.89,208.48,208.84,155287
2026-08-29 12:38:00,208.82,208.9,208.7468,208.8988,54976
2026-08-29 12:39:00,208.87,208.9,208.7,208.7662,64290
2026-08-29 12:40:00,208.75,208.848,208.68,208.79,65055
2026-08-29 12:41:00,208.8,208.9499,208.775,208.9299,104788
2026-08-29 12:42:00,208.9109,208.922,208.57,208.61,123969
2026-08-29 12:43:00,208.625,208.69,208.5,208.555,76757
2026-08-29 12:44:00,208.56,208.6999,208.5,208.58,71383
2026-08-29 12:45:00,208.57,208.68,208.5,208.635,97923
2026-08-29 12:46:00,208.63,208.78,208.53,208.54,91850
2026-08-29 12:47:00,208.511,208.62,208.5,208.55,84689
2026-08-29 12:48:00,208.57,208.62,208.49,208.6,65569
2026-08-29 12:49:00,208.6268,208.8399,208.58,208.78,67756
2026-08-29 12:50:00,208.79,208.98,208.79,208.9197,81990
2026-08-29 12:51:00,208.8719,209.25,208.8719,209.13,143502
2026-08-29 12:52:00,209.14,209.31,209.1201,209.27,81873
2026-08-29 12:53:00,209.25,209.33,209.16,209.33,76096
2026-08-29 12:54:00,209.34,209.35,209.25,209.2987,53030
2026-08-29 12:55:00,209.31,209.38,209.27,209.34,60493
2026-08-29 12:56:00,209.3465,209.6,209.3465,209.47,104300
2026-08-29 12:57:00,209.49,209.62,209.42,209.6027,78505
2026-08-29 12:58:00,209.6025,209.62,209.5143,209.62,74657
2026-08-29 12:59:00,209.6147,209.78,209.6142,209.71,97976
2026-08-29 13:00:00,209.7,209.84,209.7,209.745,61725
2026-08-29 13:01:00,209.77,209.78,209.62,209.7744,81484
2026-08-29 13:02:00,209.76,209.94,209.75,209.8747,103032
2026-08-29 13:03:00,209.89,210.2,209.89,210.0813,189625
2026-08-29 13:04:00,210.1,210.1759,210.0258,210.1009,57304
2026-08-29 13:05:00,210.12,210.19,210.0308,210.1875,82718
2026-08-29 13:06:00,210.16,210.2985,209.911,210.01,193035
2026-08-29 13:07:00,210.0099,210.25,209.99,210.22,92871
2026-08-29 13:08:00,210.24,210.37,210.21,210.2699,119671
2026-08-29 13:09:00,210.2364,210.4499,210.2364,210.3065,122614
2026-08-29 13:10:00,210.32,210.47,210.24,210.34,81856
2026-08-29 13:11:00,210.3399,210.3999,210.2867,210.3889,52642
2026-08-29 13:12:00,210.39,210.4699,210.38,210.41,80939
2026-08-29 13:13:00,210.4042,210.4199,210.19,210.3001,117676
2026-08-29 13:14:00,210.3109,210.3585,210.24,210.349,62780
2026-08-29 13:15:00,210.3532,210.635,210.33,210.59,201730
2026-08-29 13:16:00,210.58,210.6399,210.26,210.28,176344
2026-08-29 13:17:00,210.28,210.32,210.1401,210.23,137052
2026-08-29 13:18:00,210.235,210.35,210.17,210.2207,79633
2026-08-29 13:19:00,210.24,210.2679,210.1101,210.23,68247
2026-08-29 13:20:00,210.23,210.465,210.2158,210.3671,86412
2026-08-29 13:21:00,210.34,210.4199,210.23,210.23,95467
2026-08-29 13:22:00,210.25,210.25,209.86,209.9409,177324
2026-08-29 13:23:00,209.94,210.0,209.83,209.95,114348
2026-08-29 13:24:00,209.94,210.0199,209.84,209.9025,59439
2026-08-29 13:25:00,209.89,210.3697,209.89,210.34,113229
2026-08-29 13:26:00,210.3399,210.54,210.3,210.51,96028
2026-08-29 13:27:00,210.5299,210.55,210.4007,210.44,75196
2026-08-29 13:28:00,210.4647,210.4774,210.37,210.37,56892
2026-08-29 13:29:00,210.385,210.4999,210.3,210.4775,68019
2026-08-29 13:30:00,210.47,210.932,210.45,210.9304,340676
2026-08-29 13:31:00,210.93,211.449,210.92,211.3852,358704
2026-08-29 13:32:00,211.39,211.65,211.345,211.63,210177
2026-08-29 13:33:00,211.61,211.66,211.38,211.53,156119
2026-08-29 13:34:00,211.5001,211.57,211.41,211.4559,94346
2026-08-29 13:35:00,211.43,211.66,211.4201,211.645,142578
2026-08-29 13:36:00,211.64,211.75,211.56,211.723,137497
2026-08-29 13:37:00,211.7263,211.74,211.4964,211.6601,110986
2026-08-29 13:38:00,211.66,211.8,211.55,211.7206,140319
2026-08-29 13:39:00,211.735,211.8,211.49,211.7356,193278
2026-08-29 13:40:00,211.74,211.98,211.6,211.87,181516
2026-08-29 13:41:00,211.875,212.0,211.75,211.99,143474
2026-08-29 13:42:00,211.9913,212.02,211.72,211.72,191532
2026-08-29 13:43:00,211.73,211.7966,211.48,211.5651,181929
2026-08-29 13:44:00,211.598,211.67,211.42,211.5183,108208
2026-08-29 13:45:00,211.49,211.53,211.35,211.5001,125399
2026-08-29 13:46:00,211.509,211.57,211.2501,211.2501,139417
2026-08-29 13:47:00,211.29,211.4599,211.13,211.44,142273
2026-08-29 13:48:00,211.4586,211.73,211.43,211.5685,153873
2026-08-29 13:49:00,211.58,211.6062,211.35,211.3868,85009
2026-08-29 13:50:00,211.3801,211.57,211.28,211.535,81093
2026-08-29 13:51:00,211.53,211.6799,211.25,211.33,83929
2026-08-29 13:52:00,211.3579,211.43,211.17,211.4097,89241
2026-08-29 13:53:00,211.394,211.5473,211.31,211.51,72444
2026-08-29 13:54:00,211.55,211.57,211.376,211.445,81330
2026-08-29 13:55:00,211.4499,211.49,211.1601,211.195,110187
2026-08-29 13:56:00,211.205,211.205,210.94,211.1,165888
2026-08-29 13:57:00,211.0854,211.12,210.8454,210.99,78931
2026-08-29 13:58:00,211.0,211.16,211.0,211.08,72769
2026-08-29 13:59:00,211.11,211.185,210.94,211.14,101708
2026-08-29 14:00:00,211.15,211.21,210.91,211.0201,84781
2026-08-29 14:01:00,211.0201,211.15,210.94,211.1414,74062
2026-08-29 14:02:00,211.14,211.3475,211.03,211.25,91988
2026-08-29 14:03:00,211.2824,211.2824,211.01,211.0289,63417
2026-08-29 14:04:00,211.0101,211.1662,210.97,211.04,55529
2026-08-29 14:05:00,211.03,211.2,211.03,211.145,44542
2026-08-29 14:06:00,211.12,211.1298,211.0,211.09,54571
2026-08-29 14:07:00,211.075,211.29,211.02,211.27,84656
2026-08-29 14:08:00,211.28,211.3499,211.17,211.26,86180
2026-08-29 14:09:00,211.27,211.32,211.21,211.2381,50061
2026-08-29 14:10:00,211.22,211.27,211.16,211.24,60447
2026-08-29 14:11:00,211.23,211.62,211.1811,211.52,179823
2026-08-29 14:12:00,211.51,211.6799,211.48,211.48,109729
2026-08-29 14:13:00,211.5,211.55,211.44,211.53,69213
2026-08-29 14:14:00,211.54,211.7,211.49,211.67,92263
2026-08-29 14:15:00,211.6811,211.7399,211.61,211.665,82360
2026-08-29 14:16:00,211.69,211.74,211.6,211.705,62040
2026-08-29 14:17:00,211.7,211.71,211.5965,211.6,53849
2026-08-29 14:18:00,211.6101,211.6499,211.51,211.53,96634
2026-08-29 14:19:00,211.56,211.7299,211.55,211.68,111338
2026-08-29 14:20:00,211.665,211.73,211.6301,211.69,40651
2026-08-29 14:21:00,211.68,211.73,211.53,211.6129,109045
2026-08-29 14:22:00,211.6,211.64,211.45,211.5599,98964
2026-08-29 14:23:00,211.52,211.59,211.45,211.4955,76394
2026-08-29 14:24:00,211.51,211.59,211.24,211.27,143642
2026-08-29 14:25:00,211.2825,211.4801,211.21,211.4139,118930
2026-08-29 14:26:00,211.41,211.4269,211.2507,211.3,49099
2026-08-29 14:27:00,211.29,211.429,211.19,211.2262,82276
2026-08-29 14:28:00,211.22,211.24,211.02,211.097,97829
2026-08-29 14:29:00,211.085,211.1199,210.9201,211.024,112136
2026-08-29 14:30:00,211.02,211.16,210.98,211.1417,51575
2026-08-29 14:31:00,211.1499,211.1499,211.0306,211.1009,41225
2026-08-29 14:32:00,211.12,211.35,211.12,211.255,89547
2026-08-29 14:33:00,211.2701,211.2701,211.1231,211.235,52160
2026-08-29 14:34:00,211.22,211.2799,211.16,211.2773,56555
2026-08-29 14:35:00,211.25,211.2599,211.1203,211.245,34295
2026-08-29 14:36:00,211.24,211.52,211.2169,211.4599,136519
2026-08-29 14:37:00,211.4799,211.62,211.38,211.555,98910
2026-08-29 14:38:00,211.5799,211.73,211.53,211.6616,88594
2026-08-29 14:39:00,211.65,211.71,211.54,211.6201,117170
2026-08-29 14:40:00,211.64,211.88,211.62,211.76,162168
2026-08-29 14:41:00,211.77,211.94,211.6601,211.8001,147806
2026-08-29 14:42:00,211.8,211.8299,211.6401,211.684,92548
2026-08-29 14:43:00,211.68,211.7,211.582,211.655,71688
2026-08-29 14:44:00,211.665,211.68,211.412,211.49,120036
2026-08-29 14:45:00,211.4501,211.6499,211.45,211.5562,56729
2026-08-29 14:46:00,211.5462,211.7,211.5413,211.618,61684
2026-08-29 14:47:00,211.5915,211.6505,211.5,211.546,53371
2026-08-29 14:48:00,211.5499,211.5499,211.38,211.45,56859
2026-08-29 14:49:00,211.451,211.7199,211.4459,211.71,67294
2026-08-29 14:50:00,211.71,211.88,211.6401,211.8101,120558
2026-08-29 14:51:00,211.8349,212.14,211.82,212.035,280556
2026-08-29 14:52:00,212.05,212.13,211.98,212.08,104595
2026-08-29 14:53:00,212.0949,212.1499,211.93,211.9998,114766
2026-08-29 14:54:00,211.98,212.04,211.81,211.858,95993
2026-08-29 14:55:00,211.8699,211.8699,211.6,211.62,123419
2026-08-29 14:56:00,211.623,211.635,211.42,211.505,95372
2026-08-29 14:57:00,211.5,211.58,211.38,211.405,73364
2026-08-29 14:58:00,211.4277,211.4899,211.37,211.4,66928
2026-08-29 14:59:00,211.42,211.45,211.2601,211.42,109148
2026-08-29 15:00:00,211.3992,211.44,211.27,211.403,98499
2026-08-29 15:01:00,211.4,211.4,211.2355,211.29,54567
2026-08-29 15:02:00,211.29,211.4099,211.22,211.305,80813
2026-08-29 15:03:00,211.2863,211.39,211.22,211.23,64120
2026-08-29 15:04:00,211.24,211.3,211.11,211.2,113481
2026-08-29 15:05:00,211.2234,211.3562,211.15,211.3424,89749
2026-08-29 15:06:00,211.3488,211.57,211.32,211.51,137556
2026-08-29 15:07:00,211.5184,211.534,211.3,211.37,92420
2026-08-29 15:08:00,211.39,211.49,211.33,211.4353,89278
2026-08-29 15:09:00,211.43,211.5259,211.31,211.32,77837
2026-08-29 15:10:00,211.3139,211.43,211.3,211.3485,58675
2026-08-29 15:11:00,211.3499,211.3499,211.15,211.24,94253
2026-08-29 15:12:00,211.22,211.23,211.0,211.0299,109429
2026-08-29 15:13:00,211.0,211.14,210.86,211.0814,179966
2026-08-29 15:14:00,211.08,211.2599,211.0401,211.14,70632
2026-08-29 15:15:00,211.138,211.25,211.13,211.204,51072
2026-08-29 15:16:00,211.195,211.2359,211.08,211.15,70670
2026-08-29 15:17:00,211.1651,211.42,211.1651,211.3575,107737
2026-08-29 15:18:00,211.3568,211.55,211.3453,211.52,105318
2026-08-29 15:19:00,211.515,211.77,211.49,211.73,155963
2026-08-29 15:20:00,211.728,211.76,211.56,211.67,113205
2026-08-29 15:21:00,211.6726,211.78,211.63,211.765,71637
2026-08-29 15:22:00,211.77,211.8783,211.74,211.8,105023
2026-08-29 15:23:00,211.809,212.1,211.809,212.06,164632
2026-08-29 15:24:00,212.05,212.2,212.01,212.16,149084
2026-08-29 15:25:00,212.125,212.18,212.02,212.17,115781
2026-08-29 15:26:00,212.1648,212.23,212.07,212.148,150377
2026-08-29 15:27:00,212.15,212.18,212.04,212.17,122773
2026-08-29 15:28:00,212.18,212.62,212.18,212.4401,374200
2026-08-29 15:29:00,212.4662,212.55,212.24,212.306,208305
2026-08-29 15:30:00,212.33,212.48,212.05,212.27,187163
2026-08-29 15:31:00,212.268,212.29,212.12,212.2101,115344
2026-08-29 15:32:00,212.24,212.37,212.14,212.1851,121452
2026-08-29 15:33:00,212.155,212.1899,211.95,212.11,178450
2026-08-29 15:34:00,212.12,212.13,211.8682,212.1185,106815
2026-08-29 15:35:00,212.1,212.1099,211.8883,211.911,92776
2026-08-29 15:36:00,211.91,212.01,211.81,211.83,119225
2026-08-29 15:37:00,211.83,212.02,211.7836,212.0,145450
2026-08-29 15:38:00,212.0199,212.2805,211.995,212.19,191903
2026-08-29 15:39:00,212.21,212.2496,212.06,212.14,94581
2026-08-29 15:40:00,212.1435,212.19,212.0,212.0701,92097
2026-08-29 15:41:00,212.09,212.29,212.09,212.23,130475
2026-08-29 15:42:00,212.23,212.2694,212.06,212.085,107537
2026-08-29 15:43:00,212.0848,212.1199,211.9,211.995,114280
2026-08-29 15:44:00,211.99,212.11,211.97,211.97,62514
2026-08-29 15:45:00,211.98,212.06,211.8451,211.87,103808
2026-08-29 15:46:00,211.87,212.025,211.8234,211.882,90625
2026-08-29 15:47:00,211.86,211.9499,211.81,211.885,81882
2026-08-29 15:48:00,211.9,211.97,211.8901,211.9,53597
2026-08-29 15:49:00,211.92,212.2,211.86,212.17,126180
2026-08-29 15:50:00,212.18,212.88,212.18,212.7908,369844
2026-08-29 15:51:00,212.82,213.1599,212.72,213.06,389187
2026-08-29 15:52:00,213.08,213.089,212.7621,213.03,222259
2026-08-29 15:53:00,213.03,213.09,212.71,212.715,244244
2026-08-29 15:54:00,212.7,213.24,212.56,213.0905,281418
2026-08-29 15:55:00,213.13,214.0,213.1,213.905,600582
2026-08-29 15:56:00,213.89,214.2801,213.81,214.22,457407
2026-08-29 15:57:00,214.22,214.5701,214.22,214.28,528877
2026-08-29 15:58:00,214.28,214.33,214.02,214.28,583040
2026-08-29 15:59:00,214.29,214.4,214.062,214.18,931094
