timestamp,open,high,low,close,volume
2026-06-30 09:30:00,53.5604,53.6379,53.5604,53.6185,106995
2026-06-30 09:31:00,53.6185,53.6572,53.6088,53.6379,7241
2026-06-30 09:32:00,53.633,53.6572,53.633,53.6572,10569
2026-06-30 09:33:00,53.6572,53.6669,53.6313,53.6669,16418
2026-06-30 09:34:00,53.6621,53.7153,53.6427,53.7153,9715
2026-06-30 09:35:00,53.7153,53.754,53.7153,53.7444,16792
2026-06-30 09:36:00,53.7444,53.7831,53.7395,53.7686,23619
2026-06-30 09:37:00,53.7686,53.7734,53.7298,53.7298,21916
2026-06-30 09:38:00,53.725,53.7444,53.7153,53.7444,10076
2026-06-30 09:39:00,53.7347,53.7589,53.7347,53.7589,1590
2026-06-30 09:40:00,53.7637,53.8266,53.7637,53.8266,12111
2026-06-30 09:41:00,53.8218,53.846,53.8218,53.8412,4865
2026-06-30 09:42:00,53.8315,53.8508,53.8315,53.8508,5303
2026-06-30 09:43:00,53.8508,53.8508,53.8412,53.8412,2698
2026-06-30 09:44:00,53.8508,53.8606,53.8508,53.8605,2914
2026-06-30 09:45:00,53.8799,53.9186,53.8799,53.9041,9097
2026-06-30 09:46:00,53.9089,53.9095,53.8799,53.9089,16777
2026-06-30 09:47:00,53.8944,53.9089,53.8944,53.9089,5848
2026-06-30 09:48:00,53.9089,53.9089,53.8847,53.8944,10992
2026-06-30 09:49:00,53.8944,53.8944,53.8508,53.8605,7637
2026-06-30 09:50:00,53.8654,53.8702,53.8557,53.8557,6220
2026-06-30 09:51:00,53.8557,53.8557,53.8218,53.8315,5055
2026-06-30 09:52:00,53.8412,53.875,53.8412,53.8702,4700
2026-06-30 09:53:00,53.8702,53.9041,53.8508,53.8702,15823
2026-06-30 09:54:00,53.8799,53.8799,53.846,53.846,3767
2026-06-30 09:55:00,53.8412,53.846,53.8229,53.8231,3332
2026-06-30 09:56:00,53.8266,53.8315,53.8024,53.8024,4429
2026-06-30 09:57:00,53.8073,53.8121,53.8024,53.8024,1505
2026-06-30 09:58:00,53.8024,53.8218,53.7976,53.8121,1080
2026-06-30 09:59:00,53.8073,53.8105,53.7734,53.7734,3364
2026-06-30 10:00:00,53.7928,53.9186,53.7928,53.8896,38886
2026-06-30 10:01:00,53.8799,53.8799,53.846,53.846,5386
2026-06-30 10:02:00,53.8508,53.8508,53.7879,53.8024,6159
2026-06-30 10:03:00,53.8024,53.8315,53.7976,53.8266,5693
2026-06-30 10:04:00,53.8315,53.8315,53.8073,53.8121,3456
2026-06-30 10:05:00,53.8218,53.8508,53.7831,53.7922,8660
2026-06-30 10:06:00,53.7831,53.8121,53.7831,53.7928,5741
2026-06-30 10:07:00,53.7734,53.7734,53.7492,53.754,6791
2026-06-30 10:08:00,53.7589,53.7734,53.7395,53.7686,13448
2026-06-30 10:09:00,53.7734,53.7831,53.7589,53.7589,4467
2026-06-30 10:10:00,53.7444,53.754,53.7202,53.7298,14506
2026-06-30 10:11:00,53.7153,53.725,53.7008,53.7105,5831
2026-06-30 10:12:00,53.7153,53.754,53.696,53.7008,12924
2026-06-30 10:13:00,53.696,53.696,53.6766,53.6863,6532
2026-06-30 10:14:00,53.6863,53.696,53.6766,53.6863,14736
2026-06-30 10:15:00,53.6766,53.6766,53.6611,53.6669,4696
2026-06-30 10:16:00,53.6718,53.6718,53.6524,53.6524,7748
2026-06-30 10:17:00,53.6524,53.6621,53.6524,53.6524,2948
2026-06-30 10:18:00,53.6572,53.6621,53.6524,53.6524,2132
2026-06-30 10:19:00,53.6476,53.6476,53.6282,53.6427,4769
2026-06-30 10:20:00,53.6427,53.6427,53.6088,53.6088,4592
2026-06-30 10:21:00,53.604,53.6088,53.5846,53.5895,4414
2026-06-30 10:22:00,53.5701,53.5798,53.5524,53.575,6508
2026-06-30 10:23:00,53.5798,53.5846,53.5653,53.5653,4379
2026-06-30 10:24:00,53.5653,53.5653,53.5556,53.5604,2760
2026-06-30 10:25:00,53.5604,53.5895,53.5604,53.5798,7835
2026-06-30 10:26:00,53.575,53.5992,53.5701,53.5943,15249
2026-06-30 10:27:00,53.5895,53.604,53.5895,53.5895,2887
2026-06-30 10:28:00,53.5846,53.6234,53.5846,53.6185,2946
2026-06-30 10:29:00,53.6282,53.6282,53.6234,53.6234,1542
2026-06-30 10:30:00,53.6234,53.6669,53.6234,53.6476,14435
2026-06-30 10:31:00,53.6476,53.6476,53.6427,53.6427,2480
2026-06-30 10:32:00,53.6427,53.6475,53.6137,53.6282,3974
2026-06-30 10:33:00,53.6137,53.6185,53.5798,53.5895,15536
2026-06-30 10:34:00,53.5943,53.5943,53.5653,53.5701,6549
2026-06-30 10:35:00,53.5604,53.5604,53.5459,53.5508,3450
2026-06-30 10:36:00,53.5459,53.5556,53.5459,53.5459,5431
2026-06-30 10:37:00,53.5411,53.5556,53.5266,53.5411,15252
2026-06-30 10:38:00,53.5362,53.5508,53.5217,53.5508,9524
2026-06-30 10:39:00,53.5459,53.5508,53.5266,53.5314,15333
2026-06-30 10:40:00,53.5217,53.5217,53.5024,53.5024,7254
2026-06-30 10:41:00,53.4975,53.4975,53.4685,53.4685,6143
2026-06-30 10:42:00,53.4685,53.4685,53.4588,53.4588,8985
2026-06-30 10:43:00,53.4588,53.4588,53.4394,53.4394,3146
2026-06-30 10:44:00,53.4394,53.454,53.4152,53.4394,10618
2026-06-30 10:45:00,53.4394,53.4394,53.4104,53.4104,6645
2026-06-30 10:46:00,53.4298,53.4433,53.4152,53.4201,2252
2026-06-30 10:47:00,53.4104,53.4104,53.3959,53.4056,6035
2026-06-30 10:48:00,53.4007,53.4007,53.3717,53.3765,2389
2026-06-30 10:49:00,53.3765,53.3765,53.3572,53.3572,1258
2026-06-30 10:50:00,53.3572,53.3572,53.3475,53.3572,4346
2026-06-30 10:51:00,53.3572,53.3814,53.3426,53.3717,10774
2026-06-30 10:52:00,53.3765,53.3765,53.3603,53.3668,4047
2026-06-30 10:53:00,53.3668,53.3765,53.362,53.3717,2204
2026-06-30 10:54:00,53.3765,53.3765,53.3426,53.3426,1980
2026-06-30 10:55:00,53.3426,53.3668,53.3426,53.362,8481
2026-06-30 10:56:00,53.3668,53.3717,53.3387,53.3426,12617
2026-06-30 10:57:00,53.3475,53.3668,53.3475,53.3667,6195
2026-06-30 10:58:00,53.3717,53.4145,53.3597,53.4145,10785
2026-06-30 10:59:00,53.4104,53.4152,53.3765,53.3767,3698
2026-06-30 11:00:00,53.3765,53.3765,53.3426,53.3426,4803
2026-06-30 11:01:00,53.3391,53.3391,53.3378,53.3378,1318
2026-06-30 11:02:00,53.3475,53.3636,53.3475,53.3636,8120
2026-06-30 11:03:00,53.3668,53.3668,53.3572,53.3572,1103
2026-06-30 11:04:00,53.3523,53.3523,53.3378,53.3447,2613
2026-06-30 11:05:00,53.3426,53.3787,53.3426,53.3668,5646
2026-06-30 11:06:00,53.362,53.3765,53.3572,53.3572,4041
2026-06-30 11:07:00,53.362,53.3765,53.3572,53.3765,1946
2026-06-30 11:08:00,53.3765,53.3862,53.362,53.3668,4676
2026-06-30 11:09:00,53.3764,53.3765,53.3668,53.3765,1283
2026-06-30 11:10:00,53.3959,53.3959,53.3765,53.3765,3410
2026-06-30 11:11:00,53.3668,53.3814,53.3668,53.3765,7993
2026-06-30 11:12:00,53.3765,53.3862,53.3717,53.3765,5027
2026-06-30 11:13:00,53.3765,53.3862,53.3717,53.3717,1402
2026-06-30 11:14:00,53.3669,53.3669,53.3475,53.3523,2856
2026-06-30 11:15:00,53.3572,53.362,53.3523,53.3572,1916
2026-06-30 11:16:00,53.3475,53.3475,53.3475,53.3475,3674
2026-06-30 11:17:00,53.3378,53.3378,53.333,53.3378,2503
2026-06-30 11:18:00,53.3378,53.3378,53.3233,53.3281,3707
2026-06-30 11:19:00,53.3233,53.333,53.3233,53.333,1018
2026-06-30 11:20:00,53.3281,53.333,53.3088,53.3184,10907
2026-06-30 11:21:00,53.3184,53.3184,53.2991,53.2991,920
2026-06-30 11:22:00,53.2991,53.2991,53.2894,53.2894,1988
2026-06-30 11:23:00,53.2894,53.2894,53.27,53.27,3506
2026-06-30 11:24:00,53.2749,53.2749,53.2555,53.2555,6498
2026-06-30 11:25:00,53.2555,53.2749,53.2555,53.2749,5932
2026-06-30 11:26:00,53.27,53.2749,53.2652,53.2652,6940
2026-06-30 11:27:00,53.27,53.2749,53.2458,53.2458,2829
2026-06-30 11:28:00,53.2458,53.2652,53.2458,53.2652,4728
2026-06-30 11:29:00,53.2604,53.2604,53.2458,53.2555,2290
2026-06-30 11:30:00,53.2555,53.2604,53.241,53.241,2772
2026-06-30 11:31:00,53.241,53.241,53.2216,53.2362,8700
2026-06-30 11:32:00,53.2362,53.2458,53.2265,53.2362,5001
2026-06-30 11:33:00,53.2362,53.2507,53.2023,53.2071,9311
2026-06-30 11:34:00,53.212,53.2216,53.1248,53.1732,102623
2026-06-30 11:35:00,53.1684,53.2071,53.1684,53.2071,17156
2026-06-30 11:36:00,53.212,53.2216,53.1974,53.1974,10252
2026-06-30 11:37:00,53.1926,53.1926,53.1732,53.1732,3732
2026-06-30 11:38:00,53.1829,53.1974,53.1781,53.1974,4335
2026-06-30 11:39:00,53.1974,53.1974,53.1829,53.1829,2724
2026-06-30 11:40:00,53.1732,53.1781,53.1636,53.1636,1555
2026-06-30 11:41:00,53.149,53.149,53.1345,53.1345,2334
2026-06-30 11:42:00,53.1384,53.1539,53.1345,53.1345,3434
2026-06-30 11:43:00,53.1297,53.1297,53.1254,53.1254,676
2026-06-30 11:44:00,53.1284,53.1345,53.1103,53.1103,7574
2026-06-30 11:45:00,53.1103,53.1248,53.1103,53.1248,1493
2026-06-30 11:46:00,53.1152,53.1248,53.1152,53.1152,2598
2026-06-30 11:47:00,53.1248,53.1248,53.1055,53.1055,895
2026-06-30 11:48:00,53.1006,53.12,53.1006,53.12,1279
2026-06-30 11:49:00,53.12,53.1248,53.12,53.12,2046
2026-06-30 11:50:00,53.12,53.1248,53.1152,53.12,8271
2026-06-30 11:51:00,53.1248,53.1369,53.1248,53.1345,7129
2026-06-30 11:52:00,53.1348,53.1348,53.1345,53.1345,828
2026-06-30 11:53:00,53.135,53.1732,53.1345,53.154,14287
2026-06-30 11:54:00,53.1539,53.1539,53.1539,53.1539,591
2026-06-30 11:55:00,53.1539,53.1539,53.1394,53.1442,5573
2026-06-30 11:56:00,53.1443,53.1539,53.1443,53.1539,1189
2026-06-30 11:57:00,53.1442,53.1447,53.1442,53.1442,3426
2026-06-30 11:58:00,53.149,53.149,53.1297,53.1345,2182
2026-06-30 11:59:00,53.1297,53.1442,53.1249,53.1346,2393
2026-06-30 12:00:00,53.1248,53.1248,53.1152,53.12,949
2026-06-30 12:01:00,53.1152,53.1152,53.1055,53.1055,2869
2026-06-30 12:02:00,53.1055,53.1055,53.091,53.1055,2721
2026-06-30 12:03:00,53.1103,53.1103,53.1006,53.1055,1508
2026-06-30 12:04:00,53.096,53.1006,53.096,53.1006,500
2026-06-30 12:05:00,53.1055,53.1152,53.1055,53.1103,1779
2026-06-30 12:06:00,53.1103,53.1152,53.1055,53.1055,1040
2026-06-30 12:07:00,53.1057,53.1152,53.1057,53.1152,912
2026-06-30 12:09:00,53.1159,53.1248,53.1159,53.1248,689
2026-06-30 12:10:00,53.1248,53.1297,53.1248,53.1248,1307
2026-06-30 12:11:00,53.1248,53.1345,53.1248,53.1345,1175
2026-06-30 12:12:00,53.1345,53.1345,53.1345,53.1345,1479
2026-06-30 12:13:00,53.1248,53.1248,53.1055,53.1152,2635
2026-06-30 12:14:00,53.1055,53.1055,53.1055,53.1055,509
2026-06-30 12:15:00,53.1103,53.1152,53.1103,53.1152,401
2026-06-30 12:16:00,53.1152,53.1152,53.1055,53.1055,2838
2026-06-30 12:17:00,53.1055,53.1152,53.1055,53.1152,2270
2026-06-30 12:18:00,53.1152,53.1152,53.1055,53.1152,4345
2026-06-30 12:19:00,53.1248,53.1248,53.1248,53.1248,274
2026-06-30 12:20:00,53.12,53.1248,53.1152,53.12,649
2026-06-30 12:21:00,53.12,53.12,53.1152,53.1152,723
2026-06-30 12:22:00,53.1224,53.1248,53.1224,53.1248,316
2026-06-30 12:23:00,53.12,53.12,53.12,53.12,4325
2026-06-30 12:24:00,53.12,53.1248,53.12,53.1248,5352
2026-06-30 12:25:00,53.125,53.149,53.125,53.149,3959
2026-06-30 12:26:00,53.149,53.149,53.1442,53.1442,2032
2026-06-30 12:27:00,53.1442,53.1442,53.1442,53.1442,260
2026-06-30 12:28:00,53.1394,53.149,53.1394,53.149,1686
2026-06-30 12:29:00,53.149,53.1539,53.149,53.1519,2862
2026-06-30 12:30:00,53.149,53.149,53.1442,53.1442,4515
2026-06-30 12:31:00,53.1539,53.1539,53.149,53.149,531
2026-06-30 12:32:00,53.1442,53.1539,53.1442,53.149,1440
2026-06-30 12:33:00,53.1503,53.1503,53.1443,53.1443,643
2026-06-30 12:34:00,53.1442,53.1515,53.1442,53.1442,823
2026-06-30 12:35:00,53.1442,53.1442,53.1345,53.1394,1775
2026-06-30 12:37:00,53.1394,53.1394,53.1152,53.1152,5698
2026-06-30 12:38:00,53.1152,53.149,53.1152,53.149,11637
2026-06-30 12:39:00,53.149,53.149,53.1345,53.1345,1385
2026-06-30 12:40:00,53.1442,53.1539,53.1394,53.1444,6194
2026-06-30 12:41:00,53.1442,53.1442,53.1352,53.1394,4111
2026-06-30 12:42:00,53.1423,53.1442,53.1365,53.1365,2160
2026-06-30 12:43:00,53.1345,53.1345,53.1248,53.1248,1267
2026-06-30 12:44:00,53.1177,53.1229,53.1103,53.1229,2101
2026-06-30 12:45:00,53.1152,53.1152,53.0997,53.0997,1593
2026-06-30 12:46:00,53.1152,53.1152,53.1006,53.1006,2068
2026-06-30 12:47:00,53.0958,53.0959,53.0958,53.0958,988
2026-06-30 12:48:00,53.0958,53.0958,53.0813,53.0837,2661
2026-06-30 12:49:00,53.091,53.0934,53.0862,53.0862,1118
2026-06-30 12:50:00,53.0958,53.0958,53.0861,53.091,6220
2026-06-30 12:51:00,53.0861,53.0861,53.0861,53.0861,551
2026-06-30 12:52:00,53.0861,53.0861,53.0764,53.0764,1058
2026-06-30 12:53:00,53.0764,53.0764,53.0571,53.0571,2407
2026-06-30 12:54:00,53.0668,53.0668,53.0619,53.0619,340
2026-06-30 12:55:00,53.0619,53.0668,53.0571,53.0619,1620
2026-06-30 12:56:00,53.0619,53.0668,53.0572,53.0572,1079
2026-06-30 12:57:00,53.0668,53.0716,53.0668,53.0716,665
2026-06-30 12:58:00,53.0764,53.086,53.0764,53.086,1791
2026-06-30 12:59:00,53.0861,53.0958,53.0813,53.0958,1428
2026-06-30 13:00:00,53.091,53.0958,53.091,53.0958,2221
2026-06-30 13:01:00,53.091,53.091,53.091,53.091,365
2026-06-30 13:02:00,53.0861,53.0861,53.0813,53.0813,1435
2026-06-30 13:04:00,53.0861,53.0862,53.0861,53.0861,2754
2026-06-30 13:05:00,53.0813,53.1006,53.0813,53.1006,3308
2026-06-30 13:06:00,53.1006,53.1006,53.1006,53.1006,348
2026-06-30 13:07:00,53.1055,53.1152,53.1055,53.1103,1648
2026-06-30 13:08:00,53.1248,53.1248,53.1248,53.1248,1020
2026-06-30 13:09:00,53.1248,53.1297,53.1248,53.1297,831
2026-06-30 13:10:00,53.1345,53.1394,53.1345,53.1394,1359
2026-06-30 13:11:00,53.1345,53.1394,53.1345,53.1353,632
2026-06-30 13:12:00,53.1345,53.1437,53.1345,53.1394,6347
2026-06-30 13:13:00,53.1346,53.1346,53.1346,53.1346,784
2026-06-30 13:14:00,53.1394,53.1442,53.1353,53.1394,2323
2026-06-30 13:16:00,53.149,53.149,53.1394,53.1394,3614
2026-06-30 13:17:00,53.1346,53.1346,53.1345,53.1345,927
2026-06-30 13:18:00,53.1394,53.1428,53.1394,53.1428,1167
2026-06-30 13:19:00,53.1394,53.1394,53.1394,53.1394,569
2026-06-30 13:20:00,53.1442,53.149,53.1394,53.1394,2915
2026-06-30 13:21:00,53.1345,53.1345,53.12,53.12,1010
2026-06-30 13:22:00,53.12,53.1224,53.12,53.1224,657
2026-06-30 13:23:00,53.1152,53.1345,53.1103,53.1297,5977
2026-06-30 13:24:00,53.1265,53.1265,53.1265,53.1265,492
2026-06-30 13:25:00,53.1297,53.1442,53.1297,53.1345,3058
2026-06-30 13:26:00,53.1345,53.1345,53.1297,53.1297,800
2026-06-30 13:27:00,53.1345,53.1345,53.1345,53.1345,366
2026-06-30 13:28:00,53.1345,53.1394,53.1345,53.1394,1151
2026-06-30 13:29:00,53.1394,53.1394,53.1297,53.1297,714
2026-06-30 13:30:00,53.1248,53.1248,53.1103,53.1248,1592
2026-06-30 13:31:00,53.1152,53.12,53.1103,53.1162,4438
2026-06-30 13:32:00,53.1248,53.1248,53.12,53.12,3662
2026-06-30 13:33:00,53.1248,53.1248,53.1152,53.12,611
2026-06-30 13:34:00,53.1152,53.1163,53.1152,53.1163,446
2026-06-30 13:35:00,53.12,53.1297,53.12,53.1248,2259
2026-06-30 13:36:00,53.1248,53.1321,53.1248,53.1321,1737
2026-06-30 13:37:00,53.1248,53.1394,53.1248,53.1394,1789
2026-06-30 13:38:00,53.1345,53.1394,53.1248,53.1345,3088
2026-06-30 13:39:00,53.1345,53.1345,53.1249,53.1345,1848
2026-06-30 13:40:00,53.1345,53.1345,53.1297,53.1297,1737
2026-06-30 13:41:00,53.1254,53.1344,53.1248,53.1344,2049
2026-06-30 13:42:00,53.1297,53.1297,53.1152,53.1168,1247
2026-06-30 13:43:00,53.12,53.1248,53.12,53.1248,2804
2026-06-30 13:44:00,53.1248,53.1248,53.1171,53.1248,1974
2026-06-30 13:45:00,53.1152,53.1297,53.1152,53.1297,1458
2026-06-30 13:46:00,53.1297,53.1297,53.1248,53.1248,1704
2026-06-30 13:48:00,53.1248,53.1248,53.12,53.1248,2684
2026-06-30 13:50:00,53.1248,53.1248,53.12,53.12,2442
2026-06-30 13:51:00,53.1152,53.1152,53.0958,53.0958,2728
2026-06-30 13:52:00,53.1055,53.1055,53.1006,53.1006,1729
2026-06-30 13:53:00,53.1103,53.1103,53.097,53.1006,3151
2026-06-30 13:54:00,53.0958,53.1055,53.0958,53.1006,943
2026-06-30 13:55:00,53.0958,53.1006,53.0861,53.0922,1671
2026-06-30 13:56:00,53.0861,53.091,53.0764,53.0861,5737
2026-06-30 13:57:00,53.0861,53.0861,53.0813,53.0861,1491
2026-06-30 13:58:00,53.0861,53.0861,53.0765,53.0813,1072
2026-06-30 13:59:00,53.091,53.0958,53.091,53.091,1436
2026-06-30 14:00:00,53.091,53.091,53.0813,53.0861,2060
2026-06-30 14:01:00,53.0861,53.0861,53.0764,53.0764,2245
2026-06-30 14:02:00,53.0813,53.0837,53.0716,53.0716,1770
2026-06-30 14:03:00,53.0716,53.0716,53.0716,53.0716,415
2026-06-30 14:04:00,53.0668,53.0716,53.0619,53.0716,5443
2026-06-30 14:05:00,53.0716,53.0764,53.0668,53.0668,3524
2026-06-30 14:06:00,53.0716,53.0764,53.0619,53.0619,8006
2026-06-30 14:07:00,53.0668,53.0764,53.0668,53.0716,2242
2026-06-30 14:08:00,53.0716,53.0764,53.0716,53.0716,4401
2026-06-30 14:09:00,53.0716,53.0764,53.0619,53.0619,4057
2026-06-30 14:10:00,53.0571,53.0571,53.0522,53.0571,1393
2026-06-30 14:11:00,53.0571,53.0646,53.0571,53.0619,2652
2026-06-30 14:12:00,53.0668,53.0716,53.0668,53.0668,2989
2026-06-30 14:13:00,53.0619,53.0619,53.0619,53.0619,865
2026-06-30 14:14:00,53.0571,53.0728,53.0571,53.0668,9259
2026-06-30 14:15:00,53.0668,53.084,53.0668,53.0765,4173
2026-06-30 14:16:00,53.0764,53.0764,53.0668,53.0668,2345
2026-06-30 14:17:00,53.0716,53.0716,53.0668,53.0668,2139
2026-06-30 14:18:00,53.0668,53.0716,53.0572,53.0619,3755
2026-06-30 14:19:00,53.0668,53.0668,53.0522,53.0522,3183
2026-06-30 14:20:00,53.0571,53.0571,53.0522,53.0522,3222
2026-06-30 14:21:00,53.0571,53.0571,53.0474,53.0474,1586
2026-06-30 14:22:00,53.0571,53.0571,53.0522,53.0522,1169
2026-06-30 14:23:00,53.0499,53.0716,53.0499,53.0706,5706
2026-06-30 14:24:00,53.0764,53.0764,53.0716,53.0716,440
2026-06-30 14:25:00,53.0716,53.0764,53.0716,53.0764,2138
2026-06-30 14:26:00,53.0764,53.0764,53.0619,53.0619,3887
2026-06-30 14:27:00,53.0571,53.0619,53.0522,53.0619,2751
2026-06-30 14:28:00,53.0619,53.0667,53.0571,53.0619,1562
2026-06-30 14:29:00,53.0571,53.0716,53.0571,53.0716,3070
2026-06-30 14:30:00,53.0716,53.0716,53.0571,53.0571,2667
2026-06-30 14:31:00,53.0571,53.0571,53.0474,53.0522,1231
2026-06-30 14:32:00,53.0571,53.0667,53.0571,53.0572,2825
2026-06-30 14:33:00,53.0619,53.0619,53.0522,53.0522,6217
2026-06-30 14:34:00,53.0522,53.0619,53.0522,53.0571,3942
2026-06-30 14:35:00,53.0571,53.0571,53.0571,53.0571,782
2026-06-30 14:36:00,53.0571,53.0619,53.0571,53.0571,4627
2026-06-30 14:37:00,53.0522,53.0619,53.0522,53.0619,6256
2026-06-30 14:38:00,53.0595,53.0619,53.0595,53.0619,588
2026-06-30 14:39:00,53.0571,53.0619,53.0571,53.0572,1845
2026-06-30 14:40:00,53.0571,53.0619,53.0571,53.0572,3482
2026-06-30 14:41:00,53.0571,53.0668,53.0522,53.0619,12440
2026-06-30 14:42:00,53.0619,53.0668,53.0619,53.0619,2701
2026-06-30 14:43:00,53.0619,53.0668,53.0619,53.0668,1551
2026-06-30 14:44:00,53.0619,53.0668,53.0619,53.0668,322
2026-06-30 14:45:00,53.0619,53.0668,53.0571,53.0571,2097
2026-06-30 14:46:00,53.0619,53.0619,53.0474,53.0522,4761
2026-06-30 14:47:00,53.0522,53.0522,53.028,53.0425,6802
2026-06-30 14:48:00,53.0401,53.0449,53.0378,53.0378,1959
2026-06-30 14:49:00,53.0377,53.0474,53.0377,53.0474,1698
2026-06-30 14:50:00,53.0522,53.0522,53.0522,53.0522,1144
2026-06-30 14:51:00,53.0571,53.0667,53.0522,53.0522,3560
2026-06-30 14:52:00,53.0571,53.0571,53.0474,53.0571,2257
2026-06-30 14:53:00,53.0493,53.0571,53.0493,53.0522,4085
2026-06-30 14:54:00,53.0522,53.0619,53.0522,53.0619,1787
2026-06-30 14:55:00,53.0571,53.0571,53.0475,53.0475,5473
2026-06-30 14:56:00,53.0522,53.0619,53.0522,53.0619,3902
2026-06-30 14:57:00,53.0571,53.0571,53.0474,53.0522,2550
2026-06-30 14:58:00,53.0474,53.0522,53.0474,53.0474,1159
2026-06-30 14:59:00,53.0513,53.0522,53.0474,53.0474,1243
2026-06-30 15:00:00,53.0474,53.0571,53.0474,53.0571,2139
2026-06-30 15:01:00,53.0571,53.0619,53.0571,53.0619,2153
2026-06-30 15:03:00,53.0632,53.0632,53.0571,53.0619,1494
2026-06-30 15:04:00,53.0571,53.0668,53.0571,53.0668,1799
2026-06-30 15:05:00,53.0764,53.0813,53.0716,53.0764,4004
2026-06-30 15:06:00,53.0716,53.086,53.0716,53.0813,2992
2026-06-30 15:07:00,53.0764,53.0764,53.0668,53.0668,3087
2026-06-30 15:08:00,53.0763,53.0763,53.0571,53.0571,4255
2026-06-30 15:09:00,53.0619,53.0745,53.0619,53.0677,3086
2026-06-30 15:10:00,53.0668,53.0813,53.0668,53.0764,2070
2026-06-30 15:11:00,53.0813,53.0813,53.0582,53.0582,2207
2026-06-30 15:12:00,53.0667,53.0667,53.0667,53.0667,491
2026-06-30 15:13:00,53.0668,53.0668,53.0587,53.0619,1219
2026-06-30 15:14:00,53.0668,53.0668,53.0571,53.0668,2960
2026-06-30 15:15:00,53.0619,53.0643,53.0522,53.0522,10166
2026-06-30 15:16:00,53.0522,53.0571,53.0474,53.0474,4721
2026-06-30 15:17:00,53.0474,53.0522,53.0474,53.0522,2843
2026-06-30 15:18:00,53.0522,53.0522,53.049,53.0522,1266
2026-06-30 15:19:00,53.0474,53.0474,53.0425,53.0425,2533
2026-06-30 15:20:00,53.0425,53.0425,53.028,53.028,3389
2026-06-30 15:21:00,53.0232,53.0329,53.0183,53.0284,5700
2026-06-30 15:22:00,53.028,53.028,53.0183,53.0183,3720
2026-06-30 15:23:00,53.0183,53.0232,53.0183,53.0183,1002
2026-06-30 15:24:00,53.0135,53.0279,53.0135,53.0232,4669
2026-06-30 15:25:00,53.0087,53.0135,52.9554,52.9845,67100
2026-06-30 15:26:00,52.9845,52.9941,52.9699,52.971,13074
2026-06-30 15:27:00,52.9748,52.9796,52.9506,52.9567,9349
2026-06-30 15:28:00,52.9554,52.9603,52.9554,52.9554,1290
2026-06-30 15:29:00,52.9554,52.9651,52.9554,52.9651,3995
2026-06-30 15:30:00,52.9603,52.9699,52.952,52.952,7488
2026-06-30 15:31:00,52.9554,52.9651,52.9554,52.9554,6484
2026-06-30 15:32:00,52.9522,52.9554,52.9457,52.9457,4954
2026-06-30 15:33:00,52.9457,52.9554,52.9457,52.9554,3924
2026-06-30 15:34:00,52.9554,52.9651,52.9545,52.9554,8517
2026-06-30 15:35:00,52.9554,52.9554,52.9457,52.9554,6661
2026-06-30 15:36:00,52.9554,52.9566,52.9409,52.9457,16466
2026-06-30 15:37:00,52.9409,52.9554,52.9361,52.9506,4624
2026-06-30 15:38:00,52.9554,52.9554,52.9361,52.9409,6757
2026-06-30 15:39:00,52.9409,52.9603,52.9361,52.9554,18512
2026-06-30 15:40:00,52.9554,52.9603,52.9506,52.9554,9792
2026-06-30 15:41:00,52.9506,52.9603,52.9506,52.9554,3755
2026-06-30 15:42:00,52.9506,52.9651,52.9506,52.9603,10601
2026-06-30 15:43:00,52.9603,52.9699,52.9554,52.9554,15145
2026-06-30 15:44:00,52.9554,52.9554,52.9409,52.9457,4783
2026-06-30 15:45:00,52.9457,52.9506,52.9361,52.9457,15668
2026-06-30 15:46:00,52.9409,52.9554,52.9409,52.9457,6433
2026-06-30 15:47:00,52.9409,52.9651,52.9409,52.9651,18674
2026-06-30 15:48:00,52.9603,52.9699,52.9603,52.9651,3854
2026-06-30 15:49:00,52.9603,53.0087,52.9554,53.0087,25983
2026-06-30 15:50:00,53.0087,53.0135,52.9845,52.9845,33165
2026-06-30 15:51:00,52.999,53.0135,52.9899,53.0038,11893
2026-06-30 15:52:00,52.999,53.0038,52.9893,52.9893,12729
2026-06-30 15:53:00,52.9893,52.9941,52.9796,52.9845,10455
2026-06-30 15:54:00,52.9845,52.999,52.9845,52.999,9115
2026-06-30 15:55:00,52.999,53.0135,52.9893,52.9941,27862
2026-06-30 15:56:00,52.999,53.0062,52.9893,52.999,15105
2026-06-30 15:57:00,52.9941,52.9941,52.9796,52.9941,29612
2026-06-30 15:58:00,52.9941,52.999,52.9796,52.9845,22238
2026-06-30 15:59:00,52.9796,52.9796,52.9409,52.9457,77389
2026-07-01 09:30:00,52.757,52.786,52.7376,52.7763,21927
2026-07-01 09:31:00,52.757,52.7715,52.7183,52.7183,7820
2026-07-01 09:32:00,52.7376,52.7763,52.7376,52.757,7284
2026-07-01 09:33:00,52.7376,52.7473,52.7183,52.7376,5832
2026-07-01 09:34:00,52.7473,52.7957,52.7473,52.7909,4367
2026-07-01 09:35:00,52.8005,52.8441,52.7957,52.7957,21354
2026-07-01 09:36:00,52.786,52.8441,52.786,52.8344,19189
2026-07-01 09:37:00,52.8054,52.8054,52.7812,52.7812,11789
2026-07-01 09:38:00,52.786,52.7913,52.7618,52.7715,7285
2026-07-01 09:39:00,52.7763,52.8054,52.7763,52.7957,6008
2026-07-01 09:40:00,52.8005,52.8199,52.786,52.8151,19257
2026-07-01 09:41:00,52.8151,52.8151,52.8102,52.8151,1046
2026-07-01 09:42:00,52.8151,52.8151,52.7909,52.8054,9063
2026-07-01 09:43:00,52.8054,52.8247,52.786,52.786,11637
2026-07-01 09:44:00,52.786,52.786,52.7763,52.786,2061
2026-07-01 09:45:00,52.7957,52.7957,52.7812,52.7956,5409
2026-07-01 09:46:00,52.7957,52.8005,52.786,52.7957,8494
2026-07-01 09:47:00,52.8005,52.8151,52.7957,52.8151,7828
2026-07-01 09:48:00,52.8247,52.8247,52.786,52.786,11324
2026-07-01 09:49:00,52.7957,52.8151,52.7909,52.8151,3443
2026-07-01 09:50:00,52.8054,52.8054,52.8054,52.8054,1864
2026-07-01 09:51:00,52.7957,52.8151,52.7957,52.8054,4230
2026-07-01 09:52:00,52.8054,52.8296,52.8054,52.8247,6607
2026-07-01 09:53:00,52.8296,52.8344,52.8199,52.8296,3944
2026-07-01 09:54:00,52.8344,52.8538,52.8344,52.8538,7844
2026-07-01 09:55:00,52.8489,52.8731,52.8296,52.8296,4313
2026-07-01 09:56:00,52.8247,52.8247,52.7957,52.7957,5987
2026-07-01 09:57:00,52.8005,52.8344,52.8005,52.8199,4084
2026-07-01 09:58:00,52.8247,52.8296,52.8199,52.8247,4207
2026-07-01 09:59:00,52.8296,52.8296,52.8151,52.8151,6407
2026-07-01 10:00:00,52.8247,52.8247,52.7376,52.7376,25803
2026-07-01 10:01:00,52.757,52.7618,52.7473,52.7473,1752
2026-07-01 10:02:00,52.7473,52.7715,52.7473,52.7618,2519
2026-07-01 10:03:00,52.7667,52.7667,52.7521,52.7521,5788
2026-07-01 10:04:00,52.7473,52.7473,52.7328,52.7473,3403
2026-07-01 10:05:00,52.7473,52.7763,52.7473,52.757,6478
2026-07-01 10:06:00,52.757,52.7618,52.7521,52.757,3872
2026-07-01 10:07:00,52.7521,52.757,52.7425,52.7521,2363
2026-07-01 10:08:00,52.7521,52.757,52.7183,52.7376,5369
2026-07-01 10:09:00,52.7328,52.7376,52.7279,52.7279,2771
2026-07-01 10:10:00,52.7279,52.7328,52.7134,52.7183,2203
2026-07-01 10:11:00,52.7183,52.7183,52.6892,52.6892,2356
2026-07-01 10:12:00,52.6989,52.6989,52.6892,52.6989,3864
2026-07-01 10:13:00,52.7086,52.7086,52.665,52.665,5858
2026-07-01 10:14:00,52.6795,52.7037,52.6747,52.6844,6053
2026-07-01 10:15:00,52.6941,52.6989,52.6892,52.6989,4638
2026-07-01 10:16:00,52.7086,52.7279,52.6989,52.6989,5196
2026-07-01 10:17:00,52.6989,52.7134,52.6989,52.7086,5783
2026-07-01 10:18:00,52.6989,52.6989,52.6892,52.6892,3381
2026-07-01 10:19:00,52.6989,52.7086,52.6941,52.6989,4535
2026-07-01 10:20:00,52.6989,52.7183,52.6989,52.7134,10233
2026-07-01 10:21:00,52.7183,52.7473,52.7183,52.7376,3268
2026-07-01 10:22:00,52.7376,52.757,52.7279,52.757,2823
2026-07-01 10:23:00,52.757,52.757,52.7376,52.7376,2987
2026-07-01 10:24:00,52.7279,52.7279,52.7086,52.7086,2970
2026-07-01 10:25:00,52.7134,52.7473,52.7086,52.7473,5079
2026-07-01 10:26:00,52.757,52.7763,52.757,52.7763,7032
2026-07-01 10:27:00,52.7763,52.7763,52.7692,52.7692,663
2026-07-01 10:28:00,52.7763,52.7812,52.7763,52.7812,2847
2026-07-01 10:29:00,52.786,52.8054,52.786,52.8054,3895
2026-07-01 10:30:00,52.8199,52.8247,52.8151,52.8247,2166
2026-07-01 10:31:00,52.8344,52.8441,52.8344,52.8441,5882
2026-07-01 10:32:00,52.8344,52.8393,52.8344,52.8344,1008
2026-07-01 10:33:00,52.8393,52.8442,52.8393,52.8441,1356
2026-07-01 10:34:00,52.8441,52.8538,52.8441,52.8538,3322
2026-07-01 10:35:00,52.8538,52.8538,52.8441,52.8441,1384
2026-07-01 10:36:00,52.8441,52.8538,52.8441,52.8538,1284
2026-07-01 10:37:00,52.8635,52.8722,52.8586,52.8722,2212
2026-07-01 10:38:00,52.8828,52.8828,52.8635,52.8635,4150
2026-07-01 10:39:00,52.8635,52.8635,52.8635,52.8635,3446
2026-07-01 10:40:00,52.8538,52.8538,52.8536,52.8538,3301
2026-07-01 10:41:00,52.8441,52.8441,52.8393,52.8441,2954
2026-07-01 10:42:00,52.8344,52.8538,52.8344,52.8538,3434
2026-07-01 10:43:00,52.8344,52.8344,52.8247,52.8247,799
2026-07-01 10:44:00,52.8054,52.8102,52.7909,52.7909,1679
2026-07-01 10:45:00,52.7957,52.8151,52.7957,52.8151,2367
2026-07-01 10:47:00,52.8344,52.8344,52.8199,52.8199,3336
2026-07-01 10:48:00,52.8151,52.8151,52.8151,52.8151,1123
2026-07-01 10:49:00,52.8247,52.8247,52.8247,52.8247,1869
2026-07-01 10:50:00,52.8296,52.8489,52.8296,52.8441,3754
2026-07-01 10:51:00,52.8393,52.8441,52.8344,52.8344,1346
2026-07-01 10:52:00,52.8344,52.8489,52.8344,52.8489,5321
2026-07-01 10:53:00,52.8442,52.8635,52.8442,52.8586,3201
2026-07-01 10:54:00,52.8586,52.8828,52.8586,52.8828,2655
2026-07-01 10:55:00,52.8925,52.9022,52.8925,52.9022,2720
2026-07-01 10:56:00,52.9022,52.9022,52.8925,52.8925,6329
2026-07-01 10:57:00,52.9022,52.9022,52.8925,52.9022,3359
2026-07-01 10:58:00,52.8925,52.8973,52.8925,52.8925,2310
2026-07-01 10:59:00,52.9022,52.907,52.8731,52.8731,9331
2026-07-01 11:00:00,52.8731,52.8901,52.8731,52.8901,2684
2026-07-01 11:01:00,52.8925,52.8925,52.8925,52.8925,950
2026-07-01 11:02:00,52.9102,52.9102,52.9102,52.9102,293
2026-07-01 11:03:00,52.9119,52.9312,52.9119,52.9119,10779
2026-07-01 11:04:00,52.9119,52.9167,52.9119,52.9119,8903
2026-07-01 11:05:00,52.907,52.9215,52.9057,52.9215,1619
2026-07-01 11:06:00,52.9264,52.9312,52.9264,52.9312,4014
2026-07-01 11:07:00,52.9312,52.9312,52.9264,52.9264,3271
2026-07-01 11:08:00,52.9312,52.9312,52.9312,52.9312,610
2026-07-01 11:10:00,52.9312,52.9361,52.9215,52.9361,4157
2026-07-01 11:11:00,52.9312,52.9399,52.9264,52.9312,4428
2026-07-01 11:13:00,52.9409,52.9409,52.9361,52.9361,2003
2026-07-01 11:14:00,52.9361,52.9457,52.9361,52.9457,1993
2026-07-01 11:15:00,52.9457,52.9506,52.9312,52.9312,7736
2026-07-01 11:16:00,52.9312,52.9312,52.9211,52.9211,2001
2026-07-01 11:17:00,52.9119,52.9119,52.8973,52.8973,1710
2026-07-01 11:18:00,52.8925,52.9119,52.8925,52.9119,6177
2026-07-01 11:19:00,52.9119,52.9167,52.9118,52.9118,2037
2026-07-01 11:20:00,52.9119,52.9312,52.9119,52.9312,3158
2026-07-01 11:21:00,52.9312,52.9312,52.9248,52.9312,1372
2026-07-01 11:22:00,52.9312,52.9361,52.9167,52.9167,7139
2026-07-01 11:23:00,52.9119,52.9167,52.9022,52.9022,3007
2026-07-01 11:24:00,52.9119,52.9215,52.9022,52.907,9601
2026-07-01 11:25:00,52.907,52.9264,52.907,52.9215,8444
2026-07-01 11:26:00,52.9215,52.9312,52.9215,52.9312,1699
2026-07-01 11:27:00,52.9409,52.9457,52.9312,52.9409,3846
2026-07-01 11:28:00,52.9409,52.9409,52.9215,52.9215,3395
2026-07-01 11:29:00,52.9215,52.9312,52.9119,52.9264,7443
2026-07-01 11:30:00,52.9264,52.9409,52.9167,52.9215,4810
2026-07-01 11:31:00,52.9215,52.9311,52.9023,52.9023,1813
2026-07-01 11:32:00,52.907,52.907,52.8731,52.8731,1889
2026-07-01 11:33:00,52.8635,52.8828,52.8586,52.8586,9004
2026-07-01 11:34:00,52.8538,52.8828,52.8344,52.8828,40371
2026-07-01 11:35:00,52.8973,52.907,52.8925,52.907,4477
2026-07-01 11:36:00,52.907,52.9119,52.9022,52.907,3740
2026-07-01 11:37:00,52.9022,52.907,52.8973,52.907,6714
2026-07-01 11:38:00,52.907,52.9119,52.8973,52.907,7145
2026-07-01 11:39:00,52.9022,52.9023,52.9022,52.9022,577
2026-07-01 11:40:00,52.907,52.907,52.907,52.907,683
2026-07-01 11:41:00,52.9119,52.9119,52.9022,52.9119,944
2026-07-01 11:42:00,52.9119,52.9119,52.8877,52.8877,4960
2026-07-01 11:43:00,52.8925,52.8925,52.878,52.8793,4183
2026-07-01 11:44:00,52.8731,52.8877,52.8731,52.8877,833
2026-07-01 11:45:00,52.8877,52.8925,52.8877,52.8925,1918
2026-07-01 11:46:00,52.8915,52.8925,52.8828,52.8828,2543
2026-07-01 11:47:00,52.8828,52.8828,52.8828,52.8828,315
2026-07-01 11:48:00,52.8925,52.8973,52.8925,52.8925,865
2026-07-01 11:49:00,52.9022,52.908,52.9022,52.9022,1232
2026-07-01 11:50:00,52.8984,52.8984,52.8984,52.8984,362
2026-07-01 11:51:00,52.8973,52.9022,52.8973,52.8973,1818
2026-07-01 11:52:00,52.9022,52.9022,52.894,52.8973,1328
2026-07-01 11:53:00,52.907,52.907,52.9022,52.9022,1335
2026-07-01 11:54:00,52.9022,52.907,52.9022,52.9023,731
2026-07-01 11:55:00,52.8828,52.8877,52.8731,52.878,2311
2026-07-01 11:56:00,52.8785,52.8877,52.8731,52.8877,10759
2026-07-01 11:57:00,52.8877,52.8877,52.8877,52.8877,886
2026-07-01 11:58:00,52.8973,52.907,52.8973,52.907,1530
2026-07-01 11:59:00,52.9118,52.9119,52.907,52.907,6798
2026-07-01 12:00:00,52.907,52.907,52.8925,52.9022,1480
2026-07-01 12:01:00,52.8877,52.8925,52.8828,52.8828,1857
2026-07-01 12:03:00,52.8731,52.8731,52.8731,52.8731,907
2026-07-01 12:04:00,52.8635,52.8645,52.8635,52.8645,527
2026-07-01 12:05:00,52.8635,52.8635,52.8538,52.8635,3152
2026-07-01 12:06:00,52.8539,52.8635,52.8539,52.8635,1685
2026-07-01 12:07:00,52.8683,52.8683,52.8683,52.8683,490
2026-07-01 12:08:00,52.8731,52.8731,52.8731,52.8731,700
2026-07-01 12:09:00,52.8748,52.8828,52.8748,52.8828,1460
2026-07-01 12:10:00,52.878,52.878,52.878,52.878,520
2026-07-01 12:11:00,52.8925,52.9022,52.8925,52.8925,2684
2026-07-01 12:12:00,52.8925,52.8925,52.8925,52.8925,160
2026-07-01 12:13:00,52.8829,52.8829,52.8828,52.8828,2851
2026-07-01 12:14:00,52.8828,52.8925,52.8828,52.8828,2217
2026-07-01 12:15:00,52.8828,52.8828,52.8828,52.8828,390
2026-07-01 12:16:00,52.8925,52.9022,52.8925,52.8973,5671
2026-07-01 12:17:00,52.8973,52.8973,52.8973,52.8973,321
2026-07-01 12:18:00,52.8969,52.9022,52.8969,52.9022,772
2026-07-01 12:19:00,52.8969,52.8969,52.8969,52.8969,311
2026-07-01 12:20:00,52.8926,52.8926,52.8925,52.8925,1085
2026-07-01 12:21:00,52.8925,52.8925,52.8925,52.8925,630
2026-07-01 12:22:00,52.8925,52.9007,52.8925,52.9007,1565
2026-07-01 12:24:00,52.9021,52.907,52.9021,52.907,6132
2026-07-01 12:25:00,52.9022,52.9022,52.9022,52.9022,552
2026-07-01 12:26:00,52.9022,52.9167,52.9022,52.9167,1914
2026-07-01 12:27:00,52.9167,52.9167,52.9119,52.9119,1469
2026-07-01 12:28:00,52.9136,52.9136,52.9136,52.9136,186
2026-07-01 12:29:00,52.9167,52.9167,52.9135,52.9167,1544
2026-07-01 12:31:00,52.9215,52.9215,52.9215,52.9215,602
2026-07-01 12:32:00,52.9167,52.9215,52.9119,52.9215,1266
2026-07-01 12:33:00,52.9167,52.9215,52.9167,52.9215,1207
2026-07-01 12:35:00,52.9119,52.9119,52.9119,52.9119,188
2026-07-01 12:36:00,52.912,52.9167,52.9119,52.9167,1081
2026-07-01 12:37:00,52.9167,52.9179,52.9167,52.9179,492
2026-07-01 12:39:00,52.9215,52.9215,52.9119,52.9119,1159
2026-07-01 12:40:00,52.9119,52.9167,52.9119,52.9167,5396
2026-07-01 12:41:00,52.9119,52.9119,52.9022,52.9022,2335
2026-07-01 12:42:00,52.9021,52.9021,52.9021,52.9021,219
2026-07-01 12:44:00,52.8925,52.9022,52.8925,52.9022,993
2026-07-01 12:46:00,52.9022,52.9022,52.9022,52.9022,415
2026-07-01 12:48:00,52.907,52.907,52.9022,52.9022,450
2026-07-01 12:49:00,52.9119,52.9119,52.9119,52.9119,767
2026-07-01 12:50:00,52.9022,52.9022,52.9022,52.9022,1355
2026-07-01 12:51:00,52.9022,52.9022,52.8925,52.8925,2378
2026-07-01 12:52:00,52.8925,52.8925,52.8925,52.8925,216
2026-07-01 12:53:00,52.8828,52.8828,52.8731,52.8731,1049
2026-07-01 12:55:00,52.8828,52.8828,52.8828,52.8828,881
2026-07-01 12:56:00,52.8828,52.8828,52.8731,52.878,3114
2026-07-01 12:57:00,52.8636,52.8683,52.8586,52.8683,3440
2026-07-01 12:58:00,52.8635,52.8635,52.8635,52.8635,571
2026-07-01 13:00:00,52.8635,52.878,52.8586,52.8636,2164
2026-07-01 13:01:00,52.8635,52.878,52.8635,52.8731,1365
2026-07-01 13:02:00,52.8731,52.878,52.8731,52.8731,2051
2026-07-01 13:05:00,52.8732,52.8828,52.8732,52.8828,936
2026-07-01 13:06:00,52.8925,52.8973,52.8829,52.8973,1419
2026-07-01 13:07:00,52.8925,52.8973,52.8925,52.8973,721
2026-07-01 13:08:00,52.8973,52.8973,52.8973,52.8973,203
2026-07-01 13:09:00,52.907,52.907,52.907,52.907,204
2026-07-01 13:10:00,52.9119,52.9167,52.9119,52.9119,2581
2026-07-01 13:11:00,52.9119,52.9119,52.9022,52.9022,1428
2026-07-01 13:12:00,52.8828,52.8877,52.8828,52.8877,921
2026-07-01 13:13:00,52.8924,52.8925,52.8924,52.8925,492
2026-07-01 13:15:00,52.8828,52.8828,52.8731,52.8731,513
2026-07-01 13:16:00,52.8828,52.8828,52.8807,52.8807,490
2026-07-01 13:17:00,52.8877,52.8877,52.8828,52.8828,1162
2026-07-01 13:18:00,52.8877,52.8925,52.8877,52.8925,734
2026-07-01 13:21:00,52.9119,52.9215,52.907,52.9167,11448
2026-07-01 13:22:00,52.9167,52.9167,52.9167,52.9167,347
2026-07-01 13:23:00,52.9167,52.9167,52.9167,52.9167,444
2026-07-01 13:25:00,52.9312,52.9361,52.9312,52.9361,294
2026-07-01 13:26:00,52.9322,52.9322,52.9322,52.9322,413
2026-07-01 13:28:00,52.9409,52.9409,52.9264,52.9264,1276
2026-07-01 13:29:00,52.9232,52.9232,52.922,52.922,451
2026-07-01 13:30:00,52.9215,52.9215,52.9022,52.9022,1267
2026-07-01 13:31:00,52.9022,52.9022,52.8925,52.8925,964
2026-07-01 13:32:00,52.9022,52.9167,52.8998,52.907,5623
2026-07-01 13:33:00,52.9119,52.9215,52.9119,52.9167,1728
2026-07-01 13:34:00,52.9119,52.9119,52.907,52.907,1019
2026-07-01 13:35:00,52.9022,52.9022,52.8973,52.9022,1462
2026-07-01 13:36:00,52.8962,52.9119,52.8962,52.9022,1370
2026-07-01 13:37:00,52.9022,52.9167,52.9022,52.9167,2425
2026-07-01 13:38:00,52.9167,52.9215,52.9167,52.9215,1690
2026-07-01 13:39:00,52.9215,52.9312,52.9215,52.9312,1512
2026-07-01 13:40:00,52.9312,52.9361,52.9295,52.9347,1580
2026-07-01 13:41:00,52.9361,52.9361,52.9313,52.9361,1217
2026-07-01 13:42:00,52.9313,52.9313,52.9215,52.9312,10768
2026-07-01 13:43:00,52.9264,52.9312,52.9264,52.9312,999
2026-07-01 13:44:00,52.9391,52.9391,52.9312,52.9312,1222
2026-07-01 13:45:00,52.9312,52.9312,52.9312,52.9312,413
2026-07-01 13:46:00,52.9312,52.9409,52.9312,52.9409,400
2026-07-01 13:47:00,52.9409,52.9409,52.9409,52.9409,701
2026-07-01 13:48:00,52.9313,52.9361,52.9313,52.9361,504
2026-07-01 13:49:00,52.9361,52.9361,52.9361,52.9361,345
2026-07-01 13:50:00,52.9361,52.9457,52.9361,52.9457,1846
2026-07-01 13:51:00,52.9457,52.9457,52.9361,52.9361,2133
2026-07-01 13:52:00,52.9409,52.9457,52.9312,52.9409,3883
2026-07-01 13:53:00,52.9409,52.9409,52.9312,52.9408,1002
2026-07-01 13:54:00,52.9361,52.9361,52.9361,52.9361,659
2026-07-01 13:55:00,52.9409,52.9409,52.9409,52.9409,1284
2026-07-01 13:56:00,52.9457,52.9457,52.9457,52.9457,488
2026-07-01 13:57:00,52.9505,52.9505,52.9505,52.9505,316
2026-07-01 13:58:00,52.9409,52.9409,52.9409,52.9409,278
2026-07-01 13:59:00,52.941,52.941,52.9361,52.9361,1274
2026-07-01 14:00:00,52.9264,52.9264,52.9264,52.9264,407
2026-07-01 14:01:00,52.9215,52.9215,52.9215,52.9215,820
2026-07-01 14:02:00,52.907,52.9167,52.907,52.9167,1159
2026-07-01 14:03:00,52.9119,52.9179,52.9119,52.9119,947
2026-07-01 14:04:00,52.9119,52.9119,52.9022,52.9022,2527
2026-07-01 14:05:00,52.9022,52.9119,52.9022,52.9119,3192
2026-07-01 14:06:00,52.9167,52.9167,52.8925,52.8925,6043
2026-07-01 14:07:00,52.9022,52.907,52.8973,52.8973,1266
2026-07-01 14:08:00,52.907,52.907,52.9022,52.9022,332
2026-07-01 14:09:00,52.9038,52.907,52.8973,52.907,2002
2026-07-01 14:10:00,52.907,52.9119,52.9022,52.9119,1571
2026-07-01 14:11:00,52.9119,52.9119,52.9022,52.907,4479
2026-07-01 14:12:00,52.907,52.907,52.9023,52.907,952
2026-07-01 14:13:00,52.907,52.9119,52.9046,52.907,2870
2026-07-01 14:14:00,52.9167,52.9167,52.907,52.9167,3122
2026-07-01 14:15:00,52.907,52.907,52.907,52.907,848
2026-07-01 14:16:00,52.9022,52.9167,52.9022,52.9167,5142
2026-07-01 14:17:00,52.9167,52.9215,52.9167,52.9167,1457
2026-07-01 14:18:00,52.9124,52.9215,52.9124,52.9215,5440
2026-07-01 14:19:00,52.9124,52.9124,52.9119,52.9119,2417
2026-07-01 14:20:00,52.9167,52.9167,52.9022,52.9088,1955
2026-07-01 14:21:00,52.9022,52.907,52.9022,52.907,3245
2026-07-01 14:22:00,52.907,52.907,52.9023,52.9023,747
2026-07-01 14:23:00,52.9119,52.9119,52.9119,52.9119,299
2026-07-01 14:24:00,52.907,52.907,52.907,52.907,734
2026-07-01 14:25:00,52.9119,52.9167,52.907,52.907,3142
2026-07-01 14:26:00,52.9022,52.9022,52.9022,52.9022,2041
2026-07-01 14:27:00,52.9022,52.9022,52.8973,52.8973,1050
2026-07-01 14:29:00,52.8925,52.9022,52.8925,52.8973,870
2026-07-01 14:30:00,52.8925,52.9022,52.8828,52.9022,2475
2026-07-01 14:31:00,52.9022,52.907,52.8926,52.907,9260
2026-07-01 14:32:00,52.9119,52.9215,52.9119,52.9215,1717
2026-07-01 14:33:00,52.9215,52.9264,52.9215,52.9264,1260
2026-07-01 14:35:00,52.9177,52.9264,52.9177,52.9264,2513
2026-07-01 14:36:00,52.9361,52.9361,52.9215,52.9215,11342
2026-07-01 14:37:00,52.9361,52.9361,52.9312,52.9312,663
2026-07-01 14:38:00,52.9216,52.9312,52.9216,52.9312,1160
2026-07-01 14:39:00,52.9361,52.9361,52.9313,52.9361,1686
2026-07-01 14:40:00,52.9361,52.9409,52.9361,52.9361,1310
2026-07-01 14:41:00,52.9312,52.9333,52.9312,52.9333,734
2026-07-01 14:42:00,52.9361,52.9378,52.9361,52.9378,944
2026-07-01 14:43:00,52.9313,52.9313,52.9313,52.9313,164
2026-07-01 14:44:00,52.9374,52.9374,52.9312,52.9312,1728
2026-07-01 14:45:00,52.934,52.9361,52.9312,52.9361,1367
2026-07-01 14:46:00,52.9312,52.9361,52.9264,52.9351,3842
2026-07-01 14:47:00,52.9312,52.9312,52.9312,52.9312,530
2026-07-01 14:48:00,52.9361,52.9409,52.9361,52.9409,1449
2026-07-01 14:51:00,52.9361,52.9361,52.9312,52.9315,2091
2026-07-01 14:52:00,52.9312,52.9312,52.9312,52.9312,554
2026-07-01 14:54:00,52.9215,52.9264,52.9215,52.9215,841
2026-07-01 14:55:00,52.912,52.912,52.912,52.912,227
2026-07-01 14:56:00,52.9215,52.9215,52.9215,52.9215,784
2026-07-01 14:57:00,52.9162,52.9167,52.9162,52.9167,480
2026-07-01 14:58:00,52.9215,52.9275,52.9215,52.9275,12233
2026-07-01 14:59:00,52.9264,52.9264,52.9264,52.9264,1007
2026-07-01 15:00:00,52.9312,52.9409,52.9312,52.9361,3586
2026-07-01 15:01:00,52.9312,52.9336,52.9312,52.9312,1528
2026-07-01 15:02:00,52.9361,52.9409,52.9361,52.9409,8109
2026-07-01 15:03:00,52.9361,52.9361,52.9361,52.9361,1081
2026-07-01 15:04:00,52.9361,52.9409,52.9361,52.9409,885
2026-07-01 15:05:00,52.9312,52.9506,52.9312,52.9506,4075
2026-07-01 15:06:00,52.9506,52.9554,52.9506,52.9506,2265
2026-07-01 15:07:00,52.9554,52.9554,52.9506,52.9506,3041
2026-07-01 15:08:00,52.941,52.9506,52.9409,52.9506,3705
2026-07-01 15:09:00,52.9506,52.9651,52.9506,52.9643,2828
2026-07-01 15:11:00,52.9651,52.9651,52.9651,52.9651,920
2026-07-01 15:12:00,52.9651,52.9651,52.9611,52.9611,889
2026-07-01 15:13:00,52.9699,52.9748,52.9698,52.9748,3340
2026-07-01 15:14:00,52.9748,52.9845,52.9748,52.9796,5920
2026-07-01 15:15:00,52.9845,52.9845,52.9748,52.9796,10193
2026-07-01 15:16:00,52.9796,52.9796,52.9748,52.9748,4786
2026-07-01 15:17:00,52.9796,52.9893,52.9796,52.9799,1225
2026-07-01 15:18:00,52.9845,52.9941,52.9845,52.991,2132
2026-07-01 15:19:00,52.999,52.999,52.999,52.999,741
2026-07-01 15:20:00,52.9941,53.0038,52.9941,52.9941,2631
2026-07-01 15:21:00,52.9941,52.999,52.9894,52.999,3355
2026-07-01 15:22:00,52.999,52.999,52.9893,52.999,1949
2026-07-01 15:23:00,53.0087,53.0135,53.0087,53.0135,914
2026-07-01 15:24:00,53.0135,53.0232,53.0135,53.0232,3099
2026-07-01 15:25:00,53.028,53.0329,53.028,53.0329,9552
2026-07-01 15:26:00,53.0329,53.0522,53.0329,53.0522,15864
2026-07-01 15:27:00,53.0522,53.0571,53.0522,53.0571,7304
2026-07-01 15:28:00,53.0522,53.0522,53.0425,53.0474,11713
2026-07-01 15:29:00,53.0425,53.0474,53.0377,53.0474,16206
2026-07-01 15:30:00,53.0474,53.0522,53.0425,53.0522,5621
2026-07-01 15:31:00,53.0474,53.0522,53.0474,53.0522,2753
2026-07-01 15:32:00,53.0522,53.0522,53.0425,53.0425,14474
2026-07-01 15:33:00,53.0474,53.0474,53.0183,53.0329,20996
2026-07-01 15:34:00,53.0377,53.0377,53.0329,53.0329,14458
2026-07-01 15:35:00,53.0329,53.0329,53.0232,53.0329,12115
2026-07-01 15:36:00,53.0329,53.0329,53.0183,53.0183,8077
2026-07-01 15:37:00,52.999,52.999,52.9893,52.9893,3628
2026-07-01 15:38:00,52.9845,52.9845,52.9845,52.9845,377
2026-07-01 15:39:00,52.9845,52.999,52.9845,52.9894,9171
2026-07-01 15:40:00,52.9893,52.9941,52.9845,52.9941,3072
2026-07-01 15:41:00,52.999,53.0087,52.9941,53.0038,3968
2026-07-01 15:42:00,53.0038,53.0183,53.0038,53.0183,6148
2026-07-01 15:43:00,53.0135,53.0183,53.0087,53.0183,12522
2026-07-01 15:44:00,53.0183,53.0474,53.0087,53.0474,15032
2026-07-01 15:45:00,53.0474,53.0571,53.0474,53.0547,4303
2026-07-01 15:46:00,53.0477,53.0477,53.0474,53.0474,672
2026-07-01 15:47:00,53.0571,53.0619,53.0571,53.0619,8051
2026-07-01 15:48:00,53.0668,53.0716,53.0619,53.0716,13070
2026-07-01 15:49:00,53.0716,53.0813,53.0716,53.0764,2557
2026-07-01 15:50:00,53.0861,53.0958,53.0764,53.0774,12166
2026-07-01 15:51:00,53.0764,53.0764,53.0619,53.0619,8214
2026-07-01 15:52:00,53.0577,53.0764,53.0577,53.0668,5438
2026-07-01 15:53:00,53.0668,53.0668,53.0619,53.0668,2877
2026-07-01 15:54:00,53.0571,53.0668,53.0571,53.0619,4853
2026-07-01 15:55:00,53.0668,53.0716,53.0571,53.0575,12880
2026-07-01 15:56:00,53.0668,53.0716,53.0571,53.0571,16698
2026-07-01 15:57:00,53.0571,53.0619,53.0377,53.0619,18896
2026-07-01 15:58:00,53.0619,53.0619,53.0474,53.0571,12113
2026-07-01 15:59:00,53.0474,53.091,53.0377,53.0764,88717
2026-07-02 09:30:00,53.1345,53.1732,53.1248,53.1636,26090
2026-07-02 09:31:00,53.1636,53.1684,53.0958,53.1055,6084
2026-07-02 09:32:00,53.1055,53.1055,53.1055,53.1055,1296
2026-07-02 09:33:00,53.1152,53.1442,53.1152,53.1345,4488
2026-07-02 09:34:00,53.1152,53.12,53.0958,53.0958,2474
2026-07-02 09:35:00,53.0958,53.0958,53.091,53.0958,1520
2026-07-02 09:36:00,53.1055,53.1539,53.1055,53.1345,8174
2026-07-02 09:37:00,53.149,53.1636,53.149,53.1636,7583
2026-07-02 09:38:00,53.1636,53.1732,53.1636,53.1636,2132
2026-07-02 09:39:00,53.1732,53.1926,53.1732,53.1926,3029
2026-07-02 09:40:00,53.1926,53.1926,53.1926,53.1926,399
2026-07-02 09:41:00,53.2168,53.2168,53.2023,53.2023,4905
2026-07-02 09:42:00,53.1926,53.2023,53.1926,53.2023,897
2026-07-02 09:43:00,53.2047,53.212,53.2047,53.212,1359
2026-07-02 09:44:00,53.212,53.212,53.1603,53.1603,2454
2026-07-02 09:45:00,53.1732,53.1732,53.1636,53.1732,866
2026-07-02 09:46:00,53.1732,53.1829,53.1732,53.1829,2482
2026-07-02 09:47:00,53.1732,53.1732,53.1636,53.1684,1109
2026-07-02 09:48:00,53.1684,53.1732,53.1539,53.1732,6398
2026-07-02 09:49:00,53.1732,53.1829,53.1732,53.1757,1139
2026-07-02 09:50:00,53.1732,53.1829,53.1732,53.1829,4754
2026-07-02 09:51:00,53.1829,53.1829,53.1829,53.1829,5033
2026-07-02 09:52:00,53.1878,53.1878,53.1829,53.1829,1440
2026-07-02 09:53:00,53.1732,53.1732,53.1732,53.1732,709
2026-07-02 09:54:00,53.1732,53.1732,53.1539,53.1539,2623
2026-07-02 09:55:00,53.1636,53.1636,53.1539,53.1542,2418
2026-07-02 09:56:00,53.1539,53.1636,53.1539,53.1636,810
2026-07-02 09:58:00,53.1732,53.1781,53.1732,53.1732,1885
2026-07-02 09:59:00,53.1732,53.1732,53.1636,53.1636,289
2026-07-02 10:00:00,53.1732,53.2604,53.1732,53.2313,19884
2026-07-02 10:01:00,53.241,53.241,53.2216,53.2216,1381
2026-07-02 10:02:00,53.212,53.212,53.1926,53.1926,1687
2026-07-02 10:03:00,53.1829,53.1829,53.1732,53.1732,1681
2026-07-02 10:04:00,53.1732,53.1781,53.1636,53.1732,2239
2026-07-02 10:05:00,53.1829,53.212,53.1829,53.212,2129
2026-07-02 10:06:00,53.2023,53.2158,53.2023,53.212,3081
2026-07-02 10:07:00,53.212,53.2313,53.2023,53.2313,8969
2026-07-02 10:08:00,53.2313,53.2313,53.2023,53.2265,7975
2026-07-02 10:09:00,53.2265,53.2507,53.2225,53.241,13356
2026-07-02 10:10:00,53.241,53.2507,53.241,53.2507,4045
2026-07-02 10:11:00,53.2458,53.2507,53.2313,53.2507,14021
2026-07-02 10:12:00,53.241,53.2509,53.2313,53.2509,5649
2026-07-02 10:13:00,53.2507,53.2603,53.2313,53.2313,5374
2026-07-02 10:14:00,53.2313,53.241,53.1926,53.1926,3343
2026-07-02 10:15:00,53.2023,53.2071,53.1926,53.2023,1207
2026-07-02 10:16:00,53.212,53.2216,53.212,53.2216,1716
2026-07-02 10:17:00,53.2215,53.2362,53.2168,53.2168,11902
2026-07-02 10:18:00,53.2216,53.2216,53.1974,53.1974,2976
2026-07-02 10:19:00,53.2023,53.2071,53.2023,53.2023,1888
2026-07-02 10:20:00,53.2023,53.2103,53.2023,53.2023,2363
2026-07-02 10:21:00,53.1926,53.1974,53.1829,53.1925,2921
2026-07-02 10:22:00,53.1956,53.2216,53.1956,53.2216,4466
2026-07-02 10:23:00,53.2265,53.2362,53.2265,53.2313,1703
2026-07-02 10:24:00,53.2386,53.241,53.2362,53.241,1787
2026-07-02 10:25:00,53.241,53.2797,53.2362,53.2749,6366
2026-07-02 10:26:00,53.2797,53.2846,53.2749,53.2749,2286
2026-07-02 10:27:00,53.27,53.27,53.241,53.2458,8023
2026-07-02 10:28:00,53.2458,53.2458,53.2216,53.2265,3914
2026-07-02 10:29:00,53.2265,53.2313,53.2168,53.2168,4861
2026-07-02 10:30:00,53.2216,53.241,53.2216,53.2313,3741
2026-07-02 10:31:00,53.2313,53.2468,53.2313,53.2468,2177
2026-07-02 10:32:00,53.2458,53.2604,53.2458,53.2604,2421
2026-07-02 10:33:00,53.2604,53.2652,53.2604,53.2604,2257
2026-07-02 10:34:00,53.27,53.2894,53.2605,53.2894,5598
2026-07-02 10:35:00,53.2894,53.2894,53.27,53.27,7353
2026-07-02 10:36:00,53.2652,53.2652,53.2652,53.2652,223
2026-07-02 10:37:00,53.2798,53.2846,53.2797,53.2797,2675
2026-07-02 10:38:00,53.2749,53.2942,53.2749,53.2942,3294
2026-07-02 10:39:00,53.2846,53.2854,53.2652,53.2652,7349
2026-07-02 10:40:00,53.27,53.27,53.2313,53.2313,3278
2026-07-02 10:41:00,53.2216,53.2265,53.2215,53.2216,3084
2026-07-02 10:42:00,53.2313,53.2313,53.2216,53.2216,2857
2026-07-02 10:43:00,53.2216,53.2216,53.2023,53.2023,2496
2026-07-02 10:44:00,53.1926,53.1926,53.1926,53.1926,432
2026-07-02 10:45:00,53.1974,53.1974,53.1926,53.1926,4380
2026-07-02 10:46:00,53.1926,53.2023,53.1926,53.2023,1124
2026-07-02 10:47:00,53.2023,53.212,53.1926,53.2071,10484
2026-07-02 10:48:00,53.212,53.212,53.2023,53.2023,2805
2026-07-02 10:49:00,53.1974,53.2023,53.1926,53.1926,1044
2026-07-02 10:50:00,53.1926,53.1926,53.1926,53.1926,1266
2026-07-02 10:51:00,53.1829,53.2023,53.1829,53.2023,4515
2026-07-02 10:52:00,53.212,53.2313,53.2023,53.2313,9673
2026-07-02 10:53:00,53.2313,53.2362,53.2265,53.2313,9923
2026-07-02 10:54:00,53.2216,53.2265,53.212,53.2168,2007
2026-07-02 10:55:00,53.212,53.212,53.2023,53.2023,707
2026-07-02 10:56:00,53.1926,53.1974,53.1926,53.1926,4290
2026-07-02 10:57:00,53.1974,53.1974,53.1974,53.1974,375
2026-07-02 10:58:00,53.1974,53.1974,53.1665,53.1732,2750
2026-07-02 10:59:00,53.1781,53.1781,53.1636,53.1636,1263
2026-07-02 11:00:00,53.1636,53.1636,53.1345,53.1345,7276
2026-07-02 11:01:00,53.1442,53.1636,53.1442,53.1636,2333
2026-07-02 11:02:00,53.1539,53.1539,53.1442,53.1539,1828
2026-07-02 11:03:00,53.1539,53.1723,53.1539,53.1636,2142
2026-07-02 11:04:00,53.1636,53.1732,53.149,53.1732,4969
2026-07-02 11:05:00,53.1878,53.1878,53.1878,53.1878,437
2026-07-02 11:06:00,53.1974,53.2071,53.1878,53.1926,7682
2026-07-02 11:07:00,53.1926,53.1926,53.1829,53.1829,3050
2026-07-02 11:08:00,53.1732,53.1732,53.1636,53.1636,1189
2026-07-02 11:09:00,53.1587,53.1829,53.1569,53.1829,5160
2026-07-02 11:10:00,53.1829,53.1829,53.1732,53.1732,4130
2026-07-02 11:11:00,53.1636,53.1829,53.1636,53.1829,3665
2026-07-02 11:12:00,53.1829,53.212,53.1829,53.2023,10968
2026-07-02 11:13:00,53.2023,53.212,53.2023,53.212,3439
2026-07-02 11:14:00,53.212,53.241,53.212,53.241,4765
2026-07-02 11:15:00,53.241,53.2507,53.241,53.241,5187
2026-07-02 11:16:00,53.2507,53.2507,53.2458,53.2507,1703
2026-07-02 11:17:00,53.2507,53.2604,53.2458,53.2604,5601
2026-07-02 11:18:00,53.2604,53.27,53.2555,53.27,2490
2026-07-02 11:19:00,53.2652,53.2797,53.2652,53.2749,7596
2026-07-02 11:20:00,53.2749,53.2894,53.2749,53.2846,3381
2026-07-02 11:21:00,53.2894,53.2942,53.2846,53.2893,5184
2026-07-02 11:22:00,53.2797,53.2797,53.2749,53.2797,1641
2026-07-02 11:23:00,53.2749,53.2894,53.2749,53.2884,8609
2026-07-02 11:24:00,53.2797,53.2846,53.2701,53.2797,6736
2026-07-02 11:25:00,53.2749,53.2749,53.27,53.2749,819
2026-07-02 11:26:00,53.2797,53.2894,53.27,53.2797,5538
2026-07-02 11:27:00,53.27,53.27,53.2652,53.27,6658
2026-07-02 11:28:00,53.27,53.2797,53.27,53.27,16401
2026-07-02 11:29:00,53.27,53.27,53.2555,53.2662,4182
2026-07-02 11:30:00,53.2604,53.2652,53.2265,53.2362,13445
2026-07-02 11:31:00,53.2313,53.2362,53.2216,53.2313,3280
2026-07-02 11:32:00,53.2216,53.2265,53.212,53.2197,4323
2026-07-02 11:33:00,53.212,53.212,53.1926,53.212,2771
2026-07-02 11:34:00,53.2023,53.212,53.1539,53.1539,12367
2026-07-02 11:35:00,53.1539,53.1926,53.149,53.1926,14589
2026-07-02 11:36:00,53.1974,53.2023,53.1926,53.1926,4087
2026-07-02 11:37:00,53.1926,53.2023,53.1926,53.2023,752
2026-07-02 11:38:00,53.1974,53.2023,53.1974,53.2023,281
2026-07-02 11:39:00,53.1974,53.2168,53.1974,53.2168,1744
2026-07-02 11:40:00,53.2168,53.2216,53.2168,53.2168,787
2026-07-02 11:41:00,53.2216,53.2216,53.212,53.2168,3665
2026-07-02 11:42:00,53.2168,53.2168,53.2023,53.2023,2544
2026-07-02 11:43:00,53.2023,53.2216,53.2023,53.2216,939
2026-07-02 11:44:00,53.2216,53.2216,53.2168,53.2168,775
2026-07-02 11:45:00,53.2216,53.2313,53.2216,53.2265,2414
2026-07-02 11:46:00,53.2216,53.2216,53.2023,53.212,4697
2026-07-02 11:47:00,53.212,53.2168,53.2023,53.2168,597
2026-07-02 11:48:00,53.2216,53.2313,53.2216,53.2313,1088
2026-07-02 11:49:00,53.2216,53.2265,53.212,53.212,1882
2026-07-02 11:50:00,53.212,53.2168,53.2071,53.212,1498
2026-07-02 11:51:00,53.212,53.212,53.2023,53.2023,766
2026-07-02 11:52:00,53.1941,53.1984,53.1926,53.1984,8309
2026-07-02 11:53:00,53.1926,53.1974,53.1926,53.1926,661
2026-07-02 11:54:00,53.1926,53.2023,53.1926,53.2023,767
2026-07-02 11:55:00,53.1926,53.1974,53.1926,53.1974,2113
2026-07-02 11:56:00,53.1926,53.1926,53.1926,53.1926,1367
2026-07-02 11:57:00,53.1944,53.2023,53.194,53.194,981
2026-07-02 11:58:00,53.2023,53.2026,53.2023,53.2024,1733
2026-07-02 11:59:00,53.212,53.2195,53.212,53.2168,3131
2026-07-02 12:00:00,53.2168,53.2168,53.212,53.212,2356
2026-07-02 12:01:00,53.2023,53.2023,53.1829,53.1878,2355
2026-07-02 12:02:00,53.1878,53.1878,53.1878,53.1878,788
2026-07-02 12:03:00,53.1878,53.1926,53.1829,53.1829,3303
2026-07-02 12:04:00,53.1878,53.1925,53.1878,53.1878,3284
2026-07-02 12:05:00,53.1878,53.1878,53.1781,53.1829,2542
2026-07-02 12:06:00,53.1878,53.1926,53.1829,53.1878,1597
2026-07-02 12:07:00,53.1878,53.1878,53.1863,53.1878,1560
2026-07-02 12:08:00,53.1878,53.2023,53.1875,53.1926,5087
2026-07-02 12:09:00,53.1926,53.2023,53.1926,53.1974,731
2026-07-02 12:10:00,53.1974,53.1974,53.1926,53.1926,737
2026-07-02 12:11:00,53.1926,53.1974,53.1926,53.1974,956
2026-07-02 12:12:00,53.1974,53.2023,53.1926,53.1974,3157
2026-07-02 12:13:00,53.2023,53.2168,53.1974,53.2168,6536
2026-07-02 12:14:00,53.2216,53.2313,53.2168,53.2313,3316
2026-07-02 12:15:00,53.2216,53.2458,53.2216,53.2458,3980
2026-07-02 12:16:00,53.2458,53.2458,53.241,53.241,2997
2026-07-02 12:17:00,53.25,53.25,53.2313,53.2313,3891
2026-07-02 12:18:00,53.2265,53.241,53.2216,53.2362,4789
2026-07-02 12:19:00,53.241,53.241,53.2315,53.2362,2227
2026-07-02 12:20:00,53.2362,53.2458,53.2362,53.2458,2354
2026-07-02 12:21:00,53.241,53.2504,53.241,53.2504,4658
2026-07-02 12:22:00,53.2458,53.2458,53.2458,53.2458,1747
2026-07-02 12:23:00,53.2458,53.2458,53.2362,53.2362,3467
2026-07-02 12:24:00,53.241,53.2458,53.241,53.2458,2030
2026-07-02 12:25:00,53.2458,53.2458,53.241,53.2458,1610
2026-07-02 12:26:00,53.2458,53.2458,53.2265,53.2265,4632
2026-07-02 12:27:00,53.2265,53.2265,53.2216,53.2216,1757
2026-07-02 12:28:00,53.2217,53.2265,53.212,53.212,3120
2026-07-02 12:29:00,53.2071,53.2168,53.2071,53.212,3183
2026-07-02 12:30:00,53.2023,53.2023,53.1974,53.2023,5413
2026-07-02 12:31:00,53.2023,53.2023,53.1878,53.1926,926
2026-07-02 12:32:00,53.1974,53.1974,53.1926,53.1974,1335
2026-07-02 12:33:00,53.2023,53.2023,53.1974,53.1974,707
2026-07-02 12:34:00,53.2023,53.2023,53.1974,53.1974,878
2026-07-02 12:35:00,53.1974,53.2022,53.1927,53.1974,3023
2026-07-02 12:36:00,53.2023,53.2023,53.1926,53.1974,2471
2026-07-02 12:37:00,53.1926,53.1995,53.1781,53.1829,3122
2026-07-02 12:38:00,53.1781,53.1781,53.1781,53.1781,654
2026-07-02 12:39:00,53.1781,53.1878,53.1781,53.1878,2771
2026-07-02 12:40:00,53.1829,53.1926,53.1829,53.1878,3412
2026-07-02 12:41:00,53.1878,53.1974,53.1878,53.1974,2732
2026-07-02 12:42:00,53.2023,53.2071,53.2023,53.2023,3068
2026-07-02 12:43:00,53.2071,53.2071,53.1974,53.1974,1740
2026-07-02 12:44:00,53.2023,53.2085,53.1974,53.2071,6199
2026-07-02 12:45:00,53.2071,53.2265,53.1974,53.2071,9413
2026-07-02 12:46:00,53.212,53.212,53.2023,53.2071,964
2026-07-02 12:47:00,53.2071,53.2071,53.1926,53.2023,9382
2026-07-02 12:48:00,53.2023,53.2071,53.2023,53.2023,5127
2026-07-02 12:49:00,53.2119,53.2119,53.2023,53.2071,1725
2026-07-02 12:50:00,53.2023,53.2168,53.1926,53.2168,8368
2026-07-02 12:51:00,53.2216,53.2313,53.2216,53.2221,2269
2026-07-02 12:52:00,53.2313,53.2362,53.2265,53.2362,6553
2026-07-02 12:53:00,53.2362,53.2458,53.2313,53.241,8758
2026-07-02 12:54:00,53.241,53.2458,53.2216,53.2216,7621
2026-07-02 12:55:00,53.2265,53.2458,53.2265,53.2362,9845
2026-07-02 12:56:00,53.241,53.241,53.2313,53.2362,6075
2026-07-02 12:57:00,53.2362,53.2507,53.2362,53.2507,7345
2026-07-02 12:58:00,53.2507,53.2604,53.2458,53.2458,16023
2026-07-02 12:59:00,53.241,53.2458,53.212,53.2313,15319
2026-07-02 13:00:00,53.2313,53.2313,53.2265,53.2313,53221
2026-07-02 13:04:00,53.3281,53.3281,53.3281,53.3281,5
2026-07-02 13:10:00,53.2313,53.2313,53.2313,53.2313,26503
2026-07-02 13:46:00,53.0474,53.0474,53.0474,53.0474,3
2026-07-02 14:37:00,53.0474,53.0474,53.0474,53.0474,1
2026-07-02 15:24:00,53.3378,53.3378,53.3378,53.3378,21
2026-07-02 15:26:00,53.2911,53.2911,53.2911,53.2911,5
2026-07-02 15:30:00,53.2313,53.2313,53.2313,53.2313,26503
2026-07-02 15:37:00,52.757,53.0474,52.757,53.0474,4
2026-07-02 15:41:00,53.2894,53.2894,52.8054,52.8054,6
2026-07-02 15:45:00,53.0087,53.0087,53.0087,53.0087,4
2026-07-04 09:30:00,53.6476,53.6476,53.5798,53.5992,24491
2026-07-04 09:31:00,53.5992,53.6282,53.5992,53.6185,12785
2026-07-04 09:32:00,53.6088,53.6088,53.5798,53.5798,4691
2026-07-04 09:33:00,53.5934,53.6088,53.5934,53.6088,1175
2026-07-04 09:34:00,53.6108,53.6166,53.6088,53.6088,1140
2026-07-04 09:35:00,53.5992,53.6088,53.5895,53.5895,12658
2026-07-04 09:36:00,53.5798,53.5846,53.5604,53.5614,8067
2026-07-04 09:37:00,53.5701,53.5992,53.5604,53.5798,8444
2026-07-04 09:38:00,53.5701,53.5701,53.5362,53.5411,11686
2026-07-04 09:39:00,53.543,53.5508,53.5412,53.5508,3153
2026-07-04 09:40:00,53.5604,53.5653,53.5411,53.5653,4163
2026-07-04 09:41:00,53.5701,53.575,53.5508,53.5604,6070
2026-07-04 09:42:00,53.5508,53.5603,53.5508,53.5603,1194
2026-07-04 09:43:00,53.5508,53.5701,53.5508,53.5653,3864
2026-07-04 09:44:00,53.5798,53.6137,53.5798,53.6137,9772
2026-07-04 09:45:00,53.6088,53.6088,53.5798,53.5798,14787
2026-07-04 09:46:00,53.5798,53.5798,53.5798,53.5798,833
2026-07-04 09:47:00,53.5798,53.5943,53.5604,53.5653,8290
2026-07-04 09:48:00,53.552,53.552,53.5362,53.5362,3918
2026-07-04 09:49:00,53.5314,53.5362,53.5024,53.5024,3956
2026-07-04 09:50:00,53.4936,53.4975,53.483,53.4878,3740
2026-07-04 09:51:00,53.4733,53.4782,53.454,53.454,1760
2026-07-04 09:52:00,53.4443,53.454,53.4443,53.4443,975
2026-07-04 09:53:00,53.4636,53.483,53.4636,53.483,2116
2026-07-04 09:54:00,53.483,53.4878,53.4548,53.4636,16260
2026-07-04 09:55:00,53.454,53.454,53.4346,53.4443,3622
2026-07-04 09:56:00,53.4443,53.4443,53.4249,53.4346,2581
2026-07-04 09:57:00,53.4249,53.4346,53.4249,53.4346,9110
2026-07-04 09:58:00,53.4346,53.4346,53.4152,53.4249,2387
2026-07-04 09:59:00,53.4298,53.4346,53.4249,53.4249,569
2026-07-04 10:00:00,53.4249,53.4298,53.4056,53.4201,5777
2026-07-04 10:01:00,53.4152,53.4152,53.3862,53.3959,4327
2026-07-04 10:02:00,53.3959,53.3959,53.3765,53.3765,1642
2026-07-04 10:03:00,53.3765,53.3765,53.3572,53.3572,5775
2026-07-04 10:04:00,53.362,53.3717,53.3523,53.362,3578
2026-07-04 10:05:00,53.3572,53.3668,53.3523,53.362,4563
2026-07-04 10:06:00,53.3668,53.3814,53.3572,53.362,4077
2026-07-04 10:07:00,53.3572,53.3765,53.3572,53.3765,2886
2026-07-04 10:08:00,53.3814,53.3814,53.3572,53.3572,4180
2026-07-04 10:09:00,53.3523,53.362,53.3426,53.362,2062
2026-07-04 10:10:00,53.3475,53.3523,53.3475,53.3475,1019
2026-07-04 10:11:00,53.3378,53.3426,53.3281,53.333,2308
2026-07-04 10:12:00,53.3378,53.3668,53.3378,53.3668,5030
2026-07-04 10:13:00,53.3765,53.391,53.3765,53.391,942
2026-07-04 10:14:00,53.4007,53.4056,53.3862,53.3862,3533
2026-07-04 10:15:00,53.3814,53.3814,53.3668,53.3814,3909
2026-07-04 10:16:00,53.3765,53.3959,53.3765,53.3862,3871
2026-07-04 10:17:00,53.3891,53.3959,53.3814,53.3814,2806
2026-07-04 10:18:00,53.3765,53.4104,53.3717,53.4104,1954
2026-07-04 10:19:00,53.4152,53.4152,53.4056,53.4152,965
2026-07-04 10:20:00,53.4249,53.4443,53.4152,53.4394,3532
2026-07-04 10:21:00,53.4432,53.4636,53.4394,53.4636,3680
2026-07-04 10:22:00,53.4782,53.4782,53.4636,53.4733,1512
2026-07-04 10:23:00,53.4782,53.4782,53.4685,53.4782,1450
2026-07-04 10:24:00,53.4636,53.4636,53.454,53.454,1254
2026-07-04 10:25:00,53.4636,53.4636,53.454,53.4588,1966
2026-07-04 10:26:00,53.4636,53.483,53.4636,53.4733,2541
2026-07-04 10:27:00,53.483,53.483,53.4782,53.4782,1366
2026-07-04 10:28:00,53.4782,53.4782,53.4394,53.4394,13552
2026-07-04 10:29:00,53.4346,53.4394,53.4298,53.4322,2543
2026-07-04 10:30:00,53.4298,53.4346,53.4152,53.4346,3046
2026-07-04 10:31:00,53.4443,53.4588,53.4394,53.4443,5531
2026-07-04 10:32:00,53.454,53.4636,53.454,53.4636,1542
2026-07-04 10:33:00,53.4619,53.5024,53.4619,53.5024,8664
2026-07-04 10:34:00,53.5024,53.5072,53.4927,53.4927,2303
2026-07-04 10:35:00,53.483,53.5024,53.483,53.5024,7117
2026-07-04 10:36:00,53.4927,53.5072,53.4927,53.4938,5429
2026-07-04 10:37:00,53.4927,53.5266,53.4927,53.512,3696
2026-07-04 10:38:00,53.5169,53.5266,53.5169,53.5169,5371
2026-07-04 10:39:00,53.5169,53.5169,53.5024,53.512,3574
2026-07-04 10:40:00,53.512,53.5266,53.512,53.5266,3316
2026-07-04 10:41:00,53.5217,53.5411,53.5217,53.5411,1767
2026-07-04 10:42:00,53.5411,53.5508,53.5411,53.5459,1711
2026-07-04 10:43:00,53.5508,53.5556,53.5508,53.5556,2368
2026-07-04 10:44:00,53.5604,53.5653,53.5604,53.5653,479
2026-07-04 10:45:00,53.5604,53.5653,53.5508,53.5556,3668
2026-07-04 10:46:00,53.5604,53.5653,53.5604,53.5604,2536
2026-07-04 10:47:00,53.5556,53.5556,53.5314,53.5459,2479
2026-07-04 10:48:00,53.5411,53.5556,53.5411,53.5508,1680
2026-07-04 10:49:00,53.5604,53.5653,53.542,53.542,1823
2026-07-04 10:50:00,53.5411,53.5507,53.5411,53.5411,1294
2026-07-04 10:51:00,53.5459,53.5459,53.5411,53.5459,1942
2026-07-04 10:52:00,53.5459,53.5508,53.5411,53.5416,2373
2026-07-04 10:53:00,53.5411,53.5411,53.5411,53.5411,1305
2026-07-04 10:54:00,53.5459,53.5508,53.5459,53.5459,1509
2026-07-04 10:55:00,53.5387,53.5459,53.5387,53.5459,1110
2026-07-04 10:56:00,53.5459,53.558,53.5411,53.558,3295
2026-07-04 10:57:00,53.5556,53.5556,53.5314,53.5459,1785
2026-07-04 10:58:00,53.5375,53.5375,53.5314,53.5314,10411
2026-07-04 10:59:00,53.5362,53.5459,53.5314,53.5459,1543
2026-07-04 11:00:00,53.5411,53.5459,53.541,53.5459,3000
2026-07-04 11:01:00,53.5411,53.5508,53.5362,53.5508,2720
2026-07-04 11:02:00,53.5508,53.5701,53.5508,53.5604,3642
2026-07-04 11:03:00,53.5604,53.5604,53.5411,53.5411,4119
2026-07-04 11:04:00,53.5508,53.5508,53.5411,53.5411,1440
2026-07-04 11:05:00,53.5459,53.5556,53.5411,53.5508,2075
2026-07-04 11:06:00,53.5508,53.5556,53.5507,53.5556,1935
2026-07-04 11:07:00,53.5459,53.5604,53.5459,53.5604,850
2026-07-04 11:08:00,53.5556,53.5604,53.5508,53.5556,1978
2026-07-04 11:09:00,53.5604,53.5653,53.5508,53.5508,2333
2026-07-04 11:10:00,53.5459,53.5459,53.5217,53.5266,3761
2026-07-04 11:11:00,53.5217,53.5266,53.5024,53.5024,1804
2026-07-04 11:12:00,53.5104,53.5169,53.5072,53.5169,1823
2026-07-04 11:13:00,53.5024,53.5072,53.4975,53.4975,935
2026-07-04 11:14:00,53.5024,53.512,53.5024,53.5072,2046
2026-07-04 11:15:00,53.5072,53.5169,53.5072,53.5169,1737
2026-07-04 11:16:00,53.5197,53.5362,53.5169,53.5362,1498
2026-07-04 11:17:00,53.5411,53.5459,53.5411,53.5411,1085
2026-07-04 11:18:00,53.5508,53.5556,53.5508,53.5511,1542
2026-07-04 11:19:00,53.5508,53.5508,53.5459,53.5508,1562
2026-07-04 11:20:00,53.5508,53.5556,53.5508,53.5508,1055
2026-07-04 11:21:00,53.5508,53.5556,53.5411,53.5459,1758
2026-07-04 11:22:00,53.5508,53.5556,53.5508,53.5509,959
2026-07-04 11:23:00,53.5604,53.5604,53.5604,53.5604,477
2026-07-04 11:24:00,53.5508,53.5604,53.5508,53.5604,1539
2026-07-04 11:25:00,53.5653,53.5653,53.5653,53.5653,447
2026-07-04 11:26:00,53.5701,53.575,53.5653,53.5701,1303
2026-07-04 11:27:00,53.5701,53.575,53.5604,53.5701,1609
2026-07-04 11:28:00,53.5701,53.5798,53.5604,53.5653,3223
2026-07-04 11:29:00,53.5798,53.5798,53.575,53.575,904
2026-07-04 11:30:00,53.5701,53.5701,53.5701,53.5701,243
2026-07-04 11:31:00,53.5701,53.5798,53.5653,53.5798,3715
2026-07-04 11:32:00,53.5822,53.5895,53.5822,53.5895,843
2026-07-04 11:33:00,53.5898,53.5992,53.5798,53.5798,2512
2026-07-04 11:34:00,53.5846,53.6088,53.5846,53.6088,9759
2026-07-04 11:35:00,53.604,53.6185,53.5992,53.5992,28158
2026-07-04 11:36:00,53.5895,53.5895,53.5895,53.5895,1380
2026-07-04 11:37:00,53.5992,53.6088,53.5992,53.6088,646
2026-07-04 11:38:00,53.6088,53.6185,53.6088,53.6185,3022
2026-07-04 11:39:00,53.6088,53.6088,53.604,53.6088,421
2026-07-04 11:40:00,53.5992,53.6088,53.5992,53.604,1761
2026-07-04 11:41:00,53.6088,53.6088,53.604,53.604,1282
2026-07-04 11:42:00,53.6088,53.6137,53.6088,53.6088,658
2026-07-04 11:43:00,53.6137,53.6282,53.6137,53.6282,2545
2026-07-04 11:44:00,53.6282,53.633,53.6185,53.633,1130
2026-07-04 11:45:00,53.633,53.633,53.6282,53.6282,1589
2026-07-04 11:46:00,53.6379,53.6621,53.6379,53.6621,1844
2026-07-04 11:48:00,53.6476,53.6621,53.6476,53.6572,6816
2026-07-04 11:49:00,53.6621,53.6621,53.6621,53.6621,359
2026-07-04 11:50:00,53.6669,53.6731,53.6572,53.6572,2507
2026-07-04 11:51:00,53.6621,53.6718,53.6621,53.6718,2770
2026-07-04 11:52:00,53.6718,53.6718,53.6621,53.6621,913
2026-07-04 11:53:00,53.6621,53.6669,53.6621,53.6669,697
2026-07-04 11:54:00,53.6669,53.6669,53.6572,53.6621,2524
2026-07-04 11:56:00,53.6572,53.6572,53.6422,53.6476,681
2026-07-04 11:57:00,53.6571,53.6571,53.6571,53.6571,457
2026-07-04 11:58:00,53.6476,53.6476,53.6379,53.6427,3086
2026-07-04 12:00:00,53.6282,53.633,53.6282,53.633,563
2026-07-04 12:01:00,53.6282,53.6282,53.6282,53.6282,319
2026-07-04 12:02:00,53.6282,53.6359,53.6282,53.6282,3206
2026-07-04 12:03:00,53.6282,53.6282,53.6185,53.6185,657
2026-07-04 12:04:00,53.6234,53.6282,53.6137,53.6137,1002
2026-07-04 12:05:00,53.6234,53.6234,53.6185,53.6185,406
2026-07-04 12:06:00,53.6137,53.6137,53.6137,53.6137,618
2026-07-04 12:07:00,53.6185,53.6185,53.6137,53.6137,313
2026-07-04 12:08:00,53.6185,53.6234,53.6137,53.6137,1302
2026-07-04 12:09:00,53.6185,53.6185,53.6137,53.6137,777
2026-07-04 12:10:00,53.6185,53.6234,53.6137,53.6234,4345
2026-07-04 12:11:00,53.6185,53.6185,53.6137,53.6185,559
2026-07-04 12:12:00,53.6088,53.6088,53.604,53.604,816
2026-07-04 12:13:00,53.5992,53.5992,53.5992,53.5992,432
2026-07-04 12:14:00,53.604,53.6088,53.604,53.6088,534
2026-07-04 12:15:00,53.604,53.604,53.604,53.604,173
2026-07-04 12:16:00,53.5992,53.6069,53.5992,53.604,4288
2026-07-04 12:17:00,53.604,53.6088,53.604,53.604,1553
2026-07-04 12:18:00,53.6005,53.604,53.6005,53.604,669
2026-07-04 12:19:00,53.604,53.6088,53.604,53.6088,805
2026-07-04 12:20:00,53.6088,53.6185,53.6088,53.6185,2313
2026-07-04 12:21:00,53.6089,53.6379,53.6089,53.6282,2895
2026-07-04 12:22:00,53.6379,53.6379,53.6379,53.6379,105
2026-07-04 12:23:00,53.6379,53.6379,53.6379,53.6379,1222
2026-07-04 12:24:00,53.6476,53.6476,53.6427,53.6427,8164
2026-07-04 12:25:00,53.6476,53.6476,53.6379,53.6427,2366
2026-07-04 12:26:00,53.6379,53.6427,53.6234,53.6282,2252
2026-07-04 12:27:00,53.6234,53.6282,53.6234,53.6281,588
2026-07-04 12:28:00,53.6234,53.6282,53.6234,53.6282,385
2026-07-04 12:29:00,53.6282,53.6282,53.6234,53.6234,690
2026-07-04 12:30:00,53.6234,53.6234,53.6234,53.6234,423
2026-07-04 12:31:00,53.6282,53.6282,53.6185,53.6192,3765
2026-07-04 12:32:00,53.6234,53.6234,53.6088,53.6088,820
2026-07-04 12:33:00,53.6185,53.6192,53.6137,53.6192,1531
2026-07-04 12:34:00,53.6185,53.6234,53.6185,53.6185,743
2026-07-04 12:35:00,53.6182,53.6185,53.6137,53.6137,2613
2026-07-04 12:36:00,53.6176,53.6185,53.6176,53.6185,478
2026-07-04 12:37:00,53.6185,53.6234,53.6185,53.6185,977
2026-07-04 12:38:00,53.6185,53.6234,53.6185,53.6234,966
2026-07-04 12:39:00,53.6234,53.6234,53.6185,53.6185,1404
2026-07-04 12:40:00,53.6089,53.6234,53.6089,53.6234,8245
2026-07-04 12:41:00,53.6234,53.6282,53.6234,53.6282,884
2026-07-04 12:42:00,53.6282,53.6282,53.6282,53.6282,232
2026-07-04 12:43:00,53.6234,53.6234,53.6185,53.6185,867
2026-07-04 12:44:00,53.6185,53.6234,53.6137,53.6234,1135
2026-07-04 12:45:00,53.6234,53.6282,53.6234,53.6282,509
2026-07-04 12:46:00,53.6282,53.6282,53.6185,53.6282,2024
2026-07-04 12:47:00,53.6282,53.6282,53.6282,53.6282,766
2026-07-04 12:48:00,53.6379,53.6379,53.6379,53.6379,790
2026-07-04 12:49:00,53.6476,53.6524,53.6476,53.6524,472
2026-07-04 12:50:00,53.6524,53.6572,53.6524,53.6572,692
2026-07-04 12:51:00,53.6553,53.6572,53.6524,53.6524,491
2026-07-04 12:52:00,53.6572,53.6669,53.6572,53.6669,1059
2026-07-04 12:54:00,53.6766,53.6851,53.6718,53.6851,1637
2026-07-04 12:55:00,53.6766,53.6911,53.6766,53.6863,2397
2026-07-04 12:56:00,53.6814,53.6911,53.6814,53.6911,585
2026-07-04 12:57:00,53.6911,53.696,53.6911,53.6911,943
2026-07-04 12:58:00,53.6863,53.696,53.6863,53.696,652
2026-07-04 12:59:00,53.6911,53.696,53.6911,53.6911,904
2026-07-04 13:00:00,53.6911,53.6959,53.6911,53.6911,1518
2026-07-04 13:01:00,53.6863,53.6911,53.6814,53.6911,1551
2026-07-04 13:02:00,53.696,53.696,53.6911,53.6911,1778
2026-07-04 13:03:00,53.696,53.7008,53.696,53.7008,2232
2026-07-04 13:04:00,53.7008,53.7056,53.696,53.6984,3228
2026-07-04 13:05:00,53.7008,53.7008,53.696,53.696,1803
2026-07-04 13:06:00,53.6911,53.6911,53.6863,53.6911,1022
2026-07-04 13:07:00,53.6864,53.7008,53.6864,53.7008,1410
2026-07-04 13:08:00,53.7056,53.7056,53.7056,53.7056,532
2026-07-04 13:09:00,53.7152,53.7153,53.7105,53.7153,1475
2026-07-04 13:10:00,53.7153,53.7153,53.7153,53.7153,1528
2026-07-04 13:12:00,53.7058,53.7153,53.7058,53.7153,891
2026-07-04 13:14:00,53.7105,53.7105,53.7056,53.7105,1295
2026-07-04 13:15:00,53.7153,53.7153,53.7105,53.7105,1240
2026-07-04 13:16:00,53.7057,53.7105,53.7057,53.7105,1444
2026-07-04 13:17:00,53.7153,53.7153,53.7153,53.7153,263
2026-07-04 13:18:00,53.7105,53.7105,53.7105,53.7105,256
2026-07-04 13:19:00,53.7105,53.7153,53.7105,53.7153,617
2026-07-04 13:20:00,53.7153,53.7202,53.7153,53.7202,685
2026-07-04 13:21:00,53.7202,53.7202,53.7105,53.7153,1686
2026-07-04 13:22:00,53.7153,53.7153,53.7153,53.7153,183
2026-07-04 13:23:00,53.7105,53.7153,53.7105,53.7153,499
2026-07-04 13:24:00,53.7105,53.7105,53.7008,53.7008,1844
2026-07-04 13:25:00,53.7008,53.7037,53.696,53.696,2375
2026-07-04 13:26:00,53.696,53.696,53.696,53.696,573
2026-07-04 13:27:00,53.696,53.696,53.6911,53.6911,1239
2026-07-04 13:28:00,53.696,53.696,53.696,53.696,185
2026-07-04 13:29:00,53.6911,53.6911,53.6864,53.6911,661
2026-07-04 13:30:00,53.696,53.696,53.696,53.696,391
2026-07-04 13:31:00,53.696,53.696,53.6863,53.6911,1666
2026-07-04 13:32:00,53.6863,53.696,53.6863,53.696,1339
2026-07-04 13:33:00,53.6903,53.6903,53.6864,53.6864,359
2026-07-04 13:34:00,53.696,53.696,53.6911,53.696,884
2026-07-04 13:35:00,53.696,53.7008,53.696,53.7008,1864
2026-07-04 13:36:00,53.7008,53.7008,53.696,53.7008,743
2026-07-04 13:37:00,53.7056,53.7105,53.7056,53.7105,1290
2026-07-04 13:38:00,53.7153,53.7153,53.7153,53.7153,107
2026-07-04 13:39:00,53.7153,53.7153,53.7153,53.7153,185
2026-07-04 13:40:00,53.7153,53.7298,53.7153,53.725,5444
2026-07-04 13:41:00,53.725,53.725,53.7154,53.725,1212
2026-07-04 13:42:00,53.725,53.725,53.7202,53.725,575
2026-07-04 13:43:00,53.7298,53.7298,53.7298,53.7298,229
2026-07-04 13:44:00,53.7347,53.7347,53.7298,53.7298,482
2026-07-04 13:46:00,53.7347,53.7347,53.7298,53.7298,460
2026-07-04 13:47:00,53.7347,53.7347,53.7347,53.7347,460
2026-07-04 13:48:00,53.7347,53.7347,53.7347,53.7347,487
2026-07-04 13:49:00,53.7298,53.7298,53.7298,53.7298,266
2026-07-04 13:50:00,53.7347,53.7347,53.7251,53.7251,317
2026-07-04 13:51:00,53.7298,53.7347,53.7298,53.7347,506
2026-07-04 13:52:00,53.7347,53.7347,53.725,53.725,1021
2026-07-04 13:53:00,53.7347,53.7347,53.725,53.725,1914
2026-07-04 13:54:00,53.7202,53.7202,53.7202,53.7202,182
2026-07-04 13:55:00,53.725,53.7298,53.725,53.7298,2247
2026-07-04 13:56:00,53.725,53.7298,53.725,53.7298,1102
2026-07-04 13:57:00,53.725,53.7347,53.725,53.7269,899
2026-07-04 13:58:00,53.725,53.7298,53.725,53.725,1013
2026-07-04 14:00:00,53.725,53.725,53.725,53.725,2904
2026-07-04 14:01:00,53.7298,53.7298,53.7202,53.7202,965
2026-07-04 14:02:00,53.7153,53.7202,53.7153,53.7153,1206
2026-07-04 14:03:00,53.7153,53.7153,53.7105,53.7105,775
2026-07-04 14:04:00,53.7105,53.7153,53.7105,53.7153,473
2026-07-04 14:05:00,53.7105,53.7202,53.7105,53.7202,1502
2026-07-04 14:06:00,53.725,53.725,53.7202,53.7202,359
2026-07-04 14:07:00,53.7202,53.7202,53.7153,53.7202,1140
2026-07-04 14:08:00,53.7153,53.7202,53.7056,53.7153,2099
2026-07-04 14:09:00,53.7153,53.7153,53.7105,53.7105,2167
2026-07-04 14:10:00,53.696,53.7008,53.696,53.7008,1013
2026-07-04 14:11:00,53.696,53.7056,53.696,53.7047,1052
2026-07-04 14:12:00,53.7055,53.7055,53.7055,53.7055,260
2026-07-04 14:13:00,53.696,53.7056,53.6911,53.7056,8795
2026-07-04 14:14:00,53.696,53.696,53.696,53.696,334
2026-07-04 14:15:00,53.7056,53.7056,53.696,53.7008,809
2026-07-04 14:16:00,53.7008,53.7008,53.6911,53.6911,1602
2026-07-04 14:17:00,53.696,53.696,53.696,53.696,226
2026-07-04 14:18:00,53.696,53.7008,53.6874,53.6874,3659
2026-07-04 14:19:00,53.6911,53.6911,53.6911,53.6911,441
2026-07-04 14:20:00,53.696,53.696,53.696,53.696,638
2026-07-04 14:21:00,53.696,53.696,53.696,53.696,342
2026-07-04 14:22:00,53.6911,53.6911,53.6911,53.6911,293
2026-07-04 14:23:00,53.696,53.696,53.6863,53.696,781
2026-07-04 14:24:00,53.696,53.696,53.6863,53.6911,2625
2026-07-04 14:25:00,53.6911,53.696,53.6864,53.696,2555
2026-07-04 14:26:00,53.696,53.696,53.696,53.696,243
2026-07-04 14:27:00,53.7056,53.7056,53.7008,53.7008,2021
2026-07-04 14:28:00,53.7056,53.7105,53.7008,53.7008,4307
2026-07-04 14:29:00,53.7008,53.7056,53.7008,53.7056,1265
2026-07-04 14:30:00,53.7008,53.7056,53.6962,53.6962,1990
2026-07-04 14:31:00,53.7008,53.7008,53.6911,53.696,3900
2026-07-04 14:32:00,53.696,53.696,53.6863,53.6863,3420
2026-07-04 14:33:00,53.6863,53.696,53.6863,53.696,2949
2026-07-04 14:34:00,53.7056,53.725,53.7056,53.7202,3018
2026-07-04 14:35:00,53.7202,53.7202,53.7153,53.7153,1284
2026-07-04 14:36:00,53.7202,53.725,53.7105,53.725,4435
2026-07-04 14:37:00,53.7202,53.7202,53.7105,53.7105,1573
2026-07-04 14:38:00,53.7056,53.7105,53.6766,53.6814,24452
2026-07-04 14:39:00,53.6814,53.6814,53.6572,53.6718,3023
2026-07-04 14:40:00,53.6621,53.6669,53.6572,53.6572,2996
2026-07-04 14:41:00,53.6669,53.6766,53.6669,53.6766,2440
2026-07-04 14:42:00,53.6766,53.6767,53.6718,53.6767,2585
2026-07-04 14:43:00,53.686,53.6863,53.6814,53.6839,638
2026-07-04 14:44:00,53.6863,53.696,53.6863,53.6911,2556
2026-07-04 14:45:00,53.696,53.7056,53.696,53.7056,2712
2026-07-04 14:46:00,53.7008,53.7056,53.7008,53.7008,829
2026-07-04 14:47:00,53.7008,53.7056,53.696,53.7008,4981
2026-07-04 14:48:00,53.696,53.7056,53.696,53.7056,994
2026-07-04 14:49:00,53.7153,53.725,53.7153,53.725,956
2026-07-04 14:50:00,53.7347,53.7347,53.7298,53.7298,2478
2026-07-04 14:51:00,53.7347,53.7347,53.7298,53.7347,2369
2026-07-04 14:52:00,53.7327,53.7444,53.7327,53.7347,15725
2026-07-04 14:53:00,53.7298,53.7298,53.7276,53.7298,8676
2026-07-04 14:54:00,53.7332,53.7347,53.725,53.725,2195
2026-07-04 14:55:00,53.7202,53.7202,53.7153,53.7153,507
2026-07-04 14:56:00,53.7153,53.7202,53.7153,53.7202,1021
2026-07-04 14:57:00,53.7202,53.7202,53.7202,53.7202,668
2026-07-04 14:58:00,53.7153,53.7153,53.7105,53.7105,1245
2026-07-04 14:59:00,53.7105,53.7105,53.7105,53.7105,835
2026-07-04 15:00:00,53.7105,53.7105,53.696,53.7008,5206
2026-07-04 15:01:00,53.7008,53.7105,53.696,53.7105,3214
2026-07-04 15:02:00,53.7105,53.7105,53.7056,53.7056,1113
2026-07-04 15:03:00,53.7056,53.7132,53.7056,53.7105,1815
2026-07-04 15:04:00,53.7153,53.7153,53.7105,53.7105,2088
2026-07-04 15:05:00,53.7056,53.7056,53.6961,53.7008,11999
2026-07-04 15:06:00,53.696,53.696,53.6863,53.6911,2722
2026-07-04 15:07:00,53.696,53.7008,53.6911,53.696,15865
2026-07-04 15:08:00,53.7008,53.7105,53.7008,53.7105,1942
2026-07-04 15:09:00,53.7105,53.7105,53.7056,53.7105,1829
2026-07-04 15:10:00,53.7105,53.7134,53.7056,53.7134,1152
2026-07-04 15:11:00,53.7056,53.7056,53.6863,53.6911,7981
2026-07-04 15:12:00,53.6911,53.6963,53.6911,53.6963,1833
2026-07-04 15:13:00,53.7047,53.7047,53.6911,53.6911,1833
2026-07-04 15:14:00,53.696,53.7008,53.696,53.7008,2053
2026-07-04 15:15:00,53.7008,53.7056,53.7008,53.7008,1211
2026-07-04 15:16:00,53.7056,53.7056,53.6961,53.7008,520
2026-07-04 15:17:00,53.696,53.7056,53.696,53.7056,2467
2026-07-04 15:18:00,53.7001,53.7001,53.696,53.696,656
2026-07-04 15:19:00,53.7008,53.7056,53.7008,53.7056,654
2026-07-04 15:20:00,53.7008,53.7008,53.696,53.7008,997
2026-07-04 15:21:00,53.696,53.7008,53.696,53.7008,491
2026-07-04 15:22:00,53.7008,53.7153,53.6995,53.7105,5452
2026-07-04 15:23:00,53.7056,53.7056,53.696,53.6961,3189
2026-07-04 15:24:00,53.696,53.696,53.696,53.696,174
2026-07-04 15:26:00,53.7056,53.7153,53.7008,53.7008,5263
2026-07-04 15:27:00,53.7056,53.7056,53.696,53.696,1813
2026-07-04 15:28:00,53.7008,53.7008,53.7008,53.7008,596
2026-07-04 15:29:00,53.696,53.7008,53.6911,53.6911,3407
2026-07-04 15:30:00,53.6911,53.696,53.6863,53.696,6447
2026-07-04 15:31:00,53.6911,53.696,53.6911,53.6911,6360
2026-07-04 15:32:00,53.6863,53.7056,53.6814,53.7056,14172
2026-07-04 15:33:00,53.7056,53.7105,53.7008,53.7105,3440
2026-07-04 15:34:00,53.7105,53.725,53.7105,53.725,4191
2026-07-04 15:36:00,53.7202,53.7347,53.7153,53.7298,4496
2026-07-04 15:37:00,53.7298,53.7298,53.7298,53.7298,667
2026-07-04 15:38:00,53.7298,53.7335,53.7298,53.7298,1152
2026-07-04 15:39:00,53.725,53.7347,53.725,53.7347,800
2026-07-04 15:40:00,53.725,53.7298,53.725,53.7298,474
2026-07-04 15:41:00,53.7298,53.7347,53.7202,53.725,12701
2026-07-04 15:42:00,53.7251,53.754,53.7161,53.754,27068
2026-07-04 15:43:00,53.7445,53.7637,53.7445,53.7637,7007
2026-07-04 15:44:00,53.7637,53.7734,53.7637,53.7734,5246
2026-07-04 15:45:00,53.7734,53.7879,53.7734,53.7831,8921
2026-07-04 15:46:00,53.7879,53.7879,53.7831,53.7879,5352
2026-07-04 15:47:00,53.7831,53.7879,53.7831,53.7831,5204
2026-07-04 15:48:00,53.7879,53.7928,53.7782,53.7782,7197
2026-07-04 15:49:00,53.7782,53.7782,53.7637,53.7637,4307
2026-07-04 15:50:00,53.754,53.7782,53.7444,53.7734,26328
2026-07-04 15:51:00,53.7734,53.7831,53.7734,53.7831,2390
2026-07-04 15:52:00,53.7735,53.7782,53.7686,53.7734,15909
2026-07-04 15:53:00,53.7686,53.7686,53.7637,53.7686,8516
2026-07-04 15:54:00,53.7686,53.7686,53.7637,53.7637,3254
2026-07-04 15:55:00,53.7686,53.7782,53.7637,53.7686,19519
2026-07-04 15:56:00,53.7637,53.7686,53.754,53.754,13315
2026-07-04 15:57:00,53.7589,53.7589,53.754,53.754,7702
2026-07-04 15:58:00,53.754,53.7589,53.7347,53.7395,29548
2026-07-04 15:59:00,53.7444,53.7444,53.7105,53.7347,69017
2026-07-07 09:30:00,54.0638,54.1025,54.0638,54.1025,43869
2026-07-07 09:31:00,54.0928,54.1122,54.0832,54.1122,3538
2026-07-07 09:32:00,54.1035,54.1122,54.0928,54.1025,4652
2026-07-07 09:33:00,54.0977,54.1219,54.0928,54.1219,3992
2026-07-07 09:34:00,54.1124,54.1219,54.1124,54.1219,1710
2026-07-07 09:35:00,54.1122,54.1122,54.0928,54.0977,4485
2026-07-07 09:36:00,54.1122,54.1316,54.1122,54.1316,10128
2026-07-07 09:37:00,54.1219,54.1219,54.0928,54.1025,8925
2026-07-07 09:38:00,54.0928,54.0977,54.0928,54.0928,4874
2026-07-07 09:39:00,54.0928,54.0977,54.0928,54.0977,783
2026-07-07 09:40:00,54.0928,54.1025,54.088,54.088,3202
2026-07-07 09:41:00,54.0928,54.1001,54.088,54.0928,4065
2026-07-07 09:42:00,54.0928,54.1025,54.0735,54.088,7854
2026-07-07 09:43:00,54.0832,54.1025,54.0832,54.1025,1300
2026-07-07 09:44:00,54.0977,54.1316,54.0977,54.1316,6235
2026-07-07 09:46:00,54.1316,54.1461,54.1316,54.1413,2924
2026-07-07 09:47:00,54.1413,54.1461,54.1219,54.1316,4398
2026-07-07 09:48:00,54.1267,54.1316,54.1122,54.1171,3227
2026-07-07 09:49:00,54.1171,54.1171,54.1074,54.1074,4848
2026-07-07 09:50:00,54.1122,54.1461,54.1122,54.1461,3816
2026-07-07 09:51:00,54.1393,54.1393,54.1267,54.1364,831
2026-07-07 09:52:00,54.1412,54.1412,54.1219,54.1316,3068
2026-07-07 09:53:00,54.1122,54.1122,54.0928,54.1025,6576
2026-07-07 09:54:00,54.1025,54.1122,54.0977,54.1025,2707
2026-07-07 09:55:00,54.1025,54.1025,54.0928,54.0928,888
2026-07-07 09:56:00,54.1025,54.1025,54.0783,54.0783,3583
2026-07-07 09:57:00,54.0807,54.0807,54.0807,54.0807,494
2026-07-07 09:58:00,54.0783,54.0928,54.0783,54.0927,1529
2026-07-07 09:59:00,54.0928,54.1074,54.0928,54.1074,1962
2026-07-07 10:00:00,54.1074,54.1171,54.1025,54.1171,3114
2026-07-07 10:01:00,54.1171,54.1219,54.1025,54.1025,1373
2026-07-07 10:02:00,54.0977,54.1025,54.088,54.0977,14988
2026-07-07 10:03:00,54.1025,54.1077,54.0977,54.1077,2208
2026-07-07 10:04:00,54.1025,54.1074,54.0928,54.1074,2945
2026-07-07 10:05:00,54.1074,54.1171,54.1025,54.1122,3467
2026-07-07 10:06:00,54.1171,54.1219,54.1067,54.1122,5405
2026-07-07 10:07:00,54.1074,54.1074,54.0832,54.0977,14572
2026-07-07 10:08:00,54.0928,54.1122,54.0928,54.0928,3904
2026-07-07 10:09:00,54.0977,54.1025,54.0977,54.0977,1061
2026-07-07 10:10:00,54.0928,54.0977,54.0833,54.0928,4213
2026-07-07 10:11:00,54.0977,54.1122,54.0928,54.1122,1725
2026-07-07 10:12:00,54.1171,54.1171,54.1171,54.1171,807
2026-07-07 10:13:00,54.1171,54.1219,54.1122,54.1122,2358
2026-07-07 10:14:00,54.1074,54.1119,54.1074,54.1119,1135
2026-07-07 10:15:00,54.1122,54.1219,54.1122,54.1219,1693
2026-07-07 10:16:00,54.1316,54.1316,54.1219,54.1219,5212
2026-07-07 10:17:00,54.1171,54.1171,54.1033,54.1074,2277
2026-07-07 10:18:00,54.1074,54.1074,54.1074,54.1074,107
2026-07-07 10:19:00,54.1122,54.1219,54.1122,54.1171,1531
2026-07-07 10:20:00,54.1122,54.1171,54.0977,54.1074,7081
2026-07-07 10:21:00,54.1122,54.1122,54.1074,54.1122,718
2026-07-07 10:22:00,54.1074,54.1219,54.1025,54.1122,3587
2026-07-07 10:23:00,54.1171,54.1219,54.1122,54.1171,3538
2026-07-07 10:24:00,54.1122,54.1171,54.1122,54.1122,2741
2026-07-07 10:25:00,54.1074,54.1074,54.0977,54.1074,5010
2026-07-07 10:26:00,54.1074,54.1074,54.0977,54.0977,1247
2026-07-07 10:27:00,54.0977,54.0977,54.0832,54.0832,1649
2026-07-07 10:28:00,54.0928,54.1025,54.0928,54.1025,1674
2026-07-07 10:29:00,54.0977,54.0977,54.0977,54.0977,425
2026-07-07 10:30:00,54.0928,54.0977,54.0832,54.088,3559
2026-07-07 10:31:00,54.0928,54.0928,54.0832,54.0832,1396
2026-07-07 10:32:00,54.0832,54.0928,54.0832,54.0928,2258
2026-07-07 10:33:00,54.0928,54.1025,54.0832,54.0977,1808
2026-07-07 10:34:00,54.1025,54.1025,54.0967,54.1025,2022
2026-07-07 10:35:00,54.0928,54.1025,54.088,54.088,3830
2026-07-07 10:36:00,54.088,54.0928,54.0783,54.0832,5902
2026-07-07 10:37:00,54.088,54.0977,54.088,54.0977,2915
2026-07-07 10:38:00,54.0977,54.1316,54.0977,54.1219,14096
2026-07-07 10:39:00,54.1219,54.1316,54.1121,54.1122,18806
2026-07-07 10:40:00,54.1122,54.1122,54.0841,54.0841,8285
2026-07-07 10:41:00,54.0832,54.088,54.0735,54.0783,4702
2026-07-07 10:42:00,54.0735,54.0783,54.0735,54.0783,2588
2026-07-07 10:43:00,54.0783,54.0783,54.0686,54.0686,3558
2026-07-07 10:44:00,54.0638,54.0735,54.0638,54.0638,4388
2026-07-07 10:45:00,54.0541,54.0541,54.0541,54.0541,1446
2026-07-07 10:46:00,54.059,54.0638,54.0541,54.059,1794
2026-07-07 10:47:00,54.059,54.0686,54.059,54.0686,2050
2026-07-07 10:48:00,54.059,54.0637,54.0541,54.0637,2077
2026-07-07 10:49:00,54.059,54.059,54.059,54.059,308
2026-07-07 10:50:00,54.059,54.0735,54.059,54.0639,4646
2026-07-07 10:51:00,54.0686,54.0686,54.0541,54.059,3647
2026-07-07 10:52:00,54.0541,54.059,54.0444,54.0444,1565
2026-07-07 10:53:00,54.0396,54.0396,54.0396,54.0396,570
2026-07-07 10:54:00,54.0444,54.0445,54.0444,54.0445,1160
2026-07-07 10:55:00,54.0493,54.0541,54.0396,54.0541,3570
2026-07-07 10:56:00,54.0541,54.0686,54.0541,54.0638,4416
2026-07-07 10:57:00,54.059,54.0638,54.0493,54.0493,3042
2026-07-07 10:58:00,54.0541,54.0541,54.0541,54.0541,330
2026-07-07 10:59:00,54.0541,54.0638,54.0541,54.059,10809
2026-07-07 11:00:00,54.0638,54.0686,54.0541,54.0541,6420
2026-07-07 11:01:00,54.0444,54.0541,54.0444,54.0541,655
2026-07-07 11:02:00,54.0493,54.0493,54.0348,54.0348,3513
2026-07-07 11:03:00,54.0299,54.0299,54.0251,54.0251,331
2026-07-07 11:04:00,54.0299,54.0299,54.0251,54.0251,4823
2026-07-07 11:05:00,54.0154,54.0251,54.0009,54.0057,5571
2026-07-07 11:06:00,54.0057,54.0057,53.967,53.9767,5928
2026-07-07 11:07:00,53.9671,53.9864,53.967,53.9815,4828
2026-07-07 11:08:00,53.9853,53.996,53.9767,53.9912,9347
2026-07-07 11:09:00,53.9912,53.9912,53.9815,53.9815,631
2026-07-07 11:10:00,53.9815,53.9864,53.9767,53.9767,2716
2026-07-07 11:11:00,53.9815,53.9815,53.9815,53.9815,1319
2026-07-07 11:12:00,53.9815,53.9815,53.967,53.967,9448
2026-07-07 11:13:00,53.967,53.9718,53.9476,53.9525,4014
2026-07-07 11:14:00,53.9525,53.9573,53.9476,53.9487,1321
2026-07-07 11:15:00,53.9525,53.9573,53.9525,53.9525,1468
2026-07-07 11:16:00,53.9525,53.9525,53.9283,53.9331,10310
2026-07-07 11:17:00,53.9331,53.9331,53.9331,53.9331,364
2026-07-07 11:18:00,53.9331,53.9476,53.9283,53.9476,10053
2026-07-07 11:19:00,53.9525,53.9573,53.9331,53.9331,2873
2026-07-07 11:20:00,53.9331,53.938,53.9331,53.9331,1933
2026-07-07 11:21:00,53.938,53.9476,53.9331,53.9476,4803
2026-07-07 11:22:00,53.9476,53.9756,53.9403,53.967,10727
2026-07-07 11:23:00,53.9573,53.9608,53.9428,53.9428,2903
2026-07-07 11:24:00,53.9428,53.9525,53.938,53.9525,6606
2026-07-07 11:25:00,53.9525,53.9573,53.9476,53.9573,4199
2026-07-07 11:26:00,53.9622,53.9622,53.9476,53.9525,3001
2026-07-07 11:27:00,53.9525,53.9525,53.9476,53.9476,1421
2026-07-07 11:28:00,53.9525,53.9622,53.9525,53.9573,2592
2026-07-07 11:29:00,53.9476,53.9573,53.9476,53.9573,4449
2026-07-07 11:30:00,53.9525,53.9525,53.9186,53.9186,6588
2026-07-07 11:31:00,53.9234,53.9428,53.9234,53.9428,4360
2026-07-07 11:32:00,53.9428,53.9476,53.9041,53.9089,10805
2026-07-07 11:33:00,53.9089,53.9234,53.9089,53.9234,2851
2026-07-07 11:34:00,53.9234,53.938,53.9211,53.9331,5977
2026-07-07 11:35:00,53.9283,53.9283,53.9089,53.9138,5648
2026-07-07 11:36:00,53.9089,53.9167,53.9089,53.9167,1127
2026-07-07 11:37:00,53.9041,53.9283,53.9041,53.9234,2600
2026-07-07 11:38:00,53.9234,53.9234,53.9186,53.9234,948
2026-07-07 11:39:00,53.9283,53.9283,53.9283,53.9283,1440
2026-07-07 11:40:00,53.9234,53.9331,53.9234,53.9283,2374
2026-07-07 11:41:00,53.9186,53.9283,53.9186,53.9283,1889
2026-07-07 11:42:00,53.9283,53.938,53.9283,53.9284,1833
2026-07-07 11:43:00,53.9331,53.938,53.9331,53.9341,1999
2026-07-07 11:44:00,53.9284,53.9331,53.9284,53.9331,803
2026-07-07 11:45:00,53.9331,53.9331,53.9138,53.9186,3101
2026-07-07 11:46:00,53.9186,53.938,53.9186,53.938,18757
2026-07-07 11:47:00,53.9331,53.9331,53.9331,53.9331,1946
2026-07-07 11:48:00,53.9283,53.9331,53.9283,53.9331,1320
2026-07-07 11:49:00,53.938,53.9476,53.9299,53.9476,1684
2026-07-07 11:50:00,53.9428,53.9428,53.9428,53.9428,172
2026-07-07 11:51:00,53.9476,53.9476,53.9428,53.9476,2502
2026-07-07 11:52:00,53.9525,53.9573,53.9525,53.9525,1931
2026-07-07 11:53:00,53.9525,53.9634,53.9525,53.9634,5095
2026-07-07 11:55:00,53.9622,53.9622,53.9594,53.9594,781
2026-07-07 11:56:00,53.9622,53.967,53.9622,53.967,1278
2026-07-07 11:58:00,53.967,53.967,53.9622,53.967,768
2026-07-07 11:59:00,53.967,53.9767,53.967,53.9767,1931
2026-07-07 12:00:00,53.9767,53.9815,53.967,53.9764,10730
2026-07-07 12:01:00,53.9767,53.9864,53.9767,53.9864,666
2026-07-07 12:02:00,53.9815,53.9815,53.9815,53.9815,804
2026-07-07 12:03:00,53.9815,53.9815,53.9815,53.9815,396
2026-07-07 12:04:00,53.9864,53.9864,53.9864,53.9864,595
2026-07-07 12:05:00,53.9864,53.9864,53.9864,53.9864,514
2026-07-07 12:06:00,53.9815,53.9864,53.9815,53.9864,512
2026-07-07 12:07:00,53.9864,53.996,53.9864,53.996,3046
2026-07-07 12:08:00,53.9912,53.9912,53.9912,53.9912,758
2026-07-07 12:09:00,53.9912,54.0009,53.9912,54.0009,3767
2026-07-07 12:10:00,54.0057,54.0057,54.0057,54.0057,420
2026-07-07 12:11:00,54.0009,54.0009,54.0009,54.0009,344
2026-07-07 12:12:00,54.0057,54.0106,54.0057,54.0057,1806
2026-07-07 12:13:00,54.0057,54.0057,54.0057,54.0057,513
2026-07-07 12:14:00,54.0009,54.0057,54.0009,54.0028,3380
2026-07-07 12:15:00,54.0009,54.0106,53.996,54.0009,18116
2026-07-07 12:16:00,53.996,54.0106,53.996,54.0106,2310
2026-07-07 12:17:00,54.0106,54.0106,54.0106,54.0106,307
2026-07-07 12:18:00,54.0154,54.0251,54.0154,54.0251,1605
2026-07-07 12:19:00,54.0251,54.0347,54.0251,54.0299,3750
2026-07-07 12:20:00,54.0348,54.0396,54.0299,54.0396,2154
2026-07-07 12:21:00,54.0444,54.0493,54.0444,54.0444,2089
2026-07-07 12:22:00,54.0493,54.0541,54.0444,54.0541,4178
2026-07-07 12:23:00,54.0541,54.059,54.0541,54.0541,1663
2026-07-07 12:24:00,54.0638,54.0638,54.0636,54.0638,756
2026-07-07 12:25:00,54.059,54.0638,54.059,54.0638,587
2026-07-07 12:26:00,54.0638,54.0735,54.0638,54.0735,1151
2026-07-07 12:27:00,54.0686,54.0735,54.0682,54.0686,1416
2026-07-07 12:28:00,54.0735,54.0735,54.0686,54.0686,925
2026-07-07 12:30:00,54.0735,54.0832,54.0638,54.0638,5942
2026-07-07 12:31:00,54.0638,54.0735,54.0638,54.0735,2116
2026-07-07 12:32:00,54.0735,54.0783,54.0638,54.0783,5368
2026-07-07 12:33:00,54.0686,54.0686,54.0686,54.0686,377
2026-07-07 12:34:00,54.0735,54.0735,54.0735,54.0735,466
2026-07-07 12:35:00,54.0638,54.0735,54.0638,54.0735,626
2026-07-07 12:36:00,54.0735,54.0735,54.0735,54.0735,227
2026-07-07 12:37:00,54.0735,54.0783,54.0686,54.0686,3880
2026-07-07 12:38:00,54.0686,54.0686,54.0638,54.0686,994
2026-07-07 12:39:00,54.0686,54.0686,54.0638,54.0638,1719
2026-07-07 12:40:00,54.0686,54.0686,54.0541,54.0609,2419
2026-07-07 12:41:00,54.0638,54.0735,54.0638,54.0686,2907
2026-07-07 12:42:00,54.0686,54.0783,54.0638,54.0685,4777
2026-07-07 12:43:00,54.0686,54.0686,54.0686,54.0686,1415
2026-07-07 12:44:00,54.0735,54.1025,54.0735,54.0928,55869
2026-07-07 12:45:00,54.0928,54.1074,54.0928,54.1025,1623
2026-07-07 12:46:00,54.0928,54.1025,54.0928,54.1025,437
2026-07-07 12:47:00,54.0977,54.1025,54.0977,54.1025,585
2026-07-07 12:48:00,54.1036,54.1036,54.1036,54.1036,210
2026-07-07 12:49:00,54.1074,54.1074,54.1074,54.1074,375
2026-07-07 12:50:00,54.1061,54.1074,54.1026,54.1074,4155
2026-07-07 12:51:00,54.1122,54.1122,54.1074,54.1074,579
2026-07-07 12:52:00,54.1074,54.1074,54.1074,54.1074,761
2026-07-07 12:53:00,54.1121,54.1121,54.1036,54.1074,2304
2026-07-07 12:54:00,54.1025,54.1074,54.1025,54.1074,418
2026-07-07 12:55:00,54.1122,54.1122,54.1122,54.1122,413
2026-07-07 12:56:00,54.1074,54.1074,54.1025,54.1074,6881
2026-07-07 12:57:00,54.1074,54.1074,54.1074,54.1074,1012
2026-07-07 12:58:00,54.1074,54.1074,54.0977,54.0977,4380
2026-07-07 12:59:00,54.0977,54.1025,54.0977,54.0977,1339
2026-07-07 13:00:00,54.0977,54.1025,54.0977,54.1025,2126
2026-07-07 13:01:00,54.0977,54.1025,54.0928,54.0928,1179
2026-07-07 13:02:00,54.0977,54.0977,54.0928,54.0977,2669
2026-07-07 13:03:00,54.1025,54.1025,54.0977,54.1025,3750
2026-07-07 13:04:00,54.1025,54.1074,54.1025,54.1074,3666
2026-07-07 13:05:00,54.1074,54.1074,54.1074,54.1074,1416
2026-07-07 13:06:00,54.1074,54.1074,54.1074,54.1074,2092
2026-07-07 13:07:00,54.1074,54.1074,54.1074,54.1074,504
2026-07-07 13:08:00,54.1074,54.1074,54.1074,54.1074,738
2026-07-07 13:09:00,54.1074,54.1074,54.0928,54.0928,7594
2026-07-07 13:10:00,54.1025,54.1025,54.0928,54.1025,908
2026-07-07 13:13:00,54.1025,54.1025,54.1025,54.1025,713
2026-07-07 13:14:00,54.1025,54.1074,54.1025,54.1074,4060
2026-07-07 13:15:00,54.1074,54.1122,54.1074,54.1122,1013
2026-07-07 13:16:00,54.1098,54.1098,54.1098,54.1098,425
2026-07-07 13:17:00,54.1026,54.1026,54.1025,54.1025,230
2026-07-07 13:18:00,54.1122,54.1218,54.1122,54.1218,2912
2026-07-07 13:19:00,54.1171,54.1219,54.1122,54.1219,1304
2026-07-07 13:20:00,54.1219,54.1219,54.1171,54.1219,7506
2026-07-07 13:21:00,54.1316,54.1316,54.1267,54.1316,4181
2026-07-07 13:22:00,54.1316,54.1364,54.1122,54.1171,7048
2026-07-07 13:23:00,54.1122,54.1122,54.1027,54.1027,1472
2026-07-07 13:25:00,54.1074,54.1074,54.1025,54.1028,1636
2026-07-07 13:26:00,54.1074,54.1074,54.1074,54.1074,390
2026-07-07 13:27:00,54.1074,54.1109,54.1074,54.1109,1073
2026-07-07 13:28:00,54.1074,54.1122,54.1074,54.1074,1207
2026-07-07 13:29:00,54.1122,54.1122,54.1064,54.1064,921
2026-07-07 13:30:00,54.1074,54.1074,54.0832,54.0977,6140
2026-07-07 13:31:00,54.1025,54.1025,54.0928,54.0928,834
2026-07-07 13:32:00,54.0832,54.0832,54.0832,54.0832,571
2026-07-07 13:33:00,54.0735,54.0783,54.0735,54.0783,986
2026-07-07 13:34:00,54.0783,54.0783,54.0783,54.0783,126
2026-07-07 13:35:00,54.0783,54.0832,54.0783,54.0783,2106
2026-07-07 13:36:00,54.0783,54.0832,54.0783,54.0783,644
2026-07-07 13:37:00,54.0735,54.0783,54.0735,54.0783,552
2026-07-07 13:38:00,54.0783,54.0832,54.0783,54.0783,2428
2026-07-07 13:39:00,54.0783,54.0783,54.0783,54.0783,471
2026-07-07 13:40:00,54.0783,54.0783,54.0735,54.0735,613
2026-07-07 13:41:00,54.0735,54.0783,54.0735,54.0783,1515
2026-07-07 13:42:00,54.0735,54.0783,54.0735,54.0735,1080
2026-07-07 13:43:00,54.0735,54.0735,54.0735,54.0735,969
2026-07-07 13:44:00,54.0686,54.0735,54.0686,54.0735,1671
2026-07-07 13:45:00,54.0735,54.0783,54.0735,54.0783,1248
2026-07-07 13:46:00,54.0818,54.0818,54.0746,54.0783,1235
2026-07-07 13:47:00,54.0783,54.0783,54.0783,54.0783,114
2026-07-07 13:48:00,54.0735,54.0735,54.0735,54.0735,214
2026-07-07 13:49:00,54.0832,54.0832,54.0832,54.0832,727
2026-07-07 13:50:00,54.0832,54.088,54.0832,54.088,4335
2026-07-07 13:51:00,54.088,54.0928,54.0842,54.0928,2882
2026-07-07 13:52:00,54.1025,54.1171,54.1025,54.1171,10180
2026-07-07 13:53:00,54.1171,54.1171,54.1171,54.1171,464
2026-07-07 13:54:00,54.1219,54.1219,54.1133,54.1171,3470
2026-07-07 13:56:00,54.1122,54.1219,54.1122,54.1219,338
2026-07-07 13:57:00,54.1171,54.1171,54.1122,54.1122,1206
2026-07-07 13:59:00,54.1171,54.1171,54.1171,54.1171,1031
2026-07-07 14:00:00,54.1122,54.1171,54.1122,54.1171,624
2026-07-07 14:01:00,54.1219,54.1219,54.1219,54.1219,211
2026-07-07 14:02:00,54.1171,54.1219,54.1171,54.1171,1191
2026-07-07 14:03:00,54.1122,54.1122,54.1122,54.1122,399
2026-07-07 14:04:00,54.1171,54.1171,54.1171,54.1171,426
2026-07-07 14:05:00,54.1134,54.1219,54.1134,54.1219,649
2026-07-07 14:06:00,54.1219,54.1219,54.1122,54.1171,2742
2026-07-07 14:07:00,54.113,54.1171,54.1122,54.1171,5993
2026-07-07 14:08:00,54.1218,54.1218,54.1122,54.1122,995
2026-07-07 14:09:00,54.1171,54.1171,54.1122,54.1122,368
2026-07-07 14:10:00,54.1122,54.1122,54.1122,54.1122,142
2026-07-07 14:11:00,54.1122,54.1171,54.1025,54.1171,15697
2026-07-07 14:12:00,54.1171,54.1171,54.1122,54.1171,624
2026-07-07 14:13:00,54.1122,54.1171,54.1122,54.1123,11084
2026-07-07 14:14:00,54.1171,54.1219,54.1122,54.1122,4493
2026-07-07 14:15:00,54.1219,54.1364,54.1219,54.1364,11597
2026-07-07 14:16:00,54.1364,54.1413,54.1267,54.1267,15220
2026-07-07 14:17:00,54.1316,54.1364,54.1267,54.1364,44934
2026-07-07 14:18:00,54.1364,54.1364,54.1364,54.1364,1457
2026-07-07 14:19:00,54.1364,54.1364,54.1219,54.1267,1581
2026-07-07 14:20:00,54.1267,54.1316,54.122,54.1316,5315
2026-07-07 14:21:00,54.1364,54.1413,54.1316,54.1364,1979
2026-07-07 14:22:00,54.1364,54.1413,54.1336,54.1413,1484
2026-07-07 14:23:00,54.1413,54.1509,54.1413,54.1461,5495
2026-07-07 14:25:00,54.1413,54.1509,54.1413,54.1509,1503
2026-07-07 14:26:00,54.1461,54.1461,54.1461,54.1461,5851
2026-07-07 14:27:00,54.1413,54.1509,54.1413,54.1485,1466
2026-07-07 14:28:00,54.1461,54.1498,54.1461,54.1461,475
2026-07-07 14:29:00,54.1509,54.1558,54.1509,54.1558,3652
2026-07-07 14:30:00,54.1548,54.1606,54.151,54.1558,740
2026-07-07 14:31:00,54.1509,54.1703,54.1509,54.1655,8083
2026-07-07 14:32:00,54.1703,54.1751,54.1509,54.1606,14742
2026-07-07 14:33:00,54.1632,54.1632,54.1632,54.1632,609
2026-07-07 14:34:00,54.1606,54.1606,54.1606,54.1606,1131
2026-07-07 14:35:00,54.1655,54.1655,54.1461,54.1461,5439
2026-07-07 14:36:00,54.1461,54.1461,54.1461,54.1461,970
2026-07-07 14:37:00,54.1413,54.1461,54.1219,54.1267,2297
2026-07-07 14:38:00,54.1267,54.1267,54.1219,54.1219,1774
2026-07-07 14:39:00,54.1219,54.1267,54.1219,54.1267,2434
2026-07-07 14:40:00,54.122,54.122,54.1219,54.1219,1487
2026-07-07 14:41:00,54.1123,54.1123,54.1123,54.1123,273
2026-07-07 14:42:00,54.1219,54.1219,54.1025,54.1025,39734
2026-07-07 14:43:00,54.1025,54.1122,54.0928,54.1122,7080
2026-07-07 14:44:00,54.1027,54.1074,54.1027,54.1074,1133
2026-07-07 14:45:00,54.1025,54.1025,54.0735,54.0735,2570
2026-07-07 14:46:00,54.0735,54.0832,54.0735,54.0832,1272
2026-07-07 14:47:00,54.0735,54.0735,54.0735,54.0735,294
2026-07-07 14:48:00,54.0832,54.0832,54.0773,54.0773,446
2026-07-07 14:49:00,54.0832,54.0833,54.0832,54.0833,1435
2026-07-07 14:50:00,54.088,54.088,54.0832,54.0832,1244
2026-07-07 14:51:00,54.0735,54.0833,54.0735,54.0833,2685
2026-07-07 14:52:00,54.0833,54.0833,54.0832,54.0832,1071
2026-07-07 14:54:00,54.0832,54.0832,54.0832,54.0832,243
2026-07-07 14:55:00,54.0783,54.0783,54.0735,54.0783,894
2026-07-07 14:56:00,54.0832,54.0977,54.0832,54.0977,2500
2026-07-07 14:57:00,54.0977,54.0977,54.0977,54.0977,155
2026-07-07 14:58:00,54.0928,54.1122,54.0928,54.1025,5950
2026-07-07 15:00:00,54.1043,54.1121,54.1043,54.1074,7589
2026-07-07 15:01:00,54.1074,54.1074,54.1074,54.1074,600
2026-07-07 15:02:00,54.1074,54.1074,54.1025,54.1074,10271
2026-07-07 15:04:00,54.1083,54.1122,54.1083,54.1122,644
2026-07-07 15:05:00,54.1074,54.1122,54.1074,54.1122,902
2026-07-07 15:06:00,54.1074,54.1171,54.1064,54.1171,3268
2026-07-07 15:07:00,54.1171,54.1171,54.1171,54.1171,217
2026-07-07 15:08:00,54.1122,54.1122,54.1074,54.1074,4016
2026-07-07 15:09:00,54.1074,54.1074,54.1074,54.1074,1035
2026-07-07 15:10:00,54.1074,54.1074,54.0977,54.0977,3399
2026-07-07 15:11:00,54.1025,54.1025,54.0977,54.0977,746
2026-07-07 15:13:00,54.0945,54.0977,54.0945,54.0977,607
2026-07-07 15:14:00,54.0977,54.1025,54.0977,54.1025,342
2026-07-07 15:15:00,54.0977,54.0977,54.0977,54.0977,893
2026-07-07 15:16:00,54.1025,54.1025,54.0977,54.0977,455
2026-07-07 15:17:00,54.0977,54.0977,54.0929,54.0977,3784
2026-07-07 15:18:00,54.0977,54.1025,54.0939,54.0939,1159
2026-07-07 15:19:00,54.0977,54.1025,54.0977,54.1025,1368
2026-07-07 15:20:00,54.0977,54.0977,54.0928,54.0977,3203
2026-07-07 15:21:00,54.0977,54.0977,54.0928,54.0977,5714
2026-07-07 15:22:00,54.0977,54.0977,54.0928,54.0977,3907
2026-07-07 15:23:00,54.0977,54.0977,54.0832,54.0832,4856
2026-07-07 15:24:00,54.0832,54.0928,54.0832,54.088,1012
2026-07-07 15:25:00,54.088,54.0928,54.0832,54.0833,2330
2026-07-07 15:26:00,54.088,54.088,54.0832,54.088,4863
2026-07-07 15:27:00,54.0928,54.0928,54.0832,54.088,3248
2026-07-07 15:28:00,54.0757,54.0792,54.0735,54.0735,5504
2026-07-07 15:29:00,54.0735,54.088,54.0735,54.0832,20737
2026-07-07 15:30:00,54.088,54.0977,54.088,54.0977,3251
2026-07-07 15:31:00,54.0977,54.0977,54.0928,54.0977,5257
2026-07-07 15:32:00,54.0977,54.1025,54.0783,54.0783,13143
2026-07-07 15:33:00,54.0783,54.0832,54.0783,54.0783,2413
2026-07-07 15:34:00,54.0735,54.0735,54.0541,54.059,10865
2026-07-07 15:35:00,54.059,54.088,54.059,54.0833,17538
2026-07-07 15:36:00,54.0928,54.1025,54.0833,54.0977,4887
2026-07-07 15:37:00,54.0929,54.0977,54.0832,54.0832,5907
2026-07-07 15:38:00,54.0832,54.0832,54.0832,54.0832,554
2026-07-07 15:39:00,54.088,54.0928,54.059,54.0638,16355
2026-07-07 15:40:00,54.0686,54.0832,54.0644,54.0686,18271
2026-07-07 15:41:00,54.0686,54.0735,54.0639,54.0735,4095
2026-07-07 15:42:00,54.0639,54.0735,54.0541,54.059,9514
2026-07-07 15:43:00,54.0638,54.0686,54.0541,54.0541,3460
2026-07-07 15:44:00,54.0541,54.0541,54.0444,54.0541,2818
2026-07-07 15:45:00,54.0493,54.0638,54.0348,54.0638,24571
2026-07-07 15:46:00,54.0542,54.059,54.0254,54.0254,5155
2026-07-07 15:47:00,54.0348,54.0396,54.0348,54.0396,3305
2026-07-07 15:48:00,54.0444,54.0493,54.0364,54.0444,3220
2026-07-07 15:49:00,54.0396,54.0396,54.0251,54.0299,9971
2026-07-07 15:50:00,54.0251,54.0444,54.0251,54.0444,7298
2026-07-07 15:51:00,54.0444,54.0444,54.0251,54.0299,6235
2026-07-07 15:52:00,54.0348,54.0444,54.0348,54.0396,2770
2026-07-07 15:53:00,54.0444,54.0493,54.0348,54.0396,16923
2026-07-07 15:54:00,54.0444,54.0541,54.0396,54.0396,9758
2026-07-07 15:55:00,54.0396,54.059,54.0348,54.059,8769
2026-07-07 15:56:00,54.0638,54.0638,54.0541,54.0638,2883
2026-07-07 15:57:00,54.059,54.0638,54.0444,54.0493,11358
2026-07-07 15:58:00,54.0444,54.0541,54.0444,54.0444,5778
2026-07-07 15:59:00,54.0541,54.059,54.0299,54.0348,28037
2026-07-08 09:30:00,54.209,54.209,54.1655,54.1655,43565
2026-07-08 09:31:00,54.1655,54.1848,54.1655,54.1848,5967
2026-07-08 09:32:00,54.18,54.1897,54.1509,54.1558,10385
2026-07-08 09:33:00,54.1606,54.1606,54.1457,54.1461,4037
2026-07-08 09:34:00,54.1509,54.1703,54.1461,54.1509,5910
2026-07-08 09:35:00,54.1509,54.1897,54.1509,54.1848,7507
2026-07-08 09:36:00,54.1848,54.1993,54.18,54.18,10793
2026-07-08 09:37:00,54.18,54.1897,54.1655,54.1848,4917
2026-07-08 09:38:00,54.1993,54.2187,54.1993,54.209,23042
2026-07-08 09:39:00,54.2139,54.2139,54.1897,54.1897,4392
2026-07-08 09:40:00,54.1848,54.1848,54.1606,54.1655,10456
2026-07-08 09:41:00,54.1703,54.18,54.1655,54.1751,3093
2026-07-08 09:42:00,54.1751,54.1897,54.1751,54.1848,1818
2026-07-08 09:43:00,54.1848,54.1897,54.1751,54.1751,7450
2026-07-08 09:44:00,54.18,54.1848,54.1751,54.1751,3601
2026-07-08 09:45:00,54.1751,54.2042,54.1751,54.1945,6398
2026-07-08 09:46:00,54.1945,54.209,54.1897,54.2042,9764
2026-07-08 09:47:00,54.2042,54.209,54.1897,54.1945,9240
2026-07-08 09:48:00,54.1945,54.209,54.1945,54.1945,2920
2026-07-08 09:49:00,54.1945,54.1992,54.18,54.18,1456
2026-07-08 09:50:00,54.1751,54.1751,54.1509,54.1558,10297
2026-07-08 09:51:00,54.1461,54.1558,54.1461,54.1509,3992
2026-07-08 09:52:00,54.1413,54.1413,54.1267,54.1316,3473
2026-07-08 09:53:00,54.1122,54.1171,54.0928,54.0977,7175
2026-07-08 09:54:00,54.0977,54.1122,54.0977,54.1122,24166
2026-07-08 09:55:00,54.1171,54.1171,54.1074,54.1074,1026
2026-07-08 09:56:00,54.1171,54.1316,54.1171,54.1267,3771
2026-07-08 09:57:00,54.1267,54.1267,54.1074,54.1267,8891
2026-07-08 09:58:00,54.1267,54.1316,54.1074,54.1074,2999
2026-07-08 09:59:00,54.1035,54.1074,54.0928,54.0928,10352
2026-07-08 10:00:00,54.0928,54.1219,54.0783,54.1074,38358
2026-07-08 10:01:00,54.1122,54.1122,54.0857,54.088,10199
2026-07-08 10:02:00,54.088,54.1025,54.088,54.088,5662
2026-07-08 10:03:00,54.088,54.0928,54.0735,54.0783,12069
2026-07-08 10:04:00,54.0832,54.0832,54.059,54.059,37791
2026-07-08 10:05:00,54.0541,54.059,54.0251,54.0541,9808
2026-07-08 10:06:00,54.0493,54.0638,54.0493,54.0631,9117
2026-07-08 10:07:00,54.0638,54.1267,54.0638,54.0928,50503
2026-07-08 10:08:00,54.088,54.0948,54.088,54.0928,1361
2026-07-08 10:09:00,54.088,54.088,54.088,54.088,1078
2026-07-08 10:10:00,54.0832,54.1267,54.0686,54.1122,24726
2026-07-08 10:11:00,54.1025,54.1219,54.0928,54.1074,3534
2026-07-08 10:12:00,54.1074,54.1267,54.0977,54.0977,4434
2026-07-08 10:13:00,54.0977,54.1316,54.0977,54.1316,11955
2026-07-08 10:14:00,54.1267,54.1267,54.1122,54.1219,9093
2026-07-08 10:15:00,54.1122,54.1219,54.1122,54.1122,5469
2026-07-08 10:16:00,54.1122,54.1122,54.0977,54.1122,28266
2026-07-08 10:17:00,54.1219,54.1219,54.1122,54.1122,3216
2026-07-08 10:18:00,54.1122,54.1267,54.1122,54.1267,9711
2026-07-08 10:19:00,54.1219,54.1267,54.1025,54.1025,31686
2026-07-08 10:20:00,54.1074,54.1074,54.0832,54.088,2378
2026-07-08 10:21:00,54.0928,54.1171,54.0928,54.1171,1509
2026-07-08 10:22:00,54.1122,54.1171,54.0928,54.1025,5363
2026-07-08 10:23:00,54.1122,54.1219,54.1122,54.1219,7180
2026-07-08 10:24:00,54.1171,54.1219,54.1122,54.1171,5930
2026-07-08 10:25:00,54.1074,54.1074,54.0977,54.1025,2125
2026-07-08 10:26:00,54.1025,54.1219,54.1025,54.1122,21538
2026-07-08 10:27:00,54.1074,54.1074,54.0928,54.0928,2553
2026-07-08 10:28:00,54.0977,54.1122,54.0977,54.1025,7580
2026-07-08 10:29:00,54.1025,54.1122,54.1025,54.1122,848
2026-07-08 10:30:00,54.1074,54.1074,54.0977,54.0977,772
2026-07-08 10:31:00,54.0837,54.0928,54.0783,54.088,8896
2026-07-08 10:32:00,54.088,54.088,54.088,54.088,1379
2026-07-08 10:33:00,54.088,54.1122,54.088,54.1122,5464
2026-07-08 10:34:00,54.1171,54.1316,54.1025,54.1316,4745
2026-07-08 10:35:00,54.1219,54.1267,54.1219,54.1267,458
2026-07-08 10:36:00,54.1123,54.1123,54.1074,54.1074,3008
2026-07-08 10:37:00,54.1122,54.1316,54.1122,54.1219,40547
2026-07-08 10:38:00,54.1219,54.1219,54.1171,54.1219,6619
2026-07-08 10:39:00,54.1219,54.1267,54.1171,54.1171,2561
2026-07-08 10:40:00,54.1161,54.1161,54.1074,54.1074,1284
2026-07-08 10:41:00,54.0977,54.0977,54.0928,54.0928,806
2026-07-08 10:42:00,54.0928,54.0928,54.0832,54.088,2010
2026-07-08 10:43:00,54.088,54.0928,54.0686,54.0735,8175
2026-07-08 10:44:00,54.0686,54.0735,54.0686,54.0686,1746
2026-07-08 10:45:00,54.0686,54.0783,54.0686,54.0783,9013
2026-07-08 10:46:00,54.0832,54.0832,54.0686,54.0686,7808
2026-07-08 10:47:00,54.0713,54.0832,54.0686,54.0783,6565
2026-07-08 10:48:00,54.0754,54.0928,54.0754,54.0928,5134
2026-07-08 10:49:00,54.0783,54.088,54.0735,54.0783,6016
2026-07-08 10:50:00,54.0783,54.0832,54.059,54.059,6332
2026-07-08 10:51:00,54.059,54.0638,54.0493,54.0493,5965
2026-07-08 10:52:00,54.0493,54.0783,54.0493,54.0686,22511
2026-07-08 10:53:00,54.0832,54.0832,54.0686,54.0783,14620
2026-07-08 10:54:00,54.0832,54.1025,54.0783,54.1025,11143
2026-07-08 10:55:00,54.1025,54.1025,54.0977,54.1025,2829
2026-07-08 10:56:00,54.1074,54.1074,54.0928,54.0977,8551
2026-07-08 10:57:00,54.0839,54.0928,54.0638,54.0686,7767
2026-07-08 10:58:00,54.0735,54.1074,54.0735,54.1025,6536
2026-07-08 10:59:00,54.1025,54.1122,54.0832,54.0832,21490
2026-07-08 11:00:00,54.0783,54.0832,54.0783,54.0783,1648
2026-07-08 11:01:00,54.0774,54.0783,54.0735,54.0783,5725
2026-07-08 11:02:00,54.0783,54.0832,54.0783,54.0783,2755
2026-07-08 11:03:00,54.0686,54.0783,54.0686,54.0783,7882
2026-07-08 11:04:00,54.0783,54.0783,54.0686,54.0686,4196
2026-07-08 11:05:00,54.0686,54.0686,54.059,54.059,8075
2026-07-08 11:06:00,54.059,54.0638,54.0493,54.0541,8009
2026-07-08 11:07:00,54.0493,54.059,54.0493,54.0541,4485
2026-07-08 11:08:00,54.0541,54.0541,54.0348,54.0396,3052
2026-07-08 11:09:00,54.0396,54.0396,54.0202,54.0202,9146
2026-07-08 11:10:00,54.0154,54.0154,53.997,54.0057,6383
2026-07-08 11:11:00,54.0051,54.0051,54.0009,54.0009,936
2026-07-08 11:12:00,53.9767,53.9767,53.9718,53.9718,5694
2026-07-08 11:13:00,53.9767,53.9912,53.9767,53.9864,2466
2026-07-08 11:14:00,53.9864,53.9864,53.9815,53.9815,1060
2026-07-08 11:15:00,53.967,53.9815,53.967,53.9767,5985
2026-07-08 11:16:00,53.967,53.967,53.967,53.967,181
2026-07-08 11:17:00,53.9574,53.967,53.9574,53.967,1233
2026-07-08 11:18:00,53.9767,53.9815,53.9767,53.9815,2905
2026-07-08 11:19:00,53.9815,53.9864,53.9815,53.9815,4399
2026-07-08 11:20:00,53.9864,53.9864,53.9767,53.9815,3121
2026-07-08 11:21:00,53.9815,53.9815,53.9622,53.9622,4064
2026-07-08 11:22:00,53.9622,53.967,53.9487,53.967,4974
2026-07-08 11:23:00,53.9669,53.967,53.9622,53.9622,1728
2026-07-08 11:24:00,53.967,53.9718,53.9622,53.9718,6710
2026-07-08 11:25:00,53.9622,53.967,53.9573,53.9622,2018
2026-07-08 11:26:00,53.967,53.967,53.9573,53.967,7357
2026-07-08 11:27:00,53.9573,53.9718,53.9573,53.967,3397
2026-07-08 11:28:00,53.967,53.9718,53.9476,53.9525,7071
2026-07-08 11:29:00,53.9525,53.967,53.9525,53.967,3239
2026-07-08 11:30:00,53.9622,53.9767,53.9573,53.9767,4988
2026-07-08 11:31:00,53.9672,53.9767,53.9331,53.9428,10514
2026-07-08 11:32:00,53.9428,53.9476,53.9331,53.9331,2055
2026-07-08 11:33:00,53.9428,53.967,53.9428,53.9574,10737
2026-07-08 11:34:00,53.967,54.0251,53.9476,53.996,178046
2026-07-08 11:35:00,53.996,54.0251,53.9574,53.9574,62988
2026-07-08 11:36:00,53.9573,53.9573,53.9573,53.9573,1133
2026-07-08 11:37:00,53.9573,53.9815,53.9573,53.9815,4006
2026-07-08 11:38:00,53.9815,54.0057,53.9815,53.996,4256
2026-07-08 11:39:00,53.9912,53.9912,53.9865,53.9865,717
2026-07-08 11:40:00,53.9912,53.9912,53.9767,53.9767,5859
2026-07-08 11:41:00,53.9767,53.9767,53.9718,53.9718,1841
2026-07-08 11:42:00,53.9767,53.9767,53.9573,53.9573,1363
2026-07-08 11:43:00,53.9622,53.9622,53.9622,53.9622,220
2026-07-08 11:44:00,53.967,53.9718,53.9622,53.9622,2897
2026-07-08 11:45:00,53.9665,53.9718,53.9665,53.9718,3687
2026-07-08 11:46:00,53.9718,53.9718,53.967,53.967,1951
2026-07-08 11:47:00,53.9718,53.9718,53.9525,53.9525,2075
2026-07-08 11:48:00,53.9476,53.9476,53.9476,53.9476,184
2026-07-08 11:49:00,53.9525,53.9525,53.9525,53.9525,933
2026-07-08 11:50:00,53.9525,53.9525,53.9525,53.9525,458
2026-07-08 11:51:00,53.9573,53.9573,53.9477,53.9573,2295
2026-07-08 11:52:00,53.9573,53.9622,53.9573,53.9622,5696
2026-07-08 11:53:00,53.9622,53.967,53.9622,53.9622,6254
2026-07-08 11:54:00,53.9584,53.9584,53.9584,53.9584,309
2026-07-08 11:55:00,53.9622,53.9622,53.9593,53.9622,588
2026-07-08 11:56:00,53.9574,53.967,53.9573,53.967,7496
2026-07-08 11:57:00,53.967,53.967,53.9622,53.9664,746
2026-07-08 11:58:00,53.9622,53.9622,53.9622,53.9622,202
2026-07-08 11:59:00,53.9622,53.9622,53.9591,53.9591,478
2026-07-08 12:00:00,53.9622,53.9622,53.9622,53.9622,369
2026-07-08 12:01:00,53.9622,53.9622,53.9573,53.9622,7474
2026-07-08 12:02:00,53.9622,53.9622,53.9622,53.9622,444
2026-07-08 12:03:00,53.9622,53.9622,53.9622,53.9622,364
2026-07-08 12:04:00,53.967,53.967,53.9574,53.9574,985
2026-07-08 12:05:00,53.9634,53.9634,53.9622,53.9622,1042
2026-07-08 12:06:00,53.9622,53.9622,53.9622,53.9622,814
2026-07-08 12:07:00,53.9583,53.967,53.9583,53.967,1305
2026-07-08 12:08:00,53.9622,53.9622,53.9622,53.9622,387
2026-07-08 12:09:00,53.9582,53.967,53.9582,53.967,1186
2026-07-08 12:10:00,53.9622,53.9622,53.9593,53.9622,920
2026-07-08 12:11:00,53.9622,53.967,53.9573,53.9622,4341
2026-07-08 12:12:00,53.9573,53.967,53.9573,53.9622,3995
2026-07-08 12:13:00,53.9622,53.9767,53.9573,53.9718,14829
2026-07-08 12:14:00,53.9718,53.9718,53.9718,53.9718,12578
2026-07-08 12:15:00,53.967,53.967,53.9622,53.9622,3447
2026-07-08 12:16:00,53.9622,53.967,53.959,53.9622,1381
2026-07-08 12:17:00,53.9622,53.9622,53.9622,53.9622,347
2026-07-08 12:18:00,53.9622,53.9646,53.9622,53.9622,1596
2026-07-08 12:19:00,53.9657,53.9657,53.9657,53.9657,355
2026-07-08 12:20:00,53.9622,53.9622,53.9622,53.9622,656
2026-07-08 12:21:00,53.9622,53.9622,53.9573,53.9573,4214
2026-07-08 12:22:00,53.9622,53.967,53.9622,53.9622,574
2026-07-08 12:23:00,53.967,53.9718,53.9622,53.967,11182
2026-07-08 12:24:00,53.9622,53.9622,53.9622,53.9622,290
2026-07-08 12:25:00,53.967,53.9864,53.967,53.9815,13129
2026-07-08 12:26:00,53.9815,53.9815,53.9718,53.9718,1455
2026-07-08 12:27:00,53.9686,53.9686,53.967,53.967,1144
2026-07-08 12:29:00,53.967,53.9815,53.967,53.9815,3500
2026-07-08 12:30:00,53.9815,53.9864,53.9767,53.9815,696
2026-07-08 12:31:00,53.9767,53.9815,53.9767,53.9815,1028
2026-07-08 12:32:00,53.9815,53.9833,53.9815,53.9833,7419
2026-07-08 12:33:00,53.9767,53.9815,53.9767,53.9815,1313
2026-07-08 12:34:00,53.9767,53.9767,53.9718,53.9718,1370
2026-07-08 12:35:00,53.967,53.967,53.9573,53.9669,2134
2026-07-08 12:36:00,53.9622,53.9622,53.9622,53.9622,600
2026-07-08 12:37:00,53.9622,53.9718,53.9597,53.9718,6209
2026-07-08 12:38:00,53.9718,53.9718,53.9718,53.9718,641
2026-07-08 12:39:00,53.9718,53.9718,53.967,53.967,2008
2026-07-08 12:40:00,53.9622,53.9622,53.9622,53.9622,1303
2026-07-08 12:41:00,53.9622,53.967,53.9594,53.9608,2206
2026-07-08 12:42:00,53.9622,53.9669,53.9622,53.9669,2857
2026-07-08 12:43:00,53.9622,53.967,53.9622,53.967,688
2026-07-08 12:45:00,53.9622,53.967,53.9622,53.967,4276
2026-07-08 12:46:00,53.9622,53.967,53.9622,53.967,623
2026-07-08 12:47:00,53.9622,53.9622,53.9574,53.9622,732
2026-07-08 12:48:00,53.9622,53.967,53.9525,53.9525,6701
2026-07-08 12:49:00,53.9573,53.967,53.9573,53.967,3532
2026-07-08 12:50:00,53.9718,53.9718,53.9718,53.9718,189
2026-07-08 12:51:00,53.9718,53.9718,53.9718,53.9718,490
2026-07-08 12:52:00,53.9718,53.9718,53.9718,53.9718,1784
2026-07-08 12:53:00,53.9718,53.9767,53.9718,53.9743,10116
2026-07-08 12:54:00,53.9718,53.9718,53.967,53.967,1071
2026-07-08 12:55:00,53.967,53.9689,53.967,53.9689,639
2026-07-08 12:56:00,53.9718,53.9718,53.9718,53.9718,576
2026-07-08 12:57:00,53.9767,53.9815,53.9718,53.9815,5272
2026-07-08 12:58:00,53.9815,53.9815,53.9815,53.9815,871
2026-07-08 12:59:00,53.9815,53.9912,53.9815,53.9912,2678
2026-07-08 13:00:00,53.9912,53.9912,53.9912,53.9912,1036
2026-07-08 13:01:00,53.9912,53.9912,53.9912,53.9912,427
2026-07-08 13:02:00,53.9912,54.0106,53.9912,54.0106,6646
2026-07-08 13:03:00,54.0106,54.0348,54.0106,54.0348,6992
2026-07-08 13:04:00,54.0349,54.0444,54.0348,54.0396,5298
2026-07-08 13:05:00,54.0437,54.0444,54.0348,54.0348,4893
2026-07-08 13:06:00,54.0444,54.0541,54.0396,54.0541,3686
2026-07-08 13:07:00,54.0541,54.0735,54.0541,54.0735,4695
2026-07-08 13:08:00,54.0735,54.0832,54.0735,54.0832,4242
2026-07-08 13:09:00,54.0832,54.0832,54.0686,54.0735,2792
2026-07-08 13:10:00,54.0686,54.0735,54.0686,54.0735,1329
2026-07-08 13:11:00,54.0735,54.0832,54.0735,54.0832,4812
2026-07-08 13:12:00,54.0832,54.0928,54.0735,54.0735,4004
2026-07-08 13:13:00,54.0735,54.0735,54.0493,54.0493,1261
2026-07-08 13:14:00,54.0396,54.0396,54.0202,54.0202,994
2026-07-08 13:15:00,54.0154,54.0154,54.0154,54.0154,750
2026-07-08 13:16:00,54.0202,54.0202,54.0106,54.0106,2120
2026-07-08 13:17:00,54.0009,54.0009,53.996,53.996,730
2026-07-08 13:18:00,53.9975,54.0009,53.9864,53.9865,2197
2026-07-08 13:19:00,53.9912,53.996,53.9912,53.996,1275
2026-07-08 13:20:00,53.9912,53.996,53.9864,53.996,1111
2026-07-08 13:21:00,53.9912,53.996,53.9912,53.996,1070
2026-07-08 13:22:00,53.9912,53.9912,53.9864,53.9864,875
2026-07-08 13:24:00,53.9912,53.996,53.9767,53.9815,2196
2026-07-08 13:25:00,53.9815,53.9864,53.9815,53.9815,5627
2026-07-08 13:26:00,53.9815,53.9815,53.9815,53.9815,1716
2026-07-08 13:27:00,53.9815,53.9815,53.9767,53.9768,820
2026-07-08 13:28:00,53.9815,53.9827,53.9718,53.9743,8479
2026-07-08 13:29:00,53.9767,53.9767,53.9718,53.9718,5095
2026-07-08 13:30:00,53.9718,53.9718,53.9718,53.9718,143
2026-07-08 13:31:00,53.9718,53.9718,53.9718,53.9718,351
2026-07-08 13:32:00,53.9718,53.9718,53.9718,53.9718,949
2026-07-08 13:33:00,53.9718,53.9752,53.9681,53.9752,7241
2026-07-08 13:34:00,53.9718,53.9863,53.967,53.967,18308
2026-07-08 13:35:00,53.9718,53.9718,53.9573,53.9573,1614
2026-07-08 13:36:00,53.9573,53.9718,53.9573,53.9718,5317
2026-07-08 13:37:00,53.9671,53.9767,53.9671,53.9718,984
2026-07-08 13:38:00,53.9767,53.9767,53.9683,53.9718,699
2026-07-08 13:39:00,53.9718,53.9718,53.9718,53.9718,254
2026-07-08 13:40:00,53.9718,53.9718,53.9718,53.9718,677
2026-07-08 13:41:00,53.9718,53.9718,53.9622,53.9622,2363
2026-07-08 13:43:00,53.9584,53.9584,53.9584,53.9584,459
2026-07-08 13:44:00,53.9622,53.967,53.9622,53.9622,1503
2026-07-08 13:45:00,53.967,53.967,53.9574,53.9622,1657
2026-07-08 13:46:00,53.9622,53.9622,53.9597,53.9622,8804
2026-07-08 13:47:00,53.9622,53.967,53.9586,53.9586,1679
2026-07-08 13:48:00,53.967,53.996,53.967,53.996,5578
2026-07-08 13:49:00,53.9951,53.9951,53.9912,53.9912,1197
2026-07-08 13:50:00,53.9912,53.9912,53.9767,53.9864,2011
2026-07-08 13:51:00,53.996,54.0057,53.996,54.0057,1929
2026-07-08 13:52:00,53.9999,53.9999,53.996,53.996,529
2026-07-08 13:53:00,54.0009,54.0009,54.0009,54.0009,1332
2026-07-08 13:54:00,53.996,53.996,53.996,53.996,1759
2026-07-08 13:56:00,53.9912,53.9912,53.9912,53.9912,470
2026-07-08 13:57:00,53.9912,53.9912,53.9878,53.9878,766
2026-07-08 13:59:00,53.9883,53.9912,53.9767,53.9864,2799
2026-07-08 14:00:00,53.9815,53.9815,53.9815,53.9815,142
2026-07-08 14:01:00,53.9815,53.9815,53.9815,53.9815,2544
2026-07-08 14:02:00,53.9767,53.9767,53.967,53.967,3593
2026-07-08 14:03:00,53.9622,53.9622,53.9622,53.9622,954
2026-07-08 14:04:00,53.9573,53.9573,53.9477,53.9525,2191
2026-07-08 14:05:00,53.9525,53.9573,53.9525,53.9573,4212
2026-07-08 14:06:00,53.9583,53.9619,53.9583,53.9619,1406
2026-07-08 14:07:00,53.967,53.967,53.9584,53.967,1673
2026-07-08 14:08:00,53.967,53.967,53.9573,53.9622,1637
2026-07-08 14:09:00,53.9622,53.9622,53.9525,53.9525,5979
2026-07-08 14:10:00,53.9525,53.9525,53.9525,53.9525,637
2026-07-08 14:11:00,53.9573,53.9622,53.9573,53.9622,8601
2026-07-08 14:12:00,53.9622,53.9622,53.9622,53.9622,3801
2026-07-08 14:13:00,53.9573,53.9573,53.9391,53.9391,4589
2026-07-08 14:14:00,53.9428,53.9452,53.938,53.9428,681
2026-07-08 14:15:00,53.94,53.9476,53.9389,53.9476,1130
2026-07-08 14:16:00,53.9428,53.9428,53.938,53.938,761
2026-07-08 14:17:00,53.9476,53.9525,53.938,53.9525,4150
2026-07-08 14:18:00,53.9525,53.9525,53.9525,53.9525,281
2026-07-08 14:19:00,53.9525,53.9525,53.9525,53.9525,551
2026-07-08 14:20:00,53.9525,53.9525,53.9486,53.9525,1393
2026-07-08 14:21:00,53.9476,53.9476,53.9428,53.9428,1780
2026-07-08 14:22:00,53.938,53.9428,53.938,53.9428,1776
2026-07-08 14:23:00,53.938,53.938,53.9283,53.9331,3394
2026-07-08 14:24:00,53.9283,53.9315,53.9283,53.9315,1322
2026-07-08 14:25:00,53.9331,53.9331,53.9186,53.9186,3152
2026-07-08 14:26:00,53.9186,53.9186,53.9138,53.9138,2823
2026-07-08 14:27:00,53.9138,53.9186,53.9089,53.9089,968
2026-07-08 14:28:00,53.9138,53.9138,53.909,53.909,776
2026-07-08 14:29:00,53.9089,53.9089,53.9041,53.9041,1759
2026-07-08 14:30:00,53.9041,53.9041,53.8992,53.9041,2035
2026-07-08 14:31:00,53.8992,53.8992,53.8896,53.8944,9392
2026-07-08 14:32:00,53.8992,53.8992,53.8896,53.8904,16858
2026-07-08 14:33:00,53.8896,53.8944,53.8896,53.8944,1753
2026-07-08 14:34:00,53.8944,53.9041,53.8944,53.9041,7535
2026-07-08 14:35:00,53.8944,53.8944,53.8896,53.8896,1563
2026-07-08 14:36:00,53.8944,53.8992,53.8896,53.8896,2881
2026-07-08 14:37:00,53.8944,53.8944,53.8944,53.8944,3704
2026-07-08 14:38:00,53.8905,53.8992,53.8847,53.8944,7886
2026-07-08 14:39:00,53.8944,53.8983,53.8944,53.8944,922
2026-07-08 14:40:00,53.8944,53.8944,53.8799,53.8847,6575
2026-07-08 14:41:00,53.8896,53.8896,53.8847,53.8896,5314
2026-07-08 14:42:00,53.8896,53.8896,53.8896,53.8896,409
2026-07-08 14:43:00,53.8896,53.8896,53.8799,53.8847,1840
2026-07-08 14:44:00,53.8896,53.8944,53.8799,53.8799,5786
2026-07-08 14:45:00,53.8702,53.8702,53.8606,53.8702,7469
2026-07-08 14:46:00,53.8702,53.8799,53.8702,53.8799,1872
2026-07-08 14:47:00,53.8799,53.8944,53.8799,53.8944,10294
2026-07-08 14:48:00,53.8944,53.8944,53.8944,53.8944,1001
2026-07-08 14:49:00,53.8896,53.8896,53.8799,53.8809,1742
2026-07-08 14:50:00,53.8847,53.8896,53.875,53.875,1274
2026-07-08 14:51:00,53.875,53.875,53.875,53.875,654
2026-07-08 14:52:00,53.8799,53.8799,53.8702,53.8702,622
2026-07-08 14:53:00,53.875,53.875,53.875,53.875,272
2026-07-08 14:54:00,53.8703,53.8799,53.8702,53.8702,1583
2026-07-08 14:55:00,53.875,53.875,53.8606,53.8654,3587
2026-07-08 14:56:00,53.8654,53.8654,53.8654,53.8654,992
2026-07-08 14:57:00,53.8702,53.8702,53.8654,53.8654,594
2026-07-08 14:58:00,53.8654,53.8702,53.8605,53.8605,1401
2026-07-08 14:59:00,53.8702,53.8702,53.8557,53.8557,7061
2026-07-08 15:00:00,53.8557,53.8605,53.8508,53.8508,3400
2026-07-08 15:01:00,53.8557,53.8605,53.846,53.846,5811
2026-07-08 15:02:00,53.8508,53.8508,53.8432,53.8508,1347
2026-07-08 15:03:00,53.8508,53.8508,53.8425,53.8508,1036
2026-07-08 15:04:00,53.846,53.846,53.8412,53.846,1363
2026-07-08 15:05:00,53.846,53.8508,53.8412,53.8412,2887
2026-07-08 15:06:00,53.8412,53.847,53.8412,53.8412,4165
2026-07-08 15:07:00,53.8412,53.8508,53.8412,53.846,4300
2026-07-08 15:08:00,53.8412,53.846,53.8412,53.846,4095
2026-07-08 15:09:00,53.8412,53.846,53.8412,53.846,743
2026-07-08 15:10:00,53.8508,53.8508,53.8363,53.8363,5492
2026-07-08 15:11:00,53.8363,53.8363,53.8266,53.8266,18546
2026-07-08 15:12:00,53.8315,53.8363,53.8266,53.8363,7394
2026-07-08 15:13:00,53.8412,53.8412,53.8315,53.8363,1085
2026-07-08 15:14:00,53.8325,53.8412,53.8315,53.8363,7960
2026-07-08 15:15:00,53.8315,53.8363,53.8266,53.8266,7432
2026-07-08 15:16:00,53.8218,53.8315,53.8218,53.8266,2013
2026-07-08 15:17:00,53.822,53.8266,53.8218,53.8266,1259
2026-07-08 15:18:00,53.8218,53.8315,53.8218,53.8219,3173
2026-07-08 15:19:00,53.8218,53.8218,53.8121,53.8148,9517
2026-07-08 15:20:00,53.8121,53.8121,53.7928,53.7928,21694
2026-07-08 15:21:00,53.7976,53.8024,53.7928,53.7928,6257
2026-07-08 15:22:00,53.7976,53.8024,53.7928,53.7928,20185
2026-07-08 15:23:00,53.7976,53.7976,53.7831,53.7879,6870
2026-07-08 15:24:00,53.7879,53.7928,53.7831,53.7879,10745
2026-07-08 15:25:00,53.7879,53.7928,53.7832,53.7879,21973
2026-07-08 15:26:00,53.7879,53.7976,53.7879,53.7879,25963
2026-07-08 15:27:00,53.7879,53.7879,53.7734,53.7782,7010
2026-07-08 15:28:00,53.7782,53.7831,53.7735,53.7782,4543
2026-07-08 15:29:00,53.7782,53.7879,53.7753,53.7879,14617
2026-07-08 15:30:00,53.7928,53.7928,53.7782,53.7831,17400
2026-07-08 15:31:00,53.7782,53.7831,53.7734,53.7782,26531
2026-07-08 15:32:00,53.7742,53.7831,53.7742,53.7831,25287
2026-07-08 15:33:00,53.7831,53.7831,53.7782,53.7831,3830
2026-07-08 15:34:00,53.7782,53.7831,53.7734,53.7782,46932
2026-07-08 15:35:00,53.7831,53.8024,53.7782,53.7976,32316
2026-07-08 15:36:00,53.7976,53.8024,53.7976,53.7976,8790
2026-07-08 15:37:00,53.7976,53.8121,53.7976,53.8083,7291
2026-07-08 15:38:00,53.8024,53.8121,53.7928,53.7938,18705
2026-07-08 15:39:00,53.7928,53.7976,53.7831,53.789,13347
2026-07-08 15:40:00,53.7879,53.7928,53.7831,53.7831,6188
2026-07-08 15:41:00,53.7831,53.7928,53.7831,53.7831,8034
2026-07-08 15:42:00,53.7879,53.7928,53.7831,53.7879,7374
2026-07-08 15:43:00,53.7831,53.7879,53.7734,53.7831,26126
2026-07-08 15:44:00,53.7782,53.7831,53.7734,53.7782,25508
2026-07-08 15:45:00,53.7782,53.7831,53.7745,53.7782,32210
2026-07-08 15:46:00,53.7782,53.7831,53.7782,53.7782,2741
2026-07-08 15:47:00,53.7782,53.7831,53.7734,53.7782,9828
2026-07-08 15:48:00,53.7831,53.7831,53.7734,53.7782,11698
2026-07-08 15:49:00,53.7734,53.8121,53.7734,53.8015,56975
2026-07-08 15:50:00,53.7976,53.8121,53.7831,53.8121,21408
2026-07-08 15:51:00,53.8073,53.8121,53.8044,53.8121,6088
2026-07-08 15:52:00,53.8073,53.8121,53.8073,53.8073,8014
2026-07-08 15:53:00,53.8073,53.8121,53.7831,53.7879,42710
2026-07-08 15:54:00,53.7928,53.8024,53.7831,53.7879,50021
2026-07-08 15:55:00,53.7879,53.7928,53.7686,53.7782,32361
2026-07-08 15:56:00,53.7782,53.7831,53.7734,53.7782,18155
2026-07-08 15:57:00,53.7734,53.7928,53.7734,53.7879,32322
2026-07-08 15:58:00,53.7879,53.8024,53.7831,53.7976,24359
2026-07-08 15:59:00,53.7976,53.7976,53.754,53.7734,91091
2026-07-09 09:30:00,54.422,54.4413,54.4026,54.4317,67721
2026-07-09 09:31:00,54.422,54.4559,54.422,54.451,7894
2026-07-09 09:32:00,54.451,54.4802,54.4462,54.4704,18447
2026-07-09 09:33:00,54.4704,54.5043,54.4607,54.4994,10015
2026-07-09 09:34:00,54.4994,54.4994,54.4897,54.4897,3898
2026-07-09 09:35:00,54.4946,54.5285,54.4897,54.5285,10084
2026-07-09 09:36:00,54.5188,54.5478,54.5188,54.5236,14466
2026-07-09 09:37:00,54.5236,54.5478,54.5236,54.5478,3720
2026-07-09 09:38:00,54.5381,54.5623,54.5381,54.5577,3823
2026-07-09 09:39:00,54.5575,54.5575,54.5381,54.5381,9106
2026-07-09 09:40:00,54.5381,54.5381,54.5006,54.5006,9315
2026-07-09 09:41:00,54.5091,54.5333,54.5043,54.5236,3092
2026-07-09 09:42:00,54.5188,54.5381,54.5188,54.5285,3859
2026-07-09 09:43:00,54.5188,54.5188,54.4994,54.4994,16171
2026-07-09 09:44:00,54.5091,54.5333,54.5091,54.5333,3393
2026-07-09 09:45:00,54.5381,54.5623,54.5381,54.5478,8906
2026-07-09 09:46:00,54.5527,54.5575,54.5478,54.5478,1204
2026-07-09 09:47:00,54.5575,54.5623,54.5333,54.5333,19236
2026-07-09 09:48:00,54.5285,54.543,54.5236,54.5236,15156
2026-07-09 09:49:00,54.5236,54.543,54.5188,54.5333,5176
2026-07-09 09:50:00,54.5333,54.5381,54.5236,54.5343,8515
2026-07-09 09:51:00,54.5285,54.5333,54.5195,54.5236,3265
2026-07-09 09:52:00,54.5188,54.543,54.5188,54.5236,11162
2026-07-09 09:53:00,54.5236,54.5285,54.5139,54.5236,9217
2026-07-09 09:54:00,54.5236,54.5236,54.4946,54.5139,19875
2026-07-09 09:55:00,54.5139,54.5236,54.5139,54.5192,2288
2026-07-09 09:56:00,54.5236,54.5381,54.5236,54.5381,5063
2026-07-09 09:57:00,54.5333,54.5358,54.5236,54.5236,1399
2026-07-09 09:58:00,54.5236,54.5236,54.5236,54.5236,2171
2026-07-09 09:59:00,54.5236,54.5285,54.5139,54.5188,4199
2026-07-09 10:00:00,54.5192,54.5236,54.5091,54.5188,5040
2026-07-09 10:01:00,54.5139,54.5139,54.5091,54.5139,2187
2026-07-09 10:02:00,54.5188,54.5236,54.5139,54.5236,2446
2026-07-09 10:03:00,54.5236,54.5333,54.5236,54.5285,4018
2026-07-09 10:04:00,54.5333,54.5527,54.5333,54.5479,2789
2026-07-09 10:05:00,54.5478,54.5527,54.5389,54.5527,4093
2026-07-09 10:06:00,54.5527,54.5527,54.543,54.5478,4557
2026-07-09 10:07:00,54.5527,54.5623,54.5478,54.5623,2239
2026-07-09 10:08:00,54.5623,54.5623,54.5381,54.5381,4303
2026-07-09 10:09:00,54.5381,54.5623,54.5381,54.5623,12424
2026-07-09 10:10:00,54.5623,54.5623,54.5575,54.5623,896
2026-07-09 10:11:00,54.5623,54.572,54.5623,54.572,2465
2026-07-09 10:12:00,54.572,54.572,54.5672,54.5672,4334
2026-07-09 10:13:00,54.5697,54.5769,54.5672,54.5672,10523
2026-07-09 10:14:00,54.5672,54.5672,54.5478,54.5672,8893
2026-07-09 10:15:00,54.5623,54.572,54.5583,54.572,4794
2026-07-09 10:16:00,54.572,54.5817,54.572,54.5817,5762
2026-07-09 10:17:00,54.5817,54.5865,54.5771,54.5817,1718
2026-07-09 10:18:00,54.5817,54.5962,54.5817,54.5914,3883
2026-07-09 10:19:00,54.5914,54.5914,54.5769,54.5817,6516
2026-07-09 10:20:00,54.5769,54.5817,54.572,54.5817,4253
2026-07-09 10:21:00,54.5786,54.5817,54.572,54.5769,4445
2026-07-09 10:22:00,54.5683,54.5817,54.5683,54.5817,1710
2026-07-09 10:23:00,54.5817,54.5962,54.5817,54.5962,3050
2026-07-09 10:24:00,54.5914,54.5914,54.5769,54.5817,24643
2026-07-09 10:25:00,54.5769,54.5914,54.572,54.5914,18152
2026-07-09 10:26:00,54.5914,54.5962,54.5914,54.5962,1461
2026-07-09 10:27:00,54.5914,54.5962,54.5914,54.5914,2288
2026-07-09 10:28:00,54.5962,54.5962,54.5914,54.5962,4449
2026-07-09 10:29:00,54.5914,54.6059,54.5914,54.6011,8181
2026-07-09 10:30:00,54.6059,54.6059,54.5962,54.6011,5375
2026-07-09 10:31:00,54.6059,54.6156,54.6011,54.6107,2911
2026-07-09 10:32:00,54.6107,54.6107,54.6059,54.6059,2768
2026-07-09 10:33:00,54.6107,54.6156,54.5914,54.6107,14106
2026-07-09 10:35:00,54.6156,54.6156,54.6059,54.6059,8656
2026-07-09 10:36:00,54.6011,54.6107,54.6011,54.6059,10051
2026-07-09 10:37:00,54.5962,54.6059,54.5914,54.5914,3516
2026-07-09 10:38:00,54.5865,54.5865,54.572,54.5817,10392
2026-07-09 10:39:00,54.5817,54.5865,54.5817,54.5865,5024
2026-07-09 10:40:00,54.5865,54.5865,54.5623,54.5623,6479
2026-07-09 10:41:00,54.5623,54.5623,54.5575,54.5575,1690
2026-07-09 10:42:00,54.5623,54.5623,54.5623,54.5623,1510
2026-07-09 10:43:00,54.5575,54.572,54.5575,54.5623,4597
2026-07-09 10:44:00,54.5623,54.572,54.5623,54.572,2087
2026-07-09 10:45:00,54.5769,54.5865,54.572,54.5799,3579
2026-07-09 10:46:00,54.5817,54.5817,54.5779,54.5817,1199
2026-07-09 10:47:00,54.5769,54.5769,54.5527,54.5527,4779
2026-07-09 10:48:00,54.5527,54.5575,54.5478,54.5527,8041
2026-07-09 10:49:00,54.5527,54.5527,54.5492,54.5527,1635
2026-07-09 10:50:00,54.5479,54.5527,54.5381,54.543,15859
2026-07-09 10:51:00,54.543,54.5527,54.543,54.5478,2789
2026-07-09 10:52:00,54.5381,54.5478,54.5381,54.5478,2973
2026-07-09 10:53:00,54.5478,54.5551,54.5478,54.5551,2302
2026-07-09 10:54:00,54.5527,54.5527,54.5391,54.543,2277
2026-07-09 10:55:00,54.543,54.5672,54.543,54.5623,21121
2026-07-09 10:56:00,54.5672,54.5672,54.5575,54.5623,8514
2026-07-09 10:57:00,54.5623,54.5914,54.5623,54.5817,118660
2026-07-09 10:58:00,54.5817,54.5817,54.579,54.5817,811
2026-07-09 10:59:00,54.5865,54.5962,54.5817,54.5817,9954
2026-07-09 11:00:00,54.5865,54.5914,54.5817,54.5914,1383
2026-07-09 11:01:00,54.5894,54.6156,54.5894,54.6011,11807
2026-07-09 11:02:00,54.6059,54.6301,54.6059,54.6272,3146
2026-07-09 11:03:00,54.6349,54.6349,54.6204,54.6349,5267
2026-07-09 11:04:00,54.6349,54.6543,54.6301,54.6543,18409
2026-07-09 11:05:00,54.6591,54.6737,54.6591,54.6688,2022
2026-07-09 11:06:00,54.6737,54.6785,54.664,54.6756,6112
2026-07-09 11:07:00,54.6785,54.6785,54.6785,54.6785,489
2026-07-09 11:08:00,54.6785,54.7075,54.6785,54.7043,11996
2026-07-09 11:09:00,54.6931,54.7124,54.6785,54.6785,10966
2026-07-09 11:10:00,54.6785,54.6785,54.6349,54.6349,10755
2026-07-09 11:11:00,54.6398,54.6398,54.6156,54.6204,12947
2026-07-09 11:12:00,54.6204,54.6232,54.6156,54.6156,2362
2026-07-09 11:13:00,54.6204,54.6446,54.6204,54.6253,13390
2026-07-09 11:14:00,54.6253,54.6543,54.6253,54.6495,9213
2026-07-09 11:15:00,54.6495,54.6495,54.6398,54.6398,4070
2026-07-09 11:16:00,54.6398,54.6398,54.6349,54.6398,3128
2026-07-09 11:17:00,54.6398,54.6543,54.6301,54.6543,15943
2026-07-09 11:18:00,54.6591,54.664,54.6543,54.6591,3354
2026-07-09 11:19:00,54.6591,54.6737,54.6398,54.6446,20621
2026-07-09 11:20:00,54.6446,54.6543,54.6301,54.6349,18727
2026-07-09 11:21:00,54.6398,54.6446,54.6349,54.6361,5116
2026-07-09 11:22:00,54.6446,54.6543,54.635,54.6359,5027
2026-07-09 11:23:00,54.6446,54.6543,54.6398,54.6543,16892
2026-07-09 11:24:00,54.6591,54.6591,54.6349,54.6446,10100
2026-07-09 11:25:00,54.6495,54.6543,54.6495,54.6543,2429
2026-07-09 11:26:00,54.6495,54.6543,54.6447,54.6447,964
2026-07-09 11:27:00,54.6495,54.6737,54.6495,54.6591,52234
2026-07-09 11:28:00,54.6591,54.6833,54.6543,54.6785,8826
2026-07-09 11:29:00,54.6785,54.6785,54.6591,54.664,18616
2026-07-09 11:30:00,54.6543,54.6543,54.6253,54.6253,15798
2026-07-09 11:31:00,54.6253,54.6543,54.6224,54.6446,26053
2026-07-09 11:32:00,54.6349,54.6455,54.6301,54.6398,8241
2026-07-09 11:33:00,54.6446,54.6446,54.6301,54.6349,1982
2026-07-09 11:34:00,54.6362,54.693,54.6362,54.6882,28202
2026-07-09 11:35:00,54.6833,54.7317,54.664,54.7133,153854
2026-07-09 11:36:00,54.7124,54.7317,54.7075,54.7221,11831
2026-07-09 11:37:00,54.7231,54.7366,54.7221,54.7317,4397
2026-07-09 11:38:00,54.7269,54.7317,54.7221,54.7317,3951
2026-07-09 11:39:00,54.7317,54.7414,54.7269,54.7375,9504
2026-07-09 11:40:00,54.7414,54.7414,54.7414,54.7414,853
2026-07-09 11:41:00,54.7366,54.7366,54.6543,54.6543,10137
2026-07-09 11:42:00,54.6446,54.664,54.6446,54.664,5654
2026-07-09 11:43:00,54.6543,54.664,54.6446,54.6446,13631
2026-07-09 11:44:00,54.6446,54.6591,54.6446,54.6591,4031
2026-07-09 11:45:00,54.6688,54.6785,54.6688,54.6785,5014
2026-07-09 11:46:00,54.6882,54.6945,54.6882,54.693,1384
2026-07-09 11:47:00,54.6833,54.6833,54.6737,54.6833,3742
2026-07-09 11:48:00,54.6785,54.7221,54.6785,54.7221,10463
2026-07-09 11:49:00,54.7124,54.7414,54.7124,54.7414,3008
2026-07-09 11:50:00,54.7511,54.7511,54.7318,54.7366,2529
2026-07-09 11:51:00,54.7317,54.7656,54.7317,54.7656,7043
2026-07-09 11:52:00,54.7656,54.7656,54.7511,54.7559,3276
2026-07-09 11:53:00,54.7607,54.7608,54.7511,54.7511,3379
2026-07-09 11:54:00,54.7511,54.7571,54.7511,54.7571,2717
2026-07-09 11:55:00,54.7559,54.7801,54.7559,54.7801,3182
2026-07-09 11:56:00,54.7801,54.7801,54.7366,54.7366,8027
2026-07-09 11:57:00,54.7414,54.7463,54.7317,54.7317,4143
2026-07-09 11:58:00,54.7317,54.7317,54.7269,54.7269,426
2026-07-09 11:59:00,54.7269,54.7318,54.7222,54.7318,2553
2026-07-09 12:00:00,54.7222,54.7269,54.7221,54.7269,2431
2026-07-09 12:01:00,54.7221,54.7221,54.7075,54.7075,2480
2026-07-09 12:02:00,54.7075,54.7075,54.6833,54.6833,2300
2026-07-09 12:03:00,54.6833,54.6833,54.664,54.664,5640
2026-07-09 12:04:00,54.6591,54.6653,54.6591,54.6591,2883
2026-07-09 12:05:00,54.6543,54.6688,54.6543,54.6688,1173
2026-07-09 12:06:00,54.6688,54.6737,54.6688,54.6737,683
2026-07-09 12:07:00,54.6737,54.6785,54.664,54.6688,4547
2026-07-09 12:08:00,54.664,54.6688,54.664,54.664,1355
2026-07-09 12:09:00,54.6688,54.6737,54.664,54.6688,1090
2026-07-09 12:10:00,54.664,54.6688,54.664,54.6688,3138
2026-07-09 12:11:00,54.6688,54.6688,54.6591,54.6591,1817
2026-07-09 12:12:00,54.6591,54.664,54.6591,54.6591,1183
2026-07-09 12:13:00,54.6591,54.664,54.6543,54.664,2900
2026-07-09 12:14:00,54.6543,54.6591,54.6543,54.6591,789
2026-07-09 12:15:00,54.6591,54.6591,54.6591,54.6591,655
2026-07-09 12:16:00,54.664,54.6688,54.664,54.664,985
2026-07-09 12:17:00,54.6688,54.6785,54.6688,54.6785,2953
2026-07-09 12:18:00,54.6833,54.6882,54.6785,54.6882,1553
2026-07-09 12:19:00,54.6882,54.693,54.6882,54.693,814
2026-07-09 12:20:00,54.6882,54.7027,54.6882,54.7027,2506
2026-07-09 12:21:00,54.7124,54.7221,54.7034,54.7221,4222
2026-07-09 12:22:00,54.7317,54.7414,54.7317,54.7414,7424
2026-07-09 12:23:00,54.746,54.7608,54.7429,54.7559,4196
2026-07-09 12:24:00,54.7559,54.7559,54.7559,54.7559,1650
2026-07-09 12:25:00,54.757,54.757,54.7511,54.7559,3429
2026-07-09 12:26:00,54.7608,54.7625,54.7608,54.7625,1117
2026-07-09 12:27:00,54.7656,54.7656,54.7559,54.7559,2451
2026-07-09 12:28:00,54.7511,54.7511,54.7463,54.7463,1329
2026-07-09 12:30:00,54.7463,54.7511,54.7366,54.7414,3747
2026-07-09 12:31:00,54.7472,54.7472,54.7472,54.7472,429
2026-07-09 12:32:00,54.7463,54.7608,54.7463,54.7608,2424
2026-07-09 12:33:00,54.7608,54.768,54.7559,54.7608,1821
2026-07-09 12:34:00,54.7608,54.7608,54.7511,54.7511,2683
2026-07-09 12:35:00,54.7463,54.7463,54.7318,54.7366,918
2026-07-09 12:36:00,54.7414,54.7511,54.7414,54.7496,1382
2026-07-09 12:37:00,54.7511,54.7656,54.7453,54.7656,2119
2026-07-09 12:38:00,54.7656,54.7656,54.7525,54.7584,3210
2026-07-09 12:39:00,54.7516,54.7584,54.7516,54.7559,5303
2026-07-09 12:40:00,54.7511,54.7559,54.7463,54.7463,1407
2026-07-09 12:41:00,54.7463,54.7511,54.7463,54.7463,959
2026-07-09 12:42:00,54.7511,54.7559,54.7511,54.7559,2747
2026-07-09 12:43:00,54.7559,54.7608,54.7559,54.7559,1397
2026-07-09 12:44:00,54.7608,54.768,54.7608,54.768,1986
2026-07-09 12:45:00,54.7705,54.7753,54.7705,54.7753,3095
2026-07-09 12:46:00,54.7753,54.7782,54.7753,54.7753,814
2026-07-09 12:47:00,54.7801,54.7801,54.7709,54.7753,3565
2026-07-09 12:48:00,54.7706,54.7706,54.7706,54.7706,118
2026-07-09 12:49:00,54.7753,54.785,54.7608,54.7705,10663
2026-07-09 12:50:00,54.7656,54.7801,54.7608,54.7656,13306
2026-07-09 12:51:00,54.7656,54.7753,54.7656,54.7753,2014
2026-07-09 12:52:00,54.7753,54.7753,54.7608,54.7656,1317
2026-07-09 12:53:00,54.7656,54.7801,54.7656,54.7801,2358
2026-07-09 12:54:00,54.7801,54.7801,54.7753,54.7777,1975
2026-07-09 12:55:00,54.7753,54.7753,54.7753,54.7753,411
2026-07-09 12:56:00,54.7753,54.7753,54.7705,54.7705,1168
2026-07-09 12:57:00,54.7753,54.7753,54.7753,54.7753,965
2026-07-09 12:58:00,54.7705,54.7801,54.7705,54.7801,422
2026-07-09 12:59:00,54.7753,54.7801,54.7705,54.7777,3519
2026-07-09 13:00:00,54.7753,54.7753,54.7656,54.7705,3803
2026-07-09 13:01:00,54.7656,54.7656,54.7656,54.7656,468
2026-07-09 13:02:00,54.7705,54.7801,54.7705,54.7753,1984
2026-07-09 13:03:00,54.7801,54.785,54.7753,54.785,2435
2026-07-09 13:04:00,54.785,54.7995,54.785,54.7971,3105
2026-07-09 13:05:00,54.7995,54.8092,54.7995,54.7995,11314
2026-07-09 13:06:00,54.8043,54.8043,54.7947,54.7995,5146
2026-07-09 13:07:00,54.7995,54.8043,54.7898,54.7898,3131
2026-07-09 13:08:00,54.7947,54.7995,54.7947,54.7947,878
2026-07-09 13:09:00,54.7898,54.7898,54.7753,54.7801,2351
2026-07-09 13:10:00,54.7801,54.7995,54.7801,54.7995,5000
2026-07-09 13:11:00,54.7908,54.7908,54.7705,54.7753,3213
2026-07-09 13:12:00,54.7656,54.7753,54.7656,54.7705,1182
2026-07-09 13:13:00,54.7608,54.7608,54.7511,54.7511,2601
2026-07-09 13:14:00,54.7511,54.7511,54.7414,54.7487,1693
2026-07-09 13:15:00,54.7463,54.7463,54.7269,54.7269,2440
2026-07-09 13:16:00,54.7317,54.7366,54.7317,54.7366,1506
2026-07-09 13:17:00,54.7322,54.7414,54.723,54.7414,2164
2026-07-09 13:18:00,54.7327,54.7327,54.7317,54.7317,1401
2026-07-09 13:19:00,54.7366,54.7366,54.7269,54.7269,2307
2026-07-09 13:20:00,54.7269,54.7269,54.7221,54.725,2321
2026-07-09 13:21:00,54.7269,54.7269,54.7269,54.7269,487
2026-07-09 13:22:00,54.7221,54.7221,54.7221,54.7221,387
2026-07-09 13:23:00,54.7221,54.7221,54.6882,54.693,2708
2026-07-09 13:24:00,54.6882,54.693,54.6688,54.6688,1673
2026-07-09 13:25:00,54.6654,54.6688,54.6591,54.6688,3500
2026-07-09 13:26:00,54.6688,54.6785,54.6688,54.6737,4566
2026-07-09 13:27:00,54.6737,54.6833,54.6737,54.6785,3707
2026-07-09 13:28:00,54.6833,54.6833,54.6737,54.6737,1438
2026-07-09 13:29:00,54.6737,54.6814,54.6737,54.6814,1517
2026-07-09 13:30:00,54.6833,54.6833,54.6785,54.6833,1880
2026-07-09 13:31:00,54.6737,54.6737,54.664,54.664,895
2026-07-09 13:32:00,54.6688,54.6833,54.664,54.6688,5701
2026-07-09 13:33:00,54.6649,54.6737,54.664,54.6641,1897
2026-07-09 13:34:00,54.6688,54.6833,54.6688,54.6785,1675
2026-07-09 13:35:00,54.6737,54.6737,54.6737,54.6737,1014
2026-07-09 13:36:00,54.6737,54.6833,54.6737,54.6833,1353
2026-07-09 13:37:00,54.6785,54.6833,54.6785,54.6833,2012
2026-07-09 13:38:00,54.6737,54.6833,54.6737,54.6833,794
2026-07-09 13:39:00,54.6795,54.6795,54.6591,54.6737,2940
2026-07-09 13:40:00,54.6688,54.6688,54.664,54.6688,10521
2026-07-09 13:41:00,54.664,54.664,54.6495,54.6495,1567
2026-07-09 13:42:00,54.6446,54.6543,54.6446,54.6495,2399
2026-07-09 13:43:00,54.6446,54.6688,54.6446,54.6688,4925
2026-07-09 13:44:00,54.6737,54.6833,54.6737,54.6785,3549
2026-07-09 13:45:00,54.6737,54.6833,54.6737,54.6833,4134
2026-07-09 13:46:00,54.693,54.6979,54.693,54.6979,812
2026-07-09 13:47:00,54.7027,54.7075,54.7027,54.7075,4985
2026-07-09 13:48:00,54.7075,54.7124,54.7039,54.7039,903
2026-07-09 13:49:00,54.7075,54.7075,54.7049,54.7049,304
2026-07-09 13:50:00,54.7124,54.7124,54.7075,54.7075,1602
2026-07-09 13:51:00,54.7124,54.7124,54.7124,54.7124,1391
2026-07-09 13:52:00,54.7124,54.7195,54.7124,54.7124,1985
2026-07-09 13:53:00,54.7124,54.7124,54.7124,54.7124,472
2026-07-09 13:54:00,54.7172,54.7172,54.7124,54.7124,709
2026-07-09 13:55:00,54.7027,54.7075,54.7027,54.7075,2235
2026-07-09 13:56:00,54.7124,54.7124,54.7075,54.7075,672
2026-07-09 13:57:00,54.7124,54.7172,54.7124,54.7172,3108
2026-07-09 13:58:00,54.7172,54.7172,54.7027,54.7075,1260
2026-07-09 13:59:00,54.7075,54.7134,54.7075,54.7134,2558
2026-07-09 14:00:00,54.7124,54.7124,54.7027,54.7075,1842
2026-07-09 14:01:00,54.7124,54.7221,54.7124,54.7221,2006
2026-07-09 14:02:00,54.7124,54.7172,54.7124,54.7172,1094
2026-07-09 14:03:00,54.7124,54.7124,54.7075,54.7124,1487
2026-07-09 14:04:00,54.7075,54.7075,54.693,54.6979,3208
2026-07-09 14:05:00,54.6979,54.6979,54.693,54.6939,2287
2026-07-09 14:06:00,54.693,54.6979,54.693,54.693,1308
2026-07-09 14:07:00,54.6979,54.6979,54.6833,54.6882,3294
2026-07-09 14:08:00,54.6882,54.6882,54.6833,54.6833,1763
2026-07-09 14:09:00,54.6833,54.6882,54.6833,54.6882,431
2026-07-09 14:10:00,54.6833,54.6833,54.6737,54.6833,3407
2026-07-09 14:11:00,54.6833,54.693,54.6833,54.6882,2508
2026-07-09 14:12:00,54.693,54.693,54.693,54.693,1281
2026-07-09 14:13:00,54.6979,54.6979,54.6979,54.6979,246
2026-07-09 14:14:00,54.6979,54.6979,54.6834,54.6882,3959
2026-07-09 14:15:00,54.693,54.7075,54.693,54.7075,2681
2026-07-09 14:16:00,54.7041,54.7041,54.6942,54.6942,955
2026-07-09 14:17:00,54.6979,54.6979,54.693,54.693,343
2026-07-09 14:18:00,54.6979,54.7007,54.6979,54.6979,1089
2026-07-09 14:19:00,54.6979,54.6979,54.693,54.6979,939
2026-07-09 14:20:00,54.693,54.7022,54.6834,54.7022,20687
2026-07-09 14:21:00,54.6931,54.6979,54.693,54.6979,3930
2026-07-09 14:23:00,54.6979,54.6979,54.693,54.693,1812
2026-07-09 14:24:00,54.6944,54.6944,54.6882,54.6929,1701
2026-07-09 14:25:00,54.6882,54.6882,54.6785,54.6785,1415
2026-07-09 14:26:00,54.6785,54.6833,54.6737,54.6737,2589
2026-07-09 14:27:00,54.6737,54.6882,54.6737,54.6862,5437
2026-07-09 14:28:00,54.6839,54.6882,54.6839,54.6882,1888
2026-07-09 14:29:00,54.693,54.693,54.6833,54.6833,1286
2026-07-09 14:30:00,54.6833,54.6833,54.6785,54.6785,663
2026-07-09 14:31:00,54.6833,54.6882,54.6833,54.6833,2785
2026-07-09 14:32:00,54.693,54.693,54.693,54.693,1470
2026-07-09 14:33:00,54.6929,54.6929,54.6833,54.6882,480
2026-07-09 14:34:00,54.6833,54.693,54.6833,54.6882,1402
2026-07-09 14:35:00,54.6912,54.6912,54.6882,54.6882,549
2026-07-09 14:36:00,54.693,54.6979,54.693,54.693,5109
2026-07-09 14:37:00,54.6785,54.6833,54.6738,54.6785,7876
2026-07-09 14:38:00,54.6785,54.6833,54.6737,54.6737,910
2026-07-09 14:39:00,54.6737,54.6737,54.6688,54.6688,1686
2026-07-09 14:40:00,54.6688,54.6688,54.664,54.664,860
2026-07-09 14:41:00,54.6737,54.6833,54.6688,54.6833,4961
2026-07-09 14:42:00,54.6737,54.6785,54.6647,54.6688,4051
2026-07-09 14:43:00,54.665,54.6688,54.664,54.6688,1186
2026-07-09 14:44:00,54.6688,54.6698,54.664,54.664,1228
2026-07-09 14:45:00,54.6737,54.6833,54.6737,54.6785,4301
2026-07-09 14:46:00,54.6785,54.6833,54.6785,54.6785,14228
2026-07-09 14:47:00,54.6833,54.6833,54.6737,54.6785,4285
2026-07-09 14:48:00,54.6785,54.6785,54.6642,54.6688,5341
2026-07-09 14:49:00,54.664,54.6737,54.664,54.6688,9909
2026-07-09 14:50:00,54.6688,54.6737,54.664,54.6688,2100
2026-07-09 14:51:00,54.664,54.6833,54.664,54.6785,5601
2026-07-09 14:52:00,54.6748,54.6785,54.664,54.664,12760
2026-07-09 14:53:00,54.664,54.6665,54.6495,54.6665,7292
2026-07-09 14:54:00,54.6688,54.6688,54.6688,54.6688,180
2026-07-09 14:55:00,54.6688,54.6736,54.6688,54.6688,1060
2026-07-09 14:56:00,54.6688,54.6737,54.6688,54.6737,906
2026-07-09 14:57:00,54.6688,54.6688,54.6554,54.6591,4481
2026-07-09 14:58:00,54.6591,54.664,54.6562,54.664,3288
2026-07-09 14:59:00,54.6688,54.6833,54.6688,54.6785,6417
2026-07-09 15:00:00,54.6785,54.6882,54.6785,54.6882,14405
2026-07-09 15:01:00,54.6882,54.693,54.6854,54.6882,1973
2026-07-09 15:02:00,54.6882,54.6882,54.6882,54.6882,2036
2026-07-09 15:03:00,54.6834,54.6882,54.6737,54.6882,6882
2026-07-09 15:04:00,54.6833,54.6882,54.6833,54.6833,3222
2026-07-09 15:05:00,54.6833,54.6882,54.6833,54.6833,1376
2026-07-09 15:06:00,54.6844,54.6882,54.6833,54.6882,1178
2026-07-09 15:07:00,54.6882,54.693,54.6833,54.6834,8365
2026-07-09 15:08:00,54.6882,54.6882,54.6882,54.6882,657
2026-07-09 15:09:00,54.6833,54.6833,54.6688,54.6737,4672
2026-07-09 15:10:00,54.6737,54.6737,54.6737,54.6737,477
2026-07-09 15:11:00,54.6785,54.6833,54.6747,54.6785,1412
2026-07-09 15:12:00,54.6833,54.6882,54.6833,54.6882,5936
2026-07-09 15:13:00,54.6833,54.7027,54.6833,54.6979,17180
2026-07-09 15:14:00,54.7027,54.7075,54.693,54.6979,3511
2026-07-09 15:15:00,54.6979,54.6979,54.6951,54.6979,1645
2026-07-09 15:16:00,54.7027,54.7027,54.6979,54.6979,1809
2026-07-09 15:17:00,54.6979,54.6979,54.6979,54.6979,126
2026-07-09 15:18:00,54.7027,54.7124,54.6979,54.7124,24227
2026-07-09 15:19:00,54.7221,54.7366,54.7172,54.7269,8102
2026-07-09 15:20:00,54.7269,54.7269,54.7221,54.7221,1422
2026-07-09 15:21:00,54.7231,54.7317,54.7231,54.7292,881
2026-07-09 15:22:00,54.7269,54.7317,54.7269,54.7282,1845
2026-07-09 15:23:00,54.7307,54.7414,54.7269,54.7366,6865
2026-07-09 15:24:00,54.7366,54.7511,54.7366,54.7424,13086
2026-07-09 15:25:00,54.7463,54.7463,54.7414,54.7463,4609
2026-07-09 15:26:00,54.7414,54.7705,54.7366,54.7608,22133
2026-07-09 15:27:00,54.7608,54.7705,54.7608,54.7704,9490
2026-07-09 15:28:00,54.7695,54.7705,54.7656,54.7656,1134
2026-07-09 15:29:00,54.7656,54.7656,54.7511,54.7531,4954
2026-07-09 15:30:00,54.7522,54.7559,54.7463,54.7559,7423
2026-07-09 15:31:00,54.7559,54.7608,54.7511,54.7559,3965
2026-07-09 15:32:00,54.7559,54.7608,54.7511,54.7559,8029
2026-07-09 15:33:00,54.7559,54.7705,54.7559,54.7656,14351
2026-07-09 15:34:00,54.7656,54.7801,54.7559,54.7656,21969
2026-07-09 15:35:00,54.7705,54.7705,54.7608,54.7656,10640
2026-07-09 15:36:00,54.7656,54.7705,54.7656,54.7656,3912
2026-07-09 15:37:00,54.7656,54.7695,54.7656,54.7656,1420
2026-07-09 15:38:00,54.7656,54.7705,54.7608,54.7656,8408
2026-07-09 15:39:00,54.7695,54.7705,54.7608,54.7656,6625
2026-07-09 15:40:00,54.7656,54.7705,54.762,54.7656,5381
2026-07-09 15:41:00,54.7608,54.7656,54.7317,54.7317,8225
2026-07-09 15:42:00,54.7317,54.7317,54.7124,54.7172,9018
2026-07-09 15:43:00,54.7124,54.7221,54.7124,54.7124,3276
2026-07-09 15:44:00,54.7124,54.7172,54.7027,54.7027,7447
2026-07-09 15:45:00,54.7027,54.7172,54.6979,54.7172,20167
2026-07-09 15:46:00,54.7221,54.7269,54.7172,54.7269,9998
2026-07-09 15:47:00,54.7269,54.7317,54.7269,54.7269,5995
2026-07-09 15:48:00,54.7269,54.7463,54.7269,54.7366,17999
2026-07-09 15:49:00,54.7317,54.7366,54.7269,54.7269,15993
2026-07-09 15:50:00,54.7269,54.7463,54.7221,54.7366,24468
2026-07-09 15:51:00,54.7366,54.7414,54.7269,54.7269,14096
2026-07-09 15:52:00,54.7269,54.7463,54.7233,54.7317,36105
2026-07-09 15:53:00,54.7318,54.7414,54.7269,54.7366,15176
2026-07-09 15:54:00,54.7366,54.7366,54.7172,54.7269,11947
2026-07-09 15:55:00,54.7269,54.7269,54.7124,54.7172,20689
2026-07-09 15:56:00,54.7269,54.7269,54.7124,54.7172,14074
2026-07-09 15:57:00,54.7124,54.7414,54.7124,54.7366,39381
2026-07-09 15:58:00,54.7366,54.7414,54.7221,54.7366,45928
2026-07-09 15:59:00,54.7366,54.7608,54.7221,54.7366,68407
2026-07-10 09:30:00,55.1383,55.1867,55.1286,55.1867,85803
2026-07-10 09:31:00,55.1867,55.2012,55.1722,55.177,19303
2026-07-10 09:32:00,55.177,55.1964,55.148,55.177,14986
2026-07-10 09:33:00,55.177,55.1964,55.1577,55.1577,22410
2026-07-10 09:34:00,55.1577,55.177,55.148,55.1673,7743
2026-07-10 09:35:00,55.1584,55.2061,55.1584,55.2061,6364
2026-07-10 09:36:00,55.2061,55.2061,55.148,55.1577,104713
2026-07-10 09:37:00,55.1673,55.177,55.1528,55.1722,87424
2026-07-10 09:38:00,55.1722,55.177,55.1383,55.1383,60704
2026-07-10 09:39:00,55.1383,55.1577,55.1286,55.1286,15856
2026-07-10 09:40:00,55.148,55.1867,55.1335,55.1867,8994
2026-07-10 09:41:00,55.1916,55.2158,55.1867,55.2061,3385
2026-07-10 09:42:00,55.2061,55.2061,55.148,55.148,13698
2026-07-10 09:43:00,55.148,55.1577,55.1286,55.148,13960
2026-07-10 09:44:00,55.1528,55.1528,55.0851,55.0851,3590
2026-07-10 09:45:00,55.0609,55.0754,55.0512,55.0609,7762
2026-07-10 09:46:00,55.0705,55.0802,55.0705,55.0705,972
2026-07-10 09:47:00,55.0802,55.0899,55.0609,55.0802,7986
2026-07-10 09:48:00,55.0851,55.1093,55.0802,55.1093,2263
2026-07-10 09:49:00,55.1093,55.1189,55.1093,55.1189,588
2026-07-10 09:50:00,55.1093,55.1093,55.1093,55.1093,1041
2026-07-10 09:51:00,55.1093,55.1286,55.1093,55.1286,1564
2026-07-10 09:52:00,55.1189,55.1189,55.1044,55.1093,7014
2026-07-10 09:53:00,55.1189,55.1189,55.1093,55.1189,6487
2026-07-10 09:54:00,55.1093,55.1286,55.1093,55.1189,6707
2026-07-10 09:55:00,55.1238,55.1238,55.1093,55.1093,1125
2026-07-10 09:56:00,55.1141,55.1141,55.0802,55.0802,52654
2026-07-10 09:57:00,55.0802,55.0851,55.0783,55.0783,2070
2026-07-10 09:58:00,55.0802,55.1141,55.0802,55.1141,34106
2026-07-10 09:59:00,55.1189,55.1189,55.0996,55.1044,74194
2026-07-10 10:00:00,55.1044,55.1141,55.0899,55.1093,23050
2026-07-10 10:01:00,55.1093,55.1286,55.0996,55.1286,4953
2026-07-10 10:02:00,55.1286,55.1286,55.1093,55.1093,1878
2026-07-10 10:03:00,55.1093,55.1093,55.0899,55.0899,5845
2026-07-10 10:04:00,55.0899,55.0996,55.0899,55.0996,1497
2026-07-10 10:05:00,55.1093,55.1383,55.1044,55.1383,10926
2026-07-10 10:06:00,55.148,55.1577,55.1383,55.1577,5090
2026-07-10 10:07:00,55.1577,55.1673,55.148,55.1673,4772
2026-07-10 10:08:00,55.177,55.177,55.1577,55.1577,2977
2026-07-10 10:09:00,55.1673,55.1673,55.1625,55.1625,1333
2026-07-10 10:10:00,55.1577,55.1722,55.148,55.148,7421
2026-07-10 10:11:00,55.1528,55.177,55.1499,55.1499,8054
2026-07-10 10:12:00,55.1673,55.1673,55.1577,55.1673,3151
2026-07-10 10:13:00,55.1673,55.1673,55.148,55.1577,6381
2026-07-10 10:14:00,55.1528,55.1577,55.1528,55.1528,898
2026-07-10 10:15:00,55.1571,55.1867,55.1528,55.177,15092
2026-07-10 10:16:00,55.1867,55.1867,55.177,55.177,2689
2026-07-10 10:17:00,55.1722,55.1867,55.1722,55.177,4005
2026-07-10 10:18:00,55.1867,55.1867,55.1383,55.1383,8545
2026-07-10 10:19:00,55.1286,55.1286,55.1141,55.1189,2804
2026-07-10 10:20:00,55.1117,55.1189,55.1044,55.1189,6178
2026-07-10 10:21:00,55.1189,55.1238,55.0899,55.0899,6252
2026-07-10 10:22:00,55.0899,55.0996,55.0802,55.0996,5986
2026-07-10 10:23:00,55.1044,55.1189,55.0996,55.1189,17428
2026-07-10 10:24:00,55.1238,55.1286,55.1093,55.1093,17247
2026-07-10 10:25:00,55.0996,55.1189,55.0802,55.1189,11489
2026-07-10 10:26:00,55.1189,55.1383,55.1189,55.1335,19242
2026-07-10 10:27:00,55.1286,55.1383,55.1238,55.1383,8101
2026-07-10 10:28:00,55.1286,55.1335,55.1189,55.1189,11847
2026-07-10 10:29:00,55.1286,55.1335,55.1238,55.1321,7751
2026-07-10 10:30:00,55.1189,55.1673,55.1189,55.1577,6176
2026-07-10 10:31:00,55.1673,55.177,55.1431,55.148,6098
2026-07-10 10:32:00,55.148,55.177,55.148,55.1577,13323
2026-07-10 10:33:00,55.1673,55.1673,55.1577,55.1577,2329
2026-07-10 10:34:00,55.148,55.1528,55.1209,55.1209,10157
2026-07-10 10:35:00,55.1189,55.1189,55.0512,55.0609,5780
2026-07-10 10:36:00,55.0609,55.0802,55.056,55.0802,8995
2026-07-10 10:37:00,55.0802,55.0996,55.0802,55.0996,6229
2026-07-10 10:38:00,55.0996,55.1044,55.0947,55.0947,2359
2026-07-10 10:39:00,55.0996,55.1189,55.0996,55.1103,4587
2026-07-10 10:40:00,55.1093,55.1093,55.0996,55.0996,4295
2026-07-10 10:41:00,55.1093,55.1093,55.0802,55.0802,11457
2026-07-10 10:42:00,55.0899,55.0996,55.0657,55.0996,6267
2026-07-10 10:43:00,55.0996,55.1093,55.0899,55.0947,10025
2026-07-10 10:44:00,55.0996,55.0996,55.09,55.0996,2332
2026-07-10 10:45:00,55.0996,55.125,55.0996,55.1189,3227
2026-07-10 10:46:00,55.1189,55.1201,55.1095,55.1141,1542
2026-07-10 10:47:00,55.1141,55.1189,55.1044,55.1093,9135
2026-07-10 10:48:00,55.1093,55.1238,55.1093,55.1238,1838
2026-07-10 10:49:00,55.1189,55.1286,55.1189,55.1286,4317
2026-07-10 10:50:00,55.1286,55.1335,55.1189,55.1238,2834
2026-07-10 10:51:00,55.1238,55.1335,55.1189,55.1189,5370
2026-07-10 10:52:00,55.1189,55.1238,55.1141,55.1189,15947
2026-07-10 10:53:00,55.1238,55.1286,55.1093,55.1093,11606
2026-07-10 10:54:00,55.1093,55.1189,55.1093,55.1141,2552
2026-07-10 10:55:00,55.1189,55.1286,55.1161,55.1161,5903
2026-07-10 10:56:00,55.1141,55.1187,55.0996,55.1187,2958
2026-07-10 10:57:00,55.1141,55.1189,55.1141,55.1189,1800
2026-07-10 10:58:00,55.1189,55.1286,55.1189,55.1189,2172
2026-07-10 10:59:00,55.1286,55.1286,55.0996,55.1093,10187
2026-07-10 11:00:00,55.1093,55.1238,55.0899,55.0923,56525
2026-07-10 11:01:00,55.0996,55.0996,55.0609,55.0609,12340
2026-07-10 11:02:00,55.0512,55.056,55.0415,55.056,3031
2026-07-10 11:03:00,55.0512,55.0512,55.0221,55.0318,4268
2026-07-10 11:04:00,55.0221,55.0512,55.0221,55.0512,3620
2026-07-10 11:05:00,55.0512,55.0512,55.0415,55.0463,1104
2026-07-10 11:06:00,55.0463,55.0512,55.0318,55.0415,9371
2026-07-10 11:07:00,55.0512,55.056,55.0463,55.0463,1969
2026-07-10 11:08:00,55.0508,55.0609,55.0415,55.0609,1154
2026-07-10 11:09:00,55.0609,55.0802,55.056,55.0802,202922
2026-07-10 11:10:00,55.0851,55.0996,55.0851,55.0899,6719
2026-07-10 11:11:00,55.0899,55.0904,55.0899,55.0904,3513
2026-07-10 11:12:00,55.0899,55.0899,55.0512,55.0517,7752
2026-07-10 11:13:00,55.0512,55.056,55.0318,55.0367,1795
2026-07-10 11:14:00,55.0367,55.0512,55.0367,55.0415,4656
2026-07-10 11:15:00,55.0415,55.0415,55.0318,55.0318,3026
2026-07-10 11:16:00,55.0318,55.0318,55.0173,55.0173,1010
2026-07-10 11:17:00,55.0125,55.0173,55.0125,55.0173,952
2026-07-10 11:18:00,55.0221,55.0318,55.0173,55.026,2429
2026-07-10 11:19:00,55.0318,55.0318,55.0125,55.0173,1862
2026-07-10 11:20:00,55.0221,55.0367,55.0125,55.0367,2748
2026-07-10 11:21:00,55.0415,55.0512,55.0222,55.027,8270
2026-07-10 11:22:00,55.027,55.027,55.027,55.027,1322
2026-07-10 11:23:00,55.0229,55.0318,55.0173,55.0221,4794
2026-07-10 11:24:00,55.0173,55.0318,55.0076,55.027,6838
2026-07-10 11:25:00,55.027,55.0367,55.027,55.0367,1813
2026-07-10 11:26:00,55.035,55.056,55.035,55.0512,5005
2026-07-10 11:27:00,55.0463,55.0657,55.0425,55.0657,6811
2026-07-10 11:28:00,55.0705,55.0947,55.0705,55.0901,4982
2026-07-10 11:29:00,55.0899,55.0996,55.0899,55.0899,1204
2026-07-10 11:30:00,55.0899,55.0899,55.0802,55.0802,1950
2026-07-10 11:31:00,55.0705,55.0705,55.056,55.0705,2968
2026-07-10 11:32:00,55.0609,55.1286,55.056,55.0899,36373
2026-07-10 11:33:00,55.0802,55.0899,55.0657,55.0657,1871
2026-07-10 11:34:00,55.0609,55.0609,55.0318,55.0318,5727
2026-07-10 11:35:00,55.0221,55.0221,54.9931,54.9931,1990
2026-07-10 11:36:00,55.0028,55.0173,55.0028,55.0125,6085
2026-07-10 11:37:00,55.0173,55.0173,55.0076,55.0125,1332
2026-07-10 11:38:00,55.0125,55.0173,54.9979,55.0013,11150
2026-07-10 11:39:00,55.0028,55.0125,54.9979,55.0076,10130
2026-07-10 11:40:00,55.0076,55.0076,54.9931,54.9931,2567
2026-07-10 11:41:00,54.9883,54.9979,54.9834,54.9834,1485
2026-07-10 11:42:00,54.9834,54.9931,54.9737,54.9883,4181
2026-07-10 11:43:00,54.9931,55.0125,54.9931,55.0125,2190
2026-07-10 11:44:00,55.0133,55.0133,55.0133,55.0133,206
2026-07-10 11:45:00,55.0221,55.0415,55.0221,55.0415,2817
2026-07-10 11:46:00,55.0512,55.0657,55.0367,55.0367,3501
2026-07-10 11:47:00,55.0318,55.0318,55.0221,55.0317,937
2026-07-10 11:48:00,55.0318,55.0415,55.0318,55.0367,1257
2026-07-10 11:49:00,55.0333,55.0415,55.0318,55.0415,898
2026-07-10 11:50:00,55.0415,55.0512,55.0415,55.0512,1644
2026-07-10 11:51:00,55.0512,55.0512,55.0512,55.0512,452
2026-07-10 11:52:00,55.0512,55.0512,55.0512,55.0512,1607
2026-07-10 11:53:00,55.0512,55.0899,55.0512,55.0803,2955
2026-07-10 11:54:00,55.0898,55.0899,55.0823,55.0823,825
2026-07-10 11:55:00,55.0899,55.0996,55.0802,55.0802,10086
2026-07-10 11:56:00,55.0817,55.0851,55.0817,55.0851,604
2026-07-10 11:57:00,55.0817,55.0899,55.0802,55.0899,6088
2026-07-10 11:58:00,55.0802,55.0802,55.0609,55.0609,1368
2026-07-10 11:59:00,55.0609,55.0609,55.043,55.0512,1390
2026-07-10 12:00:00,55.0512,55.0512,55.0221,55.0221,2651
2026-07-10 12:01:00,55.0221,55.0221,55.0076,55.0076,2331
2026-07-10 12:02:00,55.0028,55.0028,54.9737,54.9737,1225
2026-07-10 12:03:00,54.9737,54.9786,54.9641,54.9786,4614
2026-07-10 12:04:00,54.9786,54.9786,54.9737,54.9737,2993
2026-07-10 12:05:00,54.9833,54.9833,54.9833,54.9833,396
2026-07-10 12:06:00,54.9737,54.9737,54.9471,54.9471,1085
2026-07-10 12:07:00,54.9544,54.9641,54.9495,54.9641,1245
2026-07-10 12:08:00,54.9592,54.9689,54.9592,54.9689,1885
2026-07-10 12:09:00,54.9737,54.9737,54.9737,54.9737,453
2026-07-10 12:10:00,54.9931,54.9949,54.9931,54.9949,1922
2026-07-10 12:11:00,54.9993,55.0028,54.9979,55.0028,7670
2026-07-10 12:12:00,55.0173,55.0173,55.0125,55.0125,1428
2026-07-10 12:13:00,55.0125,55.0125,55.0125,55.0125,388
2026-07-10 12:14:00,55.0125,55.0125,55.0125,55.0125,1448
2026-07-10 12:15:00,55.0125,55.0125,55.0076,55.0076,1381
2026-07-10 12:16:00,55.0037,55.0037,55.0037,55.0037,1203
2026-07-10 12:17:00,55.0125,55.0125,55.0125,55.0125,499
2026-07-10 12:18:00,55.0125,55.0125,55.0125,55.0125,1122
2026-07-10 12:19:00,55.0028,55.0028,55.0028,55.0028,721
2026-07-10 12:20:00,55.0125,55.0125,55.0076,55.0125,876
2026-07-10 12:21:00,55.0125,55.0221,55.0076,55.0125,2685
2026-07-10 12:22:00,55.0028,55.0028,54.9931,54.9931,2760
2026-07-10 12:24:00,54.9979,54.9979,54.9931,54.9931,992
2026-07-10 12:26:00,55.0028,55.0076,54.9979,55.0076,1674
2026-07-10 12:27:00,55.0076,55.0076,55.0076,55.0076,657
2026-07-10 12:28:00,55.0125,55.0173,55.0029,55.0125,1723
2026-07-10 12:29:00,55.0173,55.0173,55.0173,55.0173,155
2026-07-10 12:30:00,55.0125,55.0125,55.0028,55.0076,3131
2026-07-10 12:31:00,55.0125,55.0125,55.0125,55.0125,2462
2026-07-10 12:32:00,55.0173,55.0173,55.0028,55.0028,1768
2026-07-10 12:33:00,55.0173,55.0173,55.0173,55.0173,689
2026-07-10 12:34:00,55.0173,55.0173,55.0173,55.0173,645
2026-07-10 12:35:00,55.0173,55.0173,55.0076,55.0076,1762
2026-07-10 12:36:00,55.0076,55.0076,55.0028,55.0076,1533
2026-07-10 12:37:00,55.0028,55.0028,54.9931,54.9931,1099
2026-07-10 12:38:00,54.9931,54.9979,54.9931,54.9979,1468
2026-07-10 12:39:00,54.9931,54.9979,54.9931,54.9979,802
2026-07-10 12:40:00,54.9946,54.9946,54.9946,54.9946,1079
2026-07-10 12:41:00,54.9931,55.0028,54.9931,55.0028,4281
2026-07-10 12:42:00,55.0125,55.0125,55.0028,55.0028,2683
2026-07-10 12:43:00,54.9979,54.9979,54.9931,54.9931,1682
2026-07-10 12:44:00,54.9931,54.9979,54.9931,54.9931,1313
2026-07-10 12:45:00,54.9931,54.9931,54.9931,54.9931,970
2026-07-10 12:46:00,54.9949,54.9949,54.9949,54.9949,372
2026-07-10 12:47:00,54.9931,54.9931,54.9931,54.9931,1367
2026-07-10 12:48:00,54.9931,54.9931,54.9931,54.9931,900
2026-07-10 12:49:00,54.9979,54.9979,54.9883,54.9883,1114
2026-07-10 12:50:00,54.9883,54.9979,54.9865,54.9979,2887
2026-07-10 12:51:00,54.9979,55.0028,54.9979,55.0028,1387
2026-07-10 12:52:00,55.0038,55.0038,54.9931,54.9931,2064
2026-07-10 12:53:00,54.9931,54.9931,54.9931,54.9931,628
2026-07-10 12:54:00,54.9883,54.9931,54.9834,54.9883,1989
2026-07-10 12:55:00,54.9883,55.0028,54.9883,55.0028,1942
2026-07-10 12:56:00,55.0028,55.0173,55.0028,55.0076,8338
2026-07-10 12:57:00,55.0076,55.0076,54.9883,54.9979,6583
2026-07-10 12:58:00,55.0028,55.0125,55.0028,55.0076,2054
2026-07-10 12:59:00,55.0076,55.0076,55.0038,55.0071,1004
2026-07-10 13:00:00,55.0125,55.0125,55.0076,55.0125,1836
2026-07-10 13:01:00,55.0076,55.0125,55.0076,55.0076,879
2026-07-10 13:02:00,55.0028,55.0076,54.9979,55.0028,2911
2026-07-10 13:03:00,54.9979,55.0076,54.9979,55.0076,1234
2026-07-10 13:04:00,55.0131,55.0131,55.0126,55.0126,775
2026-07-10 13:05:00,55.0125,55.0125,54.9931,54.9979,3624
2026-07-10 13:06:00,55.0028,55.0028,55.0028,55.0028,705
2026-07-10 13:07:00,55.0125,55.0125,55.0125,55.0125,783
2026-07-10 13:08:00,55.0173,55.0221,55.0173,55.0221,631
2026-07-10 13:09:00,55.0173,55.0173,55.0135,55.0135,614
2026-07-10 13:10:00,55.0221,55.0318,55.0221,55.0221,1725
2026-07-10 13:11:00,55.0125,55.0221,55.0125,55.0125,2042
2026-07-10 13:12:00,55.0126,55.0173,55.0126,55.0143,992
2026-07-10 13:13:00,55.0221,55.0222,55.0173,55.0222,1601
2026-07-10 13:14:00,55.0318,55.0318,55.027,55.027,871
2026-07-10 13:16:00,55.0222,55.027,55.0173,55.0221,3965
2026-07-10 13:17:00,55.0367,55.0367,55.0318,55.0318,942
2026-07-10 13:18:00,55.0221,55.0221,55.0126,55.0126,1358
2026-07-10 13:19:00,55.0221,55.0221,55.0126,55.0173,3006
2026-07-10 13:20:00,55.0221,55.027,55.0221,55.0221,3365
2026-07-10 13:21:00,55.0221,55.0221,55.0173,55.0173,2826
2026-07-10 13:24:00,55.0173,55.0173,55.0028,55.0028,2963
2026-07-10 13:25:00,55.0125,55.0125,55.0125,55.0125,2274
2026-07-10 13:26:00,55.0076,55.0125,55.0076,55.0086,786
2026-07-10 13:27:00,55.0125,55.0173,55.0125,55.0125,1861
2026-07-10 13:28:00,55.0173,55.0221,55.0173,55.0173,611
2026-07-10 13:29:00,55.0173,55.0173,55.0028,55.0028,1317
2026-07-10 13:30:00,55.0028,55.0028,54.9835,54.9851,1728
2026-07-10 13:31:00,54.9834,54.9834,54.9737,54.9737,3186
2026-07-10 13:32:00,54.9737,54.9786,54.9737,54.9786,1673
2026-07-10 13:34:00,54.9641,54.9641,54.9641,54.9641,439
2026-07-10 13:35:00,54.9641,54.9737,54.9592,54.9737,2100
2026-07-10 13:36:00,54.9737,54.9786,54.9737,54.9737,2756
2026-07-10 13:38:00,54.9786,54.9834,54.9689,54.9689,2552
2026-07-10 13:39:00,54.9689,54.9703,54.9544,54.9544,2173
2026-07-10 13:40:00,54.9545,54.9689,54.9544,54.9641,3266
2026-07-10 13:41:00,54.9641,54.9641,54.9641,54.9641,611
2026-07-10 13:43:00,54.9544,54.9544,54.9447,54.9544,3673
2026-07-10 13:44:00,54.9448,54.9592,54.9448,54.9592,1224
2026-07-10 13:45:00,54.9641,54.9689,54.9592,54.9592,1336
2026-07-10 13:46:00,54.9544,54.9592,54.9464,54.9495,4696
2026-07-10 13:47:00,54.9545,54.9592,54.9544,54.9544,1735
2026-07-10 13:48:00,54.9572,54.9572,54.9544,54.9544,353
2026-07-10 13:49:00,54.9641,54.9641,54.9641,54.9641,1476
2026-07-10 13:51:00,54.9737,54.9737,54.9689,54.9689,1212
2026-07-10 13:52:00,54.9642,54.9689,54.9642,54.9689,671
2026-07-10 13:53:00,54.9737,54.9737,54.9737,54.9737,1687
2026-07-10 13:54:00,54.9737,54.9786,54.9737,54.9786,1280
2026-07-10 13:56:00,54.9786,54.9931,54.9752,54.9931,2598
2026-07-10 13:57:00,54.9979,54.9979,54.9979,54.9979,1059
2026-07-10 13:58:00,55.0028,55.0028,54.9979,54.9979,696
2026-07-10 13:59:00,55.0028,55.0028,54.9931,54.9979,1211
2026-07-10 14:00:00,54.9931,55.0028,54.9931,55.0028,919
2026-07-10 14:01:00,55.0028,55.0076,54.9883,54.9931,5687
2026-07-10 14:02:00,54.9931,55.0076,54.9931,55.0028,1785
2026-07-10 14:03:00,54.9979,54.9979,54.9883,54.9883,1167
2026-07-10 14:04:00,54.9834,54.9931,54.9834,54.9931,3998
2026-07-10 14:05:00,55.0028,55.0028,55.0028,55.0028,1148
2026-07-10 14:06:00,55.0076,55.0076,54.9979,55.0028,479
2026-07-10 14:07:00,55.0028,55.0038,54.9932,55.0038,3230
2026-07-10 14:08:00,55.0125,55.0221,55.0125,55.0221,1922
2026-07-10 14:09:00,55.0217,55.0221,55.0173,55.0221,1195
2026-07-10 14:10:00,55.0221,55.0221,55.0173,55.0173,2160
2026-07-10 14:11:00,55.0173,55.0221,55.0173,55.0173,731
2026-07-10 14:12:00,55.0221,55.0318,55.0221,55.0318,3548
2026-07-10 14:13:00,55.027,55.0318,55.0173,55.0318,6155
2026-07-10 14:14:00,55.027,55.027,55.027,55.027,413
2026-07-10 14:15:00,55.0318,55.0367,55.0318,55.0367,2787
2026-07-10 14:16:00,55.0367,55.0415,55.0367,55.0415,1193
2026-07-10 14:17:00,55.0415,55.0415,55.0318,55.0367,4146
2026-07-10 14:18:00,55.0367,55.0415,55.0367,55.0367,1138
2026-07-10 14:19:00,55.0367,55.0415,55.0221,55.027,12633
2026-07-10 14:20:00,55.027,55.0318,55.0229,55.027,3194
2026-07-10 14:21:00,55.027,55.0367,55.0221,55.0367,5629
2026-07-10 14:22:00,55.0367,55.0367,55.027,55.027,3641
2026-07-10 14:23:00,55.0221,55.0367,55.0125,55.0367,11759
2026-07-10 14:24:00,55.0367,55.0367,55.0367,55.0367,609
2026-07-10 14:25:00,55.0415,55.0415,55.0076,55.0076,13488
2026-07-10 14:26:00,55.0076,55.0076,54.9776,54.9786,7641
2026-07-10 14:27:00,54.9786,54.9931,54.9786,54.9834,4623
2026-07-10 14:28:00,54.9903,54.9903,54.9786,54.9786,2662
2026-07-10 14:29:00,54.9834,54.9883,54.9786,54.9834,2621
2026-07-10 14:30:00,54.9786,54.9834,54.9786,54.9786,3734
2026-07-10 14:31:00,54.9834,54.9883,54.9834,54.9834,5635
2026-07-10 14:32:00,54.9931,54.9931,54.9834,54.9931,1731
2026-07-10 14:33:00,54.9883,54.9883,54.9641,54.9641,10411
2026-07-10 14:34:00,54.9737,54.9737,54.9592,54.9689,11433
2026-07-10 14:35:00,54.9641,54.9641,54.9592,54.9641,4291
2026-07-10 14:36:00,54.9592,54.9689,54.9544,54.9544,5363
2026-07-10 14:37:00,54.9467,54.9467,54.9253,54.9253,5568
2026-07-10 14:38:00,54.935,54.935,54.9195,54.9195,4315
2026-07-10 14:39:00,54.9253,54.935,54.9157,54.935,3871
2026-07-10 14:40:00,54.934,54.935,54.9253,54.9254,3001
2026-07-10 14:41:00,54.9302,54.935,54.9302,54.9302,716
2026-07-10 14:42:00,54.935,54.9399,54.9302,54.9399,2741
2026-07-10 14:43:00,54.9399,54.9689,54.9399,54.9641,14853
2026-07-10 14:44:00,54.9592,54.9641,54.9592,54.9592,1822
2026-07-10 14:45:00,54.9592,54.9641,54.9592,54.9592,1323
2026-07-10 14:46:00,54.9592,54.9689,54.9592,54.9592,9116
2026-07-10 14:47:00,54.9592,54.9689,54.9583,54.9689,2064
2026-07-10 14:48:00,54.9689,54.9689,54.9592,54.965,5303
2026-07-10 14:49:00,54.9641,54.9689,54.9592,54.9689,4866
2026-07-10 14:50:00,54.9737,54.9737,54.9689,54.9689,4060
2026-07-10 14:51:00,54.9737,54.9786,54.9689,54.9786,9213
2026-07-10 14:52:00,54.9737,54.9786,54.9689,54.9786,3118
2026-07-10 14:53:00,54.9786,54.9818,54.9737,54.9786,1888
2026-07-10 14:54:00,54.9747,54.9828,54.9641,54.9689,5018
2026-07-10 14:55:00,54.9689,54.9786,54.9689,54.9738,1575
2026-07-10 14:56:00,54.9786,54.9832,54.9786,54.9786,1583
2026-07-10 14:57:00,54.9737,54.9737,54.9641,54.9641,1930
2026-07-10 14:58:00,54.9689,54.9689,54.9641,54.9641,444
2026-07-10 14:59:00,54.9641,54.9641,54.9447,54.9447,3906
2026-07-10 15:00:00,54.9447,54.9495,54.935,54.935,3657
2026-07-10 15:01:00,54.935,54.935,54.9253,54.9253,2621
2026-07-10 15:02:00,54.9254,54.935,54.9253,54.9253,6516
2026-07-10 15:03:00,54.9253,54.935,54.9253,54.935,2411
2026-07-10 15:04:00,54.9302,54.9302,54.9253,54.9302,471
2026-07-10 15:05:00,54.935,54.9399,54.935,54.9399,3606
2026-07-10 15:06:00,54.935,54.9399,54.935,54.9399,3962
2026-07-10 15:07:00,54.9399,54.9447,54.935,54.9447,1622
2026-07-10 15:08:00,54.9399,54.9399,54.9302,54.9302,5748
2026-07-10 15:09:00,54.9302,54.935,54.9302,54.9302,1885
2026-07-10 15:10:00,54.9274,54.9302,54.9274,54.9302,1028
2026-07-10 15:11:00,54.9302,54.9302,54.9302,54.9302,370
2026-07-10 15:12:00,54.935,54.9399,54.935,54.9399,2752
2026-07-10 15:13:00,54.9399,54.9399,54.9157,54.9157,3817
2026-07-10 15:14:00,54.9157,54.9205,54.9108,54.9157,4332
2026-07-10 15:15:00,54.9215,54.9215,54.8963,54.8963,14522
2026-07-10 15:16:00,54.9011,54.906,54.8808,54.8866,9321
2026-07-10 15:17:00,54.8866,54.8963,54.8818,54.8915,4547
2026-07-10 15:18:00,54.8915,54.8915,54.8769,54.8769,6835
2026-07-10 15:19:00,54.8769,54.8769,54.8769,54.8769,390
2026-07-10 15:20:00,54.8769,54.8769,54.8673,54.8673,3271
2026-07-10 15:21:00,54.8721,54.8769,54.8711,54.8711,4341
2026-07-10 15:22:00,54.8721,54.8721,54.8721,54.8721,4412
2026-07-10 15:23:00,54.8769,54.8866,54.8769,54.8818,3343
2026-07-10 15:24:00,54.8866,54.8963,54.8866,54.8915,2357
2026-07-10 15:25:00,54.8963,54.8963,54.8673,54.8673,10236
2026-07-10 15:26:00,54.8576,54.8576,54.8479,54.8527,3412
2026-07-10 15:27:00,54.8479,54.8576,54.8382,54.8527,7098
2026-07-10 15:28:00,54.8482,54.8624,54.8482,54.8624,8966
2026-07-10 15:29:00,54.8576,54.8769,54.8499,54.8673,18212
2026-07-10 15:30:00,54.8624,54.8721,54.8624,54.8673,5829
2026-07-10 15:31:00,54.8624,54.8624,54.8382,54.8479,5236
2026-07-10 15:32:00,54.8479,54.8721,54.8479,54.8721,5062
2026-07-10 15:33:00,54.8721,54.8721,54.8673,54.8673,911
2026-07-10 15:34:00,54.8624,54.8673,54.8577,54.8624,2365
2026-07-10 15:35:00,54.8624,54.8624,54.8624,54.8624,3166
2026-07-10 15:36:00,54.8624,54.8721,54.8624,54.8721,7022
2026-07-10 15:37:00,54.8673,54.8721,54.8624,54.8721,4928
2026-07-10 15:38:00,54.8769,54.8866,54.8673,54.8721,9106
2026-07-10 15:39:00,54.8681,54.8721,54.8673,54.8721,2368
2026-07-10 15:40:00,54.8673,54.876,54.8673,54.8721,5528
2026-07-10 15:41:00,54.8673,54.8688,54.8527,54.8576,11985
2026-07-10 15:42:00,54.8527,54.8576,54.8479,54.8479,1587
2026-07-10 15:43:00,54.8479,54.8481,54.8382,54.8431,9366
2026-07-10 15:44:00,54.8382,54.8382,54.7898,54.7947,75226
2026-07-10 15:45:00,54.7898,54.7898,54.7705,54.7753,40282
2026-07-10 15:46:00,54.7801,54.7898,54.7608,54.7753,34817
2026-07-10 15:47:00,54.7753,54.8285,54.7705,54.8227,14368
2026-07-10 15:48:00,54.8189,54.8382,54.8189,54.8285,11553
2026-07-10 15:49:00,54.8382,54.8576,54.8382,54.8479,7882
2026-07-10 15:50:00,54.8479,54.8673,54.8382,54.8527,16623
2026-07-10 15:51:00,54.8527,54.8673,54.8479,54.8479,12359
2026-07-10 15:52:00,54.8576,54.8673,54.8576,54.8673,9845
2026-07-10 15:53:00,54.8576,54.8721,54.8527,54.8721,13294
2026-07-10 15:54:00,54.8721,54.8769,54.8237,54.8237,46704
2026-07-10 15:55:00,54.8237,54.8382,54.8237,54.8285,40654
2026-07-10 15:56:00,54.8237,54.8285,54.8189,54.8285,7559
2026-07-10 15:57:00,54.8237,54.8285,54.8092,54.8092,42916
2026-07-10 15:58:00,54.814,54.8189,54.8043,54.814,77914
2026-07-10 15:59:00,54.8092,54.8382,54.8092,54.8189,93159
2026-07-11 09:30:00,55.3803,55.3997,55.3416,55.361,114940
2026-07-11 09:31:00,55.361,55.4239,55.361,55.3997,49039
2026-07-11 09:32:00,55.3997,55.4287,55.3997,55.4094,15307
2026-07-11 09:33:00,55.3997,55.3997,55.3803,55.39,18966
2026-07-11 09:34:00,55.39,55.4481,55.39,55.4481,7064
2026-07-11 09:35:00,55.4578,55.4771,55.4287,55.4287,18736
2026-07-11 09:36:00,55.4384,55.4457,55.4336,55.4384,7744
2026-07-11 09:37:00,55.4287,55.4578,55.4287,55.4481,9480
2026-07-11 09:38:00,55.4481,55.4965,55.4481,55.4868,8858
2026-07-11 09:39:00,55.4868,55.4868,55.4578,55.4578,7050
2026-07-11 09:40:00,55.4578,55.4578,55.4384,55.4384,2044
2026-07-11 09:41:00,55.4287,55.4384,55.4287,55.4336,3790
2026-07-11 09:42:00,55.4384,55.4384,55.419,55.419,831
2026-07-11 09:43:00,55.4239,55.4384,55.4239,55.4384,5858
2026-07-11 09:44:00,55.4384,55.4384,55.4239,55.4239,2323
2026-07-11 09:45:00,55.419,55.419,55.4008,55.4142,3383
2026-07-11 09:46:00,55.4094,55.419,55.4045,55.4045,10588
2026-07-11 09:47:00,55.4045,55.4142,55.3948,55.4142,13251
2026-07-11 09:48:00,55.4142,55.4384,55.4094,55.4384,4742
2026-07-11 09:49:00,55.4336,55.4336,55.419,55.419,4243
2026-07-11 09:50:00,55.4287,55.4287,55.4287,55.4287,271
2026-07-11 09:51:00,55.4287,55.4287,55.3948,55.3997,17746
2026-07-11 09:52:00,55.3948,55.3997,55.3852,55.3852,26259
2026-07-11 09:53:00,55.39,55.3909,55.361,55.3706,57076
2026-07-11 09:54:00,55.3706,55.4045,55.3706,55.4045,12982
2026-07-11 09:55:00,55.4045,55.4094,55.3948,55.4045,16020
2026-07-11 09:56:00,55.4045,55.4094,55.3948,55.4045,19460
2026-07-11 09:57:00,55.4094,55.419,55.4094,55.419,8336
2026-07-11 09:58:00,55.4287,55.4336,55.419,55.4287,14953
2026-07-11 09:59:00,55.4287,55.4287,55.4094,55.419,36524
2026-07-11 10:00:00,55.4287,55.4384,55.419,55.4336,16166
2026-07-11 10:01:00,55.4336,55.4384,55.419,55.4384,10757
2026-07-11 10:02:00,55.4432,55.4626,55.4432,55.4481,21868
2026-07-11 10:03:00,55.4336,55.4626,55.4336,55.4578,1357
2026-07-11 10:04:00,55.4578,55.4578,55.4529,55.4578,3606
2026-07-11 10:05:00,55.4674,55.4868,55.4674,55.4771,2643
2026-07-11 10:06:00,55.4674,55.4674,55.4626,55.4626,749
2026-07-11 10:07:00,55.4626,55.4674,55.4626,55.4674,1875
2026-07-11 10:08:00,55.4771,55.4868,55.4771,55.482,1661
2026-07-11 10:09:00,55.4864,55.4965,55.4864,55.4867,3597
2026-07-11 10:10:00,55.4868,55.5158,55.4868,55.5158,6667
2026-07-11 10:11:00,55.5158,55.5158,55.5158,55.5158,1151
2026-07-11 10:12:00,55.5255,55.5255,55.5158,55.5255,2382
2026-07-11 10:13:00,55.5352,55.5449,55.5255,55.5352,2727
2026-07-11 10:14:00,55.5352,55.5352,55.5158,55.5158,9047
2026-07-11 10:15:00,55.5158,55.5158,55.4868,55.4916,6661
2026-07-11 10:16:00,55.4916,55.5158,55.4916,55.5062,17211
2026-07-11 10:17:00,55.5062,55.5352,55.5062,55.5304,5297
2026-07-11 10:18:00,55.5352,55.54,55.5304,55.54,4798
2026-07-11 10:19:00,55.54,55.5546,55.5352,55.5546,5929
2026-07-11 10:20:00,55.5546,55.5594,55.5497,55.5546,18314
2026-07-11 10:21:00,55.5594,55.5739,55.5594,55.5642,6833
2026-07-11 10:22:00,55.5691,55.5691,55.5594,55.5691,11540
2026-07-11 10:23:00,55.5691,55.5739,55.5642,55.5691,13205
2026-07-11 10:24:00,55.5691,55.5749,55.5691,55.5739,4484
2026-07-11 10:25:00,55.5739,55.5836,55.5739,55.5836,1844
2026-07-11 10:26:00,55.5788,55.5933,55.5788,55.5933,14726
2026-07-11 10:27:00,55.5981,55.6126,55.5981,55.6126,12532
2026-07-11 10:28:00,55.6078,55.6175,55.6031,55.604,5602
2026-07-11 10:29:00,55.6078,55.6175,55.6078,55.6175,4201
2026-07-11 10:30:00,55.6127,55.6223,55.6126,55.6223,22268
2026-07-11 10:31:00,55.6223,55.632,55.6175,55.6272,8379
2026-07-11 10:32:00,55.6368,55.6456,55.632,55.6417,7327
2026-07-11 10:33:00,55.6417,55.6417,55.6368,55.6368,2480
2026-07-11 10:34:00,55.6368,55.6368,55.6078,55.6126,12402
2026-07-11 10:35:00,55.6078,55.6078,55.5788,55.5933,14673
2026-07-11 10:36:00,55.5933,55.5934,55.5836,55.5933,13084
2026-07-11 10:37:00,55.5884,55.603,55.5884,55.603,2849
2026-07-11 10:38:00,55.603,55.6126,55.603,55.6078,6524
2026-07-11 10:39:00,55.6126,55.6126,55.5933,55.5933,14169
2026-07-11 10:40:00,55.5933,55.5933,55.5788,55.5836,3553
2026-07-11 10:41:00,55.5836,55.5884,55.5739,55.5884,4358
2026-07-11 10:42:00,55.5933,55.5933,55.5836,55.5836,2998
2026-07-11 10:43:00,55.5933,55.5933,55.5836,55.5884,6034
2026-07-11 10:44:00,55.5884,55.603,55.588,55.603,13759
2026-07-11 10:45:00,55.5933,55.5933,55.5763,55.5763,14856
2026-07-11 10:46:00,55.5788,55.5933,55.5788,55.5933,4956
2026-07-11 10:47:00,55.5884,55.5933,55.5884,55.5933,5573
2026-07-11 10:48:00,55.603,55.6126,55.603,55.6126,4178
2026-07-11 10:49:00,55.6078,55.6126,55.5933,55.603,15486
2026-07-11 10:50:00,55.603,55.6126,55.5981,55.6126,7628
2026-07-11 10:51:00,55.6126,55.632,55.6126,55.6223,2377
2026-07-11 10:52:00,55.632,55.6417,55.632,55.6417,3595
2026-07-11 10:53:00,55.6417,55.6417,55.632,55.6417,12253
2026-07-11 10:54:00,55.6417,55.6417,55.6368,55.6417,4002
2026-07-11 10:55:00,55.6417,55.6514,55.632,55.6514,5433
2026-07-11 10:56:00,55.6514,55.6562,55.6456,55.6514,5399
2026-07-11 10:57:00,55.6514,55.661,55.6465,55.661,4235
2026-07-11 10:58:00,55.661,55.6707,55.6562,55.661,5865
2026-07-11 10:59:00,55.6717,55.6717,55.6562,55.6624,14076
2026-07-11 11:00:00,55.6707,55.6707,55.6659,55.6707,2437
2026-07-11 11:01:00,55.6707,55.6901,55.661,55.6852,5854
2026-07-11 11:02:00,55.6901,55.6998,55.6852,55.6998,4247
2026-07-11 11:03:00,55.6949,55.7094,55.6901,55.6998,9990
2026-07-11 11:04:00,55.7094,55.7191,55.6998,55.6998,14665
2026-07-11 11:05:00,55.7094,55.7094,55.6804,55.6901,10058
2026-07-11 11:06:00,55.6901,55.6949,55.6805,55.6805,11699
2026-07-11 11:07:00,55.6901,55.6901,55.6852,55.6852,202444
2026-07-11 11:08:00,55.6998,55.6998,55.6949,55.6998,203409
2026-07-11 11:09:00,55.6998,55.7191,55.6998,55.7046,16360
2026-07-11 11:10:00,55.7094,55.7094,55.6998,55.6998,5183
2026-07-11 11:11:00,55.6998,55.7007,55.6901,55.6949,11964
2026-07-11 11:12:00,55.6998,55.7094,55.6998,55.7046,4920
2026-07-11 11:13:00,55.7094,55.7191,55.7046,55.7094,3367
2026-07-11 11:14:00,55.7143,55.7191,55.7094,55.7191,4013
2026-07-11 11:15:00,55.7191,55.7191,55.6949,55.6949,10107
2026-07-11 11:16:00,55.6901,55.6998,55.6901,55.6901,5015
2026-07-11 11:17:00,55.6852,55.6852,55.6756,55.6756,4589
2026-07-11 11:18:00,55.6804,55.6804,55.6514,55.661,2184
2026-07-11 11:19:00,55.661,55.6659,55.6562,55.6659,5860
2026-07-11 11:20:00,55.6707,55.6756,55.6611,55.6756,4871
2026-07-11 11:21:00,55.6756,55.6804,55.6707,55.6707,2914
2026-07-11 11:22:00,55.6756,55.6804,55.6659,55.6659,5698
2026-07-11 11:23:00,55.661,55.661,55.6465,55.6514,2972
2026-07-11 11:24:00,55.6514,55.661,55.6465,55.6514,9170
2026-07-11 11:25:00,55.661,55.6804,55.6562,55.6756,16747
2026-07-11 11:26:00,55.6756,55.6756,55.6707,55.6756,4663
2026-07-11 11:27:00,55.6756,55.6901,55.6727,55.6901,5745
2026-07-11 11:28:00,55.6804,55.6852,55.6756,55.6756,3412
2026-07-11 11:29:00,55.6756,55.6901,55.6756,55.6901,12929
2026-07-11 11:30:00,55.6804,55.6804,55.6756,55.6756,1082
2026-07-11 11:31:00,55.6707,55.6804,55.6707,55.6707,2632
2026-07-11 11:32:00,55.6756,55.6756,55.6523,55.6523,1872
2026-07-11 11:33:00,55.632,55.6417,55.632,55.6368,3111
2026-07-11 11:34:00,55.6417,55.6417,55.603,55.6223,21058
2026-07-11 11:35:00,55.6223,55.661,55.6223,55.6562,74761
2026-07-11 11:36:00,55.661,55.661,55.6465,55.661,10709
2026-07-11 11:37:00,55.6562,55.6707,55.6562,55.6707,9177
2026-07-11 11:38:00,55.6804,55.6804,55.6728,55.6804,841
2026-07-11 11:39:00,55.6804,55.6949,55.6756,55.6949,2626
2026-07-11 11:40:00,55.6998,55.7094,55.6998,55.7056,1671
2026-07-11 11:41:00,55.7046,55.7094,55.6999,55.7094,1466
2026-07-11 11:42:00,55.7109,55.7191,55.7107,55.7143,2316
2026-07-11 11:43:00,55.7191,55.7288,55.7191,55.7191,3361
2026-07-11 11:44:00,55.7133,55.724,55.7133,55.724,1067
2026-07-11 11:45:00,55.724,55.724,55.724,55.724,440
2026-07-11 11:46:00,55.724,55.724,55.724,55.724,417
2026-07-11 11:47:00,55.7288,55.7288,55.724,55.724,335
2026-07-11 11:48:00,55.7191,55.7288,55.7191,55.724,529
2026-07-11 11:49:00,55.724,55.7288,55.724,55.724,790
2026-07-11 11:50:00,55.724,55.7288,55.7191,55.7191,548
2026-07-11 11:51:00,55.724,55.7288,55.7191,55.724,7226
2026-07-11 11:52:00,55.7288,55.7288,55.724,55.7288,612
2026-07-11 11:53:00,55.7288,55.7288,55.7191,55.7288,863
2026-07-11 11:54:00,55.724,55.7288,55.7191,55.7191,795
2026-07-11 11:55:00,55.7191,55.724,55.7191,55.724,4823
2026-07-11 11:56:00,55.7204,55.724,55.7191,55.724,2042
2026-07-11 11:57:00,55.7206,55.7288,55.7201,55.724,1434
2026-07-11 11:58:00,55.7191,55.7288,55.7191,55.7191,665
2026-07-11 11:59:00,55.724,55.7288,55.724,55.7288,683
2026-07-11 12:00:00,55.7288,55.7288,55.7192,55.7288,1466
2026-07-11 12:01:00,55.724,55.724,55.724,55.724,1106
2026-07-11 12:02:00,55.7191,55.7288,55.7094,55.7143,9400
2026-07-11 12:03:00,55.7143,55.7385,55.7094,55.7333,14894
2026-07-11 12:04:00,55.7336,55.7336,55.7336,55.7336,411
2026-07-11 12:05:00,55.7336,55.7385,55.7336,55.7336,761
2026-07-11 12:06:00,55.7336,55.7675,55.7289,55.7627,8183
2026-07-11 12:07:00,55.7627,55.7772,55.7627,55.7772,7751
2026-07-11 12:08:00,55.7772,55.7772,55.7724,55.7748,2362
2026-07-11 12:09:00,55.7724,55.7724,55.7696,55.7696,476
2026-07-11 12:10:00,55.7772,55.7966,55.7772,55.7966,3989
2026-07-11 12:11:00,55.7966,55.8111,55.7966,55.8111,4024
2026-07-11 12:12:00,55.8159,55.8159,55.8062,55.8159,2763
2026-07-11 12:13:00,55.8111,55.8159,55.8111,55.8111,1160
2026-07-11 12:14:00,55.8111,55.8111,55.8062,55.8062,4584
2026-07-11 12:15:00,55.8062,55.8111,55.8062,55.8111,5441
2026-07-11 12:16:00,55.8111,55.8256,55.8111,55.8256,6323
2026-07-11 12:17:00,55.8353,55.8546,55.8353,55.8546,2462
2026-07-11 12:18:00,55.8546,55.8546,55.845,55.845,4415
2026-07-11 12:19:00,55.8401,55.8401,55.8353,55.8401,1465
2026-07-11 12:20:00,55.8401,55.8401,55.8401,55.8401,812
2026-07-11 12:21:00,55.8353,55.845,55.8353,55.845,14978
2026-07-11 12:22:00,55.8353,55.8692,55.8353,55.8643,14595
2026-07-11 12:23:00,55.8643,55.8643,55.8546,55.8546,24501
2026-07-11 12:24:00,55.8595,55.8692,55.8546,55.8643,2917
2026-07-11 12:25:00,55.8595,55.8643,55.8546,55.8595,2496
2026-07-11 12:26:00,55.8595,55.8595,55.8546,55.8546,6262
2026-07-11 12:27:00,55.8643,55.8643,55.8546,55.8546,719
2026-07-11 12:28:00,55.8546,55.8595,55.8546,55.8595,883
2026-07-11 12:29:00,55.8643,55.874,55.8595,55.8595,7122
2026-07-11 12:30:00,55.8595,55.8595,55.8595,55.8595,1418
2026-07-11 12:31:00,55.8595,55.8595,55.8401,55.8401,6034
2026-07-11 12:32:00,55.8401,55.8546,55.8401,55.8546,8709
2026-07-11 12:33:00,55.845,55.8498,55.8353,55.8353,2048
2026-07-11 12:34:00,55.845,55.8498,55.845,55.8498,3465
2026-07-11 12:35:00,55.845,55.8498,55.8401,55.845,3760
2026-07-11 12:36:00,55.8401,55.8401,55.8401,55.8401,483
2026-07-11 12:37:00,55.8353,55.845,55.8353,55.8401,3790
2026-07-11 12:38:00,55.845,55.8498,55.8401,55.8498,3357
2026-07-11 12:39:00,55.8538,55.8546,55.8498,55.8498,830
2026-07-11 12:40:00,55.8498,55.8498,55.8498,55.8498,245
2026-07-11 12:41:00,55.8546,55.8643,55.8546,55.8546,4289
2026-07-11 12:42:00,55.8547,55.8643,55.8547,55.8595,1171
2026-07-11 12:43:00,55.8546,55.8595,55.8459,55.8498,8032
2026-07-11 12:44:00,55.8498,55.8498,55.8401,55.8401,4858
2026-07-11 12:45:00,55.8401,55.8401,55.8353,55.8353,716
2026-07-11 12:46:00,55.8353,55.8401,55.8353,55.8353,2382
2026-07-11 12:47:00,55.8401,55.8401,55.8256,55.8256,1787
2026-07-11 12:48:00,55.8304,55.8304,55.8256,55.8256,479
2026-07-11 12:49:00,55.8304,55.8304,55.8159,55.8208,7490
2026-07-11 12:50:00,55.8208,55.8256,55.8159,55.8159,5719
2026-07-11 12:51:00,55.8208,55.8208,55.8062,55.8111,2763
2026-07-11 12:52:00,55.8111,55.8159,55.8062,55.8111,3841
2026-07-11 12:53:00,55.8111,55.8256,55.8111,55.8161,7697
2026-07-11 12:55:00,55.8256,55.8353,55.8208,55.8304,4128
2026-07-11 12:56:00,55.8304,55.8353,55.8257,55.8304,1794
2026-07-11 12:57:00,55.8353,55.8401,55.8353,55.8401,3241
2026-07-11 12:58:00,55.8401,55.8401,55.8304,55.8304,3496
2026-07-11 12:59:00,55.8314,55.8314,55.8274,55.8274,888
2026-07-11 13:00:00,55.8256,55.8304,55.8256,55.8304,2030
2026-07-11 13:01:00,55.8304,55.8353,55.8256,55.8304,7983
2026-07-11 13:02:00,55.8353,55.8353,55.8353,55.8353,364
2026-07-11 13:03:00,55.8304,55.845,55.8256,55.845,6679
2026-07-11 13:04:00,55.845,55.845,55.845,55.845,533
2026-07-11 13:05:00,55.8353,55.8498,55.8353,55.8498,3419
2026-07-11 13:06:00,55.8498,55.8498,55.845,55.845,3784
2026-07-11 13:07:00,55.8401,55.8498,55.8401,55.845,4113
2026-07-11 13:08:00,55.8354,55.8401,55.8353,55.8401,997
2026-07-11 13:09:00,55.8401,55.845,55.8396,55.845,1225
2026-07-11 13:10:00,55.8401,55.8498,55.8401,55.845,4637
2026-07-11 13:11:00,55.8353,55.8546,55.8353,55.8546,2901
2026-07-11 13:12:00,55.8546,55.874,55.8546,55.8692,3464
2026-07-11 13:13:00,55.8692,55.874,55.8692,55.874,1196
2026-07-11 13:14:00,55.8643,55.8692,55.8643,55.8692,235
2026-07-11 13:15:00,55.8698,55.8698,55.8692,55.8692,595
2026-07-11 13:16:00,55.8692,55.8692,55.8657,55.8657,761
2026-07-11 13:17:00,55.8692,55.874,55.8692,55.874,2580
2026-07-11 13:18:00,55.8749,55.8885,55.8749,55.8885,6713
2026-07-11 13:19:00,55.8885,55.8934,55.8885,55.8885,1561
2026-07-11 13:20:00,55.8837,55.8934,55.8837,55.8934,4036
2026-07-11 13:21:00,55.8885,55.8885,55.8837,55.8885,1201
2026-07-11 13:22:00,55.8885,55.903,55.8885,55.903,9068
2026-07-11 13:23:00,55.8982,55.9272,55.8982,55.9272,12930
2026-07-11 13:24:00,55.9272,55.9272,55.9127,55.9224,7422
2026-07-11 13:25:00,55.9224,55.9321,55.9176,55.9176,8601
2026-07-11 13:26:00,55.9153,55.9176,55.9153,55.9176,738
2026-07-11 13:27:00,55.9176,55.9224,55.9127,55.9176,3633
2026-07-11 13:28:00,55.9224,55.9321,55.9224,55.9272,1194
2026-07-11 13:29:00,55.9321,55.9418,55.9321,55.9418,1654
2026-07-11 13:30:00,55.9369,55.9611,55.9248,55.9248,27577
2026-07-11 13:31:00,55.9272,55.9321,55.9128,55.9176,5917
2026-07-11 13:32:00,55.9224,55.9466,55.9224,55.9466,5187
2026-07-11 13:33:00,55.9514,55.966,55.9514,55.9611,2611
2026-07-11 13:34:00,55.9611,55.9805,55.9611,55.9756,12804
2026-07-11 13:35:00,55.9756,55.9756,55.9708,55.9708,1602
2026-07-11 13:36:00,55.9708,55.9708,55.9623,55.966,2562
2026-07-11 13:37:00,55.966,55.966,55.9611,55.966,1089
2026-07-11 13:38:00,55.9612,55.966,55.9612,55.966,769
2026-07-11 13:39:00,55.9708,55.9708,55.9612,55.9708,1342
2026-07-11 13:40:00,55.9611,55.9611,55.9611,55.9611,1354
2026-07-11 13:41:00,55.9514,55.9514,55.9456,55.9466,2257
2026-07-11 13:42:00,55.9427,55.9563,55.9427,55.9563,3369
2026-07-11 13:43:00,55.9563,55.9563,55.9514,55.9563,731
2026-07-11 13:44:00,55.9534,55.9563,55.9425,55.9425,5455
2026-07-11 13:45:00,55.9431,55.9514,55.9418,55.9418,862
2026-07-11 13:46:00,55.9466,55.9466,55.9466,55.9466,649
2026-07-11 13:47:00,55.9514,55.9611,55.9418,55.9418,4703
2026-07-11 13:48:00,55.9418,55.9418,55.9336,55.9336,860
2026-07-11 13:49:00,55.9369,55.9418,55.9332,55.9418,3412
2026-07-11 13:50:00,55.9514,55.9563,55.9321,55.9321,3581
2026-07-11 13:51:00,55.9321,55.9369,55.9321,55.9321,1753
2026-07-11 13:52:00,55.9396,55.9396,55.9176,55.9321,12232
2026-07-11 13:54:00,55.9369,55.9418,55.933,55.933,1319
2026-07-11 13:55:00,55.9418,55.9418,55.9418,55.9418,726
2026-07-11 13:56:00,55.9328,55.9418,55.9322,55.9369,3243
2026-07-11 13:57:00,55.9369,55.9369,55.9272,55.9272,4852
2026-07-11 13:58:00,55.9224,55.9272,55.9176,55.9176,3400
2026-07-11 13:59:00,55.9176,55.9176,55.9137,55.9137,619
2026-07-11 14:00:00,55.9127,55.9176,55.8885,55.903,5663
2026-07-11 14:01:00,55.903,55.9224,55.903,55.9176,2429
2026-07-11 14:02:00,55.9127,55.9176,55.9127,55.9176,558
2026-07-11 14:03:00,55.9176,55.9176,55.9127,55.9127,601
2026-07-11 14:04:00,55.9031,55.9127,55.903,55.9127,3102
2026-07-11 14:05:00,55.9224,55.9297,55.9224,55.9224,2536
2026-07-11 14:06:00,55.9147,55.9224,55.9147,55.9224,526
2026-07-11 14:07:00,55.9224,55.9224,55.9223,55.9224,565
2026-07-11 14:08:00,55.9176,55.9176,55.903,55.9048,2040
2026-07-11 14:09:00,55.912,55.9176,55.8982,55.903,15533
2026-07-11 14:10:00,55.8982,55.903,55.8982,55.903,5692
2026-07-11 14:11:00,55.903,55.9079,55.8934,55.8982,6293
2026-07-11 14:12:00,55.8982,55.8982,55.8934,55.8935,3030
2026-07-11 14:13:00,55.8982,55.8982,55.8837,55.8837,1891
2026-07-11 14:14:00,55.8837,55.8837,55.8788,55.8788,2140
2026-07-11 14:15:00,55.8837,55.903,55.8837,55.903,4636
2026-07-11 14:16:00,55.903,55.9079,55.8934,55.8982,6628
2026-07-11 14:17:00,55.9079,55.9079,55.8934,55.8934,1814
2026-07-11 14:18:00,55.8953,55.903,55.8934,55.8982,715
2026-07-11 14:19:00,55.8982,55.9079,55.8982,55.903,5071
2026-07-11 14:20:00,55.909,55.909,55.8954,55.8954,4096
2026-07-11 14:21:00,55.9006,55.9006,55.8982,55.8982,519
2026-07-11 14:22:00,55.8934,55.8982,55.8788,55.8837,3514
2026-07-11 14:23:00,55.8837,55.8982,55.8837,55.8982,3197
2026-07-11 14:24:00,55.8935,55.8935,55.8934,55.8934,2911
2026-07-11 14:25:00,55.8837,55.8934,55.8837,55.8885,541
2026-07-11 14:26:00,55.8934,55.8934,55.8885,55.8885,741
2026-07-11 14:27:00,55.8934,55.8982,55.8934,55.8982,904
2026-07-11 14:28:00,55.903,55.9079,55.8885,55.8885,5823
2026-07-11 14:29:00,55.8885,55.903,55.8885,55.903,1990
2026-07-11 14:30:00,55.9022,55.903,55.8982,55.8982,534
2026-07-11 14:31:00,55.8934,55.8982,55.8837,55.8837,2275
2026-07-11 14:32:00,55.8885,55.8885,55.8837,55.8837,2723
2026-07-11 14:34:00,55.8755,55.8755,55.8741,55.8741,410
2026-07-11 14:35:00,55.8837,55.8837,55.8745,55.8788,1396
2026-07-11 14:36:00,55.8788,55.8885,55.8788,55.8835,3391
2026-07-11 14:37:00,55.8837,55.8837,55.8837,55.8837,1064
2026-07-11 14:38:00,55.8837,55.8885,55.8837,55.8885,828
2026-07-11 14:39:00,55.8885,55.8934,55.8885,55.8934,1785
2026-07-11 14:41:00,55.8934,55.8934,55.8934,55.8934,1056
2026-07-11 14:42:00,55.903,55.9079,55.8934,55.8934,4752
2026-07-11 14:43:00,55.8934,55.8934,55.8934,55.8934,645
2026-07-11 14:44:00,55.8885,55.8932,55.8885,55.8885,1091
2026-07-11 14:45:00,55.8885,55.8885,55.8788,55.8788,7277
2026-07-11 14:46:00,55.8788,55.8837,55.8788,55.8837,873
2026-07-11 14:47:00,55.8837,55.8837,55.8837,55.8837,318
2026-07-11 14:48:00,55.8837,55.8837,55.8546,55.874,20090
2026-07-11 14:49:00,55.874,55.874,55.8654,55.8654,1127
2026-07-11 14:50:00,55.8788,55.8788,55.874,55.874,2723
2026-07-11 14:51:00,55.8788,55.8788,55.8788,55.8788,852
2026-07-11 14:52:00,55.8788,55.8837,55.8788,55.8788,539
2026-07-11 14:53:00,55.8837,55.8982,55.8837,55.8982,3848
2026-07-11 14:54:00,55.8934,55.8934,55.8837,55.8837,1940
2026-07-11 14:55:00,55.874,55.8837,55.874,55.8837,2485
2026-07-11 14:56:00,55.88,55.88,55.88,55.88,630
2026-07-11 14:57:00,55.8837,55.8837,55.8788,55.8833,1271
2026-07-11 14:58:00,55.8837,55.8885,55.8837,55.8885,1110
2026-07-11 14:59:00,55.8885,55.8934,55.8885,55.8934,792
2026-07-11 15:00:00,55.8885,55.8885,55.874,55.874,2625
2026-07-11 15:01:00,55.874,55.8813,55.874,55.8788,2916
2026-07-11 15:02:00,55.8837,55.8837,55.8837,55.8837,1414
2026-07-11 15:03:00,55.8885,55.8885,55.8741,55.8741,1577
2026-07-11 15:04:00,55.874,55.8741,55.874,55.8741,2335
2026-07-11 15:05:00,55.8836,55.8836,55.8788,55.8788,2075
2026-07-11 15:06:00,55.8788,55.8788,55.8692,55.8692,1647
2026-07-11 15:07:00,55.8692,55.8692,55.8692,55.8692,724
2026-07-11 15:08:00,55.8692,55.8692,55.8643,55.8692,3820
2026-07-11 15:09:00,55.8692,55.8716,55.8643,55.8643,1544
2026-07-11 15:10:00,55.8643,55.8692,55.8643,55.8692,2851
2026-07-11 15:11:00,55.8643,55.874,55.8643,55.8643,4536
2026-07-11 15:12:00,55.8643,55.8643,55.8546,55.8595,6512
2026-07-11 15:13:00,55.8546,55.8546,55.845,55.845,4080
2026-07-11 15:14:00,55.8498,55.8692,55.8498,55.8692,6735
2026-07-11 15:15:00,55.8692,55.8693,55.8643,55.8643,2937
2026-07-11 15:16:00,55.8595,55.8643,55.8595,55.8595,3394
2026-07-11 15:17:00,55.8643,55.8692,55.8643,55.8692,2143
2026-07-11 15:18:00,55.8735,55.8735,55.8735,55.8735,604
2026-07-11 15:19:00,55.8692,55.8692,55.8692,55.8692,953
2026-07-11 15:20:00,55.8692,55.8788,55.8692,55.8788,3807
2026-07-11 15:21:00,55.8788,55.8788,55.8788,55.8788,1805
2026-07-11 15:22:00,55.8788,55.8837,55.8788,55.8837,3988
2026-07-11 15:23:00,55.8788,55.8837,55.8788,55.8837,2335
2026-07-11 15:24:00,55.8788,55.8788,55.874,55.8788,5150
2026-07-11 15:25:00,55.8788,55.8788,55.874,55.8788,3968
2026-07-11 15:26:00,55.8788,55.8885,55.8788,55.8837,9421
2026-07-11 15:27:00,55.8885,55.8934,55.8837,55.8837,1519
2026-07-11 15:28:00,55.8934,55.8934,55.8837,55.8885,1529
2026-07-11 15:29:00,55.8837,55.8885,55.8837,55.8837,1530
2026-07-11 15:30:00,55.8837,55.8934,55.8788,55.8885,16316
2026-07-11 15:31:00,55.8837,55.8885,55.8546,55.8595,14925
2026-07-11 15:32:00,55.8595,55.8817,55.8595,55.874,12267
2026-07-11 15:33:00,55.8788,55.8837,55.8788,55.8788,2934
2026-07-11 15:34:00,55.8788,55.8788,55.8788,55.8788,2928
2026-07-11 15:35:00,55.8788,55.8788,55.8692,55.8788,8865
2026-07-11 15:36:00,55.8788,55.8837,55.8788,55.8788,2787
2026-07-11 15:37:00,55.8788,55.8837,55.8655,55.8655,15774
2026-07-11 15:38:00,55.8692,55.874,55.8692,55.874,4268
2026-07-11 15:39:00,55.875,55.8837,55.8692,55.8692,6266
2026-07-11 15:40:00,55.874,55.874,55.8643,55.8692,1882
2026-07-11 15:41:00,55.8692,55.874,55.8498,55.8498,6222
2026-07-11 15:42:00,55.845,55.8546,55.8353,55.8546,21100
2026-07-11 15:43:00,55.8498,55.8498,55.8401,55.845,4256
2026-07-11 15:44:00,55.8353,55.845,55.8353,55.8401,3058
2026-07-11 15:45:00,55.845,55.8546,55.8304,55.8304,7742
2026-07-11 15:46:00,55.8353,55.8401,55.8353,55.8363,10409
2026-07-11 15:47:00,55.8353,55.8401,55.8353,55.8401,5732
2026-07-11 15:48:00,55.8353,55.8498,55.8304,55.845,17231
2026-07-11 15:49:00,55.845,55.845,55.8353,55.8353,8518
2026-07-11 15:50:00,55.8546,55.8546,55.8304,55.8304,20187
2026-07-11 15:51:00,55.8304,55.8401,55.8256,55.8256,14928
2026-07-11 15:52:00,55.8304,55.8304,55.8208,55.8208,4564
2026-07-11 15:53:00,55.8173,55.8194,55.7966,55.7966,24373
2026-07-11 15:54:00,55.7966,55.8149,55.7966,55.7966,20852
2026-07-11 15:55:00,55.8062,55.8062,55.782,55.7917,35141
2026-07-11 15:56:00,55.7966,55.7966,55.7627,55.7675,48850
2026-07-11 15:57:00,55.7675,55.782,55.7578,55.7772,36100
2026-07-11 15:58:00,55.7772,55.7772,55.7578,55.7627,16738
2026-07-11 15:59:00,55.7675,55.7772,55.7578,55.7724,46004
2026-07-14 09:30:00,55.7482,55.7482,55.6998,55.7191,42054
2026-07-14 09:31:00,55.7288,55.7675,55.7191,55.7675,10023
2026-07-14 09:32:00,55.7675,55.7772,55.7627,55.7724,4582
2026-07-14 09:33:00,55.7772,55.7772,55.7482,55.7482,3772
2026-07-14 09:34:00,55.7385,55.7385,55.7385,55.7385,2521
2026-07-14 09:35:00,55.7385,55.7433,55.7288,55.7385,5263
2026-07-14 09:36:00,55.7288,55.7482,55.7191,55.7482,7889
2026-07-14 09:37:00,55.7482,55.7627,55.7482,55.753,2669
2026-07-14 09:38:00,55.7482,55.753,55.7336,55.7336,7490
2026-07-14 09:39:00,55.7301,55.7433,55.7288,55.7288,4893
2026-07-14 09:40:00,55.7191,55.7191,55.6901,55.6949,8997
2026-07-14 09:41:00,55.6901,55.7094,55.6804,55.6998,4751
2026-07-14 09:42:00,55.6901,55.6901,55.6804,55.6901,6158
2026-07-14 09:43:00,55.6804,55.6804,55.6756,55.6804,5377
2026-07-14 09:44:00,55.6901,55.7191,55.6804,55.7191,5288
2026-07-14 09:45:00,55.7191,55.7191,55.7094,55.7094,4418
2026-07-14 09:46:00,55.7143,55.724,55.7143,55.7191,5554
2026-07-14 09:47:00,55.7094,55.7191,55.7092,55.7094,20269
2026-07-14 09:48:00,55.7094,55.7385,55.7094,55.7288,26313
2026-07-14 09:49:00,55.7336,55.753,55.7288,55.7385,11848
2026-07-14 09:50:00,55.7385,55.7443,55.7191,55.7191,12297
2026-07-14 09:51:00,55.7191,55.7191,55.7094,55.7191,10056
2026-07-14 09:52:00,55.724,55.7288,55.724,55.7288,2237
2026-07-14 09:53:00,55.7288,55.7288,55.7191,55.7191,2429
2026-07-14 09:54:00,55.7143,55.7191,55.661,55.661,9159
2026-07-14 09:55:00,55.661,55.661,55.661,55.661,2357
2026-07-14 09:56:00,55.661,55.6707,55.661,55.6707,8781
2026-07-14 09:57:00,55.6756,55.6852,55.6756,55.6852,2363
2026-07-14 09:58:00,55.6852,55.6852,55.6659,55.6659,5378
2026-07-14 09:59:00,55.6659,55.6707,55.6659,55.6707,1844
2026-07-14 10:00:00,55.6804,55.6901,55.6707,55.6707,8496
2026-07-14 10:01:00,55.661,55.661,55.6223,55.6272,23717
2026-07-14 10:02:00,55.6223,55.632,55.6223,55.6223,2618
2026-07-14 10:03:00,55.6272,55.6417,55.6175,55.6368,9587
2026-07-14 10:04:00,55.632,55.6368,55.5933,55.5933,5318
2026-07-14 10:05:00,55.5933,55.5933,55.5836,55.5836,2752
2026-07-14 10:06:00,55.5933,55.6126,55.5884,55.6078,4464
2026-07-14 10:07:00,55.6126,55.6272,55.6126,55.6223,4654
2026-07-14 10:08:00,55.6175,55.6175,55.6078,55.6078,753
2026-07-14 10:09:00,55.603,55.6126,55.603,55.6078,4744
2026-07-14 10:10:00,55.6078,55.6199,55.603,55.6126,3092
2026-07-14 10:11:00,55.6175,55.6223,55.6078,55.6126,2355
2026-07-14 10:12:00,55.603,55.603,55.5836,55.5836,2938
2026-07-14 10:13:00,55.5594,55.5594,55.5497,55.5497,1190
2026-07-14 10:14:00,55.5449,55.5546,55.5449,55.5497,3101
2026-07-14 10:15:00,55.5461,55.5933,55.5461,55.5933,6606
2026-07-14 10:16:00,55.5933,55.603,55.5933,55.5976,2494
2026-07-14 10:17:00,55.5981,55.5981,55.5739,55.5788,3086
2026-07-14 10:18:00,55.5739,55.5788,55.5508,55.5508,1906
2026-07-14 10:19:00,55.5497,55.5497,55.5352,55.5352,3755
2026-07-14 10:20:00,55.5449,55.5594,55.5449,55.5546,6908
2026-07-14 10:21:00,55.5545,55.5545,55.5304,55.5304,6723
2026-07-14 10:22:00,55.5255,55.5352,55.5255,55.5255,2563
2026-07-14 10:23:00,55.5255,55.5255,55.511,55.511,1646
2026-07-14 10:24:00,55.5062,55.5158,55.5062,55.511,1463
2026-07-14 10:25:00,55.5013,55.5062,55.5013,55.5062,1298
2026-07-14 10:26:00,55.5013,55.5158,55.5013,55.511,1964
2026-07-14 10:27:00,55.5158,55.5158,55.5062,55.5062,2804
2026-07-14 10:28:00,55.511,55.5158,55.4868,55.4873,3651
2026-07-14 10:29:00,55.4878,55.5062,55.4868,55.5062,5289
2026-07-14 10:30:00,55.5062,55.5062,55.5013,55.5013,1781
2026-07-14 10:31:00,55.5013,55.5062,55.4868,55.4965,7763
2026-07-14 10:32:00,55.4916,55.5062,55.4916,55.4965,2086
2026-07-14 10:33:00,55.5013,55.5013,55.4916,55.4965,4985
2026-07-14 10:34:00,55.5062,55.5255,55.5013,55.5207,7476
2026-07-14 10:35:00,55.511,55.511,55.4868,55.4868,2870
2026-07-14 10:36:00,55.4965,55.5062,55.4916,55.5062,4732
2026-07-14 10:37:00,55.5013,55.5013,55.4868,55.4868,22626
2026-07-14 10:38:00,55.4868,55.4868,55.4771,55.482,5552
2026-07-14 10:39:00,55.4868,55.4868,55.4626,55.4626,7736
2026-07-14 10:40:00,55.4655,55.4723,55.4626,55.4674,9466
2026-07-14 10:41:00,55.4674,55.4674,55.4432,55.4432,3831
2026-07-14 10:42:00,55.4481,55.4578,55.4481,55.4481,11287
2026-07-14 10:43:00,55.4432,55.4965,55.4384,55.4868,30335
2026-07-14 10:44:00,55.482,55.482,55.4384,55.4384,32431
2026-07-14 10:45:00,55.4384,55.4432,55.4287,55.4336,1710
2026-07-14 10:46:00,55.4384,55.4481,55.4336,55.4384,12489
2026-07-14 10:47:00,55.4384,55.4674,55.4384,55.4432,21864
2026-07-14 10:48:00,55.4384,55.4578,55.4384,55.4578,2043
2026-07-14 10:49:00,55.4481,55.4578,55.4481,55.4578,2059
2026-07-14 10:50:00,55.4578,55.4578,55.4384,55.4432,4798
2026-07-14 10:51:00,55.4481,55.5062,55.4481,55.5062,16288
2026-07-14 10:52:00,55.5062,55.5255,55.4965,55.5207,11965
2026-07-14 10:53:00,55.5255,55.5352,55.5255,55.5304,1960
2026-07-14 10:54:00,55.5304,55.5313,55.4965,55.4965,9007
2026-07-14 10:55:00,55.5013,55.511,55.4973,55.5062,3650
2026-07-14 10:56:00,55.5062,55.5062,55.4868,55.4965,9435
2026-07-14 10:57:00,55.4878,55.4916,55.4868,55.4868,2947
2026-07-14 10:58:00,55.4868,55.4868,55.4771,55.4868,1384
2026-07-14 10:59:00,55.482,55.4916,55.482,55.4916,6431
2026-07-14 11:00:00,55.4916,55.4916,55.4868,55.4916,1068
2026-07-14 11:01:00,55.4868,55.5062,55.4868,55.5062,8323
2026-07-14 11:02:00,55.511,55.5158,55.5037,55.5158,3868
2026-07-14 11:03:00,55.5158,55.5158,55.511,55.5158,1975
2026-07-14 11:04:00,55.5158,55.5207,55.5158,55.5158,4173
2026-07-14 11:05:00,55.5255,55.5449,55.5255,55.5255,13380
2026-07-14 11:06:00,55.5255,55.5255,55.5158,55.5255,3695
2026-07-14 11:07:00,55.5158,55.5158,55.5158,55.5158,1253
2026-07-14 11:08:00,55.5158,55.5255,55.5062,55.5158,3150
2026-07-14 11:09:00,55.5062,55.511,55.4868,55.4868,2420
2026-07-14 11:10:00,55.488,55.4965,55.488,55.4916,1377
2026-07-14 11:11:00,55.4916,55.4965,55.4916,55.4916,1865
2026-07-14 11:12:00,55.4916,55.4965,55.4916,55.4965,1998
2026-07-14 11:13:00,55.4916,55.4916,55.4916,55.4916,1536
2026-07-14 11:14:00,55.4916,55.4965,55.4868,55.4868,1836
2026-07-14 11:15:00,55.4916,55.4965,55.482,55.482,7597
2026-07-14 11:16:00,55.482,55.4868,55.482,55.4868,4011
2026-07-14 11:17:00,55.482,55.4868,55.482,55.482,3336
2026-07-14 11:18:00,55.4774,55.4868,55.4774,55.482,1441
2026-07-14 11:19:00,55.482,55.4868,55.4771,55.4771,3063
2026-07-14 11:20:00,55.4771,55.4916,55.4771,55.482,6374
2026-07-14 11:21:00,55.4771,55.4771,55.4674,55.4674,2072
2026-07-14 11:22:00,55.4674,55.4674,55.4626,55.4626,1205
2026-07-14 11:23:00,55.4674,55.4674,55.4578,55.4578,3719
2026-07-14 11:24:00,55.4529,55.4529,55.419,55.4239,9763
2026-07-14 11:25:00,55.4239,55.4481,55.419,55.4287,15697
2026-07-14 11:26:00,55.4287,55.4287,55.419,55.4239,2520
2026-07-14 11:27:00,55.4239,55.4287,55.419,55.419,2427
2026-07-14 11:28:00,55.419,55.4239,55.4094,55.4094,14611
2026-07-14 11:29:00,55.4142,55.4142,55.3997,55.3997,10587
2026-07-14 11:30:00,55.3997,55.3997,55.3416,55.3417,6996
2026-07-14 11:31:00,55.3416,55.3416,55.2932,55.2932,18082
2026-07-14 11:32:00,55.2955,55.3126,55.2884,55.2932,13398
2026-07-14 11:33:00,55.2932,55.2932,55.2787,55.2787,2332
2026-07-14 11:34:00,55.2787,55.298,55.2612,55.2932,40176
2026-07-14 11:35:00,55.2932,55.3222,55.2884,55.3174,83855
2026-07-14 11:36:00,55.3222,55.3368,55.3174,55.3368,3484
2026-07-14 11:37:00,55.3319,55.3368,55.3319,55.3368,2835
2026-07-14 11:38:00,55.3368,55.3416,55.3271,55.3368,4718
2026-07-14 11:39:00,55.3368,55.3368,55.3222,55.3319,14957
2026-07-14 11:40:00,55.3271,55.3271,55.2932,55.2932,8428
2026-07-14 11:41:00,55.2932,55.2932,55.2448,55.2787,16012
2026-07-14 11:42:00,55.2787,55.3174,55.2787,55.3174,5564
2026-07-14 11:43:00,55.3222,55.361,55.3222,55.361,5972
2026-07-14 11:44:00,55.3513,55.3514,55.3319,55.3416,3412
2026-07-14 11:45:00,55.3319,55.3416,55.3271,55.3271,3793
2026-07-14 11:46:00,55.3319,55.3464,55.3319,55.3464,5545
2026-07-14 11:47:00,55.3416,55.3513,55.3416,55.3513,2390
2026-07-14 11:48:00,55.3513,55.3561,55.3416,55.3464,3239
2026-07-14 11:49:00,55.3561,55.3561,55.3416,55.3464,2256
2026-07-14 11:50:00,55.3513,55.3513,55.3416,55.3416,3141
2026-07-14 11:51:00,55.3368,55.3368,55.3319,55.3319,1010
2026-07-14 11:52:00,55.3271,55.3271,55.3077,55.3077,3006
2026-07-14 11:53:00,55.3029,55.3077,55.3029,55.3035,1381
2026-07-14 11:54:00,55.3029,55.3029,55.2932,55.3029,3316
2026-07-14 11:55:00,55.298,55.3029,55.298,55.3029,924
2026-07-14 11:56:00,55.3029,55.3077,55.2932,55.298,10719
2026-07-14 11:57:00,55.2932,55.2932,55.2642,55.269,6834
2026-07-14 11:58:00,55.265,55.269,55.2642,55.2642,2651
2026-07-14 11:59:00,55.2642,55.2642,55.2545,55.2642,4787
2026-07-14 12:00:00,55.2642,55.2642,55.24,55.24,1396
2026-07-14 12:01:00,55.2351,55.2351,55.2351,55.2351,1036
2026-07-14 12:02:00,55.2351,55.24,55.2351,55.2351,959
2026-07-14 12:03:00,55.2448,55.2448,55.2158,55.2158,2249
2026-07-14 12:04:00,55.2109,55.2158,55.2109,55.2158,1451
2026-07-14 12:05:00,55.2158,55.2254,55.2061,55.2254,6222
2026-07-14 12:06:00,55.2254,55.24,55.2254,55.2303,2047
2026-07-14 12:07:00,55.2254,55.2303,55.2206,55.2254,1702
2026-07-14 12:08:00,55.2158,55.2158,55.2158,55.2158,1576
2026-07-14 12:09:00,55.2254,55.24,55.2254,55.2351,2217
2026-07-14 12:10:00,55.2351,55.2351,55.2303,55.2351,6483
2026-07-14 12:11:00,55.2351,55.24,55.2254,55.24,2863
2026-07-14 12:12:00,55.2351,55.2351,55.2158,55.2158,4774
2026-07-14 12:13:00,55.2061,55.2158,55.2061,55.2061,6568
2026-07-14 12:14:00,55.2061,55.2157,55.1964,55.1964,1778
2026-07-14 12:15:00,55.1964,55.1964,55.1867,55.1867,1644
2026-07-14 12:16:00,55.1867,55.1916,55.1867,55.1867,1698
2026-07-14 12:17:00,55.1867,55.1964,55.1673,55.1887,10770
2026-07-14 12:18:00,55.1867,55.1916,55.1867,55.1867,739
2026-07-14 12:19:00,55.1867,55.2061,55.1867,55.2012,2742
2026-07-14 12:20:00,55.2061,55.2061,55.1964,55.1964,3142
2026-07-14 12:21:00,55.1867,55.1916,55.1819,55.1916,2593
2026-07-14 12:22:00,55.1867,55.1916,55.1867,55.1916,1077
2026-07-14 12:23:00,55.1964,55.2061,55.1964,55.2061,1917
2026-07-14 12:24:00,55.2109,55.2109,55.2061,55.2061,4160
2026-07-14 12:25:00,55.2061,55.2061,55.1867,55.1867,1864
2026-07-14 12:26:00,55.1916,55.1916,55.1819,55.1819,2029
2026-07-14 12:27:00,55.1819,55.1867,55.177,55.177,1095
2026-07-14 12:28:00,55.1819,55.1819,55.1625,55.1673,4187
2026-07-14 12:29:00,55.177,55.177,55.177,55.177,3195
2026-07-14 12:30:00,55.177,55.177,55.1577,55.1577,1574
2026-07-14 12:31:00,55.1625,55.1819,55.1625,55.177,8560
2026-07-14 12:32:00,55.1819,55.1819,55.1673,55.1673,1454
2026-07-14 12:33:00,55.177,55.177,55.177,55.177,465
2026-07-14 12:34:00,55.177,55.177,55.1673,55.1673,1106
2026-07-14 12:35:00,55.1673,55.1673,55.1673,55.1673,2067
2026-07-14 12:36:00,55.1722,55.1819,55.1673,55.1819,2919
2026-07-14 12:37:00,55.1867,55.1913,55.177,55.1867,4384
2026-07-14 12:39:00,55.1964,55.1964,55.1916,55.1916,354
2026-07-14 12:40:00,55.1964,55.1964,55.1867,55.1867,2843
2026-07-14 12:41:00,55.1867,55.2255,55.1867,55.2255,4435
2026-07-14 12:42:00,55.2545,55.2545,55.2351,55.2351,5272
2026-07-14 12:43:00,55.2254,55.2254,55.2158,55.2158,1153
2026-07-14 12:44:00,55.2109,55.2206,55.2061,55.2061,1297
2026-07-14 12:45:00,55.1916,55.1916,55.1383,55.1383,3097
2026-07-14 12:46:00,55.1431,55.1431,55.1301,55.1301,1114
2026-07-14 12:47:00,55.1335,55.1335,55.1335,55.1335,354
2026-07-14 12:48:00,55.1335,55.1339,55.1335,55.1339,495
2026-07-14 12:50:00,55.1286,55.1383,55.119,55.1286,9408
2026-07-14 12:51:00,55.1286,55.1382,55.1286,55.1335,3583
2026-07-14 12:52:00,55.1335,55.1335,55.1141,55.1165,4047
2026-07-14 12:53:00,55.1141,55.1141,55.0996,55.1044,3423
2026-07-14 12:55:00,55.1141,55.1189,55.0996,55.1014,2969
2026-07-14 12:56:00,55.0996,55.1141,55.0996,55.1141,2561
2026-07-14 12:57:00,55.1189,55.1286,55.1141,55.1238,1681
2026-07-14 12:58:00,55.1238,55.1238,55.1238,55.1238,192
2026-07-14 12:59:00,55.1189,55.1189,55.1189,55.1189,10959
2026-07-14 13:00:00,55.121,55.121,55.091,55.0996,4523
2026-07-14 13:01:00,55.0947,55.0996,55.0802,55.0996,6901
2026-07-14 13:02:00,55.0947,55.1238,55.0899,55.1238,2209
2026-07-14 13:03:00,55.1215,55.1215,55.1189,55.1189,2393
2026-07-14 13:04:00,55.1286,55.1286,55.1286,55.1286,480
2026-07-14 13:05:00,55.1335,55.1383,55.1335,55.1335,599
2026-07-14 13:06:00,55.1383,55.1528,55.1383,55.1528,2453
2026-07-14 13:07:00,55.1528,55.1673,55.1528,55.1625,830
2026-07-14 13:08:00,55.1625,55.1625,55.1579,55.1625,1116
2026-07-14 13:09:00,55.1625,55.1625,55.1625,55.1625,1362
2026-07-14 13:10:00,55.1673,55.177,55.1673,55.1722,5807
2026-07-14 13:11:00,55.1673,55.1673,55.1528,55.1528,2905
2026-07-14 13:13:00,55.1528,55.1552,55.148,55.148,1954
2026-07-14 13:14:00,55.148,55.1625,55.1383,55.1625,11936
2026-07-14 13:15:00,55.1673,55.1673,55.1625,55.1625,1186
2026-07-14 13:16:00,55.1625,55.1625,55.1577,55.1577,2190
2026-07-14 13:17:00,55.1577,55.1577,55.1383,55.1383,2953
2026-07-14 13:18:00,55.1383,55.1383,55.1383,55.1383,370
2026-07-14 13:19:00,55.1431,55.1431,55.1431,55.1431,842
2026-07-14 13:20:00,55.1431,55.1431,55.1383,55.1383,531
2026-07-14 13:21:00,55.1383,55.1383,55.1286,55.1335,3293
2026-07-14 13:22:00,55.133,55.1577,55.133,55.1577,3290
2026-07-14 13:23:00,55.1625,55.1625,55.1625,55.1625,362
2026-07-14 13:24:00,55.1625,55.1625,55.1625,55.1625,153
2026-07-14 13:25:00,55.1645,55.1645,55.1577,55.1577,600
2026-07-14 13:26:00,55.1625,55.1673,55.1577,55.1673,5100
2026-07-14 13:27:00,55.1722,55.1722,55.1625,55.1625,1205
2026-07-14 13:28:00,55.1577,55.1577,55.1577,55.1577,257
2026-07-14 13:29:00,55.148,55.148,55.148,55.148,1049
2026-07-14 13:30:00,55.148,55.148,55.148,55.148,245
2026-07-14 13:31:00,55.1383,55.1431,55.1383,55.1383,963
2026-07-14 13:32:00,55.1383,55.1383,55.1238,55.1286,1649
2026-07-14 13:33:00,55.1189,55.1189,55.1093,55.1093,4357
2026-07-14 13:34:00,55.1189,55.1238,55.1189,55.1189,2261
2026-07-14 13:35:00,55.1286,55.1335,55.1286,55.1335,2341
2026-07-14 13:36:00,55.1335,55.1383,55.1286,55.1335,1466
2026-07-14 13:37:00,55.1383,55.148,55.1383,55.1383,4332
2026-07-14 13:38:00,55.1383,55.1383,55.1383,55.1383,2070
2026-07-14 13:39:00,55.1335,55.1335,55.1189,55.1286,2111
2026-07-14 13:40:00,55.1238,55.1383,55.1238,55.1383,2463
2026-07-14 13:41:00,55.1383,55.1383,55.1307,55.1335,926
2026-07-14 13:42:00,55.1383,55.148,55.1383,55.148,1199
2026-07-14 13:43:00,55.1528,55.1528,55.148,55.148,1545
2026-07-14 13:44:00,55.148,55.148,55.1383,55.1386,6002
2026-07-14 13:45:00,55.142,55.148,55.1383,55.148,1422
2026-07-14 13:46:00,55.148,55.1528,55.148,55.149,943
2026-07-14 13:47:00,55.148,55.148,55.1335,55.1335,3389
2026-07-14 13:48:00,55.1383,55.1504,55.1335,55.1491,4188
2026-07-14 13:49:00,55.148,55.1528,55.1383,55.1383,7890
2026-07-14 13:50:00,55.1335,55.1383,55.1335,55.1383,1288
2026-07-14 13:51:00,55.1383,55.1431,55.1383,55.1431,915
2026-07-14 13:52:00,55.148,55.1577,55.148,55.1528,2612
2026-07-14 13:53:00,55.1673,55.1673,55.1673,55.1673,3618
2026-07-14 13:54:00,55.1577,55.1601,55.1577,55.1601,350
2026-07-14 13:55:00,55.1625,55.1625,55.1625,55.1625,238
2026-07-14 13:56:00,55.1625,55.1673,55.1577,55.1577,1839
2026-07-14 13:57:00,55.1625,55.1673,55.1625,55.1625,704
2026-07-14 13:58:00,55.1673,55.1722,55.1673,55.1722,1505
2026-07-14 13:59:00,55.1673,55.1722,55.1492,55.1492,2511
2026-07-14 14:00:00,55.1528,55.1528,55.1335,55.1431,3788
2026-07-14 14:01:00,55.1383,55.1479,55.1383,55.1383,3194
2026-07-14 14:02:00,55.1383,55.1431,55.1383,55.1431,3256
2026-07-14 14:03:00,55.1431,55.1431,55.1383,55.1431,720
2026-07-14 14:04:00,55.148,55.148,55.1431,55.1431,2520
2026-07-14 14:05:00,55.148,55.148,55.1431,55.148,1184
2026-07-14 14:06:00,55.148,55.1577,55.148,55.1577,691
2026-07-14 14:07:00,55.1528,55.1577,55.148,55.1577,722
2026-07-14 14:08:00,55.1492,55.1577,55.1492,55.1577,1061
2026-07-14 14:09:00,55.1577,55.1673,55.1577,55.1673,2043
2026-07-14 14:10:00,55.177,55.1819,55.177,55.1819,1901
2026-07-14 14:11:00,55.1819,55.1819,55.1819,55.1819,505
2026-07-14 14:12:00,55.1819,55.1865,55.1819,55.1819,1989
2026-07-14 14:13:00,55.1819,55.1867,55.1819,55.1867,1003
2026-07-14 14:14:00,55.1867,55.2012,55.1867,55.2012,7361
2026-07-14 14:15:00,55.2061,55.2061,55.1916,55.1916,9710
2026-07-14 14:16:00,55.1916,55.1916,55.1819,55.1819,2939
2026-07-14 14:17:00,55.1819,55.1819,55.177,55.177,2042
2026-07-14 14:18:00,55.1819,55.1868,55.177,55.1868,6680
2026-07-14 14:19:00,55.1964,55.2012,55.1916,55.2012,4271
2026-07-14 14:20:00,55.2012,55.2061,55.2012,55.2061,338
2026-07-14 14:21:00,55.2061,55.2109,55.2061,55.2109,2749
2026-07-14 14:22:00,55.2061,55.2158,55.2012,55.2012,4216
2026-07-14 14:23:00,55.2061,55.2109,55.2061,55.2109,1818
2026-07-14 14:24:00,55.2109,55.2158,55.2061,55.2158,1713
2026-07-14 14:25:00,55.2158,55.2158,55.2109,55.2109,809
2026-07-14 14:26:00,55.2067,55.2206,55.2067,55.2109,8829
2026-07-14 14:27:00,55.2158,55.2158,55.2109,55.2109,2117
2026-07-14 14:28:00,55.2109,55.2109,55.2109,55.2109,514
2026-07-14 14:29:00,55.2109,55.2206,55.2109,55.2206,3570
2026-07-14 14:30:00,55.2254,55.2254,55.2109,55.2109,2651
2026-07-14 14:31:00,55.2148,55.2148,55.2061,55.2061,3788
2026-07-14 14:32:00,55.2061,55.2158,55.2012,55.2158,8226
2026-07-14 14:33:00,55.2158,55.2254,55.2158,55.2206,3392
2026-07-14 14:34:00,55.2206,55.2206,55.2158,55.2158,418
2026-07-14 14:35:00,55.2158,55.2303,55.2158,55.2303,6772
2026-07-14 14:36:00,55.2303,55.2303,55.2254,55.2254,1048
2026-07-14 14:37:00,55.2254,55.2254,55.2158,55.2158,4254
2026-07-14 14:38:00,55.2158,55.2158,55.2061,55.2158,7721
2026-07-14 14:39:00,55.2182,55.2303,55.2182,55.2303,4066
2026-07-14 14:40:00,55.2274,55.2448,55.2274,55.2448,4150
2026-07-14 14:41:00,55.2448,55.2496,55.24,55.2458,5322
2026-07-14 14:42:00,55.2448,55.2448,55.24,55.24,1217
2026-07-14 14:43:00,55.239,55.24,55.239,55.24,352
2026-07-14 14:44:00,55.24,55.24,55.2351,55.2351,4045
2026-07-14 14:45:00,55.2352,55.24,55.2351,55.2351,1063
2026-07-14 14:46:00,55.2351,55.24,55.2351,55.2351,1533
2026-07-14 14:47:00,55.2448,55.2448,55.2351,55.2351,870
2026-07-14 14:48:00,55.2351,55.2448,55.2351,55.2351,1229
2026-07-14 14:49:00,55.24,55.24,55.2351,55.24,1926
2026-07-14 14:50:00,55.2367,55.24,55.2303,55.24,8971
2026-07-14 14:51:00,55.2448,55.2496,55.24,55.2496,5966
2026-07-14 14:52:00,55.2496,55.2496,55.2496,55.2496,790
2026-07-14 14:53:00,55.2496,55.2496,55.2449,55.2449,1369
2026-07-14 14:54:00,55.2496,55.2496,55.2464,55.2464,283
2026-07-14 14:55:00,55.2496,55.2545,55.2448,55.2496,6286
2026-07-14 14:56:00,55.2545,55.2545,55.2496,55.2545,1558
2026-07-14 14:57:00,55.2449,55.2593,55.2449,55.2593,4563
2026-07-14 14:58:00,55.2593,55.2593,55.2545,55.2545,1261
2026-07-14 14:59:00,55.2593,55.2593,55.2564,55.2564,560
2026-07-14 15:00:00,55.2593,55.2593,55.2593,55.2593,801
2026-07-14 15:01:00,55.2545,55.2545,55.2496,55.2496,3566
2026-07-14 15:02:00,55.2545,55.2593,55.2545,55.2593,4464
2026-07-14 15:03:00,55.2545,55.2545,55.2496,55.2545,1721
2026-07-14 15:04:00,55.2545,55.2545,55.2496,55.2506,1527
2026-07-14 15:05:00,55.2496,55.2496,55.2496,55.2496,1987
2026-07-14 15:06:00,55.2448,55.2448,55.2158,55.2254,8784
2026-07-14 15:07:00,55.2206,55.2351,55.2206,55.2303,5554
2026-07-14 15:08:00,55.2351,55.24,55.2255,55.2351,6796
2026-07-14 15:09:00,55.24,55.2496,55.24,55.2467,4456
2026-07-14 15:10:00,55.2448,55.2496,55.2448,55.2496,1458
2026-07-14 15:11:00,55.2496,55.2545,55.2496,55.2496,1446
2026-07-14 15:12:00,55.2496,55.2496,55.2448,55.2496,1116
2026-07-14 15:14:00,55.2448,55.2496,55.24,55.24,3817
2026-07-14 15:15:00,55.237,55.24,55.2352,55.24,3632
2026-07-14 15:16:00,55.2448,55.2545,55.24,55.2496,6986
2026-07-14 15:17:00,55.2496,55.2496,55.24,55.24,7220
2026-07-14 15:18:00,55.2351,55.2351,55.2351,55.2351,469
2026-07-14 15:20:00,55.24,55.24,55.24,55.24,1587
2026-07-14 15:21:00,55.24,55.24,55.24,55.24,593
2026-07-14 15:22:00,55.24,55.24,55.2254,55.2254,7573
2026-07-14 15:23:00,55.2303,55.2303,55.2303,55.2303,518
2026-07-14 15:24:00,55.2303,55.2303,55.2254,55.2303,2483
2026-07-14 15:25:00,55.2303,55.2303,55.2303,55.2303,4015
2026-07-14 15:26:00,55.2303,55.2351,55.2254,55.2351,4289
2026-07-14 15:27:00,55.2303,55.243,55.2254,55.243,7384
2026-07-14 15:28:00,55.2362,55.2448,55.2351,55.2448,904
2026-07-14 15:29:00,55.24,55.2448,55.2254,55.2351,16042
2026-07-14 15:30:00,55.2351,55.2448,55.2254,55.2448,16725
2026-07-14 15:31:00,55.2448,55.2448,55.2254,55.2254,6798
2026-07-14 15:33:00,55.2303,55.2303,55.2254,55.2303,1213
2026-07-14 15:34:00,55.2254,55.2303,55.2254,55.2303,466
2026-07-14 15:35:00,55.2254,55.2351,55.2254,55.2303,7524
2026-07-14 15:36:00,55.2303,55.2303,55.2254,55.2303,7754
2026-07-14 15:37:00,55.2303,55.24,55.2254,55.24,13525
2026-07-14 15:38:00,55.2351,55.24,55.2351,55.2351,659
2026-07-14 15:39:00,55.2366,55.2366,55.2254,55.2303,7820
2026-07-14 15:40:00,55.2303,55.2303,55.2206,55.2206,5762
2026-07-14 15:41:00,55.2158,55.2254,55.1964,55.2254,22185
2026-07-14 15:42:00,55.2254,55.2254,55.2158,55.2158,7383
2026-07-14 15:43:00,55.2158,55.216,55.2061,55.2064,9518
2026-07-14 15:44:00,55.2109,55.2109,55.1867,55.1867,6105
2026-07-14 15:45:00,55.1916,55.1916,55.1673,55.1722,7438
2026-07-14 15:46:00,55.1722,55.1722,55.1577,55.1673,8223
2026-07-14 15:47:00,55.1722,55.1722,55.1577,55.1625,5761
2026-07-14 15:48:00,55.1625,55.1867,55.1587,55.177,14065
2026-07-14 15:49:00,55.1722,55.1819,55.1673,55.1722,9176
2026-07-14 15:50:00,55.1673,55.1741,55.1528,55.1528,20195
2026-07-14 15:51:00,55.148,55.1528,55.1383,55.1383,11647
2026-07-14 15:52:00,55.148,55.1673,55.148,55.1577,19557
2026-07-14 15:53:00,55.1625,55.1722,55.1577,55.1722,14865
2026-07-14 15:54:00,55.1673,55.177,55.1673,55.1673,8895
2026-07-14 15:55:00,55.1722,55.1722,55.148,55.1625,15595
2026-07-14 15:56:00,55.1625,55.1673,55.1577,55.1625,5805
2026-07-14 15:57:00,55.1625,55.1673,55.148,55.148,21348
2026-07-14 15:58:00,55.148,55.1528,55.1383,55.1431,12331
2026-07-14 15:59:00,55.148,55.1577,55.1189,55.148,97930
2026-07-15 09:30:00,55.3222,55.3222,55.2738,55.3077,72673
2026-07-15 09:31:00,55.3126,55.3416,55.3126,55.3271,18098
2026-07-15 09:32:00,55.3222,55.3222,55.2593,55.2593,23927
2026-07-15 09:33:00,55.2553,55.2593,55.2448,55.2545,10077
2026-07-15 09:34:00,55.2545,55.2545,55.2254,55.2254,13560
2026-07-15 09:35:00,55.2351,55.2351,55.1964,55.1964,19060
2026-07-15 09:36:00,55.1964,55.1964,55.177,55.1886,11120
2026-07-15 09:37:00,55.177,55.1964,55.177,55.1964,7733
2026-07-15 09:38:00,55.1964,55.1964,55.1964,55.1964,2948
2026-07-15 09:39:00,55.1916,55.1916,55.1577,55.1722,11005
2026-07-15 09:40:00,55.177,55.177,55.1577,55.1577,11327
2026-07-15 09:41:00,55.1625,55.177,55.1625,55.177,3921
2026-07-15 09:42:00,55.177,55.1964,55.177,55.1964,9257
2026-07-15 09:43:00,55.1916,55.1916,55.1722,55.1722,5032
2026-07-15 09:44:00,55.177,55.1867,55.1722,55.1867,10667
2026-07-15 09:45:00,55.1867,55.1964,55.177,55.177,4965
2026-07-15 09:46:00,55.1722,55.2158,55.1722,55.2158,12709
2026-07-15 09:47:00,55.2157,55.2206,55.2061,55.2206,3536
2026-07-15 09:48:00,55.2158,55.2206,55.2109,55.2109,2041
2026-07-15 09:49:00,55.2109,55.2254,55.2061,55.2061,7986
2026-07-15 09:50:00,55.2158,55.2206,55.2109,55.2109,2864
2026-07-15 09:51:00,55.2158,55.2351,55.2158,55.2351,4750
2026-07-15 09:52:00,55.2351,55.2642,55.2351,55.2642,7516
2026-07-15 09:53:00,55.2642,55.2642,55.2206,55.2206,13305
2026-07-15 09:54:00,55.2206,55.2265,55.2061,55.2109,6911
2026-07-15 09:55:00,55.2109,55.2158,55.21,55.2109,5803
2026-07-15 09:56:00,55.1964,55.2061,55.177,55.2061,6099
2026-07-15 09:57:00,55.2061,55.2061,55.1964,55.1964,2511
2026-07-15 09:58:00,55.1964,55.1964,55.1916,55.1964,1666
2026-07-15 09:59:00,55.1977,55.2012,55.1867,55.1916,3858
2026-07-15 10:00:00,55.1964,55.2254,55.1964,55.2254,2957
2026-07-15 10:01:00,55.2351,55.2593,55.2303,55.2564,5773
2026-07-15 10:02:00,55.2642,55.2642,55.2545,55.2593,6469
2026-07-15 10:03:00,55.2545,55.2642,55.2351,55.2545,30517
2026-07-15 10:04:00,55.2642,55.2932,55.2593,55.2932,5197
2026-07-15 10:05:00,55.2932,55.3029,55.2787,55.2851,4345
2026-07-15 10:06:00,55.3029,55.3126,55.298,55.298,8050
2026-07-15 10:07:00,55.3029,55.3222,55.3029,55.3126,2258
2026-07-15 10:08:00,55.3077,55.3126,55.3077,55.3126,3678
2026-07-15 10:09:00,55.3077,55.3222,55.3077,55.3222,6434
2026-07-15 10:10:00,55.3174,55.3319,55.3126,55.3126,10637
2026-07-15 10:11:00,55.3174,55.3222,55.3174,55.3222,2442
2026-07-15 10:12:00,55.3174,55.3222,55.3174,55.3174,3065
2026-07-15 10:13:00,55.3126,55.3126,55.3029,55.3029,2951
2026-07-15 10:14:00,55.2932,55.298,55.2884,55.2932,3589
2026-07-15 10:15:00,55.2932,55.298,55.2835,55.298,6276
2026-07-15 10:16:00,55.3029,55.3126,55.3029,55.3126,1899
2026-07-15 10:17:00,55.3222,55.3271,55.3126,55.3271,7079
2026-07-15 10:18:00,55.3319,55.3561,55.3319,55.3513,4393
2026-07-15 10:19:00,55.3416,55.3464,55.3368,55.3368,1089
2026-07-15 10:20:00,55.3368,55.3392,55.3325,55.3392,3656
2026-07-15 10:21:00,55.3416,55.3513,55.3416,55.3464,2269
2026-07-15 10:22:00,55.3513,55.3513,55.3416,55.3464,2247
2026-07-15 10:23:00,55.3464,55.3513,55.3464,55.3513,1172
2026-07-15 10:24:00,55.3464,55.3513,55.3416,55.3416,3665
2026-07-15 10:25:00,55.3368,55.3392,55.3222,55.3222,7123
2026-07-15 10:26:00,55.3126,55.3222,55.3077,55.3077,1899
2026-07-15 10:27:00,55.3029,55.3126,55.2932,55.299,7170
2026-07-15 10:28:00,55.2963,55.2963,55.2963,55.2963,432
2026-07-15 10:29:00,55.3029,55.3077,55.2932,55.2932,3666
2026-07-15 10:30:00,55.2835,55.2881,55.2642,55.2642,6188
2026-07-15 10:31:00,55.2738,55.2738,55.2448,55.2496,6006
2026-07-15 10:32:00,55.2496,55.2835,55.2496,55.2835,5479
2026-07-15 10:33:00,55.2787,55.2932,55.2787,55.2932,1190
2026-07-15 10:34:00,55.2932,55.2932,55.2748,55.2748,1523
2026-07-15 10:35:00,55.2739,55.2932,55.2739,55.2835,9926
2026-07-15 10:36:00,55.2837,55.2884,55.2738,55.2884,3499
2026-07-15 10:37:00,55.2932,55.2932,55.2932,55.2932,889
2026-07-15 10:38:00,55.2937,55.2937,55.2932,55.2932,1236
2026-07-15 10:39:00,55.2845,55.2881,55.2738,55.2738,3064
2026-07-15 10:40:00,55.2777,55.2835,55.2738,55.2738,4253
2026-07-15 10:41:00,55.2738,55.2821,55.2642,55.2651,3425
2026-07-15 10:42:00,55.2738,55.2738,55.2642,55.2642,5040
2026-07-15 10:43:00,55.2738,55.2835,55.2738,55.2787,11233
2026-07-15 10:44:00,55.2835,55.2884,55.2738,55.2738,1602
2026-07-15 10:45:00,55.2738,55.2738,55.2448,55.2448,2623
2026-07-15 10:46:00,55.2448,55.2496,55.24,55.2496,6867
2026-07-15 10:47:00,55.2448,55.246,55.24,55.24,2058
2026-07-15 10:48:00,55.2254,55.2254,55.2206,55.2206,845
2026-07-15 10:49:00,55.2254,55.2448,55.2254,55.2448,3898
2026-07-15 10:50:00,55.2545,55.2545,55.24,55.2448,3413
2026-07-15 10:51:00,55.24,55.2545,55.24,55.2545,4786
2026-07-15 10:52:00,55.2545,55.2642,55.2496,55.2642,2684
2026-07-15 10:53:00,55.2642,55.269,55.2642,55.2642,1004
2026-07-15 10:54:00,55.2593,55.2642,55.2448,55.2448,7495
2026-07-15 10:55:00,55.2448,55.2448,55.2448,55.2448,763
2026-07-15 10:56:00,55.2351,55.24,55.2303,55.24,4733
2026-07-15 10:58:00,55.2351,55.2448,55.2303,55.24,6457
2026-07-15 10:59:00,55.2545,55.2642,55.24,55.24,7554
2026-07-15 11:00:00,55.2448,55.2593,55.2448,55.2545,6782
2026-07-15 11:01:00,55.2448,55.2545,55.24,55.2496,7775
2026-07-15 11:02:00,55.2545,55.2585,55.2545,55.2545,3764
2026-07-15 11:03:00,55.2545,55.2642,55.2206,55.2206,4286
2026-07-15 11:04:00,55.2206,55.2254,55.2206,55.2254,1163
2026-07-15 11:05:00,55.2274,55.2274,55.2158,55.2158,17525
2026-07-15 11:06:00,55.2158,55.2206,55.2061,55.2061,4561
2026-07-15 11:07:00,55.1964,55.1965,55.1916,55.1964,4022
2026-07-15 11:08:00,55.1867,55.2158,55.1819,55.2109,16383
2026-07-15 11:09:00,55.2109,55.2109,55.2061,55.2109,1764
2026-07-15 11:10:00,55.2109,55.2303,55.2109,55.2254,9362
2026-07-15 11:11:00,55.2254,55.2448,55.2254,55.2448,2269
2026-07-15 11:12:00,55.2412,55.2448,55.2351,55.2351,6432
2026-07-15 11:13:00,55.2448,55.2738,55.2448,55.2642,5885
2026-07-15 11:14:00,55.2593,55.2593,55.2554,55.2554,1082
2026-07-15 11:15:00,55.2601,55.2601,55.2351,55.24,3370
2026-07-15 11:16:00,55.24,55.2642,55.24,55.2545,10422
2026-07-15 11:17:00,55.2545,55.2642,55.2496,55.2642,5725
2026-07-15 11:19:00,55.2642,55.2738,55.2642,55.2738,3190
2026-07-15 11:20:00,55.274,55.2932,55.274,55.2925,2680
2026-07-15 11:21:00,55.2884,55.2884,55.2884,55.2884,310
2026-07-15 11:22:00,55.2884,55.3029,55.2835,55.2835,6928
2026-07-15 11:23:00,55.2838,55.2932,55.2835,55.2932,3686
2026-07-15 11:24:00,55.2932,55.298,55.2884,55.298,6774
2026-07-15 11:25:00,55.298,55.3029,55.2932,55.2932,1834
2026-07-15 11:26:00,55.298,55.3029,55.2932,55.298,4584
2026-07-15 11:27:00,55.2944,55.2944,55.2835,55.2932,3386
2026-07-15 11:28:00,55.2884,55.2932,55.2835,55.2835,2876
2026-07-15 11:29:00,55.2835,55.2884,55.2738,55.2884,6521
2026-07-15 11:30:00,55.2884,55.2884,55.2593,55.2593,3398
2026-07-15 11:31:00,55.2593,55.2642,55.2593,55.2593,4672
2026-07-15 11:32:00,55.2593,55.2593,55.2545,55.2593,9457
2026-07-15 11:33:00,55.2593,55.2593,55.2448,55.2496,11666
2026-07-15 11:34:00,55.2496,55.2593,55.24,55.2593,7018
2026-07-15 11:35:00,55.2593,55.2593,55.24,55.2496,7478
2026-07-15 11:36:00,55.2496,55.2545,55.24,55.2496,14832
2026-07-15 11:37:00,55.2448,55.2496,55.2448,55.2459,1975
2026-07-15 11:38:00,55.2459,55.2932,55.2448,55.2932,5179
2026-07-15 11:39:00,55.2884,55.2884,55.2884,55.2884,351
2026-07-15 11:40:00,55.2932,55.2932,55.2835,55.2835,2857
2026-07-15 11:41:00,55.2835,55.2932,55.2835,55.2884,2416
2026-07-15 11:42:00,55.2932,55.3029,55.2932,55.298,7711
2026-07-15 11:43:00,55.298,55.3029,55.2932,55.298,5074
2026-07-15 11:44:00,55.298,55.3026,55.2971,55.3026,958
2026-07-15 11:45:00,55.298,55.3126,55.2945,55.3126,4887
2026-07-15 11:46:00,55.3077,55.3126,55.3039,55.3039,2145
2026-07-15 11:47:00,55.3077,55.3118,55.3067,55.3067,1782
2026-07-15 11:48:00,55.3077,55.3077,55.3036,55.3077,1357
2026-07-15 11:49:00,55.3077,55.3077,55.3029,55.3077,6236
2026-07-15 11:50:00,55.3029,55.3077,55.2969,55.298,2861
2026-07-15 11:51:00,55.3029,55.3029,55.298,55.298,1507
2026-07-15 11:52:00,55.298,55.3029,55.2932,55.2932,5112
2026-07-15 11:53:00,55.298,55.3126,55.298,55.3077,4070
2026-07-15 11:54:00,55.3126,55.3126,55.2932,55.2932,4957
2026-07-15 11:55:00,55.298,55.298,55.2932,55.298,1518
2026-07-15 11:56:00,55.2932,55.2932,55.2787,55.2932,3746
2026-07-15 11:57:00,55.2835,55.2932,55.2448,55.2496,5197
2026-07-15 11:58:00,55.2496,55.2545,55.2482,55.2545,1602
2026-07-15 11:59:00,55.2464,55.2545,55.2464,55.2545,1887
2026-07-15 12:00:00,55.2545,55.2738,55.2545,55.269,19123
2026-07-15 12:01:00,55.269,55.2738,55.269,55.2738,1234
2026-07-15 12:02:00,55.269,55.269,55.2642,55.269,3054
2026-07-15 12:03:00,55.2738,55.2738,55.269,55.2738,852
2026-07-15 12:04:00,55.2738,55.2835,55.2738,55.2835,1416
2026-07-15 12:05:00,55.2787,55.2932,55.2787,55.2884,2656
2026-07-15 12:06:00,55.2932,55.2932,55.2932,55.2932,588
2026-07-15 12:07:00,55.2884,55.2884,55.2845,55.2884,2481
2026-07-15 12:08:00,55.2847,55.2847,55.2847,55.2847,248
2026-07-15 12:09:00,55.2884,55.2884,55.2884,55.2884,1578
2026-07-15 12:10:00,55.2884,55.298,55.2835,55.2884,5419
2026-07-15 12:11:00,55.2884,55.2884,55.2835,55.2884,7162
2026-07-15 12:12:00,55.2884,55.2884,55.2835,55.2884,1874
2026-07-15 12:13:00,55.2884,55.298,55.2884,55.298,1416
2026-07-15 12:14:00,55.3029,55.3174,55.2942,55.3174,4910
2026-07-15 12:15:00,55.3174,55.3174,55.3126,55.3126,4701
2026-07-15 12:16:00,55.3174,55.3174,55.3029,55.3077,6168
2026-07-15 12:17:00,55.3077,55.3222,55.3077,55.3174,4472
2026-07-15 12:18:00,55.3222,55.3222,55.3174,55.3222,2940
2026-07-15 12:19:00,55.3271,55.3271,55.3271,55.3271,709
2026-07-15 12:20:00,55.3271,55.3271,55.3222,55.3271,2641
2026-07-15 12:21:00,55.3271,55.3368,55.3222,55.3368,6213
2026-07-15 12:22:00,55.3416,55.3416,55.3319,55.3416,1489
2026-07-15 12:23:00,55.3368,55.3368,55.332,55.332,643
2026-07-15 12:24:00,55.3416,55.3464,55.3416,55.3464,1045
2026-07-15 12:25:00,55.3464,55.3511,55.3416,55.3464,5758
2026-07-15 12:26:00,55.3368,55.3464,55.3368,55.3368,2604
2026-07-15 12:27:00,55.3332,55.3368,55.3319,55.3368,1055
2026-07-15 12:28:00,55.3368,55.3368,55.3319,55.3319,908
2026-07-15 12:29:00,55.3368,55.3416,55.3368,55.3416,598
2026-07-15 12:30:00,55.3368,55.3416,55.332,55.3416,1410
2026-07-15 12:31:00,55.3368,55.3513,55.3331,55.3513,2208
2026-07-15 12:32:00,55.3464,55.3513,55.3464,55.3513,1270
2026-07-15 12:33:00,55.3513,55.3513,55.3464,55.3506,844
2026-07-15 12:34:00,55.3464,55.3513,55.3464,55.3513,1223
2026-07-15 12:35:00,55.3561,55.3561,55.3561,55.3561,609
2026-07-15 12:36:00,55.3561,55.3561,55.3514,55.3561,1371
2026-07-15 12:37:00,55.3561,55.3561,55.3561,55.3561,869
2026-07-15 12:38:00,55.3561,55.3561,55.3416,55.3464,9075
2026-07-15 12:39:00,55.3464,55.3501,55.3416,55.3501,5059
2026-07-15 12:40:00,55.3464,55.3464,55.3319,55.3319,2798
2026-07-15 12:41:00,55.3319,55.3368,55.3222,55.3271,3042
2026-07-15 12:42:00,55.3271,55.3271,55.3271,55.3271,781
2026-07-15 12:44:00,55.3222,55.3271,55.3222,55.3271,756
2026-07-15 12:45:00,55.3271,55.3271,55.3222,55.3222,731
2026-07-15 12:46:00,55.3319,55.3464,55.3319,55.3464,4419
2026-07-15 12:47:00,55.3416,55.3464,55.3416,55.3464,741
2026-07-15 12:48:00,55.3464,55.3464,55.3464,55.3464,166
2026-07-15 12:49:00,55.3464,55.3513,55.3464,55.3513,561
2026-07-15 12:50:00,55.3561,55.3561,55.3525,55.3525,1029
2026-07-15 12:51:00,55.3561,55.361,55.3561,55.3561,12163
2026-07-15 12:52:00,55.3561,55.361,55.3551,55.3551,3977
2026-07-15 12:53:00,55.3561,55.361,55.3561,55.3561,4311
2026-07-15 12:54:00,55.3561,55.361,55.3416,55.3416,31212
2026-07-15 12:55:00,55.3513,55.3513,55.3513,55.3513,1079
2026-07-15 12:56:00,55.3464,55.3464,55.3416,55.3464,1725
2026-07-15 12:57:00,55.3464,55.3706,55.3464,55.3706,5457
2026-07-15 12:58:00,55.3658,55.3658,55.3658,55.3658,1034
2026-07-15 12:59:00,55.3634,55.3706,55.3634,55.3706,6876
2026-07-15 13:00:00,55.3704,55.3803,55.3704,55.3718,2291
2026-07-15 13:01:00,55.3706,55.3755,55.3706,55.3755,1299
2026-07-15 13:02:00,55.3755,55.3755,55.3755,55.3755,112
2026-07-15 13:03:00,55.3755,55.3803,55.3755,55.3803,518
2026-07-15 13:04:00,55.3755,55.3755,55.3755,55.3755,132
2026-07-15 13:05:00,55.3755,55.3755,55.3706,55.3706,4185
2026-07-15 13:06:00,55.3706,55.3706,55.3648,55.3706,5509
2026-07-15 13:07:00,55.3755,55.3755,55.3706,55.3755,2401
2026-07-15 13:08:00,55.3755,55.3755,55.3755,55.3755,978
2026-07-15 13:09:00,55.3755,55.3755,55.3706,55.3755,5097
2026-07-15 13:10:00,55.3755,55.3755,55.3755,55.3755,108
2026-07-15 13:11:00,55.3755,55.3755,55.3755,55.3755,770
2026-07-15 13:12:00,55.3755,55.3803,55.3706,55.3706,4417
2026-07-15 13:13:00,55.3634,55.3706,55.3611,55.3658,3492
2026-07-15 13:14:00,55.363,55.3706,55.361,55.361,8856
2026-07-15 13:15:00,55.3611,55.3706,55.3513,55.3513,5097
2026-07-15 13:16:00,55.3561,55.3609,55.3513,55.3561,7851
2026-07-15 13:17:00,55.3561,55.361,55.3561,55.361,523
2026-07-15 13:18:00,55.361,55.361,55.3561,55.361,1919
2026-07-15 13:19:00,55.3513,55.361,55.3513,55.361,3381
2026-07-15 13:20:00,55.3561,55.3561,55.3416,55.3464,2714
2026-07-15 13:21:00,55.3416,55.3513,55.3416,55.3464,1410
2026-07-15 13:22:00,55.3464,55.3464,55.3464,55.3464,733
2026-07-15 13:23:00,55.3416,55.3464,55.3416,55.3416,575
2026-07-15 13:24:00,55.3464,55.3464,55.3464,55.3464,1481
2026-07-15 13:25:00,55.3464,55.3464,55.3368,55.3368,3543
2026-07-15 13:26:00,55.3416,55.3416,55.3319,55.3416,3854
2026-07-15 13:27:00,55.3368,55.3416,55.3368,55.3416,4701
2026-07-15 13:28:00,55.3368,55.3368,55.3319,55.3368,2727
2026-07-15 13:29:00,55.3368,55.3368,55.3368,55.3368,3448
2026-07-15 13:30:00,55.3319,55.3319,55.3174,55.323,6505
2026-07-15 13:31:00,55.3319,55.3416,55.3319,55.3416,2108
2026-07-15 13:32:00,55.3416,55.3416,55.3325,55.3416,5233
2026-07-15 13:33:00,55.3464,55.3513,55.3416,55.3513,1798
2026-07-15 13:34:00,55.3513,55.3513,55.3464,55.3464,911
2026-07-15 13:36:00,55.3464,55.3464,55.3464,55.3464,310
2026-07-15 13:37:00,55.3464,55.3512,55.3416,55.3416,867
2026-07-15 13:38:00,55.3513,55.3706,55.3513,55.361,19702
2026-07-15 13:39:00,55.3706,55.3755,55.3706,55.3755,1406
2026-07-15 13:40:00,55.3755,55.3755,55.3713,55.3755,2425
2026-07-15 13:41:00,55.3755,55.3755,55.3706,55.3755,5460
2026-07-15 13:42:00,55.372,55.3755,55.372,55.3755,1061
2026-07-15 13:43:00,55.3803,55.3803,55.3765,55.3803,3017
2026-07-15 13:44:00,55.3803,55.39,55.3803,55.39,5324
2026-07-15 13:45:00,55.39,55.3997,55.39,55.39,993
2026-07-15 13:46:00,55.3997,55.3997,55.3948,55.3997,2003
2026-07-15 13:47:00,55.3997,55.419,55.3997,55.419,4246
2026-07-15 13:48:00,55.4142,55.419,55.4142,55.419,748
2026-07-15 13:49:00,55.4142,55.4142,55.4142,55.4142,204
2026-07-15 13:50:00,55.4095,55.419,55.4095,55.419,1363
2026-07-15 13:51:00,55.4094,55.4142,55.39,55.39,5663
2026-07-15 13:53:00,55.39,55.3948,55.39,55.39,540
2026-07-15 13:54:00,55.39,55.419,55.39,55.419,7875
2026-07-15 13:55:00,55.4094,55.4094,55.4045,55.4094,5222
2026-07-15 13:56:00,55.4142,55.4142,55.4142,55.4142,459
2026-07-15 13:57:00,55.419,55.419,55.419,55.419,840
2026-07-15 13:58:00,55.4142,55.4142,55.4142,55.4142,444
2026-07-15 13:59:00,55.4142,55.419,55.4094,55.4142,1175
2026-07-15 14:00:00,55.4142,55.4142,55.3997,55.4045,5737
2026-07-15 14:01:00,55.4045,55.4094,55.3997,55.3997,3501
2026-07-15 14:02:00,55.4045,55.4094,55.3997,55.4094,1062
2026-07-15 14:03:00,55.4045,55.4045,55.4045,55.4045,1133
2026-07-15 14:04:00,55.4045,55.4094,55.4045,55.4094,4073
2026-07-15 14:05:00,55.4142,55.4142,55.4142,55.4142,303
2026-07-15 14:06:00,55.4094,55.419,55.4094,55.4142,3588
2026-07-15 14:07:00,55.4094,55.4142,55.4094,55.4142,1041
2026-07-15 14:08:00,55.419,55.4239,55.419,55.419,9804
2026-07-15 14:10:00,55.4094,55.4104,55.4094,55.4104,616
2026-07-15 14:11:00,55.419,55.419,55.4094,55.419,2856
2026-07-15 14:12:00,55.4094,55.419,55.4094,55.419,2669
2026-07-15 14:13:00,55.4095,55.419,55.4045,55.4094,7445
2026-07-15 14:14:00,55.4006,55.4045,55.4006,55.4045,1269
2026-07-15 14:15:00,55.4094,55.4094,55.3997,55.3997,4868
2026-07-15 14:16:00,55.3997,55.4094,55.39,55.39,13582
2026-07-15 14:17:00,55.3948,55.3948,55.3948,55.3948,432
2026-07-15 14:18:00,55.39,55.3948,55.39,55.39,4798
2026-07-15 14:19:00,55.3997,55.3997,55.3919,55.3948,1870
2026-07-15 14:20:00,55.3997,55.4045,55.3997,55.4045,5898
2026-07-15 14:21:00,55.4094,55.419,55.4094,55.4142,2140
2026-07-15 14:22:00,55.419,55.419,55.4142,55.419,1897
2026-07-15 14:23:00,55.4108,55.4108,55.4108,55.4108,459
2026-07-15 14:24:00,55.4142,55.4287,55.4142,55.4287,3203
2026-07-15 14:25:00,55.419,55.4239,55.419,55.419,2997
2026-07-15 14:26:00,55.4142,55.4155,55.4094,55.4155,1425
2026-07-15 14:27:00,55.4094,55.4142,55.4094,55.4142,920
2026-07-15 14:28:00,55.4094,55.4142,55.4094,55.4094,2375
2026-07-15 14:29:00,55.4045,55.4045,55.39,55.3948,1886
2026-07-15 14:30:00,55.3948,55.3948,55.3948,55.3948,534
2026-07-15 14:31:00,55.3948,55.3948,55.39,55.39,969
2026-07-15 14:32:00,55.3948,55.3948,55.39,55.39,1736
2026-07-15 14:33:00,55.3948,55.3997,55.3948,55.3948,12437
2026-07-15 14:34:00,55.3948,55.3997,55.3852,55.39,4906
2026-07-15 14:35:00,55.3852,55.3852,55.3852,55.3852,1508
2026-07-15 14:36:00,55.39,55.3948,55.39,55.392,3434
2026-07-15 14:37:00,55.39,55.4045,55.39,55.4045,3309
2026-07-15 14:38:00,55.4045,55.4045,55.3997,55.3997,1342
2026-07-15 14:39:00,55.4045,55.4045,55.4034,55.4045,1506
2026-07-15 14:40:00,55.4016,55.4083,55.4016,55.4083,432
2026-07-15 14:41:00,55.4045,55.4094,55.3997,55.4045,3814
2026-07-15 14:42:00,55.4094,55.4142,55.4094,55.4142,3573
2026-07-15 14:43:00,55.4142,55.4142,55.4142,55.4142,1426
2026-07-15 14:44:00,55.4142,55.4142,55.4142,55.4142,237
2026-07-15 14:45:00,55.4142,55.4142,55.4094,55.4094,6237
2026-07-15 14:46:00,55.3997,55.4045,55.3948,55.3948,2357
2026-07-15 14:47:00,55.3948,55.3997,55.3944,55.3997,4804
2026-07-15 14:48:00,55.3948,55.3997,55.39,55.39,2182
2026-07-15 14:49:00,55.3803,55.3852,55.3803,55.3852,1017
2026-07-15 14:50:00,55.3804,55.3852,55.3803,55.3803,2936
2026-07-15 14:51:00,55.3803,55.3997,55.3803,55.3948,5560
2026-07-15 14:52:00,55.39,55.3948,55.3803,55.3852,4357
2026-07-15 14:53:00,55.3852,55.39,55.3804,55.39,3823
2026-07-15 14:54:00,55.39,55.3997,55.39,55.3997,3809
2026-07-15 14:55:00,55.3997,55.4045,55.3997,55.4045,2367
2026-07-15 14:56:00,55.4045,55.4045,55.4045,55.4045,2084
2026-07-15 14:57:00,55.4045,55.4045,55.4015,55.4015,441
2026-07-15 14:58:00,55.4045,55.4045,55.4008,55.4008,665
2026-07-15 14:59:00,55.3997,55.4045,55.3997,55.4045,620
2026-07-15 15:00:00,55.4045,55.4045,55.3997,55.3997,2571
2026-07-15 15:01:00,55.39,55.4142,55.39,55.4142,12101
2026-07-15 15:02:00,55.4142,55.4182,55.4094,55.4142,3428
2026-07-15 15:03:00,55.4142,55.4142,55.4094,55.4142,651
2026-07-15 15:04:00,55.4142,55.419,55.4094,55.4142,1300
2026-07-15 15:05:00,55.4142,55.4142,55.4094,55.4142,654
2026-07-15 15:06:00,55.4142,55.4142,55.3997,55.4045,3216
2026-07-15 15:07:00,55.4045,55.4045,55.4045,55.4045,286
2026-07-15 15:08:00,55.4045,55.4045,55.3997,55.3997,649
2026-07-15 15:09:00,55.4094,55.4094,55.4045,55.4045,867
2026-07-15 15:10:00,55.4091,55.4094,55.3997,55.3997,829
2026-07-15 15:11:00,55.4094,55.4094,55.3997,55.4094,2019
2026-07-15 15:12:00,55.4033,55.419,55.4013,55.4142,6155
2026-07-15 15:13:00,55.4142,55.4287,55.4142,55.4239,10515
2026-07-15 15:14:00,55.4239,55.4287,55.419,55.419,2586
2026-07-15 15:15:00,55.4191,55.4287,55.419,55.419,2421
2026-07-15 15:16:00,55.4239,55.4286,55.421,55.4239,1379
2026-07-15 15:17:00,55.4239,55.4287,55.4239,55.4287,648
2026-07-15 15:18:00,55.4239,55.4239,55.4239,55.4239,383
2026-07-15 15:19:00,55.4287,55.4287,55.421,55.4287,617
2026-07-15 15:20:00,55.4239,55.4287,55.419,55.419,3509
2026-07-15 15:21:00,55.4239,55.4239,55.4095,55.4095,10944
2026-07-15 15:22:00,55.4142,55.4142,55.4142,55.4142,1046
2026-07-15 15:23:00,55.4109,55.4287,55.4109,55.4287,5482
2026-07-15 15:24:00,55.4239,55.4239,55.4191,55.421,555
2026-07-15 15:25:00,55.419,55.4287,55.4142,55.4142,4277
2026-07-15 15:26:00,55.4142,55.4142,55.4095,55.4142,3608
2026-07-15 15:27:00,55.4142,55.4239,55.4142,55.4239,5861
2026-07-15 15:28:00,55.4239,55.4287,55.4239,55.4239,1118
2026-07-15 15:29:00,55.42,55.4481,55.42,55.4481,6791
2026-07-15 15:30:00,55.4432,55.448,55.4384,55.4396,3515
2026-07-15 15:31:00,55.4385,55.4432,55.4385,55.4432,939
2026-07-15 15:32:00,55.4432,55.4432,55.4432,55.4432,1145
2026-07-15 15:33:00,55.4384,55.4432,55.4384,55.4396,1235
2026-07-15 15:34:00,55.4432,55.4529,55.4432,55.4442,16889
2026-07-15 15:35:00,55.4432,55.4481,55.4432,55.4432,3436
2026-07-15 15:36:00,55.4384,55.4432,55.4384,55.4384,6760
2026-07-15 15:37:00,55.4384,55.4384,55.4287,55.4287,4849
2026-07-15 15:38:00,55.4384,55.4481,55.4287,55.4432,11069
2026-07-15 15:39:00,55.4481,55.4674,55.4481,55.4626,7513
2026-07-15 15:40:00,55.4626,55.4626,55.4578,55.4626,5793
2026-07-15 15:41:00,55.4578,55.4626,55.4529,55.4529,3247
2026-07-15 15:42:00,55.4529,55.4565,55.4481,55.4529,1178
2026-07-15 15:43:00,55.4529,55.4529,55.4481,55.4481,6434
2026-07-15 15:44:00,55.4481,55.4578,55.4481,55.4481,2356
2026-07-15 15:45:00,55.4529,55.4674,55.4529,55.4626,8718
2026-07-15 15:46:00,55.4578,55.4723,55.4501,55.4674,26892
2026-07-15 15:47:00,55.4723,55.4771,55.4674,55.4723,3254
2026-07-15 15:48:00,55.4771,55.4771,55.4674,55.4771,11604
2026-07-15 15:49:00,55.4772,55.482,55.4687,55.4723,5881
2026-07-15 15:50:00,55.4674,55.4965,55.4674,55.4868,18382
2026-07-15 15:51:00,55.4916,55.4965,55.4868,55.4868,4129
2026-07-15 15:52:00,55.4916,55.4916,55.4868,55.4868,8856
2026-07-15 15:53:00,55.4916,55.4965,55.4868,55.4916,5380
2026-07-15 15:54:00,55.4916,55.5013,55.4916,55.4916,39022
2026-07-15 15:55:00,55.4916,55.5062,55.4916,55.5062,25423
2026-07-15 15:56:00,55.5062,55.5158,55.5062,55.5063,7268
2026-07-15 15:57:00,55.5158,55.5352,55.5158,55.5304,12383
2026-07-15 15:58:00,55.5304,55.5304,55.5158,55.5207,22153
2026-07-15 15:59:00,55.5207,55.5255,55.4965,55.5062,48682
2026-07-16 09:30:00,55.8546,55.9127,55.845,55.903,75697
2026-07-16 09:31:00,55.8885,55.903,55.874,55.8837,14231
2026-07-16 09:32:00,55.8837,55.9272,55.8837,55.9224,15640
2026-07-16 09:33:00,55.9272,55.9514,55.9127,55.9127,7765
2026-07-16 09:34:00,55.9224,55.9756,55.9176,55.966,10564
2026-07-16 09:35:00,55.9708,55.9853,55.9611,55.9611,5865
2026-07-16 09:36:00,55.9514,55.9805,55.9514,55.9805,8001
2026-07-16 09:37:00,55.966,55.9902,55.9611,55.9805,3499
2026-07-16 09:38:00,55.9805,55.9902,55.9756,55.9805,2976
2026-07-16 09:39:00,55.9805,55.9902,55.9611,55.966,5213
2026-07-16 09:40:00,55.9708,56.0095,55.966,56.0008,5006
2026-07-16 09:41:00,56.0192,56.0289,56.0095,56.0289,2218
2026-07-16 09:42:00,56.0386,56.0386,56.0289,56.0289,5065
2026-07-16 09:43:00,56.0192,56.0192,55.9998,55.9998,644
2026-07-16 09:44:00,56.0047,56.0095,55.9805,55.9998,6978
2026-07-16 09:45:00,56.0095,56.0192,56.0095,56.0192,5034
2026-07-16 09:46:00,56.0192,56.0192,56.0095,56.0144,3023
2026-07-16 09:47:00,56.0192,56.0352,56.0192,56.0337,2695
2026-07-16 09:48:00,56.0386,56.0628,56.0386,56.0531,4305
2026-07-16 09:49:00,56.0482,56.0821,56.0389,56.0773,4849
2026-07-16 09:50:00,56.0966,56.0966,56.0918,56.0966,2524
2026-07-16 09:51:00,56.0966,56.1063,56.0966,56.1063,2627
2026-07-16 09:52:00,56.0966,56.0966,56.0821,56.0966,3539
2026-07-16 09:53:00,56.1015,56.116,56.0966,56.116,4090
2026-07-16 09:54:00,56.1112,56.1257,56.1112,56.116,3676
2026-07-16 09:55:00,56.116,56.1354,56.116,56.1354,7990
2026-07-16 09:56:00,56.1402,56.1402,56.1257,56.1257,1959
2026-07-16 09:57:00,56.1336,56.145,56.1257,56.1305,14887
2026-07-16 09:58:00,56.1344,56.1354,56.1208,56.1305,15194
2026-07-16 09:59:00,56.1257,56.1354,56.1257,56.1354,5429
2026-07-16 10:00:00,56.1402,56.1402,56.1305,56.1354,2489
2026-07-16 10:01:00,56.1354,56.1354,56.1063,56.1257,6582
2026-07-16 10:02:00,56.1257,56.1354,56.1257,56.1343,3210
2026-07-16 10:03:00,56.1257,56.1257,56.0966,56.1015,16760
2026-07-16 10:04:00,56.0977,56.1112,56.087,56.1112,3329
2026-07-16 10:05:00,56.0966,56.1049,56.0821,56.0966,4215
2026-07-16 10:06:00,56.0966,56.1063,56.0918,56.1063,10943
2026-07-16 10:07:00,56.1063,56.1063,56.0628,56.0676,7733
2026-07-16 10:08:00,56.0724,56.1063,56.0676,56.1063,14279
2026-07-16 10:09:00,56.1063,56.1078,56.0966,56.0966,7667
2026-07-16 10:10:00,56.087,56.1112,56.087,56.1112,4109
2026-07-16 10:11:00,56.1063,56.1257,56.0966,56.1063,17488
2026-07-16 10:12:00,56.116,56.1354,56.1015,56.116,16105
2026-07-16 10:13:00,56.1208,56.1305,56.1112,56.1305,3656
2026-07-16 10:14:00,56.1257,56.1354,56.1208,56.1257,6133
2026-07-16 10:15:00,56.1208,56.145,56.1063,56.1354,4696
2026-07-16 10:16:00,56.1402,56.1499,56.1354,56.145,30590
2026-07-16 10:17:00,56.1402,56.1596,56.1354,56.1547,21635
2026-07-16 10:18:00,56.1499,56.1596,56.1402,56.1547,9721
2026-07-16 10:19:00,56.1547,56.1547,56.116,56.1305,7980
2026-07-16 10:20:00,56.1257,56.1402,56.1208,56.1402,5827
2026-07-16 10:21:00,56.145,56.1644,56.145,56.1644,4386
2026-07-16 10:22:00,56.1741,56.1741,56.1644,56.1644,1795
2026-07-16 10:23:00,56.1644,56.1838,56.1644,56.1838,4140
2026-07-16 10:24:00,56.1934,56.1951,56.1692,56.1692,7203
2026-07-16 10:25:00,56.1644,56.1934,56.1596,56.1789,4697
2026-07-16 10:26:00,56.1838,56.1838,56.1741,56.1741,1555
2026-07-16 10:27:00,56.1789,56.1789,56.1644,56.1644,1456
2026-07-16 10:28:00,56.1547,56.1838,56.1547,56.1838,1104
2026-07-16 10:29:00,56.1741,56.1789,56.1692,56.1789,3382
2026-07-16 10:30:00,56.1741,56.1838,56.1741,56.1789,4371
2026-07-16 10:31:00,56.1789,56.1838,56.1741,56.1741,7380
2026-07-16 10:32:00,56.1741,56.1886,56.1692,56.1886,4283
2026-07-16 10:33:00,56.1886,56.2128,56.1838,56.208,6697
2026-07-16 10:34:00,56.2031,56.2031,56.1692,56.1741,6719
2026-07-16 10:35:00,56.1547,56.1547,56.1305,56.1354,7712
2026-07-16 10:36:00,56.1257,56.1419,56.1208,56.1354,2513
2026-07-16 10:37:00,56.1354,56.1354,56.1257,56.1257,1021
2026-07-16 10:38:00,56.1257,56.1354,56.1063,56.1063,3006
2026-07-16 10:39:00,56.0966,56.1063,56.0918,56.0918,2785
2026-07-16 10:40:00,56.087,56.1063,56.087,56.1063,7344
2026-07-16 10:41:00,56.1063,56.1063,56.0773,56.0773,2822
2026-07-16 10:42:00,56.087,56.1015,56.087,56.0966,2285
2026-07-16 10:43:00,56.0966,56.1015,56.087,56.1015,2472
2026-07-16 10:44:00,56.0966,56.1063,56.0966,56.1063,3645
2026-07-16 10:45:00,56.116,56.1354,56.116,56.1257,2412
2026-07-16 10:46:00,56.116,56.1208,56.1112,56.116,16309
2026-07-16 10:47:00,56.116,56.1402,56.116,56.1402,2547
2026-07-16 10:48:00,56.1354,56.1354,56.1257,56.1257,5916
2026-07-16 10:49:00,56.1208,56.1208,56.116,56.116,2685
2026-07-16 10:50:00,56.1063,56.1063,56.1063,56.1063,3712
2026-07-16 10:51:00,56.1063,56.1063,56.087,56.0966,10747
2026-07-16 10:52:00,56.0966,56.116,56.0966,56.116,3372
2026-07-16 10:53:00,56.112,56.112,56.0966,56.0966,13986
2026-07-16 10:54:00,56.087,56.087,56.0821,56.087,3790
2026-07-16 10:55:00,56.0773,56.0773,56.0773,56.0773,2027
2026-07-16 10:56:00,56.0724,56.0821,56.0724,56.0724,5554
2026-07-16 10:57:00,56.0773,56.0773,56.0628,56.0628,2314
2026-07-16 10:58:00,56.0676,56.0773,56.0676,56.0773,860
2026-07-16 10:59:00,56.087,56.087,56.0724,56.0773,3128
2026-07-16 11:00:00,56.0676,56.1015,56.0676,56.1015,11644
2026-07-16 11:01:00,56.0966,56.1062,56.087,56.087,3898
2026-07-16 11:02:00,56.0966,56.1112,56.0966,56.1112,1910
2026-07-16 11:03:00,56.116,56.1257,56.1112,56.1112,6301
2026-07-16 11:04:00,56.116,56.116,56.0966,56.0966,2637
2026-07-16 11:05:00,56.0966,56.0966,56.0918,56.0918,1956
2026-07-16 11:06:00,56.087,56.087,56.0482,56.0531,9510
2026-07-16 11:07:00,56.0579,56.0579,56.0434,56.0434,2097
2026-07-16 11:08:00,56.0434,56.0531,56.0386,56.0531,6810
2026-07-16 11:09:00,56.0482,56.0773,56.0482,56.0773,4228
2026-07-16 11:10:00,56.0724,56.0773,56.0676,56.0773,6019
2026-07-16 11:11:00,56.0773,56.0821,56.0773,56.0773,3955
2026-07-16 11:12:00,56.087,56.087,56.0584,56.0628,8691
2026-07-16 11:13:00,56.0628,56.0773,56.0628,56.0773,2515
2026-07-16 11:14:00,56.0798,56.0798,56.0676,56.0676,724
2026-07-16 11:15:00,56.0676,56.0773,56.0628,56.0773,2416
2026-07-16 11:16:00,56.0676,56.0773,56.0676,56.0686,2989
2026-07-16 11:17:00,56.0724,56.0724,56.0724,56.0724,367
2026-07-16 11:18:00,56.0676,56.0773,56.0531,56.0773,7315
2026-07-16 11:19:00,56.0773,56.0821,56.0773,56.0773,2018
2026-07-16 11:20:00,56.0773,56.0966,56.0676,56.0918,2973
2026-07-16 11:21:00,56.0966,56.1063,56.0918,56.0966,8263
2026-07-16 11:22:00,56.0975,56.1208,56.0975,56.1208,4616
2026-07-16 11:23:00,56.1257,56.1354,56.116,56.1208,3874
2026-07-16 11:24:00,56.1257,56.1257,56.116,56.116,6036
2026-07-16 11:25:00,56.1112,56.116,56.1063,56.116,2678
2026-07-16 11:26:00,56.1167,56.1208,56.1063,56.1208,10038
2026-07-16 11:27:00,56.1208,56.1402,56.1208,56.1354,4091
2026-07-16 11:28:00,56.1305,56.1354,56.1257,56.1257,1973
2026-07-16 11:29:00,56.1257,56.1257,56.1063,56.116,2060
2026-07-16 11:30:00,56.1063,56.1112,56.0773,56.0773,994
2026-07-16 11:31:00,56.0628,56.0724,56.0531,56.0628,3470
2026-07-16 11:32:00,56.0676,56.0773,56.0628,56.0628,1904
2026-07-16 11:33:00,56.0676,56.0676,56.0579,56.0676,1624
2026-07-16 11:34:00,56.0676,56.0773,56.0579,56.0676,9145
2026-07-16 11:35:00,56.0676,56.087,56.0628,56.0773,60171
2026-07-16 11:36:00,56.0773,56.0918,56.0724,56.0821,6945
2026-07-16 11:37:00,56.087,56.087,56.0724,56.087,2610
2026-07-16 11:38:00,56.0821,56.087,56.0774,56.087,984
2026-07-16 11:39:00,56.087,56.1063,56.0773,56.0773,30963
2026-07-16 11:40:00,56.0773,56.0773,56.0607,56.0773,4178
2026-07-16 11:41:00,56.0773,56.0773,56.0677,56.0677,1734
2026-07-16 11:42:00,56.0773,56.0966,56.0773,56.0966,3990
2026-07-16 11:43:00,56.087,56.1015,56.087,56.1015,3916
2026-07-16 11:44:00,56.1015,56.1015,56.087,56.1015,1797
2026-07-16 11:45:00,56.0966,56.1208,56.0966,56.1208,1947
2026-07-16 11:46:00,56.1208,56.1354,56.116,56.1257,2569
2026-07-16 11:47:00,56.1354,56.145,56.1354,56.1402,1935
2026-07-16 11:48:00,56.1402,56.1402,56.1373,56.1402,797
2026-07-16 11:49:00,56.1354,56.1644,56.1354,56.1644,8050
2026-07-16 11:50:00,56.1644,56.1741,56.1644,56.1741,1032
2026-07-16 11:51:00,56.1692,56.1741,56.1644,56.1644,2888
2026-07-16 11:52:00,56.1644,56.1741,56.1644,56.1644,2222
2026-07-16 11:53:00,56.1692,56.1692,56.1547,56.1547,1714
2026-07-16 11:54:00,56.1644,56.1741,56.1596,56.1692,5407
2026-07-16 11:55:00,56.1644,56.1692,56.1562,56.1644,2097
2026-07-16 11:56:00,56.1596,56.1692,56.1547,56.1692,1385
2026-07-16 11:57:00,56.1692,56.1692,56.1644,56.1644,610
2026-07-16 11:58:00,56.1596,56.1644,56.1596,56.1644,1481
2026-07-16 11:59:00,56.1644,56.1692,56.1596,56.1596,2175
2026-07-16 12:00:00,56.1692,56.1741,56.1692,56.1741,1282
2026-07-16 12:01:00,56.1644,56.1934,56.1644,56.1886,1665
2026-07-16 12:02:00,56.1838,56.1917,56.1741,56.1741,2556
2026-07-16 12:03:00,56.1789,56.1818,56.1741,56.1789,1811
2026-07-16 12:04:00,56.1838,56.1886,56.1838,56.1886,1849
2026-07-16 12:05:00,56.1838,56.1838,56.1838,56.1838,362
2026-07-16 12:06:00,56.1838,56.1838,56.1741,56.1741,2127
2026-07-16 12:07:00,56.1789,56.1789,56.1741,56.1741,2096
2026-07-16 12:08:00,56.1742,56.1886,56.1742,56.1886,2651
2026-07-16 12:09:00,56.1838,56.1838,56.1838,56.1838,1768
2026-07-16 12:10:00,56.1838,56.1934,56.1838,56.1886,3166
2026-07-16 12:11:00,56.1886,56.2031,56.1886,56.1983,6991
2026-07-16 12:12:00,56.1934,56.1983,56.1838,56.1886,2108
2026-07-16 12:13:00,56.1838,56.1886,56.1692,56.1741,2200
2026-07-16 12:14:00,56.1741,56.1789,56.1741,56.1741,3272
2026-07-16 12:15:00,56.1741,56.1934,56.1645,56.1934,2325
2026-07-16 12:16:00,56.1838,56.1886,56.1722,56.1722,1969
2026-07-16 12:17:00,56.1692,56.1692,56.1499,56.1499,6025
2026-07-16 12:18:00,56.1499,56.1596,56.145,56.1596,5010
2026-07-16 12:19:00,56.1596,56.1692,56.1596,56.1692,4951
2026-07-16 12:20:00,56.1741,56.1789,56.1741,56.1789,727
2026-07-16 12:21:00,56.1838,56.1983,56.1789,56.1838,12287
2026-07-16 12:22:00,56.1838,56.1886,56.1838,56.1838,1034
2026-07-16 12:23:00,56.1886,56.1934,56.1838,56.1934,775
2026-07-16 12:24:00,56.1838,56.1838,56.1741,56.1741,1957
2026-07-16 12:25:00,56.1741,56.1838,56.1644,56.1644,5104
2026-07-16 12:26:00,56.1692,56.1838,56.1645,56.1789,3558
2026-07-16 12:27:00,56.1838,56.1934,56.1838,56.1934,2446
2026-07-16 12:28:00,56.1983,56.208,56.1983,56.208,1780
2026-07-16 12:29:00,56.208,56.208,56.1983,56.1983,2096
2026-07-16 12:30:00,56.2031,56.2031,56.2031,56.2031,133
2026-07-16 12:31:00,56.1934,56.1934,56.1934,56.1934,547
2026-07-16 12:32:00,56.1934,56.1934,56.1838,56.1934,1735
2026-07-16 12:33:00,56.1838,56.1934,56.1838,56.1886,756
2026-07-16 12:34:00,56.1934,56.1983,56.1934,56.1983,4554
2026-07-16 12:35:00,56.1983,56.1983,56.181,56.181,7893
2026-07-16 12:36:00,56.1789,56.1934,56.1789,56.1789,4589
2026-07-16 12:37:00,56.1789,56.1934,56.1789,56.1886,3345
2026-07-16 12:38:00,56.1886,56.1983,56.1886,56.1934,2808
2026-07-16 12:39:00,56.1934,56.1934,56.1838,56.1886,896
2026-07-16 12:40:00,56.1934,56.2031,56.1934,56.1983,9281
2026-07-16 12:41:00,56.1983,56.1983,56.1934,56.1934,1371
2026-07-16 12:42:00,56.1934,56.1934,56.1838,56.1838,1143
2026-07-16 12:43:00,56.1838,56.1886,56.1838,56.1838,1635
2026-07-16 12:44:00,56.1886,56.1886,56.1838,56.1886,2556
2026-07-16 12:45:00,56.1886,56.208,56.1886,56.208,10792
2026-07-16 12:46:00,56.208,56.2176,56.208,56.2176,2271
2026-07-16 12:47:00,56.2129,56.2176,56.2128,56.2174,1450
2026-07-16 12:48:00,56.2129,56.2215,56.2128,56.2176,2882
2026-07-16 12:49:00,56.2176,56.2273,56.2128,56.2273,9264
2026-07-16 12:50:00,56.2225,56.2273,56.2128,56.2128,1844
2026-07-16 12:51:00,56.2128,56.237,56.2128,56.237,3914
2026-07-16 12:52:00,56.2322,56.237,56.2031,56.2031,3768
2026-07-16 12:53:00,56.2128,56.2225,56.2128,56.2176,2705
2026-07-16 12:54:00,56.2128,56.2128,56.2031,56.2031,1169
2026-07-16 12:55:00,56.208,56.2176,56.2031,56.2176,2426
2026-07-16 12:56:00,56.2208,56.2208,56.208,56.208,889
2026-07-16 12:57:00,56.208,56.2176,56.208,56.2128,1890
2026-07-16 12:58:00,56.2128,56.2128,56.2031,56.2128,4071
2026-07-16 12:59:00,56.2225,56.2273,56.2176,56.2273,3132
2026-07-16 13:00:00,56.2225,56.2225,56.2176,56.2176,2352
2026-07-16 13:01:00,56.2176,56.2176,56.2031,56.2031,1838
2026-07-16 13:02:00,56.1934,56.2031,56.1934,56.1983,908
2026-07-16 13:03:00,56.1983,56.2031,56.1983,56.1983,1303
2026-07-16 13:04:00,56.1934,56.1934,56.1741,56.1838,1808
2026-07-16 13:05:00,56.1838,56.1886,56.1838,56.1886,1478
2026-07-16 13:06:00,56.1741,56.1741,56.1692,56.1692,674
2026-07-16 13:07:00,56.1741,56.1741,56.1644,56.1741,2877
2026-07-16 13:08:00,56.1755,56.1755,56.1741,56.1741,1650
2026-07-16 13:09:00,56.1741,56.1789,56.169,56.169,1555
2026-07-16 13:10:00,56.1644,56.1644,56.1596,56.1596,313
2026-07-16 13:11:00,56.1625,56.1644,56.1596,56.1644,918
2026-07-16 13:12:00,56.1596,56.1596,56.1499,56.1547,4740
2026-07-16 13:13:00,56.1596,56.1692,56.1596,56.1692,3197
2026-07-16 13:14:00,56.1644,56.1644,56.1547,56.1644,634
2026-07-16 13:15:00,56.1644,56.1644,56.1644,56.1644,645
2026-07-16 13:16:00,56.1692,56.1692,56.1547,56.1547,1622
2026-07-16 13:17:00,56.1451,56.1499,56.1451,56.1499,482
2026-07-16 13:18:00,56.1547,56.1596,56.1547,56.1547,2721
2026-07-16 13:19:00,56.1499,56.1644,56.1499,56.1596,4722
2026-07-16 13:20:00,56.1547,56.1547,56.1547,56.1547,267
2026-07-16 13:21:00,56.1644,56.1644,56.1549,56.1644,6863
2026-07-16 13:22:00,56.1739,56.1739,56.1644,56.1644,1262
2026-07-16 13:23:00,56.1547,56.1547,56.1475,56.1499,1106
2026-07-16 13:24:00,56.145,56.1547,56.145,56.1547,1396
2026-07-16 13:25:00,56.1547,56.1692,56.1547,56.1692,2597
2026-07-16 13:26:00,56.1692,56.1692,56.1644,56.1644,1573
2026-07-16 13:27:00,56.1596,56.1596,56.1596,56.1596,374
2026-07-16 13:28:00,56.1547,56.1547,56.1547,56.1547,184
2026-07-16 13:29:00,56.1547,56.1547,56.145,56.145,1008
2026-07-16 13:30:00,56.145,56.1596,56.145,56.1596,1733
2026-07-16 13:31:00,56.1596,56.1692,56.1596,56.1644,4910
2026-07-16 13:32:00,56.1644,56.1644,56.1644,56.1644,895
2026-07-16 13:33:00,56.1596,56.1596,56.145,56.145,3322
2026-07-16 13:34:00,56.145,56.1499,56.1402,56.1402,1397
2026-07-16 13:35:00,56.1402,56.1402,56.1354,56.1354,811
2026-07-16 13:36:00,56.1354,56.1354,56.1257,56.1257,1195
2026-07-16 13:37:00,56.1354,56.1402,56.1354,56.1354,1519
2026-07-16 13:38:00,56.145,56.1474,56.145,56.1474,973
2026-07-16 13:39:00,56.145,56.145,56.1402,56.1402,668
2026-07-16 13:40:00,56.1402,56.1402,56.1354,56.1354,906
2026-07-16 13:41:00,56.1402,56.1402,56.1402,56.1402,259
2026-07-16 13:42:00,56.1402,56.1402,56.1282,56.1354,4099
2026-07-16 13:43:00,56.145,56.145,56.1354,56.1354,1383
2026-07-16 13:44:00,56.1402,56.145,56.1354,56.1354,3640
2026-07-16 13:45:00,56.1354,56.1402,56.1354,56.1402,834
2026-07-16 13:46:00,56.1402,56.1547,56.1402,56.145,5703
2026-07-16 13:47:00,56.145,56.145,56.145,56.145,439
2026-07-16 13:48:00,56.1354,56.1354,56.1354,56.1354,329
2026-07-16 13:49:00,56.1354,56.1354,56.1354,56.1354,459
2026-07-16 13:50:00,56.1402,56.1402,56.1402,56.1402,262
2026-07-16 13:51:00,56.1402,56.1499,56.1354,56.1499,3519
2026-07-16 13:52:00,56.1547,56.1692,56.1547,56.1692,3098
2026-07-16 13:53:00,56.1695,56.1695,56.1644,56.1692,4516
2026-07-16 13:54:00,56.1692,56.1732,56.1596,56.1644,3211
2026-07-16 13:55:00,56.173,56.173,56.1547,56.1547,1394
2026-07-16 13:56:00,56.1547,56.1596,56.1547,56.1596,2502
2026-07-16 13:57:00,56.1547,56.1547,56.145,56.1499,2970
2026-07-16 13:58:00,56.1547,56.1547,56.1499,56.1547,1812
2026-07-16 13:59:00,56.1547,56.1596,56.1547,56.1596,1041
2026-07-16 14:00:00,56.1547,56.1547,56.1547,56.1547,504
2026-07-16 14:01:00,56.1499,56.1547,56.1499,56.1499,1690
2026-07-16 14:02:00,56.1547,56.1547,56.145,56.1499,811
2026-07-16 14:03:00,56.1499,56.1523,56.1499,56.1523,841
2026-07-16 14:04:00,56.1354,56.1402,56.1354,56.1402,3052
2026-07-16 14:05:00,56.1359,56.1402,56.1305,56.1402,1345
2026-07-16 14:06:00,56.1354,56.1402,56.1354,56.1402,3389
2026-07-16 14:07:00,56.1402,56.1692,56.1402,56.1644,11343
2026-07-16 14:08:00,56.1596,56.1692,56.1596,56.1692,2973
2026-07-16 14:09:00,56.1692,56.1692,56.1644,56.1644,1677
2026-07-16 14:10:00,56.1644,56.1741,56.1644,56.1741,4246
2026-07-16 14:11:00,56.1644,56.1692,56.1644,56.1644,1488
2026-07-16 14:12:00,56.1692,56.1719,56.1692,56.1719,523
2026-07-16 14:13:00,56.174,56.174,56.1644,56.1644,1024
2026-07-16 14:14:00,56.1692,56.1692,56.1596,56.1596,4745
2026-07-16 14:15:00,56.1562,56.1644,56.1548,56.1644,2384
2026-07-16 14:16:00,56.1644,56.1692,56.1596,56.1644,3922
2026-07-16 14:17:00,56.1645,56.1741,56.1645,56.1692,2086
2026-07-16 14:18:00,56.1692,56.1741,56.1692,56.1692,6425
2026-07-16 14:19:00,56.1789,56.1789,56.1789,56.1789,2360
2026-07-16 14:20:00,56.1789,56.1886,56.1789,56.1851,7933
2026-07-16 14:21:00,56.1934,56.2031,56.1934,56.2031,4363
2026-07-16 14:22:00,56.1983,56.1983,56.1838,56.1983,4669
2026-07-16 14:23:00,56.2031,56.2031,56.1983,56.1983,2425
2026-07-16 14:24:00,56.2031,56.208,56.2031,56.208,2479
2026-07-16 14:25:00,56.2128,56.2208,56.2128,56.2176,1372
2026-07-16 14:26:00,56.2176,56.2176,56.2031,56.208,3413
2026-07-16 14:27:00,56.2128,56.2225,56.2128,56.2225,2285
2026-07-16 14:28:00,56.2225,56.2322,56.2225,56.2225,1725
2026-07-16 14:29:00,56.2273,56.2273,56.2273,56.2273,466
2026-07-16 14:30:00,56.2226,56.2311,56.2225,56.2225,1838
2026-07-16 14:31:00,56.2273,56.2322,56.2226,56.2322,4311
2026-07-16 14:32:00,56.2418,56.2467,56.237,56.2467,4409
2026-07-16 14:33:00,56.2418,56.2418,56.2322,56.2322,1356
2026-07-16 14:34:00,56.237,56.237,56.237,56.237,806
2026-07-16 14:35:00,56.2418,56.2661,56.2418,56.2612,9763
2026-07-16 14:36:00,56.2612,56.2709,56.2564,56.2612,3628
2026-07-16 14:37:00,56.2526,56.2526,56.2467,56.2515,3513
2026-07-16 14:39:00,56.2515,56.2515,56.2467,56.2467,530
2026-07-16 14:40:00,56.2418,56.2418,56.2418,56.2418,154
2026-07-16 14:41:00,56.2515,56.2612,56.2419,56.2564,5501
2026-07-16 14:42:00,56.2612,56.2612,56.2515,56.2515,3610
2026-07-16 14:43:00,56.2515,56.2564,56.2419,56.2564,3186
2026-07-16 14:44:00,56.2564,56.2757,56.2564,56.2757,4713
2026-07-16 14:45:00,56.2709,56.2709,56.2661,56.2661,973
2026-07-16 14:46:00,56.2661,56.2709,56.2661,56.2661,3405
2026-07-16 14:47:00,56.2661,56.2661,56.2612,56.2661,769
2026-07-16 14:48:00,56.2612,56.2661,56.2612,56.2615,2360
2026-07-16 14:49:00,56.2709,56.2757,56.2709,56.2757,1938
2026-07-16 14:50:00,56.2806,56.2951,56.2806,56.2854,5577
2026-07-16 14:51:00,56.2854,56.2854,56.2709,56.2709,1542
2026-07-16 14:52:00,56.2806,56.2816,56.2757,56.2757,4948
2026-07-16 14:53:00,56.2709,56.2806,56.2661,56.2806,5394
2026-07-16 14:54:00,56.2757,56.2757,56.2757,56.2757,681
2026-07-16 14:56:00,56.2709,56.2711,56.2709,56.2711,1590
2026-07-16 14:57:00,56.2709,56.2903,56.2709,56.2903,4574
2026-07-16 14:58:00,56.2903,56.2938,56.2854,56.2903,1889
2026-07-16 14:59:00,56.2903,56.2951,56.2903,56.2903,1458
2026-07-16 15:00:00,56.2806,56.2806,56.272,56.272,2847
2026-07-16 15:01:00,56.2757,56.2757,56.2661,56.2661,1016
2026-07-16 15:02:00,56.2612,56.2661,56.2564,56.2661,3798
2026-07-16 15:03:00,56.2612,56.2612,56.2612,56.2612,650
2026-07-16 15:04:00,56.2467,56.2467,56.2467,56.2467,550
2026-07-16 15:05:00,56.2467,56.2515,56.2467,56.2515,3291
2026-07-16 15:06:00,56.2467,56.2467,56.2418,56.2467,1875
2026-07-16 15:07:00,56.2418,56.2564,56.2418,56.2515,2943
2026-07-16 15:08:00,56.2612,56.2612,56.2612,56.2612,1247
2026-07-16 15:09:00,56.2661,56.2806,56.2661,56.2806,1542
2026-07-16 15:10:00,56.28,56.2999,56.28,56.2951,13520
2026-07-16 15:11:00,56.2999,56.3048,56.2951,56.3048,2968
2026-07-16 15:12:00,56.2999,56.2999,56.2951,56.2951,1944
2026-07-16 15:13:00,56.2951,56.2999,56.2951,56.2951,2062
2026-07-16 15:14:00,56.2951,56.2999,56.2903,56.2999,10750
2026-07-16 15:15:00,56.2999,56.3048,56.2999,56.3048,1281
2026-07-16 15:16:00,56.3096,56.3096,56.3048,56.3096,1758
2026-07-16 15:17:00,56.3145,56.3145,56.3048,56.3145,3456
2026-07-16 15:18:00,56.3096,56.3096,56.3048,56.3096,1303
2026-07-16 15:19:00,56.3048,56.3048,56.3048,56.3048,1885
2026-07-16 15:20:00,56.2999,56.3145,56.2999,56.3145,2310
2026-07-16 15:21:00,56.3097,56.3241,56.3097,56.3241,1576
2026-07-16 15:22:00,56.3193,56.3241,56.3193,56.3241,1108
2026-07-16 15:23:00,56.32,56.329,56.3193,56.3193,2443
2026-07-16 15:24:00,56.329,56.329,56.329,56.329,242
2026-07-16 15:25:00,56.3193,56.3193,56.3096,56.3145,6002
2026-07-16 15:26:00,56.3193,56.3193,56.3145,56.3145,1116
2026-07-16 15:27:00,56.3145,56.3193,56.3115,56.3115,2463
2026-07-16 15:28:00,56.3096,56.3145,56.3096,56.3145,1095
2026-07-16 15:29:00,56.3193,56.3193,56.3096,56.3145,5646
2026-07-16 15:30:00,56.3145,56.3193,56.3145,56.3145,4164
2026-07-16 15:31:00,56.3145,56.3145,56.3096,56.3096,3434
2026-07-16 15:32:00,56.3096,56.3145,56.3096,56.3096,3324
2026-07-16 15:33:00,56.3096,56.3145,56.3096,56.3145,2713
2026-07-16 15:34:00,56.3096,56.3193,56.3096,56.3096,4740
2026-07-16 15:35:00,56.3097,56.3241,56.3096,56.3193,9391
2026-07-16 15:36:00,56.3193,56.3193,56.3145,56.3145,3451
2026-07-16 15:37:00,56.3145,56.3145,56.3048,56.3048,4505
2026-07-16 15:38:00,56.3048,56.3096,56.2951,56.3048,7572
2026-07-16 15:39:00,56.3048,56.3048,56.2999,56.2999,4501
2026-07-16 15:40:00,56.2999,56.2999,56.2854,56.2854,5421
2026-07-16 15:41:00,56.2806,56.2854,56.2757,56.2854,12956
2026-07-16 15:42:00,56.2807,56.2903,56.2757,56.2757,5418
2026-07-16 15:43:00,56.2757,56.2757,56.2612,56.2661,4114
2026-07-16 15:44:00,56.2661,56.2796,56.2612,56.2612,13568
2026-07-16 15:45:00,56.2661,56.2806,56.2612,56.2757,8272
2026-07-16 15:46:00,56.2757,56.2757,56.2709,56.2757,5689
2026-07-16 15:47:00,56.2709,56.2796,56.2661,56.2709,11809
2026-07-16 15:48:00,56.2806,56.299,56.2757,56.2951,10738
2026-07-16 15:49:00,56.2951,56.2951,56.2806,56.2893,18809
2026-07-16 15:50:00,56.2903,56.329,56.2903,56.3241,16422
2026-07-16 15:51:00,56.3241,56.329,56.3145,56.3145,12043
2026-07-16 15:52:00,56.3145,56.3193,56.2999,56.2999,12334
2026-07-16 15:53:00,56.3048,56.3241,56.2951,56.2999,23302
2026-07-16 15:54:00,56.2951,56.3096,56.2903,56.3086,28106
2026-07-16 15:55:00,56.3096,56.3096,56.2903,56.2999,29106
2026-07-16 15:56:00,56.2951,56.3096,56.2903,56.3048,20111
2026-07-16 15:57:00,56.3096,56.3193,56.3048,56.3145,21417
2026-07-16 15:58:00,56.3145,56.329,56.3096,56.3145,43959
2026-07-16 15:59:00,56.3193,56.3483,56.3193,56.3387,47931
2026-07-17 09:30:00,56.6775,56.6871,56.6291,56.6436,60295
2026-07-17 09:31:00,56.6581,56.6581,56.6194,56.6387,18248
2026-07-17 09:32:00,56.6387,56.6387,56.6097,56.6194,13890
2026-07-17 09:33:00,56.6194,56.6387,56.6008,56.6008,5770
2026-07-17 09:34:00,56.6097,56.6242,56.5879,56.5903,12573
2026-07-17 09:35:00,56.5807,56.6242,56.571,56.6242,10736
2026-07-17 09:36:00,56.6242,56.6387,56.6194,56.6242,4782
2026-07-17 09:37:00,56.6291,56.6479,56.6242,56.6436,2568
2026-07-17 09:38:00,56.6484,56.7017,56.6484,56.7017,6203
2026-07-17 09:39:00,56.6968,56.7113,56.692,56.7113,6258
2026-07-17 09:40:00,56.7162,56.7259,56.7162,56.7259,656
2026-07-17 09:41:00,56.7162,56.7162,56.6678,56.6775,13467
2026-07-17 09:42:00,56.6678,56.7162,56.6581,56.6968,24643
2026-07-17 09:43:00,56.7162,56.7259,56.7065,56.7113,3523
2026-07-17 09:44:00,56.7259,56.7307,56.7162,56.7162,8434
2026-07-17 09:45:00,56.7065,56.7355,56.7054,56.7307,17305
2026-07-17 09:46:00,56.7307,56.7452,56.692,56.692,9517
2026-07-17 09:47:00,56.6823,56.6823,56.6194,56.6194,7154
2026-07-17 09:48:00,56.6097,56.6387,56.6097,56.6242,9313
2026-07-17 09:49:00,56.6291,56.6339,56.6242,56.6242,1398
2026-07-17 09:50:00,56.6291,56.6387,56.6145,56.6387,4020
2026-07-17 09:51:00,56.6291,56.6291,56.6097,56.6097,3087
2026-07-17 09:52:00,56.6145,56.6339,56.6,56.6291,5554
2026-07-17 09:53:00,56.6291,56.6484,56.6291,56.6387,3689
2026-07-17 09:54:00,56.6387,56.6484,56.6339,56.6339,4871
2026-07-17 09:55:00,56.6291,56.6339,56.6242,56.6339,5047
2026-07-17 09:56:00,56.6339,56.6533,56.6339,56.6533,7963
2026-07-17 09:57:00,56.6581,56.6629,56.6581,56.6629,834
2026-07-17 09:58:00,56.6678,56.6775,56.6678,56.6775,1754
2026-07-17 09:59:00,56.6678,56.6726,56.6533,56.6533,6730
2026-07-17 10:00:00,56.6678,56.6726,56.6629,56.6678,7147
2026-07-17 10:01:00,56.6629,56.6683,56.6484,56.6581,2422
2026-07-17 10:02:00,56.6629,56.6629,56.6436,56.6436,2885
2026-07-17 10:03:00,56.6387,56.6533,56.6387,56.6387,2901
2026-07-17 10:04:00,56.6339,56.6387,56.6242,56.6242,4181
2026-07-17 10:05:00,56.6291,56.6533,56.6291,56.6339,4622
2026-07-17 10:06:00,56.6291,56.6339,56.6291,56.6323,2929
2026-07-17 10:07:00,56.6339,56.6339,56.5807,56.6,23337
2026-07-17 10:08:00,56.6,56.6049,56.5903,56.5904,2219
2026-07-17 10:09:00,56.5952,56.6049,56.5952,56.6,1173
2026-07-17 10:10:00,56.6,56.6,56.5661,56.5661,3431
2026-07-17 10:11:00,56.571,56.571,56.5516,56.571,7080
2026-07-17 10:12:00,56.5661,56.5661,56.5613,56.5613,1571
2026-07-17 10:13:00,56.571,56.5855,56.5661,56.5845,3939
2026-07-17 10:14:00,56.5903,56.6,56.5855,56.6,2792
2026-07-17 10:15:00,56.6,56.6194,56.6,56.6097,7665
2026-07-17 10:16:00,56.6194,56.6339,56.6194,56.6291,1573
2026-07-17 10:17:00,56.6291,56.6387,56.6291,56.6387,2745
2026-07-17 10:18:00,56.6387,56.6533,56.6339,56.6533,8890
2026-07-17 10:19:00,56.6533,56.6533,56.6533,56.6533,577
2026-07-17 10:20:00,56.6484,56.6533,56.6194,56.6194,18228
2026-07-17 10:21:00,56.6194,56.6194,56.5855,56.5938,7901
2026-07-17 10:22:00,56.5952,56.6194,56.5952,56.6194,3544
2026-07-17 10:23:00,56.6291,56.6291,56.6291,56.6291,1666
2026-07-17 10:24:00,56.6194,56.6339,56.6194,56.6339,3238
2026-07-17 10:25:00,56.6387,56.6484,56.6339,56.6387,4007
2026-07-17 10:26:00,56.6291,56.6291,56.6194,56.6194,1581
2026-07-17 10:27:00,56.6194,56.6194,56.6049,56.6097,1364
2026-07-17 10:28:00,56.6,56.6049,56.5758,56.5758,7090
2026-07-17 10:29:00,56.5758,56.5758,56.5565,56.5613,1393
2026-07-17 10:30:00,56.5565,56.5807,56.5565,56.5807,7597
2026-07-17 10:31:00,56.5903,56.5903,56.5807,56.5903,6955
2026-07-17 10:32:00,56.5807,56.5807,56.5807,56.5807,4018
2026-07-17 10:33:00,56.5807,56.5807,56.5758,56.5758,4656
2026-07-17 10:34:00,56.5807,56.6,56.5758,56.5855,9909
2026-07-17 10:35:00,56.571,56.571,56.5613,56.571,18034
2026-07-17 10:36:00,56.571,56.5903,56.5661,56.571,5400
2026-07-17 10:37:00,56.5661,56.5807,56.5661,56.5807,2647
2026-07-17 10:38:00,56.5807,56.5903,56.5807,56.5887,776
2026-07-17 10:39:00,56.5807,56.5807,56.5613,56.5613,10681
2026-07-17 10:40:00,56.5419,56.5419,56.5177,56.5177,7463
2026-07-17 10:41:00,56.5129,56.5226,56.5032,56.5032,7975
2026-07-17 10:42:00,56.4935,56.4935,56.4645,56.4645,5589
2026-07-17 10:43:00,56.4645,56.5032,56.4548,56.5032,20838
2026-07-17 10:44:00,56.4935,56.5419,56.4839,56.5419,15081
2026-07-17 10:45:00,56.5323,56.5323,56.5129,56.5129,9597
2026-07-17 10:46:00,56.4984,56.5032,56.4742,56.479,8026
2026-07-17 10:47:00,56.4742,56.4742,56.4645,56.4742,6576
2026-07-17 10:48:00,56.4839,56.5032,56.4839,56.4839,4827
2026-07-17 10:49:00,56.4742,56.479,56.4693,56.479,1257
2026-07-17 10:50:00,56.4742,56.479,56.4548,56.4548,3463
2026-07-17 10:51:00,56.4548,56.4839,56.4451,56.4749,7839
2026-07-17 10:52:00,56.4839,56.4887,56.4693,56.4693,1744
2026-07-17 10:53:00,56.4693,56.4935,56.4693,56.4935,2354
2026-07-17 10:54:00,56.4935,56.5032,56.4935,56.5032,6328
2026-07-17 10:55:00,56.5129,56.5226,56.5032,56.5032,3989
2026-07-17 10:56:00,56.5081,56.5129,56.5032,56.5081,2204
2026-07-17 10:57:00,56.5129,56.5226,56.5032,56.5032,6808
2026-07-17 10:58:00,56.4984,56.5129,56.4935,56.5081,7991
2026-07-17 10:59:00,56.5129,56.5371,56.5032,56.5323,8871
2026-07-17 11:00:00,56.5323,56.5323,56.5081,56.5129,4411
2026-07-17 11:01:00,56.5129,56.5274,56.5129,56.5274,6104
2026-07-17 11:02:00,56.5323,56.5613,56.5323,56.5613,6715
2026-07-17 11:03:00,56.5516,56.5516,56.5274,56.5274,3352
2026-07-17 11:04:00,56.5322,56.5323,56.5274,56.5274,1274
2026-07-17 11:05:00,56.5274,56.5516,56.5274,56.5516,3308
2026-07-17 11:06:00,56.5468,56.5613,56.5419,56.5516,13319
2026-07-17 11:07:00,56.5516,56.5565,56.5468,56.5468,1630
2026-07-17 11:08:00,56.5516,56.5516,56.5468,56.5468,1695
2026-07-17 11:09:00,56.5468,56.571,56.5468,56.571,8484
2026-07-17 11:10:00,56.5758,56.5758,56.5565,56.5565,2846
2026-07-17 11:11:00,56.5516,56.5613,56.5323,56.5371,5010
2026-07-17 11:12:00,56.5419,56.5613,56.5371,56.5371,9635
2026-07-17 11:13:00,56.5419,56.571,56.5419,56.571,5917
2026-07-17 11:14:00,56.5807,56.5903,56.571,56.5845,4805
2026-07-17 11:15:00,56.5903,56.6049,56.5903,56.5903,5934
2026-07-17 11:16:00,56.5855,56.5855,56.5661,56.571,2919
2026-07-17 11:17:00,56.571,56.5855,56.571,56.5807,7708
2026-07-17 11:18:00,56.5807,56.5855,56.5758,56.5807,5215
2026-07-17 11:19:00,56.5807,56.5807,56.571,56.5758,2751
2026-07-17 11:20:00,56.5807,56.6,56.5807,56.6,6788
2026-07-17 11:21:00,56.6,56.6,56.5807,56.5807,1855
2026-07-17 11:22:00,56.5807,56.5807,56.571,56.5758,1418
2026-07-17 11:23:00,56.5807,56.5903,56.5807,56.5903,3411
2026-07-17 11:24:00,56.5903,56.6,56.5903,56.5913,10082
2026-07-17 11:25:00,56.6,56.6339,56.6,56.6339,10626
2026-07-17 11:26:00,56.6387,56.6678,56.6387,56.6678,11186
2026-07-17 11:27:00,56.6629,56.6678,56.6581,56.6678,10333
2026-07-17 11:28:00,56.6629,56.6726,56.6486,56.6581,21085
2026-07-17 11:29:00,56.6581,56.6581,56.6291,56.6291,14834
2026-07-17 11:30:00,56.6242,56.6242,56.6049,56.6049,1583
2026-07-17 11:31:00,56.6097,56.6291,56.6049,56.6145,20237
2026-07-17 11:32:00,56.6145,56.6145,56.571,56.571,4211
2026-07-17 11:33:00,56.5806,56.5806,56.5613,56.571,5558
2026-07-17 11:34:00,56.571,56.6242,56.571,56.6,39366
2026-07-17 11:35:00,56.5903,56.5903,56.571,56.571,12389
2026-07-17 11:36:00,56.5708,56.571,56.5661,56.5661,665
2026-07-17 11:37:00,56.5613,56.571,56.5613,56.5613,1967
2026-07-17 11:38:00,56.5516,56.5613,56.5516,56.5565,1482
2026-07-17 11:39:00,56.5613,56.5613,56.5468,56.5468,2452
2026-07-17 11:40:00,56.5516,56.5516,56.5419,56.5468,1204
2026-07-17 11:41:00,56.5516,56.5661,56.5516,56.5661,3502
2026-07-17 11:42:00,56.5661,56.5661,56.5661,56.5661,519
2026-07-17 11:43:00,56.571,56.571,56.5661,56.571,463
2026-07-17 11:44:00,56.5661,56.5661,56.5613,56.5613,3724
2026-07-17 11:45:00,56.5565,56.5613,56.5565,56.5613,452
2026-07-17 11:46:00,56.5517,56.5613,56.5517,56.5613,2795
2026-07-17 11:47:00,56.5661,56.5661,56.5661,56.5661,561
2026-07-17 11:48:00,56.5613,56.5661,56.5613,56.5618,993
2026-07-17 11:49:00,56.5661,56.5661,56.5613,56.5661,2107
2026-07-17 11:50:00,56.5565,56.5565,56.5565,56.5565,1830
2026-07-17 11:51:00,56.5516,56.5516,56.5468,56.5468,6103
2026-07-17 11:52:00,56.5468,56.5468,56.5419,56.5468,2910
2026-07-17 11:53:00,56.5177,56.5177,56.5129,56.5129,2595
2026-07-17 11:54:00,56.5177,56.5226,56.513,56.513,1085
2026-07-17 11:55:00,56.5177,56.5177,56.5177,56.5177,821
2026-07-17 11:56:00,56.5226,56.5298,56.5226,56.5298,8362
2026-07-17 11:57:00,56.5274,56.5323,56.5227,56.5323,939
2026-07-17 11:58:00,56.5274,56.5274,56.5274,56.5274,244
2026-07-17 11:59:00,56.5274,56.5323,56.5274,56.5323,652
2026-07-17 12:00:00,56.5274,56.5323,56.5274,56.5323,785
2026-07-17 12:01:00,56.5226,56.5274,56.5129,56.5226,3548
2026-07-17 12:02:00,56.5226,56.5226,56.5204,56.5226,2266
2026-07-17 12:03:00,56.5323,56.5371,56.5323,56.5324,557
2026-07-17 12:04:00,56.5323,56.5323,56.5129,56.5129,1811
2026-07-17 12:05:00,56.5032,56.5129,56.5032,56.5032,1527
2026-07-17 12:06:00,56.4984,56.5129,56.4984,56.5129,2044
2026-07-17 12:07:00,56.5323,56.5371,56.5226,56.5323,1648
2026-07-17 12:08:00,56.5226,56.5274,56.5226,56.5274,1650
2026-07-17 12:09:00,56.5227,56.5274,56.5226,56.5226,2412
2026-07-17 12:10:00,56.5226,56.5229,56.5226,56.5226,2541
2026-07-17 12:11:00,56.5274,56.5274,56.4887,56.4887,4968
2026-07-17 12:12:00,56.4839,56.4839,56.4742,56.4742,1144
2026-07-17 12:13:00,56.479,56.4839,56.479,56.4839,2455
2026-07-17 12:14:00,56.4839,56.4839,56.4829,56.4839,420
2026-07-17 12:15:00,56.479,56.4839,56.4693,56.4693,2339
2026-07-17 12:16:00,56.4693,56.4742,56.4693,56.4742,471
2026-07-17 12:17:00,56.4742,56.4839,56.4742,56.479,2502
2026-07-17 12:18:00,56.4839,56.4935,56.4839,56.4935,1347
2026-07-17 12:19:00,56.4887,56.4887,56.4887,56.4887,258
2026-07-17 12:20:00,56.4848,56.4887,56.479,56.4839,4361
2026-07-17 12:21:00,56.479,56.479,56.4742,56.4742,1269
2026-07-17 12:22:00,56.4742,56.4839,56.4693,56.4693,2091
2026-07-17 12:23:00,56.4548,56.4548,56.4548,56.4548,724
2026-07-17 12:24:00,56.4451,56.4451,56.4451,56.4451,276
2026-07-17 12:25:00,56.45,56.4548,56.45,56.4548,432
2026-07-17 12:26:00,56.45,56.45,56.45,56.45,221
2026-07-17 12:27:00,56.45,56.4548,56.45,56.4548,817
2026-07-17 12:28:00,56.4451,56.4451,56.4355,56.4403,12411
2026-07-17 12:29:00,56.4403,56.4403,56.4403,56.4403,603
2026-07-17 12:30:00,56.4355,56.4355,56.4258,56.4306,1493
2026-07-17 12:31:00,56.4355,56.4548,56.4355,56.4548,2751
2026-07-17 12:32:00,56.4645,56.4645,56.4548,56.4548,640
2026-07-17 12:33:00,56.4645,56.4693,56.4645,56.4693,1164
2026-07-17 12:34:00,56.4742,56.4742,56.4742,56.4742,762
2026-07-17 12:35:00,56.479,56.479,56.4742,56.479,1688
2026-07-17 12:36:00,56.4742,56.4742,56.4646,56.4742,1527
2026-07-17 12:37:00,56.4742,56.4742,56.4742,56.4742,408
2026-07-17 12:38:00,56.4693,56.4742,56.4693,56.4742,1585
2026-07-17 12:39:00,56.479,56.479,56.4645,56.4693,2744
2026-07-17 12:40:00,56.4645,56.4693,56.45,56.4548,4170
2026-07-17 12:41:00,56.4548,56.4597,56.4548,56.4548,1072
2026-07-17 12:42:00,56.4548,56.4548,56.4493,56.45,2162
2026-07-17 12:43:00,56.45,56.45,56.4355,56.4451,6291
2026-07-17 12:44:00,56.4451,56.4451,56.4403,56.4451,1623
2026-07-17 12:45:00,56.4451,56.4548,56.4451,56.4548,2644
2026-07-17 12:46:00,56.4645,56.4648,56.4645,56.4645,1596
2026-07-17 12:47:00,56.4645,56.4645,56.4597,56.4597,1076
2026-07-17 12:48:00,56.4645,56.4693,56.4645,56.4693,2137
2026-07-17 12:49:00,56.4685,56.4693,56.4645,56.4645,2954
2026-07-17 12:50:00,56.4693,56.4693,56.4645,56.4645,1036
2026-07-17 12:51:00,56.4644,56.4644,56.4548,56.4548,1701
2026-07-17 12:52:00,56.4597,56.4645,56.4597,56.4645,2181
2026-07-17 12:53:00,56.4693,56.4693,56.4693,56.4693,190
2026-07-17 12:54:00,56.4742,56.4742,56.4742,56.4742,275
2026-07-17 12:55:00,56.4742,56.4742,56.4742,56.4742,1831
2026-07-17 12:56:00,56.4839,56.4887,56.4839,56.4887,1625
2026-07-17 12:57:00,56.4887,56.4923,56.4887,56.4887,1606
2026-07-17 12:58:00,56.4935,56.4984,56.4935,56.4984,5283
2026-07-17 12:59:00,56.4984,56.4984,56.4935,56.4984,1731
2026-07-17 13:00:00,56.4984,56.4984,56.4755,56.4755,5551
2026-07-17 13:01:00,56.4839,56.4887,56.4839,56.4839,1729
2026-07-17 13:02:00,56.4839,56.4839,56.4693,56.4742,2308
2026-07-17 13:03:00,56.479,56.479,56.479,56.479,191
2026-07-17 13:04:00,56.4742,56.4838,56.4742,56.4838,1419
2026-07-17 13:05:00,56.479,56.4887,56.479,56.4887,2243
2026-07-17 13:06:00,56.4839,56.4839,56.4693,56.4693,518
2026-07-17 13:07:00,56.4645,56.4693,56.4645,56.4645,905
2026-07-17 13:08:00,56.4567,56.4567,56.4567,56.4567,261
2026-07-17 13:09:00,56.4548,56.4645,56.4548,56.4645,4162
2026-07-17 13:10:00,56.4742,56.4887,56.4742,56.4887,1675
2026-07-17 13:11:00,56.484,56.484,56.484,56.484,813
2026-07-17 13:12:00,56.4887,56.4935,56.4887,56.4887,1067
2026-07-17 13:13:00,56.4887,56.4887,56.4887,56.4887,225
2026-07-17 13:14:00,56.4935,56.5032,56.4935,56.4984,1498
2026-07-17 13:15:00,56.4984,56.4984,56.4984,56.4984,1076
2026-07-17 13:16:00,56.4935,56.4984,56.4935,56.4984,227
2026-07-17 13:17:00,56.4984,56.4984,56.4984,56.4984,576
2026-07-17 13:18:00,56.4984,56.5032,56.4984,56.4984,439
2026-07-17 13:19:00,56.4984,56.5032,56.4984,56.4984,1025
2026-07-17 13:20:00,56.5032,56.5081,56.4984,56.4984,6387
2026-07-17 13:21:00,56.4984,56.4984,56.4935,56.4935,2260
2026-07-17 13:22:00,56.4935,56.4935,56.4742,56.4742,4428
2026-07-17 13:23:00,56.479,56.4839,56.479,56.4839,762
2026-07-17 13:24:00,56.4838,56.4838,56.4838,56.4838,295
2026-07-17 13:25:00,56.479,56.479,56.4645,56.4645,968
2026-07-17 13:26:00,56.4693,56.4693,56.4693,56.4693,330
2026-07-17 13:27:00,56.4693,56.4839,56.4645,56.479,5267
2026-07-17 13:29:00,56.4839,56.4839,56.4839,56.4839,481
2026-07-17 13:30:00,56.4839,56.4935,56.4839,56.4887,2806
2026-07-17 13:31:00,56.4839,56.4839,56.4839,56.4839,976
2026-07-17 13:32:00,56.4935,56.5129,56.4935,56.5129,3440
2026-07-17 13:33:00,56.5081,56.5081,56.5081,56.5081,570
2026-07-17 13:34:00,56.5032,56.5032,56.4935,56.4935,3129
2026-07-17 13:35:00,56.4935,56.4935,56.4935,56.4935,3424
2026-07-17 13:36:00,56.5032,56.5032,56.4984,56.5032,813
2026-07-17 13:37:00,56.4984,56.4984,56.4984,56.4984,467
2026-07-17 13:38:00,56.5032,56.5129,56.5032,56.5081,3039
2026-07-17 13:39:00,56.5033,56.5129,56.5032,56.5032,867
2026-07-17 13:40:00,56.5032,56.5032,56.4984,56.4984,2360
2026-07-17 13:41:00,56.4971,56.5032,56.4935,56.5032,2473
2026-07-17 13:42:00,56.5032,56.5032,56.4936,56.4936,716
2026-07-17 13:43:00,56.4935,56.4984,56.4935,56.4935,1927
2026-07-17 13:44:00,56.4887,56.4887,56.4839,56.4887,899
2026-07-17 13:45:00,56.4935,56.5032,56.4935,56.5032,1694
2026-07-17 13:46:00,56.4984,56.4984,56.4974,56.4984,633
2026-07-17 13:47:00,56.4984,56.4984,56.4984,56.4984,684
2026-07-17 13:48:00,56.4984,56.5032,56.4984,56.4984,734
2026-07-17 13:49:00,56.4945,56.5081,56.4945,56.5081,2526
2026-07-17 13:50:00,56.5081,56.5081,56.479,56.479,4839
2026-07-17 13:51:00,56.479,56.479,56.4747,56.4751,2143
2026-07-17 13:52:00,56.479,56.479,56.45,56.45,1835
2026-07-17 13:53:00,56.4452,56.4597,56.4452,56.4597,3487
2026-07-17 13:54:00,56.4597,56.4597,56.4597,56.4597,1048
2026-07-17 13:55:00,56.4548,56.4597,56.4451,56.4451,2195
2026-07-17 13:57:00,56.4451,56.4451,56.4403,56.4403,950
2026-07-17 13:58:00,56.4451,56.4451,56.4355,56.4355,446
2026-07-17 13:59:00,56.4355,56.4451,56.4279,56.4403,7114
2026-07-17 14:00:00,56.4403,56.4403,56.4258,56.4306,1658
2026-07-17 14:01:00,56.4306,56.4306,56.4161,56.4209,2704
2026-07-17 14:02:00,56.4209,56.4209,56.4171,56.4171,930
2026-07-17 14:03:00,56.4161,56.4209,56.4161,56.4209,2913
2026-07-17 14:04:00,56.4209,56.4209,56.4161,56.4161,800
2026-07-17 14:05:00,56.4209,56.4209,56.4064,56.4113,2404
2026-07-17 14:06:00,56.4113,56.4161,56.4113,56.4161,601
2026-07-17 14:07:00,56.4113,56.4113,56.3919,56.3967,1658
2026-07-17 14:08:00,56.3822,56.3871,56.3822,56.3822,1620
2026-07-17 14:09:00,56.3822,56.3871,56.3774,56.3822,4206
2026-07-17 14:10:00,56.3822,56.3871,56.3725,56.3725,4978
2026-07-17 14:11:00,56.3677,56.3677,56.3581,56.3629,1002
2026-07-17 14:12:00,56.358,56.3629,56.358,56.3629,817
2026-07-17 14:13:00,56.3629,56.3677,56.358,56.3629,1815
2026-07-17 14:14:00,56.3677,56.3774,56.3677,56.3677,5291
2026-07-17 14:15:00,56.3677,56.3677,56.3532,56.3532,2943
2026-07-17 14:16:00,56.3483,56.3552,56.3483,56.3532,9773
2026-07-17 14:17:00,56.3483,56.3483,56.3399,56.3435,2174
2026-07-17 14:18:00,56.3435,56.3483,56.3387,56.3387,914
2026-07-17 14:19:00,56.3387,56.3387,56.3338,56.3338,1292
2026-07-17 14:20:00,56.329,56.329,56.3145,56.3145,5141
2026-07-17 14:21:00,56.3145,56.3145,56.3145,56.3145,965
2026-07-17 14:22:00,56.3193,56.3241,56.3145,56.3193,4558
2026-07-17 14:23:00,56.3193,56.3193,56.2951,56.3048,3873
2026-07-17 14:24:00,56.3048,56.3096,56.3048,56.3048,1514
2026-07-17 14:25:00,56.3096,56.3096,56.3048,56.3048,506
2026-07-17 14:26:00,56.3048,56.3048,56.2903,56.2903,3168
2026-07-17 14:27:00,56.2854,56.2903,56.2854,56.2854,834
2026-07-17 14:28:00,56.2854,56.2854,56.2806,56.2854,5097
2026-07-17 14:29:00,56.2854,56.2903,56.2854,56.2903,955
2026-07-17 14:30:00,56.2854,56.2854,56.2807,56.2854,1013
2026-07-17 14:31:00,56.2903,56.2903,56.2757,56.2757,1872
2026-07-17 14:32:00,56.2709,56.2757,56.2612,56.2757,4192
2026-07-17 14:33:00,56.2757,56.2757,56.2757,56.2757,418
2026-07-17 14:34:00,56.2806,56.2806,56.2757,56.2757,452
2026-07-17 14:35:00,56.2709,56.2709,56.2612,56.2612,1924
2026-07-17 14:36:00,56.2612,56.2612,56.2515,56.2515,768
2026-07-17 14:37:00,56.2564,56.2564,56.2515,56.2564,2295
2026-07-17 14:38:00,56.2515,56.2612,56.2515,56.2564,1641
2026-07-17 14:39:00,56.2564,56.2564,56.2515,56.2515,902
2026-07-17 14:40:00,56.2515,56.2515,56.2467,56.2467,2101
2026-07-17 14:41:00,56.2429,56.2467,56.2429,56.2467,1024
2026-07-17 14:42:00,56.2467,56.2467,56.2273,56.2273,5035
2026-07-17 14:43:00,56.2322,56.2322,56.2322,56.2322,537
2026-07-17 14:44:00,56.2245,56.231,56.2226,56.231,1779
2026-07-17 14:45:00,56.2273,56.2273,56.2225,56.2225,1708
2026-07-17 14:46:00,56.2273,56.237,56.2273,56.237,356384
2026-07-17 14:47:00,56.2322,56.2322,56.2176,56.2176,5074
2026-07-17 14:48:00,56.2176,56.2225,56.2176,56.2225,853
2026-07-17 14:49:00,56.2225,56.2273,56.2176,56.2225,5848
2026-07-17 14:50:00,56.2176,56.2224,56.2128,56.2176,1932
2026-07-17 14:51:00,56.2128,56.2128,56.2128,56.2128,1478
2026-07-17 14:52:00,56.2031,56.208,56.1886,56.1995,5839
2026-07-17 14:53:00,56.1983,56.208,56.1983,56.208,2612
2026-07-17 14:54:00,56.2128,56.2322,56.2128,56.2322,1849
2026-07-17 14:55:00,56.2322,56.2322,56.2273,56.2322,2920
2026-07-17 14:56:00,56.2418,56.2418,56.237,56.237,886
2026-07-17 14:57:00,56.237,56.2418,56.2322,56.237,1512
2026-07-17 14:58:00,56.237,56.237,56.2322,56.2322,1556
2026-07-17 14:59:00,56.2322,56.2322,56.2273,56.2322,3968
2026-07-17 15:00:00,56.2322,56.237,56.2322,56.2322,8113
2026-07-17 15:01:00,56.2322,56.237,56.232,56.237,2111
2026-07-17 15:02:00,56.2322,56.2322,56.2264,56.2322,4326
2026-07-17 15:03:00,56.2225,56.2225,56.2176,56.2176,3845
2026-07-17 15:04:00,56.2128,56.2176,56.2128,56.2176,1581
2026-07-17 15:05:00,56.2176,56.2225,56.2176,56.2225,962
2026-07-17 15:06:00,56.2225,56.2322,56.2176,56.2273,4003
2026-07-17 15:07:00,56.2226,56.2226,56.2128,56.2128,1529
2026-07-17 15:08:00,56.2128,56.2128,56.2031,56.2031,3685
2026-07-17 15:09:00,56.208,56.208,56.2031,56.2031,692
2026-07-17 15:10:00,56.2031,56.2031,56.1847,56.1886,2519
2026-07-17 15:11:00,56.1838,56.1857,56.1751,56.1751,4483
2026-07-17 15:12:00,56.1789,56.1789,56.1596,56.1596,7928
2026-07-17 15:13:00,56.163,56.1644,56.1547,56.1596,2877
2026-07-17 15:14:00,56.1605,56.1741,56.1596,56.1692,6171
2026-07-17 15:15:00,56.1692,56.1789,56.1692,56.1789,2416
2026-07-17 15:16:00,56.1789,56.1789,56.1789,56.1789,747
2026-07-17 15:17:00,56.1789,56.1838,56.1789,56.1789,1375
2026-07-17 15:18:00,56.1789,56.1789,56.1692,56.1692,4347
2026-07-17 15:19:00,56.1692,56.1717,56.1644,56.1647,4070
2026-07-17 15:20:00,56.1644,56.1644,56.1499,56.1547,2531
2026-07-17 15:21:00,56.1547,56.1596,56.1547,56.1596,3863
2026-07-17 15:22:00,56.1548,56.1596,56.1548,56.1596,428
2026-07-17 15:23:00,56.1547,56.1547,56.1499,56.1499,2232
2026-07-17 15:24:00,56.145,56.1523,56.1402,56.1402,2256
2026-07-17 15:25:00,56.14,56.1547,56.1354,56.1547,4455
2026-07-17 15:26:00,56.1547,56.1547,56.1547,56.1547,3697
2026-07-17 15:27:00,56.1644,56.1838,56.1644,56.1838,4988
2026-07-17 15:28:00,56.1886,56.1886,56.1886,56.1886,1381
2026-07-17 15:29:00,56.1886,56.1886,56.1838,56.1838,2096
2026-07-17 15:30:00,56.1789,56.1789,56.1644,56.1789,6812
2026-07-17 15:31:00,56.1838,56.2031,56.1838,56.2031,5047
2026-07-17 15:32:00,56.1935,56.1983,56.1935,56.1983,784
2026-07-17 15:33:00,56.1983,56.208,56.1983,56.208,3980
2026-07-17 15:34:00,56.208,56.2128,56.2031,56.2128,1483
2026-07-17 15:35:00,56.2128,56.2322,56.2128,56.2273,3935
2026-07-17 15:36:00,56.2273,56.2273,56.2176,56.2176,3798
2026-07-17 15:37:00,56.2128,56.2322,56.2128,56.2322,6691
2026-07-17 15:38:00,56.237,56.2418,56.2322,56.237,2333
2026-07-17 15:39:00,56.237,56.2418,56.2322,56.237,2792
2026-07-17 15:40:00,56.2322,56.237,56.2273,56.237,4017
2026-07-17 15:41:00,56.2322,56.237,56.2273,56.2297,2901
2026-07-17 15:42:00,56.2273,56.2322,56.2273,56.2273,1368
2026-07-17 15:43:00,56.2273,56.2322,56.2273,56.2273,1682
2026-07-17 15:44:00,56.2225,56.2322,56.2225,56.2322,2117
2026-07-17 15:45:00,56.2273,56.2322,56.2225,56.2273,1836
2026-07-17 15:46:00,56.2273,56.2322,56.2273,56.2273,3977
2026-07-17 15:47:00,56.2273,56.2322,56.2225,56.2273,8932
2026-07-17 15:48:00,56.2273,56.237,56.2273,56.237,8078
2026-07-17 15:49:00,56.237,56.2418,56.237,56.237,3071
2026-07-17 15:50:00,56.2418,56.2854,56.2418,56.2661,13542
2026-07-17 15:51:00,56.2661,56.2661,56.2467,56.2515,8603
2026-07-17 15:52:00,56.2564,56.2564,56.2515,56.2564,3287
2026-07-17 15:53:00,56.2564,56.2564,56.237,56.237,6020
2026-07-17 15:54:00,56.2322,56.2322,56.2225,56.2273,3945
2026-07-17 15:55:00,56.2225,56.2322,56.2128,56.2322,15981
2026-07-17 15:56:00,56.2273,56.2273,56.2128,56.2128,9904
2026-07-17 15:57:00,56.2128,56.2176,56.1934,56.1934,15906
2026-07-17 15:58:00,56.1983,56.2225,56.1983,56.2176,24681
2026-07-17 15:59:00,56.2176,56.2225,56.1838,56.1886,43741
2026-07-18 09:30:00,56.4064,56.4161,56.3822,56.3822,33535
2026-07-18 09:31:00,56.3677,56.3774,56.3532,56.3774,17885
2026-07-18 09:32:00,56.3677,56.3774,56.329,56.3338,18091
2026-07-18 09:33:00,56.329,56.3338,56.2999,56.3193,9431
2026-07-18 09:34:00,56.3097,56.3097,56.2999,56.2999,2345
2026-07-18 09:35:00,56.2903,56.3096,56.2806,56.2806,5767
2026-07-18 09:36:00,56.2757,56.2999,56.2709,56.2903,11365
2026-07-18 09:37:00,56.2757,56.2854,56.2757,56.2806,1749
2026-07-18 09:38:00,56.2709,56.2999,56.2612,56.2709,9852
2026-07-18 09:39:00,56.2564,56.2564,56.2564,56.2564,563
2026-07-18 09:40:00,56.2467,56.2612,56.2467,56.2612,10131
2026-07-18 09:41:00,56.2515,56.2709,56.2515,56.2515,5342
2026-07-18 09:42:00,56.2515,56.2709,56.2322,56.2322,6478
2026-07-18 09:43:00,56.2467,56.2515,56.2419,56.2467,1371
2026-07-18 09:44:00,56.2418,56.2515,56.2418,56.2515,10114
2026-07-18 09:45:00,56.208,56.2128,56.1886,56.2128,2774
2026-07-18 09:46:00,56.2031,56.2128,56.1886,56.2031,5312
2026-07-18 09:47:00,56.1934,56.2128,56.1934,56.2128,1866
2026-07-18 09:48:00,56.1838,56.1934,56.1596,56.1741,6208
2026-07-18 09:49:00,56.1741,56.1741,56.145,56.145,2451
2026-07-18 09:50:00,56.1547,56.1741,56.145,56.1547,19728
2026-07-18 09:51:00,56.1499,56.1644,56.1499,56.1547,2870
2026-07-18 09:52:00,56.1402,56.145,56.1305,56.1402,5667
2026-07-18 09:53:00,56.1354,56.1547,56.1354,56.145,6062
2026-07-18 09:54:00,56.1305,56.1402,56.1305,56.1354,2342
2026-07-18 09:55:00,56.1354,56.145,56.1257,56.1257,3187
2026-07-18 09:56:00,56.1354,56.1354,56.116,56.1208,1458
2026-07-18 09:57:00,56.1112,56.116,56.0773,56.0773,2583
2026-07-18 09:58:00,56.0821,56.1112,56.0773,56.1063,4367
2026-07-18 09:59:00,56.1063,56.1257,56.1015,56.1063,4406
2026-07-18 10:00:00,56.1063,56.1208,56.087,56.116,3513
2026-07-18 10:01:00,56.1063,56.1112,56.087,56.0966,5229
2026-07-18 10:02:00,56.1063,56.1257,56.1063,56.1257,2238
2026-07-18 10:03:00,56.1296,56.1644,56.1296,56.1547,3430
2026-07-18 10:04:00,56.145,56.1547,56.145,56.145,6636
2026-07-18 10:05:00,56.1354,56.1596,56.1354,56.1402,5717
2026-07-18 10:06:00,56.145,56.1644,56.1354,56.1644,6156
2026-07-18 10:07:00,56.1547,56.1644,56.1354,56.1644,11939
2026-07-18 10:08:00,56.1644,56.1848,56.1644,56.1848,3520
2026-07-18 10:09:00,56.1934,56.2225,56.1934,56.2225,7410
2026-07-18 10:10:00,56.2322,56.2322,56.2031,56.2031,2406
2026-07-18 10:11:00,56.2128,56.2322,56.2031,56.2322,1853
2026-07-18 10:12:00,56.2515,56.2612,56.2467,56.2612,1490
2026-07-18 10:13:00,56.2757,56.2757,56.2612,56.2612,3814
2026-07-18 10:14:00,56.2322,56.2322,56.2128,56.2128,1075
2026-07-18 10:15:00,56.2128,56.237,56.2128,56.237,3082
2026-07-18 10:16:00,56.2418,56.2467,56.2225,56.2273,5348
2026-07-18 10:17:00,56.2225,56.2225,56.2176,56.2225,4023
2026-07-18 10:18:00,56.2225,56.2418,56.2225,56.2418,2376
2026-07-18 10:19:00,56.237,56.2612,56.237,56.2515,2736
2026-07-18 10:20:00,56.2661,56.2709,56.2515,56.2619,8043
2026-07-18 10:21:00,56.2661,56.2709,56.2564,56.2612,4079
2026-07-18 10:22:00,56.2564,56.2612,56.2564,56.2612,1335
2026-07-18 10:23:00,56.2515,56.2564,56.2467,56.2467,11209
2026-07-18 10:24:00,56.2418,56.2418,56.2322,56.2418,5027
2026-07-18 10:25:00,56.237,56.237,56.2225,56.2225,2454
2026-07-18 10:26:00,56.2128,56.2128,56.1934,56.1934,1237
2026-07-18 10:27:00,56.1934,56.1983,56.1838,56.1838,4876
2026-07-18 10:28:00,56.1886,56.1934,56.1838,56.1934,5209
2026-07-18 10:29:00,56.2031,56.2128,56.1934,56.2031,2540
2026-07-18 10:30:00,56.2031,56.208,56.2031,56.208,1748
2026-07-18 10:31:00,56.2128,56.2225,56.1983,56.1983,9462
2026-07-18 10:32:00,56.1934,56.2418,56.1934,56.2418,3405
2026-07-18 10:33:00,56.2418,56.2515,56.2418,56.2515,2376
2026-07-18 10:34:00,56.2515,56.2564,56.2322,56.2322,6676
2026-07-18 10:35:00,56.2322,56.2322,56.2225,56.2322,5117
2026-07-18 10:36:00,56.2273,56.2467,56.2273,56.2418,4350
2026-07-18 10:37:00,56.2515,56.2564,56.2515,56.2564,1690
2026-07-18 10:38:00,56.2612,56.2661,56.2322,56.2322,10023
2026-07-18 10:39:00,56.2418,56.2612,56.2418,56.2515,6358
2026-07-18 10:40:00,56.2418,56.2418,56.2322,56.2322,1199
2026-07-18 10:41:00,56.2322,56.2322,56.2322,56.2322,538
2026-07-18 10:42:00,56.2225,56.2322,56.2176,56.2322,3948
2026-07-18 10:43:00,56.2322,56.2322,56.2322,56.2322,781
2026-07-18 10:44:00,56.2322,56.2322,56.2322,56.2322,1041
2026-07-18 10:45:00,56.2322,56.2418,56.2322,56.2418,3425
2026-07-18 10:46:00,56.2418,56.2418,56.2418,56.2418,319
2026-07-18 10:47:00,56.2329,56.2418,56.2273,56.2418,3331
2026-07-18 10:48:00,56.2322,56.2322,56.2031,56.2176,3939
2026-07-18 10:49:00,56.2128,56.2128,56.2128,56.2128,537
2026-07-18 10:50:00,56.208,56.2128,56.1934,56.1934,7900
2026-07-18 10:51:00,56.1934,56.2031,56.1934,56.2031,1402
2026-07-18 10:52:00,56.2031,56.2225,56.1983,56.2176,5643
2026-07-18 10:53:00,56.2225,56.2225,56.2176,56.2176,4286
2026-07-18 10:54:00,56.2128,56.2176,56.208,56.2128,3388
2026-07-18 10:55:00,56.2031,56.2031,56.2031,56.2031,397
2026-07-18 10:56:00,56.1934,56.1934,56.1838,56.1934,2490
2026-07-18 10:57:00,56.1983,56.2128,56.1934,56.2128,6867
2026-07-18 10:58:00,56.2128,56.2128,56.2031,56.2031,3834
2026-07-18 10:59:00,56.1983,56.1983,56.1934,56.1983,4441
2026-07-18 11:00:00,56.2031,56.2128,56.2031,56.2128,8677
2026-07-18 11:01:00,56.208,56.2128,56.1983,56.2031,6097
2026-07-18 11:02:00,56.2128,56.2128,56.208,56.208,6681
2026-07-18 11:03:00,56.2128,56.2176,56.2031,56.2031,1915
2026-07-18 11:04:00,56.2128,56.2322,56.2128,56.2225,7770
2026-07-18 11:05:00,56.2128,56.2128,56.1944,56.2031,2797
2026-07-18 11:06:00,56.2031,56.2031,56.1934,56.1983,2201
2026-07-18 11:07:00,56.2031,56.2128,56.2031,56.208,3634
2026-07-18 11:08:00,56.2031,56.2128,56.2031,56.208,3816
2026-07-18 11:09:00,56.2128,56.2128,56.2031,56.208,1780
2026-07-18 11:10:00,56.2128,56.2128,56.2038,56.208,1634
2026-07-18 11:11:00,56.2031,56.2031,56.1886,56.1886,1457
2026-07-18 11:12:00,56.1838,56.1924,56.1644,56.1644,7468
2026-07-18 11:13:00,56.1692,56.1741,56.1596,56.1644,2353
2026-07-18 11:14:00,56.1644,56.1692,56.1571,56.1571,5988
2026-07-18 11:15:00,56.1547,56.1596,56.1547,56.1596,593
2026-07-18 11:16:00,56.1547,56.1644,56.1499,56.1547,7034
2026-07-18 11:17:00,56.1547,56.1644,56.1547,56.1596,2231
2026-07-18 11:18:00,56.1644,56.1644,56.1596,56.1596,2579
2026-07-18 11:19:00,56.1596,56.1644,56.1596,56.1644,1826
2026-07-18 11:20:00,56.1644,56.1741,56.1596,56.1644,7084
2026-07-18 11:21:00,56.1644,56.1741,56.1644,56.1741,1530
2026-07-18 11:22:00,56.1838,56.2031,56.1838,56.1934,7045
2026-07-18 11:23:00,56.1934,56.1934,56.1765,56.1886,4747
2026-07-18 11:24:00,56.1838,56.1838,56.1765,56.1838,1632
2026-07-18 11:25:00,56.1886,56.1886,56.1838,56.1838,976
2026-07-18 11:26:00,56.1886,56.1886,56.1838,56.1838,522
2026-07-18 11:27:00,56.1838,56.1839,56.1789,56.1838,2951
2026-07-18 11:28:00,56.1838,56.1838,56.1547,56.1547,2116
2026-07-18 11:29:00,56.1644,56.1692,56.1547,56.1596,1119
2026-07-18 11:30:00,56.1596,56.1741,56.1499,56.1741,8816
2026-07-18 11:31:00,56.1741,56.1741,56.1596,56.1741,9430
2026-07-18 11:32:00,56.1646,56.1692,56.1547,56.1692,3754
2026-07-18 11:33:00,56.1692,56.1741,56.1644,56.1692,6069
2026-07-18 11:34:00,56.1741,56.1838,56.0773,56.145,79598
2026-07-18 11:35:00,56.1325,56.1547,56.1257,56.1257,24204
2026-07-18 11:36:00,56.1354,56.1354,56.1262,56.1354,2069
2026-07-18 11:37:00,56.1402,56.1402,56.1363,56.1402,1688
2026-07-18 11:38:00,56.1354,56.1354,56.1257,56.1305,4235
2026-07-18 11:39:00,56.1354,56.1547,56.1354,56.1547,3175
2026-07-18 11:40:00,56.1547,56.1644,56.145,56.1499,4139
2026-07-18 11:41:00,56.1499,56.1644,56.1499,56.1644,1219
2026-07-18 11:42:00,56.1596,56.1886,56.1596,56.1789,4556
2026-07-18 11:43:00,56.1596,56.1644,56.1596,56.1644,715
2026-07-18 11:44:00,56.1692,56.1741,56.1692,56.1692,803
2026-07-18 11:45:00,56.1644,56.1692,56.1547,56.1644,2383
2026-07-18 11:46:00,56.1547,56.1596,56.1547,56.1596,988
2026-07-18 11:47:00,56.1644,56.1692,56.1596,56.1692,1046
2026-07-18 11:48:00,56.1741,56.1838,56.1741,56.1838,1836
2026-07-18 11:49:00,56.1838,56.1886,56.1789,56.1789,1858
2026-07-18 11:50:00,56.1789,56.1838,56.1741,56.1789,11704
2026-07-18 11:51:00,56.1692,56.1692,56.1596,56.1596,2521
2026-07-18 11:52:00,56.1644,56.1644,56.145,56.145,2034
2026-07-18 11:53:00,56.1402,56.145,56.1305,56.1354,4070
2026-07-18 11:54:00,56.1402,56.145,56.1395,56.1402,2667
2026-07-18 11:55:00,56.1354,56.1402,56.1305,56.1305,1731
2026-07-18 11:56:00,56.1402,56.1499,56.1402,56.145,2320
2026-07-18 11:57:00,56.1499,56.1499,56.116,56.1208,29485
2026-07-18 11:58:00,56.1208,56.1257,56.1208,56.1257,1278
2026-07-18 11:59:00,56.1354,56.145,56.1354,56.1402,1445
2026-07-18 12:00:00,56.1547,56.1692,56.1547,56.1644,5437
2026-07-18 12:01:00,56.1596,56.1838,56.1596,56.1692,2822
2026-07-18 12:02:00,56.1644,56.1789,56.1596,56.1789,1976
2026-07-18 12:03:00,56.1741,56.1741,56.1596,56.1644,1084
2026-07-18 12:04:00,56.1644,56.1644,56.1644,56.1644,345
2026-07-18 12:05:00,56.1644,56.1741,56.1644,56.1741,2426
2026-07-18 12:06:00,56.1741,56.1741,56.1596,56.1692,1639
2026-07-18 12:07:00,56.1741,56.1789,56.1741,56.1789,1283
2026-07-18 12:08:00,56.1789,56.1934,56.1789,56.1934,449
2026-07-18 12:09:00,56.1886,56.2128,56.1886,56.208,5216
2026-07-18 12:10:00,56.208,56.2128,56.208,56.208,708
2026-07-18 12:11:00,56.2128,56.2128,56.208,56.208,513
2026-07-18 12:12:00,56.2128,56.2128,56.2031,56.2031,2953
2026-07-18 12:13:00,56.1983,56.1983,56.1886,56.1886,511
2026-07-18 12:14:00,56.1886,56.1983,56.1886,56.1983,1430
2026-07-18 12:15:00,56.1934,56.2128,56.1934,56.2128,1609
2026-07-18 12:16:00,56.2128,56.2128,56.208,56.208,611
2026-07-18 12:17:00,56.2128,56.2128,56.208,56.208,1000
2026-07-18 12:18:00,56.208,56.208,56.208,56.208,792
2026-07-18 12:19:00,56.2128,56.2322,56.208,56.2273,5087
2026-07-18 12:20:00,56.2273,56.2322,56.2176,56.2176,1824
2026-07-18 12:21:00,56.2176,56.2225,56.2031,56.2031,1626
2026-07-18 12:22:00,56.1886,56.1934,56.1886,56.1886,1523
2026-07-18 12:23:00,56.1934,56.1934,56.1886,56.1886,1232
2026-07-18 12:24:00,56.1934,56.1934,56.1886,56.1886,1993
2026-07-18 12:25:00,56.1934,56.1934,56.1838,56.1838,935
2026-07-18 12:26:00,56.1838,56.1838,56.1741,56.1838,1546
2026-07-18 12:27:00,56.1838,56.1838,56.1838,56.1838,327
2026-07-18 12:28:00,56.1838,56.1889,56.1838,56.1889,687
2026-07-18 12:29:00,56.1838,56.1838,56.1789,56.1789,570
2026-07-18 12:30:00,56.1838,56.1838,56.1789,56.1838,811
2026-07-18 12:31:00,56.1789,56.1789,56.1741,56.1749,1720
2026-07-18 12:32:00,56.1741,56.1741,56.1692,56.1692,1861
2026-07-18 12:33:00,56.1692,56.6871,56.1692,56.4742,283678
2026-07-18 12:34:00,56.4839,56.4839,56.3474,56.4064,130039
2026-07-18 12:35:00,56.4064,56.5419,56.3967,56.5419,86564
2026-07-18 12:36:00,56.5231,56.571,56.4064,56.4355,104252
2026-07-18 12:37:00,56.4355,56.4839,56.4161,56.4693,13032
2026-07-18 12:38:00,56.4645,56.4645,56.329,56.329,18940
2026-07-18 12:39:00,56.329,56.3396,56.3193,56.3193,13740
2026-07-18 12:40:00,56.3193,56.3387,56.3096,56.3193,8317
2026-07-18 12:41:00,56.3193,56.3193,56.3193,56.3193,375
2026-07-18 12:42:00,56.3193,56.3387,56.3096,56.329,8229
2026-07-18 12:43:00,56.3193,56.329,56.3193,56.3193,1160
2026-07-18 12:44:00,56.3193,56.3193,56.2322,56.2322,15810
2026-07-18 12:45:00,56.2418,56.2515,56.2225,56.2225,15014
2026-07-18 12:46:00,56.2225,56.2225,56.2128,56.2128,3949
2026-07-18 12:47:00,56.2031,56.2031,56.1741,56.1886,11874
2026-07-18 12:48:00,56.1886,56.1886,56.1838,56.1838,690
2026-07-18 12:49:00,56.1886,56.1886,56.1838,56.1886,907
2026-07-18 12:50:00,56.1886,56.208,56.1741,56.208,16362
2026-07-18 12:51:00,56.2128,56.2176,56.2031,56.2031,2252
2026-07-18 12:52:00,56.2031,56.2031,56.1983,56.1983,647
2026-07-18 12:53:00,56.1934,56.1934,56.1886,56.1886,667
2026-07-18 12:54:00,56.1838,56.1934,56.1789,56.1886,2686
2026-07-18 12:55:00,56.1934,56.1934,56.1644,56.1692,2032
2026-07-18 12:56:00,56.1547,56.1644,56.1547,56.1547,559
2026-07-18 12:57:00,56.1547,56.1547,56.1354,56.1402,5228
2026-07-18 12:58:00,56.145,56.1644,56.145,56.1547,5723
2026-07-18 12:59:00,56.1547,56.1547,56.1451,56.1499,1472
2026-07-18 13:00:00,56.145,56.145,56.0966,56.0966,5035
2026-07-18 13:01:00,56.1063,56.1257,56.1063,56.1257,2751
2026-07-18 13:02:00,56.116,56.116,56.0918,56.0918,1888
2026-07-18 13:03:00,56.0841,56.0841,56.0628,56.0628,2689
2026-07-18 13:04:00,56.0579,56.0821,56.0579,56.0774,3612
2026-07-18 13:05:00,56.087,56.087,56.0821,56.0821,1211
2026-07-18 13:06:00,56.0821,56.0966,56.0724,56.0773,5965
2026-07-18 13:07:00,56.0966,56.0966,56.0821,56.087,2082
2026-07-18 13:08:00,56.0821,56.087,56.0821,56.087,2631
2026-07-18 13:09:00,56.0966,56.0966,56.0773,56.0918,3684
2026-07-18 13:10:00,56.0966,56.1112,56.0918,56.1015,14678
2026-07-18 13:11:00,56.0966,56.0966,56.087,56.0966,2974
2026-07-18 13:12:00,56.0918,56.0918,56.0918,56.0918,315
2026-07-18 13:13:00,56.087,56.087,56.0821,56.0821,891
2026-07-18 13:14:00,56.0773,56.0773,56.0724,56.0773,4043
2026-07-18 13:15:00,56.0773,56.0773,56.0628,56.0773,3704
2026-07-18 13:16:00,56.087,56.087,56.0628,56.0676,2404
2026-07-18 13:17:00,56.0676,56.087,56.0676,56.087,2987
2026-07-18 13:18:00,56.0821,56.0821,56.0821,56.0821,295
2026-07-18 13:19:00,56.0821,56.0918,56.0821,56.0918,2775
2026-07-18 13:20:00,56.087,56.087,56.0773,56.087,3976
2026-07-18 13:21:00,56.0821,56.1063,56.0773,56.0918,5696
2026-07-18 13:22:00,56.087,56.087,56.0676,56.0676,3250
2026-07-18 13:23:00,56.0676,56.0676,56.0531,56.0579,3851
2026-07-18 13:24:00,56.0628,56.0628,56.0628,56.0628,594
2026-07-18 13:25:00,56.0676,56.0966,56.0676,56.087,4500
2026-07-18 13:26:00,56.0918,56.0918,56.087,56.087,648
2026-07-18 13:28:00,56.087,56.1354,56.0821,56.1257,37748
2026-07-18 13:29:00,56.1402,56.1547,56.1257,56.1499,28894
2026-07-18 13:30:00,56.145,56.1644,56.1402,56.1596,33100
2026-07-18 13:31:00,56.1547,56.1547,56.1257,56.1257,1704
2026-07-18 13:32:00,56.1063,56.1305,56.087,56.1305,6251
2026-07-18 13:33:00,56.1305,56.1354,56.1257,56.1305,1331
2026-07-18 13:34:00,56.1257,56.1257,56.0918,56.0918,4131
2026-07-18 13:35:00,56.0821,56.0918,56.0821,56.0918,2157
2026-07-18 13:36:00,56.0918,56.0966,56.0918,56.0918,1080
2026-07-18 13:37:00,56.0918,56.1112,56.087,56.1112,6198
2026-07-18 13:38:00,56.1112,56.1354,56.1112,56.1334,2675
2026-07-18 13:39:00,56.1305,56.1354,56.1305,56.1305,1168
2026-07-18 13:40:00,56.1354,56.1354,56.1305,56.1305,925
2026-07-18 13:41:00,56.1305,56.1354,56.1305,56.1305,1310
2026-07-18 13:42:00,56.1354,56.1402,56.1208,56.1208,7263
2026-07-18 13:43:00,56.116,56.1208,56.1112,56.1112,1560
2026-07-18 13:44:00,56.1112,56.1112,56.1015,56.1063,2259
2026-07-18 13:45:00,56.116,56.1257,56.1112,56.1208,4807
2026-07-18 13:46:00,56.1208,56.1354,56.1208,56.1305,4923
2026-07-18 13:47:00,56.1354,56.1354,56.116,56.1208,1964
2026-07-18 13:48:00,56.1257,56.1257,56.1208,56.1208,1109
2026-07-18 13:49:00,56.1257,56.1305,56.1208,56.1305,3899
2026-07-18 13:50:00,56.1305,56.1499,56.1249,56.1249,5488
2026-07-18 13:51:00,56.1208,56.1208,56.1112,56.116,1183
2026-07-18 13:52:00,56.1112,56.1112,56.1015,56.1015,697
2026-07-18 13:53:00,56.1015,56.1112,56.1015,56.1112,3091
2026-07-18 13:54:00,56.1112,56.1112,56.1112,56.1112,689
2026-07-18 13:55:00,56.1112,56.1112,56.1015,56.1015,3287
2026-07-18 13:56:00,56.1063,56.1208,56.1063,56.116,3721
2026-07-18 13:57:00,56.1208,56.1402,56.1208,56.1354,4736
2026-07-18 13:58:00,56.1402,56.1402,56.1305,56.1305,1204
2026-07-18 13:59:00,56.1305,56.1354,56.1305,56.1354,1595
2026-07-18 14:00:00,56.1305,56.1305,56.116,56.1208,1054
2026-07-18 14:01:00,56.1208,56.1208,56.1112,56.1112,2154
2026-07-18 14:02:00,56.1063,56.116,56.1063,56.116,670
2026-07-18 14:03:00,56.1063,56.116,56.1015,56.1112,3792
2026-07-18 14:04:00,56.1015,56.1112,56.1015,56.1112,2085
2026-07-18 14:05:00,56.1112,56.1208,56.1112,56.1112,3219
2026-07-18 14:06:00,56.1112,56.1112,56.1112,56.1112,129
2026-07-18 14:07:00,56.1112,56.116,56.1112,56.1112,483
2026-07-18 14:08:00,56.1112,56.116,56.1063,56.1112,1502
2026-07-18 14:09:00,56.116,56.1208,56.116,56.116,3357
2026-07-18 14:10:00,56.1112,56.116,56.1063,56.1112,675
2026-07-18 14:11:00,56.1112,56.1112,56.1063,56.1112,2876
2026-07-18 14:12:00,56.116,56.1354,56.116,56.1354,6460
2026-07-18 14:13:00,56.1402,56.1402,56.1354,56.1402,1008
2026-07-18 14:14:00,56.1402,56.145,56.1402,56.1411,2531
2026-07-18 14:15:00,56.1402,56.1402,56.1402,56.1402,840
2026-07-18 14:16:00,56.145,56.145,56.1305,56.1402,6240
2026-07-18 14:17:00,56.1354,56.1402,56.1305,56.1305,3162
2026-07-18 14:18:00,56.1305,56.1354,56.1272,56.1305,1451
2026-07-18 14:19:00,56.1257,56.1257,56.1015,56.1015,3662
2026-07-18 14:20:00,56.1015,56.1015,56.0901,56.0901,1996
2026-07-18 14:21:00,56.1054,56.1112,56.0966,56.1112,2963
2026-07-18 14:22:00,56.1063,56.1063,56.0966,56.0966,1373
2026-07-18 14:23:00,56.0969,56.1015,56.0773,56.0821,2024
2026-07-18 14:24:00,56.0821,56.0821,56.0676,56.0676,2212
2026-07-18 14:25:00,56.0724,56.0821,56.0676,56.0821,3488
2026-07-18 14:26:00,56.0784,56.0821,56.0773,56.0773,1027
2026-07-18 14:27:00,56.0821,56.1015,56.0793,56.0966,7391
2026-07-18 14:28:00,56.0966,56.1015,56.0966,56.0966,1744
2026-07-18 14:29:00,56.0918,56.0918,56.087,56.0918,1524
2026-07-18 14:30:00,56.0918,56.0918,56.0783,56.0821,3106
2026-07-18 14:31:00,56.0821,56.086,56.0773,56.0773,4210
2026-07-18 14:32:00,56.0773,56.0773,56.0628,56.0628,4404
2026-07-18 14:33:00,56.0531,56.0579,56.0482,56.0531,2962
2026-07-18 14:34:00,56.0482,56.0579,56.0482,56.0482,2950
2026-07-18 14:35:00,56.0531,56.0579,56.0289,56.0337,18937
2026-07-18 14:36:00,56.0337,56.0337,56.029,56.0337,9005
2026-07-18 14:37:00,56.0289,56.0394,56.0289,56.0386,5224
2026-07-18 14:38:00,56.0386,56.0386,56.0289,56.0289,1819
2026-07-18 14:39:00,56.0289,56.0337,56.0289,56.03,1374
2026-07-18 14:40:00,56.0337,56.0482,56.0337,56.0386,10650
2026-07-18 14:41:00,56.0434,56.0434,56.0386,56.0386,4502
2026-07-18 14:42:00,56.0482,56.056,56.0386,56.0386,9127
2026-07-18 14:43:00,56.0386,56.0386,56.024,56.0289,3701
2026-07-18 14:44:00,56.0289,56.0289,56.0289,56.0289,1974
2026-07-18 14:45:00,56.0192,56.0192,56.0095,56.0095,1774
2026-07-18 14:46:00,56.0144,56.0144,56.0095,56.0095,1517
2026-07-18 14:47:00,56.0144,56.0144,55.995,55.995,7483
2026-07-18 14:48:00,55.9998,56.0095,55.995,56.0047,7809
2026-07-18 14:49:00,56.0185,56.0185,56.0047,56.0047,2763
2026-07-18 14:50:00,55.9998,56.0095,55.9998,55.9998,14605
2026-07-18 14:51:00,56.0047,56.0144,56.0047,56.0144,11409
2026-07-18 14:52:00,56.0095,56.0095,56.0047,56.0047,2441
2026-07-18 14:53:00,56.0047,56.0095,55.9998,55.9998,8049
2026-07-18 14:54:00,56.0095,56.0095,55.9998,55.9998,9995
2026-07-18 14:55:00,56.0047,56.0095,55.9998,55.9998,4993
2026-07-18 14:56:00,56.0047,56.0192,56.0047,56.0144,12304
2026-07-18 14:57:00,56.0144,56.024,56.0144,56.0192,3587
2026-07-18 14:58:00,56.024,56.024,56.0095,56.0095,7801
2026-07-18 14:59:00,56.0095,56.0095,55.9998,55.9998,1136
2026-07-18 15:00:00,56.0047,56.0095,55.9998,55.9998,10375
2026-07-18 15:01:00,55.9999,56.0192,55.9998,56.0144,8797
2026-07-18 15:02:00,56.0192,56.0458,56.0192,56.0434,3088
2026-07-18 15:03:00,56.0434,56.0676,56.0434,56.0676,8857
2026-07-18 15:04:00,56.0773,56.0845,56.0724,56.0845,5636
2026-07-18 15:05:00,56.0821,56.0821,56.0724,56.0821,4966
2026-07-18 15:06:00,56.0821,56.0821,56.0821,56.0821,250
2026-07-18 15:07:00,56.0821,56.087,56.0821,56.0821,1539
2026-07-18 15:08:00,56.0807,56.0821,56.0773,56.0821,3825
2026-07-18 15:09:00,56.0773,56.0821,56.0724,56.0724,2335
2026-07-18 15:10:00,56.0773,56.0918,56.0724,56.0918,6840
2026-07-18 15:11:00,56.0918,56.0966,56.0821,56.087,2874
2026-07-18 15:12:00,56.0821,56.1015,56.0821,56.1015,4491
2026-07-18 15:13:00,56.0966,56.1015,56.0966,56.1015,1008
2026-07-18 15:14:00,56.1015,56.1015,56.0918,56.0918,2516
2026-07-18 15:15:00,56.0918,56.0918,56.087,56.087,1034
2026-07-18 15:16:00,56.087,56.1063,56.087,56.1015,14090
2026-07-18 15:17:00,56.1015,56.1112,56.1015,56.108,2367
2026-07-18 15:18:00,56.1112,56.116,56.1063,56.1112,3007
2026-07-18 15:19:00,56.1112,56.116,56.1063,56.1063,2225
2026-07-18 15:20:00,56.1112,56.116,56.1112,56.1112,1710
2026-07-18 15:21:00,56.1112,56.116,56.1063,56.1112,1970
2026-07-18 15:22:00,56.1112,56.1112,56.1063,56.1112,3111
2026-07-18 15:23:00,56.1112,56.116,56.1063,56.1063,5628
2026-07-18 15:24:00,56.1063,56.1063,56.1063,56.1063,3108
2026-07-18 15:25:00,56.1015,56.1015,56.0966,56.1015,2156
2026-07-18 15:26:00,56.1015,56.1063,56.0966,56.0966,3831
2026-07-18 15:27:00,56.0966,56.0976,56.0821,56.0966,12086
2026-07-18 15:28:00,56.1015,56.1063,56.0966,56.0966,1418
2026-07-18 15:29:00,56.0966,56.0966,56.087,56.0966,11536
2026-07-18 15:30:00,56.0966,56.1015,56.087,56.0918,14892
2026-07-18 15:31:00,56.0879,56.0918,56.0821,56.0918,11775
2026-07-18 15:32:00,56.0966,56.0966,56.0918,56.0918,2686
2026-07-18 15:33:00,56.087,56.0918,56.0773,56.0774,5740
2026-07-18 15:34:00,56.0773,56.087,56.0676,56.0724,4662
2026-07-18 15:35:00,56.0724,56.0821,56.0676,56.0676,7556
2026-07-18 15:36:00,56.0676,56.0918,56.0579,56.0918,66275
2026-07-18 15:37:00,56.0966,56.116,56.0918,56.1015,40105
2026-07-18 15:38:00,56.1112,56.1257,56.1063,56.1112,11295
2026-07-18 15:39:00,56.1112,56.1112,56.1063,56.1112,1975
2026-07-18 15:40:00,56.1112,56.116,56.0966,56.1015,5449
2026-07-18 15:41:00,56.0966,56.1015,56.087,56.0966,9716
2026-07-18 15:42:00,56.0966,56.1063,56.0905,56.1015,6175
2026-07-18 15:43:00,56.1112,56.1112,56.1063,56.1112,856
2026-07-18 15:44:00,56.1063,56.1257,56.1063,56.1208,6859
2026-07-18 15:45:00,56.1208,56.1257,56.0966,56.0966,21400
2026-07-18 15:46:00,56.0966,56.0966,56.087,56.087,10261
2026-07-18 15:47:00,56.087,56.1063,56.0821,56.0966,17615
2026-07-18 15:48:00,56.1015,56.1112,56.0918,56.0966,14202
2026-07-18 15:49:00,56.0966,56.1112,56.087,56.1063,13331
2026-07-18 15:50:00,56.1063,56.1499,56.1063,56.145,21376
2026-07-18 15:51:00,56.145,56.1596,56.145,56.1596,22538
2026-07-18 15:52:00,56.1644,56.1644,56.1354,56.1354,14270
2026-07-18 15:53:00,56.1402,56.1402,56.116,56.1233,24412
2026-07-18 15:54:00,56.1208,56.1208,56.1063,56.116,26531
2026-07-18 15:55:00,56.1208,56.1354,56.116,56.1208,34989
2026-07-18 15:56:00,56.116,56.1257,56.116,56.1208,13031
2026-07-18 15:57:00,56.1208,56.1547,56.1208,56.1402,34850
2026-07-18 15:58:00,56.1402,56.1547,56.1402,56.145,16099
2026-07-18 15:59:00,56.1499,56.1886,56.1499,56.1789,62239
2026-07-21 09:30:00,56.4645,56.5032,56.4548,56.4645,61538
2026-07-21 09:31:00,56.4742,56.5129,56.4645,56.4742,20774
2026-07-21 09:32:00,56.4742,56.4935,56.4693,56.4935,9862
2026-07-21 09:33:00,56.4935,56.5032,56.484,56.4887,6877
2026-07-21 09:34:00,56.4935,56.4935,56.45,56.45,20224
2026-07-21 09:35:00,56.4597,56.4742,56.4597,56.4693,4101
2026-07-21 09:36:00,56.4742,56.479,56.4451,56.4451,9650
2026-07-21 09:37:00,56.4355,56.4355,56.4161,56.4161,11405
2026-07-21 09:38:00,56.4064,56.4064,56.3629,56.3871,19511
2026-07-21 09:39:00,56.3919,56.4161,56.389,56.4161,6879
2026-07-21 09:40:00,56.4064,56.4064,56.3919,56.3919,3514
2026-07-21 09:41:00,56.3967,56.4064,56.3774,56.3774,4774
2026-07-21 09:42:00,56.3774,56.3774,56.3532,56.3629,8063
2026-07-21 09:43:00,56.358,56.358,56.3435,56.3483,6486
2026-07-21 09:44:00,56.3435,56.3483,56.3241,56.3241,8246
2026-07-21 09:45:00,56.3193,56.3193,56.2903,56.2903,27737
2026-07-21 09:46:00,56.2903,56.2903,56.2757,56.2757,4877
2026-07-21 09:47:00,56.2757,56.2903,56.2333,56.2333,15346
2026-07-21 09:48:00,56.2418,56.2418,56.2273,56.237,16941
2026-07-21 09:49:00,56.2418,56.2757,56.2273,56.2757,18446
2026-07-21 09:50:00,56.2757,56.3048,56.2661,56.3048,10183
2026-07-21 09:51:00,56.2999,56.2999,56.2806,56.2806,4326
2026-07-21 09:52:00,56.2709,56.2806,56.2612,56.2757,10805
2026-07-21 09:53:00,56.2806,56.2999,56.2757,56.2903,13104
2026-07-21 09:54:00,56.2951,56.2951,56.2854,56.2951,5531
2026-07-21 09:55:00,56.2903,56.2903,56.2612,56.2612,6540
2026-07-21 09:56:00,56.2612,56.2612,56.2467,56.2467,12072
2026-07-21 09:57:00,56.2467,56.2467,56.2128,56.2128,7796
2026-07-21 09:58:00,56.2031,56.2031,56.1983,56.1983,1561
2026-07-21 09:59:00,56.1934,56.1934,56.1741,56.1741,4849
2026-07-21 10:00:00,56.1789,56.1934,56.1596,56.1596,7043
2026-07-21 10:01:00,56.1547,56.1644,56.1208,56.1208,8066
2026-07-21 10:02:00,56.116,56.1354,56.116,56.1305,9917
2026-07-21 10:03:00,56.1354,56.145,56.1257,56.1402,8507
2026-07-21 10:04:00,56.1402,56.1547,56.1257,56.1257,7004
2026-07-21 10:05:00,56.1354,56.1547,56.1208,56.1257,16856
2026-07-21 10:06:00,56.1257,56.1402,56.1112,56.1257,11942
2026-07-21 10:07:00,56.1112,56.116,56.0918,56.0918,2967
2026-07-21 10:08:00,56.0918,56.1112,56.0918,56.1112,7712
2026-07-21 10:09:00,56.1112,56.116,56.0966,56.1063,7204
2026-07-21 10:10:00,56.1063,56.1354,56.1015,56.1257,10993
2026-07-21 10:11:00,56.116,56.145,56.116,56.1402,7823
2026-07-21 10:12:00,56.1354,56.1354,56.1257,56.1257,2786
2026-07-21 10:13:00,56.1257,56.1257,56.0966,56.0966,6557
2026-07-21 10:14:00,56.1015,56.1015,56.087,56.0918,5233
2026-07-21 10:15:00,56.087,56.087,56.0689,56.0724,4212
2026-07-21 10:16:00,56.0696,56.1063,56.0696,56.0918,11337
2026-07-21 10:17:00,56.0918,56.0966,56.087,56.087,5577
2026-07-21 10:18:00,56.087,56.087,56.0579,56.0579,2042
2026-07-21 10:19:00,56.0676,56.0966,56.0531,56.0966,10556
2026-07-21 10:20:00,56.0918,56.0966,56.087,56.0918,9689
2026-07-21 10:21:00,56.0966,56.0966,56.0918,56.0966,5401
2026-07-21 10:22:00,56.1063,56.1063,56.0918,56.0918,4630
2026-07-21 10:23:00,56.0918,56.1063,56.087,56.0966,4266
2026-07-21 10:24:00,56.1063,56.116,56.0966,56.1112,7198
2026-07-21 10:25:00,56.1112,56.116,56.1015,56.1112,4201
2026-07-21 10:26:00,56.1208,56.1208,56.1063,56.1063,2510
2026-07-21 10:27:00,56.0991,56.0991,56.0579,56.0618,10612
2026-07-21 10:28:00,56.0676,56.0773,56.0498,56.0724,16685
2026-07-21 10:29:00,56.0724,56.0773,56.0676,56.0676,10606
2026-07-21 10:30:00,56.0676,56.0676,56.0482,56.0676,10693
2026-07-21 10:31:00,56.0628,56.0628,56.0386,56.0424,5322
2026-07-21 10:32:00,56.0482,56.087,56.0434,56.087,6675
2026-07-21 10:33:00,56.0821,56.087,56.0773,56.0773,4818
2026-07-21 10:34:00,56.0821,56.0966,56.0821,56.0966,7385
2026-07-21 10:35:00,56.0966,56.116,56.0821,56.1063,34603
2026-07-21 10:36:00,56.1063,56.1063,56.087,56.087,12972
2026-07-21 10:37:00,56.0966,56.1063,56.087,56.1015,18492
2026-07-21 10:38:00,56.1015,56.1354,56.1015,56.1208,21083
2026-07-21 10:39:00,56.1208,56.1354,56.1208,56.1257,17048
2026-07-21 10:40:00,56.1208,56.145,56.1208,56.1305,15351
2026-07-21 10:41:00,56.1305,56.1644,56.1305,56.1596,20589
2026-07-21 10:42:00,56.1644,56.1644,56.156,56.1596,10267
2026-07-21 10:43:00,56.1596,56.1741,56.1596,56.1741,7185
2026-07-21 10:44:00,56.1692,56.1741,56.1644,56.1692,3709
2026-07-21 10:45:00,56.1692,56.1741,56.1596,56.1596,9382
2026-07-21 10:46:00,56.1644,56.1741,56.1644,56.1692,7026
2026-07-21 10:47:00,56.1692,56.1741,56.1692,56.1741,594
2026-07-21 10:48:00,56.1655,56.1741,56.1402,56.1402,11180
2026-07-21 10:49:00,56.1392,56.145,56.1305,56.1402,7815
2026-07-21 10:50:00,56.145,56.1547,56.1257,56.1305,9280
2026-07-21 10:51:00,56.1402,56.1402,56.1257,56.1305,2048
2026-07-21 10:52:00,56.1257,56.145,56.1257,56.1305,5363
2026-07-21 10:53:00,56.1354,56.1547,56.1258,56.1547,12103
2026-07-21 10:54:00,56.1547,56.1741,56.1499,56.1741,9196
2026-07-21 10:55:00,56.1644,56.1741,56.1547,56.1596,10701
2026-07-21 10:56:00,56.1596,56.1644,56.1596,56.1644,2982
2026-07-21 10:57:00,56.1644,56.2031,56.1644,56.1983,12685
2026-07-21 10:58:00,56.2031,56.2128,56.1983,56.2128,4569
2026-07-21 10:59:00,56.2031,56.2032,56.1934,56.2032,5436
2026-07-21 11:00:00,56.2031,56.2225,56.2031,56.2128,5373
2026-07-21 11:01:00,56.2128,56.2225,56.208,56.208,7971
2026-07-21 11:02:00,56.208,56.2225,56.208,56.2128,5228
2026-07-21 11:03:00,56.208,56.2128,56.1983,56.1983,8433
2026-07-21 11:04:00,56.1983,56.2128,56.1983,56.2128,10156
2026-07-21 11:05:00,56.2128,56.2128,56.2031,56.208,7496
2026-07-21 11:06:00,56.208,56.2225,56.208,56.2225,4197
2026-07-21 11:07:00,56.2225,56.2322,56.208,56.2225,10064
2026-07-21 11:08:00,56.2128,56.2322,56.2128,56.2273,10925
2026-07-21 11:09:00,56.2225,56.2322,56.208,56.2225,11219
2026-07-21 11:10:00,56.2225,56.2225,56.2031,56.208,5637
2026-07-21 11:11:00,56.208,56.208,56.1983,56.1983,1303
2026-07-21 11:12:00,56.1934,56.1983,56.1934,56.1983,982
2026-07-21 11:13:00,56.1934,56.1934,56.1838,56.1838,12469
2026-07-21 11:14:00,56.1789,56.1934,56.1789,56.1838,6454
2026-07-21 11:15:00,56.1886,56.2031,56.1886,56.1934,7827
2026-07-21 11:16:00,56.1838,56.1839,56.1596,56.1596,3550
2026-07-21 11:17:00,56.1644,56.1692,56.1596,56.1692,3058
2026-07-21 11:18:00,56.1596,56.1644,56.1596,56.1596,2417
2026-07-21 11:19:00,56.1644,56.1644,56.1547,56.1547,660
2026-07-21 11:20:00,56.1644,56.1741,56.1547,56.1596,13589
2026-07-21 11:21:00,56.1547,56.1547,56.147,56.147,1869
2026-07-21 11:22:00,56.145,56.145,56.1354,56.1402,4205
2026-07-21 11:23:00,56.1354,56.1354,56.1257,56.1257,3611
2026-07-21 11:24:00,56.116,56.116,56.0918,56.0918,3593
2026-07-21 11:25:00,56.0966,56.1063,56.0918,56.0918,14450
2026-07-21 11:26:00,56.087,56.0966,56.087,56.087,5298
2026-07-21 11:27:00,56.0966,56.1063,56.089,56.0966,7224
2026-07-21 11:28:00,56.087,56.087,56.0628,56.0628,4463
2026-07-21 11:29:00,56.0676,56.0676,56.0579,56.0628,2871
2026-07-21 11:30:00,56.0579,56.0579,56.0386,56.0386,5618
2026-07-21 11:31:00,56.0386,56.0386,56.0095,56.0192,3796
2026-07-21 11:32:00,56.0192,56.0192,55.9902,55.9902,4497
2026-07-21 11:33:00,55.9902,55.9998,55.9611,55.9611,9066
2026-07-21 11:34:00,55.9611,56.0386,55.9224,56.0386,74682
2026-07-21 11:35:00,56.0386,56.0724,56.0386,56.0434,47268
2026-07-21 11:36:00,56.0386,56.0579,56.0386,56.0531,3575
2026-07-21 11:37:00,56.0579,56.0579,56.024,56.0289,7380
2026-07-21 11:38:00,56.0289,56.0289,56.024,56.024,2088
2026-07-21 11:39:00,56.0289,56.0289,56.0192,56.0289,3448
2026-07-21 11:40:00,56.0289,56.0289,56.024,56.024,1978
2026-07-21 11:41:00,56.0192,56.0192,56.0047,56.0047,1522
2026-07-21 11:42:00,56.0047,56.0095,55.9998,56.0047,3479
2026-07-21 11:43:00,56.0047,56.0386,56.0047,56.0289,4309
2026-07-21 11:44:00,56.0289,56.0289,56.024,56.0289,1433
2026-07-21 11:45:00,56.024,56.024,56.0095,56.0095,2639
2026-07-21 11:46:00,55.995,55.9998,55.9902,55.995,1633
2026-07-21 11:47:00,56.0047,56.0051,55.9998,55.9998,6548
2026-07-21 11:49:00,56.0047,56.0095,55.9998,55.9998,2885
2026-07-21 11:50:00,55.9998,55.9998,55.9611,55.9708,9743
2026-07-21 11:51:00,55.9756,55.9902,55.9756,55.9853,5732
2026-07-21 11:52:00,55.9998,56.0144,55.9998,56.0144,2124
2026-07-21 11:53:00,56.0095,56.0095,56.0047,56.0047,793
2026-07-21 11:54:00,55.9998,56.0047,55.9998,56.0047,418
2026-07-21 11:55:00,56.0047,56.0047,55.9902,55.995,2033
2026-07-21 11:56:00,55.9998,56.0289,55.9998,56.024,3814
2026-07-21 11:57:00,56.0206,56.0289,56.0192,56.024,3420
2026-07-21 11:58:00,56.024,56.0482,56.0192,56.0337,4202
2026-07-21 11:59:00,56.0289,56.0289,56.0289,56.0289,394
2026-07-21 12:00:00,56.0386,56.0579,56.0337,56.0579,2760
2026-07-21 12:01:00,56.0579,56.0579,56.0531,56.0579,1465
2026-07-21 12:02:00,56.0531,56.0676,56.0531,56.0628,4048
2026-07-21 12:03:00,56.0724,56.0724,56.0715,56.0715,447
2026-07-21 12:04:00,56.0724,56.0724,56.0676,56.0676,222
2026-07-21 12:05:00,56.0724,56.0773,56.0724,56.0724,1383
2026-07-21 12:06:00,56.0724,56.0724,56.0676,56.0724,2038
2026-07-21 12:07:00,56.0724,56.0918,56.0724,56.0918,3579
2026-07-21 12:08:00,56.0966,56.0966,56.087,56.087,2931
2026-07-21 12:09:00,56.0918,56.0966,56.0918,56.0966,395
2026-07-21 12:10:00,56.0918,56.0918,56.087,56.0918,843
2026-07-21 12:11:00,56.0918,56.0918,56.087,56.0918,882
2026-07-21 12:12:00,56.0966,56.0966,56.0918,56.0918,599
2026-07-21 12:13:00,56.0918,56.0918,56.0918,56.0918,290
2026-07-21 12:14:00,56.0966,56.0966,56.087,56.0918,615
2026-07-21 12:15:00,56.0918,56.0918,56.0821,56.0821,2791
2026-07-21 12:16:00,56.0821,56.087,56.0773,56.0821,1214
2026-07-21 12:17:00,56.0773,56.0773,56.0676,56.0724,2588
2026-07-21 12:18:00,56.0724,56.0749,56.0676,56.0724,3354
2026-07-21 12:19:00,56.0724,56.0773,56.0676,56.0676,4418
2026-07-21 12:20:00,56.0676,56.0724,56.0676,56.0676,1068
2026-07-21 12:21:00,56.0724,56.0724,56.0676,56.0676,1783
2026-07-21 12:23:00,56.0724,56.0724,56.0482,56.0531,4282
2026-07-21 12:24:00,56.0579,56.0579,56.0482,56.0579,3303
2026-07-21 12:25:00,56.0483,56.0628,56.0482,56.0628,7148
2026-07-21 12:26:00,56.0579,56.0628,56.0482,56.0482,2229
2026-07-21 12:28:00,56.0483,56.0483,56.0483,56.0483,315
2026-07-21 12:29:00,56.0531,56.0531,56.0386,56.0434,4322
2026-07-21 12:30:00,56.0434,56.0482,56.0386,56.0434,3398
2026-07-21 12:31:00,56.0386,56.0386,56.0289,56.0337,1411
2026-07-21 12:32:00,56.0289,56.0289,56.0095,56.0095,1084
2026-07-21 12:33:00,56.0095,56.0095,55.995,55.995,4913
2026-07-21 12:34:00,55.995,55.995,55.9902,55.9902,469
2026-07-21 12:35:00,55.9998,56.0047,55.995,56.0001,3592
2026-07-21 12:36:00,56.0047,56.0144,56.0047,56.0144,3245
2026-07-21 12:37:00,56.0144,56.0144,56.0144,56.0144,395
2026-07-21 12:38:00,56.0144,56.0144,56.0144,56.0144,313
2026-07-21 12:39:00,56.0095,56.0095,55.9998,55.9998,2719
2026-07-21 12:40:00,55.9998,55.9998,55.9998,55.9998,578
2026-07-21 12:41:00,55.9998,56.0095,55.995,56.0035,6052
2026-07-21 12:42:00,56.0095,56.0192,56.0047,56.0144,4388
2026-07-21 12:43:00,56.0144,56.0396,56.0144,56.0396,5871
2026-07-21 12:44:00,56.0386,56.0386,56.0386,56.0386,202
2026-07-21 12:45:00,56.0386,56.0386,56.0289,56.0366,3350
2026-07-21 12:46:00,56.0337,56.0337,56.0337,56.0337,136
2026-07-21 12:47:00,56.0386,56.0386,56.0337,56.0337,1575
2026-07-21 12:48:00,56.0337,56.0337,56.029,56.029,406
2026-07-21 12:49:00,56.0386,56.0386,56.0337,56.0386,2498
2026-07-21 12:50:00,56.0434,56.0676,56.0386,56.0628,11518
2026-07-21 12:51:00,56.0676,56.0773,56.0676,56.0773,2300
2026-07-21 12:52:00,56.0724,56.0966,56.0724,56.0966,3954
2026-07-21 12:53:00,56.1063,56.1063,56.1015,56.1063,1471
2026-07-21 12:54:00,56.1015,56.1063,56.1015,56.1015,1147
2026-07-21 12:55:00,56.1063,56.1208,56.1063,56.1208,1997
2026-07-21 12:56:00,56.1208,56.1354,56.116,56.1257,7343
2026-07-21 12:57:00,56.1305,56.1305,56.1305,56.1305,360
2026-07-21 12:58:00,56.1305,56.1354,56.1305,56.1354,1817
2026-07-21 12:59:00,56.1354,56.1354,56.1257,56.1257,9264
2026-07-21 13:00:00,56.1305,56.1644,56.1305,56.1644,8889
2026-07-21 13:01:00,56.1656,56.1692,56.1656,56.1692,567
2026-07-21 13:02:00,56.1692,56.1692,56.1644,56.1692,341
2026-07-21 13:03:00,56.1692,56.1741,56.1644,56.1644,1653
2026-07-21 13:04:00,56.1741,56.1741,56.1692,56.1692,3018
2026-07-21 13:05:00,56.1692,56.1827,56.1692,56.1789,4911
2026-07-21 13:06:00,56.1789,56.1789,56.1547,56.1596,7672
2026-07-21 13:07:00,56.1596,56.1643,56.1547,56.1643,1683
2026-07-21 13:08:00,56.1547,56.1547,56.1354,56.1354,2847
2026-07-21 13:09:00,56.1402,56.1644,56.1402,56.1547,7747
2026-07-21 13:10:00,56.1547,56.1547,56.1547,56.1547,1672
2026-07-21 13:11:00,56.1559,56.1559,56.1354,56.1354,2046
2026-07-21 13:12:00,56.1269,56.1354,56.1257,56.1354,3102
2026-07-21 13:13:00,56.1305,56.1547,56.1305,56.1547,10570
2026-07-21 13:14:00,56.1547,56.1692,56.1547,56.1692,2457
2026-07-21 13:15:00,56.1741,56.1741,56.1654,56.1741,1526
2026-07-21 13:16:00,56.1692,56.1741,56.1692,56.1741,2391
2026-07-21 13:17:00,56.1692,56.1838,56.1644,56.1838,3539
2026-07-21 13:18:00,56.1789,56.1886,56.1789,56.1886,2833
2026-07-21 13:19:00,56.1886,56.2031,56.1886,56.1934,8750
2026-07-21 13:20:00,56.1934,56.1983,56.1838,56.1886,8205
2026-07-21 13:21:00,56.1838,56.1838,56.1644,56.1644,3287
2026-07-21 13:22:00,56.1741,56.191,56.1692,56.1838,8746
2026-07-21 13:23:00,56.1886,56.1934,56.1886,56.1934,1853
2026-07-21 13:24:00,56.1983,56.2031,56.1886,56.1886,1665
2026-07-21 13:25:00,56.1934,56.2031,56.1886,56.1934,3913
2026-07-21 13:26:00,56.1983,56.2031,56.1983,56.1983,2226
2026-07-21 13:27:00,56.2031,56.2176,56.2031,56.2129,5348
2026-07-21 13:28:00,56.2225,56.2225,56.208,56.208,3560
2026-07-21 13:29:00,56.2031,56.2032,56.1934,56.1934,4021
2026-07-21 13:30:00,56.2031,56.2031,56.1983,56.2031,4119
2026-07-21 13:31:00,56.2108,56.2108,56.2031,56.208,950
2026-07-21 13:32:00,56.2128,56.2322,56.208,56.2273,9230
2026-07-21 13:33:00,56.2322,56.2322,56.2225,56.2273,5742
2026-07-21 13:34:00,56.2273,56.2322,56.2273,56.2322,697
2026-07-21 13:35:00,56.2225,56.2225,56.2031,56.208,5325
2026-07-21 13:36:00,56.2031,56.208,56.1934,56.1934,2346
2026-07-21 13:37:00,56.1789,56.1838,56.1741,56.1741,1149
2026-07-21 13:38:00,56.1741,56.1741,56.1741,56.1741,382
2026-07-21 13:39:00,56.1741,56.1741,56.1692,56.1692,804
2026-07-21 13:40:00,56.1741,56.1789,56.1692,56.1789,4951
2026-07-21 13:41:00,56.1741,56.1743,56.1596,56.1596,2640
2026-07-21 13:42:00,56.1547,56.1547,56.1499,56.1499,2150
2026-07-21 13:43:00,56.1499,56.1499,56.1499,56.1499,209
2026-07-21 13:44:00,56.145,56.1499,56.145,56.145,456
2026-07-21 13:45:00,56.145,56.145,56.1257,56.1257,1226
2026-07-21 13:46:00,56.1354,56.145,56.1305,56.145,4544
2026-07-21 13:47:00,56.145,56.1546,56.145,56.145,819
2026-07-21 13:48:00,56.1499,56.1547,56.145,56.1499,3363
2026-07-21 13:49:00,56.1499,56.1547,56.145,56.145,1445
2026-07-21 13:50:00,56.1499,56.1499,56.1257,56.1257,3937
2026-07-21 13:51:00,56.1305,56.1354,56.1257,56.1257,831
2026-07-21 13:52:00,56.1257,56.1257,56.1257,56.1257,1279
2026-07-21 13:53:00,56.116,56.1257,56.116,56.1208,1029
2026-07-21 13:54:00,56.1208,56.1354,56.1208,56.1305,3941
2026-07-21 13:55:00,56.1257,56.1257,56.116,56.1208,5834
2026-07-21 13:56:00,56.1208,56.1257,56.1208,56.1208,1542
2026-07-21 13:57:00,56.1208,56.1305,56.1208,56.1305,2719
2026-07-21 13:58:00,56.1354,56.1354,56.1354,56.1354,135
2026-07-21 13:59:00,56.1305,56.1305,56.1305,56.1305,322
2026-07-21 14:00:00,56.1305,56.1305,56.1208,56.1208,3511
2026-07-21 14:01:00,56.1208,56.1257,56.1112,56.1112,7257
2026-07-21 14:02:00,56.116,56.116,56.1063,56.107,657
2026-07-21 14:03:00,56.1063,56.1112,56.1063,56.1063,785
2026-07-21 14:04:00,56.1063,56.1063,56.1063,56.1063,1729
2026-07-21 14:05:00,56.0966,56.1063,56.0966,56.1063,837
2026-07-21 14:06:00,56.0966,56.0966,56.087,56.0918,8138
2026-07-21 14:07:00,56.0918,56.1257,56.0918,56.1257,5585
2026-07-21 14:08:00,56.1208,56.1208,56.1063,56.1112,3629
2026-07-21 14:09:00,56.1112,56.116,56.1112,56.1112,1722
2026-07-21 14:10:00,56.1112,56.116,56.1079,56.1112,3543
2026-07-21 14:11:00,56.1112,56.1112,56.0966,56.1063,6989
2026-07-21 14:12:00,56.1015,56.116,56.1015,56.1112,3829
2026-07-21 14:13:00,56.1063,56.1063,56.0966,56.0966,2933
2026-07-21 14:14:00,56.0966,56.1063,56.0966,56.1015,2141
2026-07-21 14:15:00,56.0966,56.1063,56.0966,56.1063,3960
2026-07-21 14:16:00,56.116,56.1208,56.1112,56.116,4033
2026-07-21 14:18:00,56.1208,56.1233,56.1208,56.1208,487
2026-07-21 14:19:00,56.116,56.1223,56.116,56.116,1310
2026-07-21 14:20:00,56.1161,56.1257,56.1161,56.1208,1838
2026-07-21 14:21:00,56.1208,56.1354,56.1208,56.1354,3290
2026-07-21 14:22:00,56.1305,56.145,56.1305,56.1354,4357
2026-07-21 14:23:00,56.145,56.145,56.1402,56.145,1694
2026-07-21 14:24:00,56.145,56.145,56.1402,56.1402,2741
2026-07-21 14:25:00,56.145,56.145,56.1354,56.1402,2354
2026-07-21 14:26:00,56.145,56.1547,56.1305,56.1499,13015
2026-07-21 14:27:00,56.1547,56.1547,56.1547,56.1547,2687
2026-07-21 14:28:00,56.1547,56.1547,56.1499,56.1547,1644
2026-07-21 14:29:00,56.1547,56.1547,56.1547,56.1547,513
2026-07-21 14:30:00,56.1547,56.1644,56.1547,56.1547,1542
2026-07-21 14:31:00,56.1644,56.1692,56.1596,56.1692,3372
2026-07-21 14:32:00,56.1741,56.1789,56.1692,56.1741,2712
2026-07-21 14:33:00,56.1838,56.1838,56.1741,56.1789,6315
2026-07-21 14:34:00,56.1838,56.1838,56.1789,56.1838,1992
2026-07-21 14:35:00,56.1876,56.1876,56.1876,56.1876,467
2026-07-21 14:36:00,56.1838,56.1838,56.1741,56.1741,19266
2026-07-21 14:37:00,56.1741,56.1886,56.1741,56.1886,3908
2026-07-21 14:38:00,56.1934,56.1934,56.1838,56.1886,2747
2026-07-21 14:39:00,56.1886,56.1886,56.1838,56.1886,1222
2026-07-21 14:40:00,56.1838,56.1934,56.1838,56.1886,4391
2026-07-21 14:41:00,56.1934,56.2128,56.1934,56.208,3716
2026-07-21 14:42:00,56.2069,56.208,56.1934,56.1934,3885
2026-07-21 14:43:00,56.2031,56.2031,56.1934,56.2031,2368
2026-07-21 14:44:00,56.2128,56.2128,56.208,56.208,375
2026-07-21 14:45:00,56.208,56.208,56.208,56.208,360
2026-07-21 14:46:00,56.208,56.2176,56.2031,56.2128,3235
2026-07-21 14:47:00,56.2128,56.2128,56.2128,56.2128,704
2026-07-21 14:48:00,56.2176,56.2176,56.2128,56.2128,3062
2026-07-21 14:49:00,56.2128,56.2176,56.2031,56.2031,3346
2026-07-21 14:50:00,56.2031,56.208,56.2031,56.2031,1267
2026-07-21 14:51:00,56.2128,56.2225,56.208,56.2225,7178
2026-07-21 14:52:00,56.2128,56.2128,56.2128,56.2128,520
2026-07-21 14:53:00,56.2176,56.2176,56.2031,56.2031,7225
2026-07-21 14:54:00,56.2031,56.208,56.2031,56.2031,1314
2026-07-21 14:55:00,56.2031,56.2128,56.2031,56.2031,2456
2026-07-21 14:56:00,56.2031,56.208,56.2031,56.2031,1575
2026-07-21 14:57:00,56.208,56.208,56.2031,56.2031,793
2026-07-21 14:58:00,56.2031,56.208,56.2031,56.2031,1665
2026-07-21 14:59:00,56.2031,56.208,56.2031,56.2031,2504
2026-07-21 15:00:00,56.2031,56.2031,56.1741,56.1744,7579
2026-07-21 15:01:00,56.1743,56.1743,56.1741,56.1741,2475
2026-07-21 15:02:00,56.1741,56.1838,56.1644,56.1789,6430
2026-07-21 15:03:00,56.1934,56.2128,56.1934,56.2128,4708
2026-07-21 15:04:00,56.208,56.208,56.1934,56.1934,2617
2026-07-21 15:05:00,56.1983,56.2031,56.1983,56.2031,2575
2026-07-21 15:06:00,56.1983,56.2031,56.1983,56.1983,3512
2026-07-21 15:07:00,56.1983,56.208,56.1983,56.208,3381
2026-07-21 15:08:00,56.2031,56.2031,56.2031,56.2031,1647
2026-07-21 15:09:00,56.2031,56.2031,56.2031,56.2031,985
2026-07-21 15:10:00,56.2031,56.2128,56.1983,56.2031,15078
2026-07-21 15:11:00,56.2128,56.2273,56.208,56.2225,4573
2026-07-21 15:12:00,56.2226,56.2273,56.2226,56.2273,876
2026-07-21 15:13:00,56.2273,56.237,56.2273,56.237,3807
2026-07-21 15:14:00,56.2418,56.2418,56.2341,56.2381,872
2026-07-21 15:15:00,56.237,56.237,56.2225,56.2225,5800
2026-07-21 15:16:00,56.2225,56.2236,56.2128,56.2128,3487
2026-07-21 15:17:00,56.2128,56.2225,56.2128,56.2225,3986
2026-07-21 15:18:00,56.2176,56.2176,56.208,56.2128,5670
2026-07-21 15:19:00,56.2055,56.2055,56.2042,56.2042,631
2026-07-21 15:20:00,56.2031,56.2128,56.2031,56.2128,881
2026-07-21 15:21:00,56.2031,56.2096,56.2031,56.2031,2546
2026-07-21 15:22:00,56.2031,56.2128,56.1983,56.208,22768
2026-07-21 15:23:00,56.208,56.2225,56.208,56.2176,5670
2026-07-21 15:24:00,56.2176,56.2225,56.2129,56.2176,3799
2026-07-21 15:25:00,56.2322,56.2322,56.2237,56.2237,2718
2026-07-21 15:26:00,56.2322,56.2418,56.2273,56.2418,5093
2026-07-21 15:27:00,56.2418,56.2564,56.237,56.2564,8685
2026-07-21 15:28:00,56.2564,56.2564,56.2418,56.2431,5393
2026-07-21 15:29:00,56.2418,56.2418,56.2322,56.2322,1543
2026-07-21 15:30:00,56.237,56.2515,56.237,56.2467,5338
2026-07-21 15:31:00,56.2467,56.2467,56.2418,56.2418,2412
2026-07-21 15:32:00,56.2467,56.2515,56.243,56.2467,1100
2026-07-21 15:33:00,56.2467,56.2612,56.2418,56.242,19959
2026-07-21 15:34:00,56.2418,56.2418,56.2322,56.237,4171
2026-07-21 15:35:00,56.237,56.237,56.2331,56.237,2089
2026-07-21 15:36:00,56.2384,56.2467,56.2322,56.237,14137
2026-07-21 15:37:00,56.2418,56.2454,56.2322,56.2409,3988
2026-07-21 15:38:00,56.2325,56.2331,56.2322,56.2322,1790
2026-07-21 15:39:00,56.2322,56.237,56.2322,56.2322,1513
2026-07-21 15:40:00,56.2322,56.2322,56.2225,56.2225,7325
2026-07-21 15:41:00,56.2225,56.2322,56.2225,56.2273,10637
2026-07-21 15:42:00,56.2273,56.2273,56.2031,56.2031,7184
2026-07-21 15:43:00,56.2031,56.208,56.1934,56.2014,14222
2026-07-21 15:44:00,56.2031,56.2108,56.1944,56.1983,9353
2026-07-21 15:45:00,56.1983,56.208,56.1934,56.2031,21761
2026-07-21 15:46:00,56.2031,56.2044,56.1934,56.1944,11083
2026-07-21 15:47:00,56.2031,56.2031,56.1934,56.1934,3404
2026-07-21 15:48:00,56.1934,56.1983,56.1934,56.1934,7656
2026-07-21 15:49:00,56.1934,56.1935,56.1886,56.1934,10259
2026-07-21 15:50:00,56.1934,56.2031,56.1886,56.1934,13314
2026-07-21 15:51:00,56.1934,56.2128,56.1934,56.2031,26961
2026-07-21 15:52:00,56.208,56.2128,56.2031,56.2031,5953
2026-07-21 15:53:00,56.2031,56.2612,56.2031,56.2418,59907
2026-07-21 15:54:00,56.2418,56.242,56.2322,56.2322,13736
2026-07-21 15:55:00,56.2322,56.2418,56.2225,56.2225,15658
2026-07-21 15:56:00,56.2225,56.2322,56.2225,56.2225,16362
2026-07-21 15:57:00,56.2225,56.2418,56.2128,56.2322,34879
2026-07-21 15:58:00,56.237,56.2612,56.2225,56.2515,111471
2026-07-21 15:59:00,56.2612,56.3193,56.2564,56.2999,113454
2026-07-22 09:30:00,55.8837,55.9272,55.8546,55.903,55237
2026-07-22 09:31:00,55.903,55.9272,55.8837,55.9224,18802
2026-07-22 09:32:00,55.9127,55.9127,55.8934,55.8934,8846
2026-07-22 09:33:00,55.8934,55.9127,55.8885,55.9127,11832
2026-07-22 09:34:00,55.903,55.903,55.8934,55.903,3784
2026-07-22 09:35:00,55.903,55.903,55.845,55.845,10467
2026-07-22 09:36:00,55.845,55.845,55.8353,55.8353,2761
2026-07-22 09:37:00,55.8353,55.8595,55.8353,55.8546,6367
2026-07-22 09:38:00,55.8546,55.874,55.8546,55.874,10885
2026-07-22 09:39:00,55.874,55.9127,55.8692,55.903,15100
2026-07-22 09:40:00,55.9079,55.9176,55.903,55.903,12328
2026-07-22 09:41:00,55.903,55.9127,55.8934,55.8934,2220
2026-07-22 09:42:00,55.903,55.903,55.8837,55.8934,5805
2026-07-22 09:43:00,55.8885,55.8934,55.8874,55.8885,2436
2026-07-22 09:44:00,55.8934,55.9079,55.8934,55.9079,5273
2026-07-22 09:45:00,55.9079,55.9127,55.8982,55.903,3414
2026-07-22 09:46:00,55.9049,55.9611,55.9049,55.9611,9582
2026-07-22 09:47:00,55.9611,55.9708,55.9514,55.9611,10815
2026-07-22 09:48:00,55.9563,55.9563,55.9466,55.9514,3359
2026-07-22 09:49:00,55.9514,55.9514,55.9418,55.9418,3248
2026-07-22 09:50:00,55.9321,55.9321,55.8934,55.8934,7768
2026-07-22 09:51:00,55.8934,55.8982,55.8934,55.8934,4513
2026-07-22 09:52:00,55.8934,55.8934,55.8837,55.8837,2968
2026-07-22 09:53:00,55.874,55.874,55.8546,55.8546,3249
2026-07-22 09:54:00,55.8546,55.8546,55.8498,55.8546,2569
2026-07-22 09:55:00,55.8546,55.8643,55.8498,55.8595,6536
2026-07-22 09:56:00,55.8546,55.8643,55.8498,55.8595,4762
2026-07-22 09:57:00,55.8546,55.8546,55.8454,55.8454,2887
2026-07-22 09:58:00,55.8522,55.8522,55.8401,55.8401,5553
2026-07-22 09:59:00,55.8401,55.8546,55.8401,55.8498,2435
2026-07-22 10:00:00,55.8498,55.8643,55.8498,55.8546,5208
2026-07-22 10:01:00,55.8643,55.8692,55.845,55.8498,6386
2026-07-22 10:02:00,55.8498,55.8643,55.8401,55.8643,5613
2026-07-22 10:03:00,55.8643,55.8837,55.8595,55.8788,18119
2026-07-22 10:04:00,55.8837,55.8934,55.8595,55.8595,9607
2026-07-22 10:05:00,55.8643,55.8643,55.8401,55.8401,6326
2026-07-22 10:06:00,55.8401,55.845,55.8159,55.8208,3867
2026-07-22 10:07:00,55.8256,55.8353,55.7966,55.7966,7895
2026-07-22 10:08:00,55.7966,55.8159,55.7917,55.7917,8664
2026-07-22 10:09:00,55.8014,55.8014,55.7917,55.7972,7083
2026-07-22 10:10:00,55.7966,55.7966,55.782,55.7966,3466
2026-07-22 10:11:00,55.7772,55.7869,55.7675,55.7724,8820
2026-07-22 10:12:00,55.7675,55.7675,55.7336,55.7336,4593
2026-07-22 10:13:00,55.7385,55.7433,55.7288,55.7288,1955
2026-07-22 10:14:00,55.7336,55.7336,55.7191,55.7264,2673
2026-07-22 10:15:00,55.7191,55.7336,55.7191,55.724,3969
2026-07-22 10:16:00,55.7191,55.7433,55.7191,55.7336,9562
2026-07-22 10:17:00,55.7336,55.7336,55.7288,55.7288,1080
2026-07-22 10:18:00,55.7385,55.7385,55.724,55.724,4570
2026-07-22 10:19:00,55.7191,55.7385,55.7191,55.7288,4832
2026-07-22 10:20:00,55.7288,55.7385,55.7191,55.7288,7872
2026-07-22 10:21:00,55.7288,55.7361,55.724,55.7336,7515
2026-07-22 10:22:00,55.7336,55.7385,55.724,55.7288,14194
2026-07-22 10:23:00,55.7191,55.724,55.7191,55.7191,1660
2026-07-22 10:24:00,55.7143,55.7191,55.6998,55.7046,3853
2026-07-22 10:25:00,55.7046,55.7046,55.5352,55.6514,15574
2026-07-22 10:26:00,55.661,55.7046,55.6562,55.6949,12433
2026-07-22 10:27:00,55.6901,55.7046,55.6901,55.7046,1856
2026-07-22 10:28:00,55.6998,55.7046,55.6707,55.6707,17639
2026-07-22 10:29:00,55.6804,55.6804,55.661,55.661,5619
2026-07-22 10:30:00,55.6562,55.661,55.6465,55.6514,6228
2026-07-22 10:31:00,55.661,55.6804,55.6562,55.6707,7747
2026-07-22 10:32:00,55.6707,55.6804,55.6707,55.6804,11437
2026-07-22 10:33:00,55.6852,55.6901,55.6804,55.6852,2731
2026-07-22 10:34:00,55.6989,55.7094,55.6901,55.6949,14047
2026-07-22 10:35:00,55.6901,55.6901,55.6707,55.6707,4756
2026-07-22 10:36:00,55.6756,55.6852,55.6514,55.6514,3680
2026-07-22 10:37:00,55.6514,55.6659,55.6417,55.6659,8002
2026-07-22 10:38:00,55.6611,55.6707,55.6562,55.6562,3694
2026-07-22 10:39:00,55.6562,55.661,55.6514,55.6514,7947
2026-07-22 10:40:00,55.6562,55.6659,55.6514,55.6514,5410
2026-07-22 10:41:00,55.6532,55.6707,55.6514,55.6659,8008
2026-07-22 10:42:00,55.6707,55.6852,55.6659,55.6707,13514
2026-07-22 10:43:00,55.6659,55.6707,55.6417,55.6417,14523
2026-07-22 10:44:00,55.6417,55.6514,55.6417,55.6514,7357
2026-07-22 10:45:00,55.6562,55.661,55.6515,55.6562,3486
2026-07-22 10:46:00,55.6562,55.6707,55.6526,55.661,17499
2026-07-22 10:47:00,55.661,55.661,55.6465,55.6562,6125
2026-07-22 10:48:00,55.6562,55.6659,55.6562,55.6562,3138
2026-07-22 10:49:00,55.6514,55.6514,55.6175,55.6296,6483
2026-07-22 10:50:00,55.632,55.6368,55.6272,55.6272,2956
2026-07-22 10:51:00,55.6223,55.6223,55.6078,55.6126,2950
2026-07-22 10:52:00,55.6126,55.6126,55.603,55.603,1472
2026-07-22 10:53:00,55.6078,55.6078,55.5933,55.5933,3576
2026-07-22 10:54:00,55.5933,55.5933,55.5642,55.5642,6366
2026-07-22 10:55:00,55.5642,55.5739,55.5546,55.5739,9281
2026-07-22 10:56:00,55.5788,55.5788,55.5594,55.568,4930
2026-07-22 10:57:00,55.5642,55.5788,55.5594,55.5739,8030
2026-07-22 10:58:00,55.5739,55.5739,55.5594,55.5594,5072
2026-07-22 10:59:00,55.5594,55.5642,55.5546,55.5594,3496
2026-07-22 11:00:00,55.5583,55.5739,55.5583,55.5739,5148
2026-07-22 11:01:00,55.5739,55.5739,55.5662,55.5691,4034
2026-07-22 11:02:00,55.5739,55.5836,55.5691,55.5788,6585
2026-07-22 11:03:00,55.5739,55.5739,55.5449,55.5497,5364
2026-07-22 11:04:00,55.5546,55.5642,55.54,55.5535,7582
2026-07-22 11:05:00,55.5449,55.5449,55.5207,55.5207,2658
2026-07-22 11:06:00,55.5158,55.5158,55.4965,55.4965,2621
2026-07-22 11:07:00,55.498,55.5062,55.4916,55.4965,6322
2026-07-22 11:08:00,55.4965,55.5062,55.4916,55.5013,2428
2026-07-22 11:09:00,55.5003,55.511,55.4965,55.5013,6663
2026-07-22 11:10:00,55.5013,55.5062,55.4868,55.4868,3399
2026-07-22 11:11:00,55.4916,55.4965,55.4723,55.4771,34353
2026-07-22 11:12:00,55.4868,55.4868,55.4674,55.4723,30245
2026-07-22 11:13:00,55.4674,55.4868,55.4529,55.4868,9149
2026-07-22 11:14:00,55.4965,55.4974,55.4878,55.4916,18388
2026-07-22 11:15:00,55.4916,55.5158,55.4916,55.511,7629
2026-07-22 11:16:00,55.5158,55.5255,55.5158,55.5158,6205
2026-07-22 11:17:00,55.5158,55.5207,55.5013,55.5207,11413
2026-07-22 11:18:00,55.5255,55.5352,55.5255,55.5304,4705
2026-07-22 11:19:00,55.5255,55.5255,55.511,55.5158,6921
2026-07-22 11:20:00,55.511,55.5304,55.5062,55.5304,5472
2026-07-22 11:21:00,55.5304,55.5304,55.5158,55.5304,8627
2026-07-22 11:22:00,55.5304,55.5304,55.5062,55.5062,5522
2026-07-22 11:23:00,55.5158,55.54,55.511,55.5304,5641
2026-07-22 11:24:00,55.5255,55.5255,55.511,55.5158,3281
2026-07-22 11:25:00,55.5158,55.5158,55.5062,55.5062,5221
2026-07-22 11:26:00,55.5158,55.5158,55.5062,55.511,4768
2026-07-22 11:27:00,55.511,55.5158,55.5062,55.511,4073
2026-07-22 11:28:00,55.511,55.5261,55.511,55.5207,6214
2026-07-22 11:29:00,55.5158,55.5158,55.5013,55.511,10431
2026-07-22 11:30:00,55.511,55.5255,55.5062,55.5062,10054
2026-07-22 11:31:00,55.4965,55.4965,55.4674,55.4723,2538
2026-07-22 11:32:00,55.4723,55.4723,55.4626,55.4626,3081
2026-07-22 11:33:00,55.4578,55.4578,55.419,55.4287,15527
2026-07-22 11:34:00,55.4287,55.5497,55.419,55.5255,136633
2026-07-22 11:35:00,55.5352,55.5594,55.5255,55.5304,15166
2026-07-22 11:36:00,55.5255,55.5352,55.5158,55.5304,7693
2026-07-22 11:37:00,55.5255,55.5352,55.5255,55.5352,2109
2026-07-22 11:38:00,55.5352,55.5449,55.5352,55.54,4745
2026-07-22 11:39:00,55.5353,55.54,55.5304,55.54,7363
2026-07-22 11:40:00,55.5352,55.54,55.5255,55.54,5368
2026-07-22 11:41:00,55.5352,55.54,55.5352,55.5352,1621
2026-07-22 11:42:00,55.54,55.5449,55.5352,55.54,3351
2026-07-22 11:43:00,55.5497,55.5546,55.5497,55.5546,3185
2026-07-22 11:44:00,55.5618,55.5739,55.5546,55.5739,3746
2026-07-22 11:45:00,55.5691,55.5788,55.5546,55.5546,2883
2026-07-22 11:46:00,55.5449,55.5449,55.5304,55.5352,2474
2026-07-22 11:47:00,55.5352,55.54,55.5304,55.5304,2534
2026-07-22 11:48:00,55.5258,55.5352,55.5207,55.5304,5806
2026-07-22 11:49:00,55.5352,55.5546,55.5352,55.5546,2747
2026-07-22 11:50:00,55.5497,55.5546,55.5449,55.5546,1225
2026-07-22 11:51:00,55.5454,55.5454,55.54,55.54,1968
2026-07-22 11:52:00,55.5497,55.5546,55.5449,55.5457,3924
2026-07-22 11:53:00,55.5497,55.5546,55.5352,55.5497,6632
2026-07-22 11:54:00,55.5497,55.5642,55.5449,55.5642,2820
2026-07-22 11:55:00,55.5655,55.5933,55.5655,55.5933,3114
2026-07-22 11:56:00,55.5957,55.5981,55.5836,55.5843,6328
2026-07-22 11:57:00,55.5836,55.5836,55.5642,55.5642,3648
2026-07-22 11:58:00,55.5691,55.5739,55.5691,55.5691,6094
2026-07-22 11:59:00,55.5691,55.5933,55.5691,55.5933,2610
2026-07-22 12:00:00,55.5836,55.5836,55.5788,55.5836,3433
2026-07-22 12:01:00,55.5847,55.5884,55.5847,55.5884,674
2026-07-22 12:02:00,55.5837,55.5884,55.5836,55.5884,2003
2026-07-22 12:03:00,55.5884,55.5884,55.5788,55.5884,2277
2026-07-22 12:04:00,55.5933,55.5933,55.5884,55.5884,638
2026-07-22 12:05:00,55.5884,55.603,55.5884,55.5981,5217
2026-07-22 12:06:00,55.5981,55.603,55.5933,55.5933,2614
2026-07-22 12:07:00,55.603,55.6126,55.603,55.6078,5799
2026-07-22 12:08:00,55.6078,55.6078,55.6039,55.6039,483
2026-07-22 12:09:00,55.6054,55.6054,55.5933,55.5933,2123
2026-07-22 12:10:00,55.5981,55.603,55.5933,55.5933,3475
2026-07-22 12:11:00,55.5933,55.5933,55.5884,55.5884,2528
2026-07-22 12:12:00,55.5933,55.603,55.5884,55.5981,4444
2026-07-22 12:13:00,55.5981,55.5981,55.5981,55.5981,387
2026-07-22 12:14:00,55.603,55.6223,55.5981,55.6223,5064
2026-07-22 12:15:00,55.6175,55.6223,55.6175,55.6175,953
2026-07-22 12:16:00,55.6175,55.6199,55.603,55.603,2699
2026-07-22 12:17:00,55.6078,55.6126,55.6078,55.6078,1940
2026-07-22 12:18:00,55.6078,55.6126,55.603,55.6126,3076
2026-07-22 12:19:00,55.6175,55.6175,55.5933,55.5933,3362
2026-07-22 12:20:00,55.603,55.603,55.5944,55.5944,3088
2026-07-22 12:21:00,55.5933,55.5933,55.5836,55.5836,3373
2026-07-22 12:22:00,55.5933,55.6126,55.5884,55.5981,7284
2026-07-22 12:23:00,55.5981,55.5981,55.5691,55.5691,2414
2026-07-22 12:24:00,55.5691,55.5739,55.5594,55.5691,7637
2026-07-22 12:25:00,55.5642,55.5691,55.5449,55.5642,4331
2026-07-22 12:26:00,55.5594,55.5691,55.5594,55.5691,5838
2026-07-22 12:27:00,55.5691,55.5691,55.5691,55.5691,699
2026-07-22 12:28:00,55.5642,55.5642,55.5594,55.5594,2527
2026-07-22 12:29:00,55.5594,55.5594,55.5546,55.5546,2427
2026-07-22 12:30:00,55.5546,55.5546,55.5449,55.5449,3369
2026-07-22 12:31:00,55.5449,55.5497,55.5449,55.5449,2313
2026-07-22 12:32:00,55.5449,55.5594,55.5449,55.5546,5191
2026-07-22 12:33:00,55.5449,55.5546,55.5449,55.5449,4674
2026-07-22 12:34:00,55.54,55.54,55.5158,55.5158,2267
2026-07-22 12:35:00,55.5207,55.5255,55.5158,55.5158,1962
2026-07-22 12:36:00,55.5158,55.5158,55.5062,55.511,2028
2026-07-22 12:37:00,55.5158,55.5158,55.5062,55.511,4212
2026-07-22 12:38:00,55.511,55.511,55.5062,55.511,912
2026-07-22 12:39:00,55.5062,55.511,55.4975,55.4975,6024
2026-07-22 12:40:00,55.4965,55.5062,55.4965,55.4989,1603
2026-07-22 12:41:00,55.5013,55.5158,55.5013,55.5158,1986
2026-07-22 12:42:00,55.5062,55.5158,55.5062,55.5158,3834
2026-07-22 12:43:00,55.5158,55.5158,55.5158,55.5158,225
2026-07-22 12:44:00,55.5207,55.5255,55.5158,55.5207,3021
2026-07-22 12:45:00,55.5158,55.5255,55.511,55.511,4943
2026-07-22 12:46:00,55.5063,55.5063,55.4965,55.4965,4578
2026-07-22 12:47:00,55.5013,55.5013,55.4965,55.4965,710
2026-07-22 12:48:00,55.4965,55.4965,55.4868,55.4916,5696
2026-07-22 12:49:00,55.4916,55.4916,55.4868,55.4868,2580
2026-07-22 12:50:00,55.4868,55.4965,55.4771,55.482,7649
2026-07-22 12:51:00,55.482,55.482,55.4771,55.4771,485
2026-07-22 12:52:00,55.4868,55.4872,55.4626,55.4626,3883
2026-07-22 12:53:00,55.4674,55.4674,55.4578,55.4578,1333
2026-07-22 12:54:00,55.4578,55.4674,55.4578,55.4674,3831
2026-07-22 12:55:00,55.4626,55.4771,55.4626,55.4771,1968
2026-07-22 12:56:00,55.4771,55.4772,55.4771,55.4772,2079
2026-07-22 12:57:00,55.482,55.482,55.4626,55.4626,6105
2026-07-22 12:58:00,55.4626,55.4674,55.4578,55.4626,2105
2026-07-22 12:59:00,55.4674,55.4771,55.4626,55.4723,6258
2026-07-22 13:00:00,55.482,55.4868,55.4771,55.4868,1821
2026-07-22 13:01:00,55.4965,55.4965,55.4674,55.4674,2868
2026-07-22 13:02:00,55.4674,55.482,55.4674,55.4723,3471
2026-07-22 13:03:00,55.4723,55.482,55.4675,55.4723,2349
2026-07-22 13:04:00,55.4723,55.4723,55.4674,55.4674,626
2026-07-22 13:05:00,55.4771,55.4868,55.4723,55.4723,7983
2026-07-22 13:06:00,55.4684,55.4916,55.4684,55.4916,5715
2026-07-22 13:07:00,55.4916,55.5062,55.4916,55.5062,3864
2026-07-22 13:08:00,55.511,55.511,55.4965,55.4965,1556
2026-07-22 13:09:00,55.4965,55.4965,55.4868,55.4868,5048
2026-07-22 13:10:00,55.4868,55.4868,55.4771,55.4771,946
2026-07-22 13:11:00,55.4784,55.482,55.4723,55.4781,8707
2026-07-22 13:12:00,55.482,55.511,55.4771,55.511,4580
2026-07-22 13:13:00,55.5013,55.5013,55.4965,55.4965,756
2026-07-22 13:14:00,55.4965,55.4965,55.4965,55.4965,718
2026-07-22 13:15:00,55.4965,55.4965,55.4868,55.4868,1980
2026-07-22 13:16:00,55.4771,55.4771,55.4723,55.4771,1604
2026-07-22 13:17:00,55.4868,55.4965,55.482,55.4868,2452
2026-07-22 13:18:00,55.4965,55.5062,55.4965,55.5062,5149
2026-07-22 13:19:00,55.511,55.511,55.5063,55.511,995
2026-07-22 13:20:00,55.5143,55.5158,55.511,55.511,833
2026-07-22 13:21:00,55.511,55.5352,55.511,55.5304,4320
2026-07-22 13:22:00,55.5255,55.5304,55.5255,55.5304,411
2026-07-22 13:23:00,55.5255,55.5352,55.5207,55.5304,3073
2026-07-22 13:24:00,55.5255,55.5304,55.5207,55.5207,2271
2026-07-22 13:25:00,55.5207,55.5255,55.5158,55.5207,1342
2026-07-22 13:26:00,55.5207,55.5333,55.5207,55.5333,2355
2026-07-22 13:27:00,55.5255,55.5255,55.5207,55.5207,846
2026-07-22 13:28:00,55.5158,55.5207,55.511,55.5207,3664
2026-07-22 13:29:00,55.5255,55.5255,55.5158,55.5158,3351
2026-07-22 13:30:00,55.5207,55.5255,55.5207,55.5207,1021
2026-07-22 13:31:00,55.5207,55.5304,55.5207,55.5304,4309
2026-07-22 13:32:00,55.5304,55.54,55.5304,55.54,989
2026-07-22 13:33:00,55.5352,55.5352,55.5255,55.5304,1367
2026-07-22 13:34:00,55.5255,55.5255,55.5158,55.5158,1891
2026-07-22 13:35:00,55.5255,55.5352,55.5207,55.5352,4395
2026-07-22 13:36:00,55.5304,55.5352,55.5304,55.5328,1063
2026-07-22 13:37:00,55.54,55.54,55.5304,55.5352,2579
2026-07-22 13:38:00,55.5304,55.5352,55.5304,55.5352,743
2026-07-22 13:39:00,55.5304,55.5353,55.5304,55.5353,2217
2026-07-22 13:40:00,55.5352,55.5352,55.5352,55.5352,410
2026-07-22 13:41:00,55.5352,55.5352,55.5304,55.5352,4755
2026-07-22 13:42:00,55.5352,55.5352,55.5304,55.5304,694
2026-07-22 13:43:00,55.5334,55.54,55.5304,55.54,1740
2026-07-22 13:44:00,55.54,55.5449,55.54,55.54,317
2026-07-22 13:45:00,55.54,55.54,55.54,55.54,416
2026-07-22 13:46:00,55.54,55.5449,55.54,55.54,1620
2026-07-22 13:47:00,55.5449,55.5546,55.54,55.5546,5277
2026-07-22 13:48:00,55.5497,55.5497,55.5497,55.5497,239
2026-07-22 13:49:00,55.5546,55.5546,55.5497,55.5497,967
2026-07-22 13:50:00,55.5497,55.5497,55.5497,55.5497,442
2026-07-22 13:51:00,55.545,55.5546,55.545,55.5497,1488
2026-07-22 13:52:00,55.5497,55.5546,55.5497,55.5546,3930
2026-07-22 13:53:00,55.5642,55.5691,55.5594,55.5642,2396
2026-07-22 13:54:00,55.5691,55.5691,55.5594,55.5642,4721
2026-07-22 13:55:00,55.5651,55.5691,55.5649,55.5649,1322
2026-07-22 13:56:00,55.5691,55.5739,55.5691,55.5739,1616
2026-07-22 13:57:00,55.5788,55.5836,55.5788,55.5836,1622
2026-07-22 13:58:00,55.5933,55.5933,55.5836,55.5836,2138
2026-07-22 13:59:00,55.5836,55.5933,55.5788,55.5933,4101
2026-07-22 14:00:00,55.603,55.603,55.5933,55.603,594
2026-07-22 14:01:00,55.603,55.603,55.5981,55.5981,385
2026-07-22 14:02:00,55.5933,55.5933,55.5884,55.5884,2753
2026-07-22 14:03:00,55.5933,55.5933,55.5836,55.5933,2156
2026-07-22 14:04:00,55.5933,55.5981,55.5933,55.5981,1299
2026-07-22 14:05:00,55.5981,55.603,55.5981,55.603,2391
2026-07-22 14:06:00,55.603,55.6199,55.603,55.6199,2967
2026-07-22 14:07:00,55.6175,55.6223,55.6175,55.6175,1315
2026-07-22 14:08:00,55.6127,55.6206,55.6127,55.6199,1108
2026-07-22 14:09:00,55.6126,55.6126,55.6078,55.6126,4228
2026-07-22 14:10:00,55.6078,55.6102,55.6078,55.6078,1068
2026-07-22 14:11:00,55.6078,55.6175,55.6078,55.6126,4089
2026-07-22 14:12:00,55.6175,55.6175,55.6078,55.6126,3327
2026-07-22 14:13:00,55.603,55.6078,55.603,55.6078,461
2026-07-22 14:14:00,55.603,55.6126,55.603,55.6126,3481
2026-07-22 14:15:00,55.6078,55.6272,55.603,55.6224,9010
2026-07-22 14:16:00,55.6272,55.6272,55.6126,55.6175,5227
2026-07-22 14:17:00,55.6126,55.6126,55.6126,55.6126,200
2026-07-22 14:18:00,55.6126,55.6126,55.603,55.6126,5521
2026-07-22 14:19:00,55.6031,55.6078,55.603,55.6078,2617
2026-07-22 14:20:00,55.603,55.603,55.5981,55.5981,1245
2026-07-22 14:21:00,55.5933,55.5981,55.5933,55.5933,2404
2026-07-22 14:22:00,55.5871,55.5884,55.5836,55.5836,1183
2026-07-22 14:23:00,55.5849,55.5933,55.5849,55.5933,5761
2026-07-22 14:24:00,55.5884,55.5884,55.5884,55.5884,1193
2026-07-22 14:25:00,55.5884,55.5884,55.5788,55.5788,2794
2026-07-22 14:26:00,55.5836,55.5836,55.5642,55.5691,7313
2026-07-22 14:27:00,55.5661,55.5774,55.5661,55.5774,2454
2026-07-22 14:28:00,55.5788,55.5845,55.574,55.5788,3816
2026-07-22 14:29:00,55.5739,55.5739,55.5642,55.5642,2199
2026-07-22 14:30:00,55.565,55.5739,55.565,55.5691,2561
2026-07-22 14:31:00,55.5691,55.5729,55.5691,55.5691,1841
2026-07-22 14:32:00,55.5739,55.5739,55.5643,55.5691,1368
2026-07-22 14:33:00,55.5663,55.5836,55.5663,55.5739,5302
2026-07-22 14:34:00,55.5739,55.5739,55.5739,55.5739,157
2026-07-22 14:35:00,55.5739,55.5739,55.5642,55.5642,3575
2026-07-22 14:36:00,55.5691,55.5739,55.5642,55.5642,2808
2026-07-22 14:37:00,55.5642,55.5642,55.5497,55.5497,3327
2026-07-22 14:38:00,55.5497,55.5623,55.5497,55.5547,3423
2026-07-22 14:39:00,55.5642,55.5642,55.5642,55.5642,687
2026-07-22 14:40:00,55.5546,55.5547,55.5497,55.5547,3841
2026-07-22 14:41:00,55.5565,55.5691,55.5547,55.5691,7352
2026-07-22 14:42:00,55.5691,55.5739,55.5643,55.5739,3236
2026-07-22 14:43:00,55.5691,55.5739,55.5642,55.5691,9035
2026-07-22 14:44:00,55.5691,55.5691,55.5546,55.5642,4402
2026-07-22 14:45:00,55.5642,55.5642,55.5594,55.5642,6368
2026-07-22 14:46:00,55.5642,55.5739,55.5558,55.5691,8511
2026-07-22 14:47:00,55.5691,55.5739,55.5652,55.5739,6300
2026-07-22 14:48:00,55.5691,55.5691,55.5691,55.5691,550
2026-07-22 14:49:00,55.5642,55.5642,55.5642,55.5642,634
2026-07-22 14:50:00,55.5642,55.5642,55.5546,55.5594,4417
2026-07-22 14:51:00,55.5546,55.5642,55.5546,55.5594,3400
2026-07-22 14:52:00,55.5642,55.5642,55.5594,55.5594,4728
2026-07-22 14:53:00,55.5642,55.5739,55.5642,55.5739,1692
2026-07-22 14:54:00,55.5691,55.5691,55.5352,55.5642,16688
2026-07-22 14:55:00,55.5623,55.5623,55.5623,55.5623,328
2026-07-22 14:56:00,55.5594,55.5691,55.5594,55.5691,3830
2026-07-22 14:57:00,55.5642,55.5738,55.5642,55.5691,1309
2026-07-22 14:58:00,55.5691,55.5739,55.5691,55.5739,1368
2026-07-22 14:59:00,55.5642,55.5642,55.5642,55.5642,417
2026-07-22 15:00:00,55.5642,55.5642,55.5546,55.5594,1934
2026-07-22 15:01:00,55.5546,55.5546,55.5497,55.5546,4453
2026-07-22 15:02:00,55.5497,55.5497,55.5497,55.5497,1641
2026-07-22 15:03:00,55.5449,55.5449,55.5352,55.54,3011
2026-07-22 15:04:00,55.5352,55.5449,55.5352,55.5449,1158
2026-07-22 15:05:00,55.5354,55.5449,55.5354,55.54,2338
2026-07-22 15:06:00,55.54,55.54,55.5354,55.54,1191
2026-07-22 15:07:00,55.54,55.5546,55.5352,55.5497,5385
2026-07-22 15:09:00,55.5449,55.5449,55.54,55.5449,3578
2026-07-22 15:10:00,55.5533,55.5533,55.5449,55.5449,1232
2026-07-22 15:11:00,55.5449,55.5449,55.54,55.54,2950
2026-07-22 15:12:00,55.5449,55.5449,55.5353,55.54,2168
2026-07-22 15:13:00,55.54,55.5449,55.5352,55.5352,1235
2026-07-22 15:14:00,55.5352,55.5352,55.5304,55.5352,7203
2026-07-22 15:15:00,55.5304,55.5304,55.5207,55.5255,7574
2026-07-22 15:16:00,55.5207,55.5207,55.5158,55.5158,1246
2026-07-22 15:17:00,55.5158,55.5207,55.511,55.511,3125
2026-07-22 15:18:00,55.511,55.5158,55.5062,55.511,3631
2026-07-22 15:19:00,55.5158,55.5158,55.5062,55.5062,1077
2026-07-22 15:20:00,55.5062,55.5131,55.5062,55.5131,3423
2026-07-22 15:21:00,55.511,55.5158,55.511,55.5158,11035
2026-07-22 15:22:00,55.5158,55.5255,55.511,55.5255,10802
2026-07-22 15:23:00,55.5304,55.5304,55.5255,55.5255,982
2026-07-22 15:24:00,55.5273,55.5273,55.5273,55.5273,490
2026-07-22 15:25:00,55.5304,55.5352,55.5263,55.5263,9205
2026-07-22 15:26:00,55.5255,55.5255,55.5255,55.5255,1719
2026-07-22 15:27:00,55.5255,55.5255,55.5062,55.5063,10162
2026-07-22 15:28:00,55.511,55.5158,55.511,55.5158,2098
2026-07-22 15:29:00,55.5158,55.5207,55.5062,55.5062,7849
2026-07-22 15:30:00,55.5062,55.5062,55.4965,55.5013,8968
2026-07-22 15:31:00,55.4965,55.5013,55.4868,55.4886,4686
2026-07-22 15:32:00,55.4868,55.4916,55.4868,55.4916,1323
2026-07-22 15:33:00,55.4868,55.4965,55.4771,55.4868,30164
2026-07-22 15:34:00,55.4868,55.5013,55.4868,55.4968,2697
2026-07-22 15:35:00,55.5013,55.5062,55.5013,55.5013,1753
2026-07-22 15:36:00,55.4974,55.5062,55.4974,55.5013,2349
2026-07-22 15:37:00,55.4965,55.5013,55.4965,55.5013,1600
2026-07-22 15:38:00,55.5013,55.5013,55.4868,55.4965,11302
2026-07-22 15:39:00,55.4965,55.5062,55.4965,55.4965,2821
2026-07-22 15:40:00,55.5013,55.5062,55.4868,55.5013,7984
2026-07-22 15:41:00,55.4968,55.5062,55.4965,55.4965,4412
2026-07-22 15:42:00,55.4965,55.4965,55.482,55.482,5285
2026-07-22 15:43:00,55.4771,55.4771,55.4674,55.4723,10604
2026-07-22 15:44:00,55.4771,55.482,55.4674,55.4788,6840
2026-07-22 15:45:00,55.4771,55.4771,55.4674,55.4674,3662
2026-07-22 15:46:00,55.4723,55.4771,55.4674,55.4723,4405
2026-07-22 15:47:00,55.4723,55.482,55.4723,55.482,6141
2026-07-22 15:48:00,55.482,55.4965,55.482,55.4916,7009
2026-07-22 15:49:00,55.4916,55.5062,55.4869,55.5013,7630
2026-07-22 15:50:00,55.5013,55.5334,55.5013,55.5207,19916
2026-07-22 15:51:00,55.5207,55.5255,55.5062,55.511,22463
2026-07-22 15:52:00,55.5062,55.5158,55.5062,55.5062,3537
2026-07-22 15:53:00,55.5062,55.511,55.4965,55.4965,10015
2026-07-22 15:54:00,55.4965,55.4965,55.4578,55.4626,17845
2026-07-22 15:55:00,55.4626,55.4674,55.4587,55.4626,7170
2026-07-22 15:56:00,55.4626,55.4626,55.4578,55.4626,23190
2026-07-22 15:57:00,55.4626,55.4674,55.4578,55.4626,14017
2026-07-22 15:58:00,55.4578,55.4626,55.4432,55.4481,22962
2026-07-22 15:59:00,55.4481,55.4578,55.4384,55.4432,51116
2026-07-23 09:30:00,54.6156,54.7414,54.5962,54.7027,53117
2026-07-23 09:31:00,54.7027,54.7221,54.6833,54.6833,24820
2026-07-23 09:32:00,54.693,54.7124,54.6833,54.6979,13025
2026-07-23 09:33:00,54.6979,54.7124,54.6882,54.7075,10951
2026-07-23 09:34:00,54.7075,54.7414,54.7075,54.7414,7798
2026-07-23 09:35:00,54.7463,54.7898,54.7414,54.7753,12989
2026-07-23 09:36:00,54.7801,54.7995,54.7608,54.7656,5985
2026-07-23 09:37:00,54.7898,54.7995,54.7801,54.785,10524
2026-07-23 09:38:00,54.7947,54.7995,54.785,54.7995,7357
2026-07-23 09:39:00,54.7995,54.8673,54.7947,54.8576,43963
2026-07-23 09:40:00,54.8576,54.8769,54.8527,54.8769,18654
2026-07-23 09:41:00,54.8769,54.9157,54.8769,54.906,19224
2026-07-23 09:42:00,54.9157,54.9447,54.906,54.9447,17043
2026-07-23 09:43:00,54.9447,54.9931,54.9399,54.9931,26522
2026-07-23 09:44:00,54.9931,54.9931,54.9592,54.9737,8819
2026-07-23 09:45:00,54.9641,54.9689,54.9302,54.9302,21617
2026-07-23 09:46:00,54.9302,54.9495,54.9157,54.9157,34308
2026-07-23 09:47:00,54.9253,54.935,54.9205,54.9253,13719
2026-07-23 09:48:00,54.9205,54.9253,54.8866,54.8866,6387
2026-07-23 09:49:00,54.8866,54.8866,54.8673,54.8866,8679
2026-07-23 09:50:00,54.8769,54.8866,54.8624,54.8624,9086
2026-07-23 09:51:00,54.8673,54.8866,54.8576,54.8576,15054
2026-07-23 09:52:00,54.8673,54.8769,54.8431,54.8431,6441
2026-07-23 09:53:00,54.8576,54.8576,54.8285,54.8382,6293
2026-07-23 09:54:00,54.8382,54.8479,54.8237,54.8479,11756
2026-07-23 09:55:00,54.8479,54.8624,54.8382,54.8382,12223
2026-07-23 09:56:00,54.8479,54.8576,54.8334,54.8576,9602
2026-07-23 09:57:00,54.8527,54.8576,54.8334,54.8382,6903
2026-07-23 09:58:00,54.8479,54.8673,54.8431,54.8673,4473
2026-07-23 09:59:00,54.8673,54.8963,54.8624,54.8963,15752
2026-07-23 10:00:00,54.8963,54.8963,54.8721,54.8866,10328
2026-07-23 10:01:00,54.8866,54.8915,54.8721,54.8818,5204
2026-07-23 10:02:00,54.8818,54.8818,54.8479,54.8479,9881
2026-07-23 10:03:00,54.8479,54.8769,54.8431,54.8673,11900
2026-07-23 10:04:00,54.8576,54.9157,54.8527,54.9157,15517
2026-07-23 10:05:00,54.9157,54.9447,54.9108,54.9447,11948
2026-07-23 10:06:00,54.935,54.9447,54.9253,54.9302,10964
2026-07-23 10:07:00,54.9302,54.9447,54.9157,54.9157,6342
2026-07-23 10:08:00,54.9157,54.9157,54.8963,54.906,10549
2026-07-23 10:09:00,54.906,54.906,54.8866,54.8963,4748
2026-07-23 10:10:00,54.906,54.906,54.8963,54.8963,9702
2026-07-23 10:11:00,54.8866,54.8866,54.8673,54.8673,8671
2026-07-23 10:12:00,54.8673,54.906,54.8624,54.906,14649
2026-07-23 10:13:00,54.9011,54.906,54.8866,54.8866,5474
2026-07-23 10:14:00,54.8866,54.8963,54.8866,54.8915,3838
2026-07-23 10:15:00,54.8866,54.9253,54.8769,54.9253,11033
2026-07-23 10:16:00,54.9205,54.9544,54.9157,54.9544,8697
2026-07-23 10:17:00,54.9544,54.9641,54.9447,54.9641,6818
2026-07-23 10:18:00,54.9592,54.9689,54.9544,54.9689,22288
2026-07-23 10:19:00,54.9641,54.9689,54.9592,54.9641,5047
2026-07-23 10:20:00,54.9544,54.9592,54.9302,54.935,8039
2026-07-23 10:21:00,54.9302,54.9544,54.9302,54.9448,9646
2026-07-23 10:22:00,54.9447,54.9544,54.935,54.935,19935
2026-07-23 10:23:00,54.9447,54.9447,54.935,54.9399,5645
2026-07-23 10:24:00,54.935,54.935,54.9036,54.9108,14246
2026-07-23 10:25:00,54.9108,54.935,54.9108,54.9205,13810
2026-07-23 10:26:00,54.9253,54.9253,54.9157,54.9157,3025
2026-07-23 10:27:00,54.9157,54.935,54.9108,54.9157,7419
2026-07-23 10:28:00,54.9186,54.9253,54.9011,54.9011,5436
2026-07-23 10:29:00,54.906,54.935,54.9011,54.9253,20689
2026-07-23 10:30:00,54.9205,54.9253,54.906,54.9108,10728
2026-07-23 10:31:00,54.9131,54.9302,54.906,54.906,12522
2026-07-23 10:32:00,54.906,54.906,54.8818,54.8963,16438
2026-07-23 10:33:00,54.8963,54.8963,54.8769,54.8769,3755
2026-07-23 10:34:00,54.8769,54.8769,54.8624,54.8624,5375
2026-07-23 10:35:00,54.8624,54.8624,54.8334,54.8382,26536
2026-07-23 10:36:00,54.8382,54.8479,54.8334,54.8334,36679
2026-07-23 10:37:00,54.8334,54.8479,54.8334,54.8431,11918
2026-07-23 10:38:00,54.8431,54.8459,54.8237,54.8237,7488
2026-07-23 10:39:00,54.8285,54.842,54.8237,54.8381,18210
2026-07-23 10:40:00,54.8382,54.8431,54.8237,54.8285,12612
2026-07-23 10:41:00,54.8224,54.8437,54.8189,54.8431,18105
2026-07-23 10:42:00,54.8431,54.8479,54.8286,54.8382,10459
2026-07-23 10:43:00,54.8431,54.8479,54.8286,54.8287,20064
2026-07-23 10:44:00,54.8334,54.8382,54.8285,54.8285,13265
2026-07-23 10:45:00,54.8224,54.8285,54.8189,54.8285,9864
2026-07-23 10:46:00,54.8237,54.8382,54.8189,54.8237,18484
2026-07-23 10:47:00,54.8237,54.8382,54.819,54.8382,7560
2026-07-23 10:48:00,54.8305,54.8479,54.8286,54.8382,37265
2026-07-23 10:49:00,54.8382,54.8479,54.8334,54.8334,10986
2026-07-23 10:50:00,54.8385,54.8479,54.8237,54.8383,21764
2026-07-23 10:51:00,54.8383,54.8576,54.8382,54.8479,19777
2026-07-23 10:52:00,54.8479,54.8673,54.8479,54.8652,18454
2026-07-23 10:53:00,54.8673,54.8771,54.8673,54.8769,12504
2026-07-23 10:54:00,54.8673,54.8673,54.8479,54.8527,12431
2026-07-23 10:55:00,54.8479,54.8556,54.8382,54.8479,9809
2026-07-23 10:56:00,54.8431,54.8576,54.8431,54.8479,9403
2026-07-23 10:57:00,54.8411,54.8526,54.8382,54.8418,6839
2026-07-23 10:58:00,54.8382,54.8382,54.8285,54.8285,9464
2026-07-23 10:59:00,54.8285,54.8612,54.8285,54.8527,8729
2026-07-23 11:00:00,54.8479,54.8673,54.8431,54.8673,5878
2026-07-23 11:01:00,54.8624,54.8673,54.8577,54.8652,9356
2026-07-23 11:02:00,54.8576,54.8772,54.8576,54.8772,12939
2026-07-23 11:03:00,54.8769,54.8915,54.8721,54.8866,6086
2026-07-23 11:04:00,54.8868,54.8868,54.8769,54.8815,3108
2026-07-23 11:05:00,54.8769,54.8866,54.8721,54.8818,12079
2026-07-23 11:06:00,54.8818,54.906,54.8818,54.8964,16810
2026-07-23 11:07:00,54.8963,54.9205,54.8915,54.9205,32042
2026-07-23 11:08:00,54.9253,54.9299,54.9205,54.9205,4439
2026-07-23 11:09:00,54.9157,54.9205,54.9011,54.9157,5991
2026-07-23 11:10:00,54.9157,54.9157,54.8963,54.9011,4201
2026-07-23 11:11:00,54.9011,54.906,54.8771,54.8771,13924
2026-07-23 11:12:00,54.879,54.8818,54.8673,54.8769,5065
2026-07-23 11:13:00,54.8769,54.906,54.8721,54.8818,38107
2026-07-23 11:14:00,54.8866,54.906,54.8818,54.8963,26871
2026-07-23 11:15:00,54.8963,54.906,54.8866,54.8963,21812
2026-07-23 11:16:00,54.8963,54.8963,54.8866,54.8866,7137
2026-07-23 11:17:00,54.8866,54.8866,54.8576,54.8576,9040
2026-07-23 11:18:00,54.8527,54.8624,54.8527,54.8624,1024
2026-07-23 11:19:00,54.8576,54.8576,54.8334,54.8334,6960
2026-07-23 11:20:00,54.8431,54.8621,54.8382,54.8621,9523
2026-07-23 11:21:00,54.8576,54.8769,54.8479,54.8479,11705
2026-07-23 11:22:00,54.8527,54.8527,54.8285,54.8385,34505
2026-07-23 11:23:00,54.8479,54.8479,54.8334,54.8479,5539
2026-07-23 11:24:00,54.8527,54.8673,54.8527,54.8624,5820
2026-07-23 11:25:00,54.8673,54.8963,54.8673,54.8963,3753
2026-07-23 11:26:00,54.8963,54.906,54.8866,54.9011,28556
2026-07-23 11:27:00,54.9011,54.906,54.9011,54.9011,15334
2026-07-23 11:28:00,54.8963,54.9011,54.8673,54.8673,5591
2026-07-23 11:29:00,54.8721,54.8866,54.8673,54.8673,8354
2026-07-23 11:30:00,54.8769,54.8866,54.8721,54.8866,5543
2026-07-23 11:31:00,54.8963,54.9157,54.8963,54.9108,5649
2026-07-23 11:32:00,54.9157,54.9253,54.9157,54.9205,2381
2026-07-23 11:33:00,54.9205,54.935,54.9205,54.9302,5819
2026-07-23 11:34:00,54.9302,54.9641,54.9108,54.9641,45019
2026-07-23 11:35:00,54.9641,55.0028,54.9641,54.9883,16185
2026-07-23 11:36:00,54.9883,54.9979,54.9834,54.9883,8487
2026-07-23 11:37:00,54.9883,54.9931,54.9834,54.9834,7586
2026-07-23 11:38:00,54.9786,54.9883,54.9786,54.9786,5887
2026-07-23 11:39:00,54.9834,54.9834,54.9737,54.9786,2711
2026-07-23 11:40:00,54.9737,54.9834,54.9689,54.9689,12661
2026-07-23 11:41:00,54.9737,54.9883,54.9689,54.9883,2748
2026-07-23 11:42:00,54.9883,55.0028,54.9883,54.9979,14841
2026-07-23 11:43:00,55.0028,55.0076,54.9931,55.0028,19038
2026-07-23 11:44:00,54.9979,55.0009,54.9883,54.9883,5139
2026-07-23 11:45:00,54.9883,54.9931,54.9834,54.9883,4982
2026-07-23 11:46:00,54.9931,55.0076,54.9883,55.0076,4914
2026-07-23 11:47:00,55.0076,55.0125,55.0028,55.0076,1199
2026-07-23 11:48:00,55.0028,55.0076,54.9979,55.0076,5596
2026-07-23 11:49:00,55.0125,55.0705,55.0076,55.0609,10609
2026-07-23 11:50:00,55.056,55.056,55.0415,55.0415,4382
2026-07-23 11:51:00,55.0415,55.0415,55.0318,55.0367,2057
2026-07-23 11:52:00,55.0415,55.0415,55.0173,55.0173,2610
2026-07-23 11:53:00,55.0173,55.0221,55.0125,55.0125,3853
2026-07-23 11:54:00,55.0125,55.0125,54.9883,54.9883,2066
2026-07-23 11:55:00,54.9883,55.0028,54.9641,54.9641,4664
2026-07-23 11:56:00,54.9641,54.9883,54.9544,54.9883,8952
2026-07-23 11:57:00,54.9834,55.0221,54.9834,54.9931,11131
2026-07-23 11:58:00,54.9883,54.9979,54.9883,54.9931,2070
2026-07-23 11:59:00,54.9931,55.0028,54.9834,55.0028,9812
2026-07-23 12:00:00,55.0076,55.0221,54.9931,55.0221,6001
2026-07-23 12:01:00,55.0125,55.0512,55.0028,55.0512,15253
2026-07-23 12:02:00,55.0512,55.0609,55.0512,55.056,6245
2026-07-23 12:03:00,55.0512,55.0609,55.0463,55.056,4597
2026-07-23 12:04:00,55.0657,55.0657,55.0415,55.0415,1326
2026-07-23 12:05:00,55.0463,55.056,55.0415,55.0488,5453
2026-07-23 12:06:00,55.0415,55.0463,55.0318,55.0367,6219
2026-07-23 12:07:00,55.0318,55.0318,55.0221,55.027,3750
2026-07-23 12:08:00,55.0318,55.0367,55.0221,55.0367,4325
2026-07-23 12:09:00,55.0318,55.0512,55.0318,55.0415,3884
2026-07-23 12:10:00,55.0463,55.0609,55.0415,55.0512,2919
2026-07-23 12:11:00,55.056,55.0705,55.056,55.0657,2253
2026-07-23 12:12:00,55.0705,55.0705,55.0415,55.0415,3185
2026-07-23 12:13:00,55.0319,55.0463,55.0319,55.0463,1169
2026-07-23 12:14:00,55.0463,55.0802,55.0461,55.0754,8368
2026-07-23 12:15:00,55.0802,55.1093,55.0802,55.1007,2310
2026-07-23 12:16:00,55.0996,55.1044,55.0996,55.1044,1040
2026-07-23 12:17:00,55.1093,55.1093,55.1044,55.1093,1380
2026-07-23 12:18:00,55.1131,55.1189,55.1131,55.1141,929
2026-07-23 12:19:00,55.1141,55.1185,55.1093,55.1185,1146
2026-07-23 12:20:00,55.1117,55.1189,55.1093,55.1093,1743
2026-07-23 12:21:00,55.1189,55.1189,55.1093,55.1141,2502
2026-07-23 12:22:00,55.1141,55.1286,55.1141,55.1286,1371
2026-07-23 12:23:00,55.1238,55.1286,55.1189,55.1189,2469
2026-07-23 12:24:00,55.1286,55.1286,55.1141,55.1238,5299
2026-07-23 12:25:00,55.1286,55.1286,55.1141,55.1141,2545
2026-07-23 12:26:00,55.1189,55.1238,55.1093,55.1238,11195
2026-07-23 12:27:00,55.1238,55.1286,55.1238,55.1238,2823
2026-07-23 12:28:00,55.1189,55.1189,55.1093,55.1189,4233
2026-07-23 12:29:00,55.1286,55.1286,55.1209,55.1209,1320
2026-07-23 12:30:00,55.1189,55.1238,55.1141,55.1189,6867
2026-07-23 12:31:00,55.1189,55.1189,55.1093,55.1189,2861
2026-07-23 12:32:00,55.1094,55.1238,55.1093,55.1093,6588
2026-07-23 12:33:00,55.1141,55.1189,55.1141,55.1189,427
2026-07-23 12:34:00,55.1093,55.1093,55.1044,55.1044,7882
2026-07-23 12:35:00,55.0996,55.1068,55.0996,55.1068,1090
2026-07-23 12:36:00,55.0996,55.0996,55.0899,55.0899,2330
2026-07-23 12:37:00,55.0899,55.0947,55.0802,55.0899,5372
2026-07-23 12:38:00,55.0851,55.1141,55.0802,55.1141,12984
2026-07-23 12:39:00,55.1093,55.1093,55.1093,55.1093,462
2026-07-23 12:40:00,55.1189,55.1238,55.1141,55.1189,2140
2026-07-23 12:41:00,55.1141,55.1238,55.0996,55.1093,7560
2026-07-23 12:42:00,55.0996,55.1093,55.0947,55.1044,4499
2026-07-23 12:43:00,55.0996,55.0996,55.0899,55.0899,6787
2026-07-23 12:44:00,55.0996,55.0996,55.0899,55.0947,7312
2026-07-23 12:45:00,55.1093,55.1093,55.0996,55.0996,1334
2026-07-23 12:46:00,55.0996,55.1093,55.0996,55.1087,2242
2026-07-23 12:47:00,55.1044,55.1093,55.0996,55.1044,960
2026-07-23 12:48:00,55.1044,55.1044,55.0996,55.0996,693
2026-07-23 12:49:00,55.1044,55.1044,55.1044,55.1044,750
2026-07-23 12:50:00,55.0996,55.0996,55.0851,55.0851,2440
2026-07-23 12:51:00,55.0851,55.0996,55.0851,55.0996,3185
2026-07-23 12:52:00,55.0996,55.0996,55.0899,55.0899,1512
2026-07-23 12:53:00,55.0899,55.0899,55.0705,55.0802,3026
2026-07-23 12:54:00,55.0802,55.0996,55.0802,55.0947,4281
2026-07-23 12:55:00,55.0996,55.1093,55.0899,55.1093,6826
2026-07-23 12:56:00,55.1189,55.1286,55.1141,55.1238,5560
2026-07-23 12:57:00,55.1286,55.1286,55.1189,55.1286,5928
2026-07-23 12:58:00,55.1286,55.1383,55.1286,55.1286,3436
2026-07-23 12:59:00,55.1383,55.1383,55.1286,55.1335,1966
2026-07-23 13:00:00,55.1335,55.1673,55.1335,55.1625,6211
2026-07-23 13:01:00,55.1625,55.1625,55.148,55.1528,3885
2026-07-23 13:02:00,55.1528,55.1528,55.1528,55.1528,644
2026-07-23 13:03:00,55.148,55.1576,55.1431,55.1576,4230
2026-07-23 13:04:00,55.148,55.148,55.1384,55.148,3508
2026-07-23 13:05:00,55.1431,55.148,55.1383,55.148,3048
2026-07-23 13:06:00,55.1552,55.1552,55.1335,55.1383,13446
2026-07-23 13:07:00,55.148,55.1577,55.1383,55.1431,13617
2026-07-23 13:08:00,55.1431,55.1577,55.1383,55.1383,3805
2026-07-23 13:09:00,55.148,55.1625,55.1431,55.1528,10627
2026-07-23 13:10:00,55.1528,55.1673,55.1528,55.1577,9653
2026-07-23 13:11:00,55.1625,55.1673,55.1577,55.1577,2335
2026-07-23 13:12:00,55.1577,55.1577,55.148,55.148,3870
2026-07-23 13:13:00,55.1528,55.1673,55.148,55.148,1986
2026-07-23 13:14:00,55.1431,55.1431,55.1383,55.1384,855
2026-07-23 13:15:00,55.1383,55.1383,55.1286,55.1335,5566
2026-07-23 13:16:00,55.1335,55.1383,55.1335,55.1335,5360
2026-07-23 13:17:00,55.1286,55.1383,55.1286,55.1286,1465
2026-07-23 13:18:00,55.1093,55.1093,55.0996,55.0996,757
2026-07-23 13:19:00,55.0996,55.1093,55.0996,55.0996,2432
2026-07-23 13:20:00,55.0947,55.0947,55.0609,55.0609,3362
2026-07-23 13:21:00,55.056,55.0802,55.056,55.0705,11688
2026-07-23 13:22:00,55.0754,55.0802,55.0609,55.0754,5500
2026-07-23 13:23:00,55.0705,55.0705,55.0705,55.0705,454
2026-07-23 13:24:00,55.0705,55.0802,55.0705,55.0802,18128
2026-07-23 13:25:00,55.0802,55.0802,55.0712,55.0802,5328
2026-07-23 13:26:00,55.0754,55.0802,55.0609,55.0657,5587
2026-07-23 13:27:00,55.0657,55.0657,55.0415,55.0415,8171
2026-07-23 13:28:00,55.0415,55.0512,55.0415,55.0463,2470
2026-07-23 13:29:00,55.0415,55.056,55.0415,55.0512,3437
2026-07-23 13:30:00,55.0415,55.056,55.0367,55.0512,5748
2026-07-23 13:31:00,55.056,55.056,55.0443,55.0463,2034
2026-07-23 13:32:00,55.0463,55.0463,55.0463,55.0463,2714
2026-07-23 13:33:00,55.0488,55.0512,55.027,55.027,9262
2026-07-23 13:34:00,55.0318,55.0463,55.027,55.0318,10287
2026-07-23 13:35:00,55.0367,55.0415,55.0318,55.0367,4782
2026-07-23 13:36:00,55.0367,55.0367,55.0197,55.0197,3827
2026-07-23 13:37:00,55.0125,55.0318,55.0076,55.0221,14491
2026-07-23 13:38:00,55.0221,55.0512,55.0173,55.0367,9133
2026-07-23 13:39:00,55.0462,55.0462,55.0173,55.0173,5669
2026-07-23 13:40:00,55.0125,55.0221,55.0125,55.0173,7782
2026-07-23 13:41:00,55.0173,55.027,55.0076,55.0173,6784
2026-07-23 13:42:00,55.0125,55.027,55.0076,55.0125,13010
2026-07-23 13:43:00,55.0197,55.0197,55.0028,55.0076,6856
2026-07-23 13:44:00,55.0028,55.0028,54.9931,54.9979,5533
2026-07-23 13:45:00,54.9931,55.0028,54.9931,55.0028,2884
2026-07-23 13:46:00,54.9979,55.0076,54.9979,54.9979,13489
2026-07-23 13:47:00,54.9931,55.0125,54.9883,55.0076,13009
2026-07-23 13:48:00,55.0028,55.0125,54.9931,54.9931,2910
2026-07-23 13:49:00,54.9931,55.0028,54.9883,54.9883,14718
2026-07-23 13:50:00,54.9883,54.9979,54.9883,54.9883,4891
2026-07-23 13:51:00,55.0028,55.0125,54.9931,55.0125,12134
2026-07-23 13:52:00,55.0076,55.0125,55.0028,55.0028,1378
2026-07-23 13:53:00,55.0076,55.0125,55.0028,55.0076,7913
2026-07-23 13:54:00,55.0029,55.0318,55.0029,55.0318,19217
2026-07-23 13:55:00,55.027,55.0318,55.0135,55.0135,7720
2026-07-23 13:56:00,55.0173,55.0221,54.9931,54.9931,6607
2026-07-23 13:57:00,54.9931,54.9933,54.9883,54.9883,5273
2026-07-23 13:58:00,54.9834,55.0028,54.9737,54.9931,15585
2026-07-23 13:59:00,54.9931,54.9979,54.9834,54.9834,5959
2026-07-23 14:00:00,54.9834,54.9834,54.9737,54.9834,6388
2026-07-23 14:01:00,54.9834,55.0028,54.9786,54.9979,7607
2026-07-23 14:02:00,54.9979,55.0125,54.9979,55.0125,6638
2026-07-23 14:03:00,55.0076,55.0173,55.0076,55.0125,6595
2026-07-23 14:04:00,55.0028,55.0076,54.9931,54.9931,4620
2026-07-23 14:05:00,54.9931,55.0125,54.9931,55.0048,9683
2026-07-23 14:06:00,55.0125,55.0125,55.0076,55.0125,5664
2026-07-23 14:07:00,55.0125,55.0125,55.0028,55.0028,1851
2026-07-23 14:08:00,55.0033,55.0125,55.0028,55.0028,4582
2026-07-23 14:09:00,55.0028,55.0125,54.9979,55.0076,14539
2026-07-23 14:10:00,55.0076,55.0125,55.0028,55.0028,5825
2026-07-23 14:11:00,54.9931,55.0076,54.9931,55.0028,6236
2026-07-23 14:12:00,54.9931,55.0125,54.9931,55.0125,7786
2026-07-23 14:13:00,55.0125,55.0125,55.0028,55.0076,1979
2026-07-23 14:14:00,55.0076,55.0076,54.9931,54.9931,1666
2026-07-23 14:15:00,54.9931,54.9931,54.9883,54.9883,7618
2026-07-23 14:16:00,54.9883,54.9883,54.9834,54.9835,1411
2026-07-23 14:17:00,54.9834,55.0028,54.9834,55.0028,3668
2026-07-23 14:18:00,54.9931,54.9931,54.9641,54.9641,8378
2026-07-23 14:19:00,54.9641,54.9786,54.9641,54.9786,3863
2026-07-23 14:20:00,54.9786,54.9834,54.9737,54.9737,1938
2026-07-23 14:21:00,54.9737,54.9786,54.9689,54.9786,3190
2026-07-23 14:22:00,54.9834,55.0076,54.9786,55.0076,5528
2026-07-23 14:23:00,55.0125,55.0173,55.0028,55.0056,6850
2026-07-23 14:24:00,55.0125,55.0125,55.0028,55.0076,1712
2026-07-23 14:25:00,55.0028,55.0028,54.9931,54.9979,6198
2026-07-23 14:26:00,54.9931,54.9931,54.9737,54.9786,6024
2026-07-23 14:27:00,54.9834,55.0028,54.9834,54.9979,9303
2026-07-23 14:28:00,54.9979,55.0076,54.9931,55.0076,2214
2026-07-23 14:29:00,55.004,55.0076,55.0028,55.0076,1694
2026-07-23 14:30:00,55.0028,55.0125,55.0028,55.0076,3377
2026-07-23 14:31:00,55.0125,55.0125,55.0029,55.0076,8216
2026-07-23 14:32:00,55.0076,55.0125,55.0028,55.0076,4241
2026-07-23 14:33:00,55.0076,55.0173,55.0076,55.0125,13429
2026-07-23 14:34:00,55.0173,55.0221,55.0125,55.0125,8178
2026-07-23 14:35:00,55.0029,55.0125,55.0028,55.0028,3547
2026-07-23 14:36:00,55.0076,55.0125,55.0076,55.0125,898
2026-07-23 14:37:00,55.0076,55.0125,55.0028,55.0076,4232
2026-07-23 14:38:00,55.0076,55.0125,55.0028,55.0076,1135
2026-07-23 14:39:00,55.0028,55.0028,54.9979,54.9979,3358
2026-07-23 14:40:00,54.9931,54.9931,54.9834,54.9834,2413
2026-07-23 14:41:00,54.9931,54.9931,54.9834,54.9834,1662
2026-07-23 14:42:00,54.9883,54.9883,54.9834,54.9834,2460
2026-07-23 14:43:00,54.9834,54.9834,54.9641,54.9689,3192
2026-07-23 14:44:00,54.9641,54.9641,54.9544,54.9592,3131
2026-07-23 14:45:00,54.9544,54.9641,54.9544,54.9592,2365
2026-07-23 14:46:00,54.9641,54.9641,54.9544,54.9544,3645
2026-07-23 14:47:00,54.9592,54.9834,54.9544,54.9786,11344
2026-07-23 14:48:00,54.9786,54.9883,54.9786,54.9883,1721
2026-07-23 14:49:00,54.9883,54.9931,54.9786,54.9786,10115
2026-07-23 14:50:00,54.9737,54.9786,54.9641,54.9641,1575
2026-07-23 14:51:00,54.9592,54.9641,54.9544,54.9544,7683
2026-07-23 14:52:00,54.9641,54.9834,54.9554,54.9834,10524
2026-07-23 14:53:00,54.9834,55.0028,54.9834,55.0028,1124
2026-07-23 14:54:00,54.9979,55.0028,54.9931,55.0028,5474
2026-07-23 14:55:00,55.0028,55.0028,54.9931,54.9979,7960
2026-07-23 14:56:00,55.0028,55.0028,54.9931,54.9931,2826
2026-07-23 14:57:00,54.9979,55.0028,54.9979,55.0028,4320
2026-07-23 14:58:00,55.0076,55.0125,55.0076,55.0076,1088
2026-07-23 14:59:00,55.0076,55.0125,55.0028,55.0125,1135
2026-07-23 15:00:00,55.0028,55.0076,55.0028,55.0063,1386
2026-07-23 15:01:00,55.0028,55.0028,54.9834,54.9883,8769
2026-07-23 15:02:00,54.9931,55.0028,54.9883,55.0028,5938
2026-07-23 15:03:00,55.0028,55.0125,54.9883,54.9931,7623
2026-07-23 15:04:00,54.9933,54.9933,54.9835,54.9883,4559
2026-07-23 15:05:00,54.9921,54.9921,54.9738,54.9786,4486
2026-07-23 15:06:00,54.9737,54.9834,54.9737,54.9737,2079
2026-07-23 15:07:00,54.9737,54.9834,54.9641,54.9689,8673
2026-07-23 15:08:00,54.9689,54.9834,54.9592,54.9592,19891
2026-07-23 15:09:00,54.9592,54.9592,54.9399,54.9399,14412
2026-07-23 15:10:00,54.9399,54.9399,54.9157,54.9157,7295
2026-07-23 15:11:00,54.9205,54.9302,54.9009,54.9009,28568
2026-07-23 15:12:00,54.8963,54.906,54.8915,54.8915,5969
2026-07-23 15:13:00,54.8915,54.9233,54.8915,54.9233,10829
2026-07-23 15:14:00,54.9253,54.9253,54.906,54.906,9353
2026-07-23 15:15:00,54.9085,54.9253,54.8963,54.9205,7908
2026-07-23 15:16:00,54.9205,54.9302,54.9157,54.9282,8837
2026-07-23 15:17:00,54.9302,54.935,54.9253,54.9326,3212
2026-07-23 15:18:00,54.9302,54.9302,54.9253,54.9253,662
2026-07-23 15:19:00,54.9302,54.9338,54.9253,54.9253,5130
2026-07-23 15:20:00,54.9253,54.935,54.9253,54.9302,18400
2026-07-23 15:21:00,54.9302,54.9544,54.9302,54.9495,20783
2026-07-23 15:22:00,54.9641,54.9834,54.9592,54.9786,8124
2026-07-23 15:23:00,54.9834,54.9931,54.9737,54.9786,25070
2026-07-23 15:24:00,54.9786,54.9834,54.9786,54.9834,5718
2026-07-23 15:25:00,54.9834,54.9834,54.9761,54.9786,6285
2026-07-23 15:26:00,54.9786,54.9931,54.9747,54.9883,12207
2026-07-23 15:27:00,54.9931,54.9931,54.9883,54.9892,4365
2026-07-23 15:28:00,54.9834,54.9931,54.9737,54.9834,5674
2026-07-23 15:29:00,54.9834,54.9931,54.9737,54.9883,15167
2026-07-23 15:30:00,54.9883,55.0028,54.9834,54.9834,12853
2026-07-23 15:31:00,54.9834,54.9933,54.9786,54.9834,24223
2026-07-23 15:32:00,54.9786,54.9931,54.9737,54.9834,12430
2026-07-23 15:33:00,54.9834,54.9834,54.9748,54.9831,4205
2026-07-23 15:34:00,54.9786,54.9931,54.9773,54.9834,22970
2026-07-23 15:35:00,54.9737,54.9834,54.9592,54.9641,16642
2026-07-23 15:36:00,54.9592,54.9737,54.9544,54.9737,13093
2026-07-23 15:37:00,54.9737,54.9786,54.9689,54.9786,3740
2026-07-23 15:38:00,54.9786,54.9834,54.9737,54.9825,3866
2026-07-23 15:39:00,54.9737,54.9834,54.9737,54.9786,4680
2026-07-23 15:40:00,54.9834,54.9883,54.9689,54.9786,17237
2026-07-23 15:41:00,54.9786,54.9834,54.9737,54.9737,5555
2026-07-23 15:42:00,54.9689,54.9729,54.9641,54.9729,3619
2026-07-23 15:43:00,54.9689,54.9689,54.9205,54.9302,33978
2026-07-23 15:44:00,54.9302,54.9399,54.9302,54.9302,19754
2026-07-23 15:45:00,54.9253,54.935,54.9205,54.935,9799
2026-07-23 15:46:00,54.9253,54.9253,54.9096,54.9096,11155
2026-07-23 15:47:00,54.9108,54.9157,54.9011,54.9011,25886
2026-07-23 15:48:00,54.906,54.906,54.8769,54.8818,18428
2026-07-23 15:49:00,54.8818,54.8963,54.8818,54.8818,10328
2026-07-23 15:50:00,54.8769,54.8866,54.8479,54.8624,43165
2026-07-23 15:51:00,54.8624,54.8673,54.8479,54.8479,22457
2026-07-23 15:52:00,54.8479,54.8479,54.7995,54.814,62377
2026-07-23 15:53:00,54.8189,54.8382,54.7995,54.7995,31149
2026-07-23 15:54:00,54.7995,54.8092,54.7705,54.7705,86196
2026-07-23 15:55:00,54.7705,54.7898,54.7656,54.7753,157732
2026-07-23 15:56:00,54.7705,54.7801,54.7608,54.7656,93168
2026-07-23 15:57:00,54.7656,54.8092,54.7511,54.8043,76008
2026-07-23 15:58:00,54.8092,54.8092,54.7608,54.7608,57933
2026-07-23 15:59:00,54.7608,54.7705,54.7027,54.7124,128264
2026-07-24 09:30:00,58.1488,58.3328,58.0424,58.2602,280324
2026-07-24 09:31:00,58.236,58.2456,58.0908,58.174,76007
2026-07-24 09:32:00,58.1779,58.1972,58.1392,58.1827,26245
2026-07-24 09:33:00,58.1779,58.265,58.1779,58.2166,39013
2026-07-24 09:34:00,58.2166,58.2553,58.1682,58.1972,28711
2026-07-24 09:35:00,58.2069,58.2456,58.1779,58.236,91921
2026-07-24 09:36:00,58.2456,58.2649,58.2214,58.2456,30250
2026-07-24 09:37:00,58.2546,58.2553,58.2263,58.2311,21273
2026-07-24 09:38:00,58.2311,58.2311,58.1488,58.1876,42935
2026-07-24 09:39:00,58.178,58.2021,58.1634,58.1972,20097
2026-07-24 09:40:00,58.1924,58.1972,58.1198,58.1246,16056
2026-07-24 09:41:00,58.1198,58.1876,58.1198,58.1585,20107
2026-07-24 09:42:00,58.1537,58.1537,58.0811,58.1101,39311
2026-07-24 09:43:00,58.1101,58.1392,58.0908,58.1004,29356
2026-07-24 09:44:00,58.0956,58.1464,58.0956,58.1305,11081
2026-07-24 09:45:00,58.1392,58.236,58.1343,58.2311,35736
2026-07-24 09:46:00,58.2239,58.265,58.2214,58.2602,7580
2026-07-24 09:47:00,58.2602,58.2795,58.236,58.2456,16588
2026-07-24 09:48:00,58.2408,58.2747,58.2408,58.2602,15269
2026-07-24 09:49:00,58.265,58.2844,58.2505,58.2747,21821
2026-07-24 09:50:00,58.2844,58.3231,58.2747,58.2989,21408
2026-07-24 09:51:00,58.3012,58.3013,58.2456,58.2456,27739
2026-07-24 09:52:00,58.2456,58.2505,58.1972,58.1972,21884
2026-07-24 09:53:00,58.2021,58.2069,58.1537,58.1779,16471
2026-07-24 09:54:00,58.1827,58.2118,58.1682,58.1876,44285
2026-07-24 09:55:00,58.1876,58.1972,58.1488,58.1488,24241
2026-07-24 09:56:00,58.1585,58.1634,58.1488,58.1537,7479
2026-07-24 09:57:00,58.1537,58.173,58.1488,58.1634,16641
2026-07-24 09:58:00,58.1634,58.1681,58.1343,58.1537,18668
2026-07-24 09:59:00,58.1585,58.1682,58.1295,58.1295,14938
2026-07-24 10:00:00,58.1198,58.1198,58.0908,58.1077,20085
2026-07-24 10:01:00,58.1053,58.1634,58.1023,58.1053,16642
2026-07-24 10:02:00,58.1053,58.144,58.1004,58.1101,14526
2026-07-24 10:03:00,58.1101,58.1198,58.0956,58.115,14215
2026-07-24 10:04:00,58.115,58.173,58.115,58.173,19636
2026-07-24 10:05:00,58.1682,58.1827,58.1488,58.1537,13377
2026-07-24 10:06:00,58.1585,58.2166,58.1537,58.2166,35694
2026-07-24 10:07:00,58.2166,58.2263,58.1972,58.2118,14178
2026-07-24 10:08:00,58.2071,58.2118,58.1537,58.1537,17512
2026-07-24 10:09:00,58.1585,58.1682,58.1395,58.1395,8997
2026-07-24 10:10:00,58.1392,58.144,58.1101,58.115,9534
2026-07-24 10:11:00,58.115,58.1295,58.0811,58.0908,15764
2026-07-24 10:12:00,58.0908,58.0908,58.0036,58.0036,12863
2026-07-24 10:13:00,58.0036,58.023,58.0036,58.0133,7433
2026-07-24 10:14:00,58.0133,58.023,57.9891,58.0133,18802
2026-07-24 10:15:00,58.0133,58.052,58.0036,58.0182,10851
2026-07-24 10:16:00,58.023,58.0569,58.0182,58.052,5579
2026-07-24 10:17:00,58.052,58.0617,58.0327,58.0327,9715
2026-07-24 10:18:00,58.0327,58.0472,58.0278,58.0472,3705
2026-07-24 10:19:00,58.0472,58.0714,58.0472,58.0617,5709
2026-07-24 10:20:00,58.0617,58.0617,58.0327,58.0375,9703
2026-07-24 10:21:00,58.0424,58.052,58.0375,58.052,3921
2026-07-24 10:22:00,58.0472,58.1101,58.0424,58.1101,12547
2026-07-24 10:23:00,58.1004,58.1295,58.1004,58.1004,18634
2026-07-24 10:24:00,58.0956,58.1246,58.0908,58.1246,10845
2026-07-24 10:25:00,58.1198,58.1392,58.1101,58.1343,8541
2026-07-24 10:26:00,58.1343,58.1488,58.1295,58.1488,9628
2026-07-24 10:27:00,58.1488,58.1924,58.143,58.1924,9529
2026-07-24 10:28:00,58.1876,58.1924,58.1682,58.173,7366
2026-07-24 10:29:00,58.1682,58.1779,58.1585,58.173,8101
2026-07-24 10:30:00,58.173,58.2118,58.1489,58.2021,9618
2026-07-24 10:31:00,58.2166,58.2214,58.173,58.1876,8614
2026-07-24 10:32:00,58.2118,58.2118,58.1488,58.1488,19780
2026-07-24 10:33:00,58.1343,58.1343,58.1246,58.1295,7460
2026-07-24 10:34:00,58.1198,58.1585,58.1198,58.149,7851
2026-07-24 10:35:00,58.1488,58.1537,58.1005,58.1246,20384
2026-07-24 10:36:00,58.1198,58.1392,58.1198,58.1246,7737
2026-07-24 10:37:00,58.1295,58.1585,58.1295,58.1585,6208
2026-07-24 10:38:00,58.1585,58.1827,58.1537,58.1779,9110
2026-07-24 10:39:00,58.1779,58.1827,58.1537,58.1682,8222
2026-07-24 10:40:00,58.1682,58.1827,58.1634,58.1779,25669
2026-07-24 10:41:00,58.173,58.1827,58.173,58.1779,5837
2026-07-24 10:42:00,58.1779,58.1972,58.1488,58.1488,21224
2026-07-24 10:43:00,58.144,58.144,58.1246,58.1392,9808
2026-07-24 10:44:00,58.1392,58.1924,58.1367,58.1876,13231
2026-07-24 10:45:00,58.1827,58.1827,58.1488,58.1585,16459
2026-07-24 10:46:00,58.1488,58.1537,58.0811,58.1101,34489
2026-07-24 10:47:00,58.1198,58.1343,58.1101,58.1246,32080
2026-07-24 10:48:00,58.1246,58.1682,58.1246,58.1634,26855
2026-07-24 10:49:00,58.1634,58.236,58.1585,58.2214,21097
2026-07-24 10:50:00,58.2166,58.2698,58.2118,58.2602,13600
2026-07-24 10:51:00,58.265,58.2844,58.2602,58.2747,13875
2026-07-24 10:52:00,58.2795,58.2844,58.2263,58.236,17125
2026-07-24 10:53:00,58.2408,58.2553,58.2408,58.2505,30367
2026-07-24 10:54:00,58.2505,58.2505,58.2311,58.236,13502
2026-07-24 10:55:00,58.2263,58.2311,58.1682,58.1972,25989
2026-07-24 10:56:00,58.2069,58.2166,58.1827,58.1876,14750
2026-07-24 10:57:00,58.1827,58.1972,58.1585,58.1924,14897
2026-07-24 10:58:00,58.1972,58.2021,58.1827,58.1972,9111
2026-07-24 10:59:00,58.1971,58.2214,58.1876,58.1924,18939
2026-07-24 11:00:00,58.1924,58.2263,58.1924,58.2118,11077
2026-07-24 11:01:00,58.2118,58.2263,58.2118,58.2214,19945
2026-07-24 11:02:00,58.2263,58.2263,58.1827,58.1876,12440
2026-07-24 11:03:00,58.1779,58.1827,58.144,58.1682,16553
2026-07-24 11:04:00,58.1634,58.1682,58.1295,58.1343,13243
2026-07-24 11:05:00,58.1343,58.1392,58.1246,58.1295,22435
2026-07-24 11:06:00,58.1343,58.144,58.1295,58.1343,17296
2026-07-24 11:07:00,58.1343,58.1488,58.1246,58.144,21849
2026-07-24 11:08:00,58.1488,58.1585,58.1488,58.1537,3354
2026-07-24 11:09:00,58.1537,58.1537,58.1004,58.1101,12751
2026-07-24 11:10:00,58.1198,58.1392,58.115,58.1392,16361
2026-07-24 11:11:00,58.144,58.144,58.1198,58.1246,12872
2026-07-24 11:12:00,58.1246,58.1392,58.1199,58.1392,21071
2026-07-24 11:13:00,58.1585,58.1876,58.1488,58.1488,16766
2026-07-24 11:14:00,58.1488,58.1488,58.1198,58.1295,22658
2026-07-24 11:15:00,58.1295,58.173,58.1246,58.1537,15557
2026-07-24 11:16:00,58.1585,58.173,58.1537,58.173,12170
2026-07-24 11:17:00,58.1779,58.1876,58.1682,58.1779,19168
2026-07-24 11:18:00,58.173,58.1779,58.1585,58.1585,21625
2026-07-24 11:19:00,58.1634,58.1634,58.1392,58.1392,6716
2026-07-24 11:20:00,58.1392,58.1488,58.1343,58.144,6411
2026-07-24 11:21:00,58.1392,58.1488,58.1295,58.1343,6849
2026-07-24 11:22:00,58.1343,58.1343,58.0956,58.1004,10966
2026-07-24 11:23:00,58.1053,58.1246,58.1053,58.1053,10448
2026-07-24 11:24:00,58.0956,58.115,58.0956,58.1053,5341
2026-07-24 11:25:00,58.1101,58.115,58.0424,58.0569,15722
2026-07-24 11:26:00,58.0569,58.0811,58.0472,58.0811,3239
2026-07-24 11:27:00,58.0859,58.1053,58.0859,58.1053,4864
2026-07-24 11:28:00,58.1053,58.1053,58.0859,58.0956,6783
2026-07-24 11:29:00,58.0946,58.0956,58.0666,58.0811,11667
2026-07-24 11:30:00,58.0762,58.0908,58.0714,58.0859,23793
2026-07-24 11:31:00,58.0859,58.1101,58.0859,58.1004,8102
2026-07-24 11:32:00,58.1026,58.1026,58.0859,58.0921,10175
2026-07-24 11:33:00,58.1004,58.1295,58.0956,58.1295,14698
2026-07-24 11:34:00,58.1295,58.1634,58.1198,58.1488,65707
2026-07-24 11:35:00,58.1488,58.1488,58.1053,58.1053,22943
2026-07-24 11:36:00,58.1004,58.1053,58.0859,58.0956,6359
2026-07-24 11:37:00,58.1004,58.1343,58.0908,58.1246,8096
2026-07-24 11:38:00,58.1246,58.1392,58.1246,58.1343,3616
2026-07-24 11:39:00,58.1343,58.1392,58.1246,58.1246,4333
2026-07-24 11:40:00,58.1246,58.1343,58.1004,58.1343,5935
2026-07-24 11:41:00,58.1392,58.173,58.1392,58.173,5490
2026-07-24 11:42:00,58.173,58.1779,58.1296,58.1296,10190
2026-07-24 11:43:00,58.1343,58.1343,58.0908,58.0956,5378
2026-07-24 11:44:00,58.0908,58.0908,58.052,58.0569,5543
2026-07-24 11:45:00,58.0569,58.1101,58.0569,58.1101,5543
2026-07-24 11:46:00,58.1101,58.115,58.1004,58.1101,4065
2026-07-24 11:47:00,58.1101,58.1198,58.1004,58.1101,3533
2026-07-24 11:48:00,58.1101,58.1101,58.1036,58.1053,1974
2026-07-24 11:49:00,58.1053,58.1053,58.1004,58.1004,1115
2026-07-24 11:50:00,58.1053,58.1198,58.1053,58.115,5039
2026-07-24 11:51:00,58.115,58.115,58.1011,58.1053,5060
2026-07-24 11:52:00,58.1053,58.1053,58.0811,58.0908,7479
2026-07-24 11:53:00,58.0956,58.115,58.0909,58.115,6097
2026-07-24 11:54:00,58.1053,58.1053,58.0956,58.1053,2377
2026-07-24 11:55:00,58.1053,58.1101,58.1004,58.1053,1520
2026-07-24 11:56:00,58.1053,58.1343,58.1015,58.1343,10143
2026-07-24 11:57:00,58.1392,58.144,58.1246,58.1295,6825
2026-07-24 11:58:00,58.1198,58.1392,58.1101,58.1392,11122
2026-07-24 11:59:00,58.1343,58.1682,58.1343,58.1634,4029
2026-07-24 12:00:00,58.1682,58.1779,58.1634,58.1682,3337
2026-07-24 12:01:00,58.1779,58.1924,58.173,58.1924,3072
2026-07-24 12:02:00,58.1876,58.1924,58.1585,58.1682,7698
2026-07-24 12:03:00,58.173,58.1827,58.1681,58.1827,9320
2026-07-24 12:04:00,58.1827,58.1876,58.1682,58.1814,13270
2026-07-24 12:05:00,58.1779,58.1827,58.1682,58.173,3353
2026-07-24 12:06:00,58.173,58.173,58.1488,58.1634,10055
2026-07-24 12:07:00,58.1634,58.1634,58.1392,58.144,1782
2026-07-24 12:08:00,58.1488,58.1488,58.1392,58.1392,1672
2026-07-24 12:09:00,58.1343,58.1343,58.1198,58.1246,4837
2026-07-24 12:10:00,58.1246,58.1295,58.1198,58.1246,2606
2026-07-24 12:11:00,58.1246,58.1295,58.115,58.1295,3586
2026-07-24 12:12:00,58.1295,58.1295,58.1198,58.1295,4659
2026-07-24 12:13:00,58.1343,58.1392,58.1198,58.1392,6587
2026-07-24 12:14:00,58.1325,58.1495,58.1325,58.1495,2367
2026-07-24 12:15:00,58.1585,58.1779,58.1537,58.1779,2013
2026-07-24 12:16:00,58.1779,58.1779,58.1682,58.173,3841
2026-07-24 12:17:00,58.173,58.1779,58.1682,58.173,3941
2026-07-24 12:18:00,58.173,58.173,58.1585,58.1634,4531
2026-07-24 12:19:00,58.1634,58.1634,58.1586,58.1634,2745
2026-07-24 12:20:00,58.1634,58.1634,58.1246,58.1246,7056
2026-07-24 12:21:00,58.1246,58.1295,58.1233,58.1246,3782
2026-07-24 12:22:00,58.1246,58.1246,58.1198,58.1246,1649
2026-07-24 12:23:00,58.1295,58.1464,58.1295,58.1392,7347
2026-07-24 12:24:00,58.1488,58.1488,58.144,58.144,1250
2026-07-24 12:25:00,58.1392,58.1488,58.1392,58.1488,2877
2026-07-24 12:26:00,58.144,58.1634,58.14,58.1585,3613
2026-07-24 12:27:00,58.1488,58.1537,58.1392,58.1537,3197
2026-07-24 12:28:00,58.1537,58.1585,58.144,58.1488,2260
2026-07-24 12:29:00,58.144,58.1537,58.144,58.1537,926
2026-07-24 12:30:00,58.1537,58.1537,58.1101,58.1101,6501
2026-07-24 12:31:00,58.1101,58.1198,58.1101,58.115,4228
2026-07-24 12:32:00,58.115,58.1198,58.115,58.115,1342
2026-07-24 12:33:00,58.115,58.1198,58.1053,58.1101,5590
2026-07-24 12:34:00,58.1053,58.1053,58.1004,58.1053,12601
2026-07-24 12:35:00,58.1004,58.1004,58.0424,58.0424,5499
2026-07-24 12:36:00,58.0424,58.0424,58.023,58.023,4866
2026-07-24 12:37:00,58.0278,58.0327,58.023,58.023,1436
2026-07-24 12:38:00,58.0278,58.0327,58.023,58.0278,3034
2026-07-24 12:39:00,58.0278,58.0472,58.023,58.0472,5992
2026-07-24 12:40:00,58.0472,58.052,58.0435,58.0472,2419
2026-07-24 12:41:00,58.0485,58.0485,58.0345,58.0424,14096
2026-07-24 12:42:00,58.0327,58.0327,58.023,58.0278,4084
2026-07-24 12:43:00,58.0278,58.0327,58.023,58.0278,2555
2026-07-24 12:44:00,58.0278,58.0278,58.0133,58.023,5278
2026-07-24 12:45:00,58.0133,58.0182,58.0133,58.0182,760
2026-07-24 12:46:00,58.0182,58.0182,58.0085,58.0085,2187
2026-07-24 12:47:00,58.0036,58.0133,57.9843,57.9843,24811
2026-07-24 12:48:00,57.9843,57.994,57.9843,57.9843,3713
2026-07-24 12:49:00,57.9891,57.9891,57.9747,57.9794,4587
2026-07-24 12:50:00,57.9843,57.994,57.9794,57.9843,6523
2026-07-24 12:51:00,57.9891,57.994,57.9746,57.9794,6859
2026-07-24 12:52:00,57.9794,57.9891,57.9746,57.9794,12155
2026-07-24 12:53:00,57.9794,57.9891,57.9794,57.9891,1466
2026-07-24 12:54:00,57.9843,57.9891,57.9671,57.9891,9352
2026-07-24 12:55:00,57.9843,57.9891,57.9843,57.9891,2011
2026-07-24 12:56:00,57.9844,57.994,57.9746,57.9753,7923
2026-07-24 12:57:00,57.9843,57.9843,57.9746,57.9746,57954
2026-07-24 12:58:00,57.9746,57.9746,57.9552,57.9601,4351
2026-07-24 12:59:00,57.9601,57.9601,57.9552,57.9552,4141
2026-07-24 13:00:00,57.9552,57.9649,57.9552,57.9601,5980
2026-07-24 13:01:00,57.9601,57.9601,57.9407,57.9504,11854
2026-07-24 13:02:00,57.9504,57.9649,57.9504,57.9649,8077
2026-07-24 13:03:00,57.9601,57.9746,57.9456,57.9746,7276
2026-07-24 13:04:00,57.9794,57.9843,57.9504,57.9504,4592
2026-07-24 13:05:00,57.9462,57.9552,57.9462,57.9504,5344
2026-07-24 13:06:00,57.9552,57.9698,57.9552,57.9698,3127
2026-07-24 13:07:00,57.9688,57.9794,57.9688,57.9794,5714
2026-07-24 13:08:00,57.9794,57.994,57.9794,57.9891,23574
2026-07-24 13:09:00,57.9891,57.994,57.9843,57.9891,3851
2026-07-24 13:10:00,57.9891,57.994,57.9649,57.9747,10780
2026-07-24 13:11:00,57.9794,57.9843,57.9747,57.9843,1745
2026-07-24 13:12:00,57.9746,57.9792,57.9552,57.9601,5270
2026-07-24 13:13:00,57.9601,57.9649,57.9552,57.9552,3299
2026-07-24 13:14:00,57.9552,57.9649,57.9552,57.9552,1778
2026-07-24 13:15:00,57.9601,57.9649,57.9359,57.9504,9106
2026-07-24 13:16:00,57.9504,57.9504,57.9359,57.9359,2651
2026-07-24 13:17:00,57.9407,57.9456,57.9359,57.9407,2914
2026-07-24 13:18:00,57.9407,57.9456,57.9359,57.9359,2504
2026-07-24 13:19:00,57.9407,57.9552,57.9407,57.9504,5010
2026-07-24 13:20:00,57.9456,57.9504,57.9456,57.9504,1247
2026-07-24 13:21:00,57.9504,57.9649,57.9504,57.9601,3489
2026-07-24 13:22:00,57.9601,57.9649,57.9601,57.9601,1171
2026-07-24 13:23:00,57.9649,57.9746,57.9563,57.9746,5198
2026-07-24 13:24:00,57.9698,57.9746,57.9698,57.9698,5050
2026-07-24 13:25:00,57.9746,57.9746,57.9669,57.9698,5558
2026-07-24 13:26:00,57.9698,57.9794,57.9456,57.9504,10667
2026-07-24 13:27:00,57.9504,57.9552,57.9464,57.9504,3153
2026-07-24 13:28:00,57.9504,57.9552,57.9463,57.9463,3434
2026-07-24 13:29:00,57.9552,57.9552,57.9504,57.9552,1044
2026-07-24 13:30:00,57.9504,57.9552,57.9359,57.9407,5399
2026-07-24 13:31:00,57.9407,57.9456,57.9117,57.9117,12247
2026-07-24 13:32:00,57.9068,57.9117,57.8972,57.8978,5409
2026-07-24 13:33:00,57.9068,57.9068,57.8875,57.8923,9294
2026-07-24 13:34:00,57.8882,57.8882,57.8681,57.873,3756
2026-07-24 13:35:00,57.8686,57.8778,57.8584,57.8633,10682
2026-07-24 13:36:00,57.8633,57.8681,57.8488,57.8488,9324
2026-07-24 13:37:00,57.8488,57.8488,57.8294,57.8342,2927
2026-07-24 13:38:00,57.8342,57.8342,57.8294,57.8294,2146
2026-07-24 13:39:00,57.8295,57.8391,57.8294,57.8295,3781
2026-07-24 13:40:00,57.8342,57.8391,57.8294,57.8391,10159
2026-07-24 13:41:00,57.8342,57.8391,57.8246,57.8246,5804
2026-07-24 13:42:00,57.8246,57.8294,57.8004,57.8052,14313
2026-07-24 13:43:00,57.8052,57.81,57.7955,57.7955,9645
2026-07-24 13:44:00,57.7907,57.7907,57.781,57.7858,4046
2026-07-24 13:45:00,57.7858,57.7858,57.7616,57.7665,5466
2026-07-24 13:46:00,57.7665,57.7665,57.7423,57.7518,4345
2026-07-24 13:47:00,57.7423,57.7423,57.7326,57.7326,2931
2026-07-24 13:48:00,57.7374,57.7471,57.7374,57.7471,10098
2026-07-24 13:49:00,57.7424,57.752,57.7229,57.7229,4147
2026-07-24 13:50:00,57.7229,57.7229,57.7084,57.7084,3819
2026-07-24 13:51:00,57.7036,57.7132,57.6987,57.7084,11502
2026-07-24 13:52:00,57.7084,57.7132,57.7036,57.7084,6215
2026-07-24 13:53:00,57.7038,57.7132,57.6842,57.7132,18144
2026-07-24 13:54:00,57.7132,57.752,57.7084,57.7374,12038
2026-07-24 13:55:00,57.7326,57.7326,57.7229,57.7278,2370
2026-07-24 13:56:00,57.7326,57.7326,57.7132,57.7229,13993
2026-07-24 13:57:00,57.7132,57.7181,57.689,57.689,19752
2026-07-24 13:58:00,57.689,57.6939,57.6842,57.6842,9497
2026-07-24 13:59:00,57.6794,57.6842,57.6745,57.6794,1282
2026-07-24 14:00:00,57.6794,57.6794,57.6648,57.6745,6505
2026-07-24 14:01:00,57.6745,57.6939,57.6648,57.6649,10119
2026-07-24 14:02:00,57.6744,57.6745,57.6648,57.6745,11292
2026-07-24 14:03:00,57.6697,57.6745,57.66,57.6697,14611
2026-07-24 14:04:00,57.6697,57.6794,57.6697,57.6794,996
2026-07-24 14:05:00,57.6794,57.6842,57.6552,57.66,14095
2026-07-24 14:06:00,57.6648,57.6745,57.6406,57.6406,11295
2026-07-24 14:07:00,57.6406,57.6503,57.6406,57.6503,5753
2026-07-24 14:08:00,57.6503,57.6552,57.6358,57.6406,7209
2026-07-24 14:09:00,57.6455,57.6552,57.6406,57.6503,8640
2026-07-24 14:10:00,57.6503,57.6552,57.6261,57.631,9212
2026-07-24 14:11:00,57.631,57.6358,57.6164,57.631,43192
2026-07-24 14:12:00,57.6357,57.6358,57.5874,57.5922,13780
2026-07-24 14:13:00,57.5874,57.5874,57.5705,57.5705,2194
2026-07-24 14:14:00,57.5729,57.5971,57.568,57.5922,20205
2026-07-24 14:15:00,57.5922,57.5971,57.5826,57.5826,6437
2026-07-24 14:16:00,57.5777,57.5777,57.568,57.568,4160
2026-07-24 14:17:00,57.568,57.568,57.5585,57.568,3073
2026-07-24 14:18:00,57.5632,57.5632,57.5632,57.5632,1114
2026-07-24 14:19:00,57.5632,57.568,57.5535,57.568,2930
2026-07-24 14:20:00,57.5632,57.568,57.5535,57.5535,2841
2026-07-24 14:21:00,57.5487,57.5777,57.539,57.5729,7000
2026-07-24 14:22:00,57.5729,57.5729,57.5535,57.5535,3563
2026-07-24 14:23:00,57.5535,57.568,57.5438,57.5632,6483
2026-07-24 14:24:00,57.5584,57.5729,57.5584,57.5729,2864
2026-07-24 14:25:00,57.5729,57.5874,57.568,57.5789,10350
2026-07-24 14:26:00,57.5826,57.5874,57.5438,57.5463,6949
2026-07-24 14:27:00,57.5487,57.5487,57.5245,57.5245,7732
2026-07-24 14:28:00,57.5196,57.5293,57.5148,57.5245,9105
2026-07-24 14:29:00,57.5293,57.5342,57.5293,57.5342,2290
2026-07-24 14:30:00,57.5293,57.539,57.5293,57.5342,2956
2026-07-24 14:31:00,57.5342,57.5366,57.5342,57.5342,2357
2026-07-24 14:32:00,57.539,57.5438,57.5293,57.5342,8196
2026-07-24 14:33:00,57.5342,57.539,57.5298,57.5342,2383
2026-07-24 14:34:00,57.5342,57.5342,57.5196,57.5293,6637
2026-07-24 14:35:00,57.5245,57.5293,57.5196,57.5293,5090
2026-07-24 14:36:00,57.5245,57.539,57.51,57.539,11440
2026-07-24 14:37:00,57.539,57.5487,57.5148,57.5148,9948
2026-07-24 14:38:00,57.5101,57.5196,57.5101,57.5196,2936
2026-07-24 14:39:00,57.5245,57.5487,57.5245,57.5438,17471
2026-07-24 14:40:00,57.5438,57.5438,57.5148,57.5148,9721
2026-07-24 14:41:00,57.51,57.51,57.4906,57.4906,6039
2026-07-24 14:42:00,57.4906,57.4992,57.4809,57.4809,6425
2026-07-24 14:43:00,57.4809,57.4858,57.4616,57.4664,22179
2026-07-24 14:44:00,57.4664,57.4906,57.4616,57.4761,18243
2026-07-24 14:45:00,57.4761,57.4858,57.4761,57.4858,8346
2026-07-24 14:46:00,57.4858,57.4858,57.4567,57.4567,7376
2026-07-24 14:47:00,57.4616,57.4711,57.4616,57.4664,1976
2026-07-24 14:48:00,57.4664,57.4664,57.4422,57.447,13009
2026-07-24 14:49:00,57.4422,57.4519,57.4277,57.4325,8444
2026-07-24 14:50:00,57.4374,57.447,57.4325,57.447,6509
2026-07-24 14:51:00,57.447,57.4519,57.4374,57.4374,5746
2026-07-24 14:52:00,57.4325,57.4325,57.4035,57.4083,4473
2026-07-24 14:53:00,57.4083,57.4132,57.4035,57.4035,1887
2026-07-24 14:54:00,57.4035,57.4035,57.4035,57.4035,264
2026-07-24 14:55:00,57.4083,57.4083,57.3841,57.389,7670
2026-07-24 14:56:00,57.3938,57.4035,57.3841,57.3938,13597
2026-07-24 14:57:00,57.3938,57.4035,57.389,57.3986,16463
2026-07-24 14:58:00,57.3986,57.3996,57.389,57.389,2956
2026-07-24 14:59:00,57.3841,57.3841,57.3648,57.3744,5316
2026-07-24 15:00:00,57.3696,57.3744,57.3648,57.3696,1636
2026-07-24 15:01:00,57.3696,57.3744,57.3551,57.3599,10909
2026-07-24 15:02:00,57.3599,57.3648,57.3551,57.3648,6674
2026-07-24 15:03:00,57.3599,57.3648,57.3551,57.3551,3450
2026-07-24 15:04:00,57.3454,57.3744,57.3406,57.3696,31696
2026-07-24 15:05:00,57.3696,57.3744,57.3696,57.3696,6781
2026-07-24 15:06:00,57.3648,57.3696,57.3357,57.3446,5449
2026-07-24 15:07:00,57.3396,57.3454,57.3357,57.3454,10027
2026-07-24 15:08:00,57.3454,57.3454,57.3357,57.3357,12087
2026-07-24 15:09:00,57.3406,57.3406,57.3406,57.3406,3069
2026-07-24 15:10:00,57.3406,57.3454,57.326,57.326,10430
2026-07-24 15:11:00,57.3309,57.3551,57.3212,57.3551,18667
2026-07-24 15:12:00,57.3552,57.3793,57.3551,57.3793,6644
2026-07-24 15:13:00,57.3793,57.3841,57.3744,57.3744,6623
2026-07-24 15:14:00,57.3696,57.3744,57.3696,57.3696,2710
2026-07-24 15:15:00,57.3696,57.4035,57.3696,57.3986,25271
2026-07-24 15:16:00,57.3986,57.3986,57.389,57.3938,6055
2026-07-24 15:17:00,57.3938,57.3938,57.3793,57.3793,10633
2026-07-24 15:18:00,57.3793,57.3938,57.3793,57.3938,11065
2026-07-24 15:19:00,57.3986,57.3986,57.3986,57.3986,5681
2026-07-24 15:20:00,57.3986,57.4035,57.3841,57.389,15391
2026-07-24 15:21:00,57.389,57.3938,57.389,57.3938,13237
2026-07-24 15:22:00,57.3986,57.4228,57.3986,57.4132,18337
2026-07-24 15:23:00,57.418,57.4228,57.4156,57.418,9149
2026-07-24 15:24:00,57.418,57.4325,57.418,57.4228,27593
2026-07-24 15:25:00,57.4228,57.4228,57.4132,57.4228,40480
2026-07-24 15:26:00,57.4228,57.4422,57.418,57.4374,49028
2026-07-24 15:27:00,57.4374,57.4519,57.4374,57.447,19861
2026-07-24 15:28:00,57.447,57.447,57.4228,57.4228,15676
2026-07-24 15:29:00,57.4228,57.4325,57.3948,57.3948,23724
2026-07-24 15:30:00,57.3938,57.4035,57.3841,57.3841,21637
2026-07-24 15:31:00,57.3841,57.389,57.3841,57.389,5397
2026-07-24 15:32:00,57.3841,57.3938,57.3744,57.389,32534
2026-07-24 15:33:00,57.389,57.3938,57.3648,57.3648,17293
2026-07-24 15:34:00,57.3696,57.3744,57.3502,57.3551,21525
2026-07-24 15:35:00,57.3502,57.3502,57.326,57.326,6521
2026-07-24 15:36:00,57.3309,57.3502,57.3163,57.3454,29235
2026-07-24 15:37:00,57.3454,57.3502,57.326,57.326,15275
2026-07-24 15:38:00,57.3309,57.3309,57.326,57.3263,1371
2026-07-24 15:39:00,57.326,57.3357,57.326,57.3309,10167
2026-07-24 15:40:00,57.3309,57.3333,57.326,57.3309,8611
2026-07-24 15:41:00,57.3309,57.3357,57.326,57.3309,8184
2026-07-24 15:42:00,57.3309,57.3309,57.297,57.297,52929
2026-07-24 15:43:00,57.3018,57.3018,57.2873,57.2921,9118
2026-07-24 15:44:00,57.2892,57.297,57.2873,57.2921,6255
2026-07-24 15:45:00,57.2883,57.2921,57.2679,57.2718,22574
2026-07-24 15:46:00,57.2728,57.297,57.2728,57.2873,24403
2026-07-24 15:47:00,57.297,57.297,57.2873,57.2873,5860
2026-07-24 15:48:00,57.2873,57.3067,57.2873,57.3018,20379
2026-07-24 15:49:00,57.3018,57.3163,57.297,57.3115,36429
2026-07-24 15:50:00,57.3163,57.326,57.2776,57.2873,58567
2026-07-24 15:51:00,57.2873,57.2873,57.2583,57.2583,22113
2026-07-24 15:52:00,57.2583,57.297,57.2486,57.297,47030
2026-07-24 15:53:00,57.2921,57.297,57.2776,57.2776,22672
2026-07-24 15:54:00,57.2679,57.2776,57.2583,57.2776,71889
2026-07-24 15:55:00,57.2679,57.2728,57.2038,57.2244,73716
2026-07-24 15:56:00,57.2244,57.2254,57.2099,57.2147,17040
2026-07-24 15:57:00,57.2099,57.2195,57.2099,57.2147,63455
2026-07-24 15:58:00,57.2147,57.2195,57.2002,57.205,72614
2026-07-24 15:59:00,57.205,57.205,57.1711,57.1905,120834
2026-07-25 09:30:00,58.5264,58.5554,58.4877,58.5167,106301
2026-07-25 09:31:00,58.5264,58.5554,58.4973,58.4973,49442
2026-07-25 09:32:00,58.478,58.5457,58.4683,58.5215,21629
2026-07-25 09:33:00,58.5264,58.5457,58.5215,58.5409,22717
2026-07-25 09:34:00,58.5506,58.5651,58.5361,58.5457,18593
2026-07-25 09:35:00,58.5457,58.5457,58.4925,58.5167,72198
2026-07-25 09:36:00,58.507,58.5264,58.5022,58.5167,40119
2026-07-25 09:37:00,58.5167,58.5167,58.4538,58.4683,38867
2026-07-25 09:38:00,58.4635,58.5215,58.4635,58.5167,18401
2026-07-25 09:39:00,58.5167,58.5167,58.478,58.5119,18102
2026-07-25 09:40:00,58.5119,58.5215,58.4828,58.4877,21052
2026-07-25 09:41:00,58.4925,58.5215,58.4828,58.5167,25643
2026-07-25 09:42:00,58.5119,58.5167,58.5022,58.5167,18196
2026-07-25 09:43:00,58.5167,58.5168,58.4731,58.4877,25956
2026-07-25 09:44:00,58.4925,58.4973,58.4731,58.4786,19556
2026-07-25 09:45:00,58.4877,58.4877,58.4199,58.4393,32390
2026-07-25 09:46:00,58.4305,58.4586,58.4296,58.4494,16705
2026-07-25 09:47:00,58.4489,58.4925,58.4301,58.478,26460
2026-07-25 09:48:00,58.4877,58.507,58.478,58.4828,20642
2026-07-25 09:49:00,58.4877,58.4877,58.4635,58.4635,15090
2026-07-25 09:50:00,58.4635,58.4731,58.4489,58.4489,15772
2026-07-25 09:51:00,58.4538,58.4538,58.4296,58.4296,9630
2026-07-25 09:52:00,58.4344,58.4393,58.4102,58.4102,23079
2026-07-25 09:53:00,58.4151,58.4151,58.386,58.3908,21434
2026-07-25 09:54:00,58.3812,58.3957,58.3666,58.3666,16698
2026-07-25 09:55:00,58.3666,58.3812,58.357,58.3763,24996
2026-07-25 09:56:00,58.3763,58.3812,58.3618,58.3763,20818
2026-07-25 09:57:00,58.3763,58.3812,58.3521,58.3521,31019
2026-07-25 09:58:00,58.3521,58.3618,58.3473,58.357,4942
2026-07-25 09:59:00,58.3521,58.3521,58.3231,58.3424,16492
2026-07-25 10:00:00,58.3328,58.3521,58.3134,58.3424,24681
2026-07-25 10:01:00,58.3521,58.3715,58.3424,58.3533,16452
2026-07-25 10:02:00,58.3521,58.4344,58.3424,58.4296,26734
2026-07-25 10:03:00,58.4247,58.4296,58.4054,58.4102,15733
2026-07-25 10:04:00,58.4054,58.4296,58.4054,58.4151,17833
2026-07-25 10:05:00,58.4151,58.4393,58.4054,58.4199,153939
2026-07-25 10:06:00,58.4151,58.4151,58.3666,58.3715,22316
2026-07-25 10:07:00,58.3715,58.3763,58.3618,58.3666,27356
2026-07-25 10:08:00,58.3666,58.3812,58.3666,58.3763,18701
2026-07-25 10:09:00,58.3763,58.3763,58.3328,58.3473,15392
2026-07-25 10:10:00,58.3424,58.3715,58.3376,58.3666,6523
2026-07-25 10:11:00,58.3666,58.3763,58.357,58.3763,20877
2026-07-25 10:12:00,58.3812,58.4005,58.3715,58.3763,13885
2026-07-25 10:13:00,58.3715,58.4005,58.3618,58.3967,15192
2026-07-25 10:14:00,58.3957,58.4393,58.3957,58.4102,30245
2026-07-25 10:15:00,58.4199,58.4489,58.386,58.386,13125
2026-07-25 10:16:00,58.3908,58.3957,58.3666,58.3763,12920
2026-07-25 10:17:00,58.3763,58.386,58.3666,58.386,30602
2026-07-25 10:18:00,58.386,58.3908,58.3666,58.3763,24494
2026-07-25 10:19:00,58.3763,58.3812,58.3618,58.3715,19684
2026-07-25 10:20:00,58.3666,58.3908,58.3666,58.386,17012
2026-07-25 10:21:00,58.386,58.3908,58.3715,58.3715,13056
2026-07-25 10:22:00,58.3763,58.3763,58.3279,58.3279,16058
2026-07-25 10:23:00,58.3279,58.3473,58.3279,58.3473,15254
2026-07-25 10:24:00,58.3437,58.3618,58.3437,58.357,5420
2026-07-25 10:25:00,58.3618,58.3763,58.3521,58.3618,16580
2026-07-25 10:26:00,58.3473,58.3812,58.3473,58.3715,11916
2026-07-25 10:27:00,58.3666,58.386,58.3666,58.3666,11243
2026-07-25 10:28:00,58.3715,58.3763,58.3619,58.3763,10851
2026-07-25 10:29:00,58.3715,58.3715,58.3424,58.3424,10402
2026-07-25 10:30:00,58.3424,58.3812,58.3424,58.362,10637
2026-07-25 10:31:00,58.3666,58.3812,58.3618,58.3618,31698
2026-07-25 10:32:00,58.3521,58.357,58.3328,58.3521,21829
2026-07-25 10:33:00,58.3521,58.3521,58.314,58.314,15057
2026-07-25 10:34:00,58.3134,58.3134,58.2989,58.3037,14263
2026-07-25 10:35:00,58.294,58.3086,58.2892,58.3037,16845
2026-07-25 10:36:00,58.2989,58.3086,58.2989,58.3037,10097
2026-07-25 10:37:00,58.3086,58.3134,58.2892,58.2892,29901
2026-07-25 10:38:00,58.2892,58.2989,58.2844,58.294,16450
2026-07-25 10:39:00,58.3037,58.3424,58.2989,58.3279,44118
2026-07-25 10:40:00,58.3279,58.3715,58.3279,58.3715,21804
2026-07-25 10:41:00,58.3666,58.3715,58.3619,58.3666,7590
2026-07-25 10:42:00,58.3666,58.4393,58.3666,58.4344,41779
2026-07-25 10:43:00,58.4344,58.4344,58.4151,58.4247,8022
2026-07-25 10:44:00,58.4199,58.4296,58.4102,58.4247,13559
2026-07-25 10:45:00,58.4247,58.4393,58.4247,58.4296,9697
2026-07-25 10:46:00,58.4247,58.4296,58.4005,58.4247,33034
2026-07-25 10:47:00,58.4247,58.4393,58.4102,58.4102,15766
2026-07-25 10:48:00,58.4102,58.4199,58.4005,58.4054,18518
2026-07-25 10:49:00,58.4054,58.4102,58.3957,58.3957,38622
2026-07-25 10:50:00,58.3957,58.3957,58.3812,58.3908,38198
2026-07-25 10:51:00,58.3957,58.4199,58.3957,58.4151,19392
2026-07-25 10:52:00,58.4151,58.4199,58.4005,58.4054,10807
2026-07-25 10:53:00,58.4054,58.4199,58.4005,58.4151,15949
2026-07-25 10:54:00,58.4199,58.4296,58.4151,58.4296,48483
2026-07-25 10:55:00,58.4296,58.4296,58.4005,58.4005,27328
2026-07-25 10:56:00,58.4005,58.4151,58.3957,58.4054,10007
2026-07-25 10:57:00,58.4102,58.4199,58.4054,58.4151,66679
2026-07-25 10:58:00,58.4199,58.4828,58.4199,58.4828,29812
2026-07-25 10:59:00,58.4877,58.4877,58.478,58.4828,15661
2026-07-25 11:00:00,58.4828,58.507,58.4828,58.5022,29831
2026-07-25 11:01:00,58.507,58.507,58.4925,58.507,20664
2026-07-25 11:02:00,58.5022,58.5022,58.4828,58.4828,4454
2026-07-25 11:03:00,58.4828,58.5167,58.4828,58.5167,16143
2026-07-25 11:04:00,58.5167,58.5215,58.507,58.507,8051
2026-07-25 11:05:00,58.5119,58.5167,58.5119,58.5119,23359
2026-07-25 11:06:00,58.507,58.507,58.4877,58.4925,19809
2026-07-25 11:07:00,58.4925,58.4973,58.4925,58.4925,19664
2026-07-25 11:08:00,58.4925,58.4973,58.478,58.4828,38585
2026-07-25 11:09:00,58.478,58.4877,58.4683,58.4828,24916
2026-07-25 11:10:00,58.478,58.5264,58.478,58.5119,52696
2026-07-25 11:11:00,58.507,58.5215,58.507,58.5215,8704
2026-07-25 11:12:00,58.5215,58.5457,58.5215,58.5409,14971
2026-07-25 11:13:00,58.5457,58.6183,58.5409,58.6183,39616
2026-07-25 11:14:00,58.6135,58.6619,58.6087,58.6571,28369
2026-07-25 11:15:00,58.6571,58.6716,58.6474,58.6667,13196
2026-07-25 11:16:00,58.6667,58.7393,58.6667,58.6909,30204
2026-07-25 11:17:00,58.7006,58.7684,58.7006,58.7664,29454
2026-07-25 11:18:00,58.7635,58.7829,58.7539,58.7829,21313
2026-07-25 11:19:00,58.7781,58.7781,58.7393,58.7732,13931
2026-07-25 11:20:00,58.7732,58.8119,58.7732,58.8119,17672
2026-07-25 11:21:00,58.8071,58.8071,58.7248,58.7248,54540
2026-07-25 11:22:00,58.72,58.7393,58.6958,58.7393,16780
2026-07-25 11:23:00,58.749,58.7684,58.749,58.7684,26249
2026-07-25 11:24:00,58.7684,58.7781,58.7539,58.7539,52700
2026-07-25 11:25:00,58.7539,58.7781,58.749,58.7684,34809
2026-07-25 11:26:00,58.7587,58.7684,58.7539,58.7684,25167
2026-07-25 11:27:00,58.7635,58.7684,58.7442,58.7635,10983
2026-07-25 11:28:00,58.7587,58.7587,58.7442,58.7539,42699
2026-07-25 11:29:00,58.7587,58.7684,58.7393,58.749,24019
2026-07-25 11:30:00,58.7393,58.7587,58.72,58.7539,60726
2026-07-25 11:31:00,58.7587,58.7635,58.7297,58.749,88679
2026-07-25 11:32:00,58.749,58.7587,58.7214,58.7587,62772
2026-07-25 11:33:00,58.7587,58.8168,58.749,58.8071,84150
2026-07-25 11:34:00,58.8119,58.9426,58.8023,58.8749,145087
2026-07-25 11:35:00,58.8749,58.9039,58.8168,58.8361,56162
2026-07-25 11:36:00,58.8168,58.8168,58.7393,58.7635,17779
2026-07-25 11:37:00,58.7684,58.7781,58.7393,58.749,18618
2026-07-25 11:38:00,58.7539,58.7635,58.749,58.7572,6025
2026-07-25 11:39:00,58.7587,58.7684,58.7393,58.7635,13090
2026-07-25 11:40:00,58.7732,58.7732,58.749,58.7635,11261
2026-07-25 11:41:00,58.7635,58.7684,58.7587,58.7604,5169
2026-07-25 11:42:00,58.7635,58.7732,58.7163,58.7635,199740
2026-07-25 11:43:00,58.7587,58.7829,58.7587,58.7829,6898
2026-07-25 11:44:00,58.7877,58.7877,58.7732,58.7732,4823
2026-07-25 11:45:00,58.7781,58.7926,58.7781,58.7829,4163
2026-07-25 11:46:00,58.7829,58.7926,58.7781,58.7926,7227
2026-07-25 11:47:00,58.7974,58.8071,58.7926,58.8071,6053
2026-07-25 11:48:00,58.8313,58.8361,58.8265,58.8313,1495
2026-07-25 11:49:00,58.8313,58.8313,58.8071,58.8071,2786
2026-07-25 11:50:00,58.8071,58.8313,58.8071,58.8313,8816
2026-07-25 11:51:00,58.8313,58.8361,58.8265,58.8313,2866
2026-07-25 11:52:00,58.8313,58.8313,58.8313,58.8313,940
2026-07-25 11:53:00,58.8313,58.8361,58.8265,58.8361,554
2026-07-25 11:54:00,58.8265,58.8458,58.8265,58.841,5699
2026-07-25 11:55:00,58.841,58.8507,58.8313,58.8313,5245
2026-07-25 11:56:00,58.8313,58.8313,58.8265,58.8265,1598
2026-07-25 11:57:00,58.8313,58.8313,58.8265,58.8266,1165
2026-07-25 11:58:00,58.8361,58.8652,58.8361,58.8603,8401
2026-07-25 11:59:00,58.8652,58.8652,58.8603,58.8603,958
2026-07-25 12:00:00,58.8603,58.8642,58.8507,58.8507,1853
2026-07-25 12:01:00,58.8555,58.8652,58.8555,58.8603,4499
2026-07-25 12:02:00,58.8603,58.8749,58.8603,58.8749,1838
2026-07-25 12:03:00,58.87,58.9039,58.8652,58.8991,9670
2026-07-25 12:04:00,58.8942,58.8991,58.8845,58.8942,5227
2026-07-25 12:05:00,58.8991,58.9039,58.8991,58.9039,726
2026-07-25 12:06:00,58.8991,58.9087,58.8991,58.9087,28519
2026-07-25 12:07:00,58.9039,58.9039,58.8942,58.8991,6500
2026-07-25 12:08:00,58.8991,58.9136,58.8942,58.8942,20510
2026-07-25 12:09:00,58.8942,58.9039,58.8942,58.9039,38804
2026-07-25 12:10:00,58.8942,58.8991,58.8942,58.8991,2931
2026-07-25 12:11:00,58.8942,58.8991,58.8749,58.8749,7835
2026-07-25 12:12:00,58.8797,58.8797,58.8749,58.8749,1593
2026-07-25 12:13:00,58.8797,58.8797,58.8555,58.8555,15136
2026-07-25 12:14:00,58.8603,58.87,58.8507,58.87,6766
2026-07-25 12:15:00,58.87,58.8749,58.8652,58.8653,4158
2026-07-25 12:16:00,58.8652,58.8749,58.8555,58.8555,6654
2026-07-25 12:17:00,58.8603,58.8652,58.8555,58.8555,3429
2026-07-25 12:18:00,58.8555,58.8603,58.8507,58.8603,8520
2026-07-25 12:19:00,58.8555,58.8652,58.8555,58.8603,3864
2026-07-25 12:20:00,58.8652,58.87,58.8652,58.87,4508
2026-07-25 12:21:00,58.87,58.87,58.8652,58.87,11619
2026-07-25 12:22:00,58.87,58.87,58.8652,58.87,16853
2026-07-25 12:23:00,58.87,58.87,58.8555,58.8603,11220
2026-07-25 12:24:00,58.8652,58.87,58.8555,58.866,2722
2026-07-25 12:25:00,58.8652,58.8749,58.8652,58.87,3139
2026-07-25 12:26:00,58.8663,58.87,58.8663,58.87,3971
2026-07-25 12:27:00,58.87,58.8739,58.867,58.87,3255
2026-07-25 12:28:00,58.87,58.8749,58.8652,58.87,19980
2026-07-25 12:29:00,58.87,58.87,58.8652,58.8652,2457
2026-07-25 12:30:00,58.8652,58.87,58.8603,58.8603,9329
2026-07-25 12:31:00,58.8555,58.8652,58.8555,58.8556,3349
2026-07-25 12:32:00,58.8603,58.87,58.8603,58.8652,4412
2026-07-25 12:33:00,58.87,58.87,58.8652,58.87,1845
2026-07-25 12:34:00,58.87,58.87,58.8459,58.8507,12719
2026-07-25 12:35:00,58.8507,58.8555,58.8507,58.8507,1523
2026-07-25 12:36:00,58.8507,58.8507,58.8361,58.841,5664
2026-07-25 12:37:00,58.8361,58.841,58.8361,58.841,4853
2026-07-25 12:38:00,58.8458,58.8555,58.841,58.8507,5032
2026-07-25 12:39:00,58.8507,58.8797,58.8507,58.8797,14085
2026-07-25 12:40:00,58.8797,58.8845,58.8768,58.8797,3298
2026-07-25 12:41:00,58.8797,58.8797,58.8749,58.8797,2502
2026-07-25 12:42:00,58.8797,58.8797,58.8797,58.8797,2903
2026-07-25 12:43:00,58.8797,58.8845,58.8749,58.8797,9294
2026-07-25 12:44:00,58.8797,58.8845,58.8797,58.8797,11097
2026-07-25 12:45:00,58.8797,58.8797,58.8652,58.87,5365
2026-07-25 12:46:00,58.8652,58.87,58.8555,58.8603,3681
2026-07-25 12:47:00,58.8603,58.8603,58.8458,58.8507,4163
2026-07-25 12:48:00,58.8507,58.8507,58.8458,58.8458,1792
2026-07-25 12:49:00,58.8458,58.8555,58.8458,58.8507,1926
2026-07-25 12:50:00,58.8507,58.8555,58.8458,58.8458,4573
2026-07-25 12:51:00,58.8507,58.8555,58.8507,58.8555,2798
2026-07-25 12:52:00,58.8555,58.87,58.8458,58.8603,12815
2026-07-25 12:53:00,58.856,58.87,58.856,58.87,3238
2026-07-25 12:54:00,58.87,58.87,58.87,58.87,709
2026-07-25 12:55:00,58.87,58.8797,58.8654,58.8797,8733
2026-07-25 12:56:00,58.8797,58.8797,58.8749,58.8797,3856
2026-07-25 12:57:00,58.8797,58.8797,58.8652,58.87,5542
2026-07-25 12:58:00,58.87,58.87,58.8652,58.87,1895
2026-07-25 12:59:00,58.87,58.8749,58.8652,58.87,7113
2026-07-25 13:00:00,58.87,58.87,58.87,58.87,1033
2026-07-25 13:01:00,58.87,58.8729,58.8652,58.8652,1538
2026-07-25 13:02:00,58.87,58.87,58.8555,58.8603,10440
2026-07-25 13:03:00,58.8565,58.8603,58.8361,58.841,16533
2026-07-25 13:04:00,58.841,58.841,58.8119,58.8119,27727
2026-07-25 13:05:00,58.8073,58.8119,58.8071,58.8071,3357
2026-07-25 13:06:00,58.8119,58.8119,58.8071,58.8071,1055
2026-07-25 13:07:00,58.8071,58.8071,58.7877,58.7877,5382
2026-07-25 13:08:00,58.7877,58.7974,58.7829,58.7926,6539
2026-07-25 13:09:00,58.7974,58.8071,58.7974,58.8023,3414
2026-07-25 13:10:00,58.7974,58.8071,58.7974,58.8023,4132
2026-07-25 13:11:00,58.8023,58.8071,58.7975,58.8023,7049
2026-07-25 13:12:00,58.8023,58.8071,58.8023,58.8023,1200
2026-07-25 13:13:00,58.8023,58.8071,58.7974,58.8023,9867
2026-07-25 13:14:00,58.8023,58.8052,58.7974,58.8023,6758
2026-07-25 13:15:00,58.7974,58.8071,58.7974,58.7974,4000
2026-07-25 13:16:00,58.8023,58.8071,58.7974,58.7974,3245
2026-07-25 13:17:00,58.7974,58.8023,58.7974,58.8023,5433
2026-07-25 13:18:00,58.8023,58.8071,58.7974,58.7974,9081
2026-07-25 13:19:00,58.7974,58.8023,58.7974,58.8023,8516
2026-07-25 13:20:00,58.8023,58.8023,58.7974,58.8023,14757
2026-07-25 13:21:00,58.8023,58.8071,58.7974,58.8023,11722
2026-07-25 13:22:00,58.7974,58.8071,58.7974,58.7974,4334
2026-07-25 13:23:00,58.8023,58.8555,58.7974,58.841,47631
2026-07-25 13:24:00,58.841,58.841,58.841,58.841,885
2026-07-25 13:25:00,58.8458,58.8458,58.8361,58.8361,5538
2026-07-25 13:26:00,58.8361,58.841,58.8361,58.841,1347
2026-07-25 13:27:00,58.841,58.841,58.837,58.841,1588
2026-07-25 13:28:00,58.8458,58.8652,58.8458,58.8507,15568
2026-07-25 13:29:00,58.8507,58.8555,58.8507,58.8507,974
2026-07-25 13:30:00,58.8507,58.87,58.8507,58.87,8259
2026-07-25 13:31:00,58.8671,58.8749,58.8652,58.87,5230
2026-07-25 13:32:00,58.87,58.8749,58.8655,58.8749,3927
2026-07-25 13:33:00,58.87,58.9136,58.87,58.9087,18156
2026-07-25 13:34:00,58.9087,58.9087,58.87,58.87,10287
2026-07-25 13:35:00,58.8652,58.8652,58.841,58.841,9160
2026-07-25 13:36:00,58.8361,58.8507,58.8361,58.8458,9821
2026-07-25 13:37:00,58.8458,58.8555,58.841,58.841,7274
2026-07-25 13:38:00,58.8361,58.841,58.8071,58.8071,9967
2026-07-25 13:39:00,58.8023,58.8361,58.7994,58.8361,4961
2026-07-25 13:40:00,58.8283,58.8361,58.8265,58.8313,2837
2026-07-25 13:41:00,58.8265,58.8361,58.8216,58.8361,4826
2026-07-25 13:42:00,58.8265,58.8265,58.8071,58.8119,3227
2026-07-25 13:43:00,58.8119,58.8119,58.8071,58.8119,1147
2026-07-25 13:44:00,58.8079,58.8313,58.8079,58.8313,2982
2026-07-25 13:45:00,58.8313,58.8507,58.8313,58.8507,3841
2026-07-25 13:46:00,58.8458,58.8507,58.8361,58.8472,6884
2026-07-25 13:47:00,58.8555,58.8555,58.841,58.841,3417
2026-07-25 13:48:00,58.841,58.841,58.8361,58.8361,2238
2026-07-25 13:49:00,58.8378,58.8378,58.8168,58.8216,9893
2026-07-25 13:50:00,58.8216,58.8216,58.8216,58.8216,1595
2026-07-25 13:51:00,58.8216,58.8216,58.8071,58.8119,9439
2026-07-25 13:52:00,58.8119,58.8168,58.8071,58.8119,3035
2026-07-25 13:53:00,58.8119,58.8168,58.8119,58.8168,1331
2026-07-25 13:54:00,58.8168,58.8216,58.8071,58.8071,14985
2026-07-25 13:55:00,58.8047,58.8047,58.7878,58.7926,5789
2026-07-25 13:56:00,58.7926,58.7926,58.7829,58.7877,2831
2026-07-25 13:57:00,58.7974,58.8071,58.7974,58.8023,5080
2026-07-25 13:58:00,58.8023,58.8071,58.8023,58.8023,2023
2026-07-25 13:59:00,58.8071,58.8071,58.8023,58.8071,1642
2026-07-25 14:00:00,58.8023,58.8168,58.8023,58.8119,6609
2026-07-25 14:01:00,58.815,58.815,58.8023,58.8071,6061
2026-07-25 14:02:00,58.8023,58.8168,58.8023,58.8119,1963
2026-07-25 14:03:00,58.8119,58.8119,58.8071,58.8119,5040
2026-07-25 14:04:00,58.8119,58.8119,58.8071,58.8071,1604
2026-07-25 14:05:00,58.8071,58.8071,58.8023,58.8023,3825
2026-07-25 14:06:00,58.8023,58.8119,58.8023,58.8119,6071
2026-07-25 14:07:00,58.8119,58.8168,58.8072,58.8119,5633
2026-07-25 14:08:00,58.8119,58.8168,58.8023,58.8023,8300
2026-07-25 14:09:00,58.8023,58.8023,58.8023,58.8023,558
2026-07-25 14:10:00,58.8023,58.8119,58.8023,58.8119,2623
2026-07-25 14:11:00,58.8119,58.8119,58.8071,58.8119,3158
2026-07-25 14:12:00,58.8119,58.8119,58.8119,58.8119,2099
2026-07-25 14:13:00,58.8119,58.8168,58.8119,58.8119,2224
2026-07-25 14:14:00,58.8071,58.8119,58.8023,58.8023,6962
2026-07-25 14:15:00,58.8023,58.8071,58.8023,58.8071,1925
2026-07-25 14:16:00,58.8023,58.8071,58.8023,58.8023,5249
2026-07-25 14:17:00,58.8023,58.8071,58.7974,58.8023,3109
2026-07-25 14:18:00,58.7974,58.8023,58.7781,58.7781,10390
2026-07-25 14:19:00,58.7829,58.7829,58.7781,58.7829,2131
2026-07-25 14:20:00,58.7829,58.7829,58.7781,58.7829,1113
2026-07-25 14:21:00,58.7829,58.7829,58.7684,58.7732,8173
2026-07-25 14:22:00,58.7732,58.7781,58.7732,58.7781,6364
2026-07-25 14:23:00,58.7781,58.7877,58.7781,58.7829,2985
2026-07-25 14:24:00,58.7781,58.7877,58.7781,58.7829,1523
2026-07-25 14:25:00,58.7829,58.7877,58.7781,58.7829,5202
2026-07-25 14:26:00,58.7782,58.7877,58.7781,58.7877,2441
2026-07-25 14:27:00,58.7797,58.7877,58.7797,58.7877,1620
2026-07-25 14:28:00,58.7829,58.7877,58.7781,58.7829,5901
2026-07-25 14:29:00,58.7853,58.7877,58.7829,58.7829,5963
2026-07-25 14:30:00,58.7829,58.7877,58.7684,58.7732,13726
2026-07-25 14:31:00,58.7781,58.7829,58.7684,58.7829,9372
2026-07-25 14:32:00,58.7829,58.7829,58.7732,58.7732,7350
2026-07-25 14:33:00,58.7732,58.7781,58.7732,58.7732,1193
2026-07-25 14:34:00,58.7732,58.7829,58.7722,58.7829,3264
2026-07-25 14:35:00,58.7829,58.8071,58.7829,58.8071,3850
2026-07-25 14:36:00,58.8023,58.8168,58.8023,58.8168,2639
2026-07-25 14:37:00,58.8265,58.8265,58.8168,58.8216,5140
2026-07-25 14:38:00,58.8216,58.8313,58.8216,58.8216,3584
2026-07-25 14:39:00,58.8216,58.8361,58.8168,58.8361,7259
2026-07-25 14:40:00,58.8313,58.8458,58.8168,58.8168,29688
2026-07-25 14:41:00,58.8216,58.8265,58.8023,58.8023,5615
2026-07-25 14:42:00,58.7974,58.7974,58.7877,58.7926,2935
2026-07-25 14:43:00,58.7974,58.7974,58.7926,58.7926,1072
2026-07-25 14:44:00,58.7974,58.7974,58.7926,58.7926,2158
2026-07-25 14:45:00,58.7949,58.7974,58.7802,58.7829,6097
2026-07-25 14:46:00,58.7829,58.7877,58.7781,58.7781,3526
2026-07-25 14:47:00,58.7732,58.7781,58.7684,58.7781,7196
2026-07-25 14:48:00,58.7732,58.7732,58.7607,58.7635,6743
2026-07-25 14:49:00,58.7635,58.7684,58.7635,58.7635,2187
2026-07-25 14:50:00,58.7598,58.7684,58.7587,58.7635,2892
2026-07-25 14:51:00,58.7635,58.7781,58.7635,58.7732,3910
2026-07-25 14:52:00,58.7684,58.7732,58.7393,58.749,14039
2026-07-25 14:53:00,58.7539,58.7587,58.749,58.7529,2536
2026-07-25 14:54:00,58.7539,58.7587,58.749,58.7587,2897
2026-07-25 14:55:00,58.7539,58.7684,58.7539,58.7684,3637
2026-07-25 14:56:00,58.7684,58.8023,58.7635,58.7974,7419
2026-07-25 14:57:00,58.7926,58.8071,58.7926,58.8023,7200
2026-07-25 14:58:00,58.8013,58.8023,58.7829,58.7829,15599
2026-07-25 14:59:00,58.7781,58.7877,58.7781,58.7829,6255
2026-07-25 15:00:00,58.7829,58.7829,58.7781,58.7829,4180
2026-07-25 15:01:00,58.7829,58.7829,58.7781,58.7829,2165
2026-07-25 15:02:00,58.7829,58.7829,58.7684,58.7781,6538
2026-07-25 15:03:00,58.7781,58.7781,58.7587,58.7587,19239
2026-07-25 15:04:00,58.7539,58.7539,58.7345,58.7442,7635
2026-07-25 15:05:00,58.7297,58.7393,58.7297,58.7393,6468
2026-07-25 15:06:00,58.7345,58.7393,58.7297,58.7393,3547
2026-07-25 15:07:00,58.7393,58.7442,58.7307,58.7393,14451
2026-07-25 15:08:00,58.749,58.7684,58.7442,58.7635,17920
2026-07-25 15:09:00,58.7684,58.7781,58.7684,58.7732,4749
2026-07-25 15:10:00,58.7781,58.7781,58.7732,58.7732,1496
2026-07-25 15:11:00,58.7732,58.8361,58.7732,58.8361,16446
2026-07-25 15:12:00,58.8313,58.8555,58.8216,58.841,10446
2026-07-25 15:13:00,58.841,58.8555,58.841,58.8555,2036
2026-07-25 15:14:00,58.8555,58.8603,58.8361,58.8361,10257
2026-07-25 15:15:00,58.841,58.841,58.8361,58.841,2253
2026-07-25 15:16:00,58.841,58.8458,58.8361,58.841,2024
2026-07-25 15:17:00,58.8361,58.8434,58.8361,58.841,2663
2026-07-25 15:18:00,58.841,58.8507,58.8265,58.8458,12167
2026-07-25 15:19:00,58.8507,58.8652,58.8458,58.8652,4280
2026-07-25 15:20:00,58.8555,58.8603,58.8507,58.8603,11890
2026-07-25 15:21:00,58.8603,58.8652,58.8555,58.8603,5639
2026-07-25 15:22:00,58.8603,58.87,58.8603,58.87,5661
2026-07-25 15:23:00,58.87,58.8797,58.8652,58.87,16520
2026-07-25 15:24:00,58.87,58.8749,58.868,58.87,6856
2026-07-25 15:25:00,58.8749,58.8845,58.8652,58.8845,12176
2026-07-25 15:26:00,58.8845,58.9136,58.8797,58.9039,12915
2026-07-25 15:27:00,58.9039,58.9087,58.87,58.87,10910
2026-07-25 15:28:00,58.87,58.8845,58.87,58.8797,8321
2026-07-25 15:29:00,58.8749,58.8845,58.8749,58.8797,4769
2026-07-25 15:30:00,58.8759,58.8759,58.8507,58.8603,16453
2026-07-25 15:31:00,58.8603,58.8603,58.841,58.8507,10476
2026-07-25 15:32:00,58.8507,58.8507,58.8168,58.841,42534
2026-07-25 15:33:00,58.841,58.841,58.8265,58.8313,9026
2026-07-25 15:34:00,58.8313,58.8313,58.8265,58.8265,20974
2026-07-25 15:35:00,58.8265,58.8265,58.7974,58.8023,38136
2026-07-25 15:36:00,58.8023,58.8023,58.7974,58.7974,5294
2026-07-25 15:37:00,58.8023,58.8071,58.7877,58.7926,23757
2026-07-25 15:38:00,58.7926,58.7926,58.7877,58.7926,9790
2026-07-25 15:39:00,58.7926,58.795,58.7587,58.7635,28085
2026-07-25 15:40:00,58.7684,58.7781,58.749,58.7781,78852
2026-07-25 15:41:00,58.7732,58.7926,58.7608,58.7684,10856
2026-07-25 15:42:00,58.7684,58.7684,58.7442,58.7442,16596
2026-07-25 15:43:00,58.749,58.7684,58.7442,58.7587,17842
2026-07-25 15:44:00,58.7635,58.7781,58.7539,58.7732,22337
2026-07-25 15:45:00,58.7684,58.7684,58.7587,58.7635,14848
2026-07-25 15:46:00,58.7635,58.7684,58.7297,58.7345,43706
2026-07-25 15:47:00,58.7345,58.7393,58.72,58.7248,72812
2026-07-25 15:48:00,58.72,58.7248,58.7103,58.72,37998
2026-07-25 15:49:00,58.7151,58.72,58.7103,58.7103,25120
2026-07-25 15:50:00,58.7151,58.7974,58.7151,58.7781,54940
2026-07-25 15:51:00,58.7684,58.7732,58.7345,58.7442,1420899
2026-07-25 15:52:00,58.7539,58.7684,58.7539,58.7539,14430
2026-07-25 15:53:00,58.7539,58.7781,58.7393,58.749,107593
2026-07-25 15:54:00,58.7539,58.7587,58.7393,58.7539,34195
2026-07-25 15:55:00,58.7539,58.7684,58.749,58.7684,38516
2026-07-25 15:56:00,58.7635,58.7732,58.72,58.7248,83391
2026-07-25 15:57:00,58.7248,58.7345,58.7006,58.7055,86157
2026-07-25 15:58:00,58.7103,58.749,58.7006,58.749,102898
2026-07-25 15:59:00,58.749,58.7974,58.749,58.7974,100821
2026-07-28 09:30:00,59.0394,59.0685,58.991,59.0685,67127
2026-07-28 09:31:00,59.0685,59.0685,59.0249,59.0491,16683
2026-07-28 09:32:00,59.0297,59.0443,58.9813,59.0201,16881
2026-07-28 09:33:00,59.0104,59.0394,58.991,59.0394,9922
2026-07-28 09:34:00,59.0201,59.0297,59.0007,59.0007,3355
2026-07-28 09:35:00,58.991,58.991,58.9523,58.9717,14492
2026-07-28 09:36:00,58.962,58.962,58.9426,58.9426,15777
2026-07-28 09:37:00,58.9426,58.9426,58.9039,58.9039,9606
2026-07-28 09:38:00,58.9039,58.9233,58.8991,58.9039,7640
2026-07-28 09:39:00,58.9039,58.9087,58.8797,58.8894,17285
2026-07-28 09:40:00,58.8845,58.8942,58.8749,58.8894,7300
2026-07-28 09:41:00,58.8845,58.8845,58.8652,58.8652,7600
2026-07-28 09:42:00,58.8652,58.8652,58.8265,58.841,12932
2026-07-28 09:43:00,58.8361,58.8361,58.7926,58.8071,26689
2026-07-28 09:44:00,58.8023,58.8361,58.8023,58.8265,27325
2026-07-28 09:45:00,58.8168,58.8458,58.7974,58.8458,17835
2026-07-28 09:46:00,58.8458,58.8458,58.7829,58.7926,17873
2026-07-28 09:47:00,58.7877,58.8071,58.7732,58.8071,6245
2026-07-28 09:48:00,58.8071,58.8071,58.7974,58.8071,10536
2026-07-28 09:49:00,58.7974,58.8168,58.7877,58.7974,14777
2026-07-28 09:50:00,58.7781,58.7877,58.7684,58.7732,11082
2026-07-28 09:51:00,58.7781,58.7781,58.7393,58.7442,9981
2026-07-28 09:52:00,58.7393,58.7974,58.7297,58.7974,13781
2026-07-28 09:53:00,58.7974,58.7974,58.7393,58.7442,16088
2026-07-28 09:54:00,58.7442,58.7587,58.7393,58.749,5075
2026-07-28 09:55:00,58.749,58.7781,58.7393,58.7781,15598
2026-07-28 09:56:00,58.7877,58.8458,58.7829,58.8168,27295
2026-07-28 09:57:00,58.8168,58.8265,58.8119,58.8168,8448
2026-07-28 09:58:00,58.8265,58.841,58.8216,58.8265,11766
2026-07-28 09:59:00,58.8313,58.8361,58.8313,58.8361,11812
2026-07-28 10:00:00,58.8361,58.8652,58.8216,58.8652,17453
2026-07-28 10:01:00,58.87,58.8845,58.8652,58.8845,11276
2026-07-28 10:02:00,58.8797,58.8797,58.8603,58.87,9841
2026-07-28 10:03:00,58.87,58.8749,58.8669,58.87,5437
2026-07-28 10:04:00,58.87,58.9039,58.87,58.9039,19191
2026-07-28 10:05:00,58.9039,58.9087,58.8749,58.8749,16507
2026-07-28 10:06:00,58.8797,58.9329,58.8797,58.9329,15819
2026-07-28 10:07:00,58.9329,58.9426,58.9281,58.9378,11758
2026-07-28 10:08:00,58.9329,58.9329,58.9233,58.9281,4952
2026-07-28 10:09:00,58.9281,58.9571,58.9281,58.9523,10691
2026-07-28 10:10:00,58.9523,58.9571,58.9039,58.9184,16686
2026-07-28 10:11:00,58.9175,58.9329,58.9175,58.9329,13369
2026-07-28 10:12:00,58.9233,58.9233,58.8942,58.8942,5980
2026-07-28 10:13:00,58.8991,58.8991,58.8942,58.8991,2506
2026-07-28 10:14:00,58.8991,58.9087,58.8991,58.9039,10473
2026-07-28 10:15:00,58.8991,58.9042,58.8894,58.8991,10555
2026-07-28 10:16:00,58.9039,58.9329,58.9039,58.9136,9785
2026-07-28 10:17:00,58.9087,58.9136,58.8942,58.8942,13533
2026-07-28 10:18:00,58.8845,58.8845,58.8749,58.8797,5900
2026-07-28 10:19:00,58.8797,58.8845,58.8507,58.8555,9440
2026-07-28 10:20:00,58.8555,58.8749,58.8555,58.8555,11407
2026-07-28 10:21:00,58.8555,58.8652,58.8555,58.8652,7606
2026-07-28 10:22:00,58.8555,58.8652,58.8555,58.8603,10520
2026-07-28 10:23:00,58.8652,58.8749,58.8603,58.87,6781
2026-07-28 10:24:00,58.87,58.87,58.8458,58.8458,8160
2026-07-28 10:25:00,58.8458,58.8458,58.8168,58.8168,7569
2026-07-28 10:26:00,58.8216,58.8265,58.7974,58.7974,7795
2026-07-28 10:27:00,58.7974,58.8023,58.7974,58.7974,3356
2026-07-28 10:28:00,58.8023,58.8168,58.8023,58.8071,9370
2026-07-28 10:29:00,58.8119,58.8168,58.8119,58.8168,3438
2026-07-28 10:30:00,58.8168,58.8458,58.8071,58.8265,22690
2026-07-28 10:31:00,58.8265,58.841,58.8216,58.8265,8086
2026-07-28 10:32:00,58.8265,58.8265,58.8216,58.8216,5888
2026-07-28 10:33:00,58.8265,58.8265,58.8071,58.8071,12581
2026-07-28 10:34:00,58.8119,58.8216,58.8071,58.8071,14647
2026-07-28 10:35:00,58.7974,58.8009,58.7587,58.7635,24561
2026-07-28 10:36:00,58.7587,58.7684,58.7393,58.7442,6429
2026-07-28 10:37:00,58.7442,58.749,58.7393,58.749,7601
2026-07-28 10:38:00,58.749,58.7587,58.7393,58.749,28029
2026-07-28 10:39:00,58.749,58.7587,58.7393,58.7491,16527
2026-07-28 10:40:00,58.749,58.749,58.7297,58.7297,7571
2026-07-28 10:41:00,58.7297,58.7297,58.7006,58.7103,7614
2026-07-28 10:42:00,58.7055,58.7055,58.6861,58.7006,16304
2026-07-28 10:43:00,58.6911,58.7189,58.6911,58.6958,7761
2026-07-28 10:44:00,58.7006,58.7006,58.6909,58.6958,9152
2026-07-28 10:45:00,58.7006,58.7055,58.6958,58.7006,10795
2026-07-28 10:46:00,58.7055,58.7055,58.6909,58.7006,9771
2026-07-28 10:47:00,58.7045,58.7151,58.7006,58.7103,18479
2026-07-28 10:48:00,58.7103,58.7151,58.7006,58.7055,8535
2026-07-28 10:49:00,58.7055,58.7103,58.6958,58.6958,12287
2026-07-28 10:50:00,58.7006,58.7539,58.6958,58.7539,9490
2026-07-28 10:51:00,58.7587,58.7684,58.749,58.7635,9748
2026-07-28 10:52:00,58.7635,58.7732,58.7587,58.7587,3475
2026-07-28 10:53:00,58.7587,58.8168,58.7587,58.8168,6622
2026-07-28 10:54:00,58.8216,58.8458,58.8216,58.841,2315
2026-07-28 10:55:00,58.841,58.8507,58.8265,58.841,21522
2026-07-28 10:56:00,58.8458,58.87,58.8458,58.8507,5842
2026-07-28 10:57:00,58.8507,58.8797,58.8507,58.8797,6491
2026-07-28 10:58:00,58.8894,58.9087,58.8846,58.9087,2506
2026-07-28 10:59:00,58.9087,58.9087,58.9039,58.9087,2212
2026-07-28 11:00:00,58.9039,58.9136,58.8555,58.8603,21880
2026-07-28 11:01:00,58.8555,58.8797,58.8555,58.8797,6705
2026-07-28 11:02:00,58.8894,58.8935,58.87,58.8797,5530
2026-07-28 11:03:00,58.8845,58.8991,58.8749,58.8749,6405
2026-07-28 11:04:00,58.8797,58.8894,58.8652,58.87,6969
2026-07-28 11:05:00,58.87,58.8894,58.87,58.8894,9326
2026-07-28 11:06:00,58.8845,58.8845,58.8555,58.8555,11439
2026-07-28 11:07:00,58.8603,58.8797,58.8603,58.8797,8985
2026-07-28 11:08:00,58.8749,58.8942,58.8603,58.8894,12609
2026-07-28 11:09:00,58.8894,58.9087,58.8845,58.9087,130551
2026-07-28 11:10:00,58.9087,58.9136,58.8894,58.9039,12867
2026-07-28 11:11:00,58.9087,58.9136,58.8991,58.9039,6876
2026-07-28 11:12:00,58.9039,58.9378,58.9039,58.9329,7874
2026-07-28 11:13:00,58.9378,58.9426,58.9281,58.9378,5555
2026-07-28 11:14:00,58.9329,58.9426,58.9329,58.9378,4435
2026-07-28 11:15:00,58.9329,58.9426,58.9281,58.9402,70226
2026-07-28 11:16:00,58.9329,58.9329,58.904,58.904,5753
2026-07-28 11:17:00,58.9043,58.9281,58.8942,58.9281,6204
2026-07-28 11:18:00,58.9233,58.9233,58.9087,58.9141,3401
2026-07-28 11:19:00,58.9136,58.9136,58.8894,58.8894,2576
2026-07-28 11:20:00,58.8894,58.8991,58.8797,58.8797,3499
2026-07-28 11:21:00,58.8894,58.8991,58.8845,58.8845,4182
2026-07-28 11:22:00,58.8894,58.8894,58.8507,58.8603,4868
2026-07-28 11:23:00,58.8555,58.8603,58.8458,58.8458,2592
2026-07-28 11:24:00,58.8507,58.8603,58.8458,58.8603,3455
2026-07-28 11:25:00,58.8652,58.87,58.841,58.841,3192
2026-07-28 11:26:00,58.841,58.8458,58.8361,58.8361,3273
2026-07-28 11:27:00,58.8313,58.8313,58.8265,58.8313,2177
2026-07-28 11:28:00,58.8313,58.8313,58.8265,58.8313,2071
2026-07-28 11:29:00,58.8313,58.8458,58.8216,58.8216,7558
2026-07-28 11:30:00,58.8216,58.8313,58.8216,58.8313,3911
2026-07-28 11:31:00,58.8265,58.836,58.7781,58.7781,5595
2026-07-28 11:32:00,58.7877,58.8313,58.7877,58.8313,3272
2026-07-28 11:33:00,58.8265,58.8265,58.8216,58.8216,1852
2026-07-28 11:34:00,58.8216,58.8507,58.8169,58.8507,3129
2026-07-28 11:35:00,58.8458,58.8555,58.8265,58.8265,41784
2026-07-28 11:36:00,58.8313,58.8361,58.8168,58.8216,5065
2026-07-28 11:37:00,58.8216,58.8265,58.8216,58.8216,2137
2026-07-28 11:38:00,58.8168,58.8168,58.7926,58.8023,6225
2026-07-28 11:39:00,58.8023,58.8313,58.8023,58.8153,8777
2026-07-28 11:40:00,58.8119,58.8119,58.8071,58.8071,1812
2026-07-28 11:41:00,58.8119,58.8119,58.7974,58.8119,4347
2026-07-28 11:42:00,58.8168,58.8313,58.8168,58.8313,2858
2026-07-28 11:43:00,58.8313,58.8313,58.8119,58.8119,12882
2026-07-28 11:44:00,58.8071,58.8071,58.7974,58.7974,1338
2026-07-28 11:45:00,58.8023,58.8023,58.7974,58.8023,9253
2026-07-28 11:46:00,58.8071,58.8119,58.8023,58.8119,3335
2026-07-28 11:47:00,58.8119,58.841,58.8119,58.8361,2062
2026-07-28 11:48:00,58.8458,58.8749,58.8458,58.8749,7854
2026-07-28 11:49:00,58.8797,58.8845,58.8797,58.8845,705
2026-07-28 11:50:00,58.8942,58.8991,58.8797,58.8797,3362
2026-07-28 11:51:00,58.8845,58.8845,58.8797,58.8797,1925
2026-07-28 11:52:00,58.8797,58.8797,58.875,58.8797,1973
2026-07-28 11:53:00,58.8845,58.8845,58.8797,58.8845,1072
2026-07-28 11:54:00,58.8797,58.8797,58.8797,58.8797,728
2026-07-28 11:55:00,58.8749,58.8942,58.8749,58.8894,4629
2026-07-28 11:56:00,58.8894,58.8942,58.8894,58.8894,1723
2026-07-28 11:57:00,58.8942,58.9087,58.8942,58.8973,4203
2026-07-28 11:58:00,58.9087,58.9111,58.9087,58.9087,3203
2026-07-28 11:59:00,58.9087,58.9136,58.904,58.905,2328
2026-07-28 12:00:00,58.9087,58.9087,58.904,58.9087,1195
2026-07-28 12:01:00,58.9087,58.9136,58.9087,58.9136,2733
2026-07-28 12:02:00,58.9281,58.934,58.9233,58.934,1751
2026-07-28 12:03:00,58.9378,58.9426,58.9378,58.9426,813
2026-07-28 12:04:00,58.9419,58.9426,58.9419,58.9426,913
2026-07-28 12:05:00,58.9426,58.9426,58.9233,58.9378,7774
2026-07-28 12:06:00,58.9342,58.9426,58.9342,58.9378,1366
2026-07-28 12:07:00,58.9378,58.9426,58.9378,58.9426,1372
2026-07-28 12:08:00,58.9426,58.9523,58.9426,58.9475,2264
2026-07-28 12:09:00,58.9426,58.9475,58.9426,58.9475,732
2026-07-28 12:10:00,58.9523,58.9523,58.9475,58.9475,489
2026-07-28 12:11:00,58.9475,58.9813,58.9475,58.9813,7263
2026-07-28 12:12:00,58.9813,58.9813,58.9765,58.9813,573
2026-07-28 12:13:00,58.9765,58.9813,58.9728,58.9765,2653
2026-07-28 12:14:00,58.9765,58.9765,58.9765,58.9765,617
2026-07-28 12:15:00,58.9813,58.9813,58.9765,58.9765,1156
2026-07-28 12:16:00,58.9752,58.9813,58.9752,58.9813,1310
2026-07-28 12:17:00,58.9813,58.9813,58.9765,58.9765,1786
2026-07-28 12:18:00,58.9717,58.9717,58.9717,58.9717,2834
2026-07-28 12:19:00,58.9718,58.9718,58.9718,58.9718,1333
2026-07-28 12:21:00,58.9765,58.9813,58.9765,58.9765,939
2026-07-28 12:22:00,58.9813,58.9862,58.9765,58.9862,2061
2026-07-28 12:23:00,58.991,58.991,58.9813,58.9822,1152
2026-07-28 12:24:00,58.9862,58.9862,58.9862,58.9862,766
2026-07-28 12:26:00,58.9862,58.991,58.9813,58.991,2500
2026-07-28 12:27:00,58.9862,58.9959,58.9862,58.9862,3677
2026-07-28 12:28:00,58.983,58.991,58.983,58.9862,1217
2026-07-28 12:29:00,58.991,58.9959,58.991,58.9959,1833
2026-07-28 12:30:00,59.0007,59.0346,59.0007,59.0297,3799
2026-07-28 12:31:00,59.0297,59.0443,59.0297,59.0443,1230
2026-07-28 12:32:00,59.0443,59.0491,59.0443,59.0491,3448
2026-07-28 12:33:00,59.0443,59.0443,59.0394,59.0394,2786
2026-07-28 12:34:00,59.0393,59.0394,59.0316,59.0346,864
2026-07-28 12:35:00,59.0394,59.0539,59.0394,59.0491,2657
2026-07-28 12:36:00,59.0539,59.0588,59.0491,59.0588,4166
2026-07-28 12:37:00,59.0666,59.0685,59.0636,59.0685,3177
2026-07-28 12:38:00,59.0685,59.0733,59.0685,59.0733,620
2026-07-28 12:39:00,59.0733,59.0781,59.0733,59.0781,4395
2026-07-28 12:40:00,59.0781,59.0781,59.0685,59.0781,1193
2026-07-28 12:41:00,59.0733,59.083,59.0733,59.083,2403
2026-07-28 12:42:00,59.083,59.0878,59.0781,59.083,2657
2026-07-28 12:43:00,59.083,59.083,59.083,59.083,268
2026-07-28 12:44:00,59.0781,59.0781,59.0695,59.0733,3961
2026-07-28 12:45:00,59.0781,59.0781,59.0781,59.0781,619
2026-07-28 12:46:00,59.083,59.083,59.0781,59.0782,1531
2026-07-28 12:47:00,59.0781,59.0781,59.0696,59.0696,2244
2026-07-28 12:48:00,59.0685,59.0733,59.0588,59.0733,5385
2026-07-28 12:49:00,59.0733,59.083,59.0733,59.083,2099
2026-07-28 12:50:00,59.083,59.0927,59.083,59.0878,1489
2026-07-28 12:51:00,59.0878,59.0878,59.0878,59.0878,620
2026-07-28 12:52:00,59.0781,59.0781,59.0685,59.0685,3079
2026-07-28 12:54:00,59.0878,59.0975,59.083,59.0975,1656
2026-07-28 12:55:00,59.1023,59.112,59.0985,59.112,5786
2026-07-28 12:56:00,59.112,59.1169,59.112,59.112,1902
2026-07-28 12:57:00,59.1072,59.112,59.1072,59.1072,1854
2026-07-28 12:58:00,59.112,59.112,59.0781,59.083,109096
2026-07-28 12:59:00,59.0781,59.082,59.0781,59.082,1110
2026-07-28 13:00:00,59.083,59.0878,59.0685,59.0757,13086
2026-07-28 13:01:00,59.0781,59.0781,59.0733,59.0733,830
2026-07-28 13:02:00,59.0733,59.0733,59.0733,59.0733,901
2026-07-28 13:03:00,59.0733,59.0733,59.0588,59.0685,2983
2026-07-28 13:04:00,59.0539,59.0539,59.0539,59.0539,839
2026-07-28 13:05:00,59.0586,59.0586,59.0491,59.0539,3164
2026-07-28 13:06:00,59.0539,59.0539,59.0152,59.0152,3432
2026-07-28 13:07:00,59.0152,59.0201,59.0141,59.0152,3656
2026-07-28 13:08:00,59.0152,59.0152,59.0104,59.0152,631
2026-07-28 13:09:00,59.0104,59.0152,59.0104,59.0152,1934
2026-07-28 13:10:00,59.0201,59.0297,59.0201,59.0297,1672
2026-07-28 13:11:00,59.0394,59.0443,59.0394,59.0443,1163
2026-07-28 13:12:00,59.0491,59.0636,59.0491,59.0636,1661
2026-07-28 13:13:00,59.0588,59.0636,59.0346,59.0346,2822
2026-07-28 13:14:00,59.037,59.0394,59.0346,59.0346,805
2026-07-28 13:15:00,59.0394,59.0491,59.0394,59.0396,1650
2026-07-28 13:16:00,59.0394,59.0394,59.0249,59.0249,3240
2026-07-28 13:17:00,59.0279,59.0279,59.0152,59.0152,2231
2026-07-28 13:18:00,59.0152,59.0152,59.0017,59.0055,2074
2026-07-28 13:19:00,59.0007,59.0017,58.991,58.9959,4119
2026-07-28 13:20:00,58.991,58.991,58.9717,58.9813,7956
2026-07-28 13:21:00,58.9765,58.9789,58.9726,58.9726,1167
2026-07-28 13:22:00,58.9765,58.9765,58.9717,58.9726,1402
2026-07-28 13:23:00,58.9717,58.9765,58.9717,58.9765,4105
2026-07-28 13:24:00,58.9765,58.9775,58.9717,58.9726,2381
2026-07-28 13:25:00,58.9765,58.9765,58.9523,58.9571,7044
2026-07-28 13:26:00,58.9571,58.9571,58.9533,58.9571,1359
2026-07-28 13:27:00,58.9547,58.962,58.9523,58.9571,3357
2026-07-28 13:28:00,58.9571,58.9571,58.9523,58.9523,2076
2026-07-28 13:29:00,58.9571,58.9596,58.9523,58.9533,3695
2026-07-28 13:30:00,58.9523,58.9523,58.9436,58.9475,2560
2026-07-28 13:31:00,58.9475,58.9523,58.9426,58.9475,7955
2026-07-28 13:32:00,58.9475,58.9475,58.9436,58.9475,3745
2026-07-28 13:33:00,58.9475,58.9484,58.9427,58.9475,3466
2026-07-28 13:34:00,58.9475,58.9475,58.9339,58.9378,4009
2026-07-28 13:35:00,58.9378,58.9416,58.9329,58.9378,4585
2026-07-28 13:36:00,58.9378,58.962,58.934,58.9426,9809
2026-07-28 13:37:00,58.9426,58.9426,58.9426,58.9426,676
2026-07-28 13:38:00,58.9426,58.9571,58.9426,58.9571,1825
2026-07-28 13:39:00,58.962,58.962,58.9571,58.9571,2561
2026-07-28 13:40:00,58.9571,58.9571,58.9571,58.9571,1278
2026-07-28 13:41:00,58.9523,58.9596,58.9523,58.9571,3931
2026-07-28 13:42:00,58.9571,58.9571,58.9523,58.9571,1985
2026-07-28 13:43:00,58.9571,58.9717,58.9571,58.9717,3816
2026-07-28 13:44:00,58.9765,58.9813,58.9717,58.9765,2840
2026-07-28 13:45:00,58.9765,58.9765,58.9717,58.9765,3110
2026-07-28 13:46:00,58.9765,58.9765,58.9717,58.9717,1764
2026-07-28 13:47:00,58.9765,58.9765,58.9717,58.9765,858
2026-07-28 13:48:00,58.9717,58.9813,58.9717,58.9813,8349
2026-07-28 13:49:00,58.9813,58.991,58.9813,58.9862,2303
2026-07-28 13:50:00,58.991,58.991,58.9813,58.991,6288
2026-07-28 13:51:00,59.0007,59.0104,59.0007,59.0104,1814
2026-07-28 13:52:00,59.0104,59.0104,59.0055,59.0055,790
2026-07-28 13:53:00,59.0104,59.0104,59.0055,59.0104,1185
2026-07-28 13:54:00,59.0055,59.0083,59.0007,59.0007,1805
2026-07-28 13:55:00,59.0055,59.0104,59.0007,59.0104,1199
2026-07-28 13:56:00,59.0007,59.0152,59.0007,59.0152,3443
2026-07-28 13:57:00,59.0152,59.0201,59.0124,59.0152,923
2026-07-28 13:58:00,59.0134,59.0201,59.0134,59.0152,930
2026-07-28 13:59:00,59.0152,59.0201,59.0152,59.0201,672
2026-07-28 14:00:00,59.0152,59.0201,59.0007,59.0007,10387
2026-07-28 14:01:00,59.0007,59.0055,59.0007,59.0055,1262
2026-07-28 14:02:00,59.0055,59.0055,59.0055,59.0055,674
2026-07-28 14:03:00,59.0055,59.0201,59.0055,59.0152,8753
2026-07-28 14:04:00,59.0152,59.0201,59.0152,59.0152,1565
2026-07-28 14:05:00,59.0152,59.0201,59.0104,59.0201,1914
2026-07-28 14:06:00,59.0249,59.0297,59.0202,59.0259,2487
2026-07-28 14:07:00,59.0201,59.0249,59.0201,59.0249,1031
2026-07-28 14:08:00,59.0249,59.0297,59.0249,59.0297,719
2026-07-28 14:09:00,59.0249,59.0297,59.0201,59.0249,1201
2026-07-28 14:10:00,59.0249,59.0394,59.0249,59.0394,4137
2026-07-28 14:11:00,59.0346,59.0491,59.0346,59.0491,2612
2026-07-28 14:12:00,59.0491,59.0491,59.0346,59.0346,7087
2026-07-28 14:13:00,59.0297,59.0297,59.0201,59.0249,2770
2026-07-28 14:14:00,59.0249,59.0249,59.0201,59.0201,1401
2026-07-28 14:15:00,59.0249,59.0249,58.9813,58.9813,4287
2026-07-28 14:16:00,58.9765,58.9789,58.9717,58.9717,3672
2026-07-28 14:17:00,58.9717,58.9726,58.9571,58.9668,6926
2026-07-28 14:18:00,58.9717,58.9813,58.9717,58.9765,1919
2026-07-28 14:19:00,58.9765,58.9886,58.9765,58.9862,3081
2026-07-28 14:20:00,58.9862,58.9959,58.9822,58.9959,3320
2026-07-28 14:21:00,58.9983,58.9983,58.991,58.991,8251
2026-07-28 14:22:00,59.0007,59.0104,58.991,59.0104,22312
2026-07-28 14:23:00,59.0104,59.0194,59.0104,59.0152,1590
2026-07-28 14:24:00,59.0152,59.0201,59.0104,59.0104,1865
2026-07-28 14:25:00,59.0152,59.0201,59.0104,59.0152,2687
2026-07-28 14:26:00,59.0152,59.0176,59.0104,59.0152,3426
2026-07-28 14:27:00,59.0176,59.0249,59.0152,59.0249,2998
2026-07-28 14:28:00,59.0249,59.0297,59.0213,59.0249,2353
2026-07-28 14:29:00,59.0297,59.0394,59.0297,59.0346,1062
2026-07-28 14:30:00,59.0394,59.0394,59.0346,59.0346,3544
2026-07-28 14:31:00,59.0346,59.0394,59.0297,59.0297,5690
2026-07-28 14:32:00,59.0346,59.037,59.0297,59.0346,3692
2026-07-28 14:33:00,59.0297,59.037,59.0297,59.0346,2040
2026-07-28 14:34:00,59.0346,59.0394,59.0346,59.0346,2634
2026-07-28 14:35:00,59.0346,59.0491,59.0346,59.0491,3572
2026-07-28 14:36:00,59.0443,59.0491,59.0394,59.0443,2631
2026-07-28 14:37:00,59.0491,59.0588,59.0491,59.0588,1923
2026-07-28 14:38:00,59.0539,59.0733,59.0502,59.0685,4588
2026-07-28 14:39:00,59.0733,59.0781,59.0733,59.0781,1727
2026-07-28 14:40:00,59.0781,59.0781,59.0733,59.0781,6632
2026-07-28 14:41:00,59.0781,59.0975,59.0685,59.0975,5641
2026-07-28 14:42:00,59.0927,59.0975,59.0927,59.0975,2113
2026-07-28 14:43:00,59.0927,59.0975,59.0927,59.0975,994
2026-07-28 14:44:00,59.0975,59.0975,59.0685,59.0685,15011
2026-07-28 14:45:00,59.0636,59.0685,59.0636,59.0636,9733
2026-07-28 14:46:00,59.0685,59.0878,59.0636,59.0878,6413
2026-07-28 14:47:00,59.0878,59.0927,59.0685,59.0685,8060
2026-07-28 14:48:00,59.0733,59.0733,59.0685,59.0733,1792
2026-07-28 14:49:00,59.0733,59.0777,59.0733,59.0777,3872
2026-07-28 14:50:00,59.0733,59.0781,59.0588,59.0588,6461
2026-07-28 14:51:00,59.0636,59.0685,59.0588,59.0636,13184
2026-07-28 14:52:00,59.0588,59.0684,59.0588,59.0636,1110
2026-07-28 14:53:00,59.0636,59.0684,59.0491,59.0539,8380
2026-07-28 14:54:00,59.0539,59.0636,59.0539,59.0636,9195
2026-07-28 14:55:00,59.0636,59.083,59.0636,59.083,25788
2026-07-28 14:56:00,59.0878,59.0878,59.0781,59.083,5246
2026-07-28 14:57:00,59.083,59.0854,59.0781,59.083,2630
2026-07-28 14:58:00,59.083,59.0927,59.0781,59.0927,15978
2026-07-28 14:59:00,59.0927,59.0927,59.0781,59.083,4581
2026-07-28 15:00:00,59.083,59.083,59.0686,59.0733,8494
2026-07-28 15:01:00,59.0685,59.0733,59.0588,59.0588,6151
2026-07-28 15:02:00,59.0467,59.0588,59.0394,59.0588,22791
2026-07-28 15:03:00,59.0539,59.0539,59.0394,59.0394,4329
2026-07-28 15:04:00,59.0394,59.0443,59.0346,59.0346,3322
2026-07-28 15:05:00,59.0346,59.0394,59.0346,59.0346,1286
2026-07-28 15:06:00,59.0346,59.0394,59.0333,59.0346,1953
2026-07-28 15:07:00,59.0346,59.0394,59.0346,59.0346,1202
2026-07-28 15:08:00,59.0346,59.0394,59.0346,59.0346,4173
2026-07-28 15:09:00,59.0358,59.0394,59.0297,59.0346,2811
2026-07-28 15:10:00,59.0346,59.0394,59.031,59.0394,2521
2026-07-28 15:11:00,59.0394,59.0491,59.0346,59.0443,2336
2026-07-28 15:12:00,59.0491,59.0491,59.0443,59.0478,4034
2026-07-28 15:13:00,59.0491,59.0588,59.0491,59.0539,5373
2026-07-28 15:14:00,59.0493,59.0564,59.0491,59.0491,6591
2026-07-28 15:15:00,59.0443,59.0539,59.0346,59.0491,7713
2026-07-28 15:16:00,59.0539,59.0588,59.0491,59.0491,2136
2026-07-28 15:17:00,59.0539,59.0588,59.0394,59.0394,6200
2026-07-28 15:18:00,59.0375,59.0394,59.0297,59.0394,7829
2026-07-28 15:19:00,59.0346,59.0455,59.0346,59.0394,1436
2026-07-28 15:20:00,59.0443,59.0443,59.0297,59.0394,4343
2026-07-28 15:21:00,59.0394,59.0577,59.0346,59.0577,7013
2026-07-28 15:22:00,59.0539,59.0588,59.0539,59.0539,1788
2026-07-28 15:23:00,59.0491,59.0588,59.0443,59.0491,13741
2026-07-28 15:24:00,59.0491,59.0539,59.0491,59.0496,2837
2026-07-28 15:25:00,59.0539,59.0539,59.0491,59.0539,1123
2026-07-28 15:26:00,59.0491,59.0588,59.0443,59.0443,11363
2026-07-28 15:27:00,59.0443,59.0491,59.0443,59.0443,4752
2026-07-28 15:28:00,59.0491,59.0685,59.0491,59.0636,11141
2026-07-28 15:29:00,59.0636,59.0685,59.0588,59.0588,6914
2026-07-28 15:30:00,59.0588,59.0636,59.0249,59.0394,26286
2026-07-28 15:31:00,59.0394,59.0394,59.0346,59.0346,1196
2026-07-28 15:32:00,59.0394,59.0394,59.0201,59.0236,10581
2026-07-28 15:33:00,59.0249,59.0249,59.0201,59.0249,3087
2026-07-28 15:34:00,59.0249,59.0394,59.0249,59.0346,4350
2026-07-28 15:35:00,59.0394,59.0588,59.0394,59.0539,2245
2026-07-28 15:36:00,59.0588,59.0636,59.0491,59.0539,16443
2026-07-28 15:37:00,59.0539,59.0588,59.0433,59.0433,6853
2026-07-28 15:38:00,59.0491,59.0539,59.0443,59.0443,16674
2026-07-28 15:39:00,59.0443,59.0443,59.0443,59.0443,4242
2026-07-28 15:40:00,59.0443,59.0491,59.0443,59.0443,8631
2026-07-28 15:41:00,59.0443,59.0491,59.0395,59.0443,11088
2026-07-28 15:42:00,59.0443,59.0491,59.0443,59.0443,6810
2026-07-28 15:43:00,59.0443,59.0587,59.0443,59.0587,8117
2026-07-28 15:44:00,59.0539,59.0539,59.0394,59.0443,8565
2026-07-28 15:45:00,59.0443,59.0588,59.0443,59.0491,10380
2026-07-28 15:46:00,59.0539,59.0636,59.0539,59.0636,8196
2026-07-28 15:47:00,59.0636,59.0685,59.0588,59.0636,15107
2026-07-28 15:48:00,59.0685,59.0685,59.0624,59.0636,4060
2026-07-28 15:49:00,59.0636,59.0685,59.0539,59.0636,28199
2026-07-28 15:50:00,59.0636,59.0685,59.0588,59.0588,13882
2026-07-28 15:51:00,59.0491,59.0588,59.0394,59.0491,14253
2026-07-28 15:52:00,59.0491,59.0539,59.0297,59.0366,7867
2026-07-28 15:53:00,59.0346,59.0394,59.0297,59.0346,4076
2026-07-28 15:54:00,59.0297,59.0297,59.0104,59.0152,14697
2026-07-28 15:55:00,59.0201,59.0249,59.0007,59.0055,24121
2026-07-28 15:56:00,59.0007,59.0007,58.9813,58.9862,14594
2026-07-28 15:57:00,58.9813,58.9862,58.9717,58.9862,23942
2026-07-28 15:58:00,58.9862,58.9959,58.9426,58.9475,64403
2026-07-28 15:59:00,58.9475,58.9717,58.9329,58.9717,42642
2026-07-29 09:30:00,58.7684,58.7684,58.6909,58.7248,74245
2026-07-29 09:31:00,58.7442,58.7587,58.7006,58.72,14766
2026-07-29 09:32:00,58.7297,58.7393,58.6764,58.6813,18852
2026-07-29 09:33:00,58.6861,58.6861,58.6425,58.6522,9130
2026-07-29 09:34:00,58.6522,58.6522,58.5748,58.5845,44772
2026-07-29 09:35:00,58.5796,58.5941,58.5554,58.5845,15332
2026-07-29 09:36:00,58.5941,58.5941,58.5361,58.5941,10780
2026-07-29 09:37:00,58.6135,58.6522,58.6135,58.6474,22790
2026-07-29 09:38:00,58.6522,58.7297,58.6522,58.7055,34136
2026-07-29 09:39:00,58.7055,58.7055,58.6425,58.6425,8394
2026-07-29 09:40:00,58.6425,58.6619,58.6329,58.6474,8698
2026-07-29 09:41:00,58.6425,58.6425,58.6232,58.6232,11067
2026-07-29 09:42:00,58.6232,58.6522,58.6135,58.6329,4489
2026-07-29 09:43:00,58.6232,58.6764,58.6232,58.6329,17712
2026-07-29 09:44:00,58.628,58.628,58.5941,58.6135,9655
2026-07-29 09:45:00,58.6232,58.6522,58.6232,58.6474,5757
2026-07-29 09:46:00,58.6329,58.6425,58.6232,58.6233,3430
2026-07-29 09:47:00,58.6425,58.6813,58.6377,58.6813,4864
2026-07-29 09:48:00,58.7006,58.7006,58.6813,58.6909,3210
2026-07-29 09:49:00,58.7103,58.7103,58.6909,58.6909,1575
2026-07-29 09:50:00,58.6909,58.72,58.6909,58.7151,2656
2026-07-29 09:51:00,58.7151,58.7393,58.7151,58.7393,1495
2026-07-29 09:52:00,58.749,58.7635,58.7055,58.7055,8932
2026-07-29 09:53:00,58.72,58.72,58.72,58.72,929
2026-07-29 09:54:00,58.7297,58.7587,58.7297,58.7587,2267
2026-07-29 09:55:00,58.7684,58.7781,58.7297,58.749,11737
2026-07-29 09:56:00,58.7587,58.7829,58.7539,58.7829,6003
2026-07-29 09:57:00,58.7829,58.7974,58.7829,58.7877,35006
2026-07-29 09:58:00,58.7829,58.7829,58.7781,58.7781,1125
2026-07-29 09:59:00,58.7829,58.7877,58.7684,58.7781,8555
2026-07-29 10:00:00,58.7587,58.7587,58.7345,58.7587,4464
2026-07-29 10:01:00,58.7539,58.7539,58.7151,58.72,12779
2026-07-29 10:02:00,58.7103,58.7103,58.6571,58.6571,7621
2026-07-29 10:03:00,58.6619,58.6716,58.6571,58.6571,13682
2026-07-29 10:04:00,58.6571,58.6716,58.6474,58.6619,7275
2026-07-29 10:05:00,58.6667,58.6667,58.6232,58.628,23209
2026-07-29 10:06:00,58.628,58.6474,58.628,58.6329,9397
2026-07-29 10:07:00,58.6425,58.6619,58.6425,58.6619,11994
2026-07-29 10:08:00,58.6619,58.6813,58.6425,58.6425,18608
2026-07-29 10:09:00,58.6425,58.6571,58.628,58.6571,9419
2026-07-29 10:10:00,58.6571,58.6716,58.6571,58.6571,3332
2026-07-29 10:11:00,58.6522,58.6619,58.6377,58.6377,3527
2026-07-29 10:12:00,58.6425,58.6606,58.6425,58.6522,3043
2026-07-29 10:13:00,58.6522,58.6522,58.6329,58.6425,21187
2026-07-29 10:14:00,58.6474,58.6474,58.628,58.6329,2781
2026-07-29 10:15:00,58.628,58.6377,58.599,58.6135,17394
2026-07-29 10:16:00,58.6135,58.6425,58.6135,58.6425,5678
2026-07-29 10:17:00,58.6425,58.6522,58.6329,58.6522,5746
2026-07-29 10:18:00,58.6522,58.6522,58.6251,58.628,3362
2026-07-29 10:19:00,58.6232,58.6232,58.6135,58.6135,13534
2026-07-29 10:20:00,58.6183,58.6232,58.6087,58.6135,8622
2026-07-29 10:21:00,58.6087,58.6232,58.5796,58.5893,52133
2026-07-29 10:22:00,58.5941,58.6135,58.5845,58.6135,31897
2026-07-29 10:23:00,58.6087,58.6329,58.6087,58.6329,5445
2026-07-29 10:24:00,58.6329,58.6522,58.6329,58.6425,5485
2026-07-29 10:25:00,58.6425,58.6522,58.6377,58.6522,3726
2026-07-29 10:26:00,58.6522,58.6667,58.6522,58.6667,2869
2026-07-29 10:27:00,58.6716,58.6813,58.6667,58.6813,5333
2026-07-29 10:28:00,58.6813,58.7297,58.6813,58.7248,9362
2026-07-29 10:29:00,58.72,58.72,58.6958,58.7103,7293
2026-07-29 10:30:00,58.7103,58.7393,58.7103,58.7297,4014
2026-07-29 10:31:00,58.7151,58.7393,58.7151,58.7393,3195
2026-07-29 10:32:00,58.7248,58.7393,58.7248,58.7393,816
2026-07-29 10:33:00,58.748,58.7587,58.748,58.751,7537
2026-07-29 10:34:00,58.7587,58.7587,58.7297,58.7393,8914
2026-07-29 10:35:00,58.7297,58.7297,58.7151,58.7248,5316
2026-07-29 10:36:00,58.7297,58.7393,58.6958,58.7103,7370
2026-07-29 10:37:00,58.72,58.7248,58.7006,58.7103,13192
2026-07-29 10:38:00,58.7103,58.7103,58.6667,58.6716,15518
2026-07-29 10:39:00,58.6716,58.7022,58.6716,58.7006,10481
2026-07-29 10:40:00,58.6909,58.7006,58.6716,58.6909,11701
2026-07-29 10:41:00,58.6958,58.7006,58.6861,58.6909,9659
2026-07-29 10:42:00,58.6958,58.7006,58.6909,58.6909,2994
2026-07-29 10:43:00,58.6909,58.7006,58.6814,58.6891,14992
2026-07-29 10:44:00,58.6861,58.6909,58.6522,58.6619,7149
2026-07-29 10:45:00,58.6522,58.6619,58.6377,58.6571,22171
2026-07-29 10:46:00,58.6619,58.6716,58.6619,58.6667,4311
2026-07-29 10:47:00,58.6667,58.6958,58.6667,58.6958,5509
2026-07-29 10:48:00,58.6923,58.6958,58.6861,58.6958,5574
2026-07-29 10:49:00,58.7006,58.7006,58.6958,58.7006,1652
2026-07-29 10:50:00,58.6958,58.7248,58.6958,58.7248,14790
2026-07-29 10:51:00,58.7297,58.7297,58.7055,58.7151,7524
2026-07-29 10:52:00,58.7151,58.7393,58.7103,58.72,21195
2026-07-29 10:53:00,58.72,58.7442,58.72,58.7442,19702
2026-07-29 10:54:00,58.7393,58.7587,58.7297,58.749,21171
2026-07-29 10:55:00,58.7442,58.749,58.7393,58.7393,7005
2026-07-29 10:56:00,58.7442,58.749,58.7393,58.7442,56371
2026-07-29 10:57:00,58.7393,58.7442,58.7103,58.7151,5977
2026-07-29 10:58:00,58.7151,58.72,58.7103,58.7103,2725
2026-07-29 10:59:00,58.7151,58.7345,58.7103,58.7345,7273
2026-07-29 11:00:00,58.7297,58.7297,58.7055,58.7103,8513
2026-07-29 11:01:00,58.7103,58.72,58.7103,58.72,8247
2026-07-29 11:02:00,58.72,58.7201,58.7103,58.7103,15361
2026-07-29 11:03:00,58.72,58.7345,58.72,58.7297,11540
2026-07-29 11:04:00,58.72,58.7209,58.7055,58.7103,12085
2026-07-29 11:05:00,58.7103,58.7103,58.6571,58.6813,16648
2026-07-29 11:06:00,58.6716,58.6813,58.6667,58.6764,5327
2026-07-29 11:07:00,58.6764,58.6909,58.6716,58.6813,16848
2026-07-29 11:08:00,58.6813,58.6909,58.6764,58.6813,9482
2026-07-29 11:09:00,58.6813,58.6938,58.6813,58.6909,4910
2026-07-29 11:10:00,58.6861,58.6958,58.6764,58.6958,9358
2026-07-29 11:11:00,58.6958,58.6958,58.6716,58.6716,2482
2026-07-29 11:12:00,58.6716,58.6716,58.6619,58.6716,11889
2026-07-29 11:13:00,58.6667,58.6861,58.6667,58.6813,6722
2026-07-29 11:14:00,58.6764,58.6861,58.6716,58.6861,8516
2026-07-29 11:15:00,58.6909,58.7103,58.6861,58.7103,5052
2026-07-29 11:16:00,58.7103,58.72,58.6958,58.72,10207
2026-07-29 11:17:00,58.7248,58.7393,58.72,58.7297,2970
2026-07-29 11:18:00,58.7297,58.7306,58.7151,58.7151,5726
2026-07-29 11:19:00,58.7103,58.7345,58.7103,58.7151,56991
2026-07-29 11:20:00,58.7103,58.7393,58.7103,58.7297,13073
2026-07-29 11:21:00,58.7297,58.7297,58.72,58.7297,5263
2026-07-29 11:22:00,58.72,58.7345,58.7151,58.7297,5717
2026-07-29 11:23:00,58.72,58.7202,58.7123,58.7151,6525
2026-07-29 11:24:00,58.72,58.7393,58.72,58.7345,11202
2026-07-29 11:25:00,58.7345,58.749,58.7345,58.749,5659
2026-07-29 11:26:00,58.749,58.749,58.7393,58.7442,7042
2026-07-29 11:27:00,58.749,58.7539,58.7248,58.7248,22298
2026-07-29 11:28:00,58.72,58.7393,58.72,58.7393,3981
2026-07-29 11:29:00,58.7393,58.749,58.7248,58.7248,5284
2026-07-29 11:30:00,58.72,58.72,58.6619,58.6619,6937
2026-07-29 11:31:00,58.6619,58.6716,58.6425,58.6425,4475
2026-07-29 11:32:00,58.6425,58.6619,58.6425,58.6571,6053
2026-07-29 11:33:00,58.6619,58.6909,58.6571,58.6813,13964
2026-07-29 11:34:00,58.6813,58.7297,58.6667,58.7297,16124
2026-07-29 11:35:00,58.72,58.7587,58.72,58.7297,49700
2026-07-29 11:36:00,58.7345,58.7393,58.7297,58.7393,2639
2026-07-29 11:37:00,58.749,58.8023,58.749,58.8023,6777
2026-07-29 11:38:00,58.7974,58.8071,58.7974,58.8071,108042
2026-07-29 11:39:00,58.8168,58.841,58.8168,58.8361,7266
2026-07-29 11:40:00,58.841,58.8555,58.841,58.8507,5962
2026-07-29 11:41:00,58.8507,58.8555,58.8458,58.8468,1929
2026-07-29 11:42:00,58.8458,58.8458,58.8265,58.8313,5809
2026-07-29 11:43:00,58.8337,58.836,58.8337,58.836,599
2026-07-29 11:44:00,58.8265,58.8313,58.8071,58.8071,1985
2026-07-29 11:45:00,58.8071,58.8277,58.8071,58.8277,5551
2026-07-29 11:46:00,58.8313,58.8313,58.8168,58.8168,1476
2026-07-29 11:47:00,58.8119,58.8265,58.8119,58.8216,3060
2026-07-29 11:48:00,58.8313,58.841,58.8313,58.841,1735
2026-07-29 11:49:00,58.841,58.8555,58.841,58.8458,10914
2026-07-29 11:50:00,58.8507,58.8507,58.8265,58.8265,2609
2026-07-29 11:51:00,58.8216,58.8265,58.8216,58.8216,609
2026-07-29 11:52:00,58.8216,58.8265,58.8216,58.8265,1886
2026-07-29 11:53:00,58.8313,58.8313,58.8313,58.8313,387
2026-07-29 11:54:00,58.8265,58.8265,58.8119,58.8119,2857
2026-07-29 11:55:00,58.8119,58.8216,58.8119,58.8216,1416
2026-07-29 11:56:00,58.8265,58.8265,58.8168,58.8168,1678
2026-07-29 11:57:00,58.8216,58.8216,58.8184,58.8184,952
2026-07-29 11:58:00,58.8216,58.8216,58.7989,58.8023,6207
2026-07-29 11:59:00,58.8023,58.8023,58.8023,58.8023,522
2026-07-29 12:00:00,58.8023,58.8119,58.8007,58.8071,6774
2026-07-29 12:01:00,58.7974,58.8023,58.7877,58.7877,1023
2026-07-29 12:02:00,58.8023,58.8023,58.7974,58.7974,2732
2026-07-29 12:03:00,58.7926,58.7926,58.7781,58.7781,1221
2026-07-29 12:04:00,58.7635,58.7684,58.7587,58.7587,1137
2026-07-29 12:05:00,58.749,58.7539,58.749,58.7539,530
2026-07-29 12:06:00,58.7539,58.7611,58.7539,58.7611,3538
2026-07-29 12:07:00,58.7635,58.7635,58.7635,58.7635,145
2026-07-29 12:08:00,58.7635,58.7732,58.7635,58.7732,2736
2026-07-29 12:09:00,58.7732,58.7771,58.7692,58.7692,863
2026-07-29 12:10:00,58.7732,58.7732,58.75,58.7539,3002
2026-07-29 12:11:00,58.7587,58.7587,58.7539,58.7587,1068
2026-07-29 12:12:00,58.7582,58.7587,58.7539,58.7587,2277
2026-07-29 12:13:00,58.7539,58.7539,58.749,58.749,848
2026-07-29 12:14:00,58.7539,58.7539,58.749,58.7539,757
2026-07-29 12:15:00,58.749,58.7539,58.7442,58.749,2516
2026-07-29 12:16:00,58.7442,58.749,58.7442,58.7442,4051
2026-07-29 12:17:00,58.7442,58.7539,58.7442,58.7539,4818
2026-07-29 12:18:00,58.7539,58.7539,58.749,58.7539,1477
2026-07-29 12:19:00,58.7539,58.7684,58.7539,58.7587,2609
2026-07-29 12:20:00,58.7635,58.7684,58.7539,58.7539,677
2026-07-29 12:21:00,58.749,58.749,58.7442,58.749,2358
2026-07-29 12:22:00,58.7539,58.7539,58.7539,58.7539,1220
2026-07-29 12:23:00,58.7587,58.7635,58.7539,58.7635,1516
2026-07-29 12:24:00,58.7587,58.7587,58.749,58.7539,3198
2026-07-29 12:25:00,58.7539,58.7732,58.7539,58.7732,1760
2026-07-29 12:26:00,58.7684,58.7781,58.7684,58.7781,1058
2026-07-29 12:27:00,58.7705,58.7877,58.7705,58.7829,1163
2026-07-29 12:28:00,58.7877,58.7877,58.7877,58.7877,930
2026-07-29 12:29:00,58.7926,58.8023,58.7877,58.8023,2599
2026-07-29 12:30:00,58.8168,58.8216,58.8168,58.8216,821
2026-07-29 12:31:00,58.8216,58.8603,58.8216,58.8603,3017
2026-07-29 12:32:00,58.8652,58.87,58.8603,58.8603,2275
2026-07-29 12:33:00,58.8611,58.8652,58.8603,58.8652,614
2026-07-29 12:34:00,58.8652,58.8749,58.8603,58.87,2549
2026-07-29 12:35:00,58.8749,58.8894,58.87,58.8894,2281
2026-07-29 12:36:00,58.8894,58.8942,58.8846,58.8846,1781
2026-07-29 12:37:00,58.8894,58.8942,58.8845,58.8894,2574
2026-07-29 12:38:00,58.8942,58.8991,58.8942,58.8991,881
2026-07-29 12:39:00,58.8991,58.8991,58.8942,58.8942,658
2026-07-29 12:40:00,58.8942,58.8942,58.8845,58.8942,1302
2026-07-29 12:41:00,58.8942,58.9035,58.8894,58.8942,3052
2026-07-29 12:42:00,58.8963,58.8991,58.8894,58.8942,2602
2026-07-29 12:43:00,58.8894,58.8894,58.8797,58.8797,710
2026-07-29 12:44:00,58.8797,58.8797,58.8603,58.8603,769
2026-07-29 12:45:00,58.8571,58.8571,58.8507,58.8507,905
2026-07-29 12:46:00,58.8458,58.8797,58.8458,58.8797,2996
2026-07-29 12:47:00,58.8845,58.8894,58.8797,58.8894,5183
2026-07-29 12:48:00,58.8879,58.8894,58.8766,58.8766,1542
2026-07-29 12:49:00,58.8845,58.8894,58.8845,58.8845,2024
2026-07-29 12:50:00,58.8942,58.9136,58.8942,58.9136,6323
2026-07-29 12:51:00,58.9184,58.9184,58.9136,58.9136,5663
2026-07-29 12:52:00,58.9136,58.9184,58.8942,58.9136,3404
2026-07-29 12:53:00,58.8991,58.9184,58.8991,58.9184,1555
2026-07-29 12:54:00,58.9137,58.9184,58.9039,58.9039,3352
2026-07-29 12:55:00,58.9136,58.9281,58.9136,58.9233,3832
2026-07-29 12:56:00,58.9329,58.9426,58.9281,58.9281,3892
2026-07-29 12:57:00,58.9233,58.9233,58.9184,58.9184,1020
2026-07-29 12:58:00,58.9136,58.9136,58.8845,58.8845,3223
2026-07-29 12:59:00,58.8942,58.8942,58.8749,58.8749,5458
2026-07-29 13:00:00,58.8749,58.8749,58.8555,58.8555,2241
2026-07-29 13:01:00,58.8652,58.8749,58.8652,58.8748,1989
2026-07-29 13:03:00,58.8749,58.8749,58.8749,58.8749,869
2026-07-29 13:04:00,58.8749,58.9039,58.8749,58.9039,2945
2026-07-29 13:05:00,58.9136,58.9136,58.8991,58.9039,2289
2026-07-29 13:06:00,58.9136,58.9136,58.9136,58.9136,782
2026-07-29 13:07:00,58.9039,58.9087,58.9039,58.9087,888
2026-07-29 13:08:00,58.9039,58.9039,58.8942,58.8942,1182
2026-07-29 13:09:00,58.8894,58.8894,58.8845,58.8845,2074
2026-07-29 13:10:00,58.8894,58.8894,58.8845,58.8845,1028
2026-07-29 13:11:00,58.8846,58.8846,58.8662,58.8749,2044
2026-07-29 13:12:00,58.87,58.8749,58.87,58.8749,1941
2026-07-29 13:13:00,58.8652,58.8652,58.8555,58.8555,1214
2026-07-29 13:14:00,58.8561,58.8652,58.8561,58.8652,1101
2026-07-29 13:15:00,58.87,58.8749,58.87,58.8749,1076
2026-07-29 13:16:00,58.8724,58.8865,58.8724,58.8797,3163
2026-07-29 13:17:00,58.8749,58.8797,58.8749,58.8797,343
2026-07-29 13:18:00,58.8749,58.8797,58.8749,58.8797,3931
2026-07-29 13:19:00,58.8845,58.8894,58.8845,58.8894,1364
2026-07-29 13:20:00,58.8896,58.9039,58.8896,58.9039,1561
2026-07-29 13:21:00,58.8952,58.8991,58.8894,58.8991,2661
2026-07-29 13:22:00,58.9039,58.9184,58.9039,58.9184,1825
2026-07-29 13:25:00,58.9184,58.9238,58.9136,58.9136,7948
2026-07-29 13:26:00,58.9136,58.9136,58.9039,58.9039,2616
2026-07-29 13:27:00,58.9087,58.9087,58.9039,58.9039,1653
2026-07-29 13:28:00,58.8953,58.8991,58.8953,58.8991,447
2026-07-29 13:29:00,58.9039,58.9136,58.9039,58.9136,1565
2026-07-29 13:30:00,58.9233,58.9233,58.9136,58.9136,2370
2026-07-29 13:31:00,58.9087,58.9087,58.9039,58.9039,3536
2026-07-29 13:32:00,58.8845,58.8855,58.8773,58.8855,2270
2026-07-29 13:33:00,58.8942,58.9087,58.8942,58.9087,939
2026-07-29 13:34:00,58.9087,58.9184,58.9087,58.9087,1958
2026-07-29 13:35:00,58.9039,58.9087,58.8942,58.9039,6518
2026-07-29 13:36:00,58.9136,58.9426,58.9136,58.9426,4364
2026-07-29 13:37:00,58.9426,58.962,58.9426,58.962,1722
2026-07-29 13:38:00,58.9668,58.9717,58.962,58.9717,2249
2026-07-29 13:39:00,58.9668,58.9668,58.9632,58.9668,1197
2026-07-29 13:40:00,58.962,58.9668,58.962,58.9668,2122
2026-07-29 13:41:00,58.962,58.962,58.9475,58.9475,5973
2026-07-29 13:42:00,58.9475,58.9475,58.9426,58.9426,1037
2026-07-29 13:43:00,58.9475,58.9475,58.9378,58.9475,5228
2026-07-29 13:44:00,58.9475,58.962,58.9475,58.962,1475
2026-07-29 13:45:00,58.9571,58.962,58.9523,58.962,3258
2026-07-29 13:46:00,58.9717,58.9813,58.9668,58.9765,1782
2026-07-29 13:47:00,58.9717,58.9717,58.9523,58.9523,4795
2026-07-29 13:48:00,58.9523,58.9523,58.9475,58.9475,783
2026-07-29 13:49:00,58.9523,58.962,58.9523,58.962,783
2026-07-29 13:50:00,58.9717,58.9717,58.962,58.9717,1368
2026-07-29 13:51:00,58.9765,58.9813,58.9765,58.9813,1371
2026-07-29 13:52:00,58.9813,58.9862,58.9727,58.9727,1412
2026-07-29 13:53:00,58.9765,58.9813,58.9717,58.9717,1800
2026-07-29 13:54:00,58.9813,58.9813,58.9717,58.9765,967
2026-07-29 13:55:00,58.9734,58.9862,58.9727,58.9862,1207
2026-07-29 13:56:00,58.9862,58.991,58.9813,58.991,1303
2026-07-29 13:57:00,58.9862,58.9877,58.9813,58.9862,1414
2026-07-29 13:58:00,58.9862,58.9862,58.9862,58.9862,410
2026-07-29 13:59:00,58.9813,58.9862,58.9813,58.9862,3622
2026-07-29 14:00:00,58.9862,58.9862,58.9717,58.9806,2837
2026-07-29 14:01:00,58.9811,58.9813,58.9717,58.9765,2757
2026-07-29 14:03:00,58.9765,58.9813,58.9717,58.9813,3158
2026-07-29 14:04:00,58.9813,58.9813,58.9813,58.9813,400
2026-07-29 14:05:00,58.9862,58.9909,58.9862,58.9862,1602
2026-07-29 14:06:00,58.9813,58.9862,58.9813,58.9813,5156
2026-07-29 14:07:00,58.9813,58.9862,58.9762,58.9813,2373
2026-07-29 14:08:00,58.9862,58.9901,58.9813,58.9862,4276
2026-07-29 14:09:00,58.9862,58.9862,58.9826,58.9826,471
2026-07-29 14:10:00,58.9813,58.9813,58.9765,58.9813,2748
2026-07-29 14:11:00,58.9733,58.9862,58.9718,58.9862,5362
2026-07-29 14:12:00,58.9862,58.9862,58.9813,58.9813,4276
2026-07-29 14:13:00,58.9862,58.991,58.9862,58.9862,6994
2026-07-29 14:14:00,58.9862,58.9862,58.9813,58.9813,5257
2026-07-29 14:15:00,58.9862,59.0007,58.9813,59.0007,3050
2026-07-29 14:16:00,58.9959,59.0055,58.9959,59.0007,5859
2026-07-29 14:17:00,59.0007,59.0055,58.9813,58.9813,10542
2026-07-29 14:18:00,58.9813,58.9824,58.9775,58.9813,2616
2026-07-29 14:19:00,58.9813,58.9862,58.9813,58.9813,2605
2026-07-29 14:20:00,58.9813,58.991,58.9813,58.9862,2643
2026-07-29 14:21:00,58.9813,58.9813,58.9717,58.9813,3033
2026-07-29 14:22:00,58.9811,58.9811,58.9717,58.9717,2578
2026-07-29 14:23:00,58.9729,58.9765,58.9717,58.9765,1262
2026-07-29 14:24:00,58.9765,58.9765,58.9717,58.9717,4077
2026-07-29 14:25:00,58.9765,58.9804,58.9717,58.9765,2908
2026-07-29 14:26:00,58.9765,58.9813,58.9741,58.9765,2553
2026-07-29 14:27:00,58.9813,58.991,58.9813,58.9813,8591
2026-07-29 14:28:00,58.991,59.0007,58.991,58.9959,1465
2026-07-29 14:29:00,58.9959,59.0007,58.991,58.9931,2661
2026-07-29 14:30:00,58.9959,58.9959,58.9923,58.9959,565
2026-07-29 14:31:00,58.9959,59.0006,58.991,58.9959,2616
2026-07-29 14:32:00,58.9959,58.9959,58.9813,58.9871,4652
2026-07-29 14:33:00,58.9959,59.0055,58.9959,59.0031,5193
2026-07-29 14:34:00,59.0055,59.0055,59.0007,59.0055,1696
2026-07-29 14:35:00,59.0104,59.0104,59.0007,59.0055,1630
2026-07-29 14:36:00,59.0104,59.0152,59.0104,59.0152,1470
2026-07-29 14:37:00,59.0179,59.0179,59.0055,59.0055,5056
2026-07-29 14:38:00,59.0055,59.0055,59.0007,59.0055,2519
2026-07-29 14:39:00,59.0055,59.0055,59.0008,59.0044,10527
2026-07-29 14:40:00,59.0055,59.0055,59.0007,59.0055,2369
2026-07-29 14:41:00,59.0055,59.0055,58.991,58.9914,6569
2026-07-29 14:42:00,58.991,58.991,58.9834,58.9862,2328
2026-07-29 14:43:00,58.9813,58.9862,58.9813,58.9862,830
2026-07-29 14:44:00,58.9813,58.9862,58.9813,58.9862,1346
2026-07-29 14:45:00,58.9862,59.0104,58.9862,59.0055,12972
2026-07-29 14:46:00,59.0055,59.0104,59.0055,59.0055,636
2026-07-29 14:47:00,59.0007,59.0104,59.0007,59.0055,9592
2026-07-29 14:48:00,59.0055,59.0201,59.0043,59.0201,3539
2026-07-29 14:49:00,59.0152,59.0152,59.0104,59.0152,3940
2026-07-29 14:50:00,59.0104,59.0152,59.0104,59.0152,762
2026-07-29 14:51:00,59.0152,59.0152,59.0104,59.0152,2119
2026-07-29 14:52:00,59.0152,59.0152,59.0152,59.0152,484
2026-07-29 14:53:00,59.0152,59.0152,59.0104,59.0152,2711
2026-07-29 14:54:00,59.0152,59.0152,59.0104,59.0104,1109
2026-07-29 14:55:00,59.0152,59.0152,59.0007,59.0007,8752
2026-07-29 14:56:00,59.0055,59.0104,59.0007,59.0055,9560
2026-07-29 14:57:00,59.0055,59.0055,59.0007,59.0055,1953
2026-07-29 14:58:00,59.0055,59.0104,59.0007,59.0055,7941
2026-07-29 14:59:00,59.0055,59.0201,59.0055,59.0055,12885
2026-07-29 15:00:00,59.0007,59.0104,58.9959,59.0055,9614
2026-07-29 15:01:00,59.0007,59.0055,59.0007,59.0055,848
2026-07-29 15:02:00,59.0055,59.0055,59.0007,59.0007,2570
2026-07-29 15:03:00,59.0055,59.0055,58.991,58.991,28053
2026-07-29 15:04:00,58.9959,58.9959,58.9959,58.9959,2240
2026-07-29 15:05:00,59.0007,59.0055,58.9959,59.0055,18225
2026-07-29 15:06:00,59.0104,59.0161,59.0104,59.0161,3116
2026-07-29 15:07:00,59.0104,59.0104,59.0055,59.0055,4878
2026-07-29 15:08:00,59.0027,59.0055,58.991,58.9959,14013
2026-07-29 15:09:00,58.9959,59.008,58.9959,59.0007,11850
2026-07-29 15:10:00,58.9959,59.0007,58.9959,58.9959,904
2026-07-29 15:11:00,58.9971,59.0055,58.9971,59.0007,4809
2026-07-29 15:12:00,59.0104,59.0104,59.0055,59.0055,353
2026-07-29 15:13:00,59.0007,59.0104,59.0007,59.0007,2703
2026-07-29 15:14:00,59.0055,59.0055,59.0055,59.0055,561
2026-07-29 15:15:00,59.0055,59.0249,59.0055,59.0249,13732
2026-07-29 15:16:00,59.0249,59.0297,59.0201,59.0211,4121
2026-07-29 15:17:00,59.0249,59.0394,59.0249,59.0394,5650
2026-07-29 15:18:00,59.0346,59.0491,59.0297,59.0491,6496
2026-07-29 15:19:00,59.0443,59.0588,59.0443,59.0539,6104
2026-07-29 15:20:00,59.0577,59.0588,59.0491,59.0539,3175
2026-07-29 15:21:00,59.0539,59.0685,59.0539,59.0636,8892
2026-07-29 15:22:00,59.0685,59.0685,59.0588,59.0588,1790
2026-07-29 15:23:00,59.0588,59.0636,59.0491,59.0537,11602
2026-07-29 15:24:00,59.0588,59.0685,59.0541,59.0599,11178
2026-07-29 15:25:00,59.0636,59.0733,59.0636,59.0685,9161
2026-07-29 15:26:00,59.0733,59.0781,59.0685,59.0781,1800
2026-07-29 15:27:00,59.0781,59.0975,59.0733,59.0878,5692
2026-07-29 15:28:00,59.0878,59.0974,59.0878,59.0927,6090
2026-07-29 15:29:00,59.0878,59.0927,59.0878,59.0878,3586
2026-07-29 15:30:00,59.0878,59.0975,59.0878,59.0927,5195
2026-07-29 15:31:00,59.0927,59.0975,59.083,59.0927,4851
2026-07-29 15:32:00,59.0975,59.112,59.0878,59.1023,20444
2026-07-29 15:33:00,59.1023,59.112,59.0975,59.0975,9592
2026-07-29 15:34:00,59.1072,59.1072,59.1023,59.1072,1759
2026-07-29 15:35:00,59.1072,59.1072,59.0975,59.1023,6371
2026-07-29 15:36:00,59.1023,59.1023,59.0927,59.0927,7749
2026-07-29 15:37:00,59.0927,59.0927,59.0781,59.0781,3775
2026-07-29 15:38:00,59.0878,59.0975,59.0781,59.0975,11741
2026-07-29 15:39:00,59.0975,59.0975,59.083,59.0878,8414
2026-07-29 15:40:00,59.083,59.0878,59.0781,59.083,4506
2026-07-29 15:41:00,59.083,59.1023,59.083,59.1023,13804
2026-07-29 15:42:00,59.1023,59.1072,59.0975,59.1023,4682
2026-07-29 15:43:00,59.1072,59.1217,59.1072,59.1217,8605
2026-07-29 15:44:00,59.1265,59.1265,59.1217,59.1265,3740
2026-07-29 15:45:00,59.1265,59.1362,59.1265,59.1362,7218
2026-07-29 15:46:00,59.1314,59.1362,59.1314,59.1362,5664
2026-07-29 15:47:00,59.1362,59.1459,59.1265,59.1459,10428
2026-07-29 15:48:00,59.1459,59.1556,59.1459,59.1556,3789
2026-07-29 15:49:00,59.1556,59.1653,59.1556,59.1604,4199
2026-07-29 15:50:00,59.1653,59.1846,59.1653,59.1749,17703
2026-07-29 15:51:00,59.1749,59.1991,59.1749,59.1943,11195
2026-07-29 15:52:00,59.1943,59.1943,59.1653,59.1653,16948
2026-07-29 15:53:00,59.1653,59.1653,59.1459,59.1469,9869
2026-07-29 15:54:00,59.1507,59.1556,59.1362,59.1362,27421
2026-07-29 15:55:00,59.1459,59.1459,59.1169,59.1217,31022
2026-07-29 15:56:00,59.1217,59.1265,59.1169,59.1217,6191
2026-07-29 15:57:00,59.1265,59.1265,59.0985,59.1023,20613
2026-07-29 15:58:00,59.1023,59.1072,59.0975,59.0975,23455
2026-07-29 15:59:00,59.0975,59.1265,59.0878,59.1072,84903
2026-07-30 09:30:00,59.2717,59.2911,59.233,59.2524,42386
2026-07-30 09:31:00,59.2524,59.2911,59.2524,59.2669,17523
2026-07-30 09:32:00,59.2717,59.3201,59.2717,59.3008,17470
2026-07-30 09:33:00,59.2911,59.3201,59.2814,59.2911,9824
2026-07-30 09:34:00,59.2815,59.2815,59.233,59.233,6678
2026-07-30 09:35:00,59.2403,59.2524,59.1943,59.1943,3966
2026-07-30 09:36:00,59.2137,59.2233,59.204,59.2088,9162
2026-07-30 09:37:00,59.2137,59.2137,59.1749,59.1895,10429
2026-07-30 09:38:00,59.1895,59.204,59.1895,59.1943,2119
2026-07-30 09:39:00,59.1943,59.2136,59.1943,59.1943,3530
2026-07-30 09:40:00,59.1846,59.1846,59.1265,59.1265,23007
2026-07-30 09:41:00,59.1265,59.1265,59.1265,59.1265,5052
2026-07-30 09:42:00,59.1265,59.1265,59.0781,59.0878,4953
2026-07-30 09:43:00,59.0878,59.1072,59.0781,59.1072,3734
2026-07-30 09:44:00,59.0975,59.1169,59.0975,59.112,1481
2026-07-30 09:45:00,59.1169,59.1169,59.0975,59.1169,4126
2026-07-30 09:46:00,59.1265,59.1265,59.1072,59.1217,2064
2026-07-30 09:47:00,59.1265,59.1362,59.1265,59.1362,6161
2026-07-30 09:48:00,59.1362,59.1362,59.1265,59.1265,874
2026-07-30 09:49:00,59.1265,59.1362,59.1217,59.1362,6935
2026-07-30 09:50:00,59.1314,59.1362,59.1169,59.1265,3222
2026-07-30 09:51:00,59.1459,59.1943,59.1459,59.1846,4503
2026-07-30 09:52:00,59.1846,59.1991,59.1846,59.1895,5922
2026-07-30 09:53:00,59.1895,59.1943,59.1756,59.1756,3501
2026-07-30 09:54:00,59.1749,59.1749,59.1653,59.1653,3271
2026-07-30 09:55:00,59.1653,59.1653,59.1362,59.1459,2034
2026-07-30 09:56:00,59.1459,59.1459,59.0976,59.0976,7839
2026-07-30 09:57:00,59.1072,59.1265,59.1072,59.1169,2341
2026-07-30 09:58:00,59.1169,59.1169,59.0975,59.1072,13954
2026-07-30 09:59:00,59.1169,59.1169,59.0781,59.0878,5995
2026-07-30 10:00:00,59.0975,59.1362,59.0975,59.1362,3834
2026-07-30 10:01:00,59.1362,59.1459,59.1169,59.1169,7975
2026-07-30 10:02:00,59.1169,59.1459,59.1169,59.1362,6723
2026-07-30 10:03:00,59.1265,59.1362,59.1072,59.1072,10399
2026-07-30 10:04:00,59.1072,59.1072,59.0927,59.0927,3090
2026-07-30 10:05:00,59.0964,59.0975,59.0685,59.0975,13131
2026-07-30 10:06:00,59.1072,59.1169,59.0975,59.0975,3591
2026-07-30 10:07:00,59.0781,59.1072,59.0781,59.0975,4215
2026-07-30 10:08:00,59.0878,59.112,59.0878,59.0975,5885
2026-07-30 10:09:00,59.0867,59.1072,59.0867,59.1072,2170
2026-07-30 10:10:00,59.1265,59.1265,59.1265,59.1265,776
2026-07-30 10:11:00,59.1459,59.1943,59.1411,59.1895,5952
2026-07-30 10:12:00,59.1943,59.212,59.1846,59.2088,9218
2026-07-30 10:13:00,59.204,59.204,59.1846,59.1846,3770
2026-07-30 10:14:00,59.1701,59.1701,59.1653,59.1653,527
2026-07-30 10:15:00,59.1653,59.204,59.1653,59.204,1682
2026-07-30 10:16:00,59.1943,59.204,59.1846,59.1943,9441
2026-07-30 10:17:00,59.1933,59.204,59.1798,59.1798,4618
2026-07-30 10:18:00,59.1846,59.1943,59.1556,59.1556,6685
2026-07-30 10:19:00,59.1556,59.1749,59.1556,59.1653,2408
2026-07-30 10:20:00,59.1701,59.1943,59.1556,59.1943,29556
2026-07-30 10:21:00,59.1991,59.204,59.1895,59.204,4888
2026-07-30 10:22:00,59.1991,59.2233,59.1943,59.2233,9744
2026-07-30 10:23:00,59.2282,59.2427,59.2282,59.2427,4058
2026-07-30 10:24:00,59.2379,59.2475,59.2379,59.2427,2858
2026-07-30 10:25:00,59.2427,59.2427,59.2233,59.2427,15364
2026-07-30 10:26:00,59.2572,59.2621,59.2437,59.2475,2646
2026-07-30 10:27:00,59.2475,59.2524,59.233,59.2427,4145
2026-07-30 10:28:00,59.2524,59.2717,59.2524,59.2621,12714
2026-07-30 10:29:00,59.2669,59.2669,59.2427,59.2427,9407
2026-07-30 10:30:00,59.233,59.2427,59.2137,59.2381,2896
2026-07-30 10:31:00,59.2233,59.2282,59.2185,59.2282,1517
2026-07-30 10:32:00,59.2427,59.2475,59.2427,59.2475,1218
2026-07-30 10:33:00,59.2524,59.2524,59.2427,59.2427,1264
2026-07-30 10:34:00,59.25,59.2524,59.234,59.2379,2099
2026-07-30 10:35:00,59.2427,59.2427,59.2379,59.2427,1239
2026-07-30 10:36:00,59.2475,59.2475,59.2185,59.2233,14045
2026-07-30 10:37:00,59.233,59.233,59.2137,59.2137,12715
2026-07-30 10:38:00,59.2233,59.2233,59.2098,59.2098,2637
2026-07-30 10:39:00,59.2137,59.2137,59.2088,59.2136,2434
2026-07-30 10:40:00,59.204,59.2088,59.1761,59.1846,8201
2026-07-30 10:41:00,59.1846,59.1991,59.1846,59.1943,5043
2026-07-30 10:42:00,59.204,59.2088,59.204,59.204,2795
2026-07-30 10:43:00,59.2088,59.2253,59.2088,59.2253,9724
2026-07-30 10:44:00,59.233,59.233,59.2233,59.2282,3017
2026-07-30 10:45:00,59.233,59.2621,59.233,59.2341,25084
2026-07-30 10:46:00,59.2355,59.2475,59.2355,59.2379,1789
2026-07-30 10:47:00,59.2427,59.2427,59.233,59.233,4576
2026-07-30 10:48:00,59.2426,59.2669,59.2426,59.2669,2476
2026-07-30 10:49:00,59.2717,59.291,59.2717,59.2863,1588
2026-07-30 10:50:00,59.2814,59.2814,59.204,59.2137,15130
2026-07-30 10:51:00,59.204,59.204,59.1507,59.1604,15760
2026-07-30 10:52:00,59.1604,59.1845,59.1604,59.1604,6810
2026-07-30 10:53:00,59.1604,59.1749,59.1556,59.1701,10535
2026-07-30 10:54:00,59.1749,59.1749,59.1217,59.1459,10252
2026-07-30 10:55:00,59.1459,59.1604,59.1459,59.1604,4715
2026-07-30 10:56:00,59.1556,59.1556,59.1459,59.1556,2725
2026-07-30 10:57:00,59.1556,59.1604,59.1072,59.112,11094
2026-07-30 10:58:00,59.112,59.112,59.1073,59.1073,1253
2026-07-30 10:59:00,59.112,59.1168,59.0975,59.0975,4374
2026-07-30 11:00:00,59.0975,59.1072,59.0927,59.1072,3572
2026-07-30 11:01:00,59.1023,59.112,59.0975,59.112,6039
2026-07-30 11:02:00,59.1072,59.1072,59.0927,59.0975,7978
2026-07-30 11:03:00,59.0733,59.1169,59.0733,59.1169,6011
2026-07-30 11:04:00,59.1072,59.1217,59.1072,59.1169,8460
2026-07-30 11:05:00,59.1265,59.1265,59.0975,59.0975,3442
2026-07-30 11:06:00,59.1072,59.1072,59.0975,59.0975,3809
2026-07-30 11:07:00,59.0975,59.1072,59.0927,59.1072,2740
2026-07-30 11:08:00,59.1072,59.1169,59.0975,59.0975,6220
2026-07-30 11:09:00,59.0781,59.0781,59.0733,59.0781,3230
2026-07-30 11:10:00,59.0733,59.1044,59.0733,59.1044,5707
2026-07-30 11:11:00,59.0975,59.112,59.0878,59.1072,6259
2026-07-30 11:12:00,59.1031,59.1217,59.0976,59.1217,1406
2026-07-30 11:13:00,59.1169,59.1265,59.112,59.1265,1949
2026-07-30 11:14:00,59.1217,59.1362,59.1217,59.1217,6873
2026-07-30 11:15:00,59.1217,59.1265,59.112,59.112,4624
2026-07-30 11:16:00,59.1072,59.1459,59.1072,59.1459,15946
2026-07-30 11:17:00,59.1556,59.1991,59.1556,59.1943,12049
2026-07-30 11:18:00,59.1943,59.1943,59.1846,59.1895,2210
2026-07-30 11:19:00,59.1895,59.1943,59.1798,59.1846,7887
2026-07-30 11:20:00,59.1856,59.204,59.1846,59.204,6307
2026-07-30 11:21:00,59.204,59.2137,59.1991,59.2088,6874
2026-07-30 11:22:00,59.2088,59.2088,59.2088,59.2088,1259
2026-07-30 11:23:00,59.2137,59.2233,59.2088,59.2233,1693
2026-07-30 11:24:00,59.2233,59.233,59.2233,59.233,2015
2026-07-30 11:25:00,59.233,59.2379,59.2233,59.233,6363
2026-07-30 11:26:00,59.233,59.2427,59.233,59.2427,1183
2026-07-30 11:27:00,59.2331,59.2331,59.2282,59.233,2509
2026-07-30 11:28:00,59.233,59.2427,59.2137,59.2233,5485
2026-07-30 11:29:00,59.233,59.233,59.2233,59.2233,4761
2026-07-30 11:30:00,59.233,59.2427,59.233,59.2427,6215
2026-07-30 11:31:00,59.2475,59.3008,59.2427,59.2911,32437
2026-07-30 11:32:00,59.2766,59.325,59.2766,59.3105,22738
2026-07-30 11:33:00,59.3056,59.3201,59.2959,59.3056,21769
2026-07-30 11:34:00,59.3105,59.4169,59.3105,59.3201,123180
2026-07-30 11:35:00,59.325,59.325,59.2621,59.2863,14344
2026-07-30 11:36:00,59.2823,59.2959,59.2814,59.2819,4708
2026-07-30 11:37:00,59.2863,59.2863,59.2863,59.2863,569
2026-07-30 11:38:00,59.2911,59.3201,59.2911,59.3201,2924
2026-07-30 11:39:00,59.3105,59.3153,59.3105,59.3153,2269
2026-07-30 11:40:00,59.3153,59.3153,59.3153,59.3153,550
2026-07-30 11:41:00,59.3105,59.32,59.3008,59.3153,3323
2026-07-30 11:42:00,59.3153,59.325,59.3153,59.325,2039
2026-07-30 11:43:00,59.325,59.325,59.3202,59.325,2793
2026-07-30 11:44:00,59.325,59.3492,59.325,59.3443,5499
2026-07-30 11:45:00,59.3443,59.3443,59.325,59.325,3247
2026-07-30 11:46:00,59.325,59.325,59.3105,59.3105,2181
2026-07-30 11:47:00,59.3105,59.3153,59.3105,59.3105,2094
2026-07-30 11:48:00,59.3105,59.3201,59.3105,59.3201,3282
2026-07-30 11:49:00,59.3105,59.3105,59.2959,59.2959,970
2026-07-30 11:50:00,59.2912,59.3056,59.2912,59.3056,1977
2026-07-30 11:51:00,59.3008,59.3105,59.3008,59.3105,2255
2026-07-30 11:52:00,59.3105,59.3105,59.3008,59.3008,3502
2026-07-30 11:54:00,59.3103,59.3153,59.3103,59.3153,967
2026-07-30 11:55:00,59.3201,59.3347,59.3201,59.3347,1095
2026-07-30 11:56:00,59.3347,59.3347,59.3337,59.3337,460
2026-07-30 11:57:00,59.3395,59.354,59.3395,59.354,1896
2026-07-30 11:58:00,59.354,59.3561,59.354,59.354,1191
2026-07-30 11:59:00,59.354,59.354,59.3492,59.3492,971
2026-07-30 12:00:00,59.3589,59.3589,59.3492,59.3589,1221
2026-07-30 12:01:00,59.354,59.3589,59.354,59.3589,954
2026-07-30 12:02:00,59.3637,59.3637,59.354,59.354,1843
2026-07-30 12:03:00,59.3408,59.3473,59.3298,59.3347,2000
2026-07-30 12:04:00,59.3395,59.3395,59.3298,59.3298,666
2026-07-30 12:05:00,59.3298,59.3492,59.3257,59.3443,3965
2026-07-30 12:06:00,59.3491,59.354,59.3408,59.354,1442
2026-07-30 12:07:00,59.354,59.354,59.3492,59.354,1885
2026-07-30 12:08:00,59.3589,59.3589,59.3589,59.3589,689
2026-07-30 12:09:00,59.3685,59.3713,59.3685,59.3713,780
2026-07-30 12:10:00,59.3685,59.3685,59.354,59.354,1920
2026-07-30 12:11:00,59.3492,59.3492,59.3443,59.3443,968
2026-07-30 12:12:00,59.3492,59.3492,59.3492,59.3492,541
2026-07-30 12:13:00,59.354,59.354,59.3492,59.3492,852
2026-07-30 12:14:00,59.3395,59.3443,59.3298,59.3298,3208
2026-07-30 12:15:00,59.3153,59.3153,59.3105,59.3105,489
2026-07-30 12:16:00,59.3201,59.3205,59.3201,59.3205,861
2026-07-30 12:18:00,59.3105,59.325,59.2911,59.325,3286
2026-07-30 12:19:00,59.325,59.325,59.325,59.325,803
2026-07-30 12:20:00,59.3395,59.3443,59.3395,59.3395,2198
2026-07-30 12:21:00,59.3395,59.3395,59.3395,59.3395,528
2026-07-30 12:22:00,59.3395,59.3782,59.3395,59.3782,2060
2026-07-30 12:23:00,59.3831,59.3831,59.3831,59.3831,235
2026-07-30 12:24:00,59.3831,59.3879,59.3831,59.3879,2487
2026-07-30 12:25:00,59.388,59.388,59.3879,59.3879,570
2026-07-30 12:26:00,59.3976,59.4218,59.3976,59.4073,5472
2026-07-30 12:27:00,59.4073,59.4155,59.4073,59.4155,1422
2026-07-30 12:28:00,59.4073,59.4121,59.4073,59.4073,1915
2026-07-30 12:29:00,59.4169,59.4169,59.4082,59.4082,575
2026-07-30 12:30:00,59.4169,59.4169,59.4024,59.4024,2826
2026-07-30 12:31:00,59.4024,59.4073,59.3976,59.4073,1167
2026-07-30 12:32:00,59.4176,59.4218,59.4073,59.4073,5141
2026-07-30 12:33:00,59.3976,59.3976,59.3976,59.3976,400
2026-07-30 12:34:00,59.3927,59.3927,59.3927,59.3927,215
2026-07-30 12:35:00,59.3976,59.4073,59.3976,59.4073,1141
2026-07-30 12:36:00,59.4024,59.4024,59.3976,59.4024,1734
2026-07-30 12:37:00,59.4024,59.4073,59.3981,59.4073,1189
2026-07-30 12:38:00,59.4024,59.4315,59.3976,59.4315,5908
2026-07-30 12:39:00,59.4266,59.4315,59.4266,59.4315,762
2026-07-30 12:40:00,59.4274,59.4274,59.4169,59.4169,2857
2026-07-30 12:41:00,59.4266,59.4266,59.4218,59.4266,755
2026-07-30 12:42:00,59.4363,59.4411,59.4363,59.4411,1320
2026-07-30 12:43:00,59.4411,59.4411,59.4411,59.4411,259
2026-07-30 12:44:00,59.4411,59.446,59.4411,59.446,454
2026-07-30 12:45:00,59.4411,59.446,59.4411,59.446,438
2026-07-30 12:46:00,59.446,59.4702,59.446,59.4508,11450
2026-07-30 12:47:00,59.4557,59.4557,59.4508,59.4508,952
2026-07-30 12:48:00,59.4557,59.4557,59.4557,59.4557,274
2026-07-30 12:49:00,59.446,59.4508,59.4363,59.446,4119
2026-07-30 12:50:00,59.4508,59.4508,59.4467,59.4467,1169
2026-07-30 12:51:00,59.4508,59.4508,59.4363,59.4363,2012
2026-07-30 12:52:00,59.4266,59.4266,59.4266,59.4266,1323
2026-07-30 12:53:00,59.4315,59.4369,59.4315,59.4369,882
2026-07-30 12:54:00,59.4315,59.4411,59.4315,59.4315,1049
2026-07-30 12:55:00,59.4362,59.446,59.4266,59.4411,13851
2026-07-30 12:56:00,59.4368,59.4411,59.4084,59.4169,4387
2026-07-30 12:57:00,59.4169,59.4169,59.4073,59.4121,694
2026-07-30 12:58:00,59.3976,59.4024,59.3976,59.4024,1102
2026-07-30 12:59:00,59.3831,59.4024,59.3782,59.3879,11477
2026-07-30 13:00:00,59.3782,59.3927,59.3749,59.3927,2593
2026-07-30 13:01:00,59.3927,59.3927,59.3927,59.3927,462
2026-07-30 13:02:00,59.3976,59.4024,59.3927,59.4024,795
2026-07-30 13:03:00,59.3976,59.4048,59.3976,59.4048,588
2026-07-30 13:05:00,59.4073,59.4266,59.4073,59.4266,2130
2026-07-30 13:06:00,59.4266,59.4315,59.4218,59.427,5744
2026-07-30 13:07:00,59.4363,59.4363,59.4282,59.4282,487
2026-07-30 13:08:00,59.4281,59.4281,59.4266,59.4266,481
2026-07-30 13:09:00,59.4315,59.4363,59.4266,59.4315,847
2026-07-30 13:10:00,59.4363,59.4363,59.4267,59.4363,1054
2026-07-30 13:11:00,59.4315,59.4363,59.429,59.429,1930
2026-07-30 13:12:00,59.4266,59.4315,59.4218,59.4218,1469
2026-07-30 13:13:00,59.4266,59.4266,59.4218,59.4218,377
2026-07-30 13:14:00,59.417,59.4266,59.417,59.4266,1226
2026-07-30 13:15:00,59.4315,59.4349,59.4315,59.4349,913
2026-07-30 13:16:00,59.4326,59.4353,59.4315,59.4353,1610
2026-07-30 13:17:00,59.4315,59.4315,59.4315,59.4315,300
2026-07-30 13:18:00,59.4363,59.446,59.4363,59.446,2121
2026-07-30 13:19:00,59.4363,59.4508,59.4266,59.4508,4223
2026-07-30 13:20:00,59.4557,59.4653,59.4557,59.4592,2033
2026-07-30 13:21:00,59.4558,59.4558,59.4558,59.4558,340
2026-07-30 13:22:00,59.4653,59.4653,59.4557,59.4653,1036
2026-07-30 13:23:00,59.4605,59.4605,59.4605,59.4605,100
2026-07-30 13:24:00,59.4557,59.4702,59.4557,59.4654,1852
2026-07-30 13:25:00,59.4653,59.4799,59.4653,59.4799,1978
2026-07-30 13:26:00,59.4799,59.4944,59.4751,59.4896,3965
2026-07-30 13:27:00,59.4896,59.4896,59.4847,59.4896,929
2026-07-30 13:28:00,59.4847,59.4926,59.4847,59.4896,989
2026-07-30 13:29:00,59.4896,59.4944,59.4896,59.4944,3269
2026-07-30 13:30:00,59.4992,59.4992,59.475,59.4799,2745
2026-07-30 13:31:00,59.4679,59.4702,59.4653,59.4702,1889
2026-07-30 13:32:00,59.4702,59.4896,59.4654,59.475,8077
2026-07-30 13:33:00,59.475,59.4799,59.4653,59.4702,3208
2026-07-30 13:34:00,59.4654,59.4654,59.4654,59.4654,1168
2026-07-30 13:35:00,59.475,59.4847,59.475,59.4847,1194
2026-07-30 13:36:00,59.4847,59.4942,59.4847,59.4847,2028
2026-07-30 13:37:00,59.4944,59.4944,59.475,59.475,1125
2026-07-30 13:38:00,59.475,59.4799,59.475,59.475,386
2026-07-30 13:39:00,59.4756,59.4799,59.4557,59.4558,4299
2026-07-30 13:40:00,59.4653,59.4847,59.4653,59.4847,3236
2026-07-30 13:41:00,59.4896,59.4896,59.4848,59.4848,789
2026-07-30 13:42:00,59.4847,59.4896,59.4799,59.4896,2676
2026-07-30 13:43:00,59.4944,59.4944,59.4896,59.4896,304
2026-07-30 13:44:00,59.4944,59.4992,59.4421,59.4992,22071
2026-07-30 13:45:00,59.4992,59.4992,59.4992,59.4992,290
2026-07-30 13:46:00,59.4992,59.4992,59.4944,59.4944,1491
2026-07-30 13:47:00,59.4944,59.4944,59.475,59.475,2766
2026-07-30 13:48:00,59.4653,59.4653,59.4363,59.446,595
2026-07-30 13:49:00,59.446,59.4557,59.446,59.4508,1175
2026-07-30 13:50:00,59.4557,59.475,59.4557,59.475,2204
2026-07-30 13:51:00,59.4847,59.4847,59.4751,59.4751,537
2026-07-30 13:52:00,59.4847,59.5186,59.4847,59.5186,4114
2026-07-30 13:53:00,59.5041,59.5089,59.4992,59.5089,893
2026-07-30 13:54:00,59.5138,59.5186,59.5138,59.5138,1138
2026-07-30 13:56:00,59.5186,59.5234,59.5138,59.5186,4890
2026-07-30 13:57:00,59.5242,59.5331,59.5242,59.5331,2101
2026-07-30 13:58:00,59.5427,59.5427,59.5427,59.5427,911
2026-07-30 13:59:00,59.5234,59.5428,59.5138,59.5234,3988
2026-07-30 14:00:00,59.5138,59.5138,59.4653,59.4847,4590
2026-07-30 14:01:00,59.4847,59.4847,59.475,59.4847,3685
2026-07-30 14:02:00,59.475,59.475,59.446,59.4557,4053
2026-07-30 14:03:00,59.4557,59.4653,59.4557,59.4653,1906
2026-07-30 14:04:00,59.4799,59.4799,59.475,59.475,572
2026-07-30 14:05:00,59.4847,59.5041,59.4799,59.5041,3141
2026-07-30 14:06:00,59.4963,59.4992,59.4944,59.4992,1351
2026-07-30 14:07:00,59.4992,59.5041,59.4896,59.5041,2427
2026-07-30 14:08:00,59.5138,59.5138,59.4992,59.4992,1468
2026-07-30 14:09:00,59.4799,59.4799,59.476,59.476,8187
2026-07-30 14:12:00,59.5089,59.5118,59.5042,59.5118,668
2026-07-30 14:13:00,59.5041,59.5089,59.4944,59.4992,4852
2026-07-30 14:14:00,59.5089,59.5089,59.5041,59.5041,905
2026-07-30 14:15:00,59.5128,59.5283,59.5128,59.5283,849
2026-07-30 14:16:00,59.5234,59.5234,59.5089,59.5138,4651
2026-07-30 14:17:00,59.5186,59.5186,59.5186,59.5186,159
2026-07-30 14:18:00,59.5234,59.5283,59.5138,59.5138,1358
2026-07-30 14:20:00,59.5271,59.5271,59.5041,59.5041,11064
2026-07-30 14:21:00,59.4956,59.5089,59.4956,59.5089,4676
2026-07-30 14:22:00,59.5133,59.5133,59.5041,59.5041,917
2026-07-30 14:23:00,59.5041,59.5089,59.5041,59.5089,1005
2026-07-30 14:24:00,59.5089,59.5109,59.5055,59.5055,756
2026-07-30 14:25:00,59.4992,59.5041,59.4964,59.4964,1334
2026-07-30 14:26:00,59.5041,59.5234,59.501,59.5186,3620
2026-07-30 14:27:00,59.5186,59.538,59.5186,59.538,3271
2026-07-30 14:28:00,59.5428,59.5428,59.5331,59.5331,2346
2026-07-30 14:29:00,59.538,59.5418,59.5331,59.5418,1980
2026-07-30 14:31:00,59.5428,59.5428,59.5428,59.5428,1161
2026-07-30 14:32:00,59.5476,59.5622,59.5476,59.5622,1280
2026-07-30 14:33:00,59.5622,59.5815,59.5622,59.5815,1113
2026-07-30 14:34:00,59.5767,59.5767,59.5622,59.5622,2935
2026-07-30 14:35:00,59.5526,59.5573,59.5331,59.5331,5450
2026-07-30 14:36:00,59.5234,59.5331,59.5234,59.5234,1211
2026-07-30 14:37:00,59.5283,59.5283,59.5244,59.5244,1101
2026-07-30 14:39:00,59.5428,59.5767,59.5428,59.5767,1620
2026-07-30 14:40:00,59.5815,59.6106,59.5815,59.6106,2926
2026-07-30 14:41:00,59.6154,59.6348,59.6009,59.6348,2209
2026-07-30 14:42:00,59.6493,59.6493,59.6154,59.6348,3716
2026-07-30 14:43:00,59.6299,59.6348,59.6251,59.6251,1252
2026-07-30 14:44:00,59.6348,59.6348,59.6154,59.6154,1850
2026-07-30 14:45:00,59.6154,59.6154,59.6009,59.6009,8053
2026-07-30 14:46:00,59.6154,59.6202,59.6106,59.6202,1602
2026-07-30 14:47:00,59.6144,59.6154,59.6106,59.6154,1044
2026-07-30 14:48:00,59.6154,59.6202,59.596,59.596,6317
2026-07-30 14:49:00,59.596,59.6009,59.596,59.6009,811
2026-07-30 14:50:00,59.6057,59.6105,59.6009,59.6057,2266
2026-07-30 14:51:00,59.6009,59.6057,59.5815,59.5815,3447
2026-07-30 14:52:00,59.5815,59.5815,59.567,59.567,4304
2026-07-30 14:53:00,59.567,59.567,59.5428,59.5525,3495
2026-07-30 14:54:00,59.5573,59.5583,59.5525,59.5583,1185
2026-07-30 14:55:00,59.5573,59.5573,59.5573,59.5573,176
2026-07-30 14:56:00,59.5573,59.5815,59.5573,59.5815,5550
2026-07-30 14:57:00,59.5912,59.5912,59.5864,59.5912,2700
2026-07-30 14:58:00,59.5864,59.5912,59.5815,59.5864,3873
2026-07-30 14:59:00,59.5815,59.5864,59.5815,59.5864,1344
2026-07-30 15:00:00,59.5864,59.6009,59.567,59.6009,4514
2026-07-30 15:01:00,59.596,59.6009,59.5912,59.596,5533
2026-07-30 15:02:00,59.5912,59.6202,59.5912,59.6154,2794
2026-07-30 15:03:00,59.6202,59.6202,59.6202,59.6202,457
2026-07-30 15:04:00,59.6106,59.6106,59.6057,59.6106,3931
2026-07-30 15:05:00,59.6106,59.6396,59.6106,59.6396,3990
2026-07-30 15:06:00,59.6318,59.6541,59.6299,59.6541,4544
2026-07-30 15:07:00,59.6396,59.6444,59.6396,59.6444,1002
2026-07-30 15:08:00,59.6444,59.6493,59.6396,59.6396,2419
2026-07-30 15:09:00,59.6444,59.6444,59.6299,59.6299,3609
2026-07-30 15:10:00,59.6251,59.6396,59.6251,59.6299,7271
2026-07-30 15:11:00,59.6299,59.6444,59.6154,59.6154,5916
2026-07-30 15:12:00,59.6202,59.6202,59.6202,59.6202,2108
2026-07-30 15:13:00,59.6214,59.6214,59.6106,59.613,4585
2026-07-30 15:14:00,59.6106,59.6202,59.6009,59.6154,5765
2026-07-30 15:15:00,59.6154,59.6202,59.6154,59.6202,929
2026-07-30 15:16:00,59.6154,59.6154,59.6057,59.6057,3003
2026-07-30 15:17:00,59.6057,59.6106,59.5815,59.6106,9105
2026-07-30 15:18:00,59.6009,59.6057,59.5622,59.5622,3855
2026-07-30 15:19:00,59.5428,59.5428,59.4992,59.5089,7320
2026-07-30 15:20:00,59.5041,59.5186,59.4992,59.5138,2961
2026-07-30 15:21:00,59.5138,59.5186,59.5089,59.5089,1491
2026-07-30 15:22:00,59.5041,59.5138,59.4992,59.5041,2690
2026-07-30 15:23:00,59.5041,59.5113,59.4944,59.4992,1628
2026-07-30 15:24:00,59.4992,59.5089,59.4956,59.5089,4167
2026-07-30 15:25:00,59.5041,59.5041,59.4944,59.4992,2194
2026-07-30 15:26:00,59.4992,59.5089,59.4847,59.5089,4885
2026-07-30 15:27:00,59.5041,59.5041,59.4847,59.4896,3264
2026-07-30 15:28:00,59.4847,59.4847,59.4702,59.4702,1330
2026-07-30 15:29:00,59.4678,59.475,59.4653,59.475,2390
2026-07-30 15:30:00,59.4653,59.4653,59.4266,59.4266,17587
2026-07-30 15:31:00,59.4266,59.4266,59.3734,59.3734,2400
2026-07-30 15:32:00,59.3782,59.3976,59.3734,59.3927,13093
2026-07-30 15:33:00,59.3927,59.3927,59.3782,59.3782,7259
2026-07-30 15:34:00,59.3831,59.4073,59.3831,59.4073,6092
2026-07-30 15:35:00,59.4169,59.4363,59.4024,59.4363,4487
2026-07-30 15:36:00,59.4411,59.4508,59.4169,59.4169,2996
2026-07-30 15:37:00,59.3927,59.4024,59.3927,59.3976,4205
2026-07-30 15:38:00,59.3927,59.4073,59.3879,59.3927,2770
2026-07-30 15:39:00,59.3941,59.4024,59.3782,59.3831,8230
2026-07-30 15:40:00,59.3831,59.4121,59.3831,59.4073,6067
2026-07-30 15:41:00,59.4121,59.4362,59.4024,59.4073,4362
2026-07-30 15:42:00,59.4024,59.4073,59.4024,59.4073,3717
2026-07-30 15:43:00,59.4169,59.4363,59.4169,59.4266,7037
2026-07-30 15:44:00,59.4266,59.4315,59.4121,59.4169,7117
2026-07-30 15:45:00,59.4169,59.4218,59.4024,59.4121,10844
2026-07-30 15:46:00,59.4121,59.4218,59.4073,59.4169,8100
2026-07-30 15:47:00,59.4073,59.4073,59.3976,59.4024,1823
2026-07-30 15:48:00,59.3976,59.4024,59.3879,59.4024,3532
2026-07-30 15:49:00,59.4073,59.4169,59.3927,59.4024,8439
2026-07-30 15:50:00,59.4073,59.4653,59.4073,59.4605,7847
2026-07-30 15:51:00,59.4605,59.475,59.4169,59.4169,11795
2026-07-30 15:52:00,59.4266,59.4315,59.4073,59.4121,6614
2026-07-30 15:53:00,59.4073,59.4121,59.3976,59.4121,6385
2026-07-30 15:54:00,59.4121,59.4508,59.4073,59.4508,8905
2026-07-30 15:55:00,59.446,59.4557,59.4169,59.4508,16586
2026-07-30 15:56:00,59.4508,59.4557,59.4363,59.446,4107
2026-07-30 15:57:00,59.4508,59.4508,59.4315,59.4315,12817
2026-07-30 15:58:00,59.4266,59.4411,59.4266,59.4411,16465
2026-07-30 15:59:00,59.4411,59.4653,59.4266,59.4363,35952
2026-07-31 09:30:00,59.3879,59.4218,59.3589,59.3685,45986
2026-07-31 09:31:00,59.3831,59.4073,59.3831,59.3976,4272
2026-07-31 09:32:00,59.4024,59.4169,59.3976,59.4073,7085
2026-07-31 09:33:00,59.3976,59.446,59.3976,59.446,13860
2026-07-31 09:34:00,59.4508,59.4944,59.4508,59.4944,8614
2026-07-31 09:35:00,59.4944,59.5041,59.475,59.4944,25335
2026-07-31 09:36:00,59.4944,59.5041,59.4944,59.4944,3642
2026-07-31 09:37:00,59.4847,59.4847,59.446,59.4557,6786
2026-07-31 09:38:00,59.4653,59.4653,59.446,59.4653,3857
2026-07-31 09:39:00,59.4653,59.475,59.4653,59.4653,1154
2026-07-31 09:40:00,59.475,59.475,59.4653,59.4653,778
2026-07-31 09:41:00,59.4702,59.475,59.4266,59.4266,26704
2026-07-31 09:42:00,59.4266,59.4266,59.4169,59.4169,1710
2026-07-31 09:43:00,59.4169,59.4169,59.3976,59.3976,386
2026-07-31 09:44:00,59.4073,59.4169,59.4073,59.4169,1222
2026-07-31 09:45:00,59.4073,59.4169,59.3976,59.4073,2395
2026-07-31 09:46:00,59.4073,59.4073,59.3879,59.3879,7236
2026-07-31 09:47:00,59.3976,59.4073,59.3976,59.406,2545
2026-07-31 09:48:00,59.4169,59.4266,59.4169,59.4169,3012
2026-07-31 09:49:00,59.4169,59.4266,59.4169,59.4266,806
2026-07-31 09:50:00,59.4266,59.446,59.4266,59.4363,4216
2026-07-31 09:51:00,59.4363,59.446,59.4315,59.4364,3060
2026-07-31 09:52:00,59.4363,59.4363,59.3976,59.3976,1933
2026-07-31 09:53:00,59.3685,59.3685,59.3492,59.3492,1949
2026-07-31 09:54:00,59.3492,59.3492,59.3395,59.3395,678
2026-07-31 09:55:00,59.3395,59.3395,59.3395,59.3395,859
2026-07-31 09:56:00,59.3201,59.3298,59.3008,59.3105,2261
2026-07-31 09:57:00,59.3008,59.3008,59.2959,59.3008,1173
2026-07-31 09:58:00,59.3105,59.3298,59.3056,59.3298,2428
2026-07-31 09:59:00,59.325,59.3298,59.3201,59.3201,2197
2026-07-31 10:00:00,59.3298,59.3395,59.3201,59.3347,8250
2026-07-31 10:01:00,59.3347,59.3395,59.3201,59.3201,1669
2026-07-31 10:02:00,59.325,59.3443,59.325,59.3395,1276
2026-07-31 10:03:00,59.3395,59.3492,59.3201,59.3492,1905
2026-07-31 10:04:00,59.3347,59.3347,59.3153,59.3153,870
2026-07-31 10:05:00,59.3008,59.3298,59.3008,59.3201,2094
2026-07-31 10:06:00,59.3347,59.3395,59.3105,59.3105,2556
2026-07-31 10:07:00,59.3201,59.325,59.2959,59.2959,2618
2026-07-31 10:08:00,59.2911,59.3105,59.2911,59.2959,3727
2026-07-31 10:09:00,59.2911,59.2959,59.2766,59.2863,2596
2026-07-31 10:10:00,59.2814,59.3008,59.2814,59.3008,7069
2026-07-31 10:11:00,59.2911,59.3201,59.2814,59.3105,7636
2026-07-31 10:12:00,59.3201,59.3201,59.2911,59.2911,8693
2026-07-31 10:13:00,59.2959,59.3298,59.2911,59.3298,4130
2026-07-31 10:14:00,59.3201,59.3201,59.2814,59.2814,3153
2026-07-31 10:15:00,59.2911,59.2911,59.2524,59.2621,3772
2026-07-31 10:16:00,59.2621,59.2621,59.2137,59.2233,6589
2026-07-31 10:17:00,59.2233,59.2427,59.2185,59.233,3230
2026-07-31 10:18:00,59.2427,59.2427,59.2282,59.2282,1252
2026-07-31 10:19:00,59.2233,59.2233,59.2137,59.2185,2681
2026-07-31 10:20:00,59.2137,59.2379,59.2137,59.2137,7544
2026-07-31 10:21:00,59.2137,59.233,59.2137,59.2185,3684
2026-07-31 10:22:00,59.2233,59.233,59.2137,59.2233,4788
2026-07-31 10:23:00,59.233,59.2331,59.2233,59.233,3606
2026-07-31 10:24:00,59.233,59.233,59.2185,59.2233,2455
2026-07-31 10:25:00,59.2185,59.2233,59.2185,59.2185,1761
2026-07-31 10:26:00,59.2233,59.2572,59.2233,59.2427,5061
2026-07-31 10:27:00,59.2379,59.2669,59.2379,59.2669,2790
2026-07-31 10:28:00,59.2621,59.2621,59.233,59.233,2562
2026-07-31 10:29:00,59.2233,59.2233,59.204,59.204,4777
2026-07-31 10:30:00,59.1846,59.1846,59.176,59.1846,2717
2026-07-31 10:31:00,59.1749,59.1991,59.1459,59.1991,17247
2026-07-31 10:32:00,59.1895,59.1895,59.1653,59.1653,2088
2026-07-31 10:33:00,59.1749,59.1749,59.1507,59.1604,2898
2026-07-31 10:34:00,59.1653,59.1653,59.1459,59.1556,3058
2026-07-31 10:35:00,59.1459,59.1459,59.1265,59.1298,2018
2026-07-31 10:36:00,59.1265,59.1265,59.0975,59.1265,11741
2026-07-31 10:37:00,59.1217,59.1217,59.1082,59.1169,11650
2026-07-31 10:38:00,59.1169,59.1459,59.1169,59.1362,5679
2026-07-31 10:39:00,59.1362,59.1362,59.112,59.1169,4009
2026-07-31 10:40:00,59.1169,59.1459,59.112,59.1459,6494
2026-07-31 10:41:00,59.1362,59.1362,59.1265,59.1362,5272
2026-07-31 10:42:00,59.1362,59.1362,59.1217,59.1314,3351
2026-07-31 10:43:00,59.1411,59.1411,59.1362,59.1362,2064
2026-07-31 10:44:00,59.1362,59.1507,59.1314,59.1507,3479
2026-07-31 10:45:00,59.1507,59.1556,59.1459,59.1459,746
2026-07-31 10:46:00,59.1459,59.1604,59.1459,59.1556,6098
2026-07-31 10:47:00,59.1556,59.1595,59.1556,59.1556,5236
2026-07-31 10:48:00,59.1556,59.1749,59.1459,59.1459,2171
2026-07-31 10:49:00,59.1411,59.1411,59.1314,59.1362,2762
2026-07-31 10:50:00,59.1314,59.1314,59.1072,59.1072,2595
2026-07-31 10:51:00,59.1072,59.1072,59.0781,59.0781,3572
2026-07-31 10:52:00,59.083,59.0975,59.083,59.0975,3159
2026-07-31 10:53:00,59.0975,59.1072,59.0878,59.0975,3423
2026-07-31 10:54:00,59.0975,59.0975,59.0781,59.0781,1585
2026-07-31 10:55:00,59.0685,59.083,59.0588,59.0781,4390
2026-07-31 10:56:00,59.0781,59.0975,59.0781,59.0878,3704
2026-07-31 10:57:00,59.0878,59.1169,59.0878,59.0975,5729
2026-07-31 10:58:00,59.0984,59.0984,59.0927,59.0975,1681
2026-07-31 10:59:00,59.0878,59.0878,59.0685,59.0685,4423
2026-07-31 11:00:00,59.0781,59.0878,59.0636,59.0878,3294
2026-07-31 11:01:00,59.0781,59.0781,59.0685,59.0685,1199
2026-07-31 11:02:00,59.0685,59.0781,59.0685,59.0685,4164
2026-07-31 11:03:00,59.0685,59.0685,59.0491,59.0491,8601
2026-07-31 11:04:00,59.0539,59.0588,59.0394,59.0394,7056
2026-07-31 11:05:00,59.0394,59.0588,59.0297,59.0491,5604
2026-07-31 11:06:00,59.0491,59.0685,59.0418,59.0588,3067
2026-07-31 11:07:00,59.0491,59.0588,59.0443,59.0588,4396
2026-07-31 11:08:00,59.0394,59.0394,59.0007,59.0007,8097
2026-07-31 11:09:00,59.0007,59.0249,59.0007,59.0202,9139
2026-07-31 11:10:00,59.0201,59.0201,59.0007,59.0104,4302
2026-07-31 11:11:00,59.0104,59.0104,59.0007,59.0055,1966
2026-07-31 11:12:00,59.0104,59.0201,59.0007,59.0007,8226
2026-07-31 11:13:00,58.991,59.0104,58.9813,58.9862,9415
2026-07-31 11:14:00,58.991,59.0104,58.991,58.9959,11456
2026-07-31 11:15:00,59.0007,59.0303,59.0007,59.0298,2780
2026-07-31 11:16:00,59.0346,59.0394,59.0201,59.0297,3024
2026-07-31 11:17:00,59.0394,59.0588,59.0394,59.0491,5484
2026-07-31 11:18:00,59.0394,59.0394,59.031,59.0394,3711
2026-07-31 11:19:00,59.0394,59.0394,59.0394,59.0394,878
2026-07-31 11:20:00,59.0394,59.0394,59.0201,59.0297,2940
2026-07-31 11:21:00,59.0297,59.0393,59.0152,59.0201,5316
2026-07-31 11:22:00,59.0152,59.0201,58.991,58.991,5250
2026-07-31 11:23:00,58.991,59.0007,58.9813,58.9813,4145
2026-07-31 11:24:00,58.991,59.0007,58.991,58.991,1079
2026-07-31 11:25:00,58.991,58.991,58.962,58.9813,4816
2026-07-31 11:26:00,58.9813,58.991,58.9813,58.9813,4441
2026-07-31 11:27:00,58.9813,58.9813,58.9717,58.9717,2013
2026-07-31 11:28:00,58.9717,58.991,58.9668,58.991,4242
2026-07-31 11:29:00,58.9959,59.0104,58.9862,59.0104,2811
2026-07-31 11:30:00,59.0104,59.0201,59.0007,59.0201,11152
2026-07-31 11:31:00,59.0116,59.0685,59.0116,59.0588,9505
2026-07-31 11:32:00,59.0685,59.0781,59.0491,59.0781,8149
2026-07-31 11:33:00,59.0733,59.0733,59.0588,59.0588,1069
2026-07-31 11:34:00,59.0491,59.0636,59.0491,59.0636,2617
2026-07-31 11:35:00,59.0685,59.0685,59.0201,59.0201,8189
2026-07-31 11:36:00,59.0201,59.0539,59.0201,59.0539,5452
2026-07-31 11:37:00,59.0588,59.0927,59.0588,59.0927,1675
2026-07-31 11:38:00,59.0927,59.1023,59.0927,59.1023,5231
2026-07-31 11:39:00,59.1072,59.1072,59.0975,59.1072,1347
2026-07-31 11:40:00,59.0975,59.1072,59.0975,59.1023,921
2026-07-31 11:41:00,59.1023,59.1217,59.1023,59.1217,2500
2026-07-31 11:42:00,59.1217,59.1362,59.1169,59.1362,2897
2026-07-31 11:43:00,59.1459,59.1662,59.1459,59.1662,2564
2026-07-31 11:44:00,59.1701,59.1798,59.1653,59.1701,4881
2026-07-31 11:45:00,59.1653,59.1749,59.1604,59.1604,1973
2026-07-31 11:46:00,59.1604,59.1604,59.1556,59.1604,1305
2026-07-31 11:47:00,59.1604,59.1604,59.1169,59.1169,5154
2026-07-31 11:48:00,59.1169,59.1169,59.1023,59.1023,2640
2026-07-31 11:49:00,59.0975,59.0975,59.0801,59.0927,2575
2026-07-31 11:50:00,59.0927,59.1072,59.0927,59.1072,1879
2026-07-31 11:51:00,59.0975,59.0975,59.0878,59.0878,1962
2026-07-31 11:52:00,59.0878,59.0975,59.0878,59.0975,2209
2026-07-31 11:53:00,59.0975,59.0975,59.0791,59.0878,5247
2026-07-31 11:54:00,59.0878,59.0975,59.0878,59.0878,2264
2026-07-31 11:55:00,59.0975,59.1023,59.0975,59.0975,1743
2026-07-31 11:56:00,59.0981,59.0981,59.0781,59.083,3463
2026-07-31 11:57:00,59.0878,59.112,59.0878,59.112,3313
2026-07-31 11:58:00,59.1169,59.1368,59.1169,59.1362,1911
2026-07-31 11:59:00,59.1459,59.1556,59.1362,59.1459,5263
2026-07-31 12:00:00,59.1459,59.1459,59.1265,59.1265,2485
2026-07-31 12:01:00,59.1169,59.1265,59.1072,59.1072,1374
2026-07-31 12:02:00,59.1072,59.112,59.0982,59.1072,6955
2026-07-31 12:03:00,59.0927,59.1072,59.0878,59.0878,8128
2026-07-31 12:04:00,59.0781,59.083,59.0636,59.0636,4175
2026-07-31 12:05:00,59.0733,59.083,59.0733,59.0781,1778
2026-07-31 12:06:00,59.0781,59.0878,59.0781,59.0878,1096
2026-07-31 12:07:00,59.0878,59.1265,59.0878,59.118,1634
2026-07-31 12:08:00,59.1169,59.1169,59.0878,59.0878,2272
2026-07-31 12:09:00,59.0781,59.0878,59.0781,59.0878,3730
2026-07-31 12:10:00,59.0878,59.0985,59.0878,59.0878,2535
2026-07-31 12:11:00,59.0878,59.0878,59.0781,59.0781,2408
2026-07-31 12:12:00,59.0539,59.0539,59.0491,59.0491,764
2026-07-31 12:13:00,59.0491,59.0649,59.0491,59.0649,3315
2026-07-31 12:14:00,59.0539,59.0539,59.0539,59.0539,480
2026-07-31 12:15:00,59.0539,59.0878,59.0539,59.0878,12005
2026-07-31 12:16:00,59.079,59.0878,59.0781,59.0781,1192
2026-07-31 12:17:00,59.0781,59.083,59.0781,59.0781,1041
2026-07-31 12:18:00,59.0781,59.1072,59.0781,59.1023,7942
2026-07-31 12:19:00,59.1072,59.1314,59.1072,59.1265,3423
2026-07-31 12:20:00,59.1362,59.1362,59.1265,59.1362,1221
2026-07-31 12:21:00,59.1314,59.1314,59.1169,59.1173,1909
2026-07-31 12:22:00,59.1169,59.1169,59.083,59.083,1788
2026-07-31 12:23:00,59.0782,59.0782,59.0588,59.0588,2565
2026-07-31 12:24:00,59.0491,59.0685,59.0443,59.0588,6571
2026-07-31 12:25:00,59.0539,59.0588,59.0491,59.0588,2146
2026-07-31 12:26:00,59.078,59.083,59.0685,59.0781,2009
2026-07-31 12:27:00,59.083,59.0975,59.083,59.0927,3408
2026-07-31 12:28:00,59.0927,59.1072,59.0927,59.1072,743
2026-07-31 12:29:00,59.1362,59.1362,59.1314,59.1314,399
2026-07-31 12:30:00,59.1314,59.1314,59.1265,59.1265,1669
2026-07-31 12:31:00,59.1265,59.1275,59.1169,59.1265,2003
2026-07-31 12:32:00,59.1265,59.1265,59.0927,59.0927,6988
2026-07-31 12:33:00,59.0975,59.1362,59.0975,59.1362,4546
2026-07-31 12:34:00,59.1314,59.1362,59.1265,59.1265,1748
2026-07-31 12:35:00,59.1362,59.1362,59.1265,59.1314,6332
2026-07-31 12:36:00,59.1265,59.1459,59.1265,59.1459,6619
2026-07-31 12:37:00,59.1459,59.1653,59.1411,59.1653,4839
2026-07-31 12:38:00,59.158,59.158,59.1507,59.1507,978
2026-07-31 12:39:00,59.1459,59.1556,59.1459,59.1556,444
2026-07-31 12:40:00,59.1459,59.1507,59.1362,59.1411,19144
2026-07-31 12:41:00,59.1362,59.1459,59.1169,59.1362,6909
2026-07-31 12:42:00,59.1265,59.1324,59.1265,59.1265,2212
2026-07-31 12:43:00,59.1217,59.1276,59.1217,59.1265,5025
2026-07-31 12:44:00,59.1217,59.1265,59.1169,59.1265,9930
2026-07-31 12:45:00,59.1169,59.1265,59.112,59.1217,6636
2026-07-31 12:46:00,59.1217,59.1362,59.1169,59.1362,3605
2026-07-31 12:47:00,59.1459,59.1604,59.1459,59.1556,1778
2026-07-31 12:48:00,59.1544,59.1653,59.1544,59.1653,3169
2026-07-31 12:49:00,59.1604,59.1604,59.1604,59.1604,482
2026-07-31 12:50:00,59.1604,59.1604,59.1459,59.1459,2324
2026-07-31 12:51:00,59.1459,59.1556,59.1459,59.1507,8599
2026-07-31 12:52:00,59.1507,59.1507,59.1362,59.1459,12165
2026-07-31 12:53:00,59.1459,59.1749,59.1411,59.1749,9757
2026-07-31 12:54:00,59.1943,59.2088,59.1943,59.2088,1408
2026-07-31 12:55:00,59.204,59.204,59.1846,59.1846,3459
2026-07-31 12:56:00,59.1701,59.1701,59.1701,59.1701,370
2026-07-31 12:57:00,59.1701,59.1748,59.1653,59.1658,2026
2026-07-31 12:58:00,59.1701,59.1701,59.1701,59.1701,1059
2026-07-31 13:00:00,59.1749,59.1943,59.1556,59.1556,7400
2026-07-31 13:01:00,59.1556,59.1604,59.1556,59.1604,537
2026-07-31 13:02:00,59.1653,59.1749,59.1653,59.1749,1408
2026-07-31 13:03:00,59.1701,59.1895,59.1701,59.1895,2482
2026-07-31 13:04:00,59.204,59.204,59.1943,59.1943,489
2026-07-31 13:05:00,59.1991,59.204,59.1943,59.1943,5004
2026-07-31 13:06:00,59.1846,59.1943,59.1846,59.1846,6562
2026-07-31 13:07:00,59.1943,59.2137,59.1943,59.2137,4016
2026-07-31 13:08:00,59.2233,59.2282,59.2233,59.2282,676
2026-07-31 13:09:00,59.2233,59.2233,59.2137,59.2137,2087
2026-07-31 13:10:00,59.2233,59.2379,59.2138,59.2379,3543
2026-07-31 13:11:00,59.241,59.241,59.233,59.233,602
2026-07-31 13:12:00,59.233,59.2524,59.233,59.2524,6017
2026-07-31 13:13:00,59.2524,59.2524,59.2427,59.2427,4636
2026-07-31 13:14:00,59.2427,59.2427,59.233,59.233,2277
2026-07-31 13:15:00,59.2475,59.2475,59.233,59.233,2073
2026-07-31 13:16:00,59.2185,59.233,59.2185,59.2233,6172
2026-07-31 13:17:00,59.2282,59.233,59.2234,59.2234,4263
2026-07-31 13:18:00,59.2282,59.2669,59.2282,59.2669,4646
2026-07-31 13:19:00,59.2717,59.2717,59.2475,59.2475,2443
2026-07-31 13:20:00,59.2475,59.2572,59.2475,59.2572,1768
2026-07-31 13:21:00,59.2524,59.2814,59.2524,59.2814,5769
2026-07-31 13:22:00,59.2766,59.2814,59.2766,59.2814,424
2026-07-31 13:23:00,59.2826,59.3008,59.2826,59.3008,3586
2026-07-31 13:24:00,59.2911,59.3008,59.2911,59.3008,2136
2026-07-31 13:25:00,59.3008,59.3056,59.2911,59.2911,3042
2026-07-31 13:26:00,59.2814,59.3008,59.2717,59.3008,2233
2026-07-31 13:27:00,59.3056,59.3201,59.3056,59.3201,1586
2026-07-31 13:28:00,59.3153,59.3201,59.3153,59.3201,705
2026-07-31 13:29:00,59.3205,59.3205,59.3201,59.3201,1368
2026-07-31 13:30:00,59.3201,59.3201,59.3056,59.3056,2176
2026-07-31 13:31:00,59.3105,59.3105,59.3008,59.3008,1525
2026-07-31 13:32:00,59.3008,59.309,59.2959,59.309,1498
2026-07-31 13:33:00,59.3008,59.3105,59.3008,59.3008,1452
2026-07-31 13:34:00,59.3105,59.3105,59.3008,59.3056,1147
2026-07-31 13:35:00,59.3105,59.3298,59.3105,59.3201,2597
2026-07-31 13:36:00,59.325,59.325,59.3201,59.3201,2323
2026-07-31 13:37:00,59.3153,59.3201,59.311,59.311,3741
2026-07-31 13:38:00,59.3105,59.3298,59.3056,59.325,6701
2026-07-31 13:39:00,59.3347,59.3347,59.3201,59.325,2782
2026-07-31 13:40:00,59.3201,59.3202,59.3105,59.3105,1794
2026-07-31 13:41:00,59.3153,59.3201,59.3105,59.3153,1362
2026-07-31 13:42:00,59.3201,59.3201,59.3106,59.3106,1966
2026-07-31 13:43:00,59.3153,59.3153,59.3105,59.3153,1148
2026-07-31 13:44:00,59.3105,59.3298,59.2959,59.325,8715
2026-07-31 13:45:00,59.3299,59.3492,59.3299,59.3492,2499
2026-07-31 13:46:00,59.3443,59.3492,59.3395,59.3395,3244
2026-07-31 13:47:00,59.3395,59.3492,59.3347,59.3443,2310
2026-07-31 13:48:00,59.3492,59.354,59.3492,59.3495,2103
2026-07-31 13:49:00,59.3492,59.3492,59.3347,59.3395,1697
2026-07-31 13:50:00,59.3298,59.3298,59.3201,59.3201,1372
2026-07-31 13:51:00,59.326,59.326,59.3201,59.3201,913
2026-07-31 13:52:00,59.3298,59.3347,59.325,59.3298,1372
2026-07-31 13:53:00,59.3298,59.3395,59.3298,59.3371,4140
2026-07-31 13:54:00,59.3347,59.3347,59.3347,59.3347,1081
2026-07-31 13:55:00,59.3347,59.3395,59.3298,59.3395,4088
2026-07-31 13:56:00,59.3431,59.3492,59.3347,59.3492,4289
2026-07-31 13:57:00,59.3589,59.3589,59.3492,59.354,3153
2026-07-31 13:58:00,59.3685,59.3867,59.3637,59.3734,6244
2026-07-31 13:59:00,59.3782,59.3782,59.3734,59.3734,1152
2026-07-31 14:00:00,59.3685,59.3782,59.3637,59.3637,3392
2026-07-31 14:01:00,59.3589,59.3734,59.3443,59.3734,3414
2026-07-31 14:02:00,59.3685,59.3734,59.3637,59.3637,2832
2026-07-31 14:03:00,59.3589,59.3637,59.3443,59.3443,1453
2026-07-31 14:04:00,59.3443,59.354,59.3395,59.354,2799
2026-07-31 14:05:00,59.3589,59.3734,59.354,59.3734,1217
2026-07-31 14:06:00,59.3782,59.3879,59.3734,59.3879,1647
2026-07-31 14:07:00,59.3976,59.407,59.3976,59.4024,1702
2026-07-31 14:08:00,59.3976,59.3976,59.3879,59.3927,1356
2026-07-31 14:09:00,59.3879,59.3976,59.3879,59.3976,1197
2026-07-31 14:10:00,59.3976,59.3976,59.3782,59.3927,14076
2026-07-31 14:11:00,59.3927,59.3927,59.3927,59.3927,1753
2026-07-31 14:12:00,59.3889,59.3927,59.3879,59.3927,5682
2026-07-31 14:13:00,59.3975,59.4169,59.3879,59.4169,13571
2026-07-31 14:14:00,59.4121,59.4144,59.4121,59.4121,1132
2026-07-31 14:15:00,59.4169,59.4218,59.4109,59.4218,6824
2026-07-31 14:16:00,59.4266,59.4411,59.4266,59.4411,5341
2026-07-31 14:17:00,59.4411,59.4441,59.4363,59.4411,4718
2026-07-31 14:18:00,59.4411,59.446,59.4411,59.446,2364
2026-07-31 14:19:00,59.4508,59.4508,59.446,59.446,4264
2026-07-31 14:20:00,59.4508,59.4847,59.4508,59.4847,5391
2026-07-31 14:21:00,59.4799,59.4847,59.475,59.4799,3823
2026-07-31 14:22:00,59.4751,59.4847,59.4751,59.4847,2294
2026-07-31 14:23:00,59.4799,59.4847,59.4799,59.4847,3436
2026-07-31 14:24:00,59.475,59.4799,59.475,59.4799,1810
2026-07-31 14:25:00,59.4799,59.4847,59.4799,59.4799,1600
2026-07-31 14:26:00,59.4799,59.4799,59.4759,59.4799,3603
2026-07-31 14:27:00,59.4847,59.4847,59.4799,59.4799,2608
2026-07-31 14:28:00,59.4799,59.4847,59.475,59.4847,13094
2026-07-31 14:29:00,59.4847,59.4847,59.4702,59.475,15048
2026-07-31 14:30:00,59.4702,59.4702,59.446,59.4461,18092
2026-07-31 14:31:00,59.4534,59.4557,59.4461,59.4557,7705
2026-07-31 14:32:00,59.4557,59.4605,59.4508,59.4605,1956
2026-07-31 14:33:00,59.4653,59.4944,59.4653,59.4896,5691
2026-07-31 14:34:00,59.4944,59.5089,59.4944,59.4992,12361
2026-07-31 14:35:00,59.4992,59.5138,59.4945,59.5138,4348
2026-07-31 14:36:00,59.5138,59.5138,59.5041,59.5041,9927
2026-07-31 14:37:00,59.5041,59.5041,59.4605,59.4653,4041
2026-07-31 14:38:00,59.4647,59.475,59.4647,59.475,3030
2026-07-31 14:39:00,59.475,59.4847,59.4653,59.4653,3611
2026-07-31 14:40:00,59.4605,59.4896,59.4605,59.4896,2053
2026-07-31 14:41:00,59.4847,59.4847,59.4702,59.4702,1862
2026-07-31 14:42:00,59.475,59.475,59.4653,59.4702,7110
2026-07-31 14:43:00,59.4653,59.4653,59.4653,59.4653,2211
2026-07-31 14:44:00,59.4557,59.4605,59.4557,59.4605,1296
2026-07-31 14:45:00,59.4647,59.4799,59.4647,59.4799,3326
2026-07-31 14:46:00,59.4847,59.4867,59.4847,59.4867,1116
2026-07-31 14:47:00,59.4896,59.5234,59.4896,59.5138,21578
2026-07-31 14:48:00,59.5138,59.5234,59.5138,59.514,5671
2026-07-31 14:49:00,59.5186,59.5234,59.5138,59.5186,2315
2026-07-31 14:50:00,59.5234,59.5283,59.5234,59.5234,5287
2026-07-31 14:51:00,59.5244,59.5331,59.5234,59.5283,1838
2026-07-31 14:52:00,59.5283,59.5283,59.5283,59.5283,3725
2026-07-31 14:53:00,59.5283,59.5428,59.5283,59.5331,8839
2026-07-31 14:54:00,59.5428,59.5622,59.5428,59.5573,4060
2026-07-31 14:55:00,59.5615,59.5615,59.5428,59.5428,3134
2026-07-31 14:56:00,59.5476,59.5525,59.5476,59.5525,2558
2026-07-31 14:57:00,59.5622,59.5622,59.5573,59.5573,1091
2026-07-31 14:58:00,59.5525,59.5611,59.5525,59.5573,2719
2026-07-31 14:59:00,59.5525,59.5573,59.5525,59.5573,484
2026-07-31 15:00:00,59.5525,59.555,59.5428,59.5476,7583
2026-07-31 15:01:00,59.5476,59.5476,59.5476,59.5476,796
2026-07-31 15:02:00,59.5476,59.5622,59.5476,59.5573,3636
2026-07-31 15:03:00,59.5573,59.5609,59.5525,59.5573,9425
2026-07-31 15:04:00,59.5573,59.5622,59.5525,59.5573,5542
2026-07-31 15:05:00,59.5622,59.5667,59.5573,59.5667,6027
2026-07-31 15:06:00,59.567,59.5815,59.567,59.5815,4943
2026-07-31 15:07:00,59.5864,59.5912,59.5864,59.5912,702
2026-07-31 15:08:00,59.5912,59.6009,59.5912,59.596,5246
2026-07-31 15:09:00,59.6009,59.6202,59.596,59.6202,13045
2026-07-31 15:10:00,59.6251,59.6493,59.6251,59.6493,6482
2026-07-31 15:11:00,59.6541,59.6541,59.6493,59.6493,3319
2026-07-31 15:12:00,59.6396,59.6638,59.6396,59.6638,3401
2026-07-31 15:13:00,59.6686,59.6783,59.6638,59.6783,3643
2026-07-31 15:14:00,59.6783,59.6832,59.6698,59.6832,1778
2026-07-31 15:15:00,59.6832,59.688,59.659,59.6638,15249
2026-07-31 15:16:00,59.6638,59.6783,59.659,59.6783,3921
2026-07-31 15:17:00,59.6749,59.688,59.6735,59.6832,6949
2026-07-31 15:18:00,59.6832,59.688,59.6783,59.6832,6500
2026-07-31 15:19:00,59.6832,59.6832,59.6832,59.6832,1323
2026-07-31 15:20:00,59.6832,59.688,59.6784,59.6832,3288
2026-07-31 15:21:00,59.6832,59.688,59.6832,59.6832,1863
2026-07-31 15:22:00,59.6788,59.688,59.6788,59.6832,3393
2026-07-31 15:23:00,59.6832,59.688,59.6832,59.6832,4185
2026-07-31 15:24:00,59.6832,59.6832,59.6832,59.6832,613
2026-07-31 15:25:00,59.6832,59.6928,59.6783,59.688,10292
2026-07-31 15:26:00,59.688,59.6967,59.6791,59.6967,8180
2026-07-31 15:27:00,59.6977,59.6977,59.6686,59.6775,10844
2026-07-31 15:28:00,59.6783,59.6783,59.6678,59.6678,5872
2026-07-31 15:29:00,59.6638,59.688,59.6638,59.6794,4977
2026-07-31 15:30:00,59.688,59.7267,59.688,59.7122,5880
2026-07-31 15:31:00,59.7122,59.7122,59.6686,59.6735,796200
2026-07-31 15:32:00,59.6783,59.7025,59.6783,59.6783,9555
2026-07-31 15:33:00,59.6783,59.6783,59.6299,59.6686,16231
2026-07-31 15:34:00,59.6783,59.6928,59.6686,59.6832,14031
2026-07-31 15:35:00,59.688,59.6977,59.6832,59.6977,2258
2026-07-31 15:36:00,59.688,59.7122,59.688,59.7122,10309
2026-07-31 15:37:00,59.708,59.7122,59.6989,59.7025,4436
2026-07-31 15:38:00,59.7044,59.717,59.7044,59.7161,3362
2026-07-31 15:39:00,59.7122,59.717,59.7074,59.7122,2900
2026-07-31 15:40:00,59.7122,59.717,59.6984,59.6984,16941
2026-07-31 15:41:00,59.7025,59.717,59.7025,59.7122,7507
2026-07-31 15:42:00,59.717,59.7461,59.717,59.7412,7410
2026-07-31 15:43:00,59.7364,59.7364,59.7025,59.7267,9021
2026-07-31 15:44:00,59.717,59.7219,59.7081,59.717,8401
2026-07-31 15:45:00,59.717,59.7848,59.7122,59.7751,29252
2026-07-31 15:46:00,59.7751,59.7751,59.7654,59.7727,17118
2026-07-31 15:47:00,59.7751,59.7751,59.7558,59.7654,14434
2026-07-31 15:48:00,59.7654,59.7751,59.7558,59.7751,8829
2026-07-31 15:49:00,59.7751,59.809,59.7606,59.7606,18778
2026-07-31 15:50:00,59.7558,59.7945,59.7558,59.7751,15181
2026-07-31 15:51:00,59.78,59.8235,59.78,59.8138,11583
2026-07-31 15:52:00,59.8187,59.8235,59.7848,59.7896,21218
2026-07-31 15:53:00,59.7945,59.7945,59.7751,59.78,17175
2026-07-31 15:54:00,59.78,59.78,59.7654,59.7751,27502
2026-07-31 15:55:00,59.7751,59.7945,59.717,59.7219,30511
2026-07-31 15:56:00,59.7219,59.7461,59.7219,59.7412,14339
2026-07-31 15:57:00,59.7412,59.7654,59.7412,59.7606,21269
2026-07-31 15:58:00,59.7606,59.7654,59.659,59.6783,116172
2026-07-31 15:59:00,59.6686,59.6686,59.6396,59.659,81300
2026-08-01 09:30:00,60.2688,60.385,60.2346,60.3753,110927
2026-08-01 09:31:00,60.3463,60.414,60.3366,60.4043,70555
2026-08-01 09:32:00,60.4043,60.4527,60.385,60.4334,15661
2026-08-01 09:33:00,60.443,60.4876,60.443,60.4721,15105
2026-08-01 09:34:00,60.4721,60.5398,60.443,60.5302,29464
2026-08-01 09:35:00,60.5302,60.5398,60.3898,60.4527,20758
2026-08-01 09:36:00,60.4624,60.4721,60.3656,60.3656,10597
2026-08-01 09:37:00,60.3656,60.4334,60.3656,60.4043,12141
2026-08-01 09:38:00,60.3946,60.3946,60.3172,60.3172,8491
2026-08-01 09:39:00,60.3075,60.3366,60.2978,60.3075,8019
2026-08-01 09:40:00,60.3075,60.322,60.2978,60.3172,17960
2026-08-01 09:41:00,60.3269,60.3608,60.3172,60.3462,4127
2026-08-01 09:42:00,60.3559,60.4237,60.3559,60.4237,5245
2026-08-01 09:43:00,60.4237,60.4334,60.4144,60.4237,3491
2026-08-01 09:44:00,60.4237,60.4527,60.4237,60.443,2671
2026-08-01 09:45:00,60.4334,60.4334,60.385,60.414,6502
2026-08-01 09:46:00,60.4043,60.4188,60.3946,60.4188,5374
2026-08-01 09:47:00,60.4188,60.4285,60.4188,60.4285,2660
2026-08-01 09:48:00,60.4285,60.443,60.4285,60.4382,2209
2026-08-01 09:49:00,60.443,60.4624,60.4285,60.4334,4389
2026-08-01 09:50:00,60.4237,60.4382,60.4237,60.4237,5617
2026-08-01 09:51:00,60.4382,60.4382,60.4043,60.4092,8733
2026-08-01 09:52:00,60.414,60.4285,60.4092,60.4237,5018
2026-08-01 09:53:00,60.4237,60.443,60.414,60.443,10803
2026-08-01 09:54:00,60.4624,60.4624,60.443,60.4527,3005
2026-08-01 09:55:00,60.443,60.4527,60.4237,60.4382,16576
2026-08-01 09:56:00,60.4382,60.5108,60.4382,60.4914,7831
2026-08-01 09:57:00,60.4914,60.4963,60.4769,60.4866,5932
2026-08-01 09:58:00,60.4963,60.4963,60.4818,60.4914,5965
2026-08-01 09:59:00,60.4914,60.5108,60.4914,60.506,1743
2026-08-01 10:00:00,60.506,60.5108,60.4818,60.5011,19756
2026-08-01 10:01:00,60.5302,60.5495,60.4624,60.4655,15573
2026-08-01 10:02:00,60.4527,60.4818,60.443,60.4624,11788
2026-08-01 10:03:00,60.4721,60.4818,60.4092,60.4382,9387
2026-08-01 10:04:00,60.4273,60.4914,60.4273,60.4527,17689
2026-08-01 10:05:00,60.4721,60.4818,60.3414,60.3462,9013
2026-08-01 10:06:00,60.3462,60.3753,60.3414,60.3608,8939
2026-08-01 10:07:00,60.3656,60.3753,60.3269,60.3462,9783
2026-08-01 10:08:00,60.3269,60.3656,60.3172,60.3656,12128
2026-08-01 10:09:00,60.3462,60.3462,60.3124,60.3269,17317
2026-08-01 10:10:00,60.3366,60.3632,60.322,60.322,21191
2026-08-01 10:11:00,60.322,60.3462,60.3172,60.3366,7244
2026-08-01 10:12:00,60.3366,60.3462,60.3124,60.3462,10063
2026-08-01 10:13:00,60.3366,60.3559,60.3269,60.3414,11725
2026-08-01 10:14:00,60.3414,60.3414,60.2882,60.293,4157
2026-08-01 10:15:00,60.3075,60.3124,60.2785,60.2785,11606
2026-08-01 10:16:00,60.2688,60.2688,60.2398,60.2398,8237
2026-08-01 10:17:00,60.2494,60.2591,60.2398,60.2591,6866
2026-08-01 10:18:00,60.264,60.264,60.1914,60.1914,3549
2026-08-01 10:19:00,60.1865,60.1865,60.1139,60.1139,7993
2026-08-01 10:20:00,60.1091,60.1091,60.0752,60.0849,33547
2026-08-01 10:21:00,60.0849,60.0946,60.0655,60.0897,15717
2026-08-01 10:22:00,60.0946,60.1042,60.0946,60.0946,6129
2026-08-01 10:23:00,60.0994,60.1091,60.0946,60.1091,9894
2026-08-01 10:24:00,60.1139,60.1478,60.1139,60.1284,5531
2026-08-01 10:25:00,60.1236,60.1623,60.1139,60.1575,11449
2026-08-01 10:26:00,60.1623,60.172,60.1381,60.172,8280
2026-08-01 10:27:00,60.1623,60.1623,60.1381,60.1381,16039
2026-08-01 10:28:00,60.1333,60.1768,60.1284,60.1575,5504
2026-08-01 10:29:00,60.1575,60.1575,60.1381,60.143,4457
2026-08-01 10:30:00,60.1381,60.1526,60.1333,60.1381,12600
2026-08-01 10:31:00,60.143,60.1817,60.1333,60.1817,14905
2026-08-01 10:32:00,60.1914,60.1962,60.1623,60.1623,8127
2026-08-01 10:33:00,60.1526,60.172,60.143,60.143,3447
2026-08-01 10:34:00,60.143,60.17,60.143,60.17,5482
2026-08-01 10:35:00,60.1623,60.1623,60.1284,60.1526,6097
2026-08-01 10:36:00,60.1526,60.1817,60.1478,60.1526,13321
2026-08-01 10:37:00,60.1623,60.1914,60.1623,60.172,7952
2026-08-01 10:38:00,60.1623,60.1623,60.1284,60.143,11312
2026-08-01 10:39:00,60.1333,60.1526,60.1333,60.1478,1374
2026-08-01 10:40:00,60.1526,60.172,60.1526,60.1623,3636
2026-08-01 10:41:00,60.1526,60.1526,60.143,60.1526,5416
2026-08-01 10:42:00,60.1526,60.172,60.143,60.172,7671
2026-08-01 10:43:00,60.1768,60.1768,60.143,60.143,13731
2026-08-01 10:44:00,60.1381,60.1381,60.1139,60.1156,3879
2026-08-01 10:45:00,60.1042,60.1478,60.1042,60.143,20026
2026-08-01 10:46:00,60.1526,60.172,60.1526,60.1526,14246
2026-08-01 10:47:00,60.1623,60.1623,60.1526,60.1623,23798
2026-08-01 10:48:00,60.172,60.172,60.1091,60.1091,32019
2026-08-01 10:49:00,60.1091,60.1333,60.1042,60.1236,15197
2026-08-01 10:50:00,60.1284,60.143,60.1151,60.1236,24650
2026-08-01 10:51:00,60.1188,60.1236,60.0994,60.1042,15434
2026-08-01 10:52:00,60.1151,60.1236,60.0946,60.0946,16724
2026-08-01 10:53:00,60.1042,60.1333,60.1042,60.1246,12493
2026-08-01 10:54:00,60.1139,60.1236,60.0752,60.0752,6767
2026-08-01 10:55:00,60.056,60.0607,60.0558,60.0558,4352
2026-08-01 10:56:00,60.051,60.1139,60.0365,60.0994,20644
2026-08-01 10:57:00,60.0946,60.0994,60.0558,60.0616,17544
2026-08-01 10:58:00,60.0607,60.0849,60.0607,60.0655,4381
2026-08-01 10:59:00,60.0607,60.0704,60.0462,60.051,4951
2026-08-01 11:00:00,60.051,60.0704,60.0365,60.051,9500
2026-08-01 11:01:00,60.0365,60.051,60.0171,60.0365,16172
2026-08-01 11:02:00,60.0413,60.0413,60.0074,60.0074,3148
2026-08-01 11:03:00,60.0026,60.0123,59.9832,59.9881,9530
2026-08-01 11:04:00,59.9929,59.9929,59.959,59.9639,7547
2026-08-01 11:05:00,59.959,59.959,59.9252,59.9348,5273
2026-08-01 11:06:00,59.9397,59.9445,59.9252,59.93,4514
2026-08-01 11:07:00,59.93,59.9494,59.9155,59.9445,10427
2026-08-01 11:08:00,59.9445,59.959,59.9252,59.9445,12611
2026-08-01 11:09:00,59.9445,59.9494,59.8816,59.93,24855
2026-08-01 11:10:00,59.9252,59.959,59.9203,59.9494,19987
2026-08-01 11:11:00,59.9494,59.9881,59.9494,59.9736,23164
2026-08-01 11:12:00,59.9784,59.9978,59.9784,59.9832,2204
2026-08-01 11:13:00,59.9832,60.0171,59.9832,59.9832,8643
2026-08-01 11:14:00,59.9881,60.0026,59.9736,59.9736,5265
2026-08-01 11:15:00,59.9784,59.9881,59.9639,59.9832,10356
2026-08-01 11:16:00,59.9736,60.0074,59.9736,60.0074,4938
2026-08-01 11:17:00,60.0074,60.0268,59.9978,60.0268,4391
2026-08-01 11:18:00,60.0268,60.0268,60.0026,60.0171,9753
2026-08-01 11:19:00,60.0171,60.0413,60.0171,60.0268,11729
2026-08-01 11:20:00,60.0268,60.0268,59.9881,59.9978,14087
2026-08-01 11:21:00,59.9929,60.0074,59.9784,59.9784,8842
2026-08-01 11:22:00,59.9687,59.9881,59.959,59.9881,7890
2026-08-01 11:23:00,59.9978,60.0268,59.9881,60.0074,13794
2026-08-01 11:24:00,60.0123,60.0123,59.9978,60.0123,7874
2026-08-01 11:25:00,60.0074,60.0074,59.9929,59.9978,12752
2026-08-01 11:26:00,60.0074,60.0074,59.9881,59.9881,12937
2026-08-01 11:27:00,59.9687,59.9687,59.9494,59.9687,10622
2026-08-01 11:28:00,59.9736,59.9978,59.9736,59.9881,14184
2026-08-01 11:29:00,59.9929,59.9929,59.9494,59.9542,21541
2026-08-01 11:30:00,59.959,59.9687,59.9155,59.959,13872
2026-08-01 11:31:00,59.9542,59.9687,59.8864,59.9397,44608
2026-08-01 11:32:00,59.9494,60.0123,59.9397,60.0074,79111
2026-08-01 11:33:00,60.0123,60.0752,59.9978,60.0655,25883
2026-08-01 11:34:00,60.0413,60.0704,59.9978,59.9978,16828
2026-08-01 11:35:00,59.9881,59.9929,59.959,59.9929,7500
2026-08-01 11:36:00,59.9832,60.0026,59.9784,59.9978,6074
2026-08-01 11:37:00,60.0026,60.022,60.0026,60.022,5707
2026-08-01 11:38:00,60.0268,60.0655,60.0268,60.051,3683
2026-08-01 11:39:00,60.0462,60.0607,60.0462,60.0558,7746
2026-08-01 11:40:00,60.0558,60.0607,60.051,60.0607,2246
2026-08-01 11:41:00,60.0486,60.051,60.0299,60.0316,4166
2026-08-01 11:42:00,60.0316,60.0316,59.9929,60.0123,3750
2026-08-01 11:43:00,60.0353,60.0353,60.0074,60.0074,2238
2026-08-01 11:44:00,60.0171,60.0365,60.0074,60.0365,3219
2026-08-01 11:45:00,60.0365,60.0752,60.022,60.022,233692
2026-08-01 11:46:00,60.0123,60.0558,59.9978,60.051,5111
2026-08-01 11:47:00,60.0462,60.0462,59.9978,60.022,3695
2026-08-01 11:48:00,60.022,60.0268,60.022,60.022,1384
2026-08-01 11:49:00,60.022,60.0607,60.022,60.0594,2619
2026-08-01 11:50:00,60.075,60.0849,60.0704,60.08,2490
2026-08-01 11:51:00,60.08,60.1042,60.08,60.0897,4544
2026-08-01 11:52:00,60.0849,60.1139,60.0849,60.0994,2126
2026-08-01 11:53:00,60.0946,60.1914,60.0946,60.1914,14836
2026-08-01 11:54:00,60.201,60.2107,60.1333,60.1333,5895
2026-08-01 11:55:00,60.0897,60.1091,60.0752,60.0946,5469
2026-08-01 11:56:00,60.0994,60.1236,60.0994,60.1236,3174
2026-08-01 11:57:00,60.1333,60.1526,60.1284,60.1478,2210
2026-08-01 11:58:00,60.1526,60.1575,60.1381,60.1575,2239
2026-08-01 11:59:00,60.1623,60.1672,60.1575,60.1672,906
2026-08-01 12:00:00,60.1333,60.1817,60.1333,60.1817,5167
2026-08-01 12:01:00,60.1865,60.1986,60.1817,60.1962,4377
2026-08-01 12:02:00,60.1962,60.1988,60.1817,60.1817,4296
2026-08-01 12:03:00,60.1914,60.2059,60.1914,60.2059,2038
2026-08-01 12:04:00,60.2107,60.2301,60.2107,60.2301,1412
2026-08-01 12:05:00,60.2204,60.2252,60.2107,60.2156,4612
2026-08-01 12:06:00,60.2204,60.2688,60.2204,60.2688,4320
2026-08-01 12:07:00,60.2591,60.2785,60.2591,60.2736,2218
2026-08-01 12:08:00,60.2882,60.2882,60.2688,60.2736,2116
2026-08-01 12:09:00,60.2688,60.2785,60.2495,60.2543,1906
2026-08-01 12:10:00,60.2494,60.2543,60.2436,60.2436,1106
2026-08-01 12:11:00,60.2446,60.2785,60.2446,60.2736,12406
2026-08-01 12:12:00,60.2785,60.2978,60.2688,60.2978,1841
2026-08-01 12:13:00,60.2978,60.2978,60.2882,60.2882,1197
2026-08-01 12:14:00,60.2785,60.2785,60.264,60.264,281
2026-08-01 12:15:00,60.2882,60.3269,60.2882,60.3269,2309
2026-08-01 12:16:00,60.3234,60.3414,60.3124,60.3269,2279
2026-08-01 12:17:00,60.3414,60.3559,60.3414,60.3559,2570
2026-08-01 12:18:00,60.3558,60.3559,60.3511,60.3559,2714
2026-08-01 12:19:00,60.3269,60.3753,60.322,60.3753,8083
2026-08-01 12:20:00,60.3753,60.385,60.3656,60.385,2928
2026-08-01 12:21:00,60.3753,60.385,60.3704,60.3753,2286
2026-08-01 12:22:00,60.3656,60.3704,60.3656,60.3656,993
2026-08-01 12:23:00,60.3704,60.3946,60.3704,60.3946,1620
2026-08-01 12:24:00,60.3946,60.4043,60.3946,60.4043,1106
2026-08-01 12:25:00,60.3946,60.414,60.3946,60.414,7499
2026-08-01 12:26:00,60.4141,60.4334,60.4141,60.4285,7695
2026-08-01 12:27:00,60.4382,60.4382,60.4334,60.4382,1981
2026-08-01 12:28:00,60.4334,60.443,60.4334,60.4382,864
2026-08-01 12:29:00,60.4335,60.4335,60.4335,60.4335,405
2026-08-01 12:30:00,60.4382,60.4576,60.4334,60.4576,6480
2026-08-01 12:31:00,60.4625,60.4721,60.4624,60.4672,2431
2026-08-01 12:32:00,60.4624,60.4818,60.4479,60.4527,109592
2026-08-01 12:33:00,60.4576,60.4624,60.4334,60.4334,8398
2026-08-01 12:34:00,60.4237,60.4237,60.4043,60.4043,3057
2026-08-01 12:35:00,60.4043,60.414,60.4043,60.4043,1680
2026-08-01 12:36:00,60.4045,60.4527,60.4045,60.443,49533
2026-08-01 12:37:00,60.443,60.4818,60.4382,60.4576,12886
2026-08-01 12:38:00,60.4527,60.4576,60.4382,60.4382,12128
2026-08-01 12:39:00,60.443,60.4624,60.4395,60.4624,5826
2026-08-01 12:40:00,60.4576,60.4576,60.414,60.414,7825
2026-08-01 12:41:00,60.4092,60.414,60.4043,60.4043,2280
2026-08-01 12:42:00,60.3898,60.3957,60.3801,60.3957,5119
2026-08-01 12:43:00,60.3995,60.4237,60.3995,60.414,3870
2026-08-01 12:44:00,60.414,60.414,60.3754,60.3995,2031
2026-08-01 12:45:00,60.3947,60.3995,60.3656,60.3656,1591
2026-08-01 12:46:00,60.3656,60.3704,60.3608,60.3657,1933
2026-08-01 12:47:00,60.3559,60.3753,60.3559,60.3753,2406
2026-08-01 12:48:00,60.3852,60.4043,60.3852,60.4043,52282
2026-08-01 12:49:00,60.4237,60.4334,60.4237,60.4334,1677
2026-08-01 12:50:00,60.4624,60.4721,60.4624,60.4672,4461
2026-08-01 12:51:00,60.4721,60.4818,60.4624,60.4818,2852
2026-08-01 12:52:00,60.4769,60.4769,60.414,60.4188,6363
2026-08-01 12:53:00,60.4188,60.4237,60.3753,60.3753,5007
2026-08-01 12:54:00,60.385,60.4043,60.385,60.3946,3343
2026-08-01 12:55:00,60.4043,60.4043,60.3851,60.4043,2237
2026-08-01 12:56:00,60.4334,60.4334,60.3995,60.414,4952
2026-08-01 12:57:00,60.414,60.4237,60.4044,60.4092,2414
2026-08-01 12:58:00,60.414,60.4285,60.414,60.4285,1128
2026-08-01 12:59:00,60.4237,60.4237,60.4043,60.4043,2164
2026-08-01 13:00:00,60.4046,60.4092,60.3317,60.3317,16557
2026-08-01 13:01:00,60.3317,60.3366,60.3172,60.3366,3249
2026-08-01 13:02:00,60.3288,60.3317,60.3027,60.3027,3535
2026-08-01 13:03:00,60.3172,60.3172,60.3124,60.3124,1490
2026-08-01 13:04:00,60.322,60.322,60.3172,60.3172,1076
2026-08-01 13:05:00,60.3124,60.3172,60.3027,60.3027,3672
2026-08-01 13:06:00,60.293,60.293,60.293,60.293,1582
2026-08-01 13:07:00,60.293,60.293,60.2804,60.293,2518
2026-08-01 13:08:00,60.293,60.2978,60.2882,60.2978,1868
2026-08-01 13:09:00,60.3075,60.3124,60.3027,60.3124,2026
2026-08-01 13:10:00,60.3124,60.3124,60.3124,60.3124,1008
2026-08-01 13:11:00,60.3075,60.3175,60.3027,60.3172,2399
2026-08-01 13:12:00,60.3172,60.3317,60.3172,60.3317,390
2026-08-01 13:13:00,60.3317,60.3511,60.3317,60.3511,760
2026-08-01 13:14:00,60.3559,60.3656,60.3559,60.3656,764
2026-08-01 13:15:00,60.3608,60.3608,60.3559,60.3608,680
2026-08-01 13:16:00,60.3608,60.3704,60.3608,60.3608,4570
2026-08-01 13:17:00,60.3559,60.3559,60.3414,60.3414,2246
2026-08-01 13:18:00,60.3462,60.3559,60.3414,60.3414,2909
2026-08-01 13:19:00,60.3414,60.3414,60.3317,60.3317,1325
2026-08-01 13:20:00,60.3269,60.3366,60.3269,60.3269,651
2026-08-01 13:21:00,60.3269,60.3366,60.3269,60.3366,2811
2026-08-01 13:22:00,60.3366,60.3608,60.3366,60.3511,3366
2026-08-01 13:23:00,60.3462,60.3462,60.3462,60.3462,1102
2026-08-01 13:24:00,60.3511,60.3511,60.3511,60.3511,156
2026-08-01 13:25:00,60.3608,60.3608,60.3511,60.3511,2454
2026-08-01 13:26:00,60.3521,60.3521,60.3317,60.3317,1875
2026-08-01 13:27:00,60.3317,60.3414,60.3317,60.3414,907
2026-08-01 13:28:00,60.3462,60.3753,60.3462,60.3753,1525
2026-08-01 13:29:00,60.3704,60.385,60.3704,60.385,2008
2026-08-01 13:30:00,60.3898,60.3898,60.3656,60.3656,52700
2026-08-01 13:31:00,60.3754,60.3995,60.3124,60.3172,9634
2026-08-01 13:32:00,60.3185,60.3185,60.3185,60.3185,453
2026-08-01 13:33:00,60.3269,60.3317,60.3269,60.3317,1899
2026-08-01 13:34:00,60.3317,60.3414,60.3269,60.3414,4848
2026-08-01 13:35:00,60.3414,60.3608,60.3414,60.3608,2151
2026-08-01 13:36:00,60.3608,60.3704,60.3559,60.3704,2961
2026-08-01 13:37:00,60.3753,60.3995,60.3704,60.3898,8458
2026-08-01 13:38:00,60.3898,60.3995,60.3898,60.3995,4991
2026-08-01 13:39:00,60.385,60.3898,60.385,60.3898,862
2026-08-01 13:40:00,60.3946,60.4285,60.3946,60.4285,5691
2026-08-01 13:41:00,60.4285,60.4334,60.4237,60.4285,3673
2026-08-01 13:42:00,60.4237,60.4237,60.4141,60.4141,2654
2026-08-01 13:43:00,60.4188,60.4188,60.4043,60.4043,1568
2026-08-01 13:44:00,60.4092,60.414,60.3946,60.3946,2826
2026-08-01 13:45:00,60.3966,60.4188,60.3946,60.4188,5868
2026-08-01 13:46:00,60.4188,60.4188,60.4043,60.4043,2839
2026-08-01 13:47:00,60.4092,60.4237,60.4092,60.4237,2724
2026-08-01 13:48:00,60.4382,60.4479,60.4335,60.443,2871
2026-08-01 13:49:00,60.4382,60.4382,60.4188,60.4237,9190
2026-08-01 13:50:00,60.4285,60.4527,60.4285,60.4527,2704
2026-08-01 13:51:00,60.4576,60.4623,60.4382,60.4382,4224
2026-08-01 13:52:00,60.4382,60.443,60.4237,60.4237,2923
2026-08-01 13:53:00,60.414,60.414,60.4043,60.414,1620
2026-08-01 13:54:00,60.4188,60.4188,60.4188,60.4188,920
2026-08-01 13:55:00,60.4188,60.4334,60.4188,60.4285,2179
2026-08-01 13:56:00,60.4285,60.4285,60.3559,60.3559,37769
2026-08-01 13:57:00,60.3608,60.3704,60.3608,60.3704,942
2026-08-01 13:58:00,60.3656,60.3656,60.3656,60.3656,423
2026-08-01 14:00:00,60.3656,60.3656,60.3366,60.3414,3332
2026-08-01 14:01:00,60.3414,60.3462,60.3366,60.3462,1421
2026-08-01 14:02:00,60.3366,60.3366,60.3172,60.3172,1616
2026-08-01 14:03:00,60.3172,60.3172,60.2978,60.2978,1903
2026-08-01 14:04:00,60.3027,60.3366,60.3027,60.3291,1690
2026-08-01 14:05:00,60.3366,60.3704,60.3366,60.3704,1715
2026-08-01 14:06:00,60.3704,60.3704,60.3462,60.3559,4428
2026-08-01 14:07:00,60.3414,60.3462,60.3366,60.3414,1099
2026-08-01 14:08:00,60.3414,60.3414,60.3173,60.322,1818
2026-08-01 14:09:00,60.3269,60.3317,60.3075,60.3269,51566
2026-08-01 14:10:00,60.3317,60.3559,60.328,60.3366,5321
2026-08-01 14:11:00,60.3462,60.3656,60.3462,60.3462,10878
2026-08-01 14:12:00,60.3462,60.3559,60.3462,60.3559,1630
2026-08-01 14:13:00,60.3608,60.3656,60.3608,60.3656,1478
2026-08-01 14:14:00,60.3753,60.4043,60.3753,60.4043,2842
2026-08-01 14:15:00,60.3995,60.4237,60.3995,60.4237,2501
2026-08-01 14:16:00,60.4334,60.4576,60.4334,60.4527,5037
2026-08-01 14:17:00,60.4527,60.4769,60.4527,60.4576,6066
2026-08-01 14:18:00,60.4527,60.4527,60.443,60.4479,3526
2026-08-01 14:19:00,60.4479,60.4479,60.4285,60.4334,2534
2026-08-01 14:20:00,60.443,60.4624,60.443,60.4527,2945
2026-08-01 14:21:00,60.4576,60.4576,60.4188,60.4188,3124
2026-08-01 14:22:00,60.4237,60.4256,60.4237,60.4256,439
2026-08-01 14:23:00,60.4285,60.4334,60.4237,60.4334,4470
2026-08-01 14:24:00,60.4237,60.4237,60.3946,60.3946,1156
2026-08-01 14:25:00,60.3995,60.4043,60.3995,60.3995,983
2026-08-01 14:26:00,60.4043,60.4188,60.4043,60.4188,1782
2026-08-01 14:27:00,60.4188,60.4382,60.4188,60.4382,3283
2026-08-01 14:28:00,60.443,60.4479,60.4382,60.4382,5857
2026-08-01 14:29:00,60.4334,60.4334,60.4237,60.4334,2887
2026-08-01 14:30:00,60.4285,60.4334,60.4237,60.4334,2746
2026-08-01 14:31:00,60.4382,60.4382,60.4188,60.4334,4993
2026-08-01 14:32:00,60.4334,60.4334,60.4141,60.4141,1338
2026-08-01 14:33:00,60.4188,60.4188,60.4188,60.4188,999
2026-08-01 14:34:00,60.4188,60.421,60.4188,60.421,506
2026-08-01 14:35:00,60.4188,60.4188,60.3898,60.3898,8932
2026-08-01 14:36:00,60.3888,60.3888,60.3753,60.3801,3315
2026-08-01 14:37:00,60.3801,60.3898,60.3801,60.3851,3359
2026-08-01 14:38:00,60.3898,60.3898,60.3656,60.3898,5195
2026-08-01 14:39:00,60.3946,60.3995,60.3753,60.3753,2813
2026-08-01 14:40:00,60.3801,60.3801,60.3801,60.3801,1255
2026-08-01 14:41:00,60.385,60.3946,60.385,60.3946,2138
2026-08-01 14:42:00,60.4043,60.4139,60.3966,60.4092,1404
2026-08-01 14:43:00,60.414,60.4188,60.414,60.4188,2324
2026-08-01 14:44:00,60.4237,60.4237,60.414,60.4188,1834
2026-08-01 14:45:00,60.4188,60.4188,60.3946,60.3946,11076
2026-08-01 14:46:00,60.4043,60.414,60.4043,60.414,2040
2026-08-01 14:47:00,60.414,60.4216,60.3801,60.3801,3189
2026-08-01 14:48:00,60.3801,60.4092,60.3801,60.4043,52395
2026-08-01 14:49:00,60.3946,60.3946,60.3801,60.3898,2220
2026-08-01 14:50:00,60.3898,60.3946,60.385,60.3898,3387
2026-08-01 14:51:00,60.3898,60.4043,60.3898,60.3995,2521
2026-08-01 14:52:00,60.4043,60.414,60.4043,60.414,3715
2026-08-01 14:53:00,60.4092,60.4135,60.4043,60.4135,4090
2026-08-01 14:54:00,60.414,60.4237,60.414,60.4188,2211
2026-08-01 14:55:00,60.4188,60.4527,60.4147,60.4479,8822
2026-08-01 14:56:00,60.4721,60.4866,60.4672,60.4866,5901
2026-08-01 14:57:00,60.4866,60.4914,60.4866,60.4866,6118
2026-08-01 14:58:00,60.4866,60.4963,60.4866,60.4963,4937
2026-08-01 14:59:00,60.4963,60.4987,60.4963,60.4963,964
2026-08-01 15:00:00,60.4963,60.5205,60.4866,60.5205,9843
2026-08-01 15:01:00,60.5156,60.5156,60.506,60.5156,2778
2026-08-01 15:02:00,60.5156,60.5203,60.5108,60.5156,2493
2026-08-01 15:03:00,60.5108,60.5205,60.506,60.506,3849
2026-08-01 15:04:00,60.506,60.506,60.4866,60.4866,1735
2026-08-01 15:05:00,60.4866,60.4866,60.4769,60.4818,2315
2026-08-01 15:06:00,60.4769,60.4866,60.4769,60.4866,6444
2026-08-01 15:07:00,60.4818,60.4866,60.4818,60.4866,2243
2026-08-01 15:08:00,60.4866,60.4866,60.4866,60.4866,760
2026-08-01 15:09:00,60.4837,60.4866,60.4837,60.4866,702
2026-08-01 15:10:00,60.4866,60.4866,60.4769,60.4769,6754
2026-08-01 15:11:00,60.4818,60.4914,60.475,60.4866,5310
2026-08-01 15:12:00,60.4866,60.4866,60.4818,60.4818,3432
2026-08-01 15:13:00,60.476,60.4818,60.476,60.4818,1655
2026-08-01 15:14:00,60.4769,60.4818,60.4721,60.4769,6088
2026-08-01 15:15:00,60.4769,60.491,60.4732,60.4866,8373
2026-08-01 15:16:00,60.4866,60.4866,60.4721,60.4769,5492
2026-08-01 15:17:00,60.4721,60.4769,60.4527,60.4624,5142
2026-08-01 15:18:00,60.4672,60.4818,60.4672,60.4818,3599
2026-08-01 15:19:00,60.4866,60.4914,60.4818,60.4866,9450
2026-08-01 15:20:00,60.4866,60.4914,60.4818,60.4866,3243
2026-08-01 15:21:00,60.4866,60.4866,60.4769,60.4769,5857
2026-08-01 15:22:00,60.4769,60.4771,60.4769,60.4769,2651
2026-08-01 15:23:00,60.4769,60.5108,60.4769,60.506,366595
2026-08-01 15:24:00,60.506,60.506,60.4866,60.4963,7224
2026-08-01 15:25:00,60.4963,60.5011,60.4818,60.4818,5474
2026-08-01 15:26:00,60.4866,60.4866,60.4624,60.4672,16180
2026-08-01 15:27:00,60.4672,60.4721,60.4672,60.4672,2863
2026-08-01 15:28:00,60.4672,60.4672,60.4479,60.4576,9287
2026-08-01 15:29:00,60.4576,60.4769,60.4576,60.4769,5076
2026-08-01 15:30:00,60.4769,60.4769,60.4527,60.4624,14096
2026-08-01 15:31:00,60.4672,60.4866,60.4624,60.4866,7777
2026-08-01 15:32:00,60.4866,60.506,60.4866,60.506,17335
2026-08-01 15:33:00,60.506,60.535,60.4914,60.535,9186
2026-08-01 15:34:00,60.535,60.535,60.5011,60.5012,5413
2026-08-01 15:35:00,60.506,60.5156,60.5011,60.506,12243
2026-08-01 15:36:00,60.506,60.5156,60.4963,60.4963,4179
2026-08-01 15:37:00,60.4914,60.4914,60.4769,60.4818,6608
2026-08-01 15:38:00,60.4721,60.506,60.4721,60.506,66178
2026-08-01 15:39:00,60.5011,60.506,60.5011,60.506,3033
2026-08-01 15:40:00,60.506,60.506,60.4551,60.4576,7169
2026-08-01 15:41:00,60.4624,60.4769,60.4624,60.4769,6436
2026-08-01 15:42:00,60.4818,60.5156,60.4818,60.5156,9538
2026-08-01 15:43:00,60.5156,60.5205,60.4963,60.5205,8185
2026-08-01 15:44:00,60.5205,60.5302,60.5205,60.5205,4336
2026-08-01 15:45:00,60.5302,60.5641,60.5302,60.5641,8982
2026-08-01 15:46:00,60.5689,60.5737,60.5689,60.5737,1853
2026-08-01 15:47:00,60.5689,60.5786,60.5689,60.5737,4597
2026-08-01 15:48:00,60.5737,60.5883,60.5641,60.5641,26239
2026-08-01 15:49:00,60.5641,60.5689,60.5205,60.5302,16448
2026-08-01 15:50:00,60.535,60.5883,60.535,60.5495,25155
2026-08-01 15:51:00,60.5398,60.5786,60.5398,60.5689,80365
2026-08-01 15:52:00,60.5689,60.5737,60.4963,60.5253,41390
2026-08-01 15:53:00,60.5253,60.5592,60.5253,60.5544,32522
2026-08-01 15:54:00,60.535,60.5495,60.5253,60.5447,19377
2026-08-01 15:55:00,60.5495,60.6367,60.5447,60.6367,21829
2026-08-01 15:56:00,60.6415,60.6463,60.6076,60.6125,76449
2026-08-01 15:57:00,60.6125,60.6125,60.5834,60.5979,39620
2026-08-01 15:58:00,60.5931,60.6028,60.5592,60.5641,52204
2026-08-01 15:59:00,60.5641,60.5689,60.5108,60.5108,143179
2026-08-04 09:30:00,58.72,58.8652,58.6619,58.8652,126696
2026-08-04 09:31:00,58.8652,58.8845,58.7877,58.8361,34088
2026-08-04 09:32:00,58.8341,58.8749,58.8071,58.8458,14214
2026-08-04 09:33:00,58.8555,58.8845,58.8265,58.8652,16130
2026-08-04 09:34:00,58.8603,58.8603,58.8023,58.8555,10282
2026-08-04 09:35:00,58.8555,58.9039,58.7781,58.7781,24267
2026-08-04 09:36:00,58.7684,58.7684,58.6522,58.6522,22155
2026-08-04 09:37:00,58.6522,58.6667,58.6038,58.6425,17521
2026-08-04 09:38:00,58.6425,58.6716,58.6135,58.6667,13518
2026-08-04 09:39:00,58.6716,58.6716,58.5845,58.6522,17011
2026-08-04 09:40:00,58.6425,58.7103,58.5748,58.5845,19535
2026-08-04 09:41:00,58.6038,58.7103,58.6038,58.7006,18532
2026-08-04 09:42:00,58.6813,58.6909,58.6522,58.6813,18205
2026-08-04 09:43:00,58.6667,58.7297,58.6619,58.6619,5512
2026-08-04 09:44:00,58.6135,58.6135,58.5651,58.5941,10585
2026-08-04 09:45:00,58.5941,58.6909,58.5845,58.6909,21039
2026-08-04 09:46:00,58.6716,58.6813,58.6474,58.6522,12237
2026-08-04 09:47:00,58.6425,58.6522,58.6038,58.628,13467
2026-08-04 09:48:00,58.628,58.6425,58.6038,58.6425,5522
2026-08-04 09:49:00,58.6716,58.7297,58.628,58.6329,30466
2026-08-04 09:50:00,58.6059,58.7297,58.6059,58.7103,18605
2026-08-04 09:51:00,58.7055,58.7297,58.6909,58.7297,6408
2026-08-04 09:52:00,58.7151,58.7393,58.7006,58.7103,14432
2026-08-04 09:53:00,58.7103,58.7587,58.6909,58.7587,12808
2026-08-04 09:54:00,58.7684,58.8168,58.7092,58.7781,107291
2026-08-04 09:55:00,58.7877,58.7877,58.72,58.72,3870
2026-08-04 09:56:00,58.7103,58.7151,58.6813,58.6909,6412
2026-08-04 09:57:00,58.6958,58.6958,58.6038,58.6716,20590
2026-08-04 09:58:00,58.6619,58.6909,58.6425,58.6619,7301
2026-08-04 09:59:00,58.6716,58.6716,58.6038,58.6038,7125
2026-08-04 10:00:00,58.5845,58.7103,58.5845,58.6861,9250
2026-08-04 10:01:00,58.6716,58.7103,58.6619,58.6909,3388
2026-08-04 10:02:00,58.7103,58.7297,58.628,58.628,15814
2026-08-04 10:03:00,58.6135,58.6135,58.5845,58.6135,13013
2026-08-04 10:04:00,58.6087,58.6087,58.5457,58.5748,10677
2026-08-04 10:05:00,58.5699,58.5699,58.4489,58.4489,15057
2026-08-04 10:06:00,58.4683,58.5361,58.4489,58.5361,7179
2026-08-04 10:07:00,58.5264,58.6522,58.5264,58.628,9849
2026-08-04 10:08:00,58.628,58.6619,58.5941,58.6619,11957
2026-08-04 10:09:00,58.6571,58.6619,58.6038,58.6135,14992
2026-08-04 10:10:00,58.6038,58.6038,58.4712,58.4712,15186
2026-08-04 10:11:00,58.4731,58.4877,58.4489,58.4731,14207
2026-08-04 10:12:00,58.4586,58.5554,58.4247,58.5554,17818
2026-08-04 10:13:00,58.5651,58.6135,58.5651,58.5893,5721
2026-08-04 10:14:00,58.5845,58.5941,58.5312,58.5361,11440
2026-08-04 10:15:00,58.5264,58.5361,58.4877,58.5361,21292
2026-08-04 10:16:00,58.5264,58.5748,58.5215,58.5748,13228
2026-08-04 10:17:00,58.5845,58.6813,58.5845,58.6813,12072
2026-08-04 10:18:00,58.6764,58.7103,58.6764,58.6909,11057
2026-08-04 10:19:00,58.6909,58.7297,58.6909,58.6909,5201
2026-08-04 10:20:00,58.6813,58.7006,58.6813,58.6813,8491
2026-08-04 10:21:00,58.6813,58.7151,58.6716,58.6813,6295
2026-08-04 10:22:00,58.7103,58.7587,58.6909,58.6909,10348
2026-08-04 10:23:00,58.6716,58.6793,58.599,58.6232,6501
2026-08-04 10:24:00,58.6232,58.6232,58.5941,58.6135,7235
2026-08-04 10:25:00,58.6038,58.6183,58.5119,58.5264,14078
2026-08-04 10:26:00,58.5264,58.5312,58.4973,58.5264,7489
2026-08-04 10:27:00,58.5264,58.5264,58.4489,58.4489,8143
2026-08-04 10:28:00,58.4586,58.4586,58.4102,58.4393,11033
2026-08-04 10:29:00,58.4489,58.5146,58.4393,58.4393,10516
2026-08-04 10:30:00,58.4393,58.5215,58.4393,58.5119,5906
2026-08-04 10:31:00,58.5152,58.5651,58.5152,58.5651,6265
2026-08-04 10:32:00,58.5651,58.5893,58.5361,58.5361,7312
2026-08-04 10:33:00,58.5361,58.5941,58.5361,58.5941,8540
2026-08-04 10:34:00,58.5748,58.6135,58.5748,58.599,7744
2026-08-04 10:35:00,58.5941,58.599,58.4973,58.4973,9121
2026-08-04 10:36:00,58.4877,58.4877,58.4102,58.42,10239
2026-08-04 10:37:00,58.4151,58.4393,58.4102,58.4393,3486
2026-08-04 10:38:00,58.4489,58.4586,58.4296,58.4296,9422
2026-08-04 10:39:00,58.4296,58.4877,58.4296,58.4877,3892
2026-08-04 10:40:00,58.4877,58.4877,58.4005,58.4005,5749
2026-08-04 10:41:00,58.4199,58.4973,58.4199,58.4877,11642
2026-08-04 10:42:00,58.4828,58.4828,58.4054,58.4199,6895
2026-08-04 10:43:00,58.4296,58.478,58.4296,58.4683,4876
2026-08-04 10:44:00,58.4489,58.478,58.4489,58.4586,6647
2026-08-04 10:45:00,58.4683,58.4877,58.4683,58.478,5321
2026-08-04 10:46:00,58.4683,58.4973,58.4683,58.478,6179
2026-08-04 10:47:00,58.4973,58.5264,58.4973,58.5119,4592
2026-08-04 10:48:00,58.5167,58.5361,58.507,58.5264,6188
2026-08-04 10:49:00,58.5215,58.5361,58.4973,58.4973,3801
2026-08-04 10:50:00,58.507,58.5554,58.507,58.5457,7834
2026-08-04 10:51:00,58.5457,58.5651,58.5457,58.5457,4630
2026-08-04 10:52:00,58.5457,58.5845,58.5457,58.5566,4856
2026-08-04 10:53:00,58.5748,58.6425,58.5748,58.6425,7053
2026-08-04 10:54:00,58.6329,58.6522,58.5748,58.5845,10915
2026-08-04 10:55:00,58.5845,58.5941,58.5603,58.5941,4512
2026-08-04 10:56:00,58.5941,58.6038,58.5514,58.5651,4744
2026-08-04 10:57:00,58.5651,58.5845,58.5167,58.5167,11697
2026-08-04 10:58:00,58.5215,58.5215,58.4586,58.4586,12526
2026-08-04 10:59:00,58.4635,58.507,58.4538,58.4683,140797
2026-08-04 11:00:00,58.4489,58.4489,58.386,58.386,4963
2026-08-04 11:01:00,58.4005,58.4393,58.4005,58.4393,4920
2026-08-04 11:02:00,58.4296,58.4489,58.4102,58.4296,5380
2026-08-04 11:03:00,58.4247,58.4586,58.4247,58.4489,4785
2026-08-04 11:04:00,58.4296,58.4586,58.4247,58.4393,7067
2026-08-04 11:05:00,58.4296,58.4731,58.4296,58.4635,7350
2026-08-04 11:06:00,58.4731,58.4973,58.4635,58.4828,7414
2026-08-04 11:07:00,58.4683,58.5167,58.4635,58.5167,5706
2026-08-04 11:08:00,58.5167,58.5554,58.5167,58.5361,10102
2026-08-04 11:09:00,58.5361,58.5748,58.5119,58.5748,6201
2026-08-04 11:10:00,58.5651,58.6232,58.5361,58.6232,12089
2026-08-04 11:11:00,58.6232,58.6909,58.6135,58.6861,8390
2026-08-04 11:12:00,58.6813,58.6909,58.6619,58.6716,9882
2026-08-04 11:13:00,58.6716,58.6716,58.6329,58.6377,7984
2026-08-04 11:14:00,58.6329,58.6425,58.628,58.628,7200
2026-08-04 11:15:00,58.6329,58.6377,58.5893,58.599,8898
2026-08-04 11:16:00,58.5941,58.5941,58.5457,58.5503,12508
2026-08-04 11:17:00,58.5506,58.5506,58.5264,58.5457,5677
2026-08-04 11:18:00,58.5409,58.5554,58.5312,58.5554,7604
2026-08-04 11:19:00,58.5603,58.5603,58.507,58.507,5364
2026-08-04 11:20:00,58.4973,58.507,58.4586,58.507,8319
2026-08-04 11:21:00,58.5167,58.5361,58.4973,58.4973,4141
2026-08-04 11:22:00,58.478,58.4877,58.4683,58.4877,6284
2026-08-04 11:23:00,58.4973,58.507,58.4538,58.4683,7360
2026-08-04 11:24:00,58.4586,58.478,58.4296,58.4489,7673
2026-08-04 11:25:00,58.4489,58.4683,58.4489,58.4683,7150
2026-08-04 11:26:00,58.4683,58.4877,58.4538,58.478,6580
2026-08-04 11:27:00,58.478,58.478,58.4441,58.4586,6967
2026-08-04 11:28:00,58.4683,58.4877,58.4683,58.4877,2264
2026-08-04 11:29:00,58.4925,58.4925,58.4635,58.4828,12581
2026-08-04 11:30:00,58.478,58.478,58.4489,58.4731,8181
2026-08-04 11:31:00,58.478,58.4973,58.4489,58.4635,15278
2026-08-04 11:32:00,58.4635,58.4683,58.4494,58.4635,10119
2026-08-04 11:33:00,58.4586,58.4973,58.4586,58.4896,8445
2026-08-04 11:34:00,58.4925,58.6232,58.4925,58.6135,72277
2026-08-04 11:35:00,58.6135,58.6425,58.5893,58.6232,31803
2026-08-04 11:36:00,58.6329,58.6716,58.6329,58.6474,10189
2026-08-04 11:37:00,58.6474,58.6909,58.6329,58.6909,3041
2026-08-04 11:38:00,58.6861,58.72,58.6861,58.72,3830
2026-08-04 11:39:00,58.7248,58.7684,58.6909,58.7587,5448
2026-08-04 11:40:00,58.7297,58.7297,58.6716,58.6716,3963
2026-08-04 11:41:00,58.6571,58.6667,58.6377,58.6377,4883
2026-08-04 11:42:00,58.6425,58.6667,58.6377,58.6474,6857
2026-08-04 11:43:00,58.6474,58.6813,58.6474,58.6764,3464
2026-08-04 11:44:00,58.6764,58.6909,58.6571,58.6571,3448
2026-08-04 11:45:00,58.6425,58.6425,58.6232,58.628,2103
2026-08-04 11:46:00,58.6377,58.6377,58.6135,58.6183,4424
2026-08-04 11:47:00,58.6183,58.628,58.6135,58.6183,6651
2026-08-04 11:48:00,58.6087,58.6087,58.6038,58.6038,963
2026-08-04 11:49:00,58.6087,58.6183,58.5893,58.6087,3511
2026-08-04 11:50:00,58.6087,58.6232,58.6087,58.6135,3182
2026-08-04 11:51:00,58.6038,58.6038,58.6038,58.6038,1457
2026-08-04 11:52:00,58.599,58.6425,58.599,58.6377,6816
2026-08-04 11:53:00,58.6425,58.6619,58.6377,58.6522,3804
2026-08-04 11:54:00,58.6619,58.6716,58.6571,58.6667,1931
2026-08-04 11:55:00,58.6667,58.6667,58.6522,58.6522,2876
2026-08-04 11:56:00,58.6493,58.6861,58.6493,58.6764,3315
2026-08-04 11:57:00,58.6813,58.6909,58.6764,58.6861,4471
2026-08-04 11:58:00,58.6764,58.6764,58.6522,58.6667,3155
2026-08-04 11:59:00,58.6764,58.6813,58.6474,58.6474,1164
2026-08-04 12:00:00,58.6474,58.6474,58.6377,58.6425,963
2026-08-04 12:01:00,58.6377,58.6377,58.5941,58.6062,4604
2026-08-04 12:02:00,58.5845,58.599,58.5845,58.5941,3482
2026-08-04 12:03:00,58.5941,58.628,58.5941,58.6232,2833
2026-08-04 12:04:00,58.6183,58.6329,58.6135,58.6329,3122
2026-08-04 12:05:00,58.628,58.628,58.628,58.628,703
2026-08-04 12:06:00,58.6377,58.6619,58.6377,58.6619,1745
2026-08-04 12:07:00,58.6716,58.6716,58.6619,58.6667,1936
2026-08-04 12:08:00,58.6667,58.6909,58.6667,58.6909,1763
2026-08-04 12:09:00,58.7006,58.7458,58.7006,58.7442,3335
2026-08-04 12:10:00,58.7442,58.7442,58.72,58.7248,3025
2026-08-04 12:11:00,58.7297,58.7393,58.7297,58.7297,1306
2026-08-04 12:12:00,58.7225,58.7297,58.7103,58.72,10664
2026-08-04 12:13:00,58.7297,58.7297,58.7006,58.72,4871
2026-08-04 12:14:00,58.7248,58.7248,58.7055,58.7248,5999
2026-08-04 12:15:00,58.7248,58.7393,58.72,58.7393,2327
2026-08-04 12:16:00,58.749,58.749,58.7201,58.7201,1817
2026-08-04 12:17:00,58.72,58.7297,58.7151,58.72,5946
2026-08-04 12:18:00,58.7006,58.7006,58.6619,58.6619,5896
2026-08-04 12:19:00,58.6522,58.6764,58.6474,58.6764,12091
2026-08-04 12:20:00,58.6716,58.6958,58.6716,58.6909,1900
2026-08-04 12:21:00,58.7006,58.72,58.7006,58.72,3741
2026-08-04 12:22:00,58.7103,58.7539,58.7103,58.7539,3439
2026-08-04 12:23:00,58.7539,58.7684,58.7345,58.7345,1944
2026-08-04 12:24:00,58.7442,58.7442,58.7103,58.7103,5261
2026-08-04 12:25:00,58.7103,58.7151,58.6909,58.6909,3663
2026-08-04 12:26:00,58.7006,58.7006,58.6958,58.7006,2121
2026-08-04 12:27:00,58.7103,58.72,58.7006,58.7006,2868
2026-08-04 12:28:00,58.6958,58.6958,58.6813,58.6958,5941
2026-08-04 12:29:00,58.7006,58.7248,58.7006,58.7151,2686
2026-08-04 12:30:00,58.72,58.72,58.6748,58.6748,3173
2026-08-04 12:31:00,58.6716,58.6958,58.6425,58.6958,3619
2026-08-04 12:32:00,58.6958,58.6958,58.6667,58.6774,4025
2026-08-04 12:33:00,58.6813,58.6813,58.6619,58.6716,3182
2026-08-04 12:34:00,58.6716,58.6716,58.6619,58.6667,950
2026-08-04 12:35:00,58.6667,58.6861,58.6667,58.6861,1260
2026-08-04 12:36:00,58.6819,58.6819,58.6522,58.6619,2376
2026-08-04 12:37:00,58.6522,58.6958,58.6425,58.6958,4346
2026-08-04 12:38:00,58.6909,58.6909,58.6909,58.6909,746
2026-08-04 12:39:00,58.6716,58.6716,58.6522,58.6667,2367
2026-08-04 12:40:00,58.6813,58.72,58.6813,58.7006,2867
2026-08-04 12:41:00,58.7006,58.7006,58.6764,58.6764,3485
2026-08-04 12:42:00,58.6813,58.6861,58.6619,58.6619,2861
2026-08-04 12:43:00,58.6522,58.6522,58.6329,58.6329,1634
2026-08-04 12:44:00,58.6232,58.6232,58.5893,58.6087,3820
2026-08-04 12:45:00,58.6038,58.6038,58.5748,58.5845,1965
2026-08-04 12:46:00,58.5748,58.5748,58.5361,58.5361,907
2026-08-04 12:47:00,58.5409,58.5409,58.507,58.5264,2183
2026-08-04 12:48:00,58.5361,58.5941,58.5361,58.5748,2568
2026-08-04 12:49:00,58.5651,58.5651,58.5457,58.5457,805
2026-08-04 12:50:00,58.5651,58.5748,58.5409,58.5651,7529
2026-08-04 12:51:00,58.5603,58.5603,58.5312,58.5361,1578
2026-08-04 12:52:00,58.5312,58.5312,58.5167,58.5215,2100
2026-08-04 12:53:00,58.5167,58.5312,58.5167,58.5312,1212
2026-08-04 12:54:00,58.5361,58.5409,58.5264,58.5264,1604
2026-08-04 12:55:00,58.5264,58.5361,58.5167,58.5361,1304
2026-08-04 12:56:00,58.5409,58.5457,58.5264,58.5361,1937
2026-08-04 12:57:00,58.5312,58.5361,58.5215,58.5264,3272
2026-08-04 12:58:00,58.5215,58.5264,58.5119,58.5119,2250
2026-08-04 12:59:00,58.5215,58.5215,58.5022,58.5022,2184
2026-08-04 13:00:00,58.4877,58.4925,58.478,58.4828,3905
2026-08-04 13:01:00,58.478,58.478,58.4683,58.4683,1500
2026-08-04 13:02:00,58.4683,58.4683,58.4199,58.4393,3404
2026-08-04 13:03:00,58.4393,58.4489,58.4334,58.4393,1822
2026-08-04 13:04:00,58.4296,58.4393,58.4296,58.4393,822
2026-08-04 13:05:00,58.4441,58.4489,58.4393,58.4489,1082
2026-08-04 13:06:00,58.4489,58.4489,58.4393,58.4489,2353
2026-08-04 13:07:00,58.4393,58.478,58.4393,58.478,1763
2026-08-04 13:08:00,58.507,58.5167,58.4973,58.4973,5072
2026-08-04 13:09:00,58.4973,58.507,58.4877,58.5022,7788
2026-08-04 13:10:00,58.507,58.5167,58.4683,58.478,2757
2026-08-04 13:11:00,58.478,58.5167,58.478,58.5167,5037
2026-08-04 13:12:00,58.5167,58.5312,58.5167,58.5167,1652
2026-08-04 13:13:00,58.5312,58.5409,58.5264,58.5361,2006
2026-08-04 13:14:00,58.5361,58.5409,58.5361,58.5361,1027
2026-08-04 13:15:00,58.5264,58.5457,58.5264,58.5312,1543
2026-08-04 13:16:00,58.5264,58.5361,58.5167,58.5361,5399
2026-08-04 13:17:00,58.5457,58.5651,58.5361,58.5457,1635
2026-08-04 13:18:00,58.5554,58.5651,58.5554,58.5651,850
2026-08-04 13:19:00,58.5651,58.5651,58.5409,58.5409,4042
2026-08-04 13:20:00,58.5409,58.5506,58.5409,58.5506,1297
2026-08-04 13:21:00,58.5457,58.5457,58.5361,58.5409,1517
2026-08-04 13:22:00,58.5457,58.5603,58.5457,58.5554,2736
2026-08-04 13:23:00,58.5603,58.5845,58.5603,58.5845,563
2026-08-04 13:24:00,58.5796,58.5798,58.5748,58.5796,1466
2026-08-04 13:25:00,58.5845,58.5845,58.5748,58.5845,1998
2026-08-04 13:26:00,58.5941,58.5941,58.5941,58.5941,443
2026-08-04 13:27:00,58.5893,58.599,58.5748,58.599,8418
2026-08-04 13:28:00,58.599,58.6038,58.5941,58.599,4387
2026-08-04 13:29:00,58.599,58.6038,58.5893,58.5893,2664
2026-08-04 13:30:00,58.5845,58.5845,58.5651,58.5748,5463
2026-08-04 13:31:00,58.5651,58.5651,58.5264,58.5264,2232
2026-08-04 13:32:00,58.5312,58.5312,58.507,58.5167,1021
2026-08-04 13:33:00,58.5119,58.5361,58.5119,58.5361,1411
2026-08-04 13:34:00,58.5361,58.5603,58.5361,58.5457,1453
2026-08-04 13:35:00,58.5457,58.5628,58.5409,58.5409,3338
2026-08-04 13:36:00,58.5361,58.5361,58.4973,58.4973,3547
2026-08-04 13:37:00,58.5022,58.507,58.4984,58.5022,1831
2026-08-04 13:38:00,58.507,58.5167,58.507,58.5167,2307
2026-08-04 13:39:00,58.5167,58.5167,58.4925,58.4925,7240
2026-08-04 13:40:00,58.4973,58.5022,58.4731,58.4731,1573
2026-08-04 13:41:00,58.478,58.4828,58.4683,58.4683,6178
2026-08-04 13:42:00,58.4731,58.4877,58.4731,58.4828,1643
2026-08-04 13:43:00,58.4828,58.4828,58.4586,58.4586,4784
2026-08-04 13:44:00,58.4635,58.4635,58.4635,58.4635,480
2026-08-04 13:45:00,58.4635,58.4635,58.4393,58.4441,7072
2026-08-04 13:46:00,58.4393,58.4393,58.4151,58.4151,1013
2026-08-04 13:47:00,58.4199,58.4199,58.4054,58.4054,2693
2026-08-04 13:48:00,58.4102,58.4102,58.4005,58.4102,730
2026-08-04 13:49:00,58.4102,58.4199,58.4102,58.4151,1292
2026-08-04 13:50:00,58.4151,58.4199,58.3715,58.3715,2412
2026-08-04 13:51:00,58.3812,58.386,58.3715,58.3715,1589
2026-08-04 13:52:00,58.3715,58.4102,58.3715,58.4005,2118
2026-08-04 13:53:00,58.3908,58.3908,58.3908,58.3908,930
2026-08-04 13:54:00,58.4005,58.4005,58.3908,58.3957,1623
2026-08-04 13:55:00,58.4005,58.4054,58.3812,58.3812,5343
2026-08-04 13:56:00,58.3666,58.3715,58.3618,58.3715,722
2026-08-04 13:57:00,58.3618,58.3715,58.357,58.3666,2881
2026-08-04 13:58:00,58.357,58.3715,58.357,58.3715,1197
2026-08-04 13:59:00,58.3812,58.4005,58.3812,58.386,1990
2026-08-04 14:00:00,58.386,58.3908,58.3712,58.3715,4897
2026-08-04 14:01:00,58.3715,58.3812,58.3618,58.3715,4845
2026-08-04 14:02:00,58.3618,58.3715,58.3521,58.3715,2162
2026-08-04 14:03:00,58.3715,58.386,58.3666,58.3666,1367
2026-08-04 14:04:00,58.3715,58.3715,58.3666,58.3666,1729
2026-08-04 14:05:00,58.3763,58.3812,58.3715,58.3715,2324
2026-08-04 14:06:00,58.3666,58.4005,58.3666,58.4005,1733
2026-08-04 14:07:00,58.3908,58.3908,58.386,58.386,1548
2026-08-04 14:08:00,58.3908,58.4176,58.3908,58.4176,2662
2026-08-04 14:09:00,58.4199,58.4489,58.4199,58.4441,19359
2026-08-04 14:10:00,58.4538,58.4586,58.4489,58.4586,2367
2026-08-04 14:11:00,58.4683,58.4683,58.4635,58.4635,2402
2026-08-04 14:12:00,58.478,58.4925,58.478,58.4925,1249
2026-08-04 14:13:00,58.4877,58.4925,58.4731,58.4731,2662
2026-08-04 14:14:00,58.478,58.4877,58.478,58.4877,1901
2026-08-04 14:15:00,58.4877,58.4877,58.4684,58.4731,3322
2026-08-04 14:16:00,58.478,58.4925,58.478,58.4925,2036
2026-08-04 14:17:00,58.4925,58.507,58.4925,58.5022,1412
2026-08-04 14:18:00,58.4973,58.507,58.4973,58.507,1841
2026-08-04 14:19:00,58.507,58.507,58.4974,58.5022,2881
2026-08-04 14:20:00,58.5022,58.5119,58.5022,58.5119,1589
2026-08-04 14:21:00,58.5167,58.5167,58.4925,58.4925,2680
2026-08-04 14:22:00,58.4886,58.5022,58.4879,58.4973,3758
2026-08-04 14:23:00,58.4973,58.5167,58.4973,58.507,1966
2026-08-04 14:24:00,58.5167,58.5215,58.4973,58.4973,2973
2026-08-04 14:25:00,58.4973,58.5022,58.4973,58.5022,1862
2026-08-04 14:26:00,58.507,58.507,58.4877,58.4877,3027
2026-08-04 14:27:00,58.4877,58.4973,58.478,58.478,5085
2026-08-04 14:28:00,58.4731,58.4973,58.4731,58.4973,2366
2026-08-04 14:29:00,58.5022,58.5022,58.4828,58.4828,4408
2026-08-04 14:30:00,58.4731,58.4877,58.4731,58.478,2345
2026-08-04 14:31:00,58.478,58.478,58.4627,58.4684,4189
2026-08-04 14:32:00,58.4741,58.478,58.4586,58.4683,1552
2026-08-04 14:33:00,58.4586,58.4586,58.4393,58.4393,2804
2026-08-04 14:34:00,58.4393,58.4393,58.4199,58.4247,2630
2026-08-04 14:35:00,58.4247,58.4344,58.4247,58.4344,2467
2026-08-04 14:36:00,58.4344,58.4538,58.4344,58.4538,1255
2026-08-04 14:37:00,58.4586,58.4635,58.4586,58.4635,720
2026-08-04 14:38:00,58.4586,58.4586,58.4489,58.4586,3838
2026-08-04 14:39:00,58.4586,58.4586,58.4538,58.4586,2925
2026-08-04 14:40:00,58.4489,58.4538,58.4441,58.4538,2205
2026-08-04 14:41:00,58.4489,58.4877,58.4489,58.478,5770
2026-08-04 14:42:00,58.478,58.4973,58.478,58.4925,3523
2026-08-04 14:43:00,58.4877,58.4973,58.4828,58.4973,2041
2026-08-04 14:44:00,58.4973,58.507,58.4925,58.5022,5087
2026-08-04 14:45:00,58.5167,58.5312,58.5119,58.5167,3064
2026-08-04 14:46:00,58.5312,58.5506,58.5312,58.5506,1726
2026-08-04 14:47:00,58.5554,58.5651,58.5506,58.5554,12676
2026-08-04 14:48:00,58.5554,58.5796,58.5554,58.5699,14022
2026-08-04 14:49:00,58.5748,58.6813,58.5748,58.6522,34238
2026-08-04 14:50:00,58.6522,58.6619,58.6522,58.6571,2687
2026-08-04 14:51:00,58.6619,58.6667,58.6522,58.6522,5104
2026-08-04 14:52:00,58.6329,58.6474,58.6135,58.628,3000
2026-08-04 14:53:00,58.628,58.6474,58.628,58.6466,2784
2026-08-04 14:54:00,58.6474,58.6474,58.6329,58.6329,3396
2026-08-04 14:55:00,58.6329,58.6329,58.6087,58.6087,4633
2026-08-04 14:56:00,58.6038,58.6038,58.5845,58.5845,1835
2026-08-04 14:57:00,58.5845,58.5893,58.5699,58.5845,9965
2026-08-04 14:58:00,58.5893,58.5893,58.5651,58.5748,2318
2026-08-04 14:59:00,58.5845,58.5845,58.5651,58.5748,4200
2026-08-04 15:00:00,58.5796,58.5796,58.5651,58.5651,3332
2026-08-04 15:01:00,58.5603,58.5651,58.5513,58.5603,5937
2026-08-04 15:02:00,58.5651,58.6135,58.5651,58.6087,8093
2026-08-04 15:03:00,58.5941,58.5941,58.5748,58.5845,3351
2026-08-04 15:04:00,58.5845,58.5845,58.5652,58.5748,2881
2026-08-04 15:05:00,58.5699,58.5845,58.5573,58.5573,5319
2026-08-04 15:06:00,58.5651,58.5748,58.5651,58.5748,2082
2026-08-04 15:07:00,58.5748,58.5893,58.5748,58.5796,4004
2026-08-04 15:08:00,58.5796,58.5796,58.5651,58.5699,31078
2026-08-04 15:09:00,58.5699,58.5845,58.5699,58.5699,12073
2026-08-04 15:10:00,58.5651,58.5699,58.5554,58.5603,10713
2026-08-04 15:11:00,58.5603,58.5796,58.5554,58.5796,7187
2026-08-04 15:12:00,58.5796,58.5893,58.5554,58.5796,29400
2026-08-04 15:13:00,58.5835,58.5893,58.5699,58.5699,7429
2026-08-04 15:14:00,58.5748,58.5748,58.5699,58.5699,8307
2026-08-04 15:15:00,58.5699,58.6377,58.5699,58.6377,11737
2026-08-04 15:16:00,58.6377,58.6474,58.6329,58.6377,5419
2026-08-04 15:17:00,58.6345,58.6377,58.628,58.6377,4246
2026-08-04 15:18:00,58.6377,58.6377,58.6329,58.6377,3319
2026-08-04 15:19:00,58.6377,58.6667,58.6377,58.6474,6925
2026-08-04 15:20:00,58.6425,58.658,58.6377,58.6571,7177
2026-08-04 15:21:00,58.6571,58.6619,58.6522,58.6571,3675
2026-08-04 15:22:00,58.6571,58.6716,58.6571,58.6667,2948
2026-08-04 15:23:00,58.6667,58.6667,58.6571,58.6667,8176
2026-08-04 15:24:00,58.6629,58.6667,58.6425,58.6474,5690
2026-08-04 15:25:00,58.6474,58.6474,58.6135,58.6183,5196
2026-08-04 15:26:00,58.6136,58.6232,58.599,58.599,108969
2026-08-04 15:27:00,58.599,58.599,58.5603,58.5603,112645
2026-08-04 15:28:00,58.5554,58.5941,58.5554,58.5941,9157
2026-08-04 15:29:00,58.5941,58.6038,58.5651,58.5941,18354
2026-08-04 15:30:00,58.5941,58.6028,58.5603,58.5845,21648
2026-08-04 15:31:00,58.5941,58.6715,58.5941,58.6706,36375
2026-08-04 15:32:00,58.6716,58.6716,58.6377,58.6716,20278
2026-08-04 15:33:00,58.6813,58.6958,58.6803,58.6909,8789
2026-08-04 15:34:00,58.6909,58.7393,58.6909,58.7297,16988
2026-08-04 15:35:00,58.7297,58.7442,58.7297,58.7442,3136
2026-08-04 15:36:00,58.7442,58.7684,58.7442,58.7587,8627
2026-08-04 15:37:00,58.7587,58.7771,58.7539,58.7732,11678
2026-08-04 15:38:00,58.7635,58.7684,58.6909,58.72,18162
2026-08-04 15:39:00,58.7151,58.72,58.7151,58.7151,1862
2026-08-04 15:40:00,58.7151,58.7287,58.6861,58.6861,10241
2026-08-04 15:41:00,58.6861,58.6909,58.6667,58.6861,7868
2026-08-04 15:42:00,58.6861,58.6996,58.6764,58.6764,9427
2026-08-04 15:43:00,58.6813,58.6813,58.6619,58.6619,7058
2026-08-04 15:44:00,58.6667,58.6958,58.6571,58.6716,15060
2026-08-04 15:45:00,58.6716,58.7248,58.6716,58.7103,32658
2026-08-04 15:46:00,58.7103,58.7287,58.7103,58.7103,21248
2026-08-04 15:47:00,58.7151,58.7248,58.6909,58.7055,39289
2026-08-04 15:48:00,58.7055,58.7587,58.703,58.7442,23829
2026-08-04 15:49:00,58.7442,58.7587,58.7297,58.749,15319
2026-08-04 15:50:00,58.749,58.7781,58.7248,58.7781,37167
2026-08-04 15:51:00,58.7877,58.8023,58.7539,58.7539,27760
2026-08-04 15:52:00,58.749,58.749,58.72,58.7248,8519
2026-08-04 15:53:00,58.72,58.7297,58.7055,58.7248,18995
2026-08-04 15:54:00,58.7248,58.7684,58.7248,58.7539,27067
2026-08-04 15:55:00,58.7587,58.7674,58.7393,58.7539,18539
2026-08-04 15:56:00,58.7539,58.7684,58.7442,58.7442,21585
2026-08-04 15:57:00,58.749,58.7684,58.7393,58.7635,38383
2026-08-04 15:58:00,58.7635,58.7781,58.7287,58.7393,66432
2026-08-04 15:59:00,58.7297,58.7877,58.7297,58.7829,87419
2026-08-05 09:30:00,58.2263,58.2844,58.1972,58.265,42729
2026-08-05 09:31:00,58.2505,58.3618,58.236,58.3618,15085
2026-08-05 09:32:00,58.3812,58.4005,58.3715,58.4005,2497
2026-08-05 09:33:00,58.4005,58.4296,58.3908,58.4296,8620
2026-08-05 09:34:00,58.4296,58.5264,58.4296,58.4877,4756
2026-08-05 09:35:00,58.4877,58.5361,58.4683,58.5264,16602
2026-08-05 09:36:00,58.5167,58.5941,58.507,58.5845,8054
2026-08-05 09:37:00,58.5845,58.5941,58.5554,58.5941,6975
2026-08-05 09:38:00,58.5941,58.5941,58.5457,58.5457,4684
2026-08-05 09:39:00,58.5554,58.6183,58.5554,58.5845,8243
2026-08-05 09:40:00,58.5941,58.6329,58.5748,58.6329,11044
2026-08-05 09:41:00,58.6329,58.6329,58.5457,58.5893,8925
2026-08-05 09:42:00,58.5941,58.6135,58.5796,58.5796,8329
2026-08-05 09:43:00,58.5893,58.6038,58.5554,58.5651,12414
2026-08-05 09:44:00,58.5457,58.5651,58.5361,58.5651,3871
2026-08-05 09:45:00,58.5845,58.6135,58.5361,58.5361,9276
2026-08-05 09:46:00,58.5167,58.5361,58.5167,58.5312,4526
2026-08-05 09:47:00,58.5264,58.5941,58.5264,58.5651,7573
2026-08-05 09:48:00,58.5651,58.5845,58.5603,58.5748,3775
2026-08-05 09:49:00,58.5554,58.5699,58.5457,58.5651,15751
2026-08-05 09:50:00,58.5554,58.5845,58.5457,58.5603,7061
2026-08-05 09:51:00,58.5603,58.5796,58.5457,58.5554,20407
2026-08-05 09:52:00,58.5651,58.5796,58.5651,58.5748,5629
2026-08-05 09:53:00,58.5796,58.6038,58.5748,58.6038,8137
2026-08-05 09:54:00,58.6038,58.6232,58.5941,58.6232,4295
2026-08-05 09:55:00,58.6232,58.6232,58.5941,58.6087,3267
2026-08-05 09:56:00,58.6183,58.6232,58.6135,58.6135,4621
2026-08-05 09:57:00,58.6232,58.6425,58.6062,58.6135,2307
2026-08-05 09:58:00,58.5941,58.6425,58.5748,58.6425,6745
2026-08-05 09:59:00,58.6329,58.6619,58.6329,58.6571,5788
2026-08-05 10:00:00,58.6522,58.6522,58.5941,58.6329,18688
2026-08-05 10:01:00,58.6329,58.6522,58.6329,58.6522,5640
2026-08-05 10:02:00,58.6522,58.6716,58.6329,58.6667,13712
2026-08-05 10:03:00,58.6619,58.6909,58.6619,58.6764,11719
2026-08-05 10:04:00,58.6764,58.7006,58.6716,58.6764,9567
2026-08-05 10:05:00,58.6716,58.6716,58.6329,58.6571,16136
2026-08-05 10:06:00,58.6522,58.6667,58.6329,58.6619,19181
2026-08-05 10:07:00,58.6619,58.6619,58.6522,58.6619,9448
2026-08-05 10:08:00,58.6474,58.6813,58.6474,58.6813,5397
2026-08-05 10:09:00,58.6813,58.7103,58.6813,58.7055,10224
2026-08-05 10:10:00,58.7055,58.7103,58.6619,58.6619,9095
2026-08-05 10:11:00,58.6716,58.7393,58.6716,58.7297,5882
2026-08-05 10:12:00,58.7393,58.749,58.7297,58.7442,5070
2026-08-05 10:13:00,58.749,58.7587,58.7345,58.7587,10891
2026-08-05 10:14:00,58.7635,58.7684,58.749,58.7684,15635
2026-08-05 10:15:00,58.7684,58.7781,58.7587,58.7635,9370
2026-08-05 10:16:00,58.7684,58.8119,58.7684,58.8119,9995
2026-08-05 10:17:00,58.8071,58.8071,58.7684,58.8071,9328
2026-08-05 10:18:00,58.8168,58.871,58.8168,58.8652,5448
2026-08-05 10:19:00,58.8652,58.8749,58.8603,58.87,5398
2026-08-05 10:20:00,58.8845,58.8942,58.8507,58.8555,3868
2026-08-05 10:21:00,58.8555,58.8941,58.8265,58.8361,12006
2026-08-05 10:22:00,58.8361,58.8361,58.7974,58.7974,7298
2026-08-05 10:23:00,58.8071,58.8313,58.7974,58.8265,10340
2026-08-05 10:24:00,58.8265,58.8361,58.8168,58.8361,3260
2026-08-05 10:25:00,58.8361,58.8845,58.8361,58.8845,13993
2026-08-05 10:26:00,58.8845,58.8894,58.8652,58.87,8720
2026-08-05 10:27:00,58.8652,58.87,58.8458,58.8458,6756
2026-08-05 10:28:00,58.8458,58.8652,58.8361,58.8555,8397
2026-08-05 10:29:00,58.8458,58.8652,58.8361,58.8361,10485
2026-08-05 10:30:00,58.8458,58.8458,58.8119,58.8216,2898
2026-08-05 10:31:00,58.8265,58.841,58.8168,58.8313,7874
2026-08-05 10:32:00,58.8265,58.8265,58.8071,58.8168,3960
2026-08-05 10:33:00,58.8168,58.8265,58.8071,58.8168,4758
2026-08-05 10:34:00,58.8071,58.8313,58.7926,58.8168,25196
2026-08-05 10:35:00,58.8071,58.8555,58.7877,58.8555,14894
2026-08-05 10:36:00,58.8603,58.8845,58.8555,58.8555,14088
2026-08-05 10:37:00,58.8555,58.8652,58.8361,58.8652,4224
2026-08-05 10:38:00,58.8749,58.8942,58.8749,58.8894,4502
2026-08-05 10:39:00,58.8845,58.8894,58.8652,58.8845,5188
2026-08-05 10:40:00,58.8845,58.9233,58.8845,58.9184,4729
2026-08-05 10:41:00,58.9184,58.9329,58.8991,58.9329,7213
2026-08-05 10:42:00,58.9426,58.9696,58.9329,58.9571,11689
2026-08-05 10:43:00,58.962,58.9717,58.962,58.9717,10814
2026-08-05 10:44:00,58.9668,58.9717,58.9523,58.9717,7144
2026-08-05 10:45:00,58.962,58.9717,58.9184,58.9329,27451
2026-08-05 10:46:00,58.9378,58.9959,58.9378,58.9765,21446
2026-08-05 10:47:00,58.9765,58.9813,58.9329,58.9475,26163
2026-08-05 10:48:00,58.9475,58.9668,58.9426,58.9475,11779
2026-08-05 10:49:00,58.9475,58.9862,58.9475,58.9765,15722
2026-08-05 10:50:00,58.9717,58.9765,58.9378,58.9378,20855
2026-08-05 10:51:00,58.9426,58.9523,58.9426,58.9426,7760
2026-08-05 10:52:00,58.9523,58.9571,58.9329,58.9475,22853
2026-08-05 10:53:00,58.9475,58.9717,58.9329,58.9329,16555
2026-08-05 10:54:00,58.9281,58.9475,58.8894,58.9329,28040
2026-08-05 10:55:00,58.9378,58.9571,58.9233,58.9329,23897
2026-08-05 10:56:00,58.9426,58.962,58.9378,58.9378,10471
2026-08-05 10:57:00,58.9329,58.9426,58.9233,58.9426,15529
2026-08-05 10:58:00,58.9329,58.9523,58.9136,58.9184,15203
2026-08-05 10:59:00,58.9184,58.9426,58.9184,58.9329,16493
2026-08-05 11:00:00,58.9329,58.9378,58.9039,58.9184,14356
2026-08-05 11:01:00,58.9184,58.9475,58.9184,58.9426,3652
2026-08-05 11:02:00,58.9523,58.9717,58.9475,58.9717,15492
2026-08-05 11:03:00,58.9813,59.0055,58.962,59.0055,9961
2026-08-05 11:04:00,59.0055,59.0055,58.9426,58.9717,17741
2026-08-05 11:05:00,58.9717,58.991,58.9668,58.991,14116
2026-08-05 11:06:00,58.9813,59.0007,58.9718,58.9862,10854
2026-08-05 11:07:00,58.9717,58.9717,58.962,58.9668,7698
2026-08-05 11:08:00,58.9668,58.9813,58.9378,58.9378,9923
2026-08-05 11:09:00,58.9426,58.9668,58.9378,58.9571,9071
2026-08-05 11:10:00,58.9717,58.9717,58.9426,58.9523,8635
2026-08-05 11:11:00,58.9475,58.9475,58.9233,58.9281,4112
2026-08-05 11:12:00,58.9233,58.9571,58.9233,58.9523,11152
2026-08-05 11:13:00,58.9512,58.9571,58.9475,58.9475,6361
2026-08-05 11:14:00,58.9523,58.9668,58.9523,58.962,12638
2026-08-05 11:15:00,58.9717,58.9813,58.9475,58.9523,17764
2026-08-05 11:16:00,58.9426,58.9426,58.9233,58.9281,12674
2026-08-05 11:17:00,58.9281,58.962,58.9281,58.962,8065
2026-08-05 11:18:00,58.962,58.9668,58.9281,58.9523,10811
2026-08-05 11:19:00,58.9523,58.9571,58.9378,58.9426,2470
2026-08-05 11:20:00,58.9523,58.9523,58.9233,58.9378,10049
2026-08-05 11:21:00,58.9329,58.9426,58.9233,58.9329,8877
2026-08-05 11:22:00,58.9329,58.9329,58.9136,58.9281,14201
2026-08-05 11:23:00,58.9281,58.9426,58.9136,58.9426,23387
2026-08-05 11:24:00,58.9378,58.9378,58.9136,58.9136,14535
2026-08-05 11:25:00,58.9233,58.9281,58.9136,58.9136,18847
2026-08-05 11:26:00,58.9136,58.9523,58.9136,58.9523,4985
2026-08-05 11:27:00,58.9426,58.9426,58.8652,58.8749,28493
2026-08-05 11:28:00,58.8749,58.8845,58.8555,58.8555,86954
2026-08-05 11:29:00,58.8603,58.8845,58.8458,58.8797,21516
2026-08-05 11:30:00,58.8845,58.9378,58.8845,58.9329,24432
2026-08-05 11:31:00,58.9523,58.991,58.9329,58.9571,24386
2026-08-05 11:32:00,58.9523,59.0104,58.9523,58.991,8453
2026-08-05 11:33:00,58.991,59.0104,58.9862,58.991,11438
2026-08-05 11:34:00,59.0007,59.0249,58.9523,58.9523,29798
2026-08-05 11:35:00,58.9571,58.991,58.9571,58.991,4713
2026-08-05 11:36:00,59.0007,59.0394,59.0007,59.0297,9453
2026-08-05 11:37:00,59.0394,59.0491,59.0394,59.0443,1675
2026-08-05 11:38:00,59.0491,59.0564,59.0491,59.0539,5476
2026-08-05 11:39:00,59.0564,59.0564,59.0297,59.0491,3969
2026-08-05 11:40:00,59.0539,59.0636,59.0394,59.0539,6732
2026-08-05 11:41:00,59.0564,59.0588,59.0491,59.0539,6107
2026-08-05 11:42:00,59.0539,59.0636,59.0491,59.0539,9624
2026-08-05 11:43:00,59.0588,59.066,59.0539,59.0636,2335
2026-08-05 11:44:00,59.0636,59.0636,59.0297,59.0297,3271
2026-08-05 11:45:00,59.0394,59.0539,59.0346,59.0346,2607
2026-08-05 11:46:00,59.0297,59.0297,59.0201,59.0297,1923
2026-08-05 11:47:00,59.0104,59.0201,59.0007,59.0007,2952
2026-08-05 11:48:00,59.0007,59.0249,58.9959,59.0201,5765
2026-08-05 11:49:00,59.0201,59.0443,59.0152,59.0394,3146
2026-08-05 11:50:00,59.0297,59.0346,59.0249,59.0297,3766
2026-08-05 11:51:00,59.0394,59.0443,59.0201,59.0201,2911
2026-08-05 11:52:00,59.0201,59.0297,59.0201,59.0297,979
2026-08-05 11:53:00,59.0297,59.0297,59.0201,59.0249,1848
2026-08-05 11:54:00,59.0322,59.0491,59.0322,59.0491,5896
2026-08-05 11:55:00,59.0443,59.0781,59.0443,59.0781,7962
2026-08-05 11:56:00,59.0878,59.0975,59.0781,59.0927,32451
2026-08-05 11:57:00,59.0927,59.0927,59.0878,59.0878,1024
2026-08-05 11:58:00,59.0951,59.0975,59.0878,59.0927,4568
2026-08-05 11:59:00,59.0878,59.1023,59.0878,59.0927,8162
2026-08-05 12:00:00,59.0975,59.0975,59.088,59.088,4044
2026-08-05 12:01:00,59.0975,59.1217,59.0927,59.112,7786
2026-08-05 12:02:00,59.1072,59.1536,59.1072,59.1314,38464
2026-08-05 12:03:00,59.1362,59.1411,59.1072,59.1072,4941
2026-08-05 12:04:00,59.1072,59.1245,59.1072,59.1217,7503
2026-08-05 12:05:00,59.1241,59.1241,59.1023,59.1217,5232
2026-08-05 12:06:00,59.1265,59.1314,59.1169,59.1217,12077
2026-08-05 12:07:00,59.1245,59.1265,59.0878,59.0975,8115
2026-08-05 12:08:00,59.1023,59.1072,59.0878,59.0879,5917
2026-08-05 12:09:00,59.083,59.0878,59.082,59.082,2786
2026-08-05 12:10:00,59.0782,59.0854,59.0636,59.0636,3726
2026-08-05 12:11:00,59.0685,59.0685,59.0588,59.0636,6227
2026-08-05 12:12:00,59.0685,59.0685,59.0394,59.0539,2813
2026-08-05 12:13:00,59.0539,59.0588,59.0491,59.0588,3322
2026-08-05 12:14:00,59.0588,59.0878,59.0491,59.083,393638
2026-08-05 12:15:00,59.0878,59.0927,59.0791,59.0878,4037
2026-08-05 12:16:00,59.0927,59.1362,59.0878,59.1362,35817
2026-08-05 12:17:00,59.1411,59.1749,59.1411,59.1749,1411
2026-08-05 12:18:00,59.1701,59.1701,59.1459,59.1459,8490
2026-08-05 12:19:00,59.1556,59.1556,59.1556,59.1556,736
2026-08-05 12:20:00,59.1653,59.1654,59.1604,59.1604,4389
2026-08-05 12:21:00,59.1544,59.1556,59.1461,59.15,3203
2026-08-05 12:22:00,59.1556,59.1653,59.1556,59.1604,817
2026-08-05 12:23:00,59.1558,59.1653,59.1556,59.1604,4610
2026-08-05 12:24:00,59.1604,59.1614,59.1362,59.1362,3259
2026-08-05 12:25:00,59.1507,59.1556,59.1507,59.1556,5551
2026-08-05 12:26:00,59.1536,59.1798,59.1507,59.1749,7621
2026-08-05 12:27:00,59.1701,59.1798,59.1653,59.1701,15967
2026-08-05 12:28:00,59.1653,59.1846,59.1653,59.1798,4850
2026-08-05 12:29:00,59.1798,59.1895,59.1749,59.1749,5636
2026-08-05 12:30:00,59.1798,59.1943,59.1654,59.1654,11955
2026-08-05 12:31:00,59.1701,59.1701,59.1556,59.1653,2596
2026-08-05 12:32:00,59.1653,59.1798,59.1653,59.1798,4148
2026-08-05 12:33:00,59.1798,59.1943,59.1749,59.1943,4733
2026-08-05 12:34:00,59.1895,59.1943,59.1846,59.1846,4052
2026-08-05 12:35:00,59.1846,59.1895,59.1846,59.1874,7459
2026-08-05 12:36:00,59.1895,59.1895,59.1749,59.175,10406
2026-08-05 12:37:00,59.1846,59.1943,59.1846,59.1943,3238
2026-08-05 12:38:00,59.1895,59.1943,59.1847,59.1847,1697
2026-08-05 12:39:00,59.1895,59.1943,59.1847,59.1847,1775
2026-08-05 12:40:00,59.1895,59.2088,59.1846,59.2088,6245
2026-08-05 12:41:00,59.1991,59.204,59.1943,59.1943,3117
2026-08-05 12:42:00,59.1991,59.2039,59.1849,59.1895,6766
2026-08-05 12:43:00,59.1895,59.1943,59.1798,59.1798,5980
2026-08-05 12:44:00,59.1798,59.1798,59.1653,59.1798,4516
2026-08-05 12:45:00,59.1798,59.1846,59.1749,59.1798,19360
2026-08-05 12:46:00,59.1798,59.1846,59.1798,59.1798,1109
2026-08-05 12:47:00,59.1798,59.1837,59.1653,59.1701,19509
2026-08-05 12:48:00,59.1701,59.1701,59.1701,59.1701,1479
2026-08-05 12:49:00,59.1701,59.1701,59.1556,59.1604,3243
2026-08-05 12:50:00,59.1604,59.1701,59.1604,59.1701,3526
2026-08-05 12:51:00,59.1653,59.1749,59.1653,59.1701,2389
2026-08-05 12:52:00,59.1701,59.204,59.1701,59.204,7395
2026-08-05 12:53:00,59.2088,59.2379,59.2088,59.2233,7785
2026-08-05 12:54:00,59.2185,59.2185,59.2185,59.2185,558
2026-08-05 12:55:00,59.2185,59.2282,59.2185,59.2282,1728
2026-08-05 12:56:00,59.2233,59.2233,59.2139,59.2185,11007
2026-08-05 12:57:00,59.2185,59.2185,59.2088,59.2185,6944
2026-08-05 12:58:00,59.2185,59.2233,59.2156,59.2185,3997
2026-08-05 12:59:00,59.2161,59.2185,59.1798,59.1798,6595
2026-08-05 13:00:00,59.1798,59.1798,59.1749,59.1749,3666
2026-08-05 13:01:00,59.1798,59.1895,59.1798,59.1895,2531
2026-08-05 13:02:00,59.1943,59.1991,59.1846,59.1991,2828
2026-08-05 13:03:00,59.1943,59.1943,59.1798,59.1826,1907
2026-08-05 13:04:00,59.1846,59.1943,59.1846,59.1943,1594
2026-08-05 13:05:00,59.1943,59.204,59.1895,59.1991,4003
2026-08-05 13:06:00,59.1991,59.204,59.1943,59.204,2780
2026-08-05 13:07:00,59.1991,59.1991,59.1862,59.1915,2682
2026-08-05 13:08:00,59.1943,59.1943,59.1895,59.1895,1199
2026-08-05 13:09:00,59.1895,59.204,59.1895,59.1943,3422
2026-08-05 13:10:00,59.1991,59.2088,59.1991,59.204,6365
2026-08-05 13:11:00,59.1991,59.204,59.1991,59.1991,895
2026-08-05 13:12:00,59.1991,59.2088,59.1991,59.2088,3516
2026-08-05 13:13:00,59.2137,59.2137,59.2088,59.2088,1437
2026-08-05 13:14:00,59.2088,59.2137,59.2088,59.2088,5723
2026-08-05 13:15:00,59.2088,59.2185,59.204,59.2088,4421
2026-08-05 13:16:00,59.2137,59.233,59.2137,59.233,4745
2026-08-05 13:17:00,59.233,59.233,59.1846,59.2088,39544
2026-08-05 13:18:00,59.2088,59.2137,59.204,59.2088,5035
2026-08-05 13:19:00,59.2088,59.2137,59.1895,59.1895,4767
2026-08-05 13:20:00,59.1895,59.1943,59.1895,59.1943,1045
2026-08-05 13:21:00,59.204,59.204,59.1943,59.1991,1652
2026-08-05 13:22:00,59.1991,59.1991,59.1846,59.1933,9240
2026-08-05 13:23:00,59.1846,59.1943,59.1846,59.1943,4607
2026-08-05 13:24:00,59.1991,59.1991,59.1846,59.1943,4017
2026-08-05 13:25:00,59.1943,59.204,59.1895,59.1991,4549
2026-08-05 13:26:00,59.1991,59.204,59.1991,59.1991,2010
2026-08-05 13:27:00,59.1991,59.2475,59.1943,59.2475,10582
2026-08-05 13:28:00,59.2475,59.2621,59.2475,59.2572,4629
2026-08-05 13:29:00,59.2572,59.2621,59.2446,59.2524,10411
2026-08-05 13:30:00,59.2524,59.2766,59.2524,59.2717,3645
2026-08-05 13:31:00,59.2814,59.2814,59.2621,59.2669,6431
2026-08-05 13:32:00,59.2669,59.2717,59.2638,59.2717,2041
2026-08-05 13:33:00,59.2669,59.2717,59.2669,59.2669,1553
2026-08-05 13:34:00,59.2669,59.2863,59.2669,59.2863,5428
2026-08-05 13:35:00,59.2863,59.2911,59.2717,59.2911,9952
2026-08-05 13:36:00,59.2863,59.2863,59.2814,59.2863,1374
2026-08-05 13:37:00,59.2911,59.2911,59.2863,59.2911,2399
2026-08-05 13:38:00,59.2959,59.3153,59.2959,59.3153,2885
2026-08-05 13:39:00,59.3153,59.3201,59.3056,59.3056,9150
2026-08-05 13:40:00,59.3056,59.3201,59.3056,59.3153,3589
2026-08-05 13:41:00,59.3153,59.3153,59.2911,59.2959,10151
2026-08-05 13:42:00,59.2959,59.3056,59.293,59.3056,2711
2026-08-05 13:43:00,59.3056,59.3105,59.3008,59.3105,2964
2026-08-05 13:44:00,59.3105,59.3201,59.3105,59.3153,2017
2026-08-05 13:45:00,59.3201,59.325,59.3105,59.3153,7121
2026-08-05 13:46:00,59.3153,59.3201,59.3111,59.3111,4424
2026-08-05 13:47:00,59.3105,59.3181,59.3056,59.3105,4654
2026-08-05 13:48:00,59.3105,59.3105,59.3056,59.3105,938
2026-08-05 13:49:00,59.3105,59.3105,59.3056,59.3104,3181
2026-08-05 13:50:00,59.3105,59.3201,59.3105,59.3153,2020
2026-08-05 13:51:00,59.3153,59.3298,59.3105,59.3298,5024
2026-08-05 13:52:00,59.325,59.3298,59.325,59.325,1324
2026-08-05 13:53:00,59.3298,59.3298,59.3201,59.325,2699
2026-08-05 13:54:00,59.3298,59.3492,59.3298,59.3443,4391
2026-08-05 13:55:00,59.3492,59.3589,59.3492,59.354,3151
2026-08-05 13:56:00,59.354,59.3589,59.354,59.3589,2836
2026-08-05 13:57:00,59.354,59.3589,59.354,59.3589,1579
2026-08-05 13:58:00,59.354,59.354,59.3395,59.3443,6546
2026-08-05 13:59:00,59.3443,59.3492,59.3347,59.3347,3849
2026-08-05 14:00:00,59.3347,59.3395,59.325,59.325,6906
2026-08-05 14:01:00,59.325,59.325,59.3203,59.325,1282
2026-08-05 14:02:00,59.325,59.3298,59.3201,59.3298,3657
2026-08-05 14:03:00,59.325,59.3298,59.3201,59.3298,13184
2026-08-05 14:04:00,59.325,59.3298,59.325,59.3298,5852
2026-08-05 14:05:00,59.3347,59.3395,59.3298,59.3347,1947
2026-08-05 14:06:00,59.3395,59.3443,59.3298,59.3443,6429
2026-08-05 14:07:00,59.3443,59.354,59.3298,59.3347,11129
2026-08-05 14:08:00,59.3347,59.3395,59.325,59.325,5338
2026-08-05 14:09:00,59.325,59.3298,59.3201,59.3298,7483
2026-08-05 14:10:00,59.325,59.3589,59.325,59.3589,4081
2026-08-05 14:11:00,59.3637,59.3685,59.3589,59.3637,2001
2026-08-05 14:12:00,59.3637,59.3685,59.3589,59.3637,4512
2026-08-05 14:13:00,59.3589,59.3685,59.3492,59.354,11683
2026-08-05 14:14:00,59.354,59.3589,59.3492,59.3588,1720
2026-08-05 14:15:00,59.354,59.3685,59.354,59.3637,3319
2026-08-05 14:16:00,59.3637,59.3782,59.3637,59.3782,8494
2026-08-05 14:17:00,59.3782,59.3976,59.3782,59.3831,9756
2026-08-05 14:18:00,59.3831,59.4073,59.3831,59.4071,2842
2026-08-05 14:19:00,59.4073,59.4169,59.4024,59.4121,1850
2026-08-05 14:20:00,59.4073,59.4169,59.4073,59.4121,2816
2026-08-05 14:21:00,59.4169,59.4363,59.4169,59.4363,2845
2026-08-05 14:22:00,59.4315,59.4557,59.4266,59.4557,4274
2026-08-05 14:23:00,59.4508,59.4653,59.4508,59.4653,3473
2026-08-05 14:24:00,59.4605,59.4605,59.4508,59.4557,5129
2026-08-05 14:25:00,59.4508,59.4557,59.446,59.4508,6752
2026-08-05 14:26:00,59.4508,59.4557,59.4508,59.4557,2047
2026-08-05 14:27:00,59.4508,59.4508,59.4411,59.446,3084
2026-08-05 14:28:00,59.4363,59.4411,59.4363,59.4411,3019
2026-08-05 14:29:00,59.4411,59.4605,59.4411,59.4605,4639
2026-08-05 14:30:00,59.4605,59.475,59.4558,59.4702,5585
2026-08-05 14:31:00,59.4702,59.4847,59.4702,59.4847,5405
2026-08-05 14:32:00,59.4847,59.4847,59.4799,59.4847,812
2026-08-05 14:33:00,59.4847,59.4944,59.475,59.4896,8314
2026-08-05 14:34:00,59.4944,59.4944,59.4896,59.4944,1581
2026-08-05 14:35:00,59.4896,59.5042,59.4896,59.5042,4127
2026-08-05 14:36:00,59.5138,59.5234,59.5138,59.5203,4463
2026-08-05 14:37:00,59.5186,59.5283,59.5186,59.5283,4150
2026-08-05 14:38:00,59.5234,59.5234,59.5138,59.5186,10548
2026-08-05 14:39:00,59.5186,59.5331,59.5186,59.5283,6043
2026-08-05 14:40:00,59.5259,59.5283,59.5186,59.5234,9926
2026-08-05 14:41:00,59.5283,59.5283,59.5283,59.5283,1187
2026-08-05 14:42:00,59.5331,59.5331,59.5234,59.5283,2569
2026-08-05 14:43:00,59.5331,59.5331,59.5283,59.5283,1632
2026-08-05 14:44:00,59.5283,59.538,59.5234,59.538,6786
2026-08-05 14:45:00,59.538,59.5428,59.5331,59.538,2499
2026-08-05 14:46:00,59.538,59.5428,59.5331,59.538,3931
2026-08-05 14:47:00,59.538,59.5525,59.538,59.5525,7834
2026-08-05 14:48:00,59.5476,59.5476,59.5244,59.538,11012
2026-08-05 14:49:00,59.5331,59.538,59.5331,59.538,2324
2026-08-05 14:50:00,59.538,59.5428,59.538,59.538,7173
2026-08-05 14:51:00,59.538,59.5428,59.5186,59.5186,13050
2026-08-05 14:52:00,59.5234,59.5234,59.5186,59.5186,6423
2026-08-05 14:53:00,59.5186,59.5186,59.5138,59.5186,3545
2026-08-05 14:54:00,59.5186,59.5186,59.5138,59.5186,3407
2026-08-05 14:55:00,59.5186,59.5186,59.4992,59.4992,7298
2026-08-05 14:56:00,59.4992,59.5041,59.4944,59.4992,5559
2026-08-05 14:57:00,59.4992,59.4992,59.4847,59.4896,3414
2026-08-05 14:58:00,59.4847,59.4944,59.4605,59.4605,6006
2026-08-05 14:59:00,59.4605,59.4653,59.4557,59.4605,10037
2026-08-05 15:00:00,59.4605,59.4605,59.4411,59.4411,7142
2026-08-05 15:01:00,59.4411,59.4411,59.4121,59.4169,6155
2026-08-05 15:02:00,59.4121,59.4169,59.4073,59.4121,5697
2026-08-05 15:03:00,59.4121,59.4169,59.3976,59.4121,18334
2026-08-05 15:04:00,59.4169,59.4218,59.4024,59.4073,29064
2026-08-05 15:05:00,59.4121,59.4218,59.4121,59.4121,6943
2026-08-05 15:06:00,59.4073,59.4121,59.3976,59.4024,8948
2026-08-05 15:07:00,59.4024,59.4024,59.3879,59.3879,13778
2026-08-05 15:08:00,59.3976,59.3976,59.3879,59.3976,4891
2026-08-05 15:09:00,59.4073,59.4218,59.3976,59.4169,10968
2026-08-05 15:10:00,59.4121,59.4169,59.4073,59.4121,5635
2026-08-05 15:11:00,59.4169,59.4266,59.4073,59.4266,6184
2026-08-05 15:12:00,59.4218,59.446,59.4218,59.4375,4541
2026-08-05 15:13:00,59.446,59.4653,59.4363,59.4363,17281
2026-08-05 15:14:00,59.4411,59.446,59.4411,59.4411,2773
2026-08-05 15:15:00,59.4363,59.446,59.4363,59.4411,3643
2026-08-05 15:16:00,59.4411,59.446,59.4073,59.4121,11220
2026-08-05 15:17:00,59.4121,59.4121,59.3976,59.4024,5124
2026-08-05 15:18:00,59.4024,59.4024,59.3879,59.3927,18942
2026-08-05 15:19:00,59.3927,59.3976,59.388,59.388,2631
2026-08-05 15:20:00,59.3927,59.4073,59.3879,59.4073,8099
2026-08-05 15:21:00,59.4169,59.4315,59.4121,59.4315,6346
2026-08-05 15:22:00,59.4266,59.4315,59.4218,59.4266,13122
2026-08-05 15:23:00,59.4315,59.4315,59.4024,59.4169,28669
2026-08-05 15:24:00,59.4169,59.4508,59.4169,59.4508,5677
2026-08-05 15:25:00,59.4554,59.4605,59.446,59.446,17370
2026-08-05 15:26:00,59.446,59.446,59.4372,59.446,4683
2026-08-05 15:27:00,59.4555,59.4605,59.4554,59.4605,4328
2026-08-05 15:28:00,59.4605,59.4605,59.4411,59.446,11793
2026-08-05 15:29:00,59.4508,59.4653,59.4363,59.4411,26960
2026-08-05 15:30:00,59.4411,59.446,59.4169,59.4266,27452
2026-08-05 15:31:00,59.4315,59.4315,59.3782,59.3831,42297
2026-08-05 15:32:00,59.3831,59.3976,59.3782,59.3879,26089
2026-08-05 15:33:00,59.3927,59.4266,59.3831,59.4266,18037
2026-08-05 15:34:00,59.4266,59.4266,59.4121,59.4266,11396
2026-08-05 15:35:00,59.4218,59.4241,59.4169,59.4218,8606
2026-08-05 15:36:00,59.4218,59.4218,59.4199,59.4218,11296
2026-08-05 15:37:00,59.4218,59.446,59.4218,59.4411,22054
2026-08-05 15:38:00,59.4411,59.4557,59.4363,59.4372,11363
2026-08-05 15:39:00,59.4411,59.446,59.4315,59.4315,15594
2026-08-05 15:40:00,59.4315,59.4363,59.4169,59.4266,19740
2026-08-05 15:41:00,59.4218,59.4266,59.4169,59.4218,5369
2026-08-05 15:42:00,59.4218,59.446,59.4218,59.4315,24524
2026-08-05 15:43:00,59.4315,59.446,59.4266,59.4315,29537
2026-08-05 15:44:00,59.4315,59.4363,59.4169,59.4218,16771
2026-08-05 15:45:00,59.4218,59.446,59.4218,59.4455,19008
2026-08-05 15:46:00,59.4411,59.446,59.4363,59.4411,9175
2026-08-05 15:47:00,59.4411,59.4508,59.4363,59.4363,34186
2026-08-05 15:48:00,59.4363,59.4363,59.4266,59.4363,23588
2026-08-05 15:49:00,59.4315,59.4411,59.4266,59.4411,22626
2026-08-05 15:50:00,59.4411,59.446,59.4169,59.4411,53679
2026-08-05 15:51:00,59.4411,59.446,59.4218,59.4218,31833
2026-08-05 15:52:00,59.4218,59.4218,59.3976,59.4024,31782
2026-08-05 15:53:00,59.4024,59.4363,59.4024,59.4315,28167
2026-08-05 15:54:00,59.4315,59.4363,59.4073,59.4121,234623
2026-08-05 15:55:00,59.4092,59.4169,59.3734,59.3879,38397
2026-08-05 15:56:00,59.3831,59.3976,59.3734,59.3927,48001
2026-08-05 15:57:00,59.3927,59.3976,59.3782,59.3831,37981
2026-08-05 15:58:00,59.3879,59.3976,59.3589,59.3782,85338
2026-08-05 15:59:00,59.3782,59.3976,59.3492,59.3492,116892
2026-08-06 09:30:00,59.3298,59.4363,59.3298,59.3976,39732
2026-08-06 09:31:00,59.3976,59.4073,59.3589,59.3637,17071
2026-08-06 09:32:00,59.3782,59.4169,59.3782,59.4169,9894
2026-08-06 09:33:00,59.4411,59.446,59.4073,59.4073,7875
2026-08-06 09:34:00,59.4073,59.4073,59.3782,59.3782,6496
2026-08-06 09:35:00,59.3782,59.3879,59.3589,59.3879,14864
2026-08-06 09:36:00,59.3782,59.4073,59.3685,59.3976,15591
2026-08-06 09:37:00,59.3976,59.4363,59.3976,59.4363,8722
2026-08-06 09:38:00,59.4557,59.4847,59.4557,59.4557,9168
2026-08-06 09:39:00,59.4653,59.4653,59.446,59.446,2760
2026-08-06 09:40:00,59.4363,59.446,59.4266,59.4363,5266
2026-08-06 09:41:00,59.4363,59.4363,59.4073,59.4169,7953
2026-08-06 09:42:00,59.4266,59.446,59.4169,59.4363,12039
2026-08-06 09:43:00,59.4363,59.4653,59.4266,59.4605,5536
2026-08-06 09:44:00,59.4653,59.5041,59.4605,59.4944,7584
2026-08-06 09:45:00,59.5041,59.5041,59.4944,59.5041,10130
2026-08-06 09:46:00,59.4944,59.5041,59.4702,59.4744,6078
2026-08-06 09:47:00,59.4799,59.4799,59.4557,59.4605,4780
2026-08-06 09:48:00,59.4653,59.4847,59.4605,59.4847,2376
2026-08-06 09:49:00,59.4847,59.4992,59.475,59.4992,7101
2026-08-06 09:50:00,59.4944,59.5041,59.475,59.4896,5353
2026-08-06 09:51:00,59.4847,59.4992,59.4653,59.4944,17102
2026-08-06 09:52:00,59.4847,59.5041,59.4847,59.5041,4344
2026-08-06 09:53:00,59.5041,59.5234,59.5041,59.5234,4055
2026-08-06 09:54:00,59.5331,59.596,59.5331,59.5815,28699
2026-08-06 09:55:00,59.5815,59.6493,59.5815,59.6202,19666
2026-08-06 09:56:00,59.6154,59.6348,59.6106,59.6348,8782
2026-08-06 09:57:00,59.6299,59.6735,59.6299,59.6686,3183
2026-08-06 09:58:00,59.6783,59.6977,59.6686,59.6977,12302
2026-08-06 09:59:00,59.717,59.717,59.688,59.6977,9704
2026-08-06 10:00:00,59.7074,59.7219,59.6977,59.717,4467
2026-08-06 10:01:00,59.7219,59.7267,59.6977,59.7074,6524
2026-08-06 10:02:00,59.7025,59.717,59.688,59.7074,14652
2026-08-06 10:03:00,59.7074,59.7364,59.688,59.7364,13014
2026-08-06 10:04:00,59.7412,59.7412,59.688,59.688,9714
2026-08-06 10:05:00,59.6783,59.717,59.6686,59.6977,11035
2026-08-06 10:06:00,59.717,59.7412,59.7122,59.7364,5893
2026-08-06 10:07:00,59.7461,59.7558,59.7267,59.7461,14538
2026-08-06 10:08:00,59.7461,59.7461,59.688,59.6977,4807
2026-08-06 10:09:00,59.7025,59.7219,59.688,59.688,10081
2026-08-06 10:10:00,59.6783,59.7074,59.6686,59.7025,5548
2026-08-06 10:11:00,59.6977,59.6977,59.6686,59.6686,4091
2026-08-06 10:12:00,59.6686,59.6686,59.6396,59.6444,2908
2026-08-06 10:13:00,59.6396,59.6493,59.6202,59.6493,3769
2026-08-06 10:14:00,59.6396,59.659,59.6396,59.6541,1955
2026-08-06 10:15:00,59.659,59.6832,59.659,59.6783,2545
2026-08-06 10:16:00,59.6832,59.6832,59.6735,59.6783,6475
2026-08-06 10:17:00,59.6783,59.7074,59.6783,59.6977,8966
2026-08-06 10:18:00,59.7025,59.7461,59.7025,59.7267,9643
2026-08-06 10:19:00,59.7267,59.7461,59.717,59.7219,7669
2026-08-06 10:20:00,59.7219,59.7219,59.6783,59.6783,5628
2026-08-06 10:21:00,59.6832,59.688,59.6396,59.6493,8904
2026-08-06 10:22:00,59.659,59.659,59.642,59.6482,2132
2026-08-06 10:23:00,59.6444,59.6444,59.6202,59.6299,3083
2026-08-06 10:24:00,59.6299,59.6396,59.6251,59.6299,7665
2026-08-06 10:25:00,59.6348,59.6348,59.596,59.6009,6877
2026-08-06 10:26:00,59.6057,59.6396,59.6057,59.6299,3860
2026-08-06 10:27:00,59.6299,59.659,59.6299,59.659,4103
2026-08-06 10:28:00,59.659,59.659,59.6444,59.6444,2450
2026-08-06 10:29:00,59.6493,59.6541,59.6009,59.6009,17390
2026-08-06 10:30:00,59.6009,59.6348,59.6009,59.6335,15006
2026-08-06 10:31:00,59.6299,59.6299,59.5815,59.5815,5740
2026-08-06 10:32:00,59.5912,59.6009,59.5912,59.6009,6357
2026-08-06 10:33:00,59.6009,59.6106,59.5912,59.6009,3249
2026-08-06 10:34:00,59.6106,59.6251,59.596,59.6202,6275
2026-08-06 10:35:00,59.6202,59.6348,59.6202,59.6299,4373
2026-08-06 10:36:00,59.6299,59.6299,59.6106,59.6106,4734
2026-08-06 10:37:00,59.6154,59.6299,59.6154,59.6251,4050
2026-08-06 10:38:00,59.6299,59.6396,59.6202,59.6396,5203
2026-08-06 10:39:00,59.6396,59.6396,59.6106,59.6106,6240
2026-08-06 10:40:00,59.6202,59.6493,59.6202,59.6444,4598
2026-08-06 10:41:00,59.6541,59.6735,59.6495,59.6735,4586
2026-08-06 10:42:00,59.6783,59.688,59.6783,59.6783,3547
2026-08-06 10:43:00,59.6735,59.6783,59.6638,59.6686,2726
2026-08-06 10:44:00,59.6638,59.6638,59.6033,59.6033,7764
2026-08-06 10:45:00,59.6106,59.6541,59.6057,59.6541,8374
2026-08-06 10:46:00,59.6493,59.6493,59.6202,59.6348,6430
2026-08-06 10:47:00,59.6348,59.6348,59.6009,59.6009,5470
2026-08-06 10:48:00,59.6009,59.6022,59.5864,59.6022,3824
2026-08-06 10:49:00,59.6057,59.6106,59.5815,59.6009,14226
2026-08-06 10:50:00,59.5912,59.5912,59.5815,59.5815,6651
2026-08-06 10:51:00,59.5912,59.5912,59.5815,59.5864,3333
2026-08-06 10:52:00,59.5815,59.5815,59.5428,59.5428,5357
2026-08-06 10:53:00,59.5525,59.5718,59.5525,59.5525,9533
2026-08-06 10:54:00,59.5525,59.5718,59.5428,59.5718,5442
2026-08-06 10:55:00,59.5622,59.5738,59.5525,59.5738,10048
2026-08-06 10:56:00,59.5815,59.6154,59.5815,59.6154,1961
2026-08-06 10:57:00,59.6106,59.6154,59.6057,59.6057,12088
2026-08-06 10:58:00,59.6057,59.6093,59.596,59.6093,3709
2026-08-06 10:59:00,59.6057,59.6057,59.596,59.6009,5024
2026-08-06 11:00:00,59.6009,59.6251,59.6009,59.6106,4401
2026-08-06 11:01:00,59.6154,59.6202,59.5912,59.5912,2192
2026-08-06 11:02:00,59.5912,59.5912,59.5815,59.5912,1050
2026-08-06 11:03:00,59.6009,59.6125,59.596,59.596,5941
2026-08-06 11:04:00,59.596,59.6057,59.5622,59.567,11971
2026-08-06 11:05:00,59.5575,59.6009,59.5575,59.6009,4156
2026-08-06 11:06:00,59.6202,59.6299,59.6106,59.6106,8942
2026-08-06 11:07:00,59.6154,59.6202,59.6154,59.6202,851
2026-08-06 11:08:00,59.6396,59.6444,59.6348,59.6396,1877
2026-08-06 11:09:00,59.6299,59.6299,59.6009,59.6057,9908
2026-08-06 11:10:00,59.6009,59.6009,59.5815,59.5912,2371
2026-08-06 11:11:00,59.596,59.596,59.5718,59.5864,4437
2026-08-06 11:12:00,59.5912,59.6251,59.5912,59.6202,2916
2026-08-06 11:13:00,59.6201,59.6201,59.5912,59.5912,2127
2026-08-06 11:14:00,59.5815,59.5912,59.5718,59.5912,2026
2026-08-06 11:15:00,59.6057,59.6288,59.6057,59.6288,713
2026-08-06 11:16:00,59.6202,59.6202,59.5912,59.6009,14097
2026-08-06 11:17:00,59.6009,59.6106,59.5864,59.596,2488
2026-08-06 11:18:00,59.596,59.6009,59.5525,59.5525,25941
2026-08-06 11:19:00,59.5622,59.5718,59.5622,59.5718,1770
2026-08-06 11:20:00,59.5646,59.5912,59.5525,59.5912,9302
2026-08-06 11:21:00,59.5815,59.6009,59.5815,59.6009,4421
2026-08-06 11:22:00,59.6202,59.6299,59.6202,59.6299,101822
2026-08-06 11:23:00,59.6299,59.6299,59.6154,59.6202,3189
2026-08-06 11:24:00,59.6202,59.6251,59.6106,59.6106,8695
2026-08-06 11:25:00,59.6106,59.6106,59.5767,59.5767,3899
2026-08-06 11:26:00,59.5815,59.6193,59.5815,59.6193,4886
2026-08-06 11:27:00,59.6202,59.6299,59.6154,59.6299,2901
2026-08-06 11:28:00,59.6299,59.6299,59.596,59.596,3202
2026-08-06 11:29:00,59.6057,59.6106,59.6057,59.6106,2608
2026-08-06 11:30:00,59.6202,59.6299,59.6202,59.6299,4723
2026-08-06 11:31:00,59.6396,59.6444,59.6348,59.6444,1210
2026-08-06 11:32:00,59.6396,59.6493,59.6396,59.6444,1433
2026-08-06 11:33:00,59.659,59.6686,59.6444,59.6686,5007
2026-08-06 11:34:00,59.6783,59.6783,59.6396,59.6396,5858
2026-08-06 11:35:00,59.6493,59.6783,59.6493,59.6686,4851
2026-08-06 11:36:00,59.6686,59.6783,59.6686,59.6686,2557
2026-08-06 11:37:00,59.6783,59.6783,59.6735,59.6783,1193
2026-08-06 11:38:00,59.6977,59.717,59.6977,59.7122,3031
2026-08-06 11:39:00,59.7074,59.7074,59.7074,59.7074,1519
2026-08-06 11:40:00,59.7074,59.717,59.6977,59.6977,5439
2026-08-06 11:41:00,59.6977,59.6977,59.6977,59.6977,261
2026-08-06 11:42:00,59.6977,59.7219,59.6928,59.717,2053
2026-08-06 11:43:00,59.717,59.717,59.7122,59.717,2227
2026-08-06 11:44:00,59.717,59.717,59.6783,59.6783,2815
2026-08-06 11:45:00,59.6977,59.6977,59.6396,59.6396,2582
2026-08-06 11:46:00,59.6396,59.659,59.6396,59.6493,825
2026-08-06 11:47:00,59.6493,59.6493,59.6202,59.6493,2338
2026-08-06 11:48:00,59.6686,59.6735,59.6396,59.6735,1292
2026-08-06 11:49:00,59.6686,59.6686,59.6348,59.6493,7600
2026-08-06 11:50:00,59.6493,59.659,59.6396,59.6396,2040
2026-08-06 11:51:00,59.6202,59.6396,59.6202,59.6396,1357
2026-08-06 11:52:00,59.6396,59.6493,59.6299,59.6396,967
2026-08-06 11:53:00,59.6299,59.6493,59.6299,59.6493,539
2026-08-06 11:54:00,59.6299,59.6299,59.6299,59.6299,650
2026-08-06 11:55:00,59.6348,59.6348,59.6251,59.6251,1211
2026-08-06 11:56:00,59.6283,59.6299,59.6251,59.6251,684
2026-08-06 11:57:00,59.6299,59.6299,59.6299,59.6299,145
2026-08-06 11:58:00,59.6299,59.6396,59.6299,59.6396,480
2026-08-06 11:59:00,59.6396,59.6541,59.6154,59.6154,183407
2026-08-06 12:00:00,59.6154,59.6154,59.5622,59.5622,3214
2026-08-06 12:01:00,59.5622,59.5815,59.5622,59.5815,2469
2026-08-06 12:02:00,59.5718,59.5718,59.5476,59.5476,3366
2026-08-06 12:03:00,59.5525,59.5573,59.5283,59.5283,1712
2026-08-06 12:04:00,59.5186,59.5331,59.4944,59.5331,3435
2026-08-06 12:05:00,59.5331,59.5525,59.5138,59.5525,1751
2026-08-06 12:06:00,59.5428,59.5525,59.5428,59.5525,627
2026-08-06 12:07:00,59.5428,59.5622,59.5331,59.5525,2103
2026-08-06 12:08:00,59.538,59.5428,59.538,59.5428,829
2026-08-06 12:09:00,59.5525,59.5525,59.5331,59.5331,1188
2026-08-06 12:10:00,59.5331,59.538,59.5331,59.538,622
2026-08-06 12:11:00,59.538,59.538,59.5138,59.5219,1412
2026-08-06 12:12:00,59.5138,59.538,59.5138,59.538,607
2026-08-06 12:13:00,59.5428,59.5622,59.5428,59.5469,724
2026-08-06 12:14:00,59.5476,59.5718,59.5476,59.5718,3089
2026-08-06 12:15:00,59.5815,59.5864,59.5767,59.5767,1722
2026-08-06 12:16:00,59.5706,59.5864,59.5622,59.5864,987
2026-08-06 12:17:00,59.5807,59.5807,59.5807,59.5807,308
2026-08-06 12:18:00,59.5912,59.596,59.5815,59.5815,1934
2026-08-06 12:19:00,59.6057,59.6202,59.6009,59.6009,843
2026-08-06 12:20:00,59.5912,59.5912,59.5622,59.5815,3519
2026-08-06 12:21:00,59.6009,59.6009,59.5815,59.5818,1374
2026-08-06 12:22:00,59.5816,59.5912,59.5622,59.567,2255
2026-08-06 12:23:00,59.5718,59.5912,59.5718,59.5776,3259
2026-08-06 12:24:00,59.5622,59.5767,59.5622,59.5767,493
2026-08-06 12:25:00,59.5815,59.5815,59.5622,59.5622,879
2026-08-06 12:27:00,59.5622,59.5622,59.5573,59.5622,1111
2026-08-06 12:28:00,59.5622,59.5815,59.5622,59.5815,1930
2026-08-06 12:29:00,59.5718,59.5718,59.5525,59.5622,1328
2026-08-06 12:30:00,59.5525,59.5622,59.5525,59.5525,1095
2026-08-06 12:31:00,59.5525,59.5525,59.5525,59.5525,235
2026-08-06 12:32:00,59.5525,59.5622,59.538,59.5525,2154
2026-08-06 12:33:00,59.5622,59.5815,59.5622,59.5815,1920
2026-08-06 12:34:00,59.5815,59.5815,59.5718,59.5815,2287
2026-08-06 12:35:00,59.567,59.5815,59.567,59.5767,1399
2026-08-06 12:36:00,59.5877,59.5912,59.5815,59.5911,1682
2026-08-06 12:37:00,59.5815,59.5815,59.5622,59.5622,1912
2026-08-06 12:38:00,59.5622,59.5622,59.5573,59.5573,460
2026-08-06 12:39:00,59.5573,59.5864,59.5573,59.5815,2615
2026-08-06 12:40:00,59.5622,59.5912,59.5622,59.5815,3839
2026-08-06 12:41:00,59.5912,59.5912,59.5767,59.5767,102569
2026-08-06 12:42:00,59.5767,59.5767,59.5525,59.5622,3288
2026-08-06 12:43:00,59.5525,59.5525,59.5138,59.5138,2028
2026-08-06 12:44:00,59.5138,59.5331,59.5041,59.5041,2473
2026-08-06 12:45:00,59.5041,59.5041,59.4944,59.4992,1058
2026-08-06 12:46:00,59.504,59.5223,59.4992,59.5138,3117
2026-08-06 12:47:00,59.4944,59.5041,59.4944,59.5041,1878
2026-08-06 12:48:00,59.4992,59.4992,59.4992,59.4992,478
2026-08-06 12:49:00,59.4944,59.4976,59.475,59.475,1689
2026-08-06 12:50:00,59.4653,59.475,59.446,59.446,2080
2026-08-06 12:51:00,59.4557,59.4847,59.446,59.4847,2554
2026-08-06 12:52:00,59.4926,59.5089,59.475,59.4751,3279
2026-08-06 12:53:00,59.4653,59.4653,59.4411,59.4653,3366
2026-08-06 12:54:00,59.4702,59.475,59.4654,59.475,1379
2026-08-06 12:55:00,59.4557,59.4653,59.4508,59.4546,2113
2026-08-06 12:56:00,59.446,59.446,59.4411,59.446,937
2026-08-06 12:57:00,59.4653,59.4653,59.4557,59.4585,2179
2026-08-06 12:58:00,59.4557,59.4653,59.4557,59.4557,565
2026-08-06 12:59:00,59.446,59.4605,59.446,59.4508,778
2026-08-06 13:00:00,59.446,59.4557,59.4411,59.446,3232
2026-08-06 13:01:00,59.446,59.4508,59.446,59.446,898
2026-08-06 13:02:00,59.4363,59.4363,59.4073,59.4073,2345
2026-08-06 13:03:00,59.4073,59.4218,59.3918,59.4218,2247
2026-08-06 13:04:00,59.4169,59.4169,59.4169,59.4169,789
2026-08-06 13:05:00,59.4169,59.4169,59.3927,59.4169,2927
2026-08-06 13:06:00,59.4169,59.4266,59.4073,59.4073,2275
2026-08-06 13:07:00,59.4121,59.4121,59.4121,59.4121,366
2026-08-06 13:08:00,59.3976,59.4024,59.3976,59.4024,825
2026-08-06 13:09:00,59.4073,59.4073,59.3831,59.3831,1974
2026-08-06 13:10:00,59.3879,59.4121,59.3879,59.3976,3948
2026-08-06 13:11:00,59.3879,59.3879,59.3492,59.354,1259
2026-08-06 13:12:00,59.354,59.3637,59.354,59.3589,3052
2026-08-06 13:13:00,59.3589,59.3879,59.3589,59.3879,2444
2026-08-06 13:14:00,59.4073,59.4073,59.3879,59.3879,1376
2026-08-06 13:15:00,59.3782,59.3782,59.3492,59.3637,2275
2026-08-06 13:16:00,59.3589,59.3782,59.3589,59.3782,1268
2026-08-06 13:17:00,59.3782,59.3782,59.3685,59.3685,2371
2026-08-06 13:18:00,59.3685,59.3782,59.3589,59.3782,1031
2026-08-06 13:19:00,59.3685,59.3685,59.3589,59.3637,1437
2026-08-06 13:20:00,59.3879,59.4315,59.3831,59.4315,7401
2026-08-06 13:21:00,59.4266,59.4363,59.4266,59.4362,4216
2026-08-06 13:22:00,59.446,59.4557,59.446,59.446,1149
2026-08-06 13:23:00,59.4411,59.4653,59.4411,59.4653,1092
2026-08-06 13:24:00,59.4653,59.4653,59.456,59.4653,1300
2026-08-06 13:25:00,59.475,59.5331,59.475,59.5331,3660
2026-08-06 13:26:00,59.5234,59.5234,59.5234,59.5234,583
2026-08-06 13:27:00,59.5234,59.5234,59.5138,59.5234,1984
2026-08-06 13:28:00,59.5186,59.5186,59.4992,59.4992,3145
2026-08-06 13:29:00,59.4992,59.4992,59.4992,59.4992,258
2026-08-06 13:30:00,59.4944,59.5331,59.4944,59.5331,3004
2026-08-06 13:31:00,59.5428,59.5428,59.5331,59.5331,675
2026-08-06 13:32:00,59.5331,59.5428,59.5138,59.5138,6181
2026-08-06 13:33:00,59.5234,59.5428,59.5234,59.5234,1362
2026-08-06 13:34:00,59.5234,59.5331,59.5234,59.5234,1738
2026-08-06 13:35:00,59.5525,59.5718,59.5525,59.5622,2031
2026-08-06 13:36:00,59.5525,59.5573,59.5428,59.5428,1893
2026-08-06 13:37:00,59.5433,59.5622,59.5433,59.5622,1459
2026-08-06 13:38:00,59.5718,59.5912,59.5708,59.5718,3163
2026-08-06 13:39:00,59.5815,59.5815,59.567,59.5718,1746
2026-08-06 13:40:00,59.5718,59.5912,59.5525,59.5525,3509
2026-08-06 13:41:00,59.5573,59.5767,59.5573,59.5622,1905
2026-08-06 13:42:00,59.5525,59.5525,59.5331,59.538,2001
2026-08-06 13:43:00,59.5234,59.5428,59.5234,59.5428,1352
2026-08-06 13:44:00,59.5348,59.5428,59.5348,59.5428,801
2026-08-06 13:45:00,59.5331,59.5331,59.5331,59.5331,455
2026-08-06 13:46:00,59.5234,59.5234,59.4945,59.5041,1272
2026-08-06 13:47:00,59.5138,59.5138,59.4605,59.4653,1636
2026-08-06 13:48:00,59.4641,59.4641,59.4363,59.4363,5047
2026-08-06 13:49:00,59.446,59.4557,59.4411,59.4557,1569
2026-08-06 13:50:00,59.4653,59.475,59.4653,59.475,3395
2026-08-06 13:51:00,59.475,59.475,59.4653,59.4653,842
2026-08-06 13:52:00,59.4557,59.4557,59.4266,59.4266,2496
2026-08-06 13:53:00,59.4218,59.4363,59.4169,59.4363,1522
2026-08-06 13:54:00,59.4532,59.4532,59.4532,59.4532,565
2026-08-06 13:55:00,59.446,59.4508,59.4363,59.446,1914
2026-08-06 13:56:00,59.446,59.4508,59.4363,59.446,1648
2026-08-06 13:57:00,59.4363,59.4363,59.4266,59.4266,991
2026-08-06 13:58:00,59.4315,59.4363,59.4169,59.4169,1280
2026-08-06 13:59:00,59.4146,59.4267,59.4121,59.4267,2132
2026-08-06 14:00:00,59.4266,59.4363,59.4169,59.4363,1345
2026-08-06 14:01:00,59.4266,59.4266,59.4073,59.4121,1315
2026-08-06 14:02:00,59.4169,59.4266,59.4169,59.4169,1601
2026-08-06 14:03:00,59.4073,59.4169,59.4024,59.4024,2238
2026-08-06 14:04:00,59.4024,59.4024,59.3782,59.3879,4235
2026-08-06 14:05:00,59.3927,59.4073,59.3927,59.4073,602
2026-08-06 14:06:00,59.4073,59.4073,59.4073,59.4073,700
2026-08-06 14:07:00,59.3879,59.3927,59.3637,59.3685,3751
2026-08-06 14:08:00,59.3686,59.3782,59.3589,59.3685,3026
2026-08-06 14:09:00,59.3927,59.3976,59.3879,59.3879,1068
2026-08-06 14:10:00,59.3976,59.3976,59.3879,59.3879,1713
2026-08-06 14:11:00,59.3831,59.3831,59.3695,59.3774,3111
2026-08-06 14:12:00,59.3782,59.3976,59.3782,59.3976,1144
2026-08-06 14:13:00,59.3782,59.3879,59.3637,59.3685,2012
2026-08-06 14:14:00,59.3685,59.3685,59.3589,59.3589,2336
2026-08-06 14:15:00,59.3492,59.3492,59.3056,59.3105,4161
2026-08-06 14:16:00,59.3298,59.3347,59.3298,59.3311,989
2026-08-06 14:17:00,59.3347,59.3685,59.3298,59.3685,5643
2026-08-06 14:18:00,59.3589,59.3589,59.3298,59.3298,4366
2026-08-06 14:19:00,59.3395,59.3589,59.3395,59.354,4390
2026-08-06 14:20:00,59.3492,59.3492,59.3492,59.3492,795
2026-08-06 14:21:00,59.354,59.354,59.3298,59.3298,2490
2026-08-06 14:22:00,59.3298,59.3298,59.3201,59.3201,1368
2026-08-06 14:23:00,59.3261,59.3492,59.3201,59.3492,1373
2026-08-06 14:24:00,59.3395,59.3395,59.3298,59.3298,1860
2026-08-06 14:25:00,59.326,59.3398,59.325,59.3397,2497
2026-08-06 14:26:00,59.3502,59.3637,59.3492,59.3637,1222
2026-08-06 14:27:00,59.3637,59.3637,59.354,59.354,956
2026-08-06 14:28:00,59.354,59.354,59.3492,59.3492,1329
2026-08-06 14:29:00,59.3492,59.3492,59.3485,59.3485,1267
2026-08-06 14:30:00,59.3395,59.3395,59.3201,59.3201,2833
2026-08-06 14:31:00,59.3201,59.325,59.3105,59.3105,1820
2026-08-06 14:32:00,59.3056,59.3105,59.2669,59.2669,3141
2026-08-06 14:33:00,59.2814,59.3008,59.2814,59.2911,1018
2026-08-06 14:34:00,59.2911,59.2911,59.2766,59.2911,3313
2026-08-06 14:35:00,59.2911,59.2911,59.2814,59.2814,2430
2026-08-06 14:36:00,59.2814,59.2863,59.2766,59.2766,1803
2026-08-06 14:37:00,59.2766,59.3007,59.2621,59.3007,1695
2026-08-06 14:38:00,59.2815,59.2959,59.2815,59.2911,7393
2026-08-06 14:39:00,59.2911,59.3008,59.2911,59.2959,1645
2026-08-06 14:40:00,59.3008,59.3056,59.3008,59.3008,3003
2026-08-06 14:41:00,59.3105,59.325,59.3105,59.325,1529
2026-08-06 14:42:00,59.3201,59.325,59.3056,59.3056,3132
2026-08-06 14:43:00,59.3008,59.3008,59.2863,59.2863,971
2026-08-06 14:44:00,59.2814,59.2959,59.2766,59.2928,5241
2026-08-06 14:45:00,59.2959,59.2959,59.2863,59.2911,2216
2026-08-06 14:46:00,59.2814,59.2814,59.2717,59.2814,2271
2026-08-06 14:47:00,59.2718,59.2718,59.233,59.2524,6916
2026-08-06 14:48:00,59.2379,59.2379,59.2282,59.2282,1711
2026-08-06 14:49:00,59.2282,59.2282,59.2185,59.2233,5853
2026-08-06 14:50:00,59.2185,59.2282,59.2185,59.2282,2790
2026-08-06 14:51:00,59.2264,59.233,59.2233,59.2236,6814
2026-08-06 14:52:00,59.2379,59.2524,59.233,59.2379,4873
2026-08-06 14:53:00,59.233,59.233,59.2233,59.2282,3092
2026-08-06 14:54:00,59.2282,59.233,59.2233,59.2233,3356
2026-08-06 14:55:00,59.2233,59.2524,59.2233,59.2524,1704
2026-08-06 14:56:00,59.262,59.262,59.2524,59.2572,1930
2026-08-06 14:57:00,59.2621,59.2669,59.2572,59.2572,2131
2026-08-06 14:58:00,59.2572,59.2621,59.2572,59.2572,1342
2026-08-06 14:59:00,59.2621,59.2717,59.2621,59.2621,6724
2026-08-06 15:00:00,59.2669,59.2814,59.2669,59.2766,5889
2026-08-06 15:01:00,59.2766,59.2766,59.2669,59.2717,2544
2026-08-06 15:02:00,59.2621,59.3105,59.2621,59.3105,4509
2026-08-06 15:03:00,59.3105,59.3201,59.2959,59.3007,3998
2026-08-06 15:04:00,59.3008,59.3105,59.3008,59.3056,2836
2026-08-06 15:05:00,59.3066,59.3092,59.3056,59.3056,743
2026-08-06 15:06:00,59.3056,59.3201,59.3056,59.3153,3744
2026-08-06 15:07:00,59.3105,59.3105,59.2911,59.2959,4320
2026-08-06 15:08:00,59.2911,59.3008,59.2863,59.2959,4892
2026-08-06 15:09:00,59.2959,59.3008,59.2959,59.3008,1044
2026-08-06 15:10:00,59.2959,59.3289,59.2959,59.3289,6606
2026-08-06 15:11:00,59.3298,59.3298,59.325,59.3298,5138
2026-08-06 15:12:00,59.3298,59.3298,59.3105,59.3105,3673
2026-08-06 15:13:00,59.3105,59.325,59.2959,59.325,8598
2026-08-06 15:14:00,59.3153,59.3201,59.3107,59.3153,1263
2026-08-06 15:15:00,59.3153,59.325,59.3153,59.3202,2084
2026-08-06 15:16:00,59.3297,59.3395,59.3227,59.3347,1873
2026-08-06 15:17:00,59.3395,59.3395,59.3298,59.3395,2689
2026-08-06 15:18:00,59.3492,59.354,59.3492,59.354,1027
2026-08-06 15:19:00,59.354,59.354,59.3443,59.354,3199
2026-08-06 15:20:00,59.354,59.3685,59.354,59.3637,2433
2026-08-06 15:21:00,59.3637,59.3637,59.3443,59.3443,3708
2026-08-06 15:22:00,59.3443,59.3492,59.3443,59.3492,2033
2026-08-06 15:23:00,59.3492,59.3492,59.325,59.3298,7831
2026-08-06 15:24:00,59.3298,59.3395,59.3298,59.3347,392
2026-08-06 15:25:00,59.3347,59.3395,59.3299,59.3347,1655
2026-08-06 15:26:00,59.3347,59.3347,59.3201,59.325,3326
2026-08-06 15:27:00,59.3201,59.3201,59.3105,59.3201,2475
2026-08-06 15:28:00,59.3153,59.3298,59.3153,59.3201,3112
2026-08-06 15:29:00,59.325,59.3298,59.3201,59.3201,5621
2026-08-06 15:30:00,59.3201,59.3201,59.2959,59.3153,8639
2026-08-06 15:31:00,59.3201,59.3298,59.3153,59.3201,2611
2026-08-06 15:32:00,59.325,59.3492,59.3226,59.3395,3691
2026-08-06 15:33:00,59.3395,59.354,59.3395,59.3492,5147
2026-08-06 15:34:00,59.358,59.3589,59.3397,59.3443,8010
2026-08-06 15:35:00,59.3443,59.3443,59.3298,59.3347,3081
2026-08-06 15:36:00,59.3347,59.3637,59.3298,59.3589,9060
2026-08-06 15:37:00,59.3589,59.3589,59.3493,59.354,1489
2026-08-06 15:38:00,59.3589,59.3589,59.3395,59.3395,4633
2026-08-06 15:39:00,59.3443,59.3492,59.3395,59.3492,4617
2026-08-06 15:40:00,59.3443,59.3589,59.3395,59.3395,6649
2026-08-06 15:41:00,59.3443,59.3492,59.3201,59.3395,13172
2026-08-06 15:42:00,59.3396,59.3396,59.325,59.325,1803
2026-08-06 15:43:00,59.3201,59.3201,59.3105,59.3105,1870
2026-08-06 15:44:00,59.3105,59.3105,59.3008,59.3105,10303
2026-08-06 15:45:00,59.3105,59.3201,59.3105,59.3153,10548
2026-08-06 15:46:00,59.3153,59.3347,59.3153,59.3347,3188
2026-08-06 15:47:00,59.3347,59.3347,59.3056,59.3201,13348
2026-08-06 15:48:00,59.3298,59.3347,59.3153,59.3347,7906
2026-08-06 15:49:00,59.3298,59.3347,59.3201,59.325,5714
2026-08-06 15:50:00,59.3201,59.3298,59.2911,59.2959,8951
2026-08-06 15:51:00,59.2959,59.2959,59.2475,59.2524,23461
2026-08-06 15:52:00,59.2427,59.2475,59.2282,59.235,14199
2026-08-06 15:53:00,59.2379,59.2524,59.2233,59.2233,14531
2026-08-06 15:54:00,59.2233,59.2233,59.204,59.2185,18289
2026-08-06 15:55:00,59.2137,59.2137,59.1798,59.1798,12711
2026-08-06 15:56:00,59.1798,59.1846,59.1653,59.1843,14819
2026-08-06 15:57:00,59.1846,59.1846,59.1763,59.1798,5970
2026-08-06 15:58:00,59.1749,59.1895,59.1556,59.1556,29870
2026-08-06 15:59:00,59.1507,59.1556,59.1362,59.1459,30759
2026-08-07 09:30:00,59.1846,59.1846,59.0975,59.1749,20988
2026-08-07 09:31:00,59.1362,59.1749,59.1265,59.1749,9321
2026-08-07 09:32:00,59.1362,59.204,59.1362,59.204,6283
2026-08-07 09:33:00,59.204,59.2137,59.204,59.2137,367
2026-08-07 09:34:00,59.2233,59.233,59.204,59.2233,3600
2026-08-07 09:35:00,59.1846,59.2137,59.1846,59.2137,8590
2026-08-07 09:36:00,59.2233,59.2427,59.2233,59.233,1374
2026-08-07 09:37:00,59.2427,59.2717,59.233,59.233,11408
2026-08-07 09:38:00,59.2414,59.2524,59.2414,59.2524,7375
2026-08-07 09:39:00,59.2524,59.2621,59.2475,59.2621,8331
2026-08-07 09:40:00,59.2524,59.2621,59.2475,59.2475,3741
2026-08-07 09:41:00,59.2427,59.2524,59.2233,59.2524,10062
2026-08-07 09:42:00,59.2427,59.2717,59.2427,59.2717,1380
2026-08-07 09:43:00,59.2717,59.2717,59.2524,59.2524,2317
2026-08-07 09:44:00,59.2427,59.2621,59.233,59.233,3246
2026-08-07 09:45:00,59.2379,59.2524,59.2233,59.2475,6686
2026-08-07 09:46:00,59.2621,59.3105,59.2621,59.3056,8565
2026-08-07 09:47:00,59.3105,59.3105,59.2814,59.2814,2411
2026-08-07 09:48:00,59.2814,59.2814,59.2625,59.2625,7685
2026-08-07 09:49:00,59.2621,59.2717,59.2524,59.2621,3398
2026-08-07 09:50:00,59.2621,59.2911,59.2524,59.2814,8233
2026-08-07 09:51:00,59.2814,59.3443,59.2814,59.3396,8299
2026-08-07 09:52:00,59.3492,59.3492,59.3298,59.3347,2729
2026-08-07 09:53:00,59.3347,59.3492,59.3298,59.3395,3513
2026-08-07 09:54:00,59.3298,59.3298,59.3201,59.3298,4519
2026-08-07 09:55:00,59.3685,59.3976,59.3685,59.3976,1768
2026-08-07 09:56:00,59.3976,59.3976,59.3782,59.3879,2513
2026-08-07 09:57:00,59.3782,59.3782,59.3589,59.359,2816
2026-08-07 09:58:00,59.3685,59.4058,59.3685,59.4024,3606
2026-08-07 09:59:00,59.4024,59.4121,59.3976,59.4024,11253
2026-08-07 10:00:00,59.4121,59.4121,59.3734,59.4024,9887
2026-08-07 10:01:00,59.4015,59.4557,59.4015,59.4557,3950
2026-08-07 10:02:00,59.4557,59.4653,59.4411,59.446,5117
2026-08-07 10:03:00,59.446,59.4653,59.446,59.4557,2793
2026-08-07 10:04:00,59.4557,59.4653,59.4315,59.4315,5747
2026-08-07 10:05:00,59.4363,59.4605,59.4363,59.4411,5867
2026-08-07 10:06:00,59.446,59.4557,59.4218,59.4363,6297
2026-08-07 10:07:00,59.4266,59.4557,59.4266,59.446,2806
2026-08-07 10:08:00,59.4385,59.4508,59.4385,59.4508,4539
2026-08-07 10:09:00,59.446,59.4481,59.4363,59.4363,3720
2026-08-07 10:10:00,59.446,59.4557,59.446,59.446,3944
2026-08-07 10:11:00,59.4363,59.4508,59.4315,59.4508,2227
2026-08-07 10:12:00,59.4508,59.4992,59.4508,59.4992,3451
2026-08-07 10:13:00,59.4992,59.5186,59.4944,59.5138,3279
2026-08-07 10:14:00,59.5089,59.5186,59.5041,59.5089,4294
2026-08-07 10:15:00,59.5041,59.5041,59.4944,59.4944,2464
2026-08-07 10:16:00,59.4992,59.5186,59.4944,59.5041,5666
2026-08-07 10:17:00,59.5041,59.5041,59.4653,59.4799,39947
2026-08-07 10:18:00,59.475,59.475,59.4557,59.4653,2562
2026-08-07 10:19:00,59.4557,59.4557,59.4218,59.4246,2542
2026-08-07 10:20:00,59.4266,59.4508,59.4266,59.446,7589
2026-08-07 10:21:00,59.4451,59.4451,59.4411,59.4411,1078
2026-08-07 10:22:00,59.4508,59.4653,59.4508,59.4605,2437
2026-08-07 10:23:00,59.4702,59.4702,59.4508,59.4508,4911
2026-08-07 10:24:00,59.4508,59.4896,59.4508,59.4896,7585
2026-08-07 10:25:00,59.4896,59.5089,59.4896,59.5041,6073
2026-08-07 10:26:00,59.5234,59.5234,59.5089,59.5186,3307
2026-08-07 10:27:00,59.5186,59.5186,59.4944,59.4944,5804
2026-08-07 10:28:00,59.5041,59.5041,59.4847,59.4847,2790
2026-08-07 10:29:00,59.4944,59.5138,59.4944,59.5138,4434
2026-08-07 10:30:00,59.5089,59.5186,59.4944,59.5186,8355
2026-08-07 10:31:00,59.5138,59.5138,59.4944,59.4944,3089
2026-08-07 10:32:00,59.4992,59.5138,59.4992,59.5089,1636
2026-08-07 10:33:00,59.5089,59.5476,59.5089,59.538,6099
2026-08-07 10:34:00,59.5428,59.5476,59.5234,59.5331,5918
2026-08-07 10:35:00,59.5428,59.5428,59.538,59.538,1516
2026-08-07 10:36:00,59.5428,59.5525,59.538,59.5525,1362
2026-08-07 10:37:00,59.5467,59.5525,59.5428,59.5428,5198
2026-08-07 10:38:00,59.538,59.5476,59.5234,59.5476,6039
2026-08-07 10:39:00,59.5428,59.5476,59.5138,59.5331,5486
2026-08-07 10:40:00,59.5476,59.5476,59.5041,59.5041,6233
2026-08-07 10:41:00,59.4944,59.5019,59.4847,59.4992,8922
2026-08-07 10:42:00,59.4944,59.4992,59.4847,59.4847,6379
2026-08-07 10:43:00,59.475,59.4799,59.4557,59.4653,5590
2026-08-07 10:44:00,59.4751,59.4944,59.4751,59.4896,1122
2026-08-07 10:45:00,59.4944,59.5186,59.4944,59.4992,5174
2026-08-07 10:46:00,59.5041,59.5089,59.4944,59.4944,3783
2026-08-07 10:47:00,59.503,59.5089,59.4944,59.4992,4772
2026-08-07 10:48:00,59.4944,59.5023,59.4653,59.475,8780
2026-08-07 10:49:00,59.4847,59.4847,59.4653,59.4653,4682
2026-08-07 10:50:00,59.4702,59.475,59.4508,59.4508,1833
2026-08-07 10:51:00,59.4557,59.4799,59.4508,59.4799,4720
2026-08-07 10:52:00,59.4799,59.4847,59.475,59.4847,2156
2026-08-07 10:53:00,59.4788,59.4799,59.4653,59.4653,7730
2026-08-07 10:54:00,59.4653,59.4702,59.4653,59.4702,2048
2026-08-07 10:55:00,59.4653,59.4847,59.4653,59.4847,5637
2026-08-07 10:56:00,59.4799,59.4799,59.4702,59.4702,3155
2026-08-07 10:57:00,59.4702,59.4702,59.4653,59.4653,3282
2026-08-07 10:59:00,59.475,59.475,59.4702,59.4702,697
2026-08-07 11:00:00,59.4702,59.4702,59.4653,59.4702,4091
2026-08-07 11:01:00,59.475,59.4799,59.4557,59.475,4741
2026-08-07 11:02:00,59.4799,59.4799,59.4653,59.4653,2140
2026-08-07 11:03:00,59.4557,59.4605,59.446,59.4605,5001
2026-08-07 11:04:00,59.4605,59.4702,59.4557,59.4702,3024
2026-08-07 11:05:00,59.4653,59.4653,59.446,59.4653,4920
2026-08-07 11:06:00,59.4653,59.4702,59.4558,59.4653,4304
2026-08-07 11:07:00,59.4557,59.475,59.4557,59.4557,3245
2026-08-07 11:08:00,59.4605,59.4702,59.4605,59.4702,1009
2026-08-07 11:09:00,59.4653,59.475,59.4653,59.475,1277
2026-08-07 11:10:00,59.4653,59.4653,59.4508,59.4508,4739
2026-08-07 11:11:00,59.446,59.446,59.4266,59.4266,7789
2026-08-07 11:12:00,59.4266,59.4266,59.3879,59.3927,10230
2026-08-07 11:13:00,59.3927,59.3976,59.3782,59.3782,2063
2026-08-07 11:14:00,59.3831,59.3831,59.3685,59.3685,1705
2026-08-07 11:15:00,59.3492,59.3637,59.3443,59.3443,7395
2026-08-07 11:16:00,59.3443,59.354,59.3395,59.3395,3536
2026-08-07 11:17:00,59.3443,59.3443,59.3298,59.3298,2882
2026-08-07 11:18:00,59.3347,59.3637,59.3347,59.3395,15193
2026-08-07 11:19:00,59.3395,59.354,59.3395,59.3443,5950
2026-08-07 11:20:00,59.3492,59.3685,59.3492,59.3589,6384
2026-08-07 11:21:00,59.3637,59.3734,59.3637,59.3734,4999
2026-08-07 11:22:00,59.3734,59.3782,59.3492,59.3589,5739
2026-08-07 11:23:00,59.3589,59.3676,59.3589,59.359,2507
2026-08-07 11:24:00,59.3637,59.3831,59.3589,59.3589,17402
2026-08-07 11:25:00,59.3589,59.3685,59.3492,59.3685,9520
2026-08-07 11:26:00,59.3698,59.3831,59.3698,59.3831,7907
2026-08-07 11:27:00,59.3879,59.3976,59.3879,59.3927,5815
2026-08-07 11:28:00,59.3879,59.3927,59.3879,59.3927,933
2026-08-07 11:29:00,59.3927,59.3927,59.354,59.354,8399
2026-08-07 11:30:00,59.3492,59.3937,59.3492,59.3937,3722
2026-08-07 11:31:00,59.3976,59.4024,59.3589,59.3968,47141
2026-08-07 11:32:00,59.4024,59.4121,59.3976,59.4073,1593
2026-08-07 11:33:00,59.4074,59.4121,59.3685,59.3685,33807
2026-08-07 11:34:00,59.3685,59.4121,59.3685,59.3976,9570
2026-08-07 11:35:00,59.4169,59.4411,59.4169,59.4266,23152
2026-08-07 11:36:00,59.4218,59.4218,59.4024,59.4073,7441
2026-08-07 11:37:00,59.4073,59.4218,59.4073,59.4218,3510
2026-08-07 11:38:00,59.4266,59.4315,59.4266,59.4315,3017
2026-08-07 11:39:00,59.4315,59.4315,59.4169,59.4169,2553
2026-08-07 11:40:00,59.4266,59.4315,59.4266,59.4266,2165
2026-08-07 11:41:00,59.4169,59.4169,59.3927,59.3927,3587
2026-08-07 11:42:00,59.3879,59.3879,59.3685,59.3685,2693
2026-08-07 11:43:00,59.3782,59.3878,59.3782,59.3878,1475
2026-08-07 11:44:00,59.3879,59.4024,59.3831,59.4024,1414
2026-08-07 11:45:00,59.4024,59.4121,59.3976,59.4121,2279
2026-08-07 11:46:00,59.4121,59.4218,59.4073,59.4169,1476
2026-08-07 11:47:00,59.4169,59.4363,59.4169,59.4315,2698
2026-08-07 11:48:00,59.4363,59.4799,59.4363,59.4702,6452
2026-08-07 11:49:00,59.4702,59.4847,59.4642,59.475,10468
2026-08-07 11:50:00,59.4799,59.4992,59.475,59.4944,2012
2026-08-07 11:51:00,59.5041,59.5089,59.4992,59.5089,2026
2026-08-07 11:52:00,59.5089,59.5283,59.4944,59.4944,2457
2026-08-07 11:53:00,59.4992,59.4992,59.4943,59.4944,1844
2026-08-07 11:54:00,59.4992,59.4992,59.4944,59.4944,823
2026-08-07 11:55:00,59.4799,59.4799,59.4702,59.4702,1592
2026-08-07 11:56:00,59.475,59.4799,59.4557,59.4557,2667
2026-08-07 11:57:00,59.446,59.446,59.4266,59.4363,2805
2026-08-07 11:58:00,59.4363,59.446,59.4363,59.446,1775
2026-08-07 11:59:00,59.446,59.4799,59.446,59.4799,5731
2026-08-07 12:00:00,59.4799,59.4799,59.4508,59.4508,3419
2026-08-07 12:01:00,59.4508,59.4508,59.4363,59.446,1775
2026-08-07 12:02:00,59.4411,59.4411,59.4363,59.4363,582
2026-08-07 12:03:00,59.4315,59.4315,59.4315,59.4315,427
2026-08-07 12:04:00,59.4363,59.4605,59.4363,59.4605,1439
2026-08-07 12:05:00,59.4605,59.4702,59.4605,59.4702,804
2026-08-07 12:06:00,59.4702,59.4702,59.4653,59.4702,2232
2026-08-07 12:07:00,59.4653,59.475,59.4557,59.475,7847
2026-08-07 12:08:00,59.4799,59.4799,59.4605,59.4653,3202
2026-08-07 12:09:00,59.4605,59.4605,59.4605,59.4605,345
2026-08-07 12:10:00,59.4653,59.4653,59.4557,59.4557,1170
2026-08-07 12:11:00,59.4557,59.4605,59.4411,59.4411,4150
2026-08-07 12:12:00,59.4411,59.4557,59.4411,59.446,4501
2026-08-07 12:13:00,59.446,59.4605,59.446,59.4508,2051
2026-08-07 12:14:00,59.4508,59.4557,59.4508,59.4557,1112
2026-08-07 12:15:00,59.4702,59.475,59.4653,59.4702,3342
2026-08-07 12:16:00,59.4653,59.4702,59.4653,59.4702,1511
2026-08-07 12:17:00,59.4653,59.4702,59.4653,59.4653,886
2026-08-07 12:18:00,59.475,59.475,59.475,59.475,352
2026-08-07 12:19:00,59.4702,59.4702,59.4605,59.4702,1489
2026-08-07 12:20:00,59.4739,59.475,59.4739,59.475,927
2026-08-07 12:21:00,59.4702,59.4702,59.4702,59.4702,561
2026-08-07 12:22:00,59.4702,59.4734,59.4702,59.4734,1215
2026-08-07 12:23:00,59.4702,59.4702,59.4605,59.4605,1817
2026-08-07 12:24:00,59.4605,59.4605,59.4557,59.4557,2518
2026-08-07 12:25:00,59.4557,59.4557,59.4508,59.4508,445
2026-08-07 12:26:00,59.4508,59.4557,59.4508,59.4508,1522
2026-08-07 12:27:00,59.4508,59.4557,59.4468,59.4557,2455
2026-08-07 12:28:00,59.4605,59.475,59.4605,59.4605,2513
2026-08-07 12:29:00,59.4508,59.4508,59.4411,59.4411,2718
2026-08-07 12:30:00,59.4411,59.4411,59.4218,59.4266,2617
2026-08-07 12:31:00,59.4218,59.4363,59.4218,59.4315,1460
2026-08-07 12:32:00,59.4266,59.4266,59.4169,59.4169,1402
2026-08-07 12:33:00,59.4169,59.4169,59.3976,59.3976,4221
2026-08-07 12:34:00,59.3927,59.3927,59.3782,59.3782,1563
2026-08-07 12:35:00,59.3831,59.3831,59.3443,59.3492,1980
2026-08-07 12:36:00,59.354,59.3589,59.3492,59.3492,1611
2026-08-07 12:37:00,59.3201,59.3298,59.3201,59.3298,962
2026-08-07 12:38:00,59.3395,59.3492,59.325,59.325,2508
2026-08-07 12:39:00,59.3297,59.3297,59.3153,59.3153,860
2026-08-07 12:40:00,59.3153,59.3443,59.3153,59.3443,1265
2026-08-07 12:41:00,59.3443,59.3589,59.3443,59.3492,2615
2026-08-07 12:42:00,59.3492,59.3637,59.3486,59.3637,2175
2026-08-07 12:43:00,59.3589,59.3782,59.3492,59.3782,5552
2026-08-07 12:44:00,59.3831,59.3879,59.3831,59.3879,4320
2026-08-07 12:45:00,59.3927,59.3927,59.3734,59.3734,1931
2026-08-07 12:46:00,59.3685,59.3937,59.3685,59.3927,1135
2026-08-07 12:47:00,59.3879,59.4024,59.3879,59.3879,2894
2026-08-07 12:48:00,59.3927,59.3927,59.3927,59.3927,128
2026-08-07 12:49:00,59.3927,59.3927,59.3782,59.3831,1378
2026-08-07 12:50:00,59.3927,59.4073,59.3927,59.4024,6628
2026-08-07 12:51:00,59.3976,59.4121,59.3927,59.4073,4257
2026-08-07 12:52:00,59.4073,59.4073,59.3903,59.3903,2830
2026-08-07 12:53:00,59.3976,59.4073,59.3976,59.4073,832
2026-08-07 12:54:00,59.4169,59.4265,59.4169,59.4265,765
2026-08-07 12:55:00,59.4315,59.4315,59.4315,59.4315,527
2026-08-07 12:56:00,59.4315,59.4315,59.4169,59.4218,2162
2026-08-07 12:57:00,59.4169,59.4218,59.4168,59.4168,2004
2026-08-07 12:58:00,59.4073,59.4073,59.3976,59.3976,1082
2026-08-07 12:59:00,59.3976,59.3976,59.3879,59.3898,850
2026-08-07 13:00:00,59.3976,59.4121,59.3879,59.3927,4310
2026-08-07 13:01:00,59.3927,59.3927,59.3927,59.3927,406
2026-08-07 13:02:00,59.3976,59.3976,59.3782,59.3782,2568
2026-08-07 13:03:00,59.3782,59.3782,59.3685,59.3685,368
2026-08-07 13:04:00,59.354,59.3879,59.354,59.3879,2816
2026-08-07 13:05:00,59.3976,59.3976,59.3879,59.3976,2202
2026-08-07 13:06:00,59.3927,59.3927,59.3782,59.3782,4000
2026-08-07 13:07:00,59.3782,59.3879,59.3782,59.3831,2780
2026-08-07 13:08:00,59.3831,59.3927,59.3831,59.3927,1634
2026-08-07 13:09:00,59.3976,59.4037,59.3976,59.4024,2077
2026-08-07 13:10:00,59.4073,59.4121,59.3976,59.4024,2119
2026-08-07 13:11:00,59.4073,59.4073,59.3831,59.3831,2262
2026-08-07 13:13:00,59.3976,59.3976,59.3927,59.3927,274
2026-08-07 13:14:00,59.3879,59.3879,59.3734,59.3734,968
2026-08-07 13:15:00,59.3879,59.4073,59.3879,59.4073,3201
2026-08-07 13:16:00,59.4121,59.4218,59.4121,59.4169,1901
2026-08-07 13:17:00,59.4121,59.4121,59.4073,59.4121,640
2026-08-07 13:18:00,59.4169,59.4169,59.4073,59.4073,912
2026-08-07 13:19:00,59.4169,59.4411,59.4169,59.4266,4960
2026-08-07 13:20:00,59.4363,59.4605,59.4363,59.4605,2871
2026-08-07 13:21:00,59.4605,59.475,59.4605,59.4702,1800
2026-08-07 13:22:00,59.4702,59.4702,59.4508,59.4508,2389
2026-08-07 13:23:00,59.446,59.446,59.4363,59.4363,738
2026-08-07 13:24:00,59.4315,59.4315,59.4315,59.4315,670
2026-08-07 13:25:00,59.4121,59.4169,59.4083,59.4083,544
2026-08-07 13:26:00,59.4121,59.4315,59.4121,59.4315,2514
2026-08-07 13:27:00,59.4315,59.4315,59.4218,59.4266,1312
2026-08-07 13:28:00,59.4315,59.4362,59.4315,59.4362,295
2026-08-07 13:29:00,59.446,59.4702,59.446,59.4702,1822
2026-08-07 13:30:00,59.475,59.4896,59.475,59.4896,2199
2026-08-07 13:31:00,59.4908,59.4926,59.4847,59.4847,2395
2026-08-07 13:32:00,59.4799,59.4847,59.4653,59.4653,2926
2026-08-07 13:33:00,59.475,59.4847,59.475,59.4847,1750
2026-08-07 13:34:00,59.4944,59.4992,59.4847,59.4847,3765
2026-08-07 13:35:00,59.4739,59.4739,59.4363,59.4411,2282
2026-08-07 13:36:00,59.4508,59.4557,59.4508,59.4557,668
2026-08-07 13:37:00,59.4605,59.4653,59.4605,59.4653,771
2026-08-07 13:38:00,59.4654,59.475,59.4654,59.475,637
2026-08-07 13:39:00,59.4702,59.4896,59.4702,59.4896,989
2026-08-07 13:40:00,59.4935,59.5041,59.4935,59.5041,2875
2026-08-07 13:41:00,59.5041,59.5041,59.4896,59.4896,1901
2026-08-07 13:42:00,59.4896,59.4944,59.475,59.475,1160
2026-08-07 13:43:00,59.4847,59.4896,59.4847,59.4896,669
2026-08-07 13:44:00,59.4944,59.4968,59.4896,59.4896,1627
2026-08-07 13:45:00,59.4944,59.4992,59.4896,59.4944,3729
2026-08-07 13:46:00,59.4896,59.4944,59.4847,59.4896,1204
2026-08-07 13:47:00,59.4896,59.4896,59.475,59.4847,2412
2026-08-07 13:48:00,59.475,59.475,59.4557,59.4605,1679
2026-08-07 13:49:00,59.4605,59.4605,59.4508,59.4508,1966
2026-08-07 13:50:00,59.4508,59.4508,59.4508,59.4508,826
2026-08-07 13:51:00,59.4557,59.4557,59.4508,59.4508,1454
2026-08-07 13:52:00,59.446,59.4508,59.4315,59.4315,4242
2026-08-07 13:53:00,59.4315,59.4315,59.4315,59.4315,518
2026-08-07 13:54:00,59.4266,59.4315,59.4266,59.4315,1423
2026-08-07 13:55:00,59.4315,59.4411,59.4169,59.4368,4411
2026-08-07 13:56:00,59.4411,59.4508,59.4411,59.4508,516
2026-08-07 13:57:00,59.4557,59.4557,59.4411,59.4557,1505
2026-08-07 13:58:00,59.4557,59.4557,59.4508,59.4508,2231
2026-08-07 13:59:00,59.4605,59.475,59.4605,59.475,1758
2026-08-07 14:00:00,59.4725,59.4725,59.4702,59.4702,679
2026-08-07 14:01:00,59.475,59.4799,59.4702,59.4702,1092
2026-08-07 14:02:00,59.4702,59.4702,59.4605,59.4605,1950
2026-08-07 14:03:00,59.4653,59.4847,59.4653,59.4847,4994
2026-08-07 14:04:00,59.4847,59.4847,59.475,59.475,1918
2026-08-07 14:05:00,59.4896,59.5041,59.485,59.504,2414
2026-08-07 14:06:00,59.4992,59.5186,59.4944,59.5135,6075
2026-08-07 14:07:00,59.5138,59.5186,59.5089,59.5089,1946
2026-08-07 14:08:00,59.5051,59.5186,59.5051,59.5186,751
2026-08-07 14:09:00,59.5234,59.5283,59.5234,59.5283,1780
2026-08-07 14:10:00,59.5283,59.538,59.5234,59.5283,3530
2026-08-07 14:11:00,59.5283,59.538,59.5234,59.538,2929
2026-08-07 14:12:00,59.538,59.5476,59.538,59.5476,960
2026-08-07 14:13:00,59.5524,59.5524,59.5524,59.5524,328
2026-08-07 14:14:00,59.5525,59.5525,59.5476,59.5476,631
2026-08-07 14:15:00,59.5476,59.5622,59.5476,59.5573,4373
2026-08-07 14:16:00,59.5573,59.5573,59.5428,59.5476,2892
2026-08-07 14:17:00,59.5476,59.5573,59.5476,59.5573,1994
2026-08-07 14:18:00,59.5526,59.5573,59.5428,59.5476,5070
2026-08-07 14:19:00,59.5525,59.5622,59.5476,59.5573,2848
2026-08-07 14:20:00,59.5573,59.5718,59.5573,59.567,3666
2026-08-07 14:21:00,59.5718,59.5718,59.567,59.567,1819
2026-08-07 14:22:00,59.567,59.568,59.5573,59.5573,3246
2026-08-07 14:23:00,59.5531,59.5531,59.5531,59.5531,1109
2026-08-07 14:24:00,59.5622,59.567,59.5622,59.567,1677
2026-08-07 14:25:00,59.567,59.571,59.5631,59.567,1487
2026-08-07 14:26:00,59.567,59.5718,59.5573,59.5622,3887
2026-08-07 14:27:00,59.5573,59.5573,59.5283,59.533,2762
2026-08-07 14:28:00,59.5234,59.5476,59.5234,59.5476,3693
2026-08-07 14:29:00,59.5525,59.567,59.5525,59.567,2777
2026-08-07 14:30:00,59.5718,59.5815,59.5718,59.5815,855
2026-08-07 14:31:00,59.5912,59.596,59.5912,59.596,4988
2026-08-07 14:32:00,59.596,59.596,59.5864,59.596,4332
2026-08-07 14:33:00,59.5912,59.5912,59.5864,59.5864,810
2026-08-07 14:34:00,59.5911,59.596,59.5911,59.596,3439
2026-08-07 14:35:00,59.6009,59.6057,59.596,59.596,2004
2026-08-07 14:36:00,59.6009,59.6057,59.596,59.6009,3113
2026-08-07 14:37:00,59.6009,59.6057,59.6009,59.6057,554
2026-08-07 14:38:00,59.6105,59.6106,59.6105,59.6106,1314
2026-08-07 14:39:00,59.6057,59.6154,59.6009,59.6154,4743
2026-08-07 14:40:00,59.6202,59.6251,59.596,59.596,5920
2026-08-07 14:41:00,59.6009,59.6057,59.6009,59.6057,859
2026-08-07 14:42:00,59.6057,59.6057,59.5815,59.5912,3539
2026-08-07 14:43:00,59.5912,59.5912,59.5864,59.5912,1620
2026-08-07 14:44:00,59.6009,59.6202,59.6009,59.6154,2285
2026-08-07 14:45:00,59.6154,59.6154,59.596,59.596,5395
2026-08-07 14:46:00,59.6057,59.6154,59.6057,59.6106,2940
2026-08-07 14:47:00,59.6106,59.6106,59.6009,59.6089,1592
2026-08-07 14:48:00,59.6057,59.6057,59.6009,59.6057,2780
2026-08-07 14:49:00,59.6106,59.6154,59.6057,59.6106,2044
2026-08-07 14:50:00,59.6154,59.6154,59.6009,59.6009,3608
2026-08-07 14:51:00,59.596,59.6009,59.5912,59.596,3229
2026-08-07 14:52:00,59.596,59.596,59.5767,59.5767,4399
2026-08-07 14:53:00,59.5767,59.5767,59.5622,59.5622,992
2026-08-07 14:54:00,59.5622,59.567,59.5622,59.5636,581
2026-08-07 14:55:00,59.5622,59.5815,59.5622,59.5622,5470
2026-08-07 14:56:00,59.5573,59.567,59.5525,59.5622,2421
2026-08-07 14:57:00,59.5622,59.571,59.5622,59.5622,2785
2026-08-07 14:58:00,59.567,59.567,59.567,59.567,389
2026-08-07 14:59:00,59.5718,59.5718,59.567,59.567,562
2026-08-07 15:00:00,59.567,59.567,59.5542,59.5542,2447
2026-08-07 15:01:00,59.5622,59.5718,59.5622,59.5718,11836
2026-08-07 15:02:00,59.5815,59.5864,59.5525,59.5525,4970
2026-08-07 15:03:00,59.5525,59.5525,59.5428,59.5428,2936
2026-08-07 15:04:00,59.5428,59.5476,59.5428,59.5476,1670
2026-08-07 15:05:00,59.5428,59.5428,59.5186,59.5234,4635
2026-08-07 15:06:00,59.5331,59.567,59.5283,59.567,5145
2026-08-07 15:07:00,59.567,59.5767,59.567,59.5767,482
2026-08-07 15:08:00,59.5815,59.6009,59.5815,59.596,5797
2026-08-07 15:09:00,59.596,59.6009,59.5864,59.596,3822
2026-08-07 15:10:00,59.596,59.6057,59.5886,59.6057,3572
2026-08-07 15:11:00,59.6057,59.6348,59.6057,59.6202,5248
2026-08-07 15:12:00,59.6154,59.6201,59.6116,59.6154,1442
2026-08-07 15:13:00,59.6106,59.6202,59.6106,59.6154,2877
2026-08-07 15:14:00,59.6154,59.6154,59.6106,59.6154,2094
2026-08-07 15:15:00,59.6106,59.6202,59.6106,59.6154,1169
2026-08-07 15:16:00,59.6106,59.6106,59.596,59.6057,4558
2026-08-07 15:17:00,59.6057,59.6057,59.6018,59.6057,514
2026-08-07 15:18:00,59.6009,59.6009,59.5718,59.5718,6056
2026-08-07 15:19:00,59.5767,59.5767,59.5767,59.5767,276
2026-08-07 15:20:00,59.5743,59.5767,59.5622,59.5708,4421
2026-08-07 15:21:00,59.564,59.5718,59.5622,59.5622,2522
2026-08-07 15:22:00,59.5622,59.567,59.5526,59.567,3546
2026-08-07 15:23:00,59.567,59.567,59.567,59.567,1313
2026-08-07 15:24:00,59.567,59.567,59.5573,59.5573,3359
2026-08-07 15:25:00,59.5622,59.567,59.5539,59.567,2201
2026-08-07 15:26:00,59.567,59.5718,59.5573,59.5573,4093
2026-08-07 15:27:00,59.5573,59.5573,59.5476,59.5573,3945
2026-08-07 15:28:00,59.5622,59.5709,59.5525,59.567,10925
2026-08-07 15:29:00,59.5622,59.567,59.5331,59.538,7602
2026-08-07 15:30:00,59.5331,59.5428,59.5331,59.5428,4235
2026-08-07 15:31:00,59.538,59.538,59.5089,59.5186,5663
2026-08-07 15:32:00,59.5089,59.5089,59.4896,59.4992,3173
2026-08-07 15:33:00,59.5041,59.5089,59.4847,59.4847,6734
2026-08-07 15:34:00,59.4799,59.4934,59.4653,59.4847,9314
2026-08-07 15:35:00,59.4944,59.4992,59.4847,59.4896,5698
2026-08-07 15:36:00,59.4896,59.5089,59.4896,59.5041,4133
2026-08-07 15:37:00,59.4992,59.5089,59.4992,59.4992,5707
2026-08-07 15:38:00,59.4992,59.4992,59.4757,59.4934,8133
2026-08-07 15:39:00,59.4896,59.4944,59.4847,59.4944,990
2026-08-07 15:40:00,59.4933,59.5041,59.4847,59.4847,5355
2026-08-07 15:41:00,59.4896,59.5041,59.4896,59.4944,7987
2026-08-07 15:42:00,59.4944,59.4992,59.4789,59.4896,4555
2026-08-07 15:43:00,59.4896,59.4992,59.4896,59.4944,8766
2026-08-07 15:44:00,59.4992,59.5089,59.4944,59.4944,5686
2026-08-07 15:45:00,59.4992,59.4992,59.4847,59.4847,3406
2026-08-07 15:46:00,59.4896,59.4896,59.4799,59.4799,4620
2026-08-07 15:47:00,59.4799,59.4799,59.4605,59.4653,8324
2026-08-07 15:48:00,59.4702,59.4847,59.4557,59.4799,8001
2026-08-07 15:49:00,59.4799,59.4896,59.4799,59.4799,5018
2026-08-07 15:50:00,59.475,59.4847,59.4508,59.4508,14001
2026-08-07 15:51:00,59.446,59.4555,59.4411,59.4555,3717
2026-08-07 15:52:00,59.4508,59.5041,59.4411,59.5041,41210
2026-08-07 15:53:00,59.4992,59.5041,59.4847,59.4992,8655
2026-08-07 15:54:00,59.4992,59.5041,59.4896,59.4896,11543
2026-08-07 15:55:00,59.4896,59.4944,59.4605,59.4605,33414
2026-08-07 15:56:00,59.4605,59.4605,59.446,59.4508,10004
2026-08-07 15:57:00,59.4547,59.4547,59.4218,59.445,28610
2026-08-07 15:58:00,59.4315,59.4363,59.4218,59.4218,26152
2026-08-07 15:59:00,59.4218,59.4653,59.4169,59.446,32788
2026-08-08 09:30:00,59.213,59.2422,59.1349,59.1544,44910
2026-08-08 09:31:00,59.1642,59.1837,59.1349,59.1691,13902
2026-08-08 09:32:00,59.1544,59.1642,59.1252,59.1349,9641
2026-08-08 09:33:00,59.1203,59.1203,59.0861,59.0861,2132
2026-08-08 09:34:00,59.1056,59.1252,59.1056,59.1154,3284
2026-08-08 09:35:00,59.1154,59.1157,59.1154,59.1157,1676
2026-08-08 09:36:00,59.1349,59.1349,59.0861,59.0959,6758
2026-08-08 09:37:00,59.0959,59.1739,59.0959,59.1739,7652
2026-08-08 09:38:00,59.1613,59.1613,59.091,59.1056,6711
2026-08-08 09:39:00,59.1105,59.1154,59.0959,59.0959,1581
2026-08-08 09:40:00,59.0666,59.0959,59.052,59.0569,6486
2026-08-08 09:41:00,59.0569,59.0666,59.0569,59.0666,547
2026-08-08 09:42:00,59.0471,59.0471,59.0373,59.0373,1921
2026-08-08 09:43:00,59.0408,59.0408,59.0373,59.0373,1352
2026-08-08 09:44:00,59.0569,59.0666,59.0569,59.0569,1182
2026-08-08 09:45:00,59.0569,59.0666,59.0569,59.0666,819
2026-08-08 09:46:00,59.0471,59.0569,59.0373,59.0569,2648
2026-08-08 09:47:00,59.0471,59.0666,59.0178,59.0178,2347
2026-08-08 09:48:00,58.9983,58.9983,58.9788,58.9788,824
2026-08-08 09:49:00,58.969,58.969,58.9495,58.9495,1677
2026-08-08 09:50:00,58.9398,58.9495,58.93,58.93,3725
2026-08-08 09:51:00,58.93,58.9886,58.93,58.9886,4339
2026-08-08 09:52:00,58.9837,59.0276,58.9837,59.0276,3196
2026-08-08 09:53:00,59.0276,59.0373,59.0276,59.0373,2865
2026-08-08 09:54:00,59.0276,59.0471,59.0276,59.0471,1664
2026-08-08 09:55:00,59.052,59.0569,59.052,59.0569,831
2026-08-08 09:56:00,59.0666,59.0666,59.0471,59.0569,1884
2026-08-08 09:57:00,59.0666,59.1056,59.0666,59.0959,6639
2026-08-08 09:58:00,59.1056,59.1252,59.0959,59.1252,5131
2026-08-08 09:59:00,59.1252,59.1252,59.0959,59.1056,5812
2026-08-08 10:00:00,59.0959,59.1105,59.0959,59.1056,7181
2026-08-08 10:01:00,59.1154,59.1203,59.1154,59.1154,2436
2026-08-08 10:02:00,59.1154,59.1154,59.0861,59.1056,6849
2026-08-08 10:03:00,59.1056,59.1447,59.0569,59.0861,46358
2026-08-08 10:04:00,59.0861,59.0861,59.0276,59.0373,32128
2026-08-08 10:05:00,59.0373,59.0764,59.0325,59.0325,15512
2026-08-08 10:06:00,59.0373,59.0471,59.0325,59.0471,12199
2026-08-08 10:07:00,59.0471,59.0617,59.0471,59.0471,8172
2026-08-08 10:08:00,59.0422,59.0959,59.0373,59.0861,7033
2026-08-08 10:09:00,59.0764,59.0861,59.0764,59.0764,965
2026-08-08 10:10:00,59.0959,59.1056,59.0715,59.0764,12769
2026-08-08 10:11:00,59.0861,59.1056,59.0373,59.0471,13498
2026-08-08 10:12:00,59.0471,59.0569,59.0471,59.0569,572
2026-08-08 10:13:00,59.0764,59.091,59.0764,59.0861,7582
2026-08-08 10:14:00,59.0861,59.0861,59.0764,59.0764,1872
2026-08-08 10:15:00,59.0776,59.0812,59.013,59.0276,51102
2026-08-08 10:16:00,59.0373,59.0373,58.9983,58.9983,3723
2026-08-08 10:17:00,58.9934,59.0178,58.9934,59.0178,7697
2026-08-08 10:18:00,59.0227,59.0227,59.01,59.013,2579
2026-08-08 10:19:00,59.0178,59.0276,58.969,58.9983,23809
2026-08-08 10:20:00,58.9983,59.0471,58.9983,59.0471,11066
2026-08-08 10:21:00,59.0471,59.0666,58.9983,59.0373,31877
2026-08-08 10:22:00,59.0178,59.0569,59.0081,59.052,10018
2026-08-08 10:23:00,59.0569,59.0861,59.0471,59.0861,5069
2026-08-08 10:24:00,59.0861,59.0861,59.0746,59.0861,4633
2026-08-08 10:25:00,59.0959,59.1154,59.091,59.1105,9634
2026-08-08 10:26:00,59.1056,59.1154,59.1056,59.1154,3033
2026-08-08 10:27:00,59.1056,59.1203,59.0959,59.1154,10012
2026-08-08 10:28:00,59.1154,59.1154,59.0861,59.0959,5782
2026-08-08 10:29:00,59.0959,59.1105,59.091,59.1105,4135
2026-08-08 10:30:00,59.1056,59.1252,59.1008,59.1154,10009
2026-08-08 10:31:00,59.1105,59.1105,59.0764,59.0764,5829
2026-08-08 10:32:00,59.0617,59.0861,59.0617,59.0812,11060
2026-08-08 10:33:00,59.0861,59.0861,59.0471,59.0666,12760
2026-08-08 10:34:00,59.0666,59.0764,59.0569,59.0764,7218
2026-08-08 10:35:00,59.0861,59.0861,59.0471,59.0666,16265
2026-08-08 10:36:00,59.0666,59.0764,59.0569,59.0764,5260
2026-08-08 10:37:00,59.0764,59.0764,59.0276,59.0617,20717
2026-08-08 10:38:00,59.0655,59.0666,59.0178,59.0178,19751
2026-08-08 10:39:00,59.0178,59.0471,59.0178,59.0471,2944
2026-08-08 10:40:00,59.0471,59.0861,59.0276,59.0569,39324
2026-08-08 10:41:00,59.0764,59.0812,59.0471,59.0569,5450
2026-08-08 10:42:00,59.0666,59.1349,59.0666,59.0959,20477
2026-08-08 10:43:00,59.0861,59.1056,59.0569,59.091,28515
2026-08-08 10:44:00,59.0861,59.1056,59.0666,59.091,32327
2026-08-08 10:45:00,59.0959,59.1154,59.0666,59.0764,36099
2026-08-08 10:46:00,59.0715,59.0764,59.0569,59.0569,6101
2026-08-08 10:47:00,59.0569,59.0666,59.0276,59.0276,10458
2026-08-08 10:48:00,59.0276,59.0471,59.0227,59.0471,1350
2026-08-08 10:49:00,59.0569,59.0666,59.0471,59.0471,4205
2026-08-08 10:50:00,59.052,59.0666,59.0471,59.0471,8540
2026-08-08 10:51:00,59.0569,59.0764,59.052,59.0764,4709
2026-08-08 10:52:00,59.0764,59.1056,59.0764,59.0959,9651
2026-08-08 10:53:00,59.0959,59.0959,59.0471,59.052,8896
2026-08-08 10:54:00,59.0471,59.0569,59.0471,59.0569,4876
2026-08-08 10:55:00,59.052,59.0715,59.0471,59.0666,11527
2026-08-08 10:56:00,59.0666,59.0861,59.0666,59.0812,5681
2026-08-08 10:57:00,59.0764,59.1056,59.0764,59.1056,9137
2026-08-08 10:58:00,59.1056,59.1154,59.1008,59.1008,6146
2026-08-08 10:59:00,59.1056,59.1154,59.0569,59.0764,29340
2026-08-08 11:00:00,59.0764,59.0764,59.0666,59.0666,11789
2026-08-08 11:01:00,59.0666,59.0764,59.0569,59.0764,14778
2026-08-08 11:02:00,59.0666,59.0764,59.0666,59.0666,14400
2026-08-08 11:03:00,59.0764,59.0764,59.0569,59.0569,6841
2026-08-08 11:04:00,59.0569,59.0764,59.0373,59.0764,7447
2026-08-08 11:05:00,59.0861,59.0959,59.0715,59.0715,15424
2026-08-08 11:06:00,59.0666,59.0861,59.0617,59.0764,27521
2026-08-08 11:07:00,59.0861,59.0959,59.0861,59.0959,9064
2026-08-08 11:08:00,59.1056,59.1154,59.0959,59.1056,5474
2026-08-08 11:09:00,59.1008,59.1008,59.0861,59.0959,6109
2026-08-08 11:10:00,59.0959,59.1118,59.0959,59.0959,19741
2026-08-08 11:11:00,59.0959,59.1154,59.0959,59.1105,9948
2026-08-08 11:12:00,59.1056,59.1544,59.1056,59.1544,11105
2026-08-08 11:13:00,59.1447,59.1642,59.1447,59.1544,19130
2026-08-08 11:14:00,59.1544,59.1642,59.1447,59.1495,25338
2026-08-08 11:15:00,59.1495,59.1593,59.1495,59.1544,11897
2026-08-08 11:16:00,59.1495,59.1544,59.1252,59.1447,6660
2026-08-08 11:17:00,59.1495,59.1642,59.1349,59.1544,8861
2026-08-08 11:18:00,59.1593,59.1642,59.1588,59.1593,4099
2026-08-08 11:19:00,59.1593,59.1642,59.1593,59.1642,5770
2026-08-08 11:20:00,59.1642,59.1691,59.1544,59.1544,19809
2026-08-08 11:21:00,59.1544,59.1544,59.1398,59.1495,7824
2026-08-08 11:22:00,59.1495,59.1642,59.1495,59.1544,9083
2026-08-08 11:23:00,59.1593,59.1642,59.1544,59.1544,7553
2026-08-08 11:24:00,59.1543,59.1642,59.1398,59.1642,8401
2026-08-08 11:25:00,59.1642,59.1739,59.1544,59.1642,20957
2026-08-08 11:26:00,59.1642,59.1739,59.1544,59.1691,10094
2026-08-08 11:27:00,59.1691,59.1837,59.1642,59.1642,12368
2026-08-08 11:28:00,59.1544,59.1593,59.1544,59.1593,5852
2026-08-08 11:29:00,59.1544,59.1593,59.1252,59.1252,22312
2026-08-08 11:30:00,59.1349,59.2032,59.1349,59.1544,25458
2026-08-08 11:31:00,59.1495,59.1642,59.1495,59.1634,4041
2026-08-08 11:32:00,59.1544,59.1739,59.1544,59.1593,9500
2026-08-08 11:33:00,59.1593,59.1642,59.1252,59.1544,7345
2026-08-08 11:34:00,59.1544,59.1544,59.0569,59.0617,54618
2026-08-08 11:35:00,59.0569,59.091,59.0276,59.0569,48552
2026-08-08 11:36:00,59.0569,59.0764,59.0569,59.0666,6391
2026-08-08 11:37:00,59.0666,59.0861,59.0569,59.0764,7151
2026-08-08 11:38:00,59.0764,59.091,59.0764,59.091,5568
2026-08-08 11:39:00,59.0861,59.0861,59.0715,59.0812,3151
2026-08-08 11:40:00,59.0812,59.0959,59.08,59.0959,10242
2026-08-08 11:41:00,59.1008,59.1154,59.1008,59.1056,3360
2026-08-08 11:42:00,59.0959,59.1154,59.0861,59.1008,7986
2026-08-08 11:43:00,59.1008,59.1154,59.1008,59.1154,2344
2026-08-08 11:44:00,59.1154,59.1252,59.1105,59.1105,1400
2026-08-08 11:45:00,59.1105,59.1154,59.1105,59.1105,1076
2026-08-08 11:46:00,59.1056,59.1056,59.0812,59.0812,2422
2026-08-08 11:47:00,59.0764,59.0764,59.0617,59.0666,2043
2026-08-08 11:48:00,59.0617,59.0861,59.0617,59.0764,4879
2026-08-08 11:49:00,59.0861,59.0959,59.0861,59.0959,3880
2026-08-08 11:50:00,59.1008,59.1056,59.0812,59.0812,1585
2026-08-08 11:51:00,59.0861,59.0861,59.0715,59.0715,3057
2026-08-08 11:52:00,59.0666,59.0666,59.0569,59.0569,1511
2026-08-08 11:53:00,59.052,59.0569,59.052,59.0569,2300
2026-08-08 11:54:00,59.0569,59.0569,59.0422,59.0471,2040
2026-08-08 11:55:00,59.052,59.0665,59.0276,59.0325,11411
2026-08-08 11:56:00,59.0276,59.0276,58.9983,58.9983,1945
2026-08-08 11:57:00,58.9886,58.9983,58.9495,58.9496,2136
2026-08-08 11:58:00,58.9495,58.9495,58.9349,58.9398,2306
2026-08-08 11:59:00,58.9398,58.9398,58.9203,58.93,2544
2026-08-08 12:00:00,58.9398,58.9495,58.9008,58.9203,112562
2026-08-08 12:01:00,58.9203,58.9593,58.9203,58.9593,4207
2026-08-08 12:02:00,58.9495,58.9642,58.9495,58.9642,2067
2026-08-08 12:03:00,58.9642,58.969,58.9642,58.969,754
2026-08-08 12:04:00,58.9739,58.9739,58.9593,58.9598,1531
2026-08-08 12:05:00,58.969,58.969,58.9495,58.9544,1529
2026-08-08 12:06:00,58.9593,58.9642,58.9593,58.9595,1456
2026-08-08 12:07:00,58.9593,58.9593,58.9447,58.9447,2952
2026-08-08 12:08:00,58.9398,58.9447,58.9349,58.9398,4978
2026-08-08 12:09:00,58.93,58.93,58.9203,58.9203,500
2026-08-08 12:10:00,58.93,58.9382,58.93,58.93,1022
2026-08-08 12:11:00,58.93,58.9593,58.93,58.9593,3716
2026-08-08 12:12:00,58.9495,58.9495,58.9349,58.9349,1563
2026-08-08 12:13:00,58.9349,58.9349,58.9349,58.9349,250
2026-08-08 12:14:00,58.9398,58.9593,58.9398,58.9495,4795
2026-08-08 12:15:00,58.9495,58.969,58.9495,58.969,3771
2026-08-08 12:16:00,58.9593,58.9593,58.9495,58.9495,1510
2026-08-08 12:17:00,58.9495,58.9642,58.9495,58.9642,2940
2026-08-08 12:18:00,58.9593,58.9593,58.9593,58.9593,678
2026-08-08 12:19:00,58.9642,58.9642,58.9593,58.9642,431
2026-08-08 12:20:00,58.9593,58.9593,58.9544,58.958,1304
2026-08-08 12:21:00,58.9495,58.9495,58.9447,58.9447,2200
2026-08-08 12:22:00,58.9398,58.9398,58.93,58.93,1312
2026-08-08 12:23:00,58.93,58.9349,58.93,58.9349,1004
2026-08-08 12:24:00,58.93,58.9398,58.93,58.9398,645
2026-08-08 12:25:00,58.93,58.9398,58.93,58.9398,5430
2026-08-08 12:26:00,58.93,58.93,58.9251,58.93,1678
2026-08-08 12:27:00,58.93,58.93,58.9203,58.9203,3558
2026-08-08 12:28:00,58.9105,58.9105,58.9105,58.9105,1447
2026-08-08 12:29:00,58.9008,58.9008,58.9008,58.9008,669
2026-08-08 12:30:00,58.9008,58.9105,58.9008,58.9105,3146
2026-08-08 12:31:00,58.9105,58.9105,58.9008,58.9008,5758
2026-08-08 12:32:00,58.9105,58.9154,58.9105,58.9154,1182
2026-08-08 12:33:00,58.9105,58.9105,58.9105,58.9105,714
2026-08-08 12:34:00,58.9154,58.9203,58.9154,58.9203,2555
2026-08-08 12:35:00,58.9251,58.93,58.9105,58.9203,3113
2026-08-08 12:36:00,58.9202,58.9495,58.9199,58.9495,4269
2026-08-08 12:37:00,58.9495,58.9544,58.9398,58.9544,859
2026-08-08 12:38:00,58.9495,58.9593,58.9495,58.9593,1199
2026-08-08 12:39:00,58.969,58.9788,58.9642,58.9788,5635
2026-08-08 12:40:00,58.9886,58.9886,58.969,58.9739,3810
2026-08-08 12:41:00,58.9739,58.9788,58.969,58.969,773
2026-08-08 12:42:00,58.9727,58.9788,58.9727,58.9739,2029
2026-08-08 12:43:00,58.979,58.979,58.9739,58.9788,2901
2026-08-08 12:44:00,58.9788,58.9837,58.9739,58.9788,1174
2026-08-08 12:45:00,58.9788,58.9788,58.9739,58.9739,810
2026-08-08 12:46:00,58.9723,58.9788,58.969,58.969,4223
2026-08-08 12:47:00,58.969,58.969,58.9593,58.9593,893
2026-08-08 12:48:00,58.9642,58.9739,58.9593,58.9739,8264
2026-08-08 12:49:00,58.9739,58.9739,58.969,58.969,1577
2026-08-08 12:50:00,58.969,58.969,58.9544,58.9544,3147
2026-08-08 12:51:00,58.9544,58.9544,58.9447,58.9495,2951
2026-08-08 12:52:00,58.9447,58.9447,58.9251,58.9398,2477
2026-08-08 12:53:00,58.93,58.9593,58.93,58.9593,6553
2026-08-08 12:54:00,58.9495,58.9592,58.9495,58.9495,954
2026-08-08 12:55:00,58.9447,58.9447,58.9398,58.9398,433
2026-08-08 12:56:00,58.9398,58.9544,58.932,58.9544,5621
2026-08-08 12:57:00,58.9495,58.9642,58.9495,58.9642,5610
2026-08-08 12:58:00,58.9642,58.9788,58.9642,58.9739,1917
2026-08-08 12:59:00,58.9739,58.9886,58.9739,58.9837,4860
2026-08-08 13:00:00,58.9886,58.9983,58.9808,58.9983,1071
2026-08-08 13:01:00,59.0032,59.0045,58.9886,59.0045,2100
2026-08-08 13:02:00,58.9983,58.9983,58.9934,58.9934,1392
2026-08-08 13:03:00,58.9934,58.9983,58.9886,58.9983,4642
2026-08-08 13:04:00,58.9983,58.9983,58.9934,58.9934,1110
2026-08-08 13:05:00,58.9934,58.9983,58.9934,58.9983,1555
2026-08-08 13:06:00,58.999,59.0081,58.9986,59.0081,1921
2026-08-08 13:07:00,58.9983,58.9983,58.9886,58.9934,3889
2026-08-08 13:08:00,58.9886,58.9886,58.969,58.9788,2916
2026-08-08 13:09:00,58.969,58.9886,58.969,58.9886,4466
2026-08-08 13:10:00,58.9983,59.0032,58.9934,58.9983,1674
2026-08-08 13:11:00,58.9983,58.9983,58.9934,58.9934,845
2026-08-08 13:12:00,58.9983,58.9983,58.9983,58.9983,1074
2026-08-08 13:13:00,58.9886,58.9983,58.9886,58.9983,662
2026-08-08 13:14:00,58.9983,59.0276,58.9934,59.0227,5145
2026-08-08 13:15:00,59.0325,59.0373,59.0276,59.0373,2286
2026-08-08 13:16:00,59.0276,59.0276,59.0227,59.0227,1614
2026-08-08 13:17:00,59.0276,59.0354,59.0276,59.0354,519
2026-08-08 13:18:00,59.0276,59.0373,59.0276,59.0276,2249
2026-08-08 13:19:00,59.0276,59.0276,59.013,59.0178,3244
2026-08-08 13:20:00,59.0276,59.0569,59.0227,59.0422,4513
2026-08-08 13:21:00,59.0373,59.0471,59.0178,59.0227,2902
2026-08-08 13:22:00,59.0276,59.0276,59.0032,59.013,5529
2026-08-08 13:23:00,59.0032,59.0081,58.9983,58.9983,1706
2026-08-08 13:24:00,59.0081,59.0178,59.0081,59.0081,2128
2026-08-08 13:25:00,59.013,59.0276,59.013,59.0227,3095
2026-08-08 13:26:00,59.0373,59.0373,59.0325,59.0373,2441
2026-08-08 13:27:00,59.0373,59.0373,59.0325,59.0325,2301
2026-08-08 13:28:00,59.0325,59.052,59.0325,59.0474,2823
2026-08-08 13:29:00,59.0471,59.0861,59.0471,59.0861,2016
2026-08-08 13:30:00,59.0861,59.0959,59.0812,59.091,5129
2026-08-08 13:31:00,59.0861,59.0861,59.0764,59.0764,8451
2026-08-08 13:32:00,59.0764,59.0861,59.0674,59.0674,2761
2026-08-08 13:33:00,59.0861,59.0861,59.0764,59.0764,894
2026-08-08 13:34:00,59.0812,59.0861,59.0812,59.0861,2182
2026-08-08 13:35:00,59.0959,59.1056,59.0959,59.0959,3321
2026-08-08 13:36:00,59.0959,59.0959,59.0812,59.0812,1680
2026-08-08 13:37:00,59.0764,59.0959,59.0764,59.0959,4578
2026-08-08 13:38:00,59.091,59.0959,59.091,59.091,1194
2026-08-08 13:39:00,59.0764,59.0812,59.0715,59.0812,6209
2026-08-08 13:40:00,59.0764,59.0812,59.0715,59.0715,2833
2026-08-08 13:41:00,59.0666,59.0715,59.0325,59.0373,4345
2026-08-08 13:42:00,59.0373,59.0422,59.0276,59.0422,824
2026-08-08 13:43:00,59.0373,59.0471,59.0373,59.0373,878
2026-08-08 13:44:00,59.0373,59.0373,59.0276,59.0373,3113
2026-08-08 13:45:00,59.0373,59.0398,59.0373,59.0398,659
2026-08-08 13:46:00,59.0373,59.0373,59.0276,59.0373,1701
2026-08-08 13:47:00,59.0471,59.0569,59.0471,59.052,1183
2026-08-08 13:48:00,59.052,59.0569,59.0471,59.0569,4182
2026-08-08 13:49:00,59.0569,59.0569,59.0276,59.0325,1832
2026-08-08 13:50:00,59.0373,59.0373,59.0227,59.0325,1941
2026-08-08 13:51:00,59.0276,59.0422,59.0178,59.0373,2632
2026-08-08 13:52:00,59.0373,59.0373,59.0276,59.0276,3791
2026-08-08 13:53:00,59.0373,59.0373,59.013,59.013,974
2026-08-08 13:54:00,59.0032,59.0032,58.9886,58.9934,1177
2026-08-08 13:55:00,58.9886,58.9886,58.9739,58.9788,1739
2026-08-08 13:56:00,58.9788,58.9788,58.9788,58.9788,771
2026-08-08 13:57:00,58.9788,58.9788,58.969,58.969,1240
2026-08-08 13:58:00,58.969,58.969,58.969,58.969,1759
2026-08-08 13:59:00,58.969,58.9769,58.9593,58.969,1751
2026-08-08 14:00:00,58.9642,58.9642,58.9593,58.9593,773
2026-08-08 14:01:00,58.969,58.9739,58.9682,58.9739,1237
2026-08-08 14:02:00,58.969,58.969,58.9398,58.9495,8641
2026-08-08 14:03:00,58.9447,58.9495,58.9398,58.9495,1203
2026-08-08 14:04:00,58.9544,58.9544,58.9398,58.9398,1145
2026-08-08 14:05:00,58.9398,58.9593,58.9398,58.9593,2436
2026-08-08 14:06:00,58.9544,58.9593,58.9495,58.9583,3420
2026-08-08 14:07:00,58.9593,58.9593,58.93,58.9398,2034
2026-08-08 14:08:00,58.9398,58.9593,58.9398,58.9593,5041
2026-08-08 14:09:00,58.9593,58.9788,58.9593,58.9788,1940
2026-08-08 14:10:00,58.9837,58.9886,58.9641,58.9642,8969
2026-08-08 14:11:00,58.9642,58.9739,58.9642,58.9675,4855
2026-08-08 14:12:00,58.9642,58.9788,58.9642,58.9788,3579
2026-08-08 14:13:00,58.9837,58.9837,58.9788,58.9788,619
2026-08-08 14:14:00,58.969,58.969,58.9612,58.9612,3749
2026-08-08 14:15:00,58.9593,58.9593,58.93,58.93,3328
2026-08-08 14:16:00,58.93,58.93,58.9105,58.9203,4445
2026-08-08 14:17:00,58.9203,58.9203,58.9008,58.9105,1091
2026-08-08 14:18:00,58.8959,58.9105,58.891,58.9008,3910
2026-08-08 14:19:00,58.9008,58.9008,58.891,58.891,2263
2026-08-08 14:20:00,58.9008,58.9008,58.891,58.891,531
2026-08-08 14:21:00,58.891,58.9008,58.8812,58.8861,5670
2026-08-08 14:22:00,58.8822,58.9008,58.8812,58.9008,5943
2026-08-08 14:23:00,58.9056,58.9105,58.891,58.9008,3396
2026-08-08 14:24:00,58.891,58.8959,58.8861,58.8875,3490
2026-08-08 14:25:00,58.8817,58.9056,58.8817,58.8959,4219
2026-08-08 14:26:00,58.9008,58.9056,58.891,58.9056,5230
2026-08-08 14:27:00,58.9056,58.9203,58.9056,58.9154,2404
2026-08-08 14:28:00,58.9203,58.9203,58.8959,58.9105,470936
2026-08-08 14:29:00,58.9154,58.93,58.8812,58.8812,5257
2026-08-08 14:30:00,58.8802,58.9056,58.8802,58.9056,3950
2026-08-08 14:31:00,58.9105,58.9203,58.9105,58.9154,3187
2026-08-08 14:32:00,58.9154,58.9349,58.9154,58.93,1277
2026-08-08 14:33:00,58.93,58.9349,58.9251,58.9349,1760
2026-08-08 14:34:00,58.9373,58.9373,58.9251,58.9251,1439
2026-08-08 14:35:00,58.9203,58.9203,58.8916,58.8916,3684
2026-08-08 14:36:00,58.891,58.9027,58.8861,58.9027,7968
2026-08-08 14:37:00,58.9008,58.9203,58.891,58.9105,5356
2026-08-08 14:38:00,58.9105,58.9154,58.8959,58.9154,4847
2026-08-08 14:39:00,58.9105,58.9447,58.9105,58.9398,6969
2026-08-08 14:40:00,58.93,58.93,58.9154,58.9154,1989
2026-08-08 14:41:00,58.9203,58.9203,58.9154,58.9154,3346
2026-08-08 14:42:00,58.9154,58.9495,58.9056,58.9495,485316
2026-08-08 14:43:00,58.9544,58.9739,58.9544,58.9739,3139
2026-08-08 14:44:00,58.969,58.9739,58.969,58.969,1441
2026-08-08 14:45:00,58.9837,58.9934,58.9837,58.9886,910
2026-08-08 14:46:00,58.9983,58.9983,58.9934,58.9934,951
2026-08-08 14:47:00,58.9934,59.0032,58.9837,58.9837,9875
2026-08-08 14:48:00,58.9837,58.9886,58.9788,58.9788,3236
2026-08-08 14:49:00,58.9788,58.9886,58.969,58.9788,3501
2026-08-08 14:50:00,58.9837,58.9934,58.9642,58.9642,4554
2026-08-08 14:51:00,58.969,58.9787,58.9642,58.9642,964
2026-08-08 14:52:00,58.9593,58.9642,58.9544,58.9593,2567
2026-08-08 14:53:00,58.9593,58.9642,58.9495,58.9594,4286
2026-08-08 14:54:00,58.9642,58.9642,58.9495,58.9593,7558
2026-08-08 14:55:00,58.9593,58.9593,58.93,58.9349,4709
2026-08-08 14:56:00,58.9447,58.9447,58.9447,58.9447,637
2026-08-08 14:57:00,58.9447,58.9593,58.9398,58.9544,3098
2026-08-08 14:58:00,58.9495,58.9593,58.9447,58.9544,3533
2026-08-08 14:59:00,58.9593,58.9788,58.9544,58.9739,7095
2026-08-08 15:00:00,58.9788,58.9983,58.969,58.9837,95099
2026-08-08 15:01:00,58.969,58.9886,58.969,58.9691,4228
2026-08-08 15:02:00,58.9788,58.9885,58.969,58.9788,2838
2026-08-08 15:03:00,58.9739,58.9788,58.9739,58.9788,1534
2026-08-08 15:04:00,58.9788,58.9788,58.9696,58.9739,2932
2026-08-08 15:05:00,58.969,58.9788,58.9544,58.9544,10890
2026-08-08 15:06:00,58.9495,58.9593,58.9495,58.9544,5522
2026-08-08 15:07:00,58.9593,58.9788,58.9544,58.9739,7578
2026-08-08 15:08:00,58.969,58.9788,58.969,58.9788,4639
2026-08-08 15:09:00,58.969,58.9739,58.9642,58.9739,3803
2026-08-08 15:10:00,58.9642,58.9739,58.9642,58.9739,2970
2026-08-08 15:11:00,58.9788,58.9983,58.9739,58.9837,5264
2026-08-08 15:12:00,58.9934,58.9983,58.969,58.969,10414
2026-08-08 15:13:00,58.9544,58.9642,58.9544,58.9544,3429
2026-08-08 15:14:00,58.9593,58.9642,58.9593,58.9642,852
2026-08-08 15:15:00,58.9642,58.9886,58.9642,58.9886,4439
2026-08-08 15:16:00,58.9934,58.9983,58.9788,58.9886,6937
2026-08-08 15:17:00,58.9886,58.9886,58.981,58.981,1393
2026-08-08 15:18:00,58.9886,58.9886,58.9788,58.9837,6186
2026-08-08 15:19:00,58.9886,58.9983,58.9886,58.9934,1441
2026-08-08 15:20:00,58.9886,58.9886,58.9739,58.9778,4902
2026-08-08 15:21:00,58.969,58.969,58.9495,58.9544,3468
2026-08-08 15:22:00,58.9495,58.9642,58.9495,58.9642,2768
2026-08-08 15:23:00,58.9544,58.9593,58.9544,58.9544,1589
2026-08-08 15:24:00,58.9544,58.9544,58.9495,58.9544,677
2026-08-08 15:25:00,58.9495,58.9544,58.9447,58.9544,11874
2026-08-08 15:26:00,58.9544,58.9584,58.9398,58.9584,4873
2026-08-08 15:27:00,58.9544,58.9593,58.9544,58.9544,8823
2026-08-08 15:28:00,58.9495,58.9495,58.9251,58.9398,23930
2026-08-08 15:29:00,58.9349,58.9349,58.93,58.93,4156
2026-08-08 15:30:00,58.9203,58.9203,58.9056,58.9056,21449
2026-08-08 15:31:00,58.9056,58.9398,58.9056,58.9251,17077
2026-08-08 15:32:00,58.9251,58.9251,58.8959,58.9008,4927
2026-08-08 15:33:00,58.891,58.9105,58.8861,58.8861,21173
2026-08-08 15:34:00,58.8861,58.9008,58.8764,58.8861,17084
2026-08-08 15:35:00,58.891,58.9105,58.8861,58.8959,10548
2026-08-08 15:36:00,58.8959,58.8959,58.8959,58.8959,1906
2026-08-08 15:37:00,58.891,58.9008,58.8764,58.8764,11996
2026-08-08 15:38:00,58.8764,58.8812,58.8617,58.8718,12995
2026-08-08 15:39:00,58.8764,58.8764,58.8617,58.8617,20610
2026-08-08 15:40:00,58.8617,58.8764,58.8568,58.8617,25193
2026-08-08 15:41:00,58.8617,58.8715,58.852,58.8568,20297
2026-08-08 15:42:00,58.852,58.852,58.8373,58.8422,31430
2026-08-08 15:43:00,58.8422,58.8617,58.8422,58.852,42760
2026-08-08 15:44:00,58.852,58.8568,58.8178,58.8178,20064
2026-08-08 15:45:00,58.8178,58.8471,58.8178,58.8373,33713
2026-08-08 15:46:00,58.8471,58.8715,58.8422,58.8715,9047
2026-08-08 15:47:00,58.8666,58.8764,58.8617,58.8666,7506
2026-08-08 15:48:00,58.8666,58.891,58.8666,58.8861,9120
2026-08-08 15:49:00,58.8812,58.8959,58.8812,58.8861,11727
2026-08-08 15:50:00,58.8812,58.8959,58.8568,58.8568,29149
2026-08-08 15:51:00,58.8568,58.8812,58.8471,58.8812,10765
2026-08-08 15:52:00,58.8715,58.891,58.8715,58.891,7297
2026-08-08 15:53:00,58.8959,58.9105,58.891,58.9008,22964
2026-08-08 15:54:00,58.9008,58.9104,58.8812,58.8861,13267
2026-08-08 15:55:00,58.891,58.9008,58.8861,58.8959,12688
2026-08-08 15:56:00,58.9008,58.9544,58.8959,58.9544,30313
2026-08-08 15:57:00,58.9544,58.9642,58.9495,58.9544,23311
2026-08-08 15:58:00,58.9544,58.9739,58.9447,58.9447,45216
2026-08-08 15:59:00,58.9495,58.9886,58.9495,58.9642,60063
2026-08-11 09:30:00,58.7934,58.7934,58.7251,58.7446,28048
2026-08-11 09:31:00,58.7349,58.8032,58.7251,58.7788,10764
2026-08-11 09:32:00,58.8128,58.8128,58.7642,58.769,11622
2026-08-11 09:33:00,58.7642,58.7642,58.7203,58.7349,21053
2026-08-11 09:34:00,58.7154,58.7251,58.7056,58.7251,2487
2026-08-11 09:35:00,58.7349,58.7349,58.7154,58.7154,5805
2026-08-11 09:36:00,58.7236,58.7349,58.7154,58.7251,5255
2026-08-11 09:37:00,58.7251,58.7251,58.6959,58.6959,4030
2026-08-11 09:38:00,58.6959,58.6959,58.6715,58.6861,1918
2026-08-11 09:39:00,58.6763,58.6763,58.6471,58.6568,8854
2026-08-11 09:40:00,58.652,58.6763,58.652,58.6666,4453
2026-08-11 09:41:00,58.6568,58.6568,58.6471,58.6471,6094
2026-08-11 09:42:00,58.6568,58.6568,58.6373,58.6373,1081
2026-08-11 09:43:00,58.6568,58.6568,58.6294,58.6294,4532
2026-08-11 09:44:00,58.6471,58.6763,58.6471,58.6666,3356
2026-08-11 09:45:00,58.6568,58.6617,58.649,58.652,4922
2026-08-11 09:46:00,58.6471,58.7934,58.6276,58.6861,7401
2026-08-11 09:47:00,58.6763,58.6763,58.6667,58.6667,2836
2026-08-11 09:48:00,58.6763,58.6763,58.6763,58.6763,1104
2026-08-11 09:49:00,58.6763,58.6978,58.6666,58.6978,3681
2026-08-11 09:50:00,58.6959,58.7251,58.6959,58.7154,2416
2026-08-11 09:51:00,58.7056,58.7056,58.6861,58.6959,2026
2026-08-11 09:52:00,58.691,58.691,58.6812,58.6812,5192
2026-08-11 09:53:00,58.6763,58.6861,58.6715,58.6812,3888
2026-08-11 09:54:00,58.6763,58.6763,58.6568,58.6715,4232
2026-08-11 09:55:00,58.6763,58.6959,58.6763,58.6959,914
2026-08-11 09:56:00,58.7056,58.7251,58.6959,58.7251,2611
2026-08-11 09:57:00,58.7154,58.7154,58.6959,58.7154,5335
2026-08-11 09:58:00,58.7056,58.7056,58.7056,58.7056,1700
2026-08-11 09:59:00,58.7007,58.7056,58.691,58.6959,5488
2026-08-11 10:00:00,58.691,58.691,58.6715,58.6861,2957
2026-08-11 10:01:00,58.6763,58.6861,58.6568,58.6763,10476
2026-08-11 10:02:00,58.6763,58.6861,58.6715,58.6763,2698
2026-08-11 10:03:00,58.6715,58.6763,58.6666,58.6666,1190
2026-08-11 10:04:00,58.6666,58.6666,58.6373,58.6373,9722
2026-08-11 10:05:00,58.6422,58.6422,58.6276,58.6373,1526
2026-08-11 10:06:00,58.6373,58.6568,58.6373,58.6568,3566
2026-08-11 10:07:00,58.6617,58.6763,58.652,58.652,3226
2026-08-11 10:08:00,58.6568,58.6666,58.6422,58.652,5313
2026-08-11 10:09:00,58.6568,58.6617,58.6568,58.6568,1465
2026-08-11 10:10:00,58.652,58.6763,58.652,58.6666,4757
2026-08-11 10:11:00,58.6666,58.6763,58.6568,58.6763,2881
2026-08-11 10:12:00,58.6763,58.6812,58.6763,58.6763,3172
2026-08-11 10:13:00,58.6666,58.6666,58.6617,58.6617,979
2026-08-11 10:14:00,58.652,58.6568,58.6178,58.6178,11224
2026-08-11 10:15:00,58.6081,58.6081,58.6032,58.6032,2877
2026-08-11 10:16:00,58.6081,58.6568,58.5983,58.6568,12098
2026-08-11 10:17:00,58.6568,58.6568,58.6178,58.6276,8793
2026-08-11 10:18:00,58.6373,58.6471,58.6373,58.6422,2268
2026-08-11 10:19:00,58.6373,58.6471,58.6373,58.6373,2154
2026-08-11 10:20:00,58.6373,58.6373,58.6227,58.6227,4604
2026-08-11 10:21:00,58.6178,58.6227,58.6178,58.6183,1622
2026-08-11 10:22:00,58.6178,58.6207,58.6129,58.6178,3297
2026-08-11 10:23:00,58.6276,58.6373,58.6276,58.6324,2319
2026-08-11 10:24:00,58.6278,58.6666,58.6227,58.6666,8848
2026-08-11 10:25:00,58.6666,58.6715,58.6666,58.6715,1578
2026-08-11 10:26:00,58.6763,58.6812,58.6763,58.6763,1351
2026-08-11 10:27:00,58.6861,58.7056,58.6861,58.7056,3627
2026-08-11 10:28:00,58.7105,58.7154,58.7056,58.7154,2721
2026-08-11 10:29:00,58.7251,58.7251,58.7105,58.7105,1127
2026-08-11 10:30:00,58.7154,58.7154,58.7056,58.7105,1534
2026-08-11 10:31:00,58.7105,58.7495,58.7007,58.7446,9046
2026-08-11 10:32:00,58.7398,58.7544,58.7398,58.7544,921
2026-08-11 10:33:00,58.7495,58.7593,58.7495,58.7544,5105
2026-08-11 10:34:00,58.7539,58.7837,58.7539,58.7788,6484
2026-08-11 10:35:00,58.7837,58.7837,58.7446,58.7544,4768
2026-08-11 10:36:00,58.7593,58.7739,58.7544,58.7739,4113
2026-08-11 10:37:00,58.7739,58.7837,58.7739,58.7739,1226
2026-08-11 10:38:00,58.7819,58.7837,58.769,58.7739,1436
2026-08-11 10:39:00,58.7739,58.7837,58.7642,58.769,2353
2026-08-11 10:40:00,58.7739,58.7825,58.7739,58.7825,1576
2026-08-11 10:41:00,58.7837,58.7933,58.7837,58.7933,8844
2026-08-11 10:42:00,58.7934,58.8325,58.7934,58.8276,20486
2026-08-11 10:43:00,58.8276,58.8325,58.8276,58.8325,2526
2026-08-11 10:44:00,58.8325,58.8373,58.8276,58.8373,1721
2026-08-11 10:45:00,58.8325,58.8373,58.8325,58.8373,4988
2026-08-11 10:46:00,58.8325,58.8325,58.8325,58.8325,345
2026-08-11 10:47:00,58.8412,58.852,58.8373,58.8373,8142
2026-08-11 10:48:00,58.8422,58.8422,58.8422,58.8422,379
2026-08-11 10:49:00,58.8373,58.8471,58.8373,58.8471,2175
2026-08-11 10:50:00,58.8422,58.8568,58.8373,58.8471,4659
2026-08-11 10:51:00,58.852,58.8568,58.8422,58.8568,3756
2026-08-11 10:52:00,58.8617,58.8715,58.8578,58.8578,5814
2026-08-11 10:53:00,58.8617,58.8715,58.8422,58.8666,6525
2026-08-11 10:54:00,58.8666,58.8715,58.8617,58.8715,4212
2026-08-11 10:55:00,58.8715,58.8861,58.8666,58.8764,4599
2026-08-11 10:56:00,58.8715,58.891,58.8666,58.8861,3878
2026-08-11 10:57:00,58.8861,58.891,58.8861,58.8861,3173
2026-08-11 10:58:00,58.8861,58.8959,58.8861,58.891,3249
2026-08-11 10:59:00,58.8959,58.9008,58.891,58.9008,2672
2026-08-11 11:00:00,58.9008,58.9203,58.9008,58.9203,6747
2026-08-11 11:01:00,58.9203,58.9251,58.9008,58.9008,6278
2026-08-11 11:02:00,58.9056,58.9056,58.852,58.852,16305
2026-08-11 11:03:00,58.852,58.852,58.8325,58.8471,4579
2026-08-11 11:04:00,58.8373,58.8422,58.8276,58.8373,3825
2026-08-11 11:05:00,58.8373,58.8422,58.8325,58.8373,2889
2026-08-11 11:06:00,58.8373,58.852,58.8373,58.852,2576
2026-08-11 11:07:00,58.852,58.852,58.8324,58.8373,6145
2026-08-11 11:08:00,58.8373,58.8373,58.8227,58.8227,5426
2026-08-11 11:09:00,58.8227,58.8276,58.7934,58.8178,18644
2026-08-11 11:10:00,58.8227,58.8325,58.8129,58.8325,5583
2026-08-11 11:11:00,58.8276,58.83,58.8227,58.8276,2452
2026-08-11 11:12:00,58.8325,58.8373,58.8325,58.8373,2420
2026-08-11 11:13:00,58.8422,58.852,58.8422,58.8471,3423
2026-08-11 11:14:00,58.852,58.8617,58.8471,58.852,8358
2026-08-11 11:15:00,58.852,58.852,58.8276,58.8422,4918
2026-08-11 11:16:00,58.852,58.852,58.8325,58.8373,5158
2026-08-11 11:17:00,58.8422,58.8422,58.8276,58.8373,9721
2026-08-11 11:18:00,58.8373,58.8471,58.8325,58.8373,4437
2026-08-11 11:19:00,58.8373,58.8715,58.8373,58.8715,3070
2026-08-11 11:20:00,58.8666,58.8666,58.852,58.8666,3057
2026-08-11 11:21:00,58.8715,58.8764,58.8617,58.8715,3989
2026-08-11 11:22:00,58.8715,58.8715,58.8422,58.8422,3734
2026-08-11 11:23:00,58.8422,58.8422,58.8129,58.8129,13541
2026-08-11 11:24:00,58.8129,58.8129,58.7739,58.7788,8065
2026-08-11 11:25:00,58.7788,58.7788,58.7593,58.7739,6039
2026-08-11 11:26:00,58.769,58.7885,58.769,58.7885,3742
2026-08-11 11:27:00,58.7934,58.8129,58.7934,58.8081,4961
2026-08-11 11:28:00,58.8081,58.8128,58.7934,58.7934,12125
2026-08-11 11:29:00,58.7983,58.7983,58.7837,58.7983,5832
2026-08-11 11:30:00,58.7983,58.7983,58.7885,58.7885,4122
2026-08-11 11:31:00,58.7934,58.8227,58.7934,58.8178,7542
2026-08-11 11:32:00,58.8178,58.8178,58.7885,58.7885,7047
2026-08-11 11:33:00,58.7885,58.7934,58.7837,58.7885,5798
2026-08-11 11:34:00,58.7885,58.7934,58.7642,58.7788,21205
2026-08-11 11:35:00,58.7788,58.7837,58.7642,58.7837,8568
2026-08-11 11:36:00,58.7934,58.8129,58.7934,58.8081,3338
2026-08-11 11:37:00,58.8081,58.8081,58.8032,58.8081,2134
2026-08-11 11:38:00,58.8081,58.8129,58.7837,58.7885,4427
2026-08-11 11:39:00,58.7853,58.7885,58.7837,58.7837,3237
2026-08-11 11:40:00,58.7845,58.7885,58.7739,58.7837,21526
2026-08-11 11:41:00,58.7837,58.7934,58.7837,58.7934,18826
2026-08-11 11:42:00,58.7934,58.8422,58.7885,58.8422,7949
2026-08-11 11:43:00,58.8373,58.8422,58.8325,58.8422,4260
2026-08-11 11:44:00,58.8422,58.8812,58.8422,58.8812,19108
2026-08-11 11:45:00,58.8812,58.8812,58.8373,58.8471,30705
2026-08-11 11:46:00,58.8471,58.8471,58.8032,58.8129,8818
2026-08-11 11:47:00,58.8081,58.8227,58.8079,58.8227,12308
2026-08-11 11:48:00,58.8178,58.8325,58.8129,58.8276,14989
2026-08-11 11:49:00,58.8325,58.8666,58.8325,58.8617,16474
2026-08-11 11:50:00,58.8617,58.8764,58.8471,58.8764,3629
2026-08-11 11:51:00,58.8764,58.8812,58.8764,58.8812,1370
2026-08-11 11:52:00,58.8861,58.8861,58.8666,58.8715,4863
2026-08-11 11:53:00,58.8764,58.8764,58.8764,58.8764,382
2026-08-11 11:54:00,58.8812,58.9008,58.8227,58.8715,51173
2026-08-11 11:55:00,58.8764,58.8796,58.8715,58.8764,2300
2026-08-11 11:56:00,58.8764,58.8811,58.8715,58.8764,8025
2026-08-11 11:57:00,58.8715,58.9008,58.8715,58.9008,4060
2026-08-11 11:58:00,58.9056,58.9251,58.9008,58.9251,4862
2026-08-11 11:59:00,58.9251,58.9251,58.9105,58.9105,7769
2026-08-11 12:00:00,58.9056,58.9056,58.891,58.8959,13108
2026-08-11 12:01:00,58.9008,58.9154,58.8959,58.9154,4083
2026-08-11 12:02:00,58.9154,58.9203,58.9008,58.9105,2602
2026-08-11 12:03:00,58.8959,58.8959,58.8812,58.8812,3056
2026-08-11 12:04:00,58.8812,58.891,58.8764,58.8861,13908
2026-08-11 12:05:00,58.8861,58.8909,58.8812,58.8812,1568
2026-08-11 12:06:00,58.8764,58.8764,58.8422,58.8471,1744
2026-08-11 12:07:00,58.8373,58.8373,58.8373,58.8373,547
2026-08-11 12:08:00,58.8373,58.8373,58.7934,58.7983,4322
2026-08-11 12:09:00,58.8032,58.8032,58.7934,58.8032,3108
2026-08-11 12:10:00,58.8081,58.8325,58.8081,58.8325,9040
2026-08-11 12:11:00,58.8325,58.8373,58.8325,58.8373,842
2026-08-11 12:12:00,58.8373,58.852,58.8325,58.8422,3628
2026-08-11 12:13:00,58.8471,58.8568,58.8471,58.8568,3785
2026-08-11 12:14:00,58.8568,58.8568,58.8422,58.8471,3216
2026-08-11 12:15:00,58.8471,58.8471,58.8422,58.8471,1633
2026-08-11 12:16:00,58.846,58.8617,58.8422,58.852,15430
2026-08-11 12:17:00,58.8373,58.8471,58.8373,58.8471,1245
2026-08-11 12:18:00,58.852,58.8568,58.852,58.852,3459
2026-08-11 12:19:00,58.8422,58.852,58.8373,58.8373,12407
2026-08-11 12:20:00,58.8325,58.8325,58.8227,58.8227,4288
2026-08-11 12:21:00,58.8227,58.8325,58.8227,58.8227,6653
2026-08-11 12:22:00,58.8227,58.8276,58.8081,58.8081,5186
2026-08-11 12:23:00,58.8034,58.8312,58.7934,58.8129,8865
2026-08-11 12:24:00,58.8227,58.8276,58.8227,58.8276,990
2026-08-11 12:25:00,58.8276,58.8312,58.8227,58.8227,2628
2026-08-11 12:26:00,58.8325,58.8585,58.8325,58.8568,6136
2026-08-11 12:27:00,58.8568,58.8568,58.8471,58.8471,2066
2026-08-11 12:28:00,58.8471,58.8471,58.8422,58.8471,813
2026-08-11 12:29:00,58.8471,58.852,58.8471,58.852,805
2026-08-11 12:30:00,58.8471,58.8471,58.8422,58.8471,2760
2026-08-11 12:31:00,58.8471,58.8471,58.8422,58.8471,1176
2026-08-11 12:32:00,58.8422,58.8471,58.8422,58.8422,1662
2026-08-11 12:33:00,58.852,58.8568,58.852,58.8568,4547
2026-08-11 12:34:00,58.8568,58.8606,58.852,58.8568,2430
2026-08-11 12:35:00,58.8568,58.8861,58.852,58.8861,8636
2026-08-11 12:36:00,58.8861,58.8959,58.8716,58.891,4138
2026-08-11 12:37:00,58.8861,58.8861,58.8812,58.8861,1103
2026-08-11 12:38:00,58.8861,58.889,58.8715,58.8764,2651
2026-08-11 12:39:00,58.8764,58.8798,58.8764,58.8798,927
2026-08-11 12:40:00,58.8812,58.891,58.8812,58.891,2894
2026-08-11 12:41:00,58.8861,58.891,58.8666,58.8666,4243
2026-08-11 12:42:00,58.8666,58.8666,58.8568,58.8666,1671
2026-08-11 12:43:00,58.8666,58.8666,58.8666,58.8666,848
2026-08-11 12:44:00,58.8666,58.8666,58.8617,58.8666,1210
2026-08-11 12:45:00,58.8715,58.8812,58.8715,58.8812,2250
2026-08-11 12:46:00,58.8798,58.8812,58.8764,58.8764,1438
2026-08-11 12:47:00,58.8764,58.8764,58.8764,58.8764,1068
2026-08-11 12:48:00,58.8764,58.8764,58.8666,58.8715,2491
2026-08-11 12:49:00,58.8666,58.8666,58.8666,58.8666,409
2026-08-11 12:50:00,58.8666,58.8666,58.8422,58.852,16929
2026-08-11 12:51:00,58.8422,58.852,58.8422,58.8493,2261
2026-08-11 12:52:00,58.852,58.8617,58.852,58.8568,1002
2026-08-11 12:53:00,58.8617,58.8666,58.8617,58.8666,878
2026-08-11 12:54:00,58.8715,58.8764,58.8617,58.8666,3741
2026-08-11 12:55:00,58.8666,58.8666,58.8617,58.8666,1167
2026-08-11 12:56:00,58.8666,58.8666,58.8227,58.8276,4273
2026-08-11 12:57:00,58.8325,58.8325,58.8129,58.8129,1236
2026-08-11 12:58:00,58.8227,58.8227,58.8129,58.8129,1108
2026-08-11 12:59:00,58.8178,58.8178,58.8032,58.8032,2831
2026-08-11 13:00:00,58.7885,58.7885,58.7739,58.7788,3477
2026-08-11 13:01:00,58.7788,58.7934,58.7788,58.7934,3216
2026-08-11 13:02:00,58.7983,58.8178,58.7837,58.7837,9860
2026-08-11 13:03:00,58.7739,58.7739,58.769,58.7739,1360
2026-08-11 13:04:00,58.7837,58.7983,58.7788,58.7983,1220
2026-08-11 13:05:00,58.7885,58.7885,58.7788,58.7788,1498
2026-08-11 13:06:00,58.7837,58.8119,58.7837,58.8119,2960
2026-08-11 13:07:00,58.8081,58.8129,58.8081,58.8129,1161
2026-08-11 13:08:00,58.8081,58.8081,58.7885,58.7934,1843
2026-08-11 13:09:00,58.7885,58.7934,58.7885,58.7934,1429
2026-08-11 13:10:00,58.7983,58.7983,58.7934,58.7983,1121
2026-08-11 13:11:00,58.7983,58.8032,58.7983,58.7983,2600
2026-08-11 13:12:00,58.7934,58.7983,58.7847,58.7934,5533
2026-08-11 13:13:00,58.7934,58.7934,58.7788,58.7788,1990
2026-08-11 13:14:00,58.7837,58.7983,58.7837,58.7983,2293
2026-08-11 13:15:00,58.7983,58.7983,58.7983,58.7983,671
2026-08-11 13:16:00,58.8032,58.8178,58.8032,58.8111,2718
2026-08-11 13:17:00,58.8081,58.811,58.8032,58.8081,1535
2026-08-11 13:18:00,58.8129,58.8617,58.8129,58.8568,15177
2026-08-11 13:19:00,58.8715,58.8812,58.8715,58.8764,8838
2026-08-11 13:20:00,58.8764,58.891,58.8715,58.8764,7287
2026-08-11 13:21:00,58.8812,58.891,58.8812,58.8861,3964
2026-08-11 13:22:00,58.8861,58.8897,58.852,58.852,6196
2026-08-11 13:23:00,58.852,58.852,58.8423,58.8423,4208
2026-08-11 13:24:00,58.8471,58.8471,58.8471,58.8471,286
2026-08-11 13:25:00,58.8471,58.8471,58.8325,58.8325,4379
2026-08-11 13:26:00,58.8276,58.8276,58.8032,58.8129,3456
2026-08-11 13:27:00,58.8129,58.8227,58.8129,58.8227,1648
2026-08-11 13:28:00,58.8325,58.8568,58.8325,58.8568,1405
2026-08-11 13:29:00,58.8568,58.8715,58.8423,58.8423,2983
2026-08-11 13:30:00,58.852,58.8715,58.852,58.8715,1512
2026-08-11 13:31:00,58.8715,58.8715,58.8666,58.8666,1049
2026-08-11 13:32:00,58.8715,58.8812,58.8715,58.8812,805
2026-08-11 13:33:00,58.8764,58.8764,58.8715,58.8764,2745
2026-08-11 13:34:00,58.8715,58.8861,58.8715,58.8764,2390
2026-08-11 13:35:00,58.8812,58.8861,58.8715,58.8764,2477
2026-08-11 13:36:00,58.8788,58.8788,58.8739,58.8739,688
2026-08-11 13:37:00,58.8788,58.9008,58.8788,58.8959,3035
2026-08-11 13:38:00,58.8959,58.8959,58.8705,58.8705,4094
2026-08-11 13:39:00,58.8715,58.8764,58.8715,58.8764,1513
2026-08-11 13:40:00,58.8764,58.8764,58.8676,58.8676,1410
2026-08-11 13:41:00,58.8693,58.8764,58.8693,58.8764,2178
2026-08-11 13:42:00,58.8764,58.8764,58.852,58.852,2913
2026-08-11 13:43:00,58.8568,58.8616,58.852,58.8568,2317
2026-08-11 13:44:00,58.8568,58.8568,58.852,58.852,688
2026-08-11 13:45:00,58.8471,58.8519,58.8325,58.8398,3515
2026-08-11 13:46:00,58.8373,58.8373,58.8227,58.8227,3467
2026-08-11 13:47:00,58.8276,58.8276,58.8227,58.8227,380
2026-08-11 13:48:00,58.8325,58.8373,58.8227,58.8227,2872
2026-08-11 13:49:00,58.8276,58.8276,58.7983,58.7983,1571
2026-08-11 13:50:00,58.7983,58.7983,58.7837,58.7837,1335
2026-08-11 13:51:00,58.791,58.7934,58.7837,58.7837,2523
2026-08-11 13:52:00,58.7812,58.7812,58.7642,58.7739,4762
2026-08-11 13:53:00,58.7788,58.7788,58.7642,58.7642,3003
2026-08-11 13:54:00,58.7739,58.7788,58.7739,58.7788,1917
2026-08-11 13:55:00,58.7788,58.7788,58.7398,58.7642,6363
2026-08-11 13:56:00,58.7642,58.7739,58.7545,58.7739,1731
2026-08-11 13:57:00,58.769,58.769,58.769,58.769,1054
2026-08-11 13:58:00,58.769,58.7705,58.7612,58.7612,2671
2026-08-11 13:59:00,58.7621,58.7642,58.7545,58.7641,7426
2026-08-11 14:00:00,58.7593,58.769,58.7593,58.769,2495
2026-08-11 14:01:00,58.7642,58.7836,58.7642,58.7788,3256
2026-08-11 14:02:00,58.7739,58.7788,58.7739,58.7739,1014
2026-08-11 14:03:00,58.7788,58.7885,58.7788,58.7885,2043
2026-08-11 14:04:00,58.7885,58.7934,58.7885,58.7885,1670
2026-08-11 14:05:00,58.7885,58.7885,58.7837,58.7885,2119
2026-08-11 14:06:00,58.7837,58.7885,58.7788,58.7837,2965
2026-08-11 14:07:00,58.7837,58.7885,58.7739,58.7788,5604
2026-08-11 14:08:00,58.7788,58.7837,58.7788,58.7788,1931
2026-08-11 14:09:00,58.7788,58.7826,58.7788,58.7788,2009
2026-08-11 14:10:00,58.7837,58.8178,58.7837,58.8178,2651
2026-08-11 14:11:00,58.8178,58.8226,58.8129,58.8129,4859
2026-08-11 14:12:00,58.8227,58.8227,58.8129,58.8178,1084
2026-08-11 14:13:00,58.8178,58.8178,58.8081,58.8081,889
2026-08-11 14:14:00,58.8227,58.8373,58.8227,58.8373,1822
2026-08-11 14:15:00,58.8471,58.8568,58.8227,58.8276,4708
2026-08-11 14:16:00,58.8276,58.8314,58.8276,58.8314,713
2026-08-11 14:17:00,58.8276,58.8306,58.8276,58.8306,2504
2026-08-11 14:18:00,58.8276,58.8276,58.8227,58.8227,1305
2026-08-11 14:19:00,58.8227,58.8298,58.8227,58.8227,3662
2026-08-11 14:20:00,58.8276,58.8568,58.8227,58.8568,2874
2026-08-11 14:21:00,58.8568,58.8568,58.852,58.852,706
2026-08-11 14:22:00,58.8568,58.8617,58.8568,58.8617,1333
2026-08-11 14:23:00,58.8568,58.8568,58.8568,58.8568,843
2026-08-11 14:24:00,58.8603,58.8605,58.8422,58.8422,2707
2026-08-11 14:25:00,58.8471,58.8568,58.8471,58.8568,5173
2026-08-11 14:26:00,58.8568,58.8666,58.8568,58.8568,2641
2026-08-11 14:27:00,58.8617,58.8714,58.8617,58.8666,5423
2026-08-11 14:28:00,58.8666,58.8666,58.8373,58.8421,7221
2026-08-11 14:29:00,58.8373,58.8373,58.8276,58.8276,1868
2026-08-11 14:30:00,58.8276,58.8276,58.8228,58.8276,1163
2026-08-11 14:31:00,58.8276,58.8499,58.8276,58.8471,3598
2026-08-11 14:32:00,58.8471,58.8568,58.8422,58.8568,1892
2026-08-11 14:33:00,58.8568,58.8568,58.852,58.8568,1165
2026-08-11 14:34:00,58.8617,58.8715,58.8568,58.8617,2831
2026-08-11 14:35:00,58.8568,58.8617,58.8568,58.8617,578
2026-08-11 14:36:00,58.8568,58.8715,58.8568,58.8715,2559
2026-08-11 14:37:00,58.8666,58.8714,58.852,58.852,5370
2026-08-11 14:38:00,58.8617,58.8617,58.8568,58.8568,849
2026-08-11 14:39:00,58.8568,58.8709,58.8568,58.8666,4537
2026-08-11 14:40:00,58.8666,58.8702,58.8666,58.8666,1367
2026-08-11 14:41:00,58.8617,58.8666,58.8568,58.8666,2988
2026-08-11 14:42:00,58.8666,58.8666,58.8666,58.8666,520
2026-08-11 14:43:00,58.8666,58.8861,58.8666,58.8861,1930
2026-08-11 14:44:00,58.8861,58.8861,58.8812,58.8861,2411
2026-08-11 14:45:00,58.8861,58.891,58.8861,58.8861,1441
2026-08-11 14:46:00,58.8861,58.8861,58.8617,58.8668,5026
2026-08-11 14:47:00,58.8666,58.8861,58.8666,58.8715,6723
2026-08-11 14:48:00,58.8764,58.8861,58.8715,58.8764,1182
2026-08-11 14:49:00,58.8812,58.8861,58.8812,58.8861,1967
2026-08-11 14:50:00,58.8861,58.891,58.8861,58.891,1860
2026-08-11 14:51:00,58.8959,58.8959,58.8959,58.8959,1114
2026-08-11 14:52:00,58.9008,58.9008,58.9008,58.9008,310
2026-08-11 14:53:00,58.8959,58.8959,58.8959,58.8959,1099
2026-08-11 14:54:00,58.8959,58.9008,58.8959,58.8959,4579
2026-08-11 14:55:00,58.8959,58.9008,58.8959,58.9008,462
2026-08-11 14:56:00,58.891,58.9008,58.891,58.9008,891
2026-08-11 14:57:00,58.9008,58.9104,58.9008,58.9104,3046
2026-08-11 14:58:00,58.9056,58.9105,58.9056,58.9105,1726
2026-08-11 14:59:00,58.9056,58.9056,58.891,58.8959,3332
2026-08-11 15:00:00,58.891,58.8959,58.891,58.891,4874
2026-08-11 15:01:00,58.8821,58.8959,58.8821,58.8959,2248
2026-08-11 15:02:00,58.8959,58.9105,58.8959,58.9105,1486
2026-08-11 15:03:00,58.9154,58.9182,58.9056,58.9056,3573
2026-08-11 15:04:00,58.9105,58.9203,58.9008,58.9154,7898
2026-08-11 15:05:00,58.9154,58.9202,58.891,58.891,5289
2026-08-11 15:06:00,58.8959,58.8988,58.8812,58.8812,1648
2026-08-11 15:07:00,58.8812,58.8861,58.8812,58.8861,750
2026-08-11 15:08:00,58.8812,58.8861,58.8812,58.8861,2344
2026-08-11 15:09:00,58.8861,58.8959,58.8861,58.8959,2666
2026-08-11 15:10:00,58.9008,58.9105,58.8959,58.8959,6232
2026-08-11 15:11:00,58.8959,58.8959,58.891,58.891,3422
2026-08-11 15:12:00,58.8959,58.8959,58.8617,58.8617,7506
2026-08-11 15:13:00,58.8666,58.8666,58.8325,58.8325,3350
2026-08-11 15:14:00,58.8373,58.8422,58.8325,58.8325,6054
2026-08-11 15:15:00,58.8325,58.8373,58.8178,58.8178,5009
2026-08-11 15:16:00,58.8178,58.8178,58.8129,58.8178,2928
2026-08-11 15:17:00,58.8178,58.8178,58.8081,58.8178,4490
2026-08-11 15:18:00,58.8178,58.8227,58.8129,58.8129,5802
2026-08-11 15:19:00,58.8129,58.8129,58.8032,58.8081,4636
2026-08-11 15:20:00,58.8081,58.8129,58.7983,58.7983,5122
2026-08-11 15:21:00,58.7983,58.8081,58.7837,58.7837,9585
2026-08-11 15:22:00,58.7885,58.7934,58.7837,58.7885,5014
2026-08-11 15:23:00,58.7885,58.7934,58.7837,58.7934,7688
2026-08-11 15:24:00,58.7934,58.8032,58.7934,58.7934,4596
2026-08-11 15:25:00,58.7983,58.8013,58.7934,58.7934,6825
2026-08-11 15:26:00,58.7983,58.8081,58.7934,58.7983,7721
2026-08-11 15:27:00,58.7983,58.8032,58.7837,58.7837,6595
2026-08-11 15:28:00,58.7837,58.7934,58.7837,58.7885,5892
2026-08-11 15:29:00,58.7934,58.7934,58.7837,58.7837,4853
2026-08-11 15:30:00,58.7837,58.8022,58.7739,58.7885,18109
2026-08-11 15:31:00,58.7885,58.7885,58.7739,58.7885,6281
2026-08-11 15:32:00,58.7885,58.7983,58.7837,58.7934,6770
2026-08-11 15:33:00,58.7983,58.7983,58.7837,58.7837,6076
2026-08-11 15:34:00,58.7837,58.7933,58.7739,58.7739,5046
2026-08-11 15:35:00,58.7788,58.7788,58.7544,58.7544,6196
2026-08-11 15:36:00,58.7593,58.7593,58.7446,58.7495,7424
2026-08-11 15:37:00,58.7544,58.7544,58.7349,58.7446,13753
2026-08-11 15:38:00,58.7495,58.7495,58.7349,58.7349,7081
2026-08-11 15:39:00,58.7398,58.7446,58.7349,58.7349,7581
2026-08-11 15:40:00,58.7349,58.7445,58.7251,58.73,6808
2026-08-11 15:41:00,58.73,58.7495,58.7251,58.7349,12737
2026-08-11 15:42:00,58.73,58.73,58.7154,58.7154,5644
2026-08-11 15:43:00,58.7203,58.73,58.7154,58.73,12708
2026-08-11 15:44:00,58.73,58.73,58.7056,58.7056,10588
2026-08-11 15:45:00,58.7105,58.7154,58.7007,58.7007,6799
2026-08-11 15:46:00,58.7007,58.7154,58.6812,58.6812,14203
2026-08-11 15:47:00,58.6773,58.6812,58.6676,58.6715,12592
2026-08-11 15:48:00,58.6715,58.6763,58.6666,58.6666,10581
2026-08-11 15:49:00,58.6715,58.686,58.6666,58.686,13403
2026-08-11 15:50:00,58.6763,58.6959,58.6568,58.6861,25115
2026-08-11 15:51:00,58.6763,58.691,58.6617,58.6617,19209
2026-08-11 15:52:00,58.6617,58.6715,58.6568,58.6568,16298
2026-08-11 15:53:00,58.6578,58.6666,58.6471,58.6617,15308
2026-08-11 15:54:00,58.6617,58.6666,58.6568,58.6617,15266
2026-08-11 15:55:00,58.6617,58.6715,58.6568,58.6617,44381
2026-08-11 15:56:00,58.6617,58.6861,58.6568,58.6861,39852
2026-08-11 15:57:00,58.6861,58.6861,58.6568,58.6715,35155
2026-08-11 15:58:00,58.6715,58.7056,58.6715,58.6861,58807
2026-08-11 15:59:00,58.6763,58.7154,58.6763,58.7154,63851
2026-08-12 09:30:00,58.93,58.9495,58.891,58.93,36895
2026-08-12 09:31:00,58.93,58.969,58.93,58.9593,3447
2026-08-12 09:32:00,58.9495,59.0178,58.9398,59.0178,5678
2026-08-12 09:33:00,59.0178,59.0178,58.9886,58.9983,3344
2026-08-12 09:34:00,59.008,59.0081,58.9788,59.0081,8014
2026-08-12 09:35:00,59.0081,59.0178,58.9983,59.013,5524
2026-08-12 09:36:00,59.0081,59.0373,58.9983,59.013,9302
2026-08-12 09:37:00,59.0081,59.0276,59.0081,59.0276,1112
2026-08-12 09:38:00,59.0373,59.0373,59.0081,59.0178,3232
2026-08-12 09:39:00,59.0178,59.0373,59.0178,59.0276,3019
2026-08-12 09:40:00,59.0276,59.0276,59.0081,59.0276,3984
2026-08-12 09:41:00,59.0178,59.0276,59.0178,59.0276,2549
2026-08-12 09:42:00,59.0081,59.0178,59.0081,59.0178,3659
2026-08-12 09:43:00,59.0081,59.0081,58.9593,58.9886,6257
2026-08-12 09:44:00,58.9886,58.9983,58.9886,58.9934,1935
2026-08-12 09:45:00,58.9983,59.0081,58.9934,58.9983,2727
2026-08-12 09:46:00,58.9983,59.0276,58.9983,59.0081,3789
2026-08-12 09:47:00,59.0178,59.0276,59.0081,59.0276,2746
2026-08-12 09:48:00,59.0276,59.0422,59.0276,59.0373,2202
2026-08-12 09:49:00,59.0373,59.0373,58.9886,58.9886,9932
2026-08-12 09:50:00,58.9983,58.9983,58.9934,58.9983,857
2026-08-12 09:51:00,59.0081,59.0081,58.9983,59.0081,1869
2026-08-12 09:52:00,59.0032,59.0032,58.9983,58.9983,1468
2026-08-12 09:53:00,58.9983,59.0081,58.9886,58.9983,4311
2026-08-12 09:54:00,58.9886,58.9886,58.9593,58.9593,11767
2026-08-12 09:55:00,58.9495,58.9495,58.9203,58.9203,5598
2026-08-12 09:56:00,58.9203,58.9495,58.9203,58.9495,2303
2026-08-12 09:57:00,58.9495,58.9544,58.941,58.9495,3268
2026-08-12 09:58:00,58.9495,58.969,58.9495,58.969,871
2026-08-12 09:59:00,58.9593,58.969,58.9593,58.9593,1180
2026-08-12 10:00:00,58.9642,58.9642,58.9447,58.9495,3101
2026-08-12 10:01:00,58.9495,58.9495,58.9398,58.9398,3125
2026-08-12 10:02:00,58.93,58.93,58.8959,58.9203,6442
2026-08-12 10:03:00,58.93,58.9495,58.9154,58.9398,3834
2026-08-12 10:04:00,58.9447,58.9447,58.9203,58.9203,2317
2026-08-12 10:05:00,58.9154,58.9398,58.9154,58.93,3316
2026-08-12 10:06:00,58.9203,58.9251,58.891,58.9008,7346
2026-08-12 10:07:00,58.9008,58.9008,58.891,58.8959,3299
2026-08-12 10:08:00,58.8959,58.9105,58.8959,58.9056,3334
2026-08-12 10:09:00,58.9056,58.93,58.9056,58.9105,1962
2026-08-12 10:10:00,58.9203,58.9359,58.9203,58.9349,2590
2026-08-12 10:11:00,58.9398,58.9398,58.9105,58.9105,4274
2026-08-12 10:12:00,58.9008,58.9105,58.9008,58.9105,1992
2026-08-12 10:13:00,58.9182,58.9182,58.891,58.891,38122
2026-08-12 10:14:00,58.891,58.93,58.891,58.9203,4715
2026-08-12 10:15:00,58.9154,58.9154,58.9008,58.9008,1862
2026-08-12 10:16:00,58.891,58.891,58.8812,58.8812,1344
2026-08-12 10:17:00,58.8812,58.8959,58.8812,58.8959,1922
2026-08-12 10:18:00,58.891,58.8959,58.8764,58.8764,2017
2026-08-12 10:19:00,58.8793,58.8793,58.8666,58.8715,3306
2026-08-12 10:20:00,58.8764,58.891,58.8666,58.8861,4658
2026-08-12 10:21:00,58.8861,58.93,58.8861,58.9154,5115
2026-08-12 10:22:00,58.9154,58.9384,58.9154,58.93,2578
2026-08-12 10:23:00,58.9251,58.9349,58.9251,58.9349,2654
2026-08-12 10:24:00,58.9303,58.9397,58.9203,58.9203,1525
2026-08-12 10:25:00,58.93,58.9398,58.9203,58.9349,4970
2026-08-12 10:26:00,58.9398,58.969,58.9398,58.969,9285
2026-08-12 10:27:00,58.9739,58.9886,58.969,58.9886,1628
2026-08-12 10:28:00,58.9886,58.9886,58.9837,58.9837,2811
2026-08-12 10:29:00,58.9886,59.0276,58.9886,59.0276,2309
2026-08-12 10:30:00,59.0178,59.0178,58.9788,58.9788,3674
2026-08-12 10:31:00,58.9739,58.9788,58.9447,58.9495,7664
2026-08-12 10:32:00,58.9495,58.969,58.9495,58.969,7769
2026-08-12 10:33:00,58.9593,58.9593,58.9349,58.9398,13241
2026-08-12 10:34:00,58.9398,58.9495,58.9349,58.9398,10129
2026-08-12 10:35:00,58.9398,58.9398,58.9056,58.9105,7434
2026-08-12 10:36:00,58.9105,58.9349,58.9056,58.9349,11626
2026-08-12 10:37:00,58.93,58.9398,58.93,58.9349,526
2026-08-12 10:38:00,58.9398,58.9447,58.9349,58.9349,2927
2026-08-12 10:39:00,58.9398,58.9495,58.9349,58.9447,3121
2026-08-12 10:40:00,58.9495,58.9544,58.9398,58.9447,4795
2026-08-12 10:41:00,58.9447,58.9447,58.9349,58.9349,3245
2026-08-12 10:42:00,58.9398,58.9495,58.9398,58.9495,1835
2026-08-12 10:43:00,58.9495,58.9495,58.9398,58.9398,5238
2026-08-12 10:44:00,58.9409,58.9544,58.9409,58.9544,3289
2026-08-12 10:45:00,58.9544,58.9642,58.9534,58.9642,3329
2026-08-12 10:46:00,58.9642,58.9886,58.9642,58.9801,6858
2026-08-12 10:47:00,58.9788,58.9886,58.9739,58.9739,8473
2026-08-12 10:48:00,58.9739,58.9983,58.969,58.9934,9071
2026-08-12 10:49:00,58.9934,59.0178,58.9934,59.008,4623
2026-08-12 10:50:00,59.0032,59.0081,58.9934,58.9934,3902
2026-08-12 10:51:00,58.9983,58.9983,58.9837,58.9837,2516
2026-08-12 10:52:00,58.9837,58.9837,58.9739,58.9788,1971
2026-08-12 10:53:00,58.9788,58.9934,58.9739,58.9934,6954
2026-08-12 10:54:00,58.9934,58.9983,58.9886,58.9886,2119
2026-08-12 10:55:00,58.9886,58.9886,58.9837,58.9837,2570
2026-08-12 10:56:00,58.9837,58.9837,58.969,58.969,2401
2026-08-12 10:57:00,58.9544,58.9593,58.9495,58.9544,11151
2026-08-12 10:58:00,58.9544,58.9593,58.9398,58.9398,1933
2026-08-12 10:59:00,58.9495,58.9544,58.9447,58.9544,3306
2026-08-12 11:00:00,58.9593,58.9788,58.9593,58.9788,4296
2026-08-12 11:01:00,58.9886,58.9934,58.9837,58.9837,2701
2026-08-12 11:02:00,58.9788,58.9886,58.9788,58.9788,3916
2026-08-12 11:03:00,58.9788,59.0032,58.9739,59.0032,5755
2026-08-12 11:04:00,58.9983,59.0081,58.9983,59.0032,771
2026-08-12 11:05:00,59.0081,59.0422,59.0032,59.0178,27118
2026-08-12 11:06:00,59.0178,59.0276,59.013,59.0276,4833
2026-08-12 11:07:00,59.0178,59.0178,58.9983,59.0081,2098
2026-08-12 11:08:00,59.0032,59.0227,59.0032,59.0179,2605
2026-08-12 11:09:00,59.013,59.0227,59.0081,59.0178,2615
2026-08-12 11:10:00,59.013,59.0178,58.9983,59.013,9549
2026-08-12 11:11:00,59.013,59.0227,59.013,59.0227,2716
2026-08-12 11:12:00,59.0178,59.0447,59.0178,59.0422,5972
2026-08-12 11:13:00,59.0373,59.052,59.0373,59.052,1753
2026-08-12 11:14:00,59.052,59.052,59.0373,59.0422,3147
2026-08-12 11:15:00,59.0373,59.0422,59.0276,59.0276,1947
2026-08-12 11:16:00,59.0325,59.0373,59.0276,59.0276,3769
2026-08-12 11:17:00,59.0276,59.0325,59.0227,59.0275,3947
2026-08-12 11:18:00,59.0227,59.0373,59.013,59.0373,4854
2026-08-12 11:19:00,59.0373,59.047,59.0325,59.0422,1730
2026-08-12 11:20:00,59.0373,59.0373,59.0276,59.0325,2920
2026-08-12 11:21:00,59.0325,59.0422,59.0325,59.0373,3791
2026-08-12 11:22:00,59.0422,59.0569,59.0373,59.052,1434
2026-08-12 11:23:00,59.052,59.0715,59.052,59.0617,6993
2026-08-12 11:24:00,59.0569,59.0666,59.0569,59.0617,2118
2026-08-12 11:25:00,59.0617,59.0666,59.052,59.052,2416
2026-08-12 11:26:00,59.0471,59.0569,59.0422,59.0569,6882
2026-08-12 11:27:00,59.0569,59.0665,59.0569,59.0665,2148
2026-08-12 11:28:00,59.0617,59.0715,59.0617,59.0666,4805
2026-08-12 11:29:00,59.0666,59.0715,59.0617,59.0617,5817
2026-08-12 11:30:00,59.0617,59.0764,59.0569,59.0764,4401
2026-08-12 11:31:00,59.0764,59.0959,59.0744,59.0959,12377
2026-08-12 11:32:00,59.0959,59.1056,59.0959,59.0962,7371
2026-08-12 11:33:00,59.0959,59.1008,59.0959,59.1008,2297
2026-08-12 11:34:00,59.0959,59.1154,59.0764,59.1056,34418
2026-08-12 11:35:00,59.0959,59.0959,59.0569,59.0812,12453
2026-08-12 11:36:00,59.0812,59.0861,59.0764,59.0764,1427
2026-08-12 11:37:00,59.0812,59.0812,59.0569,59.0617,1425
2026-08-12 11:38:00,59.0569,59.0617,59.0569,59.0569,834
2026-08-12 11:39:00,59.0569,59.0666,59.0569,59.0584,1934
2026-08-12 11:40:00,59.0617,59.0617,59.0569,59.0617,923
2026-08-12 11:41:00,59.0617,59.0666,59.0617,59.0617,5290
2026-08-12 11:42:00,59.0617,59.0666,59.0569,59.0617,2331
2026-08-12 11:43:00,59.0617,59.0617,59.0471,59.0471,1010
2026-08-12 11:44:00,59.0471,59.0569,59.0471,59.0569,1959
2026-08-12 11:45:00,59.0569,59.0666,59.0569,59.0617,1254
2026-08-12 11:46:00,59.0617,59.0666,59.0617,59.0666,558
2026-08-12 11:47:00,59.0569,59.0666,59.0569,59.0617,776
2026-08-12 11:48:00,59.0666,59.0666,59.052,59.052,7938
2026-08-12 11:49:00,59.052,59.052,59.0471,59.0471,787
2026-08-12 11:50:00,59.052,59.052,59.052,59.052,384
2026-08-12 11:51:00,59.0569,59.0569,59.0471,59.0471,1424
2026-08-12 11:52:00,59.0422,59.0422,59.0393,59.0422,1849
2026-08-12 11:53:00,59.0471,59.0764,59.0422,59.0715,5974
2026-08-12 11:54:00,59.0666,59.0764,59.0666,59.0764,2027
2026-08-12 11:55:00,59.0666,59.0666,59.0666,59.0666,377
2026-08-12 11:56:00,59.0617,59.0617,59.0569,59.0569,1305
2026-08-12 11:57:00,59.0617,59.0617,59.0574,59.0574,531
2026-08-12 11:58:00,59.0569,59.0666,59.0569,59.0569,5195
2026-08-12 11:59:00,59.0593,59.0593,59.0569,59.0569,912
2026-08-12 12:00:00,59.052,59.052,59.052,59.052,220
2026-08-12 12:01:00,59.052,59.052,59.0471,59.0471,1954
2026-08-12 12:02:00,59.0471,59.0666,59.0422,59.0617,6320
2026-08-12 12:03:00,59.0617,59.0666,59.0617,59.0666,4010
2026-08-12 12:04:00,59.0666,59.0675,59.0617,59.0675,1474
2026-08-12 12:05:00,59.0666,59.0715,59.0666,59.0715,437
2026-08-12 12:06:00,59.0666,59.0861,59.0666,59.0812,3173
2026-08-12 12:07:00,59.0812,59.0812,59.0812,59.0812,1283
2026-08-12 12:08:00,59.0861,59.091,59.0861,59.09,2470
2026-08-12 12:09:00,59.0861,59.0861,59.0764,59.0773,983
2026-08-12 12:10:00,59.0764,59.0764,59.0666,59.0666,1206
2026-08-12 12:11:00,59.0715,59.0715,59.0666,59.0715,2613
2026-08-12 12:12:00,59.0666,59.0861,59.0642,59.0861,8612
2026-08-12 12:13:00,59.0861,59.091,59.0861,59.0861,1711
2026-08-12 12:14:00,59.0898,59.091,59.0898,59.091,790
2026-08-12 12:15:00,59.0861,59.0959,59.0861,59.0861,1252
2026-08-12 12:16:00,59.0861,59.1056,59.0861,59.1056,2441
2026-08-12 12:17:00,59.1008,59.1252,59.1008,59.1252,1423
2026-08-12 12:18:00,59.1252,59.1349,59.1203,59.1203,6705
2026-08-12 12:19:00,59.1203,59.1252,59.1203,59.1252,2579
2026-08-12 12:20:00,59.1203,59.1203,59.1154,59.1155,1018
2026-08-12 12:21:00,59.1203,59.1252,59.1203,59.1203,6886
2026-08-12 12:22:00,59.1252,59.13,59.1252,59.13,2754
2026-08-12 12:23:00,59.13,59.1349,59.1252,59.13,3513
2026-08-12 12:24:00,59.133,59.133,59.1056,59.1056,2659
2026-08-12 12:25:00,59.1081,59.1154,59.1057,59.1105,4439
2026-08-12 12:26:00,59.1105,59.1154,59.1056,59.1089,2565
2026-08-12 12:27:00,59.1154,59.1154,59.1105,59.1105,1226
2026-08-12 12:28:00,59.1056,59.1056,59.0959,59.1008,2713
2026-08-12 12:29:00,59.1042,59.1042,59.0861,59.091,1947
2026-08-12 12:30:00,59.091,59.091,59.0861,59.0861,884
2026-08-12 12:31:00,59.0812,59.091,59.0764,59.091,7240
2026-08-12 12:32:00,59.0959,59.0959,59.0959,59.0959,505
2026-08-12 12:33:00,59.0861,59.0959,59.0861,59.091,484
2026-08-12 12:34:00,59.091,59.0959,59.0861,59.0872,10891
2026-08-12 12:35:00,59.0861,59.091,59.0861,59.091,803
2026-08-12 12:36:00,59.0861,59.1056,59.0861,59.091,6477
2026-08-12 12:37:00,59.0959,59.1056,59.0959,59.1056,3942
2026-08-12 12:38:00,59.1008,59.1008,59.0959,59.0959,683
2026-08-12 12:39:00,59.0961,59.1056,59.0961,59.1056,669
2026-08-12 12:40:00,59.1008,59.1154,59.1008,59.1105,3863
2026-08-12 12:41:00,59.1154,59.1252,59.1154,59.1252,2900
2026-08-12 12:42:00,59.13,59.13,59.1252,59.1252,886
2026-08-12 12:43:00,59.1349,59.1398,59.1349,59.1398,939
2026-08-12 12:44:00,59.1398,59.1398,59.1398,59.1398,531
2026-08-12 12:45:00,59.1408,59.1408,59.1349,59.1349,683
2026-08-12 12:46:00,59.1398,59.1544,59.1398,59.1544,2303
2026-08-12 12:47:00,59.1447,59.1544,59.1398,59.1544,3488
2026-08-12 12:48:00,59.1593,59.1593,59.1593,59.1593,289
2026-08-12 12:49:00,59.1593,59.1593,59.1593,59.1593,821
2026-08-12 12:50:00,59.1642,59.1983,59.1593,59.1983,5745
2026-08-12 12:51:00,59.1983,59.213,59.1983,59.2081,2032
2026-08-12 12:52:00,59.2081,59.2178,59.2081,59.2178,1738
2026-08-12 12:53:00,59.213,59.213,59.2081,59.213,1306
2026-08-12 12:54:00,59.2227,59.2227,59.2227,59.2227,376
2026-08-12 12:55:00,59.213,59.2178,59.213,59.2178,2860
2026-08-12 12:56:00,59.2226,59.2226,59.213,59.213,730
2026-08-12 12:57:00,59.213,59.213,59.1934,59.213,7117
2026-08-12 12:58:00,59.2178,59.2178,59.2178,59.2178,458
2026-08-12 12:59:00,59.2178,59.2178,59.213,59.213,1294
2026-08-12 13:00:00,59.1934,59.1934,59.1934,59.1934,658
2026-08-12 13:01:00,59.1934,59.1934,59.1934,59.1934,245
2026-08-12 13:02:00,59.1983,59.1983,59.1934,59.1983,1337
2026-08-12 13:03:00,59.1983,59.1983,59.1934,59.1934,1646
2026-08-12 13:04:00,59.1886,59.1886,59.1691,59.1691,2343
2026-08-12 13:05:00,59.1642,59.1739,59.1642,59.1739,3508
2026-08-12 13:06:00,59.1837,59.1934,59.1837,59.1934,4845
2026-08-12 13:07:00,59.2032,59.2032,59.2032,59.2032,635
2026-08-12 13:08:00,59.1886,59.1886,59.1642,59.1642,3167
2026-08-12 13:09:00,59.1642,59.1642,59.1593,59.1642,1712
2026-08-12 13:11:00,59.1564,59.1642,59.1544,59.1593,709
2026-08-12 13:12:00,59.1593,59.1593,59.1561,59.1561,1378
2026-08-12 13:13:00,59.1593,59.1642,59.1544,59.1544,1866
2026-08-12 13:14:00,59.1544,59.1544,59.1447,59.1495,702
2026-08-12 13:15:00,59.1495,59.1495,59.1203,59.1252,8967
2026-08-12 13:16:00,59.1252,59.1349,59.1252,59.1252,1973
2026-08-12 13:17:00,59.1252,59.1349,59.1203,59.1349,1522
2026-08-12 13:18:00,59.1349,59.1349,59.1349,59.1349,380
2026-08-12 13:19:00,59.1349,59.1398,59.1252,59.1398,3220
2026-08-12 13:20:00,59.1363,59.1495,59.1349,59.1447,3594
2026-08-12 13:21:00,59.1544,59.1593,59.1495,59.1593,2601
2026-08-12 13:22:00,59.1642,59.1642,59.1593,59.1593,1815
2026-08-12 13:23:00,59.1593,59.1691,59.1593,59.1642,1972
2026-08-12 13:24:00,59.1642,59.1739,59.1642,59.1739,3836
2026-08-12 13:25:00,59.1837,59.1837,59.1778,59.1778,759
2026-08-12 13:26:00,59.1837,59.1837,59.1788,59.1788,1623
2026-08-12 13:27:00,59.1642,59.1657,59.1642,59.1642,1013
2026-08-12 13:28:00,59.1642,59.1691,59.1642,59.1691,1872
2026-08-12 13:30:00,59.1642,59.1739,59.1642,59.1691,2348
2026-08-12 13:31:00,59.1642,59.1691,59.1642,59.1691,1033
2026-08-12 13:32:00,59.1642,59.1642,59.1495,59.1495,2753
2026-08-12 13:33:00,59.1544,59.1544,59.1349,59.1349,639
2026-08-12 13:34:00,59.1447,59.1447,59.1349,59.1349,1181
2026-08-12 13:35:00,59.1398,59.1447,59.1349,59.1398,3896
2026-08-12 13:36:00,59.1398,59.1398,59.1398,59.1398,241
2026-08-12 13:37:00,59.1398,59.1447,59.1349,59.1447,688
2026-08-12 13:38:00,59.1398,59.1398,59.1398,59.1398,468
2026-08-12 13:39:00,59.1398,59.1447,59.1349,59.1447,3565
2026-08-12 13:40:00,59.1398,59.1544,59.1398,59.1495,3986
2026-08-12 13:41:00,59.1447,59.1447,59.1349,59.1349,3212
2026-08-12 13:42:00,59.1349,59.1349,59.13,59.13,763
2026-08-12 13:43:00,59.1349,59.1398,59.1349,59.1398,2360
2026-08-12 13:44:00,59.1447,59.1447,59.1398,59.1398,1010
2026-08-12 13:45:00,59.1398,59.1544,59.1398,59.1495,6576
2026-08-12 13:46:00,59.1495,59.1544,59.1349,59.1349,5961
2026-08-12 13:47:00,59.1447,59.1447,59.1447,59.1447,496
2026-08-12 13:48:00,59.1495,59.1544,59.1495,59.1544,1693
2026-08-12 13:49:00,59.1447,59.1495,59.1447,59.1495,424
2026-08-12 13:50:00,59.1544,59.1642,59.1495,59.1495,3425
2026-08-12 13:51:00,59.1544,59.1544,59.1447,59.1495,2878
2026-08-12 13:52:00,59.1544,59.1544,59.1447,59.1447,746
2026-08-12 13:53:00,59.1544,59.1544,59.1495,59.1495,922
2026-08-12 13:54:00,59.1544,59.1642,59.1486,59.1642,3600
2026-08-12 13:55:00,59.166,59.166,59.166,59.166,292
2026-08-12 13:56:00,59.1739,59.1837,59.1691,59.1788,1953
2026-08-12 13:57:00,59.1739,59.1739,59.1642,59.1642,594
2026-08-12 13:58:00,59.1691,59.1739,59.1642,59.1642,2557
2026-08-12 13:59:00,59.1642,59.1642,59.1593,59.1593,1020
2026-08-12 14:00:00,59.1642,59.1642,59.1544,59.1593,883
2026-08-12 14:01:00,59.1642,59.1642,59.1593,59.1593,3817
2026-08-12 14:02:00,59.1544,59.1642,59.1544,59.1642,3472
2026-08-12 14:03:00,59.1544,59.1544,59.1544,59.1544,2890
2026-08-12 14:04:00,59.1544,59.1544,59.1495,59.1495,613
2026-08-12 14:05:00,59.1495,59.1544,59.1349,59.1355,8571
2026-08-12 14:06:00,59.1447,59.1502,59.1447,59.1447,4998
2026-08-12 14:07:00,59.1447,59.1447,59.1398,59.1398,1364
2026-08-12 14:08:00,59.1398,59.1447,59.1398,59.1398,2076
2026-08-12 14:09:00,59.1447,59.1447,59.1349,59.1349,1091
2026-08-12 14:10:00,59.1398,59.1398,59.1369,59.1389,4998
2026-08-12 14:11:00,59.1447,59.1495,59.1447,59.1447,2047
2026-08-12 14:12:00,59.1495,59.1739,59.1495,59.1733,5067
2026-08-12 14:13:00,59.1664,59.1739,59.1664,59.1691,1209
2026-08-12 14:14:00,59.1691,59.1691,59.1691,59.1691,713
2026-08-12 14:15:00,59.1642,59.1837,59.1642,59.1837,3386
2026-08-12 14:16:00,59.1831,59.1837,59.1758,59.1837,4318
2026-08-12 14:17:00,59.1934,59.1934,59.1837,59.1886,2075
2026-08-12 14:18:00,59.1837,59.1934,59.1739,59.1739,3093
2026-08-12 14:19:00,59.1739,59.1837,59.1739,59.1837,1513
2026-08-12 14:20:00,59.1837,59.1941,59.1788,59.1934,3294
2026-08-12 14:21:00,59.1886,59.1934,59.1837,59.1886,1678
2026-08-12 14:22:00,59.1934,59.1934,59.1934,59.1934,576
2026-08-12 14:23:00,59.1837,59.1928,59.1837,59.1928,1833
2026-08-12 14:24:00,59.1886,59.1983,59.1837,59.1837,8131
2026-08-12 14:25:00,59.1837,59.1837,59.1837,59.1837,1794
2026-08-12 14:26:00,59.1934,59.2178,59.1934,59.213,3359
2026-08-12 14:27:00,59.2227,59.2227,59.2081,59.2081,3920
2026-08-12 14:28:00,59.2032,59.2081,59.2032,59.2081,857
2026-08-12 14:29:00,59.2032,59.2032,59.1934,59.1934,2347
2026-08-12 14:30:00,59.1934,59.2032,59.1934,59.2032,1379
2026-08-12 14:31:00,59.1934,59.2032,59.1934,59.1983,2922
2026-08-12 14:32:00,59.1983,59.2032,59.1934,59.2032,1714
2026-08-12 14:33:00,59.2032,59.2227,59.2032,59.2227,5665
2026-08-12 14:34:00,59.2227,59.2244,59.2227,59.2227,1069
2026-08-12 14:35:00,59.2325,59.2325,59.2325,59.2325,791
2026-08-12 14:36:00,59.2374,59.2422,59.2325,59.2374,2862
2026-08-12 14:37:00,59.2325,59.2325,59.2276,59.2325,2998
2026-08-12 14:38:00,59.2325,59.2471,59.2228,59.2471,5563
2026-08-12 14:39:00,59.2471,59.252,59.2422,59.2471,1990
2026-08-12 14:40:00,59.252,59.2715,59.252,59.2715,6578
2026-08-12 14:41:00,59.2632,59.2666,59.2617,59.2617,1100
2026-08-12 14:42:00,59.2569,59.2617,59.2569,59.2617,1563
2026-08-12 14:43:00,59.2617,59.2617,59.2471,59.2471,4700
2026-08-12 14:44:00,59.2471,59.2471,59.2422,59.2471,1095
2026-08-12 14:45:00,59.2471,59.252,59.243,59.2471,5979
2026-08-12 14:46:00,59.252,59.2666,59.252,59.2635,2223
2026-08-12 14:47:00,59.2715,59.2715,59.2666,59.2715,1206
2026-08-12 14:48:00,59.2715,59.2715,59.2617,59.2617,840
2026-08-12 14:49:00,59.2715,59.2764,59.2625,59.2715,5899
2026-08-12 14:50:00,59.2637,59.2666,59.2617,59.2617,4546
2026-08-12 14:51:00,59.252,59.2617,59.252,59.2569,1874
2026-08-12 14:52:00,59.252,59.2617,59.2422,59.2422,8025
2026-08-12 14:53:00,59.2471,59.2471,59.2471,59.2471,277
2026-08-12 14:54:00,59.252,59.252,59.2491,59.252,2775
2026-08-12 14:55:00,59.252,59.2569,59.252,59.2569,687
2026-08-12 14:56:00,59.2617,59.2715,59.2617,59.2666,2732
2026-08-12 14:57:00,59.2617,59.2696,59.2617,59.263,1670
2026-08-12 14:58:00,59.2715,59.2715,59.2617,59.2617,3554
2026-08-12 14:59:00,59.2715,59.2812,59.2714,59.2764,3703
2026-08-12 15:00:00,59.2813,59.2813,59.2716,59.2764,2486
2026-08-12 15:01:00,59.2813,59.3008,59.2813,59.291,4113
2026-08-12 15:02:00,59.2959,59.3008,59.2935,59.3008,1827
2026-08-12 15:03:00,59.3008,59.3008,59.2959,59.2959,2244
2026-08-12 15:04:00,59.2959,59.2959,59.291,59.291,1951
2026-08-12 15:05:00,59.291,59.291,59.2813,59.2861,3277
2026-08-12 15:06:00,59.2861,59.3203,59.2861,59.3203,5008
2026-08-12 15:07:00,59.3118,59.3203,59.3105,59.3105,5028
2026-08-12 15:08:00,59.3008,59.3008,59.3008,59.3008,679
2026-08-12 15:09:00,59.3057,59.3105,59.3008,59.3105,5121
2026-08-12 15:10:00,59.3105,59.3154,59.3057,59.3057,3813
2026-08-12 15:11:00,59.3057,59.3192,59.3057,59.3105,2787
2026-08-12 15:12:00,59.3154,59.3203,59.3105,59.3203,1734
2026-08-12 15:13:00,59.3105,59.3203,59.3105,59.3154,5489
2026-08-12 15:14:00,59.3105,59.3252,59.3105,59.3252,1987
2026-08-12 15:15:00,59.3203,59.33,59.3203,59.33,1997
2026-08-12 15:16:00,59.3252,59.3349,59.3252,59.3313,4414
2026-08-12 15:17:00,59.3349,59.3349,59.3204,59.3204,1630
2026-08-12 15:18:00,59.3252,59.33,59.3252,59.3252,1288
2026-08-12 15:19:00,59.3252,59.3252,59.3203,59.3203,1768
2026-08-12 15:20:00,59.3203,59.3252,59.3203,59.3203,1222
2026-08-12 15:21:00,59.3252,59.3252,59.3105,59.3105,2479
2026-08-12 15:22:00,59.3105,59.3203,59.3105,59.3203,2407
2026-08-12 15:23:00,59.3154,59.33,59.3154,59.3203,11600
2026-08-12 15:24:00,59.3203,59.3252,59.3154,59.3203,3766
2026-08-12 15:25:00,59.3252,59.33,59.3252,59.33,1170
2026-08-12 15:26:00,59.3252,59.33,59.3252,59.33,1435
2026-08-12 15:27:00,59.3203,59.3252,59.3203,59.3252,1427
2026-08-12 15:28:00,59.3252,59.3349,59.3252,59.3252,7189
2026-08-12 15:29:00,59.3203,59.3252,59.3203,59.3252,1262
2026-08-12 15:30:00,59.3203,59.3203,59.3154,59.3203,2863
2026-08-12 15:31:00,59.3203,59.3252,59.3105,59.3154,2583
2026-08-12 15:32:00,59.3105,59.3203,59.3105,59.3154,6755
2026-08-12 15:33:00,59.3105,59.3154,59.3105,59.3154,617
2026-08-12 15:34:00,59.3105,59.3105,59.3008,59.3057,3321
2026-08-12 15:35:00,59.3105,59.3105,59.3008,59.3008,3209
2026-08-12 15:36:00,59.3057,59.3154,59.3057,59.3105,8592
2026-08-12 15:37:00,59.3105,59.33,59.3105,59.33,5013
2026-08-12 15:38:00,59.33,59.3349,59.33,59.3349,2222
2026-08-12 15:39:00,59.3301,59.3349,59.3252,59.3252,2975
2026-08-12 15:40:00,59.3252,59.3447,59.3252,59.3398,8974
2026-08-12 15:41:00,59.3301,59.3349,59.33,59.3349,811
2026-08-12 15:42:00,59.3349,59.3349,59.3203,59.3215,8799
2026-08-12 15:43:00,59.3252,59.3252,59.3203,59.3203,2079
2026-08-12 15:44:00,59.3203,59.3252,59.3154,59.3154,6618
2026-08-12 15:45:00,59.3154,59.3154,59.3105,59.3154,4554
2026-08-12 15:46:00,59.3154,59.33,59.3008,59.3203,20952
2026-08-12 15:47:00,59.3252,59.3398,59.3203,59.3398,6659
2026-08-12 15:48:00,59.3398,59.3398,59.33,59.3349,5335
2026-08-12 15:49:00,59.3398,59.3398,59.3349,59.3349,6170
2026-08-12 15:50:00,59.3349,59.3691,59.3204,59.3204,33753
2026-08-12 15:51:00,59.3203,59.3398,59.3203,59.3398,10005
2026-08-12 15:52:00,59.3398,59.3496,59.3398,59.3447,4567
2026-08-12 15:53:00,59.3447,59.3447,59.33,59.33,7500
2026-08-12 15:54:00,59.33,59.3349,59.3203,59.3252,9644
2026-08-12 15:55:00,59.3252,59.33,59.3105,59.3105,10907
2026-08-12 15:56:00,59.3154,59.3252,59.3154,59.3203,13692
2026-08-12 15:57:00,59.3203,59.3252,59.2959,59.3008,22071
2026-08-12 15:58:00,59.3008,59.3154,59.3008,59.3154,29297
2026-08-12 15:59:00,59.3154,59.3398,59.3105,59.3203,67008
2026-08-13 09:30:00,59.0276,59.0276,58.9495,58.9788,33589
2026-08-13 09:31:00,58.9886,59.0276,58.9788,59.0251,7199
2026-08-13 09:32:00,59.0178,59.0373,59.013,59.0373,6021
2026-08-13 09:33:00,59.0471,59.0569,59.0178,59.0349,7328
2026-08-13 09:34:00,59.0178,59.0276,59.0178,59.0276,2545
2026-08-13 09:35:00,59.0276,59.0373,59.013,59.013,4122
2026-08-13 09:36:00,59.0373,59.0471,58.9983,58.9983,8111
2026-08-13 09:37:00,58.9983,59.0178,58.9788,59.0178,4495
2026-08-13 09:38:00,59.0178,59.0276,59.0081,59.0178,2646
2026-08-13 09:39:00,59.0081,59.0081,58.9886,58.9983,5312
2026-08-13 09:40:00,59.0032,59.0081,58.9934,59.0081,4054
2026-08-13 09:41:00,59.0081,59.0178,58.9983,59.0178,5295
2026-08-13 09:42:00,59.0178,59.0569,59.013,59.0569,11823
2026-08-13 09:43:00,59.0569,59.0959,59.0569,59.0812,9657
2026-08-13 09:44:00,59.0764,59.0861,59.0764,59.0764,4100
2026-08-13 09:45:00,59.0812,59.0861,59.0471,59.0569,10218
2026-08-13 09:46:00,59.0569,59.0861,59.052,59.0569,3843
2026-08-13 09:47:00,59.0569,59.0764,59.0569,59.0764,1720
2026-08-13 09:48:00,59.0861,59.1017,59.0764,59.0837,5780
2026-08-13 09:49:00,59.091,59.1056,59.0812,59.091,4558
2026-08-13 09:50:00,59.091,59.0959,59.0812,59.0861,3744
2026-08-13 09:51:00,59.0764,59.0764,59.0569,59.0666,5151
2026-08-13 09:52:00,59.0666,59.0764,59.052,59.0764,8216
2026-08-13 09:53:00,59.0715,59.0959,59.0471,59.0862,17917
2026-08-13 09:54:00,59.0772,59.0861,59.0276,59.0569,18042
2026-08-13 09:55:00,59.0617,59.0617,59.0422,59.0471,2551
2026-08-13 09:56:00,59.0471,59.1154,59.0422,59.1154,8136
2026-08-13 09:57:00,59.1154,59.1252,59.1154,59.1252,1105
2026-08-13 09:58:00,59.1252,59.1739,59.1056,59.1739,9199
2026-08-13 09:59:00,59.1739,59.1739,59.1349,59.1349,3452
2026-08-13 10:00:00,59.1349,59.1447,59.1154,59.1154,10241
2026-08-13 10:01:00,59.1105,59.1154,59.0959,59.1008,10122
2026-08-13 10:02:00,59.1056,59.1252,59.1008,59.1154,5451
2026-08-13 10:03:00,59.1056,59.1252,59.1008,59.1252,5092
2026-08-13 10:04:00,59.1154,59.1349,59.1105,59.13,4611
2026-08-13 10:05:00,59.1398,59.1544,59.1398,59.1544,9092
2026-08-13 10:06:00,59.1495,59.1788,59.1495,59.1739,7291
2026-08-13 10:07:00,59.1691,59.1739,59.1642,59.1739,2951
2026-08-13 10:08:00,59.1788,59.1837,59.1593,59.1691,3038
2026-08-13 10:09:00,59.1739,59.2178,59.1691,59.213,4645
2026-08-13 10:10:00,59.2178,59.2227,59.2081,59.2178,9458
2026-08-13 10:11:00,59.2178,59.2569,59.213,59.2374,14324
2026-08-13 10:12:00,59.2374,59.2374,59.2178,59.2276,4454
2026-08-13 10:13:00,59.2325,59.2325,59.2178,59.2178,3487
2026-08-13 10:14:00,59.2178,59.2325,59.2032,59.2276,6997
2026-08-13 10:15:00,59.2276,59.2764,59.2276,59.2764,12787
2026-08-13 10:16:00,59.2764,59.291,59.2666,59.2764,3721
2026-08-13 10:17:00,59.2715,59.3008,59.2617,59.3008,7896
2026-08-13 10:18:00,59.291,59.33,59.291,59.3252,11962
2026-08-13 10:19:00,59.3252,59.3398,59.3105,59.3146,5824
2026-08-13 10:20:00,59.3105,59.3105,59.291,59.3057,10664
2026-08-13 10:21:00,59.3057,59.3105,59.291,59.3105,3526
2026-08-13 10:22:00,59.3154,59.3398,59.3105,59.3398,5011
2026-08-13 10:23:00,59.3398,59.3642,59.3349,59.3642,3303
2026-08-13 10:24:00,59.3691,59.3739,59.3544,59.3691,6706
2026-08-13 10:25:00,59.3698,59.3837,59.3593,59.3788,5513
2026-08-13 10:26:00,59.3739,59.3837,59.3739,59.3739,2917
2026-08-13 10:27:00,59.3739,59.3788,59.3544,59.3544,3781
2026-08-13 10:28:00,59.3544,59.3691,59.3496,59.3593,3533
2026-08-13 10:29:00,59.3496,59.3593,59.3398,59.3398,14068
2026-08-13 10:30:00,59.3447,59.3496,59.3398,59.3398,6524
2026-08-13 10:31:00,59.3399,59.3496,59.3252,59.3252,9024
2026-08-13 10:32:00,59.3252,59.3398,59.3252,59.33,2821
2026-08-13 10:33:00,59.33,59.33,59.2959,59.3105,4132
2026-08-13 10:34:00,59.2959,59.3057,59.291,59.3057,6404
2026-08-13 10:35:00,59.3057,59.3203,59.3008,59.3057,10719
2026-08-13 10:36:00,59.3008,59.3105,59.2715,59.2764,5935
2026-08-13 10:37:00,59.2813,59.291,59.2666,59.2715,9237
2026-08-13 10:38:00,59.2813,59.3057,59.2764,59.3057,6516
2026-08-13 10:39:00,59.3008,59.3203,59.3008,59.3154,4700
2026-08-13 10:40:00,59.3154,59.3203,59.3057,59.3203,7879
2026-08-13 10:41:00,59.3203,59.3252,59.3105,59.3154,7598
2026-08-13 10:42:00,59.3154,59.3154,59.2959,59.2959,2686
2026-08-13 10:43:00,59.3008,59.33,59.3008,59.3252,14282
2026-08-13 10:44:00,59.3252,59.3398,59.3203,59.33,10466
2026-08-13 10:45:00,59.3398,59.3447,59.3252,59.3349,3088
2026-08-13 10:46:00,59.33,59.3398,59.3203,59.3203,3220
2026-08-13 10:47:00,59.3203,59.33,59.3203,59.3252,5817
2026-08-13 10:48:00,59.3252,59.3398,59.3252,59.3398,2336
2026-08-13 10:49:00,59.3447,59.3593,59.3447,59.3447,4610
2026-08-13 10:50:00,59.3447,59.3496,59.3447,59.3447,1644
2026-08-13 10:51:00,59.3467,59.3496,59.3398,59.3447,3735
2026-08-13 10:52:00,59.3447,59.3544,59.3349,59.3349,8705
2026-08-13 10:53:00,59.3349,59.3447,59.33,59.3447,3240
2026-08-13 10:54:00,59.3398,59.3593,59.3349,59.3544,5865
2026-08-13 10:55:00,59.3544,59.3642,59.3544,59.3544,4028
2026-08-13 10:56:00,59.3544,59.3837,59.3544,59.3739,3194
2026-08-13 10:57:00,59.3739,59.3788,59.3691,59.3739,3442
2026-08-13 10:58:00,59.3788,59.3935,59.3788,59.3886,4634
2026-08-13 10:59:00,59.3938,59.4179,59.3935,59.4179,1749
2026-08-13 11:00:00,59.4179,59.4227,59.3691,59.3691,5147
2026-08-13 11:01:00,59.3691,59.3983,59.3691,59.3886,4103
2026-08-13 11:02:00,59.3886,59.3983,59.3886,59.3935,3180
2026-08-13 11:03:00,59.3935,59.4081,59.3935,59.4032,2061
2026-08-13 11:04:00,59.4081,59.4081,59.3886,59.3975,7535
2026-08-13 11:05:00,59.3886,59.4032,59.3886,59.4032,4806
2026-08-13 11:06:00,59.3983,59.4081,59.3935,59.4061,5513
2026-08-13 11:07:00,59.4032,59.4179,59.3935,59.3983,5130
2026-08-13 11:08:00,59.3983,59.3983,59.3837,59.3886,4123
2026-08-13 11:09:00,59.3935,59.3983,59.3886,59.3886,1597
2026-08-13 11:10:00,59.3837,59.4181,59.3837,59.413,3657
2026-08-13 11:11:00,59.4081,59.4179,59.4032,59.4179,1348
2026-08-13 11:12:00,59.4114,59.4179,59.3983,59.3983,5678
2026-08-13 11:13:00,59.3983,59.4081,59.3983,59.4032,5228
2026-08-13 11:14:00,59.3935,59.4179,59.3935,59.4179,3957
2026-08-13 11:15:00,59.4227,59.4227,59.4032,59.4032,3434
2026-08-13 11:16:00,59.3983,59.3983,59.3837,59.3837,1609
2026-08-13 11:17:00,59.3739,59.3788,59.3739,59.3788,4362
2026-08-13 11:18:00,59.3788,59.3886,59.3739,59.3886,8156
2026-08-13 11:19:00,59.3983,59.4179,59.3983,59.4179,3509
2026-08-13 11:20:00,59.4227,59.4276,59.4179,59.4179,8400
2026-08-13 11:21:00,59.4276,59.4276,59.4179,59.4188,4064
2026-08-13 11:22:00,59.4179,59.4179,59.4032,59.4081,3201
2026-08-13 11:23:00,59.4032,59.413,59.4032,59.4081,8883
2026-08-13 11:24:00,59.4032,59.4081,59.3935,59.3983,2738
2026-08-13 11:25:00,59.3983,59.4032,59.3837,59.3837,5126
2026-08-13 11:26:00,59.3837,59.3935,59.3788,59.3837,3379
2026-08-13 11:27:00,59.3788,59.3886,59.3739,59.3837,4867
2026-08-13 11:28:00,59.3886,59.4179,59.3886,59.4032,5892
2026-08-13 11:29:00,59.4032,59.4179,59.4032,59.4081,5948
2026-08-13 11:30:00,59.3983,59.3983,59.3642,59.3691,3214
2026-08-13 11:31:00,59.3691,59.3691,59.3593,59.3593,2729
2026-08-13 11:32:00,59.3642,59.3691,59.3642,59.3642,2811
2026-08-13 11:33:00,59.3593,59.3691,59.3544,59.3642,5026
2026-08-13 11:34:00,59.3691,59.4374,59.3691,59.4227,34097
2026-08-13 11:35:00,59.4276,59.4666,59.4276,59.4375,56107
2026-08-13 11:36:00,59.4374,59.4447,59.413,59.4227,5224
2026-08-13 11:37:00,59.4227,59.4764,59.4227,59.4569,10063
2026-08-13 11:38:00,59.4471,59.4471,59.4081,59.4081,6005
2026-08-13 11:39:00,59.4171,59.4276,59.4081,59.4179,3278
2026-08-13 11:40:00,59.4179,59.4179,59.413,59.413,825
2026-08-13 11:41:00,59.413,59.413,59.3886,59.3935,256566
2026-08-13 11:42:00,59.3935,59.3935,59.3886,59.3935,2216
2026-08-13 11:43:00,59.3935,59.3935,59.3691,59.3739,2732
2026-08-13 11:44:00,59.3739,59.3886,59.3739,59.3837,5056
2026-08-13 11:45:00,59.3837,59.3886,59.3837,59.3886,642
2026-08-13 11:46:00,59.4032,59.4081,59.3983,59.4081,3468
2026-08-13 11:47:00,59.413,59.413,59.4081,59.413,1564
2026-08-13 11:48:00,59.3983,59.4032,59.3593,59.3642,2406
2026-08-13 11:49:00,59.3593,59.3739,59.3593,59.371,3725
2026-08-13 11:50:00,59.3691,59.3788,59.3497,59.3739,3080
2026-08-13 11:51:00,59.3837,59.3935,59.3837,59.3935,1943
2026-08-13 11:52:00,59.3983,59.3983,59.2813,59.391,158088
2026-08-13 11:53:00,59.3935,59.3983,59.3886,59.3935,3280
2026-08-13 11:54:00,59.3935,59.4081,59.3935,59.4081,5539
2026-08-13 11:55:00,59.4032,59.4179,59.4032,59.413,2478
2026-08-13 11:56:00,59.413,59.4325,59.413,59.4325,1129
2026-08-13 11:57:00,59.4374,59.4374,59.4325,59.4374,969
2026-08-13 11:58:00,59.4325,59.4374,59.4325,59.4325,673
2026-08-13 11:59:00,59.4276,59.4374,59.4276,59.4325,1390
2026-08-13 12:00:00,59.4325,59.4374,59.4325,59.4374,1250
2026-08-13 12:01:00,59.4325,59.4325,59.4325,59.4325,1869
2026-08-13 12:02:00,59.4276,59.4374,59.4276,59.4325,1495
2026-08-13 12:03:00,59.4325,59.4374,59.4325,59.4325,1502
2026-08-13 12:04:00,59.4325,59.4471,59.4325,59.4471,12931
2026-08-13 12:05:00,59.4666,59.4666,59.4618,59.4618,4359
2026-08-13 12:06:00,59.4618,59.4813,59.4618,59.4715,2851
2026-08-13 12:07:00,59.4861,59.4861,59.4813,59.4813,714
2026-08-13 12:08:00,59.4813,59.4861,59.4764,59.4813,1321
2026-08-13 12:09:00,59.4813,59.4813,59.4813,59.4813,510
2026-08-13 12:10:00,59.4813,59.4861,59.4813,59.4813,2008
2026-08-13 12:11:00,59.4846,59.4959,59.4846,59.491,3789
2026-08-13 12:12:00,59.491,59.5057,59.491,59.5057,3421
2026-08-13 12:13:00,59.4959,59.4959,59.4959,59.4959,476
2026-08-13 12:14:00,59.491,59.491,59.4861,59.4861,647
2026-08-13 12:15:00,59.4861,59.4861,59.4813,59.4813,2158
2026-08-13 12:16:00,59.4813,59.4813,59.4715,59.4715,3147
2026-08-13 12:17:00,59.4764,59.4861,59.4715,59.4813,1743
2026-08-13 12:18:00,59.4813,59.4813,59.4765,59.4813,1185
2026-08-13 12:19:00,59.4861,59.491,59.4813,59.491,2052
2026-08-13 12:20:00,59.4959,59.5008,59.4813,59.4861,3178
2026-08-13 12:21:00,59.4764,59.4764,59.4764,59.4764,142
2026-08-13 12:22:00,59.4764,59.4837,59.4764,59.4813,1478
2026-08-13 12:23:00,59.4764,59.4764,59.4471,59.452,4783
2026-08-13 12:24:00,59.4471,59.4666,59.4471,59.4666,3353
2026-08-13 12:25:00,59.4764,59.4764,59.4471,59.4471,1739
2026-08-13 12:26:00,59.4422,59.4471,59.4422,59.4422,1648
2026-08-13 12:27:00,59.4422,59.4422,59.4081,59.4179,16320
2026-08-13 12:28:00,59.412,59.4179,59.412,59.4177,673
2026-08-13 12:29:00,59.4179,59.4179,59.413,59.413,936
2026-08-13 12:30:00,59.4179,59.4179,59.3983,59.4029,900
2026-08-13 12:31:00,59.4081,59.413,59.4081,59.413,2205
2026-08-13 12:32:00,59.4179,59.4179,59.4179,59.4179,3220
2026-08-13 12:33:00,59.4276,59.4276,59.413,59.413,2529
2026-08-13 12:34:00,59.4081,59.413,59.4081,59.413,1292
2026-08-13 12:35:00,59.4276,59.4276,59.4227,59.4227,1692
2026-08-13 12:36:00,59.4227,59.4374,59.4227,59.4227,4912
2026-08-13 12:37:00,59.4227,59.4374,59.4191,59.4325,3129
2026-08-13 12:39:00,59.4374,59.452,59.4325,59.452,3722
2026-08-13 12:40:00,59.452,59.452,59.4422,59.4471,1905
2026-08-13 12:41:00,59.452,59.452,59.452,59.452,1104
2026-08-13 12:42:00,59.452,59.4569,59.452,59.4569,800
2026-08-13 12:43:00,59.452,59.452,59.452,59.452,256
2026-08-13 12:44:00,59.4471,59.4471,59.4325,59.4325,2090
2026-08-13 12:45:00,59.4227,59.4276,59.4179,59.4227,1176
2026-08-13 12:46:00,59.4227,59.4374,59.4227,59.4374,1303
2026-08-13 12:47:00,59.4374,59.4374,59.4227,59.4276,8514
2026-08-13 12:48:00,59.4325,59.4325,59.4179,59.4179,4089
2026-08-13 12:49:00,59.4227,59.4276,59.4081,59.4081,3025
2026-08-13 12:50:00,59.3886,59.4081,59.3886,59.4081,2371
2026-08-13 12:51:00,59.4081,59.4081,59.4032,59.4032,453
2026-08-13 12:52:00,59.3983,59.3983,59.3965,59.3982,1030
2026-08-13 12:53:00,59.3983,59.3983,59.3935,59.3983,3487
2026-08-13 12:54:00,59.3983,59.4081,59.3935,59.4081,5241
2026-08-13 12:55:00,59.4081,59.4081,59.4081,59.4081,354
2026-08-13 12:56:00,59.4032,59.4081,59.3983,59.4032,4873
2026-08-13 12:57:00,59.4081,59.4179,59.4032,59.4057,3171
2026-08-13 12:58:00,59.4227,59.4276,59.4227,59.4276,1226
2026-08-13 12:59:00,59.4325,59.4374,59.4325,59.4325,995
2026-08-13 13:00:00,59.4276,59.4374,59.4227,59.4276,2095
2026-08-13 13:01:00,59.4227,59.4276,59.4227,59.4276,930
2026-08-13 13:02:00,59.4179,59.4179,59.3837,59.3837,1137
2026-08-13 13:03:00,59.3788,59.3788,59.3788,59.3788,465
2026-08-13 13:04:00,59.3788,59.3886,59.3788,59.3837,1102
2026-08-13 13:05:00,59.3886,59.3886,59.3788,59.3837,2750
2026-08-13 13:06:00,59.3837,59.4081,59.3837,59.4032,4074
2026-08-13 13:07:00,59.413,59.413,59.3935,59.3935,1595
2026-08-13 13:08:00,59.3837,59.3886,59.3837,59.3886,9781
2026-08-13 13:09:00,59.3886,59.3983,59.3837,59.3837,2363
2026-08-13 13:10:00,59.3837,59.3837,59.3593,59.3593,1452
2026-08-13 13:11:00,59.3252,59.3593,59.3252,59.3544,2253
2026-08-13 13:12:00,59.3544,59.3593,59.3544,59.3544,728
2026-08-13 13:13:00,59.3691,59.3691,59.3544,59.3544,3268
2026-08-13 13:14:00,59.3544,59.3593,59.3544,59.3593,1242
2026-08-13 13:15:00,59.3544,59.3593,59.3544,59.3544,1180
2026-08-13 13:16:00,59.3544,59.3788,59.3544,59.3691,8927
2026-08-13 13:17:00,59.3642,59.3642,59.3398,59.3398,2123
2026-08-13 13:18:00,59.3447,59.3691,59.3447,59.3642,7276
2026-08-13 13:19:00,59.3739,59.3788,59.3691,59.3691,4298
2026-08-13 13:20:00,59.3691,59.3691,59.3496,59.3544,2230
2026-08-13 13:21:00,59.3496,59.3496,59.3349,59.3398,3411
2026-08-13 13:22:00,59.3379,59.3379,59.3378,59.3378,440
2026-08-13 13:23:00,59.33,59.3398,59.3252,59.3349,1894
2026-08-13 13:24:00,59.3349,59.3496,59.3349,59.3496,1085
2026-08-13 13:25:00,59.3447,59.3496,59.3349,59.3496,2104
2026-08-13 13:26:00,59.3496,59.3496,59.3398,59.3398,1333
2026-08-13 13:27:00,59.3403,59.3403,59.33,59.33,2450
2026-08-13 13:28:00,59.3349,59.3496,59.3349,59.3447,1475
2026-08-13 13:29:00,59.3498,59.3593,59.3498,59.3544,2508
2026-08-13 13:30:00,59.3593,59.3691,59.3544,59.3544,3375
2026-08-13 13:31:00,59.3593,59.3691,59.3544,59.3569,8199
2026-08-13 13:33:00,59.3544,59.3593,59.3544,59.3544,1807
2026-08-13 13:34:00,59.3544,59.3593,59.3544,59.3544,1541
2026-08-13 13:35:00,59.3544,59.3691,59.3544,59.3691,2289
2026-08-13 13:36:00,59.3642,59.3691,59.3642,59.3642,944
2026-08-13 13:37:00,59.3642,59.3691,59.3642,59.3642,678
2026-08-13 13:38:00,59.3642,59.3691,59.3625,59.3625,1913
2026-08-13 13:39:00,59.3691,59.3739,59.3642,59.3739,4252
2026-08-13 13:40:00,59.3642,59.3788,59.3642,59.3739,1495
2026-08-13 13:41:00,59.3739,59.3837,59.3739,59.3837,6927
2026-08-13 13:42:00,59.3788,59.3886,59.3739,59.3886,2700
2026-08-13 13:43:00,59.3837,59.3837,59.3739,59.3739,1075
2026-08-13 13:44:00,59.3739,59.3788,59.3642,59.3642,1959
2026-08-13 13:45:00,59.3642,59.3642,59.3496,59.3544,1471
2026-08-13 13:46:00,59.3544,59.3593,59.3447,59.3447,5215
2026-08-13 13:47:00,59.3447,59.3593,59.3447,59.3569,29878
2026-08-13 13:48:00,59.3691,59.3691,59.3608,59.3608,5127
2026-08-13 13:49:00,59.3642,59.3691,59.3642,59.3642,4527
2026-08-13 13:50:00,59.3691,59.3691,59.3447,59.3447,2752
2026-08-13 13:51:00,59.3447,59.3447,59.3408,59.3447,2514
2026-08-13 13:52:00,59.3447,59.3447,59.3447,59.3447,943
2026-08-13 13:53:00,59.3496,59.3496,59.3398,59.3496,6101
2026-08-13 13:54:00,59.3447,59.3496,59.3447,59.3447,1609
2026-08-13 13:55:00,59.3447,59.3447,59.3105,59.3252,14354
2026-08-13 13:56:00,59.33,59.33,59.3105,59.3154,3778
2026-08-13 13:57:00,59.3154,59.33,59.3154,59.33,9089
2026-08-13 13:58:00,59.3203,59.3252,59.3203,59.3213,1922
2026-08-13 13:59:00,59.3204,59.33,59.3154,59.3154,2008
2026-08-13 14:00:00,59.3105,59.3105,59.2861,59.2959,24357
2026-08-13 14:01:00,59.2959,59.3008,59.2959,59.2959,1574
2026-08-13 14:02:00,59.3008,59.3008,59.2959,59.2959,2887
2026-08-13 14:03:00,59.3057,59.3057,59.3057,59.3057,412
2026-08-13 14:04:00,59.3008,59.3008,59.291,59.291,1105
2026-08-13 14:05:00,59.3008,59.3008,59.2813,59.2861,9771
2026-08-13 14:06:00,59.291,59.3008,59.2861,59.2959,3808
2026-08-13 14:07:00,59.2913,59.3008,59.2913,59.2959,1283
2026-08-13 14:08:00,59.3008,59.3008,59.3008,59.3008,513
2026-08-13 14:09:00,59.292,59.2959,59.291,59.291,765
2026-08-13 14:10:00,59.2959,59.3008,59.2911,59.2959,7181
2026-08-13 14:11:00,59.291,59.291,59.291,59.291,269
2026-08-13 14:12:00,59.2959,59.3008,59.291,59.2977,4092
2026-08-13 14:13:00,59.2959,59.3008,59.2959,59.2959,599
2026-08-13 14:14:00,59.2959,59.3038,59.2813,59.2813,6703
2026-08-13 14:15:00,59.2813,59.291,59.2813,59.291,736
2026-08-13 14:16:00,59.2813,59.2813,59.2813,59.2813,584
2026-08-13 14:17:00,59.2813,59.2813,59.2715,59.2813,3003
2026-08-13 14:18:00,59.2813,59.291,59.2764,59.2861,13474
2026-08-13 14:19:00,59.2861,59.291,59.2814,59.291,2343
2026-08-13 14:20:00,59.2861,59.2861,59.2814,59.2814,949
2026-08-13 14:21:00,59.2861,59.291,59.2764,59.2788,3476
2026-08-13 14:22:00,59.2764,59.2813,59.2715,59.2813,6451
2026-08-13 14:23:00,59.2764,59.2813,59.2716,59.2764,2622
2026-08-13 14:24:00,59.2764,59.2764,59.2617,59.2617,3116
2026-08-13 14:25:00,59.2617,59.2715,59.2617,59.2715,9877
2026-08-13 14:26:00,59.2715,59.2715,59.252,59.252,2847
2026-08-13 14:27:00,59.2569,59.2715,59.2569,59.2715,6747
2026-08-13 14:28:00,59.2617,59.2663,59.2617,59.2663,429
2026-08-13 14:29:00,59.2666,59.2715,59.2617,59.2666,2724
2026-08-13 14:30:00,59.2676,59.2715,59.2666,59.2666,2710
2026-08-13 14:31:00,59.2666,59.2715,59.2666,59.2666,2531
2026-08-13 14:32:00,59.2617,59.2715,59.2569,59.2569,3915
2026-08-13 14:33:00,59.2569,59.2715,59.2569,59.2715,4436
2026-08-13 14:34:00,59.2666,59.2813,59.2617,59.2788,10906
2026-08-13 14:35:00,59.2813,59.2813,59.2747,59.2747,1012
2026-08-13 14:36:00,59.2739,59.2813,59.2739,59.2764,8722
2026-08-13 14:37:00,59.2812,59.2813,59.2764,59.2764,1276
2026-08-13 14:38:00,59.2715,59.3008,59.2715,59.2983,6914
2026-08-13 14:39:00,59.2959,59.2959,59.2959,59.2959,476
2026-08-13 14:40:00,59.3008,59.3105,59.2959,59.3057,2697
2026-08-13 14:41:00,59.3057,59.3105,59.3008,59.3057,1896
2026-08-13 14:42:00,59.3057,59.3105,59.3057,59.3081,6061
2026-08-13 14:43:00,59.3008,59.3057,59.3008,59.3008,1227
2026-08-13 14:44:00,59.3008,59.3203,59.3008,59.3154,8789
2026-08-13 14:45:00,59.3105,59.3154,59.3105,59.3154,2923
2026-08-13 14:46:00,59.3154,59.3154,59.3105,59.3154,855
2026-08-13 14:47:00,59.3154,59.3398,59.3154,59.3349,5122
2026-08-13 14:48:00,59.3447,59.3496,59.3447,59.3447,1837
2026-08-13 14:49:00,59.3398,59.3495,59.3398,59.3495,1491
2026-08-13 14:50:00,59.3447,59.3447,59.3398,59.3447,715
2026-08-13 14:51:00,59.3496,59.3593,59.3447,59.3544,4246
2026-08-13 14:52:00,59.3544,59.3544,59.3544,59.3544,799
2026-08-13 14:53:00,59.3496,59.3593,59.3496,59.3569,10871
2026-08-13 14:54:00,59.3544,59.3593,59.3544,59.3593,1504
2026-08-13 14:55:00,59.3642,59.3642,59.3642,59.3642,654
2026-08-13 14:56:00,59.3642,59.3691,59.3642,59.3691,4931
2026-08-13 14:57:00,59.3877,59.3886,59.3789,59.3886,3828
2026-08-13 14:58:00,59.4032,59.4081,59.4032,59.4081,647
2026-08-13 14:59:00,59.4032,59.4032,59.3788,59.3788,3602
2026-08-13 15:00:00,59.379,59.3873,59.3788,59.3788,2227
2026-08-13 15:01:00,59.3593,59.3678,59.3593,59.3672,1241
2026-08-13 15:02:00,59.3603,59.3603,59.3544,59.3544,1603
2026-08-13 15:03:00,59.3496,59.3593,59.3447,59.3593,7686
2026-08-13 15:04:00,59.3544,59.3642,59.3544,59.3642,1436
2026-08-13 15:05:00,59.3642,59.3788,59.3642,59.3788,2576
2026-08-13 15:06:00,59.3739,59.3798,59.3709,59.3798,1359
2026-08-13 15:07:00,59.3788,59.3788,59.3788,59.3788,288
2026-08-13 15:08:00,59.3788,59.3886,59.3788,59.3886,1355
2026-08-13 15:09:00,59.3935,59.3983,59.3935,59.3935,1413
2026-08-13 15:10:00,59.3886,59.3935,59.3837,59.3886,2814
2026-08-13 15:11:00,59.3788,59.3788,59.3739,59.3739,2809
2026-08-13 15:12:00,59.3691,59.3737,59.3691,59.3691,1005
2026-08-13 15:13:00,59.3691,59.3691,59.3447,59.3447,2238
2026-08-13 15:14:00,59.3447,59.3447,59.3349,59.3349,7208
2026-08-13 15:15:00,59.3301,59.3349,59.33,59.33,1309
2026-08-13 15:16:00,59.33,59.33,59.3154,59.3154,2860
2026-08-13 15:17:00,59.3203,59.3252,59.3203,59.3204,2282
2026-08-13 15:18:00,59.3203,59.3203,59.3154,59.3203,931
2026-08-13 15:19:00,59.3203,59.3349,59.3154,59.3349,6842
2026-08-13 15:20:00,59.3349,59.3447,59.3349,59.3447,1664
2026-08-13 15:21:00,59.3398,59.3398,59.3349,59.3398,2554
2026-08-13 15:22:00,59.3409,59.3476,59.3398,59.3447,1828
2026-08-13 15:23:00,59.3398,59.3398,59.331,59.3398,2287
2026-08-13 15:24:00,59.3349,59.3447,59.3349,59.3418,1570
2026-08-13 15:25:00,59.3398,59.3408,59.3398,59.3399,2278
2026-08-13 15:26:00,59.3447,59.3447,59.3398,59.3398,1008
2026-08-13 15:27:00,59.3447,59.3466,59.3398,59.3398,1393
2026-08-13 15:28:00,59.3457,59.3457,59.3398,59.3398,1646
2026-08-13 15:29:00,59.3398,59.3398,59.33,59.33,8335
2026-08-13 15:30:00,59.3203,59.3203,59.3008,59.3057,3525
2026-08-13 15:31:00,59.3057,59.3096,59.293,59.3008,3081
2026-08-13 15:32:00,59.3105,59.3105,59.2813,59.2813,3493
2026-08-13 15:33:00,59.2715,59.291,59.2715,59.2813,7148
2026-08-13 15:34:00,59.2764,59.2764,59.2764,59.2764,963
2026-08-13 15:35:00,59.2813,59.3203,59.2764,59.3203,13060
2026-08-13 15:36:00,59.3349,59.3349,59.3349,59.3349,424
2026-08-13 15:37:00,59.33,59.3496,59.33,59.3447,3589
2026-08-13 15:38:00,59.3496,59.3583,59.3447,59.3544,2278
2026-08-13 15:39:00,59.3496,59.3581,59.3496,59.3581,1323
2026-08-13 15:40:00,59.3544,59.3544,59.3496,59.3496,1733
2026-08-13 15:41:00,59.3592,59.3681,59.3544,59.3642,8197
2026-08-13 15:42:00,59.3691,59.4032,59.3691,59.4032,2011
2026-08-13 15:43:00,59.4032,59.413,59.3984,59.4081,6960
2026-08-13 15:44:00,59.4032,59.413,59.3983,59.3983,7050
2026-08-13 15:45:00,59.3935,59.4032,59.3778,59.3876,14866
2026-08-13 15:46:00,59.3739,59.3739,59.3642,59.3642,7623
2026-08-13 15:47:00,59.3691,59.3691,59.3593,59.3642,2478
2026-08-13 15:48:00,59.3642,59.3691,59.3593,59.3691,2916
2026-08-13 15:49:00,59.3593,59.3691,59.3312,59.3312,7235
2026-08-13 15:50:00,59.3398,59.3886,59.3398,59.3642,24937
2026-08-13 15:51:00,59.3642,59.3739,59.3447,59.3447,15591
2026-08-13 15:52:00,59.3398,59.3496,59.3398,59.3496,5575
2026-08-13 15:53:00,59.3544,59.3593,59.3544,59.3544,2903
2026-08-13 15:54:00,59.3544,59.3642,59.3544,59.3642,7328
2026-08-13 15:55:00,59.3691,59.3983,59.3691,59.3935,27630
2026-08-13 15:56:00,59.3935,59.4081,59.3837,59.3837,12957
2026-08-13 15:57:00,59.3827,59.3886,59.3739,59.3837,8197
2026-08-13 15:58:00,59.3886,59.4081,59.3837,59.3983,25020
2026-08-13 15:59:00,59.3935,59.3983,59.3496,59.3691,76390
2026-08-14 09:30:00,59.6032,59.6325,59.5691,59.613,51441
2026-08-14 09:31:00,59.613,59.613,59.5642,59.5935,4494
2026-08-14 09:32:00,59.6032,59.6032,59.5447,59.5544,4891
2026-08-14 09:33:00,59.5447,59.5544,59.5447,59.5447,1003
2026-08-14 09:34:00,59.5544,59.5544,59.5252,59.5252,11924
2026-08-14 09:35:00,59.5252,59.5252,59.4861,59.4861,9077
2026-08-14 09:36:00,59.4861,59.4861,59.4569,59.4861,5175
2026-08-14 09:37:00,59.491,59.4959,59.4374,59.4374,6286
2026-08-14 09:38:00,59.4471,59.4471,59.4198,59.4276,8191
2026-08-14 09:39:00,59.4276,59.4276,59.4179,59.4179,2882
2026-08-14 09:40:00,59.4374,59.4374,59.4276,59.4279,1559
2026-08-14 09:41:00,59.4471,59.4618,59.4374,59.4471,4665
2026-08-14 09:42:00,59.4569,59.4569,59.4302,59.4302,2677
2026-08-14 09:43:00,59.4471,59.4861,59.4471,59.4861,1555
2026-08-14 09:44:00,59.4959,59.5105,59.4959,59.5057,4305
2026-08-14 09:45:00,59.5154,59.5301,59.5105,59.5301,4217
2026-08-14 09:46:00,59.5349,59.5544,59.5301,59.5447,7995
2026-08-14 09:47:00,59.5544,59.5642,59.5544,59.5642,2158
2026-08-14 09:48:00,59.5837,59.6032,59.5788,59.6032,7778
2026-08-14 09:49:00,59.6032,59.6227,59.5935,59.613,13392
2026-08-14 09:50:00,59.613,59.6232,59.5983,59.6232,11054
2026-08-14 09:51:00,59.6227,59.6227,59.6081,59.613,7614
2026-08-14 09:52:00,59.6325,59.6569,59.6325,59.6514,1151
2026-08-14 09:53:00,59.6569,59.6666,59.6569,59.6666,875
2026-08-14 09:54:00,59.6618,59.6666,59.6423,59.6423,3523
2026-08-14 09:55:00,59.652,59.6569,59.652,59.652,939
2026-08-14 09:56:00,59.6471,59.6618,59.6423,59.6618,2949
2026-08-14 09:57:00,59.6374,59.6618,59.6374,59.6481,10971
2026-08-14 09:58:00,59.652,59.652,59.6434,59.652,2057
2026-08-14 09:59:00,59.6423,59.6471,59.6423,59.6471,2895
2026-08-14 10:00:00,59.6471,59.6569,59.6423,59.6569,2411
2026-08-14 10:01:00,59.6618,59.6764,59.6617,59.6617,4912
2026-08-14 10:02:00,59.6618,59.6813,59.6618,59.6618,2827
2026-08-14 10:03:00,59.6715,59.6764,59.6618,59.6715,14356
2026-08-14 10:04:00,59.6715,59.6862,59.6715,59.6862,3724
2026-08-14 10:05:00,59.6862,59.6862,59.6423,59.6423,9293
2026-08-14 10:06:00,59.6325,59.6325,59.613,59.6227,7682
2026-08-14 10:07:00,59.6325,59.654,59.6325,59.652,9230
2026-08-14 10:08:00,59.6431,59.6431,59.6168,59.6168,2839
2026-08-14 10:09:00,59.6179,59.6179,59.6032,59.6081,1589
2026-08-14 10:10:00,59.613,59.6228,59.613,59.6228,2344
2026-08-14 10:11:00,59.6378,59.652,59.6325,59.6325,6426
2026-08-14 10:12:00,59.6276,59.6374,59.613,59.613,4939
2026-08-14 10:13:00,59.5983,59.652,59.5983,59.6471,12437
2026-08-14 10:14:00,59.652,59.6666,59.652,59.6559,6957
2026-08-14 10:15:00,59.6715,59.6813,59.652,59.652,5215
2026-08-14 10:16:00,59.6618,59.6715,59.652,59.652,3721
2026-08-14 10:17:00,59.6519,59.6519,59.6519,59.6519,310
2026-08-14 10:18:00,59.652,59.6764,59.652,59.6764,3055
2026-08-14 10:19:00,59.6813,59.7008,59.6813,59.691,6326
2026-08-14 10:20:00,59.6917,59.6917,59.6813,59.6813,2346
2026-08-14 10:21:00,59.6715,59.6722,59.6666,59.6715,3474
2026-08-14 10:22:00,59.6813,59.691,59.6715,59.691,5124
2026-08-14 10:23:00,59.691,59.691,59.6764,59.6813,1995
2026-08-14 10:24:00,59.6813,59.6813,59.6569,59.6569,8014
2026-08-14 10:25:00,59.6618,59.6618,59.6423,59.6618,2782
2026-08-14 10:26:00,59.6618,59.6618,59.652,59.6618,2366
2026-08-14 10:27:00,59.6569,59.6666,59.6569,59.6666,3490
2026-08-14 10:28:00,59.6715,59.6862,59.6666,59.6862,1458
2026-08-14 10:29:00,59.6813,59.6959,59.6813,59.691,5840
2026-08-14 10:30:00,59.6813,59.7008,59.6764,59.691,5133
2026-08-14 10:31:00,59.691,59.7106,59.691,59.7057,10125
2026-08-14 10:32:00,59.7057,59.7057,59.6764,59.7008,10887
2026-08-14 10:33:00,59.7106,59.7106,59.6862,59.6959,10642
2026-08-14 10:34:00,59.7008,59.7008,59.6813,59.6862,6477
2026-08-14 10:35:00,59.6813,59.6886,59.6813,59.6862,1741
2026-08-14 10:36:00,59.6862,59.7008,59.6715,59.7008,17023
2026-08-14 10:37:00,59.7057,59.7203,59.7008,59.7203,1928
2026-08-14 10:38:00,59.7106,59.7203,59.7057,59.7203,23175
2026-08-14 10:39:00,59.721,59.7349,59.7203,59.7349,2042
2026-08-14 10:40:00,59.7301,59.7301,59.7106,59.7154,3868
2026-08-14 10:41:00,59.7203,59.7203,59.7057,59.7106,18800
2026-08-14 10:42:00,59.7057,59.7106,59.7057,59.7106,464
2026-08-14 10:43:00,59.7106,59.7496,59.7106,59.7398,3658
2026-08-14 10:44:00,59.7496,59.7593,59.7496,59.7593,4057
2026-08-14 10:45:00,59.7496,59.7496,59.7349,59.7349,1050
2026-08-14 10:46:00,59.7301,59.7593,59.7301,59.7593,4592
2026-08-14 10:47:00,59.7593,59.7642,59.7593,59.7593,1160
2026-08-14 10:48:00,59.7642,59.7642,59.7398,59.7545,3238
2026-08-14 10:49:00,59.7398,59.7398,59.7252,59.7252,539
2026-08-14 10:50:00,59.7301,59.7349,59.7301,59.7301,1065
2026-08-14 10:51:00,59.7203,59.7203,59.7108,59.7203,38759
2026-08-14 10:52:00,59.7106,59.73,59.7106,59.7106,8325
2026-08-14 10:53:00,59.7106,59.7396,59.7106,59.7349,7899
2026-08-14 10:54:00,59.7301,59.7447,59.7301,59.7398,9643
2026-08-14 10:55:00,59.7398,59.7447,59.7349,59.7399,2015
2026-08-14 10:56:00,59.7398,59.7545,59.7398,59.7545,3114
2026-08-14 10:57:00,59.7496,59.7496,59.7447,59.7496,971
2026-08-14 10:58:00,59.7496,59.7496,59.7447,59.7496,1465
2026-08-14 10:59:00,59.7545,59.7545,59.7401,59.7496,2434
2026-08-14 11:00:00,59.7496,59.774,59.7496,59.7569,4838
2026-08-14 11:01:00,59.7496,59.7593,59.7398,59.7496,2280
2026-08-14 11:02:00,59.7447,59.7496,59.7398,59.7496,1450
2026-08-14 11:03:00,59.7496,59.7593,59.7496,59.7593,945
2026-08-14 11:04:00,59.7545,59.7593,59.7545,59.7593,1820
2026-08-14 11:05:00,59.7593,59.7886,59.7545,59.7886,24929
2026-08-14 11:06:00,59.7837,59.7983,59.7788,59.7983,1645
2026-08-14 11:07:00,59.7935,59.7984,59.7788,59.7984,10593
2026-08-14 11:08:00,59.7984,59.7984,59.7935,59.7935,1401
2026-08-14 11:09:00,59.7935,59.7935,59.7886,59.7886,914
2026-08-14 11:10:00,59.7984,59.8032,59.7935,59.8032,8369
2026-08-14 11:11:00,59.7992,59.7992,59.7984,59.7984,829
2026-08-14 11:12:00,59.7984,59.8179,59.7984,59.813,1070
2026-08-14 11:13:00,59.8085,59.8085,59.799,59.799,1092
2026-08-14 11:14:00,59.8081,59.8081,59.7984,59.7984,1194
2026-08-14 11:15:00,59.8003,59.8179,59.8003,59.8179,918
2026-08-14 11:16:00,59.813,59.8179,59.813,59.8179,1243
2026-08-14 11:18:00,59.8081,59.8081,59.7935,59.7984,10403
2026-08-14 11:19:00,59.7984,59.7984,59.7984,59.7984,1769
2026-08-14 11:20:00,59.8032,59.813,59.7935,59.813,10815
2026-08-14 11:21:00,59.813,59.8374,59.8081,59.8364,6007
2026-08-14 11:22:00,59.8276,59.8276,59.8032,59.8032,3433
2026-08-14 11:23:00,59.8032,59.8032,59.7984,59.8032,750
2026-08-14 11:24:00,59.8081,59.8179,59.8081,59.8083,6750
2026-08-14 11:25:00,59.813,59.8228,59.813,59.8228,1478
2026-08-14 11:26:00,59.8276,59.8276,59.813,59.813,983
2026-08-14 11:27:00,59.8091,59.8091,59.7837,59.7935,8095
2026-08-14 11:28:00,59.7886,59.7886,59.7886,59.7886,1470
2026-08-14 11:29:00,59.7886,59.7886,59.7837,59.7886,2574
2026-08-14 11:30:00,59.7886,59.7935,59.7886,59.7886,3324
2026-08-14 11:31:00,59.7886,59.7984,59.7886,59.7886,2998
2026-08-14 11:32:00,59.7886,59.8081,59.7837,59.8081,5295
2026-08-14 11:33:00,59.8032,59.8423,59.8032,59.8374,7277
2026-08-14 11:34:00,59.8423,59.8862,59.8423,59.8471,33038
2026-08-14 11:35:00,59.8471,59.8569,59.8471,59.852,2872
2026-08-14 11:36:00,59.852,59.8618,59.852,59.8618,1624
2026-08-14 11:37:00,59.8715,59.8764,59.8667,59.8667,1204
2026-08-14 11:38:00,59.8764,59.8867,59.8764,59.8862,102315
2026-08-14 11:39:00,59.8813,59.8862,59.8784,59.8862,3251
2026-08-14 11:40:00,59.8764,59.9154,59.8764,59.9154,107283
2026-08-14 11:41:00,59.9057,59.9057,59.8862,59.8862,6235
2026-08-14 11:42:00,59.8862,59.891,59.8862,59.8862,1355
2026-08-14 11:43:00,59.8813,59.891,59.8813,59.891,2179
2026-08-14 11:44:00,59.891,59.9057,59.8862,59.9057,5174
2026-08-14 11:45:00,59.9008,59.9057,59.891,59.891,1756
2026-08-14 11:46:00,59.891,59.891,59.8764,59.8813,2185
2026-08-14 11:47:00,59.8775,59.8959,59.8764,59.891,5321
2026-08-14 11:48:00,59.891,59.891,59.8862,59.8881,1621
2026-08-14 11:49:00,59.891,59.9008,59.8862,59.8862,2359
2026-08-14 11:50:00,59.8764,59.8862,59.8686,59.8862,3130
2026-08-14 11:51:00,59.8813,59.8813,59.8674,59.8715,8346
2026-08-14 11:52:00,59.8715,59.8764,59.8618,59.8618,1976
2026-08-14 11:53:00,59.8618,59.8667,59.8618,59.8667,1483
2026-08-14 11:54:00,59.8618,59.8618,59.8618,59.8618,923
2026-08-14 11:55:00,59.8667,59.8667,59.858,59.858,900
2026-08-14 11:56:00,59.857,59.8618,59.8287,59.8325,5319
2026-08-14 11:57:00,59.8276,59.8423,59.8276,59.8423,2270
2026-08-14 11:58:00,59.8423,59.8423,59.8179,59.8228,23448
2026-08-14 11:59:00,59.8228,59.8228,59.813,59.8179,1383
2026-08-14 12:00:00,59.8179,59.8228,59.813,59.8228,2809
2026-08-14 12:01:00,59.8228,59.8374,59.8228,59.8374,2614
2026-08-14 12:02:00,59.8379,59.8569,59.8379,59.8569,5094
2026-08-14 12:03:00,59.852,59.8569,59.8423,59.8423,2571
2026-08-14 12:04:00,59.8471,59.8569,59.8423,59.8423,2781
2026-08-14 12:05:00,59.8423,59.8423,59.8228,59.8228,3603
2026-08-14 12:06:00,59.8228,59.8228,59.813,59.813,9716
2026-08-14 12:07:00,59.813,59.8179,59.813,59.813,1065
2026-08-14 12:08:00,59.813,59.813,59.7984,59.8081,3240
2026-08-14 12:09:00,59.8081,59.813,59.8081,59.813,4275
2026-08-14 12:10:00,59.8179,59.8228,59.8179,59.8228,2833
2026-08-14 12:11:00,59.8193,59.8228,59.8193,59.8228,658
2026-08-14 12:12:00,59.8228,59.8228,59.8228,59.8228,933
2026-08-14 12:13:00,59.8276,59.8325,59.8228,59.8325,2799
2026-08-14 12:14:00,59.8325,59.8374,59.8325,59.8374,4126
2026-08-14 12:15:00,59.8374,59.8423,59.8374,59.8423,1107
2026-08-14 12:16:00,59.8471,59.852,59.8375,59.8423,8676
2026-08-14 12:17:00,59.8423,59.852,59.8423,59.8471,10537
2026-08-14 12:18:00,59.852,59.852,59.8423,59.8423,2213
2026-08-14 12:19:00,59.8423,59.8423,59.8374,59.8374,11203
2026-08-14 12:20:00,59.8325,59.8325,59.8081,59.813,41924
2026-08-14 12:21:00,59.813,59.813,59.7993,59.7993,568
2026-08-14 12:22:00,59.8032,59.8276,59.8032,59.8276,11901
2026-08-14 12:23:00,59.8325,59.8423,59.8325,59.8374,6757
2026-08-14 12:24:00,59.8325,59.8375,59.8325,59.8375,571
2026-08-14 12:25:00,59.8471,59.852,59.8374,59.8423,5600
2026-08-14 12:26:00,59.8471,59.8549,59.8471,59.8549,2205
2026-08-14 12:27:00,59.852,59.852,59.852,59.852,859
2026-08-14 12:28:00,59.8552,59.8552,59.8552,59.8552,265
2026-08-14 12:29:00,59.849,59.8569,59.8472,59.8472,801
2026-08-14 12:30:00,59.852,59.852,59.8471,59.8471,1989
2026-08-14 12:31:00,59.8471,59.8471,59.8276,59.8276,3208
2026-08-14 12:32:00,59.8228,59.8325,59.8228,59.8325,1118
2026-08-14 12:33:00,59.8374,59.8374,59.8374,59.8374,471
2026-08-14 12:34:00,59.8423,59.8423,59.8375,59.8423,1067
2026-08-14 12:35:00,59.8423,59.8471,59.8374,59.8423,2549
2026-08-14 12:36:00,59.8423,59.8471,59.8374,59.8423,1364
2026-08-14 12:37:00,59.8423,59.852,59.8423,59.852,665
2026-08-14 12:38:00,59.8374,59.8374,59.818,59.8203,2281
2026-08-14 12:39:00,59.8228,59.8276,59.8032,59.8032,4365
2026-08-14 12:40:00,59.7984,59.7984,59.7837,59.7837,1428
2026-08-14 12:41:00,59.7837,59.7837,59.774,59.774,1637
2026-08-14 12:42:00,59.774,59.774,59.774,59.774,371
2026-08-14 12:43:00,59.774,59.774,59.7447,59.7447,2656
2026-08-14 12:44:00,59.7447,59.7545,59.7447,59.7545,1275
2026-08-14 12:45:00,59.7593,59.813,59.7593,59.813,12247
2026-08-14 12:46:00,59.8081,59.8081,59.7886,59.7984,17497
2026-08-14 12:47:00,59.813,59.813,59.7984,59.8032,2585
2026-08-14 12:48:00,59.8081,59.813,59.8032,59.813,966
2026-08-14 12:49:00,59.813,59.8276,59.8081,59.8276,1130
2026-08-14 12:50:00,59.8081,59.8081,59.7984,59.8032,2918
2026-08-14 12:51:00,59.8032,59.813,59.7984,59.813,1725
2026-08-14 12:52:00,59.813,59.813,59.7984,59.7984,4989
2026-08-14 12:53:00,59.8032,59.8081,59.7984,59.8081,9159
2026-08-14 12:54:00,59.8081,59.8081,59.7984,59.7984,1620
2026-08-14 12:55:00,59.7984,59.8081,59.7984,59.8081,4679
2026-08-14 12:56:00,59.7984,59.7984,59.7593,59.7642,17833
2026-08-14 12:57:00,59.7642,59.7837,59.7593,59.7837,19885
2026-08-14 12:58:00,59.7837,59.7837,59.7707,59.774,4844
2026-08-14 12:59:00,59.7837,59.7837,59.7642,59.7691,3895
2026-08-14 13:00:00,59.774,59.774,59.7691,59.774,2112
2026-08-14 13:01:00,59.774,59.774,59.7496,59.774,5727
2026-08-14 13:02:00,59.774,59.774,59.7642,59.7642,11041
2026-08-14 13:03:00,59.774,59.7788,59.774,59.7788,1520
2026-08-14 13:04:00,59.7837,59.7837,59.774,59.774,1065
2026-08-14 13:05:00,59.774,59.774,59.7593,59.7593,2552
2026-08-14 13:06:00,59.7691,59.7837,59.7691,59.7837,1558
2026-08-14 13:07:00,59.7756,59.7837,59.7756,59.7788,1089
2026-08-14 13:08:00,59.7837,59.7837,59.7837,59.7837,621
2026-08-14 13:09:00,59.7837,59.7886,59.7837,59.7886,8446
2026-08-14 13:10:00,59.8032,59.8032,59.7984,59.8032,4676
2026-08-14 13:11:00,59.8032,59.813,59.8032,59.813,922
2026-08-14 13:12:00,59.813,59.813,59.8032,59.813,1049
2026-08-14 13:13:00,59.813,59.813,59.8081,59.812,1741
2026-08-14 13:14:00,59.8081,59.8081,59.8081,59.8081,412
2026-08-14 13:15:00,59.8128,59.8128,59.8032,59.8032,342
2026-08-14 13:16:00,59.8032,59.8081,59.8032,59.8081,1333
2026-08-14 13:17:00,59.813,59.813,59.8081,59.8081,815
2026-08-14 13:18:00,59.8081,59.8081,59.8081,59.8081,476
2026-08-14 13:19:00,59.8228,59.8325,59.8228,59.8325,1863
2026-08-14 13:20:00,59.8325,59.8325,59.8325,59.8325,612
2026-08-14 13:21:00,59.8325,59.8325,59.8325,59.8325,776
2026-08-14 13:22:00,59.8374,59.852,59.8374,59.8423,3215
2026-08-14 13:23:00,59.8471,59.852,59.8228,59.8228,6852
2026-08-14 13:24:00,59.8228,59.8276,59.8179,59.8276,2280
2026-08-14 13:25:00,59.8276,59.8374,59.8276,59.8374,1082
2026-08-14 13:26:00,59.8423,59.852,59.8423,59.8471,1539
2026-08-14 13:27:00,59.8423,59.8423,59.8423,59.8423,304
2026-08-14 13:28:00,59.8423,59.8423,59.8423,59.8423,292
2026-08-14 13:29:00,59.8374,59.8423,59.8374,59.8423,1845
2026-08-14 13:30:00,59.8423,59.8423,59.8423,59.8423,638
2026-08-14 13:31:00,59.8423,59.8423,59.8374,59.8374,818
2026-08-14 13:32:00,59.8325,59.8374,59.8325,59.8325,600
2026-08-14 13:33:00,59.8325,59.8423,59.8277,59.8423,4540
2026-08-14 13:34:00,59.8423,59.8471,59.8423,59.8423,1278
2026-08-14 13:35:00,59.8423,59.8471,59.8385,59.8385,1019
2026-08-14 13:36:00,59.8471,59.852,59.8423,59.852,4421
2026-08-14 13:37:00,59.8471,59.852,59.8471,59.8471,666
2026-08-14 13:38:00,59.8374,59.8374,59.8325,59.8325,4752
2026-08-14 13:39:00,59.8325,59.8374,59.8325,59.8374,3338
2026-08-14 13:40:00,59.8423,59.8423,59.8376,59.8376,1037
2026-08-14 13:41:00,59.8471,59.8569,59.8471,59.852,3304
2026-08-14 13:42:00,59.8569,59.8569,59.8471,59.8569,8111
2026-08-14 13:43:00,59.852,59.8569,59.8471,59.852,1026
2026-08-14 13:44:00,59.852,59.8569,59.8276,59.8374,7184
2026-08-14 13:46:00,59.8374,59.8374,59.8374,59.8374,700
2026-08-14 13:47:00,59.8325,59.8374,59.8325,59.8374,705
2026-08-14 13:48:00,59.8374,59.8374,59.8374,59.8374,500
2026-08-14 13:49:00,59.8374,59.8471,59.8374,59.8471,1015
2026-08-14 13:50:00,59.8471,59.8471,59.8423,59.8423,1103
2026-08-14 13:51:00,59.8471,59.8471,59.8423,59.8423,741
2026-08-14 13:52:00,59.8471,59.8471,59.8379,59.8379,1092
2026-08-14 13:53:00,59.8374,59.8423,59.8374,59.8423,8552
2026-08-14 13:54:00,59.8423,59.8423,59.8374,59.8389,2116
2026-08-14 13:55:00,59.8447,59.852,59.8375,59.8472,6864
2026-08-14 13:56:00,59.8569,59.8569,59.852,59.852,1016
2026-08-14 13:57:00,59.8471,59.8471,59.8374,59.8423,14064
2026-08-14 13:58:00,59.8423,59.8423,59.8423,59.8423,878
2026-08-14 13:59:00,59.8471,59.8667,59.8471,59.8569,5975
2026-08-14 14:00:00,59.8569,59.8569,59.8471,59.852,5201
2026-08-14 14:01:00,59.852,59.8548,59.8374,59.8374,4862
2026-08-14 14:02:00,59.8374,59.8374,59.8228,59.8228,7118
2026-08-14 14:03:00,59.8276,59.8374,59.8276,59.8325,1896
2026-08-14 14:04:00,59.8325,59.8374,59.8325,59.8374,1816
2026-08-14 14:05:00,59.8375,59.8423,59.8374,59.8423,6012
2026-08-14 14:06:00,59.8374,59.8569,59.8374,59.852,6831
2026-08-14 14:07:00,59.8569,59.8569,59.8471,59.852,6200
2026-08-14 14:08:00,59.852,59.8569,59.8472,59.852,6286
2026-08-14 14:09:00,59.852,59.852,59.8471,59.852,1336
2026-08-14 14:10:00,59.852,59.852,59.8471,59.852,3387
2026-08-14 14:11:00,59.852,59.852,59.8423,59.8423,3617
2026-08-14 14:12:00,59.8423,59.852,59.8423,59.852,3145
2026-08-14 14:13:00,59.852,59.852,59.852,59.852,1067
2026-08-14 14:14:00,59.8549,59.8569,59.852,59.852,5317
2026-08-14 14:15:00,59.852,59.8569,59.852,59.852,2444
2026-08-14 14:16:00,59.852,59.8569,59.852,59.852,1684
2026-08-14 14:17:00,59.852,59.8569,59.8509,59.8569,3277
2026-08-14 14:18:00,59.8569,59.8618,59.852,59.852,3002
2026-08-14 14:19:00,59.848,59.852,59.8375,59.8423,3744
2026-08-14 14:20:00,59.8423,59.8471,59.8423,59.8471,3192
2026-08-14 14:21:00,59.8423,59.8471,59.8423,59.8471,6488
2026-08-14 14:22:00,59.8423,59.8569,59.8423,59.852,3584
2026-08-14 14:23:00,59.852,59.8569,59.852,59.852,959
2026-08-14 14:24:00,59.852,59.8569,59.8472,59.851,4938
2026-08-14 14:25:00,59.8569,59.8569,59.8404,59.8423,9206
2026-08-14 14:26:00,59.8423,59.8471,59.8385,59.8423,2405
2026-08-14 14:27:00,59.8423,59.8667,59.8423,59.8667,2812
2026-08-14 14:28:00,59.874,59.874,59.8471,59.852,6233
2026-08-14 14:29:00,59.852,59.852,59.852,59.852,996
2026-08-14 14:30:00,59.852,59.8667,59.852,59.8618,1201
2026-08-14 14:31:00,59.8618,59.8618,59.8618,59.8618,563
2026-08-14 14:32:00,59.8667,59.8764,59.8667,59.8764,1262
2026-08-14 14:33:00,59.8763,59.8862,59.8715,59.8813,3897
2026-08-14 14:34:00,59.8813,59.8813,59.8715,59.8715,4923
2026-08-14 14:35:00,59.8715,59.8813,59.8715,59.8715,3320
2026-08-14 14:36:00,59.8764,59.8765,59.8715,59.8765,8305
2026-08-14 14:37:00,59.8764,59.8764,59.8764,59.8764,1409
2026-08-14 14:38:00,59.8764,59.8813,59.8715,59.8766,1352
2026-08-14 14:39:00,59.8764,59.8765,59.8471,59.8715,17581
2026-08-14 14:40:00,59.8667,59.8764,59.8667,59.8764,3419
2026-08-14 14:41:00,59.8715,59.8715,59.8569,59.8659,2771
2026-08-14 14:42:00,59.8618,59.8667,59.8569,59.8667,2175
2026-08-14 14:43:00,59.8667,59.8667,59.8618,59.8618,724
2026-08-14 14:44:00,59.8569,59.8569,59.8471,59.8569,10981
2026-08-14 14:45:00,59.8667,59.8667,59.8667,59.8667,1048
2026-08-14 14:46:00,59.8764,59.8764,59.8618,59.8618,1271
2026-08-14 14:47:00,59.8569,59.8569,59.8423,59.8423,9768
2026-08-14 14:48:00,59.8423,59.8423,59.8276,59.8374,13944
2026-08-14 14:49:00,59.8471,59.8569,59.8471,59.8569,3074
2026-08-14 14:50:00,59.852,59.8569,59.8374,59.8569,4205
2026-08-14 14:51:00,59.8569,59.8813,59.8569,59.8764,4903
2026-08-14 14:52:00,59.8667,59.8667,59.8618,59.8618,537
2026-08-14 14:53:00,59.8618,59.8764,59.8589,59.8764,2899
2026-08-14 14:54:00,59.8765,59.8837,59.8765,59.8837,1742
2026-08-14 14:55:00,59.8764,59.8813,59.8618,59.8618,6262
2026-08-14 14:56:00,59.8618,59.8813,59.8618,59.8813,14282
2026-08-14 14:57:00,59.8862,59.9106,59.8862,59.9057,7740
2026-08-14 14:58:00,59.9106,59.9154,59.9106,59.9106,1764
2026-08-14 14:59:00,59.9106,59.9106,59.9008,59.9057,6092
2026-08-14 15:00:00,59.9008,59.9036,59.8959,59.8959,4869
2026-08-14 15:01:00,59.9008,59.9008,59.8862,59.891,10175
2026-08-14 15:02:00,59.8959,59.9154,59.8959,59.9154,4525
2026-08-14 15:03:00,59.9106,59.9154,59.9106,59.9154,2575
2026-08-14 15:04:00,59.9252,59.9301,59.9252,59.9252,2627
2026-08-14 15:05:00,59.9154,59.9203,59.9154,59.9203,276
2026-08-14 15:07:00,59.9203,59.9203,59.9154,59.9203,1208
2026-08-14 15:08:00,59.9154,59.9154,59.9008,59.9057,3828
2026-08-14 15:09:00,59.8959,59.9008,59.8959,59.9008,1606
2026-08-14 15:10:00,59.9057,59.9154,59.9057,59.9154,2413
2026-08-14 15:11:00,59.9167,59.9252,59.9167,59.9252,2085
2026-08-14 15:12:00,59.935,59.935,59.9252,59.9301,1119
2026-08-14 15:13:00,59.9301,59.935,59.9154,59.9203,3590
2026-08-14 15:14:00,59.9203,59.9228,59.9203,59.9228,1103
2026-08-14 15:15:00,59.9154,59.9301,59.9154,59.9252,3303
2026-08-14 15:16:00,59.9301,59.9447,59.9106,59.9106,9441
2026-08-14 15:17:00,59.9106,59.9252,59.9106,59.9252,7099
2026-08-14 15:18:00,59.9252,59.9252,59.9106,59.9154,4064
2026-08-14 15:19:00,59.9154,59.9252,59.9154,59.9203,2168
2026-08-14 15:20:00,59.9252,59.9252,59.9154,59.9154,977
2026-08-14 15:21:00,59.9154,59.9203,59.9057,59.9057,5116
2026-08-14 15:22:00,59.9106,59.9106,59.9106,59.9106,1109
2026-08-14 15:23:00,59.9106,59.9106,59.9058,59.9058,991
2026-08-14 15:24:00,59.9058,59.9106,59.9057,59.9106,3484
2026-08-14 15:25:00,59.9106,59.9106,59.9057,59.9057,248
2026-08-14 15:26:00,59.9106,59.9203,59.9106,59.9203,5293
2026-08-14 15:27:00,59.9154,59.9154,59.9008,59.9057,7638
2026-08-14 15:28:00,59.9154,59.9252,59.9154,59.9252,1425
2026-08-14 15:29:00,59.9203,59.9203,59.9057,59.9057,6654
2026-08-14 15:30:00,59.8959,59.9008,59.8959,59.8959,1496
2026-08-14 15:31:00,59.8959,59.8959,59.8813,59.8862,3728
2026-08-14 15:32:00,59.8959,59.9008,59.8959,59.8959,1629
2026-08-14 15:33:00,59.9008,59.9057,59.891,59.891,13822
2026-08-14 15:34:00,59.891,59.891,59.8881,59.8881,1259
2026-08-14 15:35:00,59.8959,59.9008,59.891,59.9008,8165
2026-08-14 15:36:00,59.9008,59.9106,59.9008,59.9008,8407
2026-08-14 15:37:00,59.9008,59.9047,59.8972,59.9008,3424
2026-08-14 15:38:00,59.9008,59.9057,59.898,59.9008,5328
2026-08-14 15:39:00,59.9008,59.904,59.899,59.9008,10716
2026-08-14 15:40:00,59.9008,59.9057,59.8862,59.9057,24284
2026-08-14 15:41:00,59.9008,59.9057,59.9008,59.9008,1975
2026-08-14 15:42:00,59.9008,59.9057,59.9008,59.9057,3264
2026-08-14 15:43:00,59.9008,59.9057,59.9008,59.9057,1374
2026-08-14 15:44:00,59.9008,59.9106,59.9008,59.9008,10089
2026-08-14 15:45:00,59.9008,59.9057,59.8959,59.9008,11960
2026-08-14 15:46:00,59.9008,59.9008,59.8813,59.8813,13970
2026-08-14 15:47:00,59.8862,59.8959,59.8862,59.8959,4274
2026-08-14 15:48:00,59.891,59.8959,59.8764,59.8813,10404
2026-08-14 15:49:00,59.8764,59.8813,59.8618,59.8618,5776
2026-08-14 15:50:00,59.8618,59.8618,59.8276,59.8472,19158
2026-08-14 15:51:00,59.852,59.852,59.8423,59.8423,14148
2026-08-14 15:52:00,59.8423,59.8569,59.8374,59.852,16487
2026-08-14 15:53:00,59.8569,59.8569,59.7886,59.7935,35562
2026-08-14 15:54:00,59.7886,59.813,59.7886,59.813,15826
2026-08-14 15:55:00,59.8179,59.8276,59.8179,59.8276,8312
2026-08-14 15:56:00,59.8276,59.8374,59.8179,59.8228,20110
2026-08-14 15:57:00,59.8228,59.8276,59.8179,59.8228,14981
2026-08-14 15:58:00,59.8276,59.8276,59.8228,59.8276,20825
2026-08-14 15:59:00,59.8228,59.8569,59.8228,59.852,73894
2026-08-15 09:30:00,59.6325,59.7203,59.6325,59.7106,27397
2026-08-15 09:31:00,59.7008,59.7008,59.6715,59.6764,2708
2026-08-15 09:32:00,59.6618,59.6618,59.6325,59.6325,3659
2026-08-15 09:33:00,59.6325,59.6325,59.6032,59.6032,1539
2026-08-15 09:34:00,59.5935,59.6032,59.5691,59.5788,4413
2026-08-15 09:35:00,59.5642,59.5935,59.5447,59.5837,16112
2026-08-15 09:36:00,59.5544,59.574,59.5544,59.5642,7394
2026-08-15 09:37:00,59.5788,59.6032,59.574,59.6032,1394
2026-08-15 09:38:00,59.5935,59.6032,59.5935,59.6032,2943
2026-08-15 09:39:00,59.5935,59.6032,59.5691,59.5837,4853
2026-08-15 09:40:00,59.5837,59.5837,59.574,59.574,2785
2026-08-15 09:41:00,59.5642,59.574,59.5544,59.574,3292
2026-08-15 09:42:00,59.5788,59.5788,59.5788,59.5788,1395
2026-08-15 09:43:00,59.574,59.574,59.5544,59.5642,3159
2026-08-15 09:44:00,59.5544,59.5691,59.5496,59.5642,6767
2026-08-15 09:45:00,59.5544,59.5544,59.5398,59.5398,1360
2026-08-15 09:46:00,59.5398,59.5398,59.5203,59.5349,15557
2026-08-15 09:47:00,59.5349,59.5642,59.5252,59.5544,7240
2026-08-15 09:48:00,59.5349,59.5447,59.5349,59.5349,2117
2026-08-15 09:49:00,59.5398,59.5398,59.5398,59.5398,152
2026-08-15 09:50:00,59.5398,59.5398,59.5349,59.5349,1219
2026-08-15 09:51:00,59.5154,59.5203,59.5154,59.5154,4055
2026-08-15 09:52:00,59.5057,59.5057,59.4861,59.4959,8239
2026-08-15 09:53:00,59.4861,59.5057,59.4861,59.4959,6968
2026-08-15 09:54:00,59.4861,59.491,59.4764,59.4764,1905
2026-08-15 09:55:00,59.4861,59.5252,59.4861,59.5203,27602
2026-08-15 09:56:00,59.5203,59.5252,59.5203,59.5203,6345
2026-08-15 09:57:00,59.5203,59.5252,59.5057,59.5203,4513
2026-08-15 09:58:00,59.5057,59.5398,59.5057,59.5349,7841
2026-08-15 09:59:00,59.5203,59.5203,59.5057,59.5057,4281
2026-08-15 10:00:00,59.5105,59.5398,59.5105,59.5154,16648
2026-08-15 10:01:00,59.5227,59.5252,59.5105,59.5105,7609
2026-08-15 10:02:00,59.5105,59.5105,59.4861,59.491,3390
2026-08-15 10:03:00,59.4813,59.4813,59.4667,59.4667,1310
2026-08-15 10:04:00,59.4715,59.4715,59.4471,59.452,4131
2026-08-15 10:05:00,59.452,59.4618,59.4471,59.4471,5563
2026-08-15 10:06:00,59.4374,59.452,59.4374,59.452,1121
2026-08-15 10:07:00,59.4569,59.4618,59.4374,59.4618,2706
2026-08-15 10:08:00,59.4569,59.4618,59.452,59.452,1731
2026-08-15 10:09:00,59.452,59.452,59.4422,59.452,1253
2026-08-15 10:10:00,59.452,59.452,59.4422,59.4422,1221
2026-08-15 10:11:00,59.4374,59.452,59.4374,59.4471,1474
2026-08-15 10:12:00,59.4608,59.4666,59.4608,59.4618,980
2026-08-15 10:13:00,59.4618,59.4618,59.4374,59.4471,6441
2026-08-15 10:14:00,59.452,59.4666,59.452,59.4666,1980
2026-08-15 10:15:00,59.4618,59.4668,59.452,59.4668,4137
2026-08-15 10:16:00,59.4715,59.4861,59.4715,59.4813,1388
2026-08-15 10:17:00,59.4861,59.4959,59.4861,59.4959,3889
2026-08-15 10:18:00,59.4861,59.4861,59.4861,59.4861,1098
2026-08-15 10:19:00,59.4775,59.4775,59.4715,59.4715,1335
2026-08-15 10:20:00,59.4764,59.4764,59.4667,59.4764,2518
2026-08-15 10:21:00,59.4715,59.4764,59.4618,59.4618,2973
2026-08-15 10:22:00,59.4569,59.4569,59.452,59.452,1327
2026-08-15 10:23:00,59.4514,59.452,59.4179,59.4278,3870
2026-08-15 10:24:00,59.4374,59.4569,59.4374,59.452,9385
2026-08-15 10:25:00,59.452,59.4569,59.4471,59.4482,3755
2026-08-15 10:26:00,59.452,59.4569,59.4276,59.4276,7620
2026-08-15 10:27:00,59.4374,59.4392,59.4374,59.4374,1616
2026-08-15 10:28:00,59.4325,59.4374,59.4276,59.4369,2168
2026-08-15 10:29:00,59.4374,59.4374,59.4276,59.4276,1560
2026-08-15 10:30:00,59.4276,59.4374,59.4276,59.4276,3719
2026-08-15 10:31:00,59.4276,59.4471,59.4276,59.4386,2172
2026-08-15 10:32:00,59.4374,59.4374,59.4374,59.4374,399
2026-08-15 10:33:00,59.4374,59.4374,59.4179,59.4179,1215
2026-08-15 10:34:00,59.4179,59.4276,59.4081,59.4275,3756
2026-08-15 10:35:00,59.4179,59.4179,59.3983,59.4179,5928
2026-08-15 10:36:00,59.413,59.4325,59.413,59.4325,3729
2026-08-15 10:37:00,59.4374,59.4471,59.4179,59.4179,5424
2026-08-15 10:38:00,59.4178,59.4325,59.3983,59.4276,7104
2026-08-15 10:39:00,59.4276,59.4276,59.4266,59.4266,1376
2026-08-15 10:40:00,59.4179,59.4179,59.407,59.407,1490
2026-08-15 10:41:00,59.4081,59.4179,59.4081,59.4179,1740
2026-08-15 10:42:00,59.4081,59.4179,59.4081,59.4179,1018
2026-08-15 10:43:00,59.4179,59.4179,59.4179,59.4179,1048
2026-08-15 10:44:00,59.4179,59.4276,59.4179,59.4179,8186
2026-08-15 10:45:00,59.4227,59.4227,59.4227,59.4227,271
2026-08-15 10:46:00,59.4179,59.4179,59.3983,59.4081,10986
2026-08-15 10:47:00,59.4081,59.4081,59.4081,59.4081,2678
2026-08-15 10:48:00,59.4081,59.4179,59.4081,59.4179,2871
2026-08-15 10:49:00,59.4182,59.4276,59.4081,59.4081,12294
2026-08-15 10:50:00,59.4179,59.4569,59.413,59.4569,14831
2026-08-15 10:51:00,59.4569,59.4666,59.4569,59.4618,2834
2026-08-15 10:52:00,59.4618,59.4666,59.4569,59.4666,5972
2026-08-15 10:53:00,59.4666,59.4666,59.452,59.452,3269
2026-08-15 10:54:00,59.4569,59.4764,59.452,59.4666,3756
2026-08-15 10:55:00,59.4764,59.4861,59.4764,59.4861,2086
2026-08-15 10:56:00,59.4861,59.4861,59.4764,59.4764,741
2026-08-15 10:57:00,59.4764,59.4813,59.4764,59.4764,11524
2026-08-15 10:58:00,59.4715,59.4715,59.4666,59.4666,1419
2026-08-15 10:59:00,59.4764,59.4764,59.4715,59.4715,805
2026-08-15 11:00:00,59.4715,59.4764,59.4569,59.4764,8171
2026-08-15 11:01:00,59.4764,59.4764,59.4666,59.4764,6410
2026-08-15 11:02:00,59.4764,59.4764,59.4666,59.4666,1814
2026-08-15 11:03:00,59.4715,59.4764,59.4715,59.4764,3779
2026-08-15 11:04:00,59.4666,59.4666,59.4569,59.4618,808
2026-08-15 11:05:00,59.4569,59.4666,59.4569,59.4666,1047
2026-08-15 11:06:00,59.4666,59.4813,59.4666,59.4813,3612
2026-08-15 11:07:00,59.4764,59.4764,59.4764,59.4764,163
2026-08-15 11:08:00,59.4764,59.4764,59.4666,59.4666,1443
2026-08-15 11:09:00,59.4764,59.4813,59.4715,59.4764,3516
2026-08-15 11:10:00,59.4764,59.4764,59.4569,59.4618,3232
2026-08-15 11:11:00,59.4569,59.4618,59.4569,59.4618,1333
2026-08-15 11:12:00,59.4666,59.4764,59.4618,59.4666,8891
2026-08-15 11:13:00,59.4666,59.4861,59.4666,59.4764,6937
2026-08-15 11:14:00,59.4813,59.5057,59.4813,59.4959,5458
2026-08-15 11:15:00,59.5008,59.5057,59.5008,59.5008,3448
2026-08-15 11:16:00,59.4959,59.4959,59.4861,59.4959,5838
2026-08-15 11:17:00,59.491,59.5057,59.491,59.4959,3730
2026-08-15 11:18:00,59.4959,59.5154,59.4959,59.5154,14029
2026-08-15 11:19:00,59.5105,59.5154,59.5081,59.5105,2876
2026-08-15 11:20:00,59.5057,59.5057,59.4861,59.4861,6065
2026-08-15 11:21:00,59.4861,59.4959,59.4861,59.4959,4944
2026-08-15 11:22:00,59.4959,59.4959,59.4861,59.4861,7331
2026-08-15 11:23:00,59.4861,59.491,59.4764,59.4764,1200
2026-08-15 11:24:00,59.4764,59.5057,59.452,59.5057,31684
2026-08-15 11:25:00,59.4764,59.4764,59.4618,59.4763,3832
2026-08-15 11:26:00,59.4666,59.4666,59.452,59.452,3213
2026-08-15 11:27:00,59.4569,59.4666,59.452,59.4569,5124
2026-08-15 11:28:00,59.4715,59.491,59.4471,59.4861,25468
2026-08-15 11:29:00,59.4861,59.4959,59.4861,59.4861,12420
2026-08-15 11:30:00,59.4861,59.4861,59.4569,59.4569,2615
2026-08-15 11:31:00,59.4618,59.4618,59.4374,59.4374,2572
2026-08-15 11:32:00,59.4422,59.4471,59.4276,59.4276,3882
2026-08-15 11:33:00,59.4325,59.4325,59.4179,59.4227,7283
2026-08-15 11:34:00,59.4227,59.4569,59.4032,59.4569,24575
2026-08-15 11:35:00,59.4569,59.4764,59.4569,59.4618,11716
2026-08-15 11:36:00,59.4666,59.4764,59.4666,59.4715,1704
2026-08-15 11:37:00,59.4666,59.4666,59.4666,59.4666,652
2026-08-15 11:38:00,59.4666,59.4813,59.4618,59.4813,1570
2026-08-15 11:39:00,59.4861,59.4959,59.4861,59.4959,976
2026-08-15 11:40:00,59.491,59.5154,59.491,59.5057,304506
2026-08-15 11:41:00,59.496,59.5057,59.496,59.5057,1335
2026-08-15 11:42:00,59.5105,59.5349,59.5105,59.5301,303871
2026-08-15 11:43:00,59.5349,59.5642,59.5349,59.5496,2578
2026-08-15 11:44:00,59.5447,59.5544,59.5447,59.5544,1834
2026-08-15 11:45:00,59.5496,59.5496,59.5349,59.5398,2722
2026-08-15 11:46:00,59.5447,59.5544,59.5398,59.5447,3254
2026-08-15 11:48:00,59.5642,59.5691,59.5593,59.5691,1440
2026-08-15 11:49:00,59.5642,59.5642,59.5593,59.5593,464
2026-08-15 11:50:00,59.5593,59.5642,59.5496,59.5544,6308
2026-08-15 11:51:00,59.5544,59.5593,59.5448,59.5593,7947
2026-08-15 11:52:00,59.5544,59.5544,59.5544,59.5544,175
2026-08-15 11:53:00,59.5544,59.5691,59.5447,59.5544,5264
2026-08-15 11:54:00,59.5624,59.5624,59.5624,59.5624,576
2026-08-15 11:55:00,59.5642,59.5642,59.5544,59.5593,7098
2026-08-15 11:56:00,59.5593,59.574,59.5593,59.5691,5711
2026-08-15 11:57:00,59.5691,59.574,59.5642,59.5691,1973
2026-08-15 11:58:00,59.5642,59.574,59.5642,59.574,1511
2026-08-15 11:59:00,59.574,59.574,59.5691,59.574,2081
2026-08-15 12:00:00,59.5766,59.5766,59.5642,59.574,1525
2026-08-15 12:01:00,59.574,59.5837,59.574,59.5837,1538
2026-08-15 12:02:00,59.5837,59.5837,59.574,59.5837,1741
2026-08-15 12:03:00,59.5788,59.5788,59.5788,59.5788,261
2026-08-15 12:04:00,59.5788,59.5788,59.5788,59.5788,621
2026-08-15 12:05:00,59.574,59.574,59.5593,59.5691,7680
2026-08-15 12:06:00,59.5642,59.5642,59.5463,59.5642,4095
2026-08-15 12:07:00,59.5721,59.5721,59.5691,59.5691,372
2026-08-15 12:08:00,59.5691,59.5788,59.5691,59.5788,2117
2026-08-15 12:09:00,59.574,59.574,59.5544,59.5544,1166
2026-08-15 12:10:00,59.5593,59.5642,59.5593,59.5642,422
2026-08-15 12:11:00,59.5691,59.574,59.5691,59.574,1796
2026-08-15 12:12:00,59.5728,59.5728,59.5728,59.5728,680
2026-08-15 12:13:00,59.5691,59.5691,59.5691,59.5691,439
2026-08-15 12:14:00,59.5691,59.574,59.5691,59.574,5823
2026-08-15 12:15:00,59.5643,59.574,59.5643,59.574,1494
2026-08-15 12:16:00,59.5788,59.5837,59.5788,59.5788,151559
2026-08-15 12:17:00,59.5788,59.5837,59.5788,59.5837,2743
2026-08-15 12:18:00,59.5788,59.5837,59.5788,59.5837,302
2026-08-15 12:19:00,59.574,59.5788,59.574,59.5788,1692
2026-08-15 12:20:00,59.5837,59.5837,59.5752,59.5752,557
2026-08-15 12:21:00,59.5788,59.5788,59.574,59.574,938
2026-08-15 12:22:00,59.5788,59.5886,59.574,59.5837,4726
2026-08-15 12:23:00,59.5837,59.5983,59.574,59.5983,3224
2026-08-15 12:24:00,59.5983,59.5983,59.5935,59.5935,3304
2026-08-15 12:25:00,59.5983,59.5983,59.5935,59.5935,1371
2026-08-15 12:26:00,59.5886,59.5886,59.5691,59.574,2954
2026-08-15 12:27:00,59.5661,59.5661,59.5661,59.5661,412
2026-08-15 12:29:00,59.5593,59.5642,59.5544,59.5642,974
2026-08-15 12:30:00,59.5642,59.5642,59.5593,59.5593,1489
2026-08-15 12:31:00,59.5642,59.5642,59.5588,59.5588,402758
2026-08-15 12:32:00,59.5554,59.5641,59.5554,59.5593,1387
2026-08-15 12:33:00,59.5593,59.5719,59.5593,59.5719,1772
2026-08-15 12:34:00,59.5691,59.5691,59.5691,59.5691,262
2026-08-15 12:35:00,59.5655,59.5691,59.5644,59.5691,1495
2026-08-15 12:36:00,59.5691,59.574,59.5642,59.5691,2537
2026-08-15 12:37:00,59.5691,59.5691,59.5583,59.5583,2150
2026-08-15 12:38:00,59.5593,59.5593,59.5593,59.5593,514
2026-08-15 12:39:00,59.5593,59.5593,59.5593,59.5593,105
2026-08-15 12:40:00,59.5544,59.5544,59.5544,59.5544,178
2026-08-15 12:41:00,59.5593,59.5593,59.5447,59.5448,3921
2026-08-15 12:42:00,59.5447,59.5496,59.5447,59.5447,1820
2026-08-15 12:43:00,59.5398,59.5398,59.5398,59.5398,597
2026-08-15 12:44:00,59.5398,59.5398,59.5398,59.5398,191
2026-08-15 12:45:00,59.5398,59.5398,59.5349,59.5349,1228
2026-08-15 12:46:00,59.5349,59.5349,59.5301,59.5349,8340
2026-08-15 12:47:00,59.5398,59.5398,59.5398,59.5398,1964
2026-08-15 12:48:00,59.5398,59.5545,59.5398,59.5545,16072
2026-08-15 12:49:00,59.5544,59.5544,59.5544,59.5544,8175
2026-08-15 12:50:00,59.5447,59.5544,59.5447,59.5447,11894
2026-08-15 12:51:00,59.5447,59.5496,59.5447,59.5496,1337
2026-08-15 12:52:00,59.5496,59.5496,59.5496,59.5496,255
2026-08-15 12:53:00,59.5544,59.5544,59.5496,59.5496,5393
2026-08-15 12:54:00,59.5447,59.5496,59.5447,59.5496,250626
2026-08-15 12:55:00,59.5447,59.5544,59.5447,59.5544,2582
2026-08-15 12:56:00,59.5593,59.5593,59.5544,59.5544,2693
2026-08-15 12:57:00,59.5593,59.5691,59.5593,59.5691,3152
2026-08-15 12:58:00,59.574,59.5788,59.5715,59.574,1767
2026-08-15 12:59:00,59.574,59.5886,59.574,59.5886,1712
2026-08-15 13:00:00,59.5886,59.6032,59.5886,59.5935,4367
2026-08-15 13:01:00,59.5936,59.5936,59.5837,59.5837,2528
2026-08-15 13:02:00,59.5935,59.5935,59.5837,59.5886,111016
2026-08-15 13:03:00,59.5935,59.5935,59.5837,59.5837,115040
2026-08-15 13:04:00,59.5837,59.5886,59.5837,59.5886,1022
2026-08-15 13:05:00,59.5837,59.5837,59.5642,59.5642,5139
2026-08-15 13:06:00,59.574,59.5935,59.5691,59.574,4780
2026-08-15 13:07:00,59.5802,59.5802,59.574,59.574,439
2026-08-15 13:08:00,59.574,59.574,59.5544,59.5544,1351
2026-08-15 13:09:00,59.5622,59.5622,59.5496,59.5496,1592
2026-08-15 13:10:00,59.5496,59.5496,59.5496,59.5496,870
2026-08-15 13:11:00,59.5533,59.5533,59.5447,59.5447,844
2026-08-15 13:12:00,59.5496,59.5642,59.5496,59.5593,8168
2026-08-15 13:13:00,59.5593,59.5593,59.5593,59.5593,194
2026-08-15 13:14:00,59.5593,59.5593,59.5593,59.5593,220
2026-08-15 13:15:00,59.5544,59.5544,59.5544,59.5544,1164
2026-08-15 13:18:00,59.5544,59.5544,59.5466,59.5544,4915
2026-08-15 13:19:00,59.5544,59.5544,59.5544,59.5544,1465
2026-08-15 13:20:00,59.5544,59.5544,59.5496,59.5496,836
2026-08-15 13:21:00,59.5447,59.5544,59.5447,59.5505,1436
2026-08-15 13:22:00,59.5544,59.5593,59.5544,59.5593,1081
2026-08-15 13:23:00,59.5642,59.5642,59.5544,59.5544,1667
2026-08-15 13:24:00,59.5448,59.5496,59.5448,59.5496,789
2026-08-15 13:25:00,59.5496,59.5543,59.5496,59.5543,811
2026-08-15 13:26:00,59.5544,59.5544,59.5496,59.5496,676
2026-08-15 13:27:00,59.5544,59.5544,59.5496,59.5496,2517
2026-08-15 13:28:00,59.5496,59.5544,59.5496,59.5496,807
2026-08-15 13:29:00,59.5544,59.5593,59.5544,59.5593,1338
2026-08-15 13:30:00,59.5593,59.5642,59.5593,59.5642,716
2026-08-15 13:31:00,59.5593,59.5642,59.5593,59.5593,4235
2026-08-15 13:32:00,59.5593,59.5837,59.5593,59.5837,9273
2026-08-15 13:33:00,59.5788,59.5837,59.5788,59.5788,639
2026-08-15 13:34:00,59.5837,59.5837,59.5752,59.5788,2618
2026-08-15 13:35:00,59.5788,59.5837,59.5788,59.5837,3488
2026-08-15 13:36:00,59.5788,59.5837,59.5788,59.5788,4590
2026-08-15 13:37:00,59.5837,59.5837,59.5788,59.5788,1211
2026-08-15 13:38:00,59.5837,59.5837,59.5788,59.5788,340
2026-08-15 13:39:00,59.5837,59.5837,59.5788,59.5788,614
2026-08-15 13:40:00,59.574,59.574,59.5544,59.5593,3524
2026-08-15 13:41:00,59.5642,59.5642,59.5593,59.5593,2659
2026-08-15 13:42:00,59.5593,59.5691,59.5545,59.5691,1495
2026-08-15 13:43:00,59.574,59.574,59.5691,59.5691,795
2026-08-15 13:44:00,59.5691,59.5691,59.5691,59.5691,223
2026-08-15 13:45:00,59.574,59.574,59.5642,59.5642,3181
2026-08-15 13:46:00,59.5691,59.5691,59.5643,59.5691,1097
2026-08-15 13:47:00,59.5691,59.574,59.5691,59.5691,3731
2026-08-15 13:48:00,59.5651,59.574,59.5651,59.5691,857
2026-08-15 13:49:00,59.5652,59.5837,59.5652,59.5788,4962
2026-08-15 13:50:00,59.5788,59.5788,59.5593,59.5593,4740
2026-08-15 13:51:00,59.5642,59.5642,59.5593,59.5593,3700
2026-08-15 13:53:00,59.5544,59.5642,59.5447,59.5593,6061
2026-08-15 13:54:00,59.5593,59.5642,59.5593,59.5642,619
2026-08-15 13:55:00,59.5691,59.5691,59.5691,59.5691,223
2026-08-15 13:56:00,59.574,59.577,59.5691,59.577,855
2026-08-15 13:57:00,59.5788,59.5935,59.5788,59.5935,935
2026-08-15 13:58:00,59.5935,59.5935,59.5935,59.5935,107
2026-08-15 13:59:00,59.6081,59.613,59.6032,59.6032,771
2026-08-15 14:00:00,59.6032,59.6032,59.5935,59.5935,4908
2026-08-15 14:01:00,59.5983,59.6032,59.5983,59.5983,3008
2026-08-15 14:02:00,59.5944,59.5944,59.5935,59.5935,3146
2026-08-15 14:03:00,59.5935,59.5935,59.5886,59.5886,1657
2026-08-15 14:04:00,59.5935,59.6021,59.5886,59.5886,2462
2026-08-15 14:05:00,59.5935,59.5935,59.5935,59.5935,426
2026-08-15 14:06:00,59.5935,59.5935,59.5838,59.5838,1053
2026-08-15 14:07:00,59.5838,59.5935,59.5837,59.5935,6861
2026-08-15 14:08:00,59.5935,59.5935,59.5838,59.5838,2077
2026-08-15 14:09:00,59.5886,59.5886,59.5886,59.5886,246
2026-08-15 14:10:00,59.5837,59.5874,59.5837,59.5874,1487
2026-08-15 14:11:00,59.5886,59.5935,59.5886,59.5886,2603
2026-08-15 14:12:00,59.5838,59.5886,59.5838,59.5886,883
2026-08-15 14:13:00,59.585,59.5935,59.585,59.5886,558
2026-08-15 14:14:00,59.5838,59.5935,59.5838,59.5934,7750
2026-08-15 14:15:00,59.5886,59.5983,59.5886,59.5983,8066
2026-08-15 14:16:00,59.5935,59.613,59.5935,59.5983,5680
2026-08-15 14:17:00,59.5983,59.5983,59.5944,59.5983,2072
2026-08-15 14:18:00,59.5983,59.6032,59.5936,59.5936,1120
2026-08-15 14:19:00,59.5983,59.6081,59.5983,59.6081,8174
2026-08-15 14:20:00,59.6081,59.6081,59.6081,59.6081,1561
2026-08-15 14:21:00,59.6032,59.6032,59.5935,59.5983,4506
2026-08-15 14:22:00,59.5983,59.6013,59.5983,59.5983,642
2026-08-15 14:23:00,59.5935,59.5935,59.5837,59.5886,8516
2026-08-15 14:24:00,59.5935,59.5935,59.5935,59.5935,635
2026-08-15 14:25:00,59.5983,59.6032,59.5935,59.5935,1385
2026-08-15 14:26:00,59.5983,59.5983,59.5983,59.5983,401
2026-08-15 14:27:00,59.5983,59.6032,59.5983,59.5983,2666
2026-08-15 14:28:00,59.613,59.6179,59.6081,59.6179,2916
2026-08-15 14:30:00,59.6179,59.6179,59.6179,59.6179,157
2026-08-15 14:31:00,59.6179,59.6227,59.6179,59.6179,3236
2026-08-15 14:32:00,59.6179,59.6179,59.613,59.613,670
2026-08-15 14:33:00,59.6179,59.6179,59.6132,59.6132,2623
2026-08-15 14:34:00,59.6179,59.6227,59.6131,59.6179,1566
2026-08-15 14:35:00,59.613,59.6179,59.613,59.6179,944
2026-08-15 14:36:00,59.6179,59.6325,59.6179,59.6325,10233
2026-08-15 14:37:00,59.6227,59.6276,59.6227,59.6276,3374
2026-08-15 14:38:00,59.6234,59.6276,59.6227,59.6227,693
2026-08-15 14:39:00,59.6276,59.6325,59.6276,59.6325,475
2026-08-15 14:40:00,59.6276,59.6336,59.6276,59.6325,7011
2026-08-15 14:41:00,59.6276,59.6276,59.6276,59.6276,234
2026-08-15 14:42:00,59.6276,59.6276,59.6276,59.6276,416
2026-08-15 14:43:00,59.6276,59.6276,59.6227,59.6227,319
2026-08-15 14:44:00,59.6276,59.6276,59.6276,59.6276,426
2026-08-15 14:45:00,59.6227,59.6325,59.6227,59.6325,944
2026-08-15 14:46:00,59.6227,59.6276,59.613,59.6179,3949
2026-08-15 14:47:00,59.6169,59.6227,59.6169,59.6179,1141
2026-08-15 14:48:00,59.613,59.6131,59.613,59.6131,364
2026-08-15 14:49:00,59.6179,59.6179,59.6164,59.6179,1305
2026-08-15 14:50:00,59.6179,59.6179,59.6179,59.6179,316
2026-08-15 14:51:00,59.6179,59.6179,59.6179,59.6179,787
2026-08-15 14:52:00,59.6179,59.6227,59.6179,59.6227,1120
2026-08-15 14:53:00,59.6179,59.6179,59.613,59.613,940
2026-08-15 14:54:00,59.6179,59.6179,59.613,59.613,1425
2026-08-15 14:55:00,59.6131,59.6179,59.6131,59.6179,769
2026-08-15 14:56:00,59.6227,59.6325,59.6179,59.6276,9647
2026-08-15 14:57:00,59.6276,59.6276,59.6276,59.6276,1008
2026-08-15 14:59:00,59.6276,59.6423,59.6276,59.6325,8438
2026-08-15 15:00:00,59.6374,59.6423,59.6374,59.6423,1279
2026-08-15 15:01:00,59.6423,59.6423,59.6325,59.6423,12572
2026-08-15 15:02:00,59.6374,59.6382,59.6325,59.6325,935
2026-08-15 15:03:00,59.6374,59.6374,59.6374,59.6374,449
2026-08-15 15:04:00,59.6325,59.6325,59.6227,59.6227,3806
2026-08-15 15:05:00,59.6227,59.6227,59.6227,59.6227,469
2026-08-15 15:06:00,59.6228,59.6308,59.6228,59.6297,638
2026-08-15 15:07:00,59.6227,59.6227,59.6081,59.6227,12118
2026-08-15 15:08:00,59.613,59.613,59.6032,59.6032,1114
2026-08-15 15:10:00,59.6032,59.6032,59.5983,59.5983,2499
2026-08-15 15:11:00,59.5983,59.5983,59.5935,59.5935,2014
2026-08-15 15:12:00,59.5983,59.5983,59.5983,59.5983,480
2026-08-15 15:13:00,59.6032,59.613,59.6032,59.6033,5071
2026-08-15 15:14:00,59.6081,59.613,59.6081,59.613,5808
2026-08-15 15:16:00,59.613,59.613,59.613,59.613,1913
2026-08-15 15:17:00,59.613,59.6227,59.613,59.6143,4405
2026-08-15 15:18:00,59.6179,59.6179,59.613,59.613,1913
2026-08-15 15:19:00,59.6081,59.6131,59.6081,59.6131,2992
2026-08-15 15:20:00,59.613,59.613,59.6032,59.6032,2477
2026-08-15 15:21:00,59.6043,59.6043,59.6043,59.6043,314
2026-08-15 15:22:00,59.613,59.613,59.6032,59.6032,936
2026-08-15 15:23:00,59.6057,59.6057,59.6033,59.6033,507
2026-08-15 15:24:00,59.6032,59.6129,59.6032,59.6081,1526
2026-08-15 15:25:00,59.6032,59.6032,59.6032,59.6032,2774
2026-08-15 15:26:00,59.5935,59.5935,59.5886,59.5886,5354
2026-08-15 15:27:00,59.5883,59.5883,59.5883,59.5883,263
2026-08-15 15:28:00,59.5886,59.5935,59.5886,59.5896,4810
2026-08-15 15:29:00,59.5837,59.5837,59.5788,59.5837,9660
2026-08-15 15:30:00,59.5788,59.5788,59.574,59.574,1803
2026-08-15 15:31:00,59.5691,59.5691,59.5691,59.5691,524
2026-08-15 15:32:00,59.5691,59.574,59.5691,59.574,1623
2026-08-15 15:33:00,59.5691,59.5691,59.5691,59.5691,874
2026-08-15 15:34:00,59.5691,59.5788,59.5691,59.5691,7542
2026-08-15 15:35:00,59.5691,59.5691,59.5691,59.5691,210
2026-08-15 15:36:00,59.5691,59.574,59.5672,59.5691,1049
2026-08-15 15:37:00,59.5691,59.574,59.5691,59.5725,2482
2026-08-15 15:38:00,59.574,59.574,59.5691,59.574,1514
2026-08-15 15:39:00,59.574,59.574,59.5691,59.574,1905
2026-08-15 15:40:00,59.5678,59.574,59.5642,59.5642,2790
2026-08-15 15:41:00,59.5691,59.5691,59.5593,59.5593,8969
2026-08-15 15:42:00,59.5593,59.5837,59.5593,59.5788,6098
2026-08-15 15:43:00,59.5788,59.5886,59.5788,59.5886,4394
2026-08-15 15:44:00,59.5886,59.5886,59.574,59.5788,4574
2026-08-15 15:45:00,59.5824,59.5837,59.5593,59.5593,13795
2026-08-15 15:46:00,59.5593,59.573,59.5593,59.5593,10790
2026-08-15 15:47:00,59.5642,59.574,59.5544,59.574,12610
2026-08-15 15:48:00,59.5642,59.5691,59.5642,59.5691,1296
2026-08-15 15:49:00,59.5642,59.5642,59.5544,59.5544,7482
2026-08-15 15:50:00,59.5496,59.5642,59.5349,59.5398,18638
2026-08-15 15:51:00,59.5398,59.5398,59.5252,59.5252,14219
2026-08-15 15:52:00,59.5252,59.534,59.5154,59.5154,10127
2026-08-15 15:53:00,59.5154,59.5349,59.5154,59.5301,18462
2026-08-15 15:54:00,59.5301,59.5338,59.5252,59.5301,7849
2026-08-15 15:55:00,59.5301,59.5544,59.5301,59.5398,21501
2026-08-15 15:56:00,59.5398,59.5398,59.5203,59.5203,15941
2026-08-15 15:57:00,59.5203,59.5252,59.5154,59.5203,7799
2026-08-15 15:58:00,59.5154,59.5154,59.4959,59.5057,20825
2026-08-15 15:59:00,59.5008,59.5154,59.4861,59.4959,88915
2026-08-18 09:30:00,59.574,59.6032,59.5398,59.5935,39038
2026-08-18 09:31:00,59.6032,59.6325,59.5837,59.613,18277
2026-08-18 09:32:00,59.6325,59.6423,59.613,59.613,4857
2026-08-18 09:33:00,59.652,59.652,59.613,59.613,5003
2026-08-18 09:34:00,59.613,59.6325,59.6032,59.6032,2128
2026-08-18 09:35:00,59.6032,59.6374,59.6032,59.6374,6418
2026-08-18 09:36:00,59.6423,59.652,59.6374,59.652,5366
2026-08-18 09:37:00,59.652,59.652,59.6276,59.6325,7485
2026-08-18 09:38:00,59.6471,59.6666,59.6471,59.6618,1572
2026-08-18 09:39:00,59.6569,59.6618,59.652,59.652,1711
2026-08-18 09:40:00,59.6569,59.6569,59.6471,59.6471,1270
2026-08-18 09:41:00,59.6423,59.652,59.6374,59.652,2183
2026-08-18 09:42:00,59.6423,59.6423,59.6423,59.6423,116
2026-08-18 09:43:00,59.6325,59.6862,59.6325,59.6862,8149
2026-08-18 09:44:00,59.6862,59.691,59.6862,59.691,826
2026-08-18 09:45:00,59.691,59.7349,59.691,59.7301,8129
2026-08-18 09:46:00,59.7203,59.7203,59.691,59.691,6121
2026-08-18 09:47:00,59.691,59.6959,59.6813,59.6813,3822
2026-08-18 09:48:00,59.691,59.7057,59.691,59.7057,8408
2026-08-18 09:49:00,59.7057,59.7154,59.693,59.693,3650
2026-08-18 09:50:00,59.7008,59.7106,59.6941,59.7106,3574
2026-08-18 09:51:00,59.7203,59.7398,59.7203,59.7398,2031
2026-08-18 09:52:00,59.7398,59.7545,59.7349,59.7447,2768
2026-08-18 09:53:00,59.7496,59.7642,59.7496,59.7642,2615
2026-08-18 09:54:00,59.7788,59.8081,59.7788,59.8081,6098
2026-08-18 09:55:00,59.8179,59.8179,59.8081,59.8081,2240
2026-08-18 09:56:00,59.813,59.813,59.8081,59.8081,1381
2026-08-18 09:57:00,59.8179,59.8471,59.8179,59.8413,3859
2026-08-18 09:58:00,59.8569,59.8813,59.8569,59.8569,7079
2026-08-18 09:59:00,59.8471,59.8471,59.8325,59.8325,1717
2026-08-18 10:00:00,59.8374,59.8715,59.8325,59.8667,5700
2026-08-18 10:01:00,59.8667,59.9057,59.8667,59.9057,1002
2026-08-18 10:02:00,59.9203,59.9447,59.9203,59.9447,758
2026-08-18 10:03:00,59.9447,59.9642,59.9447,59.964,2661
2026-08-18 10:04:00,59.9545,59.9789,59.9545,59.974,2361
2026-08-18 10:05:00,59.974,59.9886,59.9691,59.9691,6063
2026-08-18 10:06:00,59.9593,59.9886,59.9593,59.9886,8753
2026-08-18 10:07:00,59.9886,59.9935,59.9886,59.9935,972
2026-08-18 10:08:00,59.9935,60.013,59.9935,60.013,3106
2026-08-18 10:09:00,59.9984,60.0032,59.974,59.9935,19558
2026-08-18 10:10:00,59.9984,60.0032,59.9837,60.0032,2842
2026-08-18 10:11:00,60.0032,60.0276,60.0032,60.0276,1723
2026-08-18 10:12:00,60.023,60.0423,60.0228,60.0276,2959
2026-08-18 10:13:00,60.0228,60.0228,60.0179,60.0179,6852
2026-08-18 10:14:00,60.0179,60.0423,60.013,60.0374,12082
2026-08-18 10:15:00,60.0374,60.0387,60.0276,60.0325,15100
2026-08-18 10:16:00,60.0374,60.0374,60.0228,60.0228,6181
2026-08-18 10:17:00,60.013,60.013,59.9789,59.9789,19024
2026-08-18 10:18:00,59.9837,59.9837,59.9545,59.9691,8756
2026-08-18 10:19:00,59.9691,59.9828,59.9691,59.9789,4737
2026-08-18 10:20:00,59.974,59.9789,59.9642,59.9691,3417
2026-08-18 10:21:00,59.9691,59.974,59.9691,59.9691,1779
2026-08-18 10:22:00,59.974,59.9886,59.974,59.9789,5654
2026-08-18 10:23:00,59.9789,60.0374,59.9789,60.0374,23546
2026-08-18 10:24:00,60.0374,60.0412,60.0325,60.0374,4785
2026-08-18 10:25:00,60.0374,60.0374,60.0276,60.0276,2480
2026-08-18 10:26:00,60.0276,60.0276,60.0228,60.0276,4919
2026-08-18 10:27:00,60.0276,60.0325,60.0228,60.0276,2805
2026-08-18 10:28:00,60.0325,60.0325,60.0276,60.0276,2925
2026-08-18 10:29:00,60.0276,60.0276,60.0032,60.0081,5866
2026-08-18 10:30:00,60.0032,60.0032,59.9886,59.9935,4525
2026-08-18 10:31:00,60.0032,60.0032,59.9789,60.0032,8982
2026-08-18 10:32:00,59.9935,60.013,59.9935,60.013,1884
2026-08-18 10:33:00,60.0228,60.0423,60.0228,60.0374,2810
2026-08-18 10:34:00,60.0325,60.0472,60.0325,60.0472,2295
2026-08-18 10:35:00,60.0472,60.052,60.0423,60.052,7296
2026-08-18 10:36:00,60.0618,60.0715,60.0618,60.0715,2235
2026-08-18 10:37:00,60.0715,60.0813,60.0715,60.0764,2738
2026-08-18 10:38:00,60.0715,60.0813,60.0667,60.0667,2492
2026-08-18 10:39:00,60.0618,60.0618,60.0569,60.0569,2304
2026-08-18 10:40:00,60.0569,60.0764,60.052,60.0764,10275
2026-08-18 10:41:00,60.0715,60.0715,60.052,60.0569,5015
2026-08-18 10:42:00,60.0569,60.0618,60.052,60.0618,9902
2026-08-18 10:43:00,60.0618,60.0715,60.052,60.0618,5157
2026-08-18 10:44:00,60.0715,60.0813,60.0715,60.0813,1502
2026-08-18 10:45:00,60.0813,60.0862,60.0813,60.0813,1518
2026-08-18 10:46:00,60.0813,60.0862,60.0813,60.0813,2145
2026-08-18 10:47:00,60.0814,60.0911,60.0764,60.0764,2702
2026-08-18 10:48:00,60.0715,60.0715,60.053,60.053,2952
2026-08-18 10:49:00,60.052,60.0764,60.052,60.0764,2696
2026-08-18 10:50:00,60.0813,60.0813,60.0764,60.0764,913
2026-08-18 10:51:00,60.0667,60.0764,60.0618,60.0764,9681
2026-08-18 10:52:00,60.0813,60.0862,60.0764,60.0813,1834
2026-08-18 10:53:00,60.0764,60.0813,60.0715,60.0813,3366
2026-08-18 10:54:00,60.0813,60.0813,60.0716,60.0716,530
2026-08-18 10:55:00,60.0862,60.0899,60.0862,60.0899,794
2026-08-18 10:56:00,60.0862,60.0911,60.0813,60.0911,2385
2026-08-18 10:57:00,60.0911,60.0911,60.0911,60.0911,985
2026-08-18 10:58:00,60.0911,60.0911,60.0667,60.0764,4891
2026-08-18 10:59:00,60.0715,60.0715,60.052,60.052,1376
2026-08-18 11:00:00,60.052,60.052,60.013,60.013,5299
2026-08-18 11:01:00,60.0179,60.0228,60.0081,60.0228,6660
2026-08-18 11:02:00,60.0325,60.0325,60.0032,60.0032,2504
2026-08-18 11:03:00,59.9984,60.013,59.9984,60.0091,1223
2026-08-18 11:04:00,60.0081,60.0081,60.0081,60.0081,306
2026-08-18 11:05:00,60.0081,60.013,59.9935,60.0032,6980
2026-08-18 11:06:00,60.0032,60.013,60.0032,60.013,1116
2026-08-18 11:07:00,60.013,60.013,60.0081,60.013,547
2026-08-18 11:08:00,60.0179,60.0179,60.0179,60.0179,613
2026-08-18 11:09:00,60.0276,60.0276,60.0228,60.0276,1188
2026-08-18 11:10:00,60.0325,60.0325,60.0081,60.013,3658
2026-08-18 11:11:00,60.013,60.0276,60.013,60.0228,957
2026-08-18 11:12:00,60.0276,60.0276,60.0276,60.0276,433
2026-08-18 11:13:00,60.0276,60.0276,60.0276,60.0276,632
2026-08-18 11:14:00,60.0228,60.0228,60.013,60.0179,1136
2026-08-18 11:15:00,60.0228,60.0423,60.0228,60.0325,3481
2026-08-18 11:16:00,60.0325,60.0325,60.0228,60.0325,4352
2026-08-18 11:17:00,60.0472,60.0569,60.0423,60.0569,1683
2026-08-18 11:18:00,60.0618,60.0618,60.0618,60.0618,773
2026-08-18 11:19:00,60.0521,60.0569,60.052,60.052,1425
2026-08-18 11:20:00,60.052,60.052,60.0032,60.0032,6215
2026-08-18 11:22:00,60.0033,60.0033,59.9837,59.9886,6349
2026-08-18 11:23:00,59.9862,59.9935,59.9837,59.9886,842
2026-08-18 11:24:00,59.9886,59.9886,59.9886,59.9886,489
2026-08-18 11:25:00,59.9886,59.9886,59.9789,59.9789,1289
2026-08-18 11:26:00,59.9837,59.9935,59.9837,59.9935,2368
2026-08-18 11:27:00,60.0032,60.013,59.9984,60.0032,3017
2026-08-18 11:28:00,59.9935,59.9935,59.9935,59.9935,141142
2026-08-18 11:29:00,59.9886,59.9886,59.974,59.974,1392
2026-08-18 11:30:00,59.974,59.9837,59.974,59.9789,2900
2026-08-18 11:31:00,59.9789,59.9789,59.9789,59.9789,308
2026-08-18 11:32:00,59.9837,60.0032,59.9837,59.9984,1757
2026-08-18 11:33:00,60.0032,60.0032,59.9936,59.9984,825
2026-08-18 11:34:00,59.9984,59.9984,59.9789,59.9789,3152
2026-08-18 11:35:00,59.974,60.0081,59.9642,60.0081,5003
2026-08-18 11:36:00,60.0032,60.0032,59.974,59.9837,6732
2026-08-18 11:37:00,59.9886,59.9935,59.9886,59.9935,420
2026-08-18 11:38:00,59.9935,59.9935,59.9935,59.9935,843
2026-08-18 11:39:00,59.9935,59.9935,59.9886,59.9935,935
2026-08-18 11:40:00,59.9886,59.9984,59.9886,59.9984,1057
2026-08-18 11:41:00,59.9935,59.9935,59.9691,59.9691,1401
2026-08-18 11:42:00,59.9691,59.9691,59.9545,59.9593,1171
2026-08-18 11:43:00,59.9593,59.9642,59.9203,59.9203,9768
2026-08-18 11:44:00,59.9203,59.9203,59.9106,59.9106,916
2026-08-18 11:45:00,59.9154,59.9203,59.9106,59.9106,1073
2026-08-18 11:46:00,59.9106,59.9154,59.9057,59.9057,657
2026-08-18 11:47:00,59.8959,59.9008,59.8959,59.9008,1134
2026-08-18 11:48:00,59.8959,59.9008,59.891,59.9008,1344
2026-08-18 11:49:00,59.891,59.9008,59.891,59.8959,918
2026-08-18 11:50:00,59.9008,59.9106,59.9008,59.9106,1983
2026-08-18 11:51:00,59.9057,59.9252,59.9057,59.9252,15493
2026-08-18 11:52:00,59.9263,59.9263,59.9263,59.9263,196
2026-08-18 11:53:00,59.9307,59.9307,59.9253,59.9301,1273
2026-08-18 11:54:00,59.9301,59.9301,59.9301,59.9301,483
2026-08-18 11:56:00,59.9252,59.9252,59.9106,59.9106,2406
2026-08-18 11:57:00,59.9106,59.9106,59.9058,59.9058,464
2026-08-18 11:58:00,59.9057,59.9057,59.8862,59.891,2805
2026-08-18 11:59:00,59.8959,59.9154,59.8959,59.9106,5001
2026-08-18 12:00:00,59.9154,59.9203,59.9106,59.9154,2421
2026-08-18 12:01:00,59.9154,59.9154,59.9106,59.9106,1139
2026-08-18 12:02:00,59.9106,59.9203,59.9058,59.9203,1764
2026-08-18 12:03:00,59.9252,59.9252,59.9203,59.9252,1266
2026-08-18 12:04:00,59.9057,59.9057,59.9057,59.9057,241
2026-08-18 12:05:00,59.9106,59.9154,59.9106,59.9106,915
2026-08-18 12:06:00,59.9057,59.9057,59.8959,59.8959,1754
2026-08-18 12:07:00,59.9057,59.9154,59.9057,59.9106,1010
2026-08-18 12:08:00,59.9252,59.935,59.9252,59.935,1277
2026-08-18 12:09:00,59.9301,59.9496,59.9301,59.9496,2986
2026-08-18 12:10:00,59.9447,59.9447,59.9447,59.9447,166
2026-08-18 12:11:00,59.9545,59.9545,59.9496,59.9496,398
2026-08-18 12:12:00,59.9496,59.9545,59.9496,59.9496,1124
2026-08-18 12:13:00,59.9545,59.9545,59.9398,59.9496,80158
2026-08-18 12:14:00,59.9496,59.9545,59.9496,59.9545,70502
2026-08-18 12:15:00,59.9447,59.9545,59.9447,59.9545,2151
2026-08-18 12:16:00,59.9496,59.9508,59.9496,59.9508,894
2026-08-18 12:17:00,59.9447,59.9447,59.935,59.9398,1774
2026-08-18 12:18:00,59.9351,59.9351,59.9351,59.9351,497
2026-08-18 12:19:00,59.9362,59.9362,59.9203,59.9301,2245
2026-08-18 12:20:00,59.9252,59.9471,59.9252,59.9471,1867
2026-08-18 12:21:00,59.9496,59.9496,59.9496,59.9496,401
2026-08-18 12:22:00,59.9496,59.9496,59.9253,59.9301,2977
2026-08-18 12:23:00,59.9301,59.935,59.9252,59.935,1135
2026-08-18 12:24:00,59.9301,59.9349,59.9301,59.9301,872
2026-08-18 12:25:00,59.9301,59.9301,59.9301,59.9301,679
2026-08-18 12:26:00,59.9301,59.9301,59.9301,59.9301,236
2026-08-18 12:27:00,59.935,59.9398,59.935,59.9398,1351
2026-08-18 12:28:00,59.9447,59.9544,59.9447,59.9544,1229
2026-08-18 12:30:00,59.9447,59.9447,59.9398,59.9398,3225
2026-08-18 12:31:00,59.9398,59.9398,59.9398,59.9398,413
2026-08-18 12:32:00,59.9447,59.9447,59.9398,59.9398,833
2026-08-18 12:33:00,59.9447,59.9496,59.9447,59.9496,1016
2026-08-18 12:34:00,59.9458,59.9496,59.9458,59.9496,1216
2026-08-18 12:35:00,59.9457,59.9545,59.9457,59.9545,913
2026-08-18 12:36:00,59.9447,59.9496,59.9447,59.9496,407
2026-08-18 12:37:00,59.9447,59.9496,59.9447,59.9447,786
2026-08-18 12:38:00,59.9447,59.9447,59.9252,59.9301,2033
2026-08-18 12:39:00,59.9271,59.935,59.9271,59.935,2970
2026-08-18 12:40:00,59.935,59.9398,59.935,59.9398,1318
2026-08-18 12:41:00,59.9398,59.9398,59.9398,59.9398,575
2026-08-18 12:42:00,59.9369,59.9369,59.9301,59.9301,755
2026-08-18 12:43:00,59.9252,59.9252,59.9252,59.9252,490
2026-08-18 12:44:00,59.935,59.935,59.935,59.935,1210
2026-08-18 12:45:00,59.935,59.935,59.9301,59.9301,1090
2026-08-18 12:46:00,59.9301,59.9301,59.9252,59.9301,1372
2026-08-18 12:47:00,59.9301,59.9301,59.9252,59.9252,1648
2026-08-18 12:48:00,59.9154,59.9154,59.8959,59.9008,1240
2026-08-18 12:49:00,59.9057,59.9154,59.9057,59.9154,2844
2026-08-18 12:50:00,59.9252,59.9289,59.9252,59.9289,396
2026-08-18 12:51:00,59.9301,59.9301,59.9301,59.9301,264
2026-08-18 12:52:00,59.935,59.9496,59.935,59.9496,1036
2026-08-18 12:53:00,59.9545,59.9593,59.9545,59.9545,4710
2026-08-18 12:54:00,59.9593,59.9593,59.9545,59.9545,509
2026-08-18 12:55:00,59.9545,59.9545,59.9447,59.9545,2379
2026-08-18 12:56:00,59.9496,59.9593,59.9496,59.9593,3541
2026-08-18 12:57:00,59.9545,59.9545,59.9545,59.9545,393
2026-08-18 12:58:00,59.9553,59.9553,59.9553,59.9553,1301
2026-08-18 12:59:00,59.9593,59.9623,59.9545,59.9545,1818
2026-08-18 13:00:00,59.9545,59.9545,59.9496,59.9545,1287
2026-08-18 13:01:00,59.9496,59.9496,59.9496,59.9496,120
2026-08-18 13:02:00,59.9545,59.9545,59.9496,59.9496,1083
2026-08-18 13:03:00,59.9447,59.9447,59.9398,59.9398,1383
2026-08-18 13:04:00,59.9398,59.9447,59.9398,59.9447,1718
2026-08-18 13:05:00,59.9496,59.9544,59.9455,59.9455,1270
2026-08-18 13:06:00,59.9447,59.9447,59.9398,59.941,1562
2026-08-18 13:07:00,59.9398,59.9447,59.9398,59.9447,958
2026-08-18 13:09:00,59.9545,59.9593,59.9545,59.9593,3514
2026-08-18 13:10:00,59.9545,59.9593,59.9545,59.9593,701
2026-08-18 13:11:00,59.9447,59.9447,59.9447,59.9447,555
2026-08-18 13:12:00,59.935,59.935,59.935,59.935,536
2026-08-18 13:13:00,59.935,59.9398,59.935,59.9398,1803
2026-08-18 13:14:00,59.9398,59.9398,59.9398,59.9398,268
2026-08-18 13:15:00,59.9398,59.9447,59.9398,59.9447,569
2026-08-18 13:16:00,59.9351,59.9351,59.9351,59.9351,361
2026-08-18 13:17:00,59.9447,59.9496,59.9252,59.9252,5123
2026-08-18 13:18:00,59.9252,59.9252,59.9252,59.9252,248
2026-08-18 13:19:00,59.9252,59.935,59.9154,59.9301,5039
2026-08-18 13:20:00,59.9252,59.9301,59.9203,59.9301,1597
2026-08-18 13:21:00,59.933,59.933,59.9252,59.9301,1170
2026-08-18 13:22:00,59.9301,59.935,59.9252,59.935,1230
2026-08-18 13:23:00,59.9301,59.935,59.9301,59.9301,1220
2026-08-18 13:24:00,59.935,59.935,59.9057,59.9252,8531
2026-08-18 13:25:00,59.9252,59.935,59.9252,59.9301,1143
2026-08-18 13:26:00,59.933,59.933,59.9301,59.9301,722
2026-08-18 13:27:00,59.935,59.9398,59.935,59.9398,1806
2026-08-18 13:28:00,59.9398,59.9398,59.935,59.9398,2294
2026-08-18 13:29:00,59.935,59.935,59.935,59.935,392
2026-08-18 13:30:00,59.935,59.9398,59.935,59.9398,814
2026-08-18 13:31:00,59.935,59.935,59.9106,59.9106,5756
2026-08-18 13:32:00,59.9106,59.9106,59.9008,59.9106,2824
2026-08-18 13:33:00,59.9057,59.9057,59.8959,59.9008,1740
2026-08-18 13:34:00,59.8862,59.891,59.8862,59.8862,1321
2026-08-18 13:35:00,59.8863,59.8863,59.8862,59.8862,535
2026-08-18 13:36:00,59.891,59.891,59.8862,59.8862,979
2026-08-18 13:37:00,59.8862,59.8959,59.8862,59.8959,2035
2026-08-18 13:38:00,59.8959,59.9008,59.8959,59.9005,534
2026-08-18 13:39:00,59.896,59.898,59.896,59.898,327
2026-08-18 13:40:00,59.9008,59.9057,59.9008,59.9008,2701
2026-08-18 13:41:00,59.9106,59.9154,59.9057,59.9154,4049
2026-08-18 13:42:00,59.9154,59.9203,59.9154,59.9154,745
2026-08-18 13:43:00,59.9154,59.9155,59.9154,59.9154,956
2026-08-18 13:44:00,59.9106,59.9154,59.9106,59.9154,564
2026-08-18 13:45:00,59.9154,59.935,59.9154,59.935,3734
2026-08-18 13:46:00,59.9398,59.9398,59.935,59.935,1707
2026-08-18 13:47:00,59.9301,59.9301,59.9301,59.9301,302
2026-08-18 13:49:00,59.9301,59.935,59.9301,59.935,2559
2026-08-18 13:51:00,59.935,59.9447,59.935,59.9351,2109
2026-08-18 13:52:00,59.9398,59.9398,59.9398,59.9398,274
2026-08-18 13:54:00,59.9437,59.9437,59.935,59.9398,1676
2026-08-18 13:55:00,59.9432,59.9432,59.935,59.935,772
2026-08-18 13:56:00,59.9398,59.9545,59.9398,59.9496,2874
2026-08-18 13:57:00,59.9496,59.9496,59.9398,59.9496,4241
2026-08-18 13:58:00,59.9447,59.9447,59.9447,59.9447,418
2026-08-18 14:00:00,59.9496,59.9496,59.9496,59.9496,760
2026-08-18 14:01:00,59.9496,59.9496,59.9496,59.9496,792
2026-08-18 14:02:00,59.9496,59.9545,59.9496,59.9545,1268
2026-08-18 14:03:00,59.9582,59.9642,59.9582,59.9642,846
2026-08-18 14:04:00,59.9545,59.9545,59.9463,59.9463,1931
2026-08-18 14:05:00,59.9447,59.9496,59.9447,59.9496,266
2026-08-18 14:06:00,59.9545,59.9545,59.935,59.9496,5221
2026-08-18 14:07:00,59.9447,59.9447,59.9447,59.9447,809
2026-08-18 14:08:00,59.9398,59.9398,59.935,59.935,258
2026-08-18 14:09:00,59.9447,59.9493,59.9447,59.9447,2248
2026-08-18 14:10:00,59.9545,59.9545,59.9496,59.9496,612
2026-08-18 14:11:00,59.9496,59.9496,59.9203,59.9203,2545
2026-08-18 14:12:00,59.9203,59.9252,59.9154,59.9252,2046
2026-08-18 14:13:00,59.9301,59.9301,59.9301,59.9301,308
2026-08-18 14:14:00,59.935,59.935,59.935,59.935,771
2026-08-18 14:15:00,59.9401,59.9401,59.9401,59.9401,397
2026-08-18 14:16:00,59.935,59.935,59.935,59.935,842
2026-08-18 14:17:00,59.935,59.9398,59.9301,59.9398,1510
2026-08-18 14:19:00,59.935,59.935,59.9254,59.9304,2091
2026-08-18 14:20:00,59.9331,59.935,59.9331,59.935,1204
2026-08-18 14:21:00,59.935,59.935,59.935,59.935,407
2026-08-18 14:22:00,59.935,59.9398,59.935,59.9398,944
2026-08-18 14:23:00,59.9398,59.9447,59.9398,59.9447,3772
2026-08-18 14:24:00,59.9496,59.9545,59.9447,59.9534,5733
2026-08-18 14:25:00,59.9447,59.9447,59.9428,59.9428,2017
2026-08-18 14:26:00,59.9398,59.9398,59.935,59.9381,1767
2026-08-18 14:27:00,59.9398,59.9398,59.9398,59.9398,180
2026-08-18 14:29:00,59.9398,59.9524,59.935,59.9524,4999
2026-08-18 14:30:00,59.9447,59.9447,59.9398,59.9398,2082
2026-08-18 14:31:00,59.9398,59.9429,59.9398,59.9429,825
2026-08-18 14:32:00,59.935,59.935,59.9203,59.9252,5540
2026-08-18 14:33:00,59.9257,59.9257,59.9154,59.9154,1626
2026-08-18 14:34:00,59.9203,59.9252,59.9203,59.9252,1026
2026-08-18 14:35:00,59.9203,59.9203,59.9154,59.9203,2086
2026-08-18 14:36:00,59.9252,59.9252,59.9156,59.9156,3803
2026-08-18 14:37:00,59.9154,59.9154,59.9008,59.9008,1998
2026-08-18 14:38:00,59.9057,59.9057,59.9057,59.9057,917
2026-08-18 14:40:00,59.9057,59.9203,59.9008,59.9154,6483
2026-08-18 14:41:00,59.9154,59.9154,59.9106,59.9106,1206
2026-08-18 14:42:00,59.9106,59.9106,59.9057,59.9057,482
2026-08-18 14:43:00,59.9106,59.9106,59.9106,59.9106,332
2026-08-18 14:44:00,59.9106,59.9106,59.9057,59.9106,1053
2026-08-18 14:45:00,59.9057,59.9057,59.891,59.891,1831
2026-08-18 14:47:00,59.8813,59.8862,59.8813,59.8862,2387
2026-08-18 14:48:00,59.8862,59.8862,59.8668,59.8715,1571
2026-08-18 14:49:00,59.8764,59.8764,59.8764,59.8764,487
2026-08-18 14:50:00,59.8764,59.8813,59.8758,59.8813,3919
2026-08-18 14:51:00,59.8862,59.9203,59.8862,59.9181,2751
2026-08-18 14:52:00,59.9203,59.9203,59.9106,59.9106,1166
2026-08-18 14:53:00,59.9067,59.9154,59.9067,59.9154,1006
2026-08-18 14:54:00,59.9106,59.9154,59.9106,59.9106,886
2026-08-18 14:55:00,59.9106,59.9106,59.9106,59.9106,579
2026-08-18 14:56:00,59.9106,59.9135,59.9057,59.907,823
2026-08-18 14:57:00,59.9057,59.9057,59.9057,59.9057,344
2026-08-18 14:58:00,59.9154,59.9154,59.9154,59.9154,346
2026-08-18 14:59:00,59.907,59.9213,59.907,59.9213,1451
2026-08-18 15:00:00,59.9154,59.9154,59.9106,59.9106,2000
2026-08-18 15:01:00,59.9057,59.9057,59.891,59.891,2445
2026-08-18 15:02:00,59.891,59.8959,59.891,59.8959,1635
2026-08-18 15:03:00,59.9008,59.9008,59.9008,59.9008,292
2026-08-18 15:04:00,59.8959,59.8959,59.8764,59.8764,3497
2026-08-18 15:05:00,59.8813,59.8862,59.8813,59.8862,1312
2026-08-18 15:06:00,59.8958,59.8959,59.8862,59.891,2746
2026-08-18 15:07:00,59.891,59.891,59.891,59.891,316
2026-08-18 15:08:00,59.891,59.891,59.8871,59.891,3375
2026-08-18 15:09:00,59.891,59.894,59.891,59.891,527
2026-08-18 15:10:00,59.891,59.891,59.891,59.891,566
2026-08-18 15:11:00,59.8862,59.8862,59.8764,59.8862,3120
2026-08-18 15:12:00,59.891,59.891,59.8862,59.891,1597
2026-08-18 15:13:00,59.891,59.891,59.8863,59.891,1029
2026-08-18 15:14:00,59.8862,59.8862,59.8862,59.8862,654
2026-08-18 15:15:00,59.8863,59.891,59.8863,59.891,752
2026-08-18 15:16:00,59.8863,59.891,59.8863,59.891,1482
2026-08-18 15:17:00,59.891,59.891,59.891,59.891,499
2026-08-18 15:18:00,59.8959,59.8959,59.891,59.891,834
2026-08-18 15:19:00,59.8863,59.8959,59.8863,59.891,648
2026-08-18 15:20:00,59.8959,59.8959,59.891,59.891,882
2026-08-18 15:21:00,59.891,59.891,59.891,59.891,770
2026-08-18 15:22:00,59.8862,59.891,59.8862,59.891,1003
2026-08-18 15:23:00,59.8862,59.891,59.8764,59.8862,11577
2026-08-18 15:24:00,59.891,59.891,59.8862,59.8862,1608
2026-08-18 15:25:00,59.891,59.9008,59.891,59.9008,2698
2026-08-18 15:26:00,59.9008,59.9008,59.891,59.8959,2191
2026-08-18 15:27:00,59.891,59.9021,59.891,59.9021,3010
2026-08-18 15:28:00,59.9057,59.9057,59.8992,59.9057,1186
2026-08-18 15:29:00,59.9008,59.9056,59.8813,59.8813,4974
2026-08-18 15:30:00,59.8813,59.891,59.8765,59.891,4280
2026-08-18 15:31:00,59.8862,59.8862,59.8667,59.8764,4820
2026-08-18 15:32:00,59.8813,59.8862,59.8789,59.8813,1728
2026-08-18 15:33:00,59.8813,59.8813,59.8813,59.8813,1588
2026-08-18 15:34:00,59.8813,59.8813,59.8771,59.8813,2798
2026-08-18 15:35:00,59.8813,59.8862,59.8813,59.8813,2585
2026-08-18 15:36:00,59.8813,59.8862,59.8813,59.8813,2018
2026-08-18 15:37:00,59.8813,59.8862,59.8775,59.8862,2301
2026-08-18 15:38:00,59.8813,59.8862,59.8765,59.8813,3272
2026-08-18 15:39:00,59.8813,59.891,59.8775,59.891,9520
2026-08-18 15:40:00,59.8958,59.8958,59.8667,59.8667,6818
2026-08-18 15:41:00,59.8715,59.8849,59.8715,59.8764,2576
2026-08-18 15:42:00,59.8862,59.8862,59.8813,59.8813,980
2026-08-18 15:43:00,59.8764,59.8813,59.8667,59.8813,8078
2026-08-18 15:44:00,59.8813,59.8813,59.8715,59.8813,6320
2026-08-18 15:45:00,59.8813,59.8813,59.8773,59.8813,1942
2026-08-18 15:46:00,59.8813,59.8813,59.8813,59.8813,1369
2026-08-18 15:47:00,59.8813,59.891,59.8715,59.891,8185
2026-08-18 15:48:00,59.891,59.9057,59.891,59.8959,4214
2026-08-18 15:49:00,59.8862,59.8862,59.8862,59.8862,377
2026-08-18 15:50:00,59.8959,59.9593,59.8957,59.9545,31191
2026-08-18 15:51:00,59.9496,59.9496,59.9398,59.9398,4982
2026-08-18 15:52:00,59.935,59.9398,59.9301,59.935,7839
2026-08-18 15:53:00,59.9447,59.9447,59.9154,59.9154,15783
2026-08-18 15:54:00,59.9154,59.9301,59.9106,59.9301,9455
2026-08-18 15:55:00,59.9398,59.9447,59.9203,59.9203,7078
2026-08-18 15:56:00,59.9203,59.935,59.9203,59.9301,12860
2026-08-18 15:57:00,59.935,59.935,59.9203,59.9301,11988
2026-08-18 15:58:00,59.9252,59.9447,59.9203,59.9398,27998
2026-08-18 15:59:00,59.9398,59.9837,59.9252,59.9545,54701
2026-08-19 09:30:00,59.7106,59.7301,59.6959,59.7106,28903
2026-08-19 09:31:00,59.7008,59.7301,59.7008,59.7301,1932
2026-08-19 09:32:00,59.7398,59.7496,59.7398,59.7398,1791
2026-08-19 09:33:00,59.7301,59.7398,59.7106,59.7106,1326
2026-08-19 09:34:00,59.7301,59.7301,59.7008,59.7008,1436
2026-08-19 09:35:00,59.691,59.7203,59.691,59.7203,3687
2026-08-19 09:36:00,59.7301,59.7301,59.7301,59.7301,532
2026-08-19 09:37:00,59.7008,59.7008,59.7008,59.7008,4581
2026-08-19 09:38:00,59.7008,59.7008,59.7008,59.7008,1039
2026-08-19 09:39:00,59.7008,59.7203,59.7008,59.7203,6152
2026-08-19 09:40:00,59.7301,59.7301,59.7203,59.7203,1606
2026-08-19 09:41:00,59.7203,59.7203,59.7106,59.7203,944
2026-08-19 09:42:00,59.7203,59.7203,59.7106,59.7106,903
2026-08-19 09:43:00,59.7203,59.7398,59.7203,59.7398,4169
2026-08-19 09:44:00,59.7593,59.7788,59.7593,59.7788,4028
2026-08-19 09:45:00,59.7788,59.7788,59.7545,59.7691,1597
2026-08-19 09:46:00,59.7691,59.7691,59.7496,59.7496,3944
2026-08-19 09:47:00,59.7606,59.7606,59.7606,59.7606,2141
2026-08-19 09:48:00,59.7611,59.7788,59.7611,59.7788,815
2026-08-19 09:50:00,59.7788,59.7886,59.7788,59.7886,381
2026-08-19 09:51:00,59.7886,59.7886,59.7788,59.7788,514
2026-08-19 09:52:00,59.7703,59.7788,59.7703,59.7788,562
2026-08-19 09:54:00,59.7984,59.8276,59.7984,59.8179,6906
2026-08-19 09:56:00,59.7886,59.7886,59.7886,59.7886,475
2026-08-19 09:57:00,59.7915,59.7915,59.7915,59.7915,433
2026-08-19 09:58:00,59.7788,59.7881,59.7788,59.7881,844
2026-08-19 09:59:00,59.7837,59.8081,59.7837,59.8081,705
2026-08-19 10:00:00,59.7984,59.7984,59.7691,59.7886,5772
2026-08-19 10:01:00,59.7897,59.7897,59.7788,59.7788,2499
2026-08-19 10:02:00,59.7788,59.7788,59.7593,59.7593,2950
2026-08-19 10:03:00,59.7496,59.7496,59.7398,59.7398,1782
2026-08-19 10:04:00,59.7398,59.7496,59.7398,59.7496,1755
2026-08-19 10:05:00,59.7545,59.7593,59.7349,59.7447,6200
2026-08-19 10:06:00,59.7301,59.7398,59.7301,59.7398,1459
2026-08-19 10:07:00,59.7398,59.7496,59.7398,59.7398,898
2026-08-19 10:08:00,59.7447,59.7447,59.7203,59.7301,980
2026-08-19 10:09:00,59.7301,59.7386,59.7301,59.7349,1214
2026-08-19 10:10:00,59.7301,59.7301,59.7106,59.7106,3487
2026-08-19 10:11:00,59.7106,59.7203,59.6959,59.6959,2073
2026-08-19 10:12:00,59.7009,59.7301,59.7009,59.7301,5489
2026-08-19 10:13:00,59.7301,59.7301,59.7008,59.7301,4192
2026-08-19 10:14:00,59.7447,59.7447,59.7398,59.7398,347
2026-08-19 10:15:00,59.7593,59.7593,59.7496,59.7545,791
2026-08-19 10:16:00,59.7593,59.7593,59.7398,59.7496,5064
2026-08-19 10:17:00,59.7496,59.7593,59.7496,59.7593,669
2026-08-19 10:18:00,59.7496,59.7496,59.7301,59.7301,1498
2026-08-19 10:20:00,59.7301,59.7349,59.7301,59.7349,917
2026-08-19 10:21:00,59.7398,59.7398,59.7312,59.7398,3086
2026-08-19 10:22:00,59.7398,59.7398,59.7349,59.7398,990
2026-08-19 10:23:00,59.7496,59.7593,59.7496,59.7593,942
2026-08-19 10:24:00,59.7496,59.7691,59.7496,59.7691,4563
2026-08-19 10:25:00,59.7837,59.7984,59.7837,59.7984,596
2026-08-19 10:26:00,59.8032,59.8081,59.7896,59.7984,2492
2026-08-19 10:27:00,59.7788,59.7788,59.7691,59.7788,1334
2026-08-19 10:28:00,59.7886,59.808,59.7886,59.8079,6632
2026-08-19 10:29:00,59.7984,59.7984,59.7935,59.7935,702
2026-08-19 10:30:00,59.7935,59.7984,59.7886,59.7886,2512
2026-08-19 10:31:00,59.7985,59.7985,59.7985,59.7985,608
2026-08-19 10:33:00,59.8081,59.8169,59.8081,59.8169,1028
2026-08-19 10:34:00,59.8179,59.8179,59.813,59.813,968
2026-08-19 10:35:00,59.8179,59.8179,59.8179,59.8179,836
2026-08-19 10:36:00,59.8081,59.8179,59.8081,59.8179,3194
2026-08-19 10:37:00,59.813,59.8374,59.813,59.8374,2458
2026-08-19 10:38:00,59.8276,59.8374,59.8276,59.8276,4554
2026-08-19 10:39:00,59.8228,59.8276,59.8113,59.8168,3305
2026-08-19 10:40:00,59.8179,59.8276,59.8179,59.8276,2345
2026-08-19 10:41:00,59.8179,59.8179,59.813,59.813,1992
2026-08-19 10:42:00,59.8179,59.8325,59.8179,59.8325,2317
2026-08-19 10:43:00,59.8276,59.8374,59.8276,59.8374,511
2026-08-19 10:44:00,59.8374,59.8374,59.8276,59.8276,282
2026-08-19 10:45:00,59.8277,59.8325,59.8276,59.8325,1432
2026-08-19 10:46:00,59.8349,59.8471,59.8325,59.8471,2672
2026-08-19 10:47:00,59.8471,59.8471,59.8228,59.8276,6453
2026-08-19 10:49:00,59.8384,59.8471,59.8384,59.8471,1206
2026-08-19 10:50:00,59.8374,59.8471,59.8374,59.8423,2585
2026-08-19 10:51:00,59.8471,59.8471,59.8471,59.8471,2640
2026-08-19 10:52:00,59.8471,59.853,59.8374,59.8471,3004
2026-08-19 10:53:00,59.8471,59.8569,59.8471,59.852,14495
2026-08-19 10:54:00,59.8569,59.891,59.8569,59.8667,6131
2026-08-19 10:55:00,59.8667,59.8667,59.8618,59.8667,839
2026-08-19 10:56:00,59.8667,59.8667,59.8569,59.8569,1540
2026-08-19 10:57:00,59.8569,59.8569,59.8471,59.8471,2294
2026-08-19 10:58:00,59.8423,59.8423,59.8423,59.8423,216
2026-08-19 10:59:00,59.8388,59.8569,59.8388,59.8471,3314
2026-08-19 11:00:00,59.8374,59.8374,59.8276,59.8374,803
2026-08-19 11:01:00,59.8374,59.8374,59.8374,59.8374,1450
2026-08-19 11:02:00,59.8374,59.8423,59.8276,59.8276,1348
2026-08-19 11:03:00,59.8277,59.8277,59.8277,59.8277,575
2026-08-19 11:04:00,59.8374,59.8374,59.8353,59.8374,1017
2026-08-19 11:05:00,59.8471,59.8667,59.8471,59.8667,2326
2026-08-19 11:06:00,59.8618,59.8764,59.8618,59.8764,2022
2026-08-19 11:07:00,59.8862,59.8862,59.8764,59.8764,1052
2026-08-19 11:08:00,59.8862,59.8949,59.8862,59.8862,1010
2026-08-19 11:09:00,59.8862,59.891,59.8764,59.8764,3760
2026-08-19 11:10:00,59.8764,59.8764,59.8592,59.8618,1875
2026-08-19 11:11:00,59.8667,59.8764,59.8618,59.8764,1738
2026-08-19 11:12:00,59.8715,59.8764,59.8667,59.8715,2024
2026-08-19 11:13:00,59.8764,59.8862,59.8764,59.8862,816
2026-08-19 11:14:00,59.8862,59.8862,59.8667,59.8667,685
2026-08-19 11:15:00,59.8569,59.8569,59.8569,59.8569,321
2026-08-19 11:16:00,59.8569,59.8618,59.852,59.8569,1742
2026-08-19 11:17:00,59.8569,59.8764,59.8569,59.8764,1757
2026-08-19 11:18:00,59.8764,59.8764,59.8667,59.8667,1115
2026-08-19 11:19:00,59.8569,59.8569,59.8492,59.8492,934
2026-08-19 11:20:00,59.8547,59.8569,59.8471,59.8471,1846
2026-08-19 11:21:00,59.8569,59.8569,59.8471,59.8471,2157
2026-08-19 11:22:00,59.8471,59.852,59.8423,59.8471,2016
2026-08-19 11:23:00,59.8471,59.8471,59.8374,59.8471,805
2026-08-19 11:24:00,59.8471,59.8471,59.8423,59.8423,1011
2026-08-19 11:25:00,59.8471,59.8471,59.8471,59.8471,679
2026-08-19 11:26:00,59.8568,59.8569,59.8471,59.8471,2136
2026-08-19 11:27:00,59.8423,59.8423,59.8325,59.8325,951
2026-08-19 11:28:00,59.8374,59.8374,59.8276,59.8276,4341
2026-08-19 11:29:00,59.8276,59.8423,59.8276,59.8276,9611
2026-08-19 11:30:00,59.8325,59.8423,59.8276,59.8423,1980
2026-08-19 11:31:00,59.8471,59.8471,59.8374,59.8471,4824
2026-08-19 11:32:00,59.8471,59.8569,59.8471,59.8569,3656
2026-08-19 11:33:00,59.8667,59.8862,59.8667,59.8862,2120
2026-08-19 11:34:00,59.8862,59.9447,59.8862,59.9223,19336
2026-08-19 11:35:00,59.9545,59.9545,59.9252,59.935,9014
2026-08-19 11:36:00,59.935,59.935,59.9252,59.9301,5712
2026-08-19 11:37:00,59.9301,59.9301,59.9252,59.9301,868
2026-08-19 11:38:00,59.935,59.935,59.935,59.935,582
2026-08-19 11:39:00,59.935,59.9447,59.9252,59.9447,1732
2026-08-19 11:40:00,59.9398,59.9447,59.9301,59.9301,1370
2026-08-19 11:41:00,59.9252,59.9301,59.9252,59.9301,941
2026-08-19 11:42:00,59.9301,59.9398,59.9252,59.9398,1063
2026-08-19 11:43:00,59.9398,59.9447,59.9398,59.9447,953
2026-08-19 11:45:00,59.935,59.9447,59.935,59.9447,915
2026-08-19 11:46:00,59.9496,59.9496,59.9447,59.9447,1297
2026-08-19 11:47:00,59.9496,59.9496,59.9398,59.9398,848
2026-08-19 11:48:00,59.9359,59.9496,59.935,59.9398,1844
2026-08-19 11:49:00,59.9447,59.9496,59.9447,59.9496,482
2026-08-19 11:50:00,59.9447,59.9545,59.9447,59.9545,1137
2026-08-19 11:51:00,59.9593,59.9593,59.9593,59.9593,301
2026-08-19 11:52:00,59.9545,59.9545,59.9447,59.9447,416
2026-08-19 11:53:00,59.9545,59.9545,59.9545,59.9545,518
2026-08-19 11:54:00,59.9593,59.9642,59.9545,59.9642,2385
2026-08-19 11:55:00,59.974,59.974,59.974,59.974,461
2026-08-19 11:56:00,59.9748,59.9935,59.9748,59.9837,936
2026-08-19 11:58:00,59.9886,59.9886,59.9837,59.9837,538
2026-08-19 11:59:00,59.9755,59.9755,59.9755,59.9755,503
2026-08-19 12:00:00,59.9742,59.9742,59.9642,59.9642,1503
2026-08-19 12:01:00,59.9642,59.9759,59.9642,59.9759,864
2026-08-19 12:02:00,59.9593,59.9593,59.9593,59.9593,257
2026-08-19 12:03:00,59.9545,59.9545,59.9545,59.9545,563
2026-08-19 12:05:00,59.9545,59.9545,59.9496,59.9496,902
2026-08-19 12:06:00,59.9545,59.9545,59.9398,59.9398,1255
2026-08-19 12:07:00,59.935,59.935,59.9203,59.9203,2171
2026-08-19 12:08:00,59.9203,59.9252,59.9203,59.9252,2065
2026-08-19 12:09:00,59.9155,59.9155,59.9155,59.9155,139
2026-08-19 12:10:00,59.9252,59.9352,59.9252,59.935,3067
2026-08-19 12:12:00,59.935,59.935,59.935,59.935,400
2026-08-19 12:13:00,59.9252,59.9447,59.9252,59.9447,2094
2026-08-19 12:14:00,59.9496,59.9498,59.9461,59.9496,5293
2026-08-19 12:15:00,59.9496,59.9496,59.9398,59.9398,4070
2026-08-19 12:16:00,59.9398,59.9447,59.935,59.935,1300
2026-08-19 12:17:00,59.9252,59.9301,59.9252,59.9301,723
2026-08-19 12:18:00,59.9301,59.9301,59.9252,59.9252,937
2026-08-19 12:19:00,59.926,59.926,59.9159,59.9203,1179
2026-08-19 12:20:00,59.9203,59.9252,59.9203,59.9203,1099
2026-08-19 12:21:00,59.9203,59.9203,59.9203,59.9203,152
2026-08-19 12:22:00,59.9203,59.9252,59.9081,59.9106,2230
2026-08-19 12:24:00,59.9106,59.9106,59.9106,59.9106,445
2026-08-19 12:25:00,59.9106,59.9154,59.9106,59.9154,1383
2026-08-19 12:26:00,59.9252,59.9252,59.9154,59.9203,1030
2026-08-19 12:27:00,59.9166,59.9252,59.9155,59.9203,2531
2026-08-19 12:29:00,59.9175,59.9252,59.9175,59.9203,563
2026-08-19 12:30:00,59.9301,59.935,59.9252,59.9252,2680
2026-08-19 12:31:00,59.9252,59.935,59.9203,59.9301,1595
2026-08-19 12:32:00,59.9271,59.9301,59.9271,59.9301,611
2026-08-19 12:33:00,59.9301,59.9301,59.9267,59.9267,989
2026-08-19 12:34:00,59.9301,59.935,59.9252,59.935,747
2026-08-19 12:35:00,59.935,59.935,59.926,59.9301,2519
2026-08-19 12:36:00,59.935,59.935,59.935,59.935,416
2026-08-19 12:37:00,59.9301,59.9398,59.9301,59.9398,1612
2026-08-19 12:38:00,59.9368,59.9368,59.9368,59.9368,241
2026-08-19 12:39:00,59.9447,59.9496,59.9398,59.9496,1816
2026-08-19 12:40:00,59.9496,59.9496,59.9447,59.9496,1582
2026-08-19 12:41:00,59.9496,59.9496,59.9398,59.9398,1347
2026-08-19 12:43:00,59.9272,59.9301,59.9252,59.9301,3516
2026-08-19 12:44:00,59.935,59.9398,59.935,59.9398,1041
2026-08-19 12:45:00,59.9301,59.9301,59.9154,59.9252,1061
2026-08-19 12:46:00,59.9252,59.9301,59.9252,59.9301,560
2026-08-19 12:47:00,59.9301,59.9301,59.9252,59.9291,1237
2026-08-19 12:49:00,59.9301,59.935,59.9301,59.935,560
2026-08-19 12:50:00,59.935,59.935,59.9252,59.9252,1969
2026-08-19 12:51:00,59.9348,59.9348,59.9348,59.9348,659
2026-08-19 12:52:00,59.9252,59.9252,59.9203,59.9203,691
2026-08-19 12:53:00,59.9154,59.9203,59.9106,59.9154,1369
2026-08-19 12:54:00,59.9154,59.9301,59.9154,59.9301,1279
2026-08-19 12:55:00,59.9301,59.9301,59.9154,59.9154,988
2026-08-19 12:56:00,59.9154,59.9203,59.9154,59.9203,1155
2026-08-19 12:58:00,59.9301,59.9301,59.9252,59.9252,1240
2026-08-19 12:59:00,59.9155,59.9157,59.9106,59.9106,1901
2026-08-19 13:00:00,59.8959,59.8959,59.8764,59.8764,2574
2026-08-19 13:01:00,59.8862,59.8959,59.8862,59.8959,1480
2026-08-19 13:02:00,59.8862,59.8862,59.8764,59.8764,736
2026-08-19 13:04:00,59.8667,59.8667,59.8667,59.8667,553
2026-08-19 13:05:00,59.8668,59.8668,59.8569,59.8569,561
2026-08-19 13:06:00,59.8569,59.8667,59.852,59.8667,2698
2026-08-19 13:08:00,59.8667,59.8667,59.8667,59.8667,1511
2026-08-19 13:10:00,59.8618,59.8667,59.8618,59.8667,1239
2026-08-19 13:11:00,59.8667,59.8667,59.857,59.857,762
2026-08-19 13:12:00,59.8569,59.8569,59.8569,59.8569,339
2026-08-19 13:13:00,59.8576,59.8576,59.8576,59.8576,547
2026-08-19 13:14:00,59.8667,59.8667,59.852,59.8569,1415
2026-08-19 13:15:00,59.8569,59.8569,59.8569,59.8569,521
2026-08-19 13:16:00,59.8618,59.8618,59.8569,59.8569,614
2026-08-19 13:17:00,59.8569,59.8569,59.8471,59.8569,1029
2026-08-19 13:18:00,59.8618,59.8618,59.8618,59.8618,359
2026-08-19 13:19:00,59.8582,59.8667,59.8582,59.8667,1979
2026-08-19 13:20:00,59.8862,59.9008,59.8862,59.8959,813
2026-08-19 13:21:00,59.8862,59.8862,59.8862,59.8862,1050
2026-08-19 13:22:00,59.8813,59.8862,59.8813,59.8862,1504
2026-08-19 13:23:00,59.8715,59.8764,59.8715,59.8764,466
2026-08-19 13:25:00,59.8767,59.8862,59.8767,59.8862,466
2026-08-19 13:26:00,59.8765,59.8765,59.8765,59.8765,1085
2026-08-19 13:27:00,59.8813,59.8813,59.8764,59.8764,851
2026-08-19 13:29:00,59.868,59.8764,59.868,59.8764,1308
2026-08-19 13:30:00,59.8862,59.8959,59.8862,59.8959,1199
2026-08-19 13:32:00,59.8862,59.8862,59.8862,59.8862,602
2026-08-19 13:33:00,59.8862,59.8862,59.8862,59.8862,811
2026-08-19 13:34:00,59.8862,59.8862,59.8862,59.8862,1470
2026-08-19 13:35:00,59.8785,59.8862,59.8785,59.8862,1150
2026-08-19 13:36:00,59.8959,59.9008,59.8959,59.9008,833
2026-08-19 13:38:00,59.891,59.891,59.891,59.891,1217
2026-08-19 13:39:00,59.8945,59.8945,59.8945,59.8945,282
2026-08-19 13:40:00,59.8959,59.8959,59.8959,59.8959,1048
2026-08-19 13:41:00,59.898,59.898,59.898,59.898,217
2026-08-19 13:42:00,59.8959,59.8959,59.8959,59.8959,762
2026-08-19 13:43:00,59.8875,59.8875,59.8875,59.8875,501
2026-08-19 13:44:00,59.8959,59.8959,59.8959,59.8959,449
2026-08-19 13:45:00,59.891,59.891,59.8862,59.8862,607
2026-08-19 13:46:00,59.891,59.9154,59.891,59.9154,3635
2026-08-19 13:47:00,59.9203,59.9203,59.9203,59.9203,506
2026-08-19 13:48:00,59.9165,59.9203,59.9165,59.9203,996
2026-08-19 13:49:00,59.9154,59.9203,59.9106,59.9106,2916
2026-08-19 13:50:00,59.9106,59.9106,59.9106,59.9106,564
2026-08-19 13:51:00,59.9154,59.9154,59.9104,59.9104,411
2026-08-19 13:52:00,59.9154,59.9154,59.9154,59.9154,217
2026-08-19 13:53:00,59.9106,59.9154,59.9106,59.9106,1284
2026-08-19 13:54:00,59.9154,59.9203,59.9154,59.9203,1767
2026-08-19 13:55:00,59.9203,59.9203,59.9067,59.9106,734
2026-08-19 13:56:00,59.9154,59.9154,59.9106,59.9106,1958
2026-08-19 13:57:00,59.9106,59.9106,59.896,59.9008,1342
2026-08-19 13:58:00,59.9008,59.9008,59.9008,59.9008,662
2026-08-19 13:59:00,59.8959,59.9057,59.8959,59.9057,1584
2026-08-19 14:00:00,59.9057,59.9154,59.9057,59.9154,1456
2026-08-19 14:03:00,59.9169,59.9301,59.9169,59.9301,2017
2026-08-19 14:05:00,59.9253,59.9301,59.9252,59.9301,648
2026-08-19 14:06:00,59.935,59.935,59.9252,59.9252,1582
2026-08-19 14:07:00,59.9203,59.9203,59.9203,59.9203,446
2026-08-19 14:08:00,59.9154,59.9325,59.9154,59.9301,3801
2026-08-19 14:09:00,59.9301,59.935,59.9301,59.935,2008
2026-08-19 14:10:00,59.9398,59.9398,59.9398,59.9398,542
2026-08-19 14:11:00,59.9447,59.9447,59.9447,59.9447,927
2026-08-19 14:12:00,59.9447,59.9496,59.9447,59.9447,1291
2026-08-19 14:13:00,59.9496,59.9642,59.9496,59.9642,2634
2026-08-19 14:14:00,59.9545,59.9545,59.9545,59.9545,753
2026-08-19 14:15:00,59.9642,59.9642,59.9642,59.9642,2659
2026-08-19 14:16:00,59.9642,59.9642,59.9545,59.9593,1372
2026-08-19 14:17:00,59.9545,59.9545,59.9545,59.9545,408
2026-08-19 14:18:00,59.9642,59.9652,59.9642,59.9652,762
2026-08-19 14:19:00,59.9691,59.974,59.9654,59.974,1311
2026-08-19 14:21:00,59.9837,60.0032,59.9837,60.0032,1805
2026-08-19 14:22:00,59.9984,59.9984,59.9984,59.9984,422
2026-08-19 14:23:00,60.0032,60.013,60.0032,60.013,1910
2026-08-19 14:24:00,60.013,60.013,60.013,60.013,599
2026-08-19 14:25:00,60.0032,60.0081,60.0032,60.0081,644
2026-08-19 14:26:00,60.0032,60.0032,60.0032,60.0032,207
2026-08-19 14:27:00,60.0032,60.0038,60.0032,60.0038,634
2026-08-19 14:28:00,59.9935,60.0032,59.9935,59.9935,4339
2026-08-19 14:29:00,59.9935,59.9935,59.9856,59.9856,1228
2026-08-19 14:30:00,59.9837,59.9837,59.974,59.9837,1728
2026-08-19 14:31:00,59.9837,59.9837,59.9789,59.9789,490
2026-08-19 14:32:00,59.9741,59.9789,59.9741,59.9789,493
2026-08-19 14:33:00,59.9642,59.9642,59.9642,59.9642,889
2026-08-19 14:34:00,59.9545,59.9545,59.9447,59.9447,557
2026-08-19 14:35:00,59.9496,59.9545,59.9496,59.9545,699
2026-08-19 14:36:00,59.9447,59.9545,59.9447,59.948,1361
2026-08-19 14:37:00,59.9447,59.9496,59.9447,59.9496,887
2026-08-19 14:38:00,59.9447,59.9447,59.9374,59.9447,1209
2026-08-19 14:39:00,59.935,59.9398,59.935,59.9398,702
2026-08-19 14:40:00,59.9351,59.9398,59.9351,59.9398,2289
2026-08-19 14:41:00,59.9398,59.9447,59.9271,59.9271,4975
2026-08-19 14:42:00,59.9252,59.9301,59.9057,59.9106,7488
2026-08-19 14:43:00,59.9154,59.9154,59.9154,59.9154,1643
2026-08-19 14:44:00,59.9154,59.9154,59.9154,59.9154,339
2026-08-19 14:45:00,59.9057,59.9057,59.8985,59.8985,471
2026-08-19 14:46:00,59.891,59.8959,59.8862,59.8959,2230
2026-08-19 14:47:00,59.9008,59.9154,59.9008,59.9154,2411
2026-08-19 14:48:00,59.918,59.9203,59.9058,59.9106,3732
2026-08-19 14:49:00,59.9154,59.9154,59.9068,59.9068,596
2026-08-19 14:50:00,59.9057,59.9154,59.9057,59.9106,1086
2026-08-19 14:51:00,59.9154,59.9155,59.9154,59.9155,873
2026-08-19 14:52:00,59.9154,59.9154,59.9154,59.9154,1503
2026-08-19 14:53:00,59.9106,59.9106,59.8959,59.8961,1169
2026-08-19 14:54:00,59.9057,59.9066,59.9008,59.9057,4676
2026-08-19 14:55:00,59.9106,59.9106,59.8959,59.9008,2204
2026-08-19 14:56:00,59.9057,59.9057,59.897,59.9008,1353
2026-08-19 14:57:00,59.9049,59.9049,59.9049,59.9049,591
2026-08-19 14:58:00,59.9057,59.9106,59.9057,59.9057,2011
2026-08-19 14:59:00,59.9008,59.9008,59.8959,59.9008,1518
2026-08-19 15:00:00,59.9008,59.9008,59.8959,59.8979,1136
2026-08-19 15:01:00,59.8959,59.9008,59.8959,59.9008,1319
2026-08-19 15:02:00,59.9057,59.9057,59.9057,59.9057,264
2026-08-19 15:03:00,59.9056,59.9056,59.8959,59.9008,2010
2026-08-19 15:04:00,59.9008,59.9008,59.9008,59.9008,233
2026-08-19 15:05:00,59.9057,59.9057,59.9057,59.9057,468
2026-08-19 15:06:00,59.9057,59.915,59.9057,59.915,3073
2026-08-19 15:07:00,59.9154,59.9203,59.9106,59.9203,5247
2026-08-19 15:08:00,59.9252,59.9252,59.9106,59.9106,2654
2026-08-19 15:09:00,59.9063,59.9106,59.9063,59.907,2900
2026-08-19 15:10:00,59.9057,59.9057,59.9008,59.9008,777
2026-08-19 15:11:00,59.8959,59.9154,59.8959,59.9106,1182
2026-08-19 15:12:00,59.9154,59.9154,59.9154,59.9154,463
2026-08-19 15:13:00,59.9154,59.9154,59.9057,59.9106,1116
2026-08-19 15:14:00,59.8979,59.9008,59.8979,59.9008,572
2026-08-19 15:15:00,59.9057,59.9203,59.9057,59.9106,2405
2026-08-19 15:16:00,59.9154,59.9154,59.8959,59.8959,1161
2026-08-19 15:17:00,59.8862,59.8959,59.8862,59.8959,3013
2026-08-19 15:18:00,59.8959,59.8959,59.8959,59.8959,281
2026-08-19 15:19:00,59.9057,59.9154,59.9057,59.9154,2284
2026-08-19 15:20:00,59.9252,59.9252,59.9252,59.9252,1104
2026-08-19 15:21:00,59.9301,59.9301,59.9154,59.9154,3866
2026-08-19 15:22:00,59.9252,59.9252,59.9203,59.9203,1253
2026-08-19 15:23:00,59.9252,59.9398,59.9252,59.9398,2798
2026-08-19 15:24:00,59.9398,59.9398,59.9398,59.9398,1293
2026-08-19 15:25:00,59.9398,59.9447,59.9398,59.9447,658
2026-08-19 15:26:00,59.9447,59.9496,59.9447,59.9447,2239
2026-08-19 15:27:00,59.935,59.935,59.9252,59.9252,924
2026-08-19 15:28:00,59.9252,59.9301,59.9252,59.9252,917
2026-08-19 15:29:00,59.935,59.9398,59.935,59.935,1698
2026-08-19 15:30:00,59.935,59.9351,59.935,59.9351,1023
2026-08-19 15:31:00,59.9447,59.9496,59.9301,59.9301,4933
2026-08-19 15:32:00,59.9252,59.935,59.8862,59.8862,26729
2026-08-19 15:33:00,59.891,59.8959,59.8862,59.891,7566
2026-08-19 15:34:00,59.8862,59.891,59.8862,59.8862,2488
2026-08-19 15:35:00,59.893,59.893,59.8667,59.8667,11912
2026-08-19 15:36:00,59.8667,59.8715,59.8471,59.8471,10674
2026-08-19 15:37:00,59.852,59.852,59.8374,59.8374,3119
2026-08-19 15:38:00,59.8374,59.8471,59.8374,59.8374,4761
2026-08-19 15:39:00,59.8423,59.8471,59.8374,59.8423,4809
2026-08-19 15:40:00,59.8423,59.8423,59.8374,59.8374,2235
2026-08-19 15:41:00,59.8374,59.8374,59.8276,59.8276,3952
2026-08-19 15:42:00,59.8276,59.8276,59.8179,59.8179,5454
2026-08-19 15:43:00,59.8179,59.8208,59.813,59.819,5739
2026-08-19 15:44:00,59.8179,59.8179,59.8081,59.8179,3433
2026-08-19 15:45:00,59.8179,59.8325,59.8179,59.8276,5120
2026-08-19 15:46:00,59.8179,59.8228,59.813,59.8228,5461
2026-08-19 15:47:00,59.8179,59.8325,59.8179,59.8325,2286
2026-08-19 15:48:00,59.8276,59.8276,59.8179,59.8179,2756
2026-08-19 15:49:00,59.8179,59.8179,59.8081,59.813,8953
2026-08-19 15:50:00,59.8276,59.8374,59.8228,59.8325,8318
2026-08-19 15:51:00,59.8374,59.8423,59.8325,59.8423,5671
2026-08-19 15:52:00,59.8471,59.852,59.8423,59.8471,10149
2026-08-19 15:53:00,59.8471,59.8569,59.8374,59.8374,4069
2026-08-19 15:54:00,59.8423,59.8569,59.8423,59.852,8381
2026-08-19 15:55:00,59.852,59.8569,59.8471,59.8471,2799
2026-08-19 15:56:00,59.8471,59.8569,59.8471,59.852,21592
2026-08-19 15:57:00,59.852,59.8618,59.8423,59.852,19705
2026-08-19 15:58:00,59.852,59.8569,59.8374,59.8374,29253
2026-08-19 15:59:00,59.8374,59.8667,59.8228,59.8667,50918
2026-08-20 09:30:00,60.0715,60.1398,60.052,60.1301,25396
2026-08-20 09:31:00,60.1398,60.1398,60.1301,60.1301,9066
2026-08-20 09:32:00,60.1301,60.1789,60.1301,60.174,4446
2026-08-20 09:33:00,60.1691,60.1691,60.1398,60.1691,1940
2026-08-20 09:34:00,60.1691,60.1691,60.1691,60.1691,1883
2026-08-20 09:35:00,60.1789,60.1935,60.1594,60.1594,3863
2026-08-20 09:36:00,60.1429,60.1429,60.1106,60.1106,3726
2026-08-20 09:37:00,60.1203,60.1301,60.1203,60.1203,3493
2026-08-20 09:38:00,60.1106,60.1106,60.1106,60.1106,996
2026-08-20 09:39:00,60.1008,60.1008,60.1008,60.1008,445
2026-08-20 09:40:00,60.0911,60.1057,60.0813,60.0911,8100
2026-08-20 09:41:00,60.1106,60.1106,60.1008,60.1057,8794
2026-08-20 09:42:00,60.1008,60.1106,60.1008,60.1057,1167
2026-08-20 09:44:00,60.1203,60.135,60.1203,60.135,861
2026-08-20 09:45:00,60.135,60.1447,60.1106,60.1155,4303
2026-08-20 09:46:00,60.1155,60.1155,60.1008,60.1008,2094
2026-08-20 09:47:00,60.1106,60.1106,60.1008,60.1008,2426
2026-08-20 09:48:00,60.1106,60.1106,60.1106,60.1106,454
2026-08-20 09:50:00,60.1106,60.1106,60.1106,60.1106,740
2026-08-20 09:51:00,60.1106,60.1203,60.1106,60.1155,2202
2026-08-20 09:52:00,60.1155,60.1203,60.1155,60.1203,3440
2026-08-20 09:53:00,60.1155,60.1397,60.1155,60.1397,3269
2026-08-20 09:54:00,60.1301,60.1301,60.1155,60.1155,4187
2026-08-20 09:55:00,60.1057,60.1252,60.1057,60.1203,4933
2026-08-20 09:56:00,60.1203,60.1301,60.1203,60.1252,846
2026-08-20 09:57:00,60.1252,60.1301,60.1252,60.1252,2253
2026-08-20 09:58:00,60.1252,60.1447,60.1252,60.1447,2713
2026-08-20 09:59:00,60.1447,60.1496,60.1447,60.1496,4412
2026-08-20 10:00:00,60.1398,60.1447,60.0959,60.1106,9707
2026-08-20 10:01:00,60.1057,60.1203,60.0862,60.0862,4517
2026-08-20 10:02:00,60.0813,60.0862,60.0667,60.0667,1883
2026-08-20 10:03:00,60.0667,60.0715,60.0179,60.0423,10926
2026-08-20 10:04:00,60.052,60.052,60.0325,60.0374,6776
2026-08-20 10:05:00,60.0374,60.0374,60.0179,60.0179,4372
2026-08-20 10:06:00,60.0179,60.0179,59.9886,59.9984,3869
2026-08-20 10:07:00,60.0032,60.0081,60.0032,60.0081,2133
2026-08-20 10:08:00,60.0081,60.0081,59.9447,59.9447,7944
2026-08-20 10:09:00,59.9252,59.9252,59.8618,59.8862,7424
2026-08-20 10:10:00,59.9057,59.9301,59.9057,59.9252,3186
2026-08-20 10:11:00,59.9301,59.9593,59.9301,59.9593,2784
2026-08-20 10:12:00,59.9641,59.9642,59.9545,59.9545,1840
2026-08-20 10:13:00,59.9642,59.9642,59.9496,59.9593,1549
2026-08-20 10:14:00,59.9593,59.9789,59.9545,59.9789,2867
2026-08-20 10:15:00,59.9789,60.0032,59.974,59.9984,3494
2026-08-20 10:16:00,60.013,60.013,60.0032,60.0032,1488
2026-08-20 10:17:00,60.0032,60.013,60.0032,60.0032,1625
2026-08-20 10:18:00,60.013,60.013,60.0032,60.0032,859
2026-08-20 10:19:00,60.0032,60.0032,59.9837,59.9837,1356
2026-08-20 10:20:00,59.9984,59.9984,59.9789,59.9886,2007
2026-08-20 10:21:00,59.9837,60.0081,59.9837,60.0081,1883
2026-08-20 10:22:00,60.013,60.0325,60.013,60.0228,1751
2026-08-20 10:23:00,60.0228,60.0374,60.0228,60.0228,2361
2026-08-20 10:24:00,60.0412,60.0472,60.0412,60.0423,1474
2026-08-20 10:25:00,60.0325,60.0423,60.0325,60.0423,798
2026-08-20 10:26:00,60.0325,60.0374,60.0276,60.0276,1894
2026-08-20 10:27:00,60.0228,60.0325,60.0228,60.0325,2102
2026-08-20 10:28:00,60.0228,60.0276,60.0228,60.0228,1099
2026-08-20 10:29:00,60.0179,60.0179,60.0032,60.0032,1687
2026-08-20 10:30:00,60.0081,60.0276,59.9935,60.0228,3518
2026-08-20 10:31:00,60.0179,60.0374,60.0179,60.0374,1226
2026-08-20 10:32:00,60.0374,60.0618,60.0325,60.0569,2466
2026-08-20 10:33:00,60.0583,60.0583,60.0228,60.0325,3611
2026-08-20 10:34:00,60.0276,60.0276,60.0228,60.0276,1014
2026-08-20 10:35:00,60.0228,60.0228,59.9935,60.0081,3887
2026-08-20 10:36:00,60.0081,60.0276,60.0032,60.0276,2840
2026-08-20 10:37:00,60.0276,60.0374,60.0228,60.0374,3189
2026-08-20 10:38:00,60.0472,60.0472,60.0325,60.0374,3680
2026-08-20 10:39:00,60.0374,60.0423,60.0325,60.0325,2200
2026-08-20 10:40:00,60.0276,60.0374,60.0276,60.0325,2670
2026-08-20 10:41:00,60.0374,60.052,60.0325,60.0472,2395
2026-08-20 10:42:00,60.0423,60.0569,60.0423,60.0569,1221
2026-08-20 10:43:00,60.0813,60.0911,60.0764,60.0813,2712
2026-08-20 10:44:00,60.0862,60.0862,60.0715,60.0813,6525
2026-08-20 10:45:00,60.0764,60.0764,60.0618,60.0667,2833
2026-08-20 10:46:00,60.0569,60.0667,60.0472,60.0569,4143
2026-08-20 10:47:00,60.0532,60.0764,60.0532,60.0764,1111
2026-08-20 10:48:00,60.0764,60.0764,60.052,60.052,6759
2026-08-20 10:49:00,60.052,60.052,60.0423,60.0423,1077
2026-08-20 10:50:00,60.0374,60.0472,60.0179,60.0179,18799
2026-08-20 10:51:00,60.013,60.0228,60.0069,60.0179,2936
2026-08-20 10:52:00,60.0228,60.0325,60.0179,60.0228,18079
2026-08-20 10:53:00,60.0228,60.0276,60.0179,60.0228,4805
2026-08-20 10:54:00,60.0228,60.0423,60.0228,60.0423,2574
2026-08-20 10:55:00,60.0472,60.0618,60.0423,60.0423,6785
2026-08-20 10:56:00,60.0374,60.052,60.0374,60.0423,1833
2026-08-20 10:57:00,60.0423,60.052,60.0338,60.052,1529
2026-08-20 10:58:00,60.0618,60.0618,60.0569,60.0569,2596
2026-08-20 10:59:00,60.052,60.052,60.0423,60.052,2028
2026-08-20 11:00:00,60.0472,60.0472,60.0325,60.0325,811
2026-08-20 11:01:00,60.0325,60.0472,60.0325,60.0472,1988
2026-08-20 11:02:00,60.052,60.0618,60.052,60.0618,3187
2026-08-20 11:03:00,60.0532,60.0862,60.0532,60.0862,1753
2026-08-20 11:04:00,60.0813,60.0911,60.0813,60.0907,2029
2026-08-20 11:05:00,60.0911,60.1106,60.0911,60.1057,3172
2026-08-20 11:06:00,60.1008,60.1008,60.0911,60.0911,2653
2026-08-20 11:07:00,60.1008,60.1252,60.1008,60.1252,1017
2026-08-20 11:08:00,60.1203,60.135,60.1203,60.135,434
2026-08-20 11:09:00,60.1398,60.1447,60.1301,60.1396,5743
2026-08-20 11:10:00,60.1398,60.1447,60.135,60.135,2321
2026-08-20 11:11:00,60.1398,60.1447,60.1398,60.1398,2069
2026-08-20 11:12:00,60.1447,60.1496,60.1435,60.1496,867
2026-08-20 11:13:00,60.1447,60.1447,60.1447,60.1447,902
2026-08-20 11:14:00,60.1301,60.1398,60.1301,60.1301,1300
2026-08-20 11:15:00,60.1301,60.1301,60.1106,60.1252,5792
2026-08-20 11:16:00,60.1252,60.1252,60.1008,60.1057,3353
2026-08-20 11:17:00,60.1008,60.1008,60.0911,60.0911,5710
2026-08-20 11:18:00,60.1008,60.1057,60.1008,60.1008,4594
2026-08-20 11:19:00,60.1057,60.1057,60.0959,60.1044,2928
2026-08-20 11:20:00,60.1106,60.1179,60.1106,60.1155,1559
2026-08-20 11:21:00,60.1203,60.1252,60.1155,60.1252,2494
2026-08-20 11:22:00,60.1252,60.1301,60.1203,60.1301,2730
2026-08-20 11:23:00,60.1271,60.1271,60.1203,60.1203,2018
2026-08-20 11:24:00,60.1252,60.1252,60.1203,60.1203,2333
2026-08-20 11:25:00,60.1203,60.1398,60.1203,60.1398,4474
2026-08-20 11:26:00,60.1496,60.1642,60.1398,60.1398,5882
2026-08-20 11:27:00,60.1447,60.1496,60.1447,60.1496,2646
2026-08-20 11:28:00,60.1594,60.1837,60.1594,60.1594,9499
2026-08-20 11:29:00,60.1642,60.1789,60.1545,60.174,3856
2026-08-20 11:30:00,60.174,60.174,60.1496,60.1496,3444
2026-08-20 11:31:00,60.1545,60.1886,60.1545,60.1886,8519
2026-08-20 11:32:00,60.1984,60.1984,60.1935,60.1984,6087
2026-08-20 11:33:00,60.1935,60.1984,60.1886,60.1984,5365
2026-08-20 11:34:00,60.2033,60.2764,60.2033,60.2569,65926
2026-08-20 11:35:00,60.2764,60.2959,60.2374,60.252,49469
2026-08-20 11:36:00,60.252,60.2764,60.252,60.2764,3603
2026-08-20 11:37:00,60.2813,60.2959,60.2667,60.2911,10317
2026-08-20 11:38:00,60.2911,60.2911,60.2667,60.2716,4656
2026-08-20 11:39:00,60.2764,60.2911,60.2764,60.2862,4858
2026-08-20 11:40:00,60.2862,60.3008,60.2862,60.2959,2481
2026-08-20 11:41:00,60.3057,60.3106,60.3057,60.3057,2054
2026-08-20 11:42:00,60.3155,60.3252,60.3106,60.3106,1476
2026-08-20 11:43:00,60.3066,60.3106,60.2765,60.2765,2999
2026-08-20 11:44:00,60.2813,60.2813,60.2764,60.2764,608
2026-08-20 11:45:00,60.2569,60.2911,60.2569,60.2862,1972
2026-08-20 11:46:00,60.2842,60.2842,60.2716,60.2716,1457
2026-08-20 11:47:00,60.2716,60.2716,60.2472,60.252,1744
2026-08-20 11:48:00,60.252,60.2569,60.2472,60.252,2208
2026-08-20 11:49:00,60.252,60.2618,60.2482,60.2618,2246
2026-08-20 11:50:00,60.252,60.252,60.2423,60.252,2067
2026-08-20 11:51:00,60.2423,60.2423,60.2374,60.2374,830
2026-08-20 11:52:00,60.2423,60.2423,60.2387,60.2423,1608
2026-08-20 11:53:00,60.2423,60.2472,60.2423,60.2423,1611
2026-08-20 11:54:00,60.252,60.252,60.2472,60.252,2087
2026-08-20 11:55:00,60.2423,60.2472,60.2375,60.2375,843
2026-08-20 11:56:00,60.2423,60.2423,60.2179,60.2228,12716
2026-08-20 11:57:00,60.2081,60.2081,60.2081,60.2081,314
2026-08-20 11:58:00,60.2179,60.2277,60.2179,60.2277,1468
2026-08-20 11:59:00,60.2297,60.2472,60.2297,60.2472,1586
2026-08-20 12:00:00,60.2325,60.2374,60.2325,60.2374,809
2026-08-20 12:01:00,60.2374,60.2374,60.2277,60.2277,3485
2026-08-20 12:02:00,60.2228,60.2228,60.1984,60.2081,3793
2026-08-20 12:03:00,60.2081,60.213,60.2081,60.2081,671
2026-08-20 12:04:00,60.2081,60.2081,60.2033,60.2033,1147
2026-08-20 12:05:00,60.2033,60.214,60.1984,60.213,2478
2026-08-20 12:06:00,60.2082,60.2143,60.2082,60.2143,996
2026-08-20 12:07:00,60.213,60.2179,60.2033,60.2081,1202
2026-08-20 12:08:00,60.2033,60.213,60.2033,60.213,567
2026-08-20 12:09:00,60.213,60.213,60.213,60.213,441
2026-08-20 12:10:00,60.2081,60.213,60.2081,60.213,1590
2026-08-20 12:11:00,60.2179,60.2277,60.2179,60.2277,1135
2026-08-20 12:12:00,60.2179,60.2228,60.213,60.2228,1852
2026-08-20 12:13:00,60.2277,60.2325,60.2277,60.2277,1796
2026-08-20 12:14:00,60.2179,60.2325,60.2179,60.2325,4834
2026-08-20 12:15:00,60.2325,60.2325,60.2228,60.2228,1262
2026-08-20 12:17:00,60.2228,60.2277,60.2228,60.2277,581
2026-08-20 12:18:00,60.2228,60.2228,60.218,60.218,596
2026-08-20 12:19:00,60.2179,60.2228,60.2179,60.2179,8822
2026-08-20 12:20:00,60.2228,60.2277,60.2179,60.2277,2658
2026-08-20 12:21:00,60.2277,60.2325,60.2277,60.2277,984
2026-08-20 12:22:00,60.2374,60.2423,60.2374,60.2374,1583
2026-08-20 12:23:00,60.2423,60.2423,60.2325,60.2325,1205
2026-08-20 12:24:00,60.2423,60.2423,60.2423,60.2423,540
2026-08-20 12:25:00,60.2472,60.252,60.2472,60.252,944
2026-08-20 12:26:00,60.252,60.2618,60.2472,60.2618,8121
2026-08-20 12:27:00,60.2569,60.2667,60.2569,60.2618,912
2026-08-20 12:28:00,60.2618,60.2618,60.2569,60.2618,2982
2026-08-20 12:29:00,60.2667,60.2813,60.2667,60.2764,2463
2026-08-20 12:30:00,60.2716,60.2716,60.2678,60.2716,1628
2026-08-20 12:31:00,60.2716,60.2716,60.2716,60.2716,1031
2026-08-20 12:32:00,60.2716,60.2716,60.2618,60.2618,1135
2026-08-20 12:33:00,60.2569,60.2569,60.2569,60.2569,2151
2026-08-20 12:34:00,60.2667,60.2716,60.2667,60.2716,340
2026-08-20 12:35:00,60.2764,60.2764,60.2764,60.2764,532
2026-08-20 12:36:00,60.2862,60.2862,60.2716,60.2716,749
2026-08-20 12:37:00,60.2667,60.2667,60.2667,60.2667,458
2026-08-20 12:38:00,60.2569,60.2618,60.2569,60.2569,1049
2026-08-20 12:39:00,60.252,60.2569,60.2472,60.252,1510
2026-08-20 12:40:00,60.2569,60.2618,60.2569,60.2569,2813
2026-08-20 12:41:00,60.2569,60.2618,60.2423,60.2618,4675
2026-08-20 12:42:00,60.2569,60.2618,60.2569,60.2618,3617
2026-08-20 12:43:00,60.2604,60.2667,60.2604,60.2667,612
2026-08-20 12:44:00,60.2667,60.2667,60.2667,60.2667,401
2026-08-20 12:45:00,60.2569,60.2571,60.2569,60.2571,755
2026-08-20 12:46:00,60.2667,60.2716,60.2667,60.2667,2929
2026-08-20 12:47:00,60.2588,60.2716,60.2588,60.2716,1003
2026-08-20 12:48:00,60.2716,60.2716,60.2716,60.2716,528
2026-08-20 12:49:00,60.2716,60.2813,60.2716,60.2813,2945
2026-08-20 12:50:00,60.2813,60.2813,60.2716,60.2716,839
2026-08-20 12:51:00,60.2716,60.2813,60.2716,60.2813,967
2026-08-20 12:52:00,60.2764,60.2813,60.2764,60.2813,481
2026-08-20 12:53:00,60.2764,60.2813,60.2764,60.2813,1642
2026-08-20 12:54:00,60.2813,60.2862,60.2813,60.2813,4374
2026-08-20 12:55:00,60.2813,60.2862,60.2813,60.2862,3146
2026-08-20 12:56:00,60.2911,60.2911,60.2862,60.2862,526
2026-08-20 12:57:00,60.2862,60.2862,60.2813,60.2862,1138
2026-08-20 12:58:00,60.2813,60.2813,60.2813,60.2813,340
2026-08-20 12:59:00,60.2862,60.2959,60.2862,60.2959,1045
2026-08-20 13:00:00,60.2911,60.2911,60.2813,60.2862,2239
2026-08-20 13:01:00,60.2862,60.2862,60.2862,60.2862,373
2026-08-20 13:03:00,60.2911,60.2911,60.2862,60.2862,1447
2026-08-20 13:04:00,60.2959,60.3008,60.2911,60.2911,1601
2026-08-20 13:05:00,60.2911,60.2911,60.2862,60.2911,1491
2026-08-20 13:06:00,60.2911,60.2911,60.2862,60.2862,914
2026-08-20 13:07:00,60.2813,60.2959,60.2813,60.2959,1288
2026-08-20 13:09:00,60.3008,60.3008,60.3008,60.3008,158
2026-08-20 13:10:00,60.3008,60.3106,60.3008,60.3057,2655
2026-08-20 13:11:00,60.2959,60.3008,60.2959,60.3008,2585
2026-08-20 13:12:00,60.2959,60.3013,60.2911,60.3008,1197
2026-08-20 13:13:00,60.3008,60.3008,60.3008,60.3008,2451
2026-08-20 13:14:00,60.3008,60.3008,60.2959,60.2959,1205
2026-08-20 13:15:00,60.2911,60.2959,60.2911,60.2959,1077
2026-08-20 13:16:00,60.3008,60.3008,60.3008,60.3008,382
2026-08-20 13:17:00,60.305,60.3057,60.305,60.3057,733
2026-08-20 13:18:00,60.3033,60.3057,60.2959,60.3008,1421
2026-08-20 13:20:00,60.3057,60.3152,60.3057,60.3106,1778
2026-08-20 13:21:00,60.3106,60.3155,60.2959,60.2959,2293
2026-08-20 13:22:00,60.3008,60.3057,60.3008,60.3008,2534
2026-08-20 13:23:00,60.3008,60.3008,60.2959,60.2959,1441
2026-08-20 13:24:00,60.2973,60.2973,60.2911,60.2911,1846
2026-08-20 13:25:00,60.2911,60.2911,60.2813,60.2862,1126
2026-08-20 13:26:00,60.2911,60.3008,60.2911,60.3008,1048
2026-08-20 13:27:00,60.3008,60.3008,60.3008,60.3008,244
2026-08-20 13:28:00,60.3057,60.3057,60.2959,60.3008,1334
2026-08-20 13:29:00,60.3008,60.3008,60.2964,60.2964,391
2026-08-20 13:30:00,60.2959,60.3008,60.2911,60.3008,3666
2026-08-20 13:31:00,60.3008,60.3008,60.2969,60.2969,1194
2026-08-20 13:32:00,60.3008,60.3008,60.2959,60.3008,1186
2026-08-20 13:33:00,60.2959,60.2959,60.2813,60.2813,1795
2026-08-20 13:34:00,60.2862,60.2911,60.2813,60.2911,1728
2026-08-20 13:35:00,60.2862,60.2911,60.2784,60.2862,785
2026-08-20 13:36:00,60.2764,60.2764,60.2716,60.2716,1897
2026-08-20 13:37:00,60.2716,60.2716,60.2716,60.2716,611
2026-08-20 13:38:00,60.2764,60.2813,60.2764,60.2813,2390
2026-08-20 13:39:00,60.2813,60.2813,60.2813,60.2813,320
2026-08-20 13:40:00,60.2764,60.2813,60.2716,60.2764,1786
2026-08-20 13:41:00,60.2667,60.2716,60.2667,60.2716,880
2026-08-20 13:42:00,60.2716,60.2716,60.2716,60.2716,803
2026-08-20 13:44:00,60.2764,60.2813,60.2716,60.2716,1414
2026-08-20 13:45:00,60.2764,60.2813,60.2764,60.2813,2491
2026-08-20 13:46:00,60.2862,60.2862,60.2775,60.2813,949
2026-08-20 13:47:00,60.2813,60.2959,60.2716,60.2716,6117
2026-08-20 13:48:00,60.2813,60.2911,60.2813,60.2862,3876
2026-08-20 13:49:00,60.2813,60.2861,60.2716,60.2813,3611
2026-08-20 13:50:00,60.2813,60.2911,60.2813,60.2862,3130
2026-08-20 13:51:00,60.2862,60.2862,60.2764,60.2813,1943
2026-08-20 13:52:00,60.2813,60.2813,60.2764,60.2813,1552
2026-08-20 13:53:00,60.2764,60.2764,60.2678,60.2716,3512
2026-08-20 13:54:00,60.2667,60.2764,60.2667,60.2716,1405
2026-08-20 13:55:00,60.2764,60.2813,60.2764,60.2813,1340
2026-08-20 13:56:00,60.2764,60.2813,60.2716,60.2813,9213
2026-08-20 13:57:00,60.2813,60.3057,60.2813,60.2862,5814
2026-08-20 13:58:00,60.2862,60.2911,60.2862,60.2862,3659
2026-08-20 13:59:00,60.2813,60.2911,60.2813,60.2862,2835
2026-08-20 14:00:00,60.2959,60.3155,60.2959,60.3155,5527
2026-08-20 14:01:00,60.3203,60.3252,60.298,60.3106,4985
2026-08-20 14:02:00,60.3106,60.3106,60.3106,60.3106,1787
2026-08-20 14:03:00,60.3106,60.3252,60.3106,60.3203,4882
2026-08-20 14:04:00,60.3203,60.3496,60.3203,60.3486,24500
2026-08-20 14:05:00,60.3447,60.3447,60.3301,60.335,6572
2026-08-20 14:06:00,60.335,60.3447,60.3203,60.3203,10145
2026-08-20 14:07:00,60.335,60.335,60.3301,60.3301,2700
2026-08-20 14:08:00,60.3301,60.3301,60.3252,60.3301,681
2026-08-20 14:09:00,60.3252,60.3399,60.3252,60.3399,2393
2026-08-20 14:10:00,60.3496,60.3496,60.3447,60.3447,657
2026-08-20 14:11:00,60.3447,60.3447,60.3447,60.3447,1725
2026-08-20 14:12:00,60.3447,60.3457,60.3399,60.3399,2738
2026-08-20 14:13:00,60.3399,60.3399,60.3252,60.3301,2359
2026-08-20 14:14:00,60.335,60.3447,60.335,60.3447,1673
2026-08-20 14:15:00,60.3447,60.3496,60.3447,60.3447,881
2026-08-20 14:16:00,60.3458,60.3496,60.335,60.3399,1910
2026-08-20 14:17:00,60.3447,60.3447,60.335,60.3399,1005
2026-08-20 14:18:00,60.335,60.3399,60.3301,60.3301,1486
2026-08-20 14:19:00,60.335,60.3399,60.335,60.335,1233
2026-08-20 14:20:00,60.335,60.335,60.3271,60.335,1070
2026-08-20 14:21:00,60.3301,60.3301,60.3301,60.3301,337
2026-08-20 14:22:00,60.335,60.3399,60.3301,60.3399,1814
2026-08-20 14:23:00,60.3399,60.3496,60.3399,60.3496,3220
2026-08-20 14:24:00,60.3496,60.3594,60.3496,60.3594,5401
2026-08-20 14:25:00,60.3642,60.3789,60.3594,60.3789,5534
2026-08-20 14:26:00,60.374,60.3838,60.3691,60.3789,1865
2026-08-20 14:27:00,60.3789,60.3789,60.3652,60.3652,4042
2026-08-20 14:28:00,60.374,60.3789,60.374,60.3789,2694
2026-08-20 14:29:00,60.3789,60.3886,60.3789,60.3886,2432
2026-08-20 14:30:00,60.3838,60.3984,60.3838,60.3886,5287
2026-08-20 14:31:00,60.3838,60.3886,60.374,60.3789,3205
2026-08-20 14:32:00,60.3838,60.3838,60.3642,60.3642,5407
2026-08-20 14:33:00,60.3642,60.374,60.3545,60.3642,3037
2026-08-20 14:34:00,60.3691,60.3691,60.3691,60.3691,783
2026-08-20 14:35:00,60.3691,60.3789,60.3642,60.3789,9742
2026-08-20 14:36:00,60.374,60.3838,60.374,60.3838,2498
2026-08-20 14:37:00,60.3838,60.3838,60.3789,60.3789,916
2026-08-20 14:38:00,60.3789,60.3789,60.3642,60.3642,1925
2026-08-20 14:39:00,60.3545,60.3642,60.3521,60.3545,4190
2026-08-20 14:40:00,60.3594,60.3594,60.3545,60.3594,3453
2026-08-20 14:41:00,60.3642,60.3642,60.3447,60.3545,4490
2026-08-20 14:42:00,60.3546,60.3594,60.3545,60.3545,3203
2026-08-20 14:43:00,60.3496,60.3496,60.3448,60.3496,1439
2026-08-20 14:44:00,60.3496,60.3691,60.3496,60.3691,1404
2026-08-20 14:45:00,60.3691,60.374,60.3594,60.374,1420
2026-08-20 14:46:00,60.3691,60.374,60.3642,60.3691,3319
2026-08-20 14:47:00,60.3691,60.3691,60.3642,60.3691,1373
2026-08-20 14:48:00,60.3691,60.3691,60.3594,60.3642,2035
2026-08-20 14:49:00,60.3642,60.3642,60.3594,60.3594,1807
2026-08-20 14:50:00,60.3545,60.3545,60.3496,60.3545,2032
2026-08-20 14:51:00,60.3594,60.3594,60.3496,60.3496,1132
2026-08-20 14:52:00,60.3496,60.3594,60.3457,60.3594,7923
2026-08-20 14:53:00,60.3594,60.3594,60.3594,60.3594,678
2026-08-20 14:54:00,60.3594,60.3691,60.3564,60.3691,1606
2026-08-20 14:55:00,60.3691,60.3691,60.3577,60.3594,3799
2026-08-20 14:56:00,60.3642,60.3691,60.3545,60.3594,4546
2026-08-20 14:57:00,60.3545,60.3691,60.3545,60.3546,4442
2026-08-20 14:58:00,60.3557,60.3594,60.3447,60.3496,7641
2026-08-20 14:59:00,60.3545,60.3545,60.3463,60.3496,1018
2026-08-20 15:00:00,60.3545,60.3594,60.335,60.3399,3811
2026-08-20 15:01:00,60.335,60.344,60.3301,60.3399,6243
2026-08-20 15:02:00,60.335,60.3399,60.3252,60.3301,1585
2026-08-20 15:03:00,60.3301,60.335,60.3203,60.3252,3062
2026-08-20 15:04:00,60.3301,60.3399,60.3252,60.3399,3282
2026-08-20 15:05:00,60.3399,60.3545,60.335,60.3447,2722
2026-08-20 15:06:00,60.3399,60.3399,60.335,60.335,831
2026-08-20 15:07:00,60.3155,60.3155,60.3057,60.3057,2434
2026-08-20 15:08:00,60.3155,60.3186,60.3057,60.3106,4594
2026-08-20 15:09:00,60.3057,60.3106,60.3008,60.3106,2152
2026-08-20 15:10:00,60.3155,60.3252,60.3155,60.3252,1140
2026-08-20 15:11:00,60.3203,60.3203,60.3106,60.3155,1898
2026-08-20 15:12:00,60.3057,60.3057,60.3057,60.3057,428
2026-08-20 15:13:00,60.3155,60.3213,60.3106,60.3213,3224
2026-08-20 15:14:00,60.3203,60.3301,60.3203,60.3252,3336
2026-08-20 15:15:00,60.3203,60.3203,60.3106,60.3106,3364
2026-08-20 15:16:00,60.3106,60.3106,60.3057,60.3057,2164
2026-08-20 15:17:00,60.3057,60.3057,60.2863,60.2959,7005
2026-08-20 15:18:00,60.2911,60.3057,60.2906,60.3057,2614
2026-08-20 15:19:00,60.2959,60.2959,60.2862,60.2862,3622
2026-08-20 15:20:00,60.2862,60.2862,60.2716,60.2764,4225
2026-08-20 15:21:00,60.2764,60.2764,60.2569,60.2716,19423
2026-08-20 15:22:00,60.2667,60.2667,60.252,60.252,1771
2026-08-20 15:23:00,60.2472,60.252,60.2228,60.2277,22179
2026-08-20 15:24:00,60.2228,60.2374,60.2228,60.2277,7276
2026-08-20 15:25:00,60.2277,60.2325,60.2277,60.2325,527
2026-08-20 15:26:00,60.2277,60.2472,60.2277,60.2472,4281
2026-08-20 15:27:00,60.2375,60.2375,60.2325,60.2325,1478
2026-08-20 15:28:00,60.2374,60.2472,60.2374,60.2471,7040
2026-08-20 15:29:00,60.2423,60.2423,60.2374,60.2374,2513
2026-08-20 15:30:00,60.2374,60.2374,60.2081,60.2081,14888
2026-08-20 15:31:00,60.2033,60.2081,60.1886,60.1935,7204
2026-08-20 15:32:00,60.1935,60.1935,60.1789,60.1886,6847
2026-08-20 15:33:00,60.1837,60.1935,60.174,60.174,15092
2026-08-20 15:34:00,60.1691,60.1691,60.1594,60.1594,5679
2026-08-20 15:35:00,60.1594,60.1642,60.1545,60.1594,15632
2026-08-20 15:36:00,60.1496,60.1642,60.1447,60.1642,8427
2026-08-20 15:37:00,60.1594,60.1691,60.1594,60.1595,6732
2026-08-20 15:38:00,60.1603,60.161,60.1545,60.1594,6057
2026-08-20 15:39:00,60.1642,60.1721,60.1595,60.1721,7099
2026-08-20 15:40:00,60.1789,60.1789,60.1789,60.1789,3656
2026-08-20 15:41:00,60.1691,60.1886,60.1691,60.1886,10976
2026-08-20 15:42:00,60.1925,60.1935,60.1925,60.1935,663
2026-08-20 15:43:00,60.1886,60.1935,60.1789,60.1935,9174
2026-08-20 15:44:00,60.1935,60.1935,60.1886,60.1886,1259
2026-08-20 15:45:00,60.1886,60.1886,60.1789,60.1886,4178
2026-08-20 15:46:00,60.1789,60.1789,60.171,60.171,10067
2026-08-20 15:47:00,60.174,60.1801,60.1691,60.1801,13309
2026-08-20 15:48:00,60.1789,60.1789,60.1691,60.174,4236
2026-08-20 15:49:00,60.174,60.1886,60.174,60.1886,10025
2026-08-20 15:50:00,60.1886,60.2277,60.1886,60.213,8785
2026-08-20 15:51:00,60.213,60.2325,60.213,60.2325,7252
2026-08-20 15:52:00,60.2374,60.2618,60.2374,60.2618,4333
2026-08-20 15:53:00,60.2569,60.2569,60.2277,60.2472,11926
2026-08-20 15:54:00,60.2472,60.252,60.2423,60.2472,5142
2026-08-20 15:55:00,60.2472,60.2716,60.2472,60.2716,6804
2026-08-20 15:56:00,60.2716,60.2911,60.2716,60.2862,16236
2026-08-20 15:57:00,60.2764,60.2862,60.2764,60.2862,2703
2026-08-20 15:58:00,60.2813,60.2959,60.2569,60.2862,39295
2026-08-20 15:59:00,60.2911,60.2959,60.2764,60.2959,18164
2026-08-21 09:30:00,61.3692,61.4375,61.3399,61.4131,119355
2026-08-21 09:31:00,61.418,61.5643,61.3887,61.5643,85595
2026-08-21 09:32:00,61.5741,61.6424,61.5546,61.6424,58107
2026-08-21 09:33:00,61.6424,61.6521,61.6131,61.6228,46223
2026-08-21 09:34:00,61.6326,61.6326,61.5253,61.5253,10691
2026-08-21 09:35:00,61.496,61.496,61.4477,61.4667,7553
2026-08-21 09:36:00,61.4667,61.4765,61.4375,61.4472,6132
2026-08-21 09:37:00,61.457,61.496,61.4519,61.4765,10223
2026-08-21 09:38:00,61.4765,61.4814,61.4662,61.4667,8225
2026-08-21 09:39:00,61.4667,61.4716,61.457,61.4667,4488
2026-08-21 09:40:00,61.4667,61.4863,61.4375,61.4375,5507
2026-08-21 09:41:00,61.4375,61.4472,61.4277,61.4277,8771
2026-08-21 09:42:00,61.4277,61.4716,61.4228,61.4667,17045
2026-08-21 09:43:00,61.4667,61.4911,61.4667,61.4716,11717
2026-08-21 09:44:00,61.4667,61.4667,61.418,61.4277,9230
2026-08-21 09:45:00,61.4375,61.4472,61.4082,61.4228,27362
2026-08-21 09:46:00,61.418,61.4326,61.3984,61.3984,11806
2026-08-21 09:47:00,61.3936,61.3984,61.3838,61.3887,3445
2026-08-21 09:48:00,61.3887,61.3984,61.3594,61.3887,16462
2026-08-21 09:49:00,61.3936,61.3936,61.3692,61.3741,6541
2026-08-21 09:50:00,61.3692,61.3936,61.3692,61.3789,9467
2026-08-21 09:51:00,61.3838,61.3887,61.3741,61.3741,5231
2026-08-21 09:52:00,61.3789,61.3789,61.3399,61.3497,6456
2026-08-21 09:53:00,61.3497,61.3497,61.3302,61.335,4159
2026-08-21 09:54:00,61.3399,61.3789,61.3399,61.3692,8016
2026-08-21 09:55:00,61.3594,61.3789,61.3594,61.3692,5566
2026-08-21 09:56:00,61.3692,61.3692,61.3302,61.3302,7374
2026-08-21 09:57:00,61.3204,61.3448,61.3204,61.3399,6374
2026-08-21 09:58:00,61.3399,61.3545,61.3399,61.3497,7368
2026-08-21 09:59:00,61.3497,61.3497,61.3302,61.335,10238
2026-08-21 10:00:00,61.3497,61.3545,61.3107,61.3399,16048
2026-08-21 10:01:00,61.3399,61.3692,61.335,61.3594,10125
2026-08-21 10:02:00,61.3594,61.3789,61.3594,61.3789,15954
2026-08-21 10:03:00,61.3789,61.3838,61.3497,61.3545,4857
2026-08-21 10:04:00,61.3497,61.3545,61.3106,61.3106,5355
2026-08-21 10:05:00,61.3155,61.3302,61.2998,61.3302,11990
2026-08-21 10:06:00,61.335,61.335,61.3009,61.3106,3477
2026-08-21 10:07:00,61.3058,61.3058,61.2518,61.257,16006
2026-08-21 10:08:00,61.2593,61.2862,61.2521,61.2862,5057
2026-08-21 10:09:00,61.2862,61.2911,61.2619,61.2814,5905
2026-08-21 10:10:00,61.2814,61.2862,61.2716,61.2765,7413
2026-08-21 10:11:00,61.2716,61.2814,61.2424,61.2472,10976
2026-08-21 10:12:00,61.2472,61.2862,61.2472,61.2716,3605
2026-08-21 10:13:00,61.2667,61.2765,61.2521,61.2521,3001
2026-08-21 10:14:00,61.2667,61.2667,61.2423,61.2521,3060
2026-08-21 10:15:00,61.2521,61.2619,61.2423,61.2423,5048
2026-08-21 10:16:00,61.2423,61.2765,61.2423,61.2765,2322
2026-08-21 10:17:00,61.2716,61.2716,61.2228,61.2277,17595
2026-08-21 10:18:00,61.2277,61.2277,61.2131,61.2179,2174
2026-08-21 10:19:00,61.2131,61.2228,61.2033,61.2131,14206
2026-08-21 10:20:00,61.2082,61.2131,61.1936,61.1936,15024
2026-08-21 10:21:00,61.1887,61.1936,61.1556,61.1594,11215
2026-08-21 10:22:00,61.1643,61.1643,61.135,61.1399,11658
2026-08-21 10:23:00,61.1399,61.1399,61.1057,61.1106,14896
2026-08-21 10:24:00,61.1155,61.1155,61.096,61.1009,9939
2026-08-21 10:25:00,61.1009,61.1448,61.1009,61.1389,15343
2026-08-21 10:26:00,61.1448,61.1545,61.1448,61.1497,6532
2026-08-21 10:27:00,61.1545,61.1545,61.1383,61.1399,15734
2026-08-21 10:28:00,61.1399,61.1545,61.1204,61.1204,14637
2026-08-21 10:29:00,61.1204,61.1204,61.1204,61.1204,1127
2026-08-21 10:30:00,61.1253,61.1301,61.1106,61.1155,19239
2026-08-21 10:31:00,61.1155,61.135,61.1106,61.135,5778
2026-08-21 10:32:00,61.135,61.135,61.125,61.1253,6535
2026-08-21 10:33:00,61.1253,61.1399,61.1154,61.135,9445
2026-08-21 10:34:00,61.135,61.135,61.1009,61.1155,31293
2026-08-21 10:35:00,61.1155,61.1253,61.0814,61.0862,38722
2026-08-21 10:36:00,61.0911,61.0911,61.0716,61.0814,15935
2026-08-21 10:37:00,61.0814,61.1692,61.0814,61.1448,27403
2026-08-21 10:38:00,61.1399,61.174,61.135,61.174,23052
2026-08-21 10:39:00,61.1643,61.1936,61.1643,61.1789,14803
2026-08-21 10:40:00,61.1789,61.1789,61.1301,61.1301,32293
2026-08-21 10:41:00,61.1301,61.135,61.1253,61.135,11859
2026-08-21 10:42:00,61.1448,61.1545,61.135,61.1399,12687
2026-08-21 10:43:00,61.1399,61.1448,61.1155,61.1204,11527
2026-08-21 10:44:00,61.1253,61.135,61.1204,61.1204,7456
2026-08-21 10:45:00,61.1253,61.1301,61.1155,61.1155,3514
2026-08-21 10:46:00,61.1204,61.1253,61.1155,61.1253,5548
2026-08-21 10:47:00,61.1204,61.1301,61.1204,61.1253,3766
2026-08-21 10:48:00,61.1252,61.1349,61.1252,61.1301,7731
2026-08-21 10:49:00,61.1301,61.1448,61.1253,61.135,16061
2026-08-21 10:50:00,61.135,61.1399,61.1253,61.133,8033
2026-08-21 10:51:00,61.1292,61.1545,61.1292,61.1545,4703
2026-08-21 10:52:00,61.1497,61.1594,61.1497,61.1545,7801
2026-08-21 10:53:00,61.1545,61.1887,61.1545,61.1837,8182
2026-08-21 10:54:00,61.1789,61.1887,61.174,61.1887,5843
2026-08-21 10:55:00,61.1838,61.1936,61.1838,61.1936,15873
2026-08-21 10:56:00,61.1887,61.2179,61.1887,61.2082,18278
2026-08-21 10:57:00,61.2033,61.2228,61.2033,61.2082,22164
2026-08-21 10:58:00,61.2082,61.2131,61.1887,61.2082,16799
2026-08-21 10:59:00,61.2082,61.2082,61.1936,61.2033,20161
2026-08-21 11:00:00,61.1936,61.1984,61.1838,61.1936,12403
2026-08-21 11:01:00,61.1936,61.1936,61.1643,61.1643,15158
2026-08-21 11:02:00,61.1643,61.1789,61.1399,61.1411,12039
2026-08-21 11:03:00,61.1399,61.1448,61.1253,61.1399,9557
2026-08-21 11:04:00,61.135,61.1448,61.135,61.136,7857
2026-08-21 11:05:00,61.135,61.1399,61.1106,61.1152,7841
2026-08-21 11:06:00,61.1106,61.135,61.1106,61.135,22080
2026-08-21 11:07:00,61.1301,61.1301,61.1253,61.1253,4334
2026-08-21 11:08:00,61.1155,61.1204,61.0911,61.096,9725
2026-08-21 11:09:00,61.096,61.1009,61.0862,61.0911,5691
2026-08-21 11:10:00,61.0911,61.0911,61.0667,61.0862,11914
2026-08-21 11:11:00,61.0765,61.1009,61.0765,61.1009,12485
2026-08-21 11:12:00,61.096,61.096,61.0814,61.0814,2500
2026-08-21 11:13:00,61.0814,61.096,61.0814,61.0911,2694
2026-08-21 11:14:00,61.096,61.1399,61.096,61.135,5748
2026-08-21 11:15:00,61.1301,61.1301,61.096,61.096,4472
2026-08-21 11:16:00,61.096,61.1155,61.0862,61.0862,4798
2026-08-21 11:17:00,61.0765,61.1057,61.0765,61.0862,7673
2026-08-21 11:18:00,61.0911,61.1155,61.0911,61.1155,9874
2026-08-21 11:19:00,61.1155,61.1155,61.096,61.1009,13568
2026-08-21 11:20:00,61.1009,61.1057,61.0814,61.096,13889
2026-08-21 11:21:00,61.0911,61.096,61.0667,61.0667,9099
2026-08-21 11:22:00,61.0618,61.0862,61.057,61.0862,5797
2026-08-21 11:23:00,61.0765,61.0814,61.0618,61.0667,8101
2026-08-21 11:24:00,61.0814,61.0814,61.0765,61.0814,2117
2026-08-21 11:25:00,61.0862,61.1155,61.0862,61.0911,10338
2026-08-21 11:26:00,61.0911,61.096,61.0862,61.096,4983
2026-08-21 11:27:00,61.096,61.1204,61.096,61.1155,6029
2026-08-21 11:28:00,61.1155,61.1497,61.1155,61.1448,18606
2026-08-21 11:29:00,61.1448,61.1643,61.1399,61.1448,15458
2026-08-21 11:30:00,61.135,61.1448,61.1253,61.135,6740
2026-08-21 11:31:00,61.1399,61.1497,61.1399,61.1497,1556
2026-08-21 11:32:00,61.1643,61.1789,61.1643,61.174,2015
2026-08-21 11:33:00,61.1789,61.2033,61.1789,61.1936,6283
2026-08-21 11:34:00,61.1887,61.1984,61.135,61.1448,9082
2026-08-21 11:35:00,61.1448,61.1545,61.1301,61.1301,25402
2026-08-21 11:36:00,61.1254,61.1545,61.1204,61.1204,14803
2026-08-21 11:37:00,61.1155,61.1301,61.1057,61.1253,283279
2026-08-21 11:38:00,61.1155,61.1204,61.1057,61.1057,5121
2026-08-21 11:39:00,61.1155,61.1204,61.1009,61.1204,3375
2026-08-21 11:40:00,61.1155,61.1204,61.0911,61.0911,4729
2026-08-21 11:41:00,61.0911,61.0911,61.0472,61.0472,64825
2026-08-21 11:42:00,61.0375,61.0472,61.0277,61.0423,5013
2026-08-21 11:43:00,61.0375,61.0531,61.0375,61.0531,5976
2026-08-21 11:44:00,61.0472,61.0473,61.0375,61.0472,5125
2026-08-21 11:45:00,61.0423,61.0911,61.0423,61.0911,5245
2026-08-21 11:46:00,61.0862,61.0862,61.0862,61.0862,2024
2026-08-21 11:47:00,61.0862,61.0911,61.057,61.0618,7729
2026-08-21 11:48:00,61.057,61.057,61.0326,61.0326,2712
2026-08-21 11:49:00,61.0228,61.134,61.0033,61.0228,158617
2026-08-21 11:50:00,61.0277,61.0521,61.0228,61.0375,7760
2026-08-21 11:51:00,61.0375,61.0472,61.0326,61.0472,2344
2026-08-21 11:52:00,61.0483,61.0667,61.0483,61.0618,2976
2026-08-21 11:53:00,61.057,61.0618,61.0521,61.0618,4903
2026-08-21 11:54:00,61.0667,61.0667,61.057,61.0618,5096
2026-08-21 11:55:00,61.057,61.057,61.0423,61.0423,3504
2026-08-21 11:56:00,61.0472,61.0667,61.0423,61.0618,12087
2026-08-21 11:57:00,61.0667,61.0667,61.0521,61.0521,1760
2026-08-21 11:58:00,61.0521,61.0765,61.0521,61.0765,7468
2026-08-21 11:59:00,61.0765,61.0862,61.0765,61.0814,4955
2026-08-21 12:00:00,61.0814,61.0814,61.057,61.0618,4651
2026-08-21 12:01:00,61.0667,61.0716,61.0667,61.0716,4675
2026-08-21 12:02:00,61.0765,61.1009,61.0765,61.1009,4790
2026-08-21 12:03:00,61.0984,61.1057,61.0862,61.096,4850
2026-08-21 12:04:00,61.1057,61.1155,61.096,61.1009,6114
2026-08-21 12:05:00,61.096,61.1009,61.096,61.1009,2196
2026-08-21 12:06:00,61.1009,61.1057,61.096,61.1057,148510
2026-08-21 12:07:00,61.1155,61.1155,61.1074,61.1155,4714
2026-08-21 12:08:00,61.1155,61.1155,61.0911,61.096,3330
2026-08-21 12:09:00,61.0862,61.096,61.0862,61.096,4419
2026-08-21 12:10:00,61.096,61.1009,61.0911,61.0911,3413
2026-08-21 12:11:00,61.0911,61.096,61.0862,61.0862,1891
2026-08-21 12:12:00,61.0862,61.0862,61.0814,61.0814,1852
2026-08-21 12:13:00,61.0862,61.0862,61.0716,61.0716,3830
2026-08-21 12:14:00,61.0765,61.0765,61.0716,61.0765,3464
2026-08-21 12:15:00,61.0765,61.0765,61.0667,61.0716,2782
2026-08-21 12:16:00,61.0765,61.096,61.0765,61.0862,8612
2026-08-21 12:17:00,61.0862,61.0968,61.0862,61.0968,4337
2026-08-21 12:18:00,61.1009,61.1009,61.096,61.096,2069
2026-08-21 12:19:00,61.1009,61.1009,61.096,61.096,2154
2026-08-21 12:20:00,61.1057,61.1448,61.1009,61.1448,10412
2026-08-21 12:21:00,61.1301,61.1301,61.1155,61.1204,2121
2026-08-21 12:22:00,61.1204,61.1253,61.1057,61.1057,5274
2026-08-21 12:23:00,61.1145,61.1301,61.1145,61.1301,12133
2026-08-21 12:24:00,61.1301,61.135,61.1204,61.1204,10041
2026-08-21 12:25:00,61.1204,61.1253,61.1155,61.1204,3674
2026-08-21 12:26:00,61.1155,61.1155,61.0863,61.0863,3447
2026-08-21 12:27:00,61.0911,61.0911,61.0863,61.0863,2090
2026-08-21 12:28:00,61.0872,61.0911,61.0862,61.0911,1915
2026-08-21 12:29:00,61.0959,61.096,61.0765,61.096,6978
2026-08-21 12:30:00,61.1009,61.1057,61.1009,61.1057,3155
2026-08-21 12:31:00,61.1009,61.1009,61.0814,61.0814,4927
2026-08-21 12:32:00,61.0814,61.1038,61.0814,61.0982,3113
2026-08-21 12:33:00,61.096,61.1009,61.0862,61.096,2508
2026-08-21 12:34:00,61.096,61.1155,61.096,61.1106,2267
2026-08-21 12:35:00,61.1106,61.1106,61.1009,61.1009,2117
2026-08-21 12:36:00,61.1009,61.1057,61.1009,61.1057,2889
2026-08-21 12:37:00,61.1057,61.1057,61.0911,61.096,6285
2026-08-21 12:38:00,61.096,61.1009,61.096,61.0992,2324
2026-08-21 12:39:00,61.1009,61.1009,61.1009,61.1009,541
2026-08-21 12:40:00,61.1009,61.1057,61.1009,61.1057,903
2026-08-21 12:41:00,61.096,61.1057,61.096,61.1057,8348
2026-08-21 12:42:00,61.1057,61.1155,61.1057,61.1106,2313
2026-08-21 12:43:00,61.1106,61.1106,61.1009,61.1009,2255
2026-08-21 12:44:00,61.1009,61.1009,61.096,61.1009,1693
2026-08-21 12:45:00,61.1009,61.1009,61.096,61.096,1516
2026-08-21 12:46:00,61.1009,61.1057,61.1009,61.1009,1291
2026-08-21 12:47:00,61.096,61.1009,61.096,61.1009,2964
2026-08-21 12:48:00,61.1009,61.1057,61.0814,61.0862,6661
2026-08-21 12:49:00,61.0814,61.096,61.0814,61.096,10260
2026-08-21 12:50:00,61.096,61.096,61.0862,61.096,4228
2026-08-21 12:51:00,61.096,61.096,61.0862,61.0911,4832
2026-08-21 12:52:00,61.0911,61.0911,61.0765,61.0765,10298
2026-08-21 12:53:00,61.0716,61.0716,61.057,61.057,8383
2026-08-21 12:54:00,61.0618,61.0667,61.0521,61.057,7389
2026-08-21 12:55:00,61.057,61.057,61.057,61.057,788
2026-08-21 12:56:00,61.057,61.057,61.0521,61.057,2515
2026-08-21 12:57:00,61.0521,61.0618,61.0521,61.0618,6474
2026-08-21 12:58:00,61.0618,61.0716,61.0618,61.0716,2433
2026-08-21 12:59:00,61.0716,61.0716,61.0618,61.0618,1642
2026-08-21 13:00:00,61.0598,61.0667,61.0598,61.0618,2140
2026-08-21 13:01:00,61.0618,61.0667,61.057,61.0618,2517
2026-08-21 13:02:00,61.0618,61.0618,61.0618,61.0618,888
2026-08-21 13:03:00,61.0667,61.0667,61.0618,61.0667,3310
2026-08-21 13:04:00,61.0618,61.0667,61.0618,61.0667,1349
2026-08-21 13:05:00,61.0618,61.0618,61.0472,61.0521,3396
2026-08-21 13:06:00,61.0521,61.0521,61.0521,61.0521,1344
2026-08-21 13:07:00,61.0521,61.057,61.0472,61.0521,3175
2026-08-21 13:08:00,61.0521,61.0667,61.0472,61.0521,9289
2026-08-21 13:09:00,61.057,61.0667,61.057,61.0667,2415
2026-08-21 13:10:00,61.0618,61.0667,61.0326,61.0375,10516
2026-08-21 13:11:00,61.0423,61.0814,61.0423,61.0765,6954
2026-08-21 13:12:00,61.0814,61.0814,61.0765,61.0814,3585
2026-08-21 13:13:00,61.0765,61.0814,61.0667,61.0716,4209
2026-08-21 13:14:00,61.0716,61.0765,61.0667,61.0765,3914
2026-08-21 13:15:00,61.0716,61.0716,61.0521,61.0716,4401
2026-08-21 13:16:00,61.0765,61.0814,61.0765,61.0814,521
2026-08-21 13:17:00,61.0814,61.0814,61.0716,61.0716,2930
2026-08-21 13:18:00,61.0716,61.0716,61.0667,61.0667,1370
2026-08-21 13:19:00,61.0716,61.0716,61.0677,61.0677,540
2026-08-21 13:20:00,61.0667,61.0716,61.0521,61.0521,3002
2026-08-21 13:21:00,61.0521,61.0521,61.0485,61.0485,562
2026-08-21 13:22:00,61.0492,61.0492,61.0392,61.0423,3604
2026-08-21 13:23:00,61.0423,61.0521,61.0375,61.0521,3288
2026-08-21 13:24:00,61.0472,61.0521,61.0472,61.0521,2003
2026-08-21 13:25:00,61.0472,61.0472,61.0375,61.0375,3927
2026-08-21 13:26:00,61.0423,61.0472,61.0375,61.0423,2955
2026-08-21 13:27:00,61.0423,61.0472,61.0423,61.0472,2784
2026-08-21 13:28:00,61.0375,61.0375,61.0375,61.0375,918
2026-08-21 13:29:00,61.0375,61.0375,61.0197,61.0197,3213
2026-08-21 13:30:00,61.0179,61.0326,61.0179,61.0326,3761
2026-08-21 13:31:00,61.0277,61.0277,61.0033,61.0081,3925
2026-08-21 13:32:00,61.0033,61.0033,60.9984,60.9984,3798
2026-08-21 13:33:00,60.9984,61.0082,60.9935,61.0082,2301
2026-08-21 13:34:00,61.0082,61.0178,61.0082,61.0131,4122
2026-08-21 13:35:00,61.0131,61.0179,61.0083,61.0131,1944
2026-08-21 13:36:00,61.0082,61.0083,61.0082,61.0083,2369
2026-08-21 13:37:00,61.0131,61.0375,61.0131,61.0375,4802
2026-08-21 13:38:00,61.0326,61.0326,61.0179,61.0228,1912
2026-08-21 13:39:00,61.0228,61.0228,61.0179,61.0228,3576
2026-08-21 13:40:00,61.0179,61.0277,61.0179,61.0228,3502
2026-08-21 13:41:00,61.0228,61.0228,61.0189,61.0189,1465
2026-08-21 13:42:00,61.0228,61.057,61.0228,61.057,18425
2026-08-21 13:43:00,61.0521,61.057,61.0521,61.057,2877
2026-08-21 13:44:00,61.057,61.0765,61.057,61.0667,10110
2026-08-21 13:45:00,61.0667,61.0667,61.057,61.0618,6000
2026-08-21 13:46:00,61.0618,61.0618,61.0618,61.0618,4851
2026-08-21 13:47:00,61.0618,61.0618,61.0228,61.0472,14460
2026-08-21 13:48:00,61.0472,61.057,61.0472,61.0472,7765
2026-08-21 13:49:00,61.0521,61.057,61.0082,61.0082,17405
2026-08-21 13:50:00,61.0082,61.0179,61.0082,61.0179,6024
2026-08-21 13:51:00,61.0131,61.0179,61.0085,61.0179,5291
2026-08-21 13:52:00,61.0082,61.0131,60.9984,61.0082,10120
2026-08-21 13:53:00,60.9984,60.9984,60.974,60.974,6548
2026-08-21 13:54:00,60.9692,60.9838,60.9692,60.9795,3876
2026-08-21 13:55:00,60.9789,60.9789,60.9594,60.9594,3012
2026-08-21 13:56:00,60.9545,60.9545,60.9517,60.9517,1162
2026-08-21 13:57:00,60.9545,60.9545,60.935,60.9448,7868
2026-08-21 13:58:00,60.9496,60.9594,60.9496,60.9545,3942
2026-08-21 13:59:00,60.9594,60.9594,60.9545,60.9594,1805
2026-08-21 14:00:00,60.9643,60.9692,60.9594,60.9643,1990
2026-08-21 14:01:00,60.9643,60.9692,60.9545,60.9545,3136
2026-08-21 14:02:00,60.9594,60.9692,60.9594,60.9643,3561
2026-08-21 14:03:00,60.9618,60.9692,60.9618,60.9692,2538
2026-08-21 14:04:00,60.9594,60.9643,60.9594,60.9643,2296
2026-08-21 14:05:00,60.9643,60.9643,60.9643,60.9643,2021
2026-08-21 14:06:00,60.9643,60.9692,60.9643,60.9692,3011
2026-08-21 14:07:00,60.9643,60.9877,60.9643,60.9789,5561
2026-08-21 14:08:00,60.9838,60.9887,60.9838,60.9887,3714
2026-08-21 14:09:00,60.9984,61.0082,60.9974,61.0049,1571
2026-08-21 14:10:00,61.0179,61.0228,61.0179,61.0228,5066
2026-08-21 14:11:00,61.0179,61.0179,61.0082,61.0179,4520
2026-08-21 14:12:00,61.0131,61.0179,61.0131,61.0179,2966
2026-08-21 14:13:00,61.0131,61.0277,61.0131,61.0228,5141
2026-08-21 14:14:00,61.0277,61.0472,61.0277,61.0472,3067
2026-08-21 14:15:00,61.057,61.096,61.057,61.0862,3713
2026-08-21 14:16:00,61.0765,61.0765,61.0667,61.0765,3347
2026-08-21 14:17:00,61.0765,61.0814,61.0765,61.0765,2411
2026-08-21 14:18:00,61.0716,61.0765,61.057,61.0618,8576
2026-08-21 14:19:00,61.057,61.0716,61.057,61.0667,8522
2026-08-21 14:20:00,61.074,61.074,61.0521,61.0521,4332
2026-08-21 14:21:00,61.0521,61.0716,61.0521,61.0667,3762
2026-08-21 14:22:00,61.0716,61.0756,61.0716,61.0716,2093
2026-08-21 14:23:00,61.0667,61.0765,61.057,61.0716,7932
2026-08-21 14:24:00,61.0716,61.0765,61.057,61.057,12699
2026-08-21 14:25:00,61.0618,61.0667,61.057,61.0618,5164
2026-08-21 14:26:00,61.0618,61.0618,61.0472,61.0521,4365
2026-08-21 14:27:00,61.057,61.057,61.0472,61.057,5065
2026-08-21 14:28:00,61.057,61.0618,61.057,61.0618,2094
2026-08-21 14:29:00,61.0618,61.0716,61.0618,61.0716,5376
2026-08-21 14:30:00,61.0667,61.0667,61.0375,61.0375,4215
2026-08-21 14:31:00,61.0383,61.0423,61.0375,61.0375,1763
2026-08-21 14:32:00,61.0423,61.0423,61.0423,61.0423,2644
2026-08-21 14:33:00,61.0375,61.057,61.0326,61.057,9704
2026-08-21 14:34:00,61.0667,61.0667,61.0521,61.0521,5092
2026-08-21 14:35:00,61.0521,61.057,61.0472,61.0521,9947
2026-08-21 14:36:00,61.0521,61.057,61.0393,61.0521,7246
2026-08-21 14:37:00,61.0492,61.0521,61.0472,61.0472,1082
2026-08-21 14:38:00,61.0521,61.057,61.0521,61.0521,2018
2026-08-21 14:39:00,61.0521,61.0521,61.0423,61.0423,2664
2026-08-21 14:40:00,61.0375,61.0375,61.0326,61.0326,1359
2026-08-21 14:41:00,61.0326,61.057,61.0326,61.0521,5928
2026-08-21 14:42:00,61.0472,61.0521,61.0423,61.0472,3720
2026-08-21 14:43:00,61.0423,61.0423,61.0423,61.0423,706
2026-08-21 14:44:00,61.0423,61.0423,61.0326,61.0423,12729
2026-08-21 14:45:00,61.0423,61.0472,61.0375,61.0423,12429
2026-08-21 14:46:00,61.0375,61.0433,61.0375,61.0375,1637
2026-08-21 14:47:00,61.0375,61.0472,61.0375,61.0423,3651
2026-08-21 14:48:00,61.0423,61.0423,61.0301,61.0301,2390
2026-08-21 14:49:00,61.0287,61.0375,61.0277,61.0375,4302
2026-08-21 14:50:00,61.0277,61.0423,61.0277,61.0375,4531
2026-08-21 14:51:00,61.0375,61.0375,61.0375,61.0375,701
2026-08-21 14:52:00,61.0375,61.0375,61.0277,61.0326,4452
2026-08-21 14:53:00,61.0326,61.0326,61.0277,61.0277,1971
2026-08-21 14:54:00,61.0375,61.0375,61.0326,61.0326,7026
2026-08-21 14:55:00,61.0277,61.0326,61.0277,61.0326,3789
2026-08-21 14:56:00,61.0277,61.0326,61.0277,61.0277,1857
2026-08-21 14:57:00,61.0326,61.0326,61.0033,61.0131,9134
2026-08-21 14:58:00,61.0131,61.0179,60.9935,60.9935,19407
2026-08-21 14:59:00,60.9935,60.9935,60.9838,60.9838,8784
2026-08-21 15:00:00,60.9838,60.9935,60.9838,60.9935,2851
2026-08-21 15:01:00,60.9984,60.9984,60.9887,60.9984,9852
2026-08-21 15:02:00,60.9935,61.0033,60.9935,60.9935,7689
2026-08-21 15:03:00,60.9935,60.9984,60.9887,60.9887,3542
2026-08-21 15:04:00,60.9887,60.9887,60.9838,60.9838,4345
2026-08-21 15:05:00,60.9838,60.9838,60.9692,60.974,3527
2026-08-21 15:06:00,60.9789,60.9789,60.9643,60.9643,16856
2026-08-21 15:07:00,60.9594,60.9789,60.9545,60.9545,13926
2026-08-21 15:08:00,60.9594,60.9604,60.9545,60.9545,8294
2026-08-21 15:09:00,60.9545,60.9545,60.9545,60.9545,1817
2026-08-21 15:10:00,60.9545,60.9594,60.9496,60.9545,12502
2026-08-21 15:11:00,60.9545,60.9692,60.9496,60.9692,14086
2026-08-21 15:12:00,60.9708,60.9789,60.9692,60.974,7481
2026-08-21 15:13:00,60.974,60.9789,60.9692,60.974,6867
2026-08-21 15:14:00,60.974,60.9887,60.974,60.9887,5464
2026-08-21 15:15:00,60.9984,61.0047,60.9935,60.9984,3498
2026-08-21 15:16:00,60.9984,61.0179,60.9935,61.0083,17882
2026-08-21 15:17:00,61.0082,61.0179,61.0082,61.0131,7385
2026-08-21 15:18:00,61.0131,61.0131,61.0131,61.0131,1776
2026-08-21 15:19:00,61.0082,61.0082,60.9887,61.0019,9959
2026-08-21 15:20:00,60.9984,61.0033,60.9984,61.0033,6359
2026-08-21 15:21:00,61.0033,61.0033,60.9935,61.0033,8744
2026-08-21 15:22:00,60.9935,61.0033,60.9935,61.0033,4328
2026-08-21 15:23:00,60.9984,60.9984,60.9935,60.9935,3284
2026-08-21 15:24:00,60.9935,60.9935,60.9887,60.9887,1260
2026-08-21 15:25:00,60.9887,60.9887,60.974,60.9838,9700
2026-08-21 15:26:00,60.9838,60.9935,60.9838,60.9838,12215
2026-08-21 15:27:00,60.9838,60.9935,60.9789,60.9935,4464
2026-08-21 15:28:00,60.9935,60.9984,60.9935,60.9935,3824
2026-08-21 15:29:00,60.9935,61.0033,60.9838,60.9935,12611
2026-08-21 15:30:00,60.9935,61.0069,60.9692,60.9692,11184
2026-08-21 15:31:00,60.974,60.9984,60.974,60.9984,12629
2026-08-21 15:32:00,60.9935,60.9984,60.9926,60.9984,8139
2026-08-21 15:33:00,60.9984,60.9984,60.9888,60.9935,8262
2026-08-21 15:34:00,60.9935,60.9984,60.9789,60.9789,14321
2026-08-21 15:35:00,60.9838,60.9887,60.979,60.9838,5492
2026-08-21 15:36:00,60.9838,60.9935,60.9838,60.9838,9437
2026-08-21 15:37:00,60.9838,60.9935,60.9838,60.9935,12263
2026-08-21 15:38:00,60.9935,60.9935,60.9643,60.9692,8885
2026-08-21 15:39:00,60.974,60.9789,60.974,60.9789,2336
2026-08-21 15:40:00,60.9693,60.9789,60.9693,60.974,6526
2026-08-21 15:41:00,60.974,60.9838,60.9692,60.974,13033
2026-08-21 15:42:00,60.974,60.9887,60.974,60.9838,10297
2026-08-21 15:43:00,60.9838,60.9887,60.9838,60.9838,3093
2026-08-21 15:44:00,60.9838,60.9984,60.9789,60.9935,24830
2026-08-21 15:45:00,60.9935,61.0082,60.9935,60.9984,17442
2026-08-21 15:46:00,60.9984,61.0131,60.9935,61.0131,17178
2026-08-21 15:47:00,61.0131,61.0131,61.0082,61.0131,4084
2026-08-21 15:48:00,61.0131,61.0423,61.0033,61.0423,34229
2026-08-21 15:49:00,61.0375,61.0375,61.0179,61.0228,12653
2026-08-21 15:50:00,61.0179,61.0375,61.0131,61.0131,41086
2026-08-21 15:51:00,61.0131,61.0228,60.9789,60.9838,37636
2026-08-21 15:52:00,60.9887,60.9984,60.9838,60.9838,23945
2026-08-21 15:53:00,60.9789,60.9789,60.9399,60.9692,37678
2026-08-21 15:54:00,60.9643,60.974,60.9594,60.974,12618
2026-08-21 15:55:00,60.974,60.9838,60.9545,60.9838,50107
2026-08-21 15:56:00,60.9789,60.9789,60.9692,60.974,18686
2026-08-21 15:57:00,60.9692,60.974,60.9594,60.9643,29107
2026-08-21 15:58:00,60.9643,60.9692,60.9399,60.9545,96659
2026-08-21 15:59:00,60.9594,61.0082,60.9496,60.9984,67463
2026-08-22 09:30:00,61.3692,61.3692,61.3106,61.3106,58881
2026-08-22 09:31:00,61.3106,61.3692,61.3106,61.3497,4806
2026-08-22 09:32:00,61.3497,61.3497,61.3497,61.3497,2180
2026-08-22 09:33:00,61.3594,61.3594,61.3009,61.3399,17335
2026-08-22 09:34:00,61.3497,61.3594,61.3497,61.3545,1987
2026-08-22 09:35:00,61.3399,61.3399,61.3204,61.3204,4422
2026-08-22 09:36:00,61.3204,61.3204,61.2911,61.2911,8728
2026-08-22 09:37:00,61.2814,61.2814,61.2619,61.2619,6369
2026-08-22 09:38:00,61.2716,61.296,61.2716,61.2862,4725
2026-08-22 09:39:00,61.2911,61.3106,61.2911,61.3009,1356
2026-08-22 09:40:00,61.2716,61.2814,61.2716,61.2814,1575
2026-08-22 09:41:00,61.2911,61.3204,61.2911,61.3106,1783
2026-08-22 09:42:00,61.3204,61.3302,61.3204,61.3253,1003
2026-08-22 09:43:00,61.3204,61.3302,61.3106,61.3302,725
2026-08-22 09:44:00,61.3399,61.3448,61.3399,61.3399,1806
2026-08-22 09:45:00,61.3302,61.3448,61.3302,61.3302,4852
2026-08-22 09:46:00,61.3302,61.3399,61.3302,61.3399,2789
2026-08-22 09:47:00,61.335,61.3399,61.335,61.3399,594
2026-08-22 09:48:00,61.335,61.3399,61.3204,61.3399,2609
2026-08-22 09:49:00,61.3448,61.3448,61.3399,61.3399,340
2026-08-22 09:50:00,61.3399,61.3399,61.3204,61.3204,372
2026-08-22 09:52:00,61.3204,61.3302,61.3204,61.3302,1324
2026-08-22 09:53:00,61.3399,61.3399,61.3204,61.3204,6985
2026-08-22 09:54:00,61.3302,61.3399,61.3302,61.3399,2823
2026-08-22 09:55:00,61.3497,61.3497,61.3497,61.3497,796
2026-08-22 09:56:00,61.3497,61.3789,61.3438,61.3789,5066
2026-08-22 09:57:00,61.3789,61.3887,61.3789,61.3887,3577
2026-08-22 09:58:00,61.379,61.379,61.379,61.379,357
2026-08-22 09:59:00,61.3984,61.3984,61.3887,61.3887,790
2026-08-22 10:00:00,61.3984,61.457,61.3984,61.457,4747
2026-08-22 10:01:00,61.4667,61.4667,61.4277,61.4277,10202
2026-08-22 10:02:00,61.4375,61.535,61.4375,61.457,46096
2026-08-22 10:03:00,61.4667,61.4667,61.4375,61.4375,1145
2026-08-22 10:04:00,61.4375,61.5448,61.4375,61.535,12454
2026-08-22 10:05:00,61.535,61.5741,61.496,61.5155,7858
2026-08-22 10:06:00,61.5204,61.5741,61.5155,61.5546,14566
2026-08-22 10:07:00,61.5643,61.5741,61.5253,61.5302,12023
2026-08-22 10:08:00,61.5253,61.5448,61.5155,61.5448,2495
2026-08-22 10:09:00,61.5546,61.5887,61.5546,61.5838,13452
2026-08-22 10:10:00,61.5936,61.6375,61.5936,61.6375,7065
2026-08-22 10:11:00,61.6375,61.6619,61.6326,61.6619,6403
2026-08-22 10:12:00,61.6716,61.6814,61.6716,61.6814,4539
2026-08-22 10:13:00,61.6814,61.7009,61.6814,61.7009,9978
2026-08-22 10:14:00,61.7058,61.7058,61.6716,61.6716,4975
2026-08-22 10:15:00,61.6619,61.6619,61.6326,61.6375,4284
2026-08-22 10:16:00,61.6277,61.6375,61.6228,61.6228,4075
2026-08-22 10:17:00,61.6131,61.6375,61.6033,61.6375,43554
2026-08-22 10:18:00,61.6424,61.6472,61.6277,61.6277,3456
2026-08-22 10:19:00,61.6228,61.6472,61.6228,61.6472,3659
2026-08-22 10:20:00,61.6521,61.657,61.6326,61.6375,6140
2026-08-22 10:21:00,61.6424,61.657,61.6424,61.657,4088
2026-08-22 10:22:00,61.6619,61.696,61.6619,61.696,2612
2026-08-22 10:23:00,61.7009,61.7253,61.7009,61.7253,3903
2026-08-22 10:24:00,61.7302,61.7351,61.7107,61.7253,8149
2026-08-22 10:25:00,61.7204,61.7204,61.7107,61.7155,3053
2026-08-22 10:26:00,61.7204,61.7594,61.7204,61.7546,5097
2026-08-22 10:27:00,61.7692,61.7692,61.7546,61.7643,2776
2026-08-22 10:28:00,61.7692,61.7887,61.7692,61.7887,2494
2026-08-22 10:29:00,61.7985,61.8033,61.7692,61.7692,11278
2026-08-22 10:30:00,61.7692,61.7692,61.7399,61.7546,8856
2026-08-22 10:31:00,61.7497,61.7546,61.7399,61.7399,3491
2026-08-22 10:32:00,61.7351,61.7448,61.7351,61.7351,1740
2026-08-22 10:33:00,61.7399,61.7887,61.7399,61.7838,12947
2026-08-22 10:34:00,61.7838,61.8033,61.7838,61.7936,5770
2026-08-22 10:35:00,61.7936,61.7936,61.7594,61.7594,10275
2026-08-22 10:36:00,61.7594,61.7741,61.7594,61.7692,5099
2026-08-22 10:37:00,61.7741,61.8033,61.7741,61.7887,4363
2026-08-22 10:38:00,61.7838,61.7838,61.7594,61.7594,3513
2026-08-22 10:39:00,61.7741,61.7936,61.7741,61.7887,4124
2026-08-22 10:40:00,61.779,61.7838,61.7546,61.7594,13363
2026-08-22 10:41:00,61.7643,61.7692,61.7594,61.7594,4079
2026-08-22 10:42:00,61.7692,61.7838,61.7692,61.779,2548
2026-08-22 10:43:00,61.779,61.7887,61.779,61.7887,1397
2026-08-22 10:44:00,61.7985,61.8131,61.7985,61.8082,5792
2026-08-22 10:45:00,61.818,61.818,61.7838,61.7838,6922
2026-08-22 10:46:00,61.7838,61.7838,61.7692,61.779,3718
2026-08-22 10:47:00,61.779,61.7887,61.7594,61.7838,3970
2026-08-22 10:48:00,61.779,61.7838,61.7594,61.7692,4506
2026-08-22 10:49:00,61.7594,61.7594,61.7204,61.7204,11844
2026-08-22 10:50:00,61.7253,61.7253,61.7155,61.7204,3157
2026-08-22 10:51:00,61.7302,61.7302,61.7009,61.7058,5217
2026-08-22 10:52:00,61.7009,61.7253,61.6911,61.7204,4647
2026-08-22 10:53:00,61.7204,61.7302,61.7204,61.7302,2273
2026-08-22 10:54:00,61.7399,61.7399,61.7302,61.7302,3503
2026-08-22 10:55:00,61.7302,61.7399,61.7107,61.7302,6189
2026-08-22 10:56:00,61.7351,61.7741,61.7351,61.7692,10666
2026-08-22 10:57:00,61.779,61.7985,61.779,61.7936,12721
2026-08-22 10:58:00,61.7887,61.8033,61.7838,61.7838,5273
2026-08-22 10:59:00,61.7838,61.7838,61.7643,61.7643,5124
2026-08-22 11:00:00,61.7594,61.7643,61.7497,61.7594,7524
2026-08-22 11:01:00,61.7546,61.7643,61.7521,61.7643,4655
2026-08-22 11:02:00,61.7593,61.7936,61.7546,61.7936,3885
2026-08-22 11:03:00,61.7887,61.7985,61.779,61.7936,3995
2026-08-22 11:04:00,61.7978,61.8082,61.7936,61.8082,4588
2026-08-22 11:05:00,61.818,61.818,61.7985,61.8082,14478
2026-08-22 11:06:00,61.8082,61.818,61.7985,61.8082,4909
2026-08-22 11:07:00,61.8082,61.8375,61.8082,61.8229,11691
2026-08-22 11:08:00,61.8277,61.8326,61.818,61.8229,15077
2026-08-22 11:09:00,61.8277,61.8326,61.8229,61.8326,13574
2026-08-22 11:10:00,61.8277,61.8473,61.8229,61.8375,28576
2026-08-22 11:11:00,61.8326,61.8326,61.8082,61.818,7750
2026-08-22 11:12:00,61.8277,61.8521,61.8277,61.8473,9000
2026-08-22 11:13:00,61.857,61.8863,61.857,61.8765,6725
2026-08-22 11:14:00,61.8863,61.9058,61.8863,61.9058,3229
2026-08-22 11:15:00,61.9058,61.9058,61.8765,61.8765,10329
2026-08-22 11:16:00,61.8814,61.8814,61.8668,61.8716,6510
2026-08-22 11:17:00,61.8668,61.8765,61.8668,61.8765,2966
2026-08-22 11:18:00,61.8716,61.8863,61.8716,61.8863,2727
2026-08-22 11:19:00,61.8863,61.8912,61.8765,61.8912,6558
2026-08-22 11:20:00,61.8912,61.8912,61.8619,61.8668,7870
2026-08-22 11:21:00,61.8668,61.8814,61.8619,61.8668,5771
2026-08-22 11:22:00,61.8668,61.8716,61.857,61.8716,4891
2026-08-22 11:23:00,61.8765,61.8863,61.8765,61.8814,4715
2026-08-22 11:24:00,61.8814,61.8814,61.8619,61.8668,9780
2026-08-22 11:25:00,61.8668,61.9155,61.8668,61.9058,14632
2026-08-22 11:26:00,61.9107,61.9107,61.8863,61.8863,10822
2026-08-22 11:27:00,61.8814,61.896,61.8765,61.8912,9991
2026-08-22 11:28:00,61.8863,61.9009,61.8863,61.9009,3379
2026-08-22 11:29:00,61.896,61.9107,61.896,61.9107,4434
2026-08-22 11:30:00,61.9107,61.9107,61.8863,61.8912,4635
2026-08-22 11:31:00,61.896,61.9253,61.896,61.9253,2621
2026-08-22 11:32:00,61.9302,61.9399,61.9253,61.9351,3030
2026-08-22 11:33:00,61.9399,61.9448,61.9204,61.9204,5410
2026-08-22 11:34:00,61.9302,61.9546,61.9058,61.9399,7721
2026-08-22 11:35:00,61.9399,61.9546,61.9058,61.9107,30506
2026-08-22 11:36:00,61.896,61.9009,61.8863,61.8863,2746
2026-08-22 11:37:00,61.8863,61.8864,61.8765,61.8765,2168
2026-08-22 11:38:00,61.8668,61.8668,61.8619,61.8619,1826
2026-08-22 11:39:00,61.8619,61.8619,61.8082,61.8131,4350
2026-08-22 11:40:00,61.8131,61.857,61.8131,61.857,2396
2026-08-22 11:41:00,61.857,61.8668,61.8521,61.8619,385053
2026-08-22 11:42:00,61.857,61.8716,61.857,61.8668,3428
2026-08-22 11:43:00,61.8716,61.8716,61.8668,61.8668,1752
2026-08-22 11:44:00,61.8668,61.8668,61.8375,61.8473,4346
2026-08-22 11:45:00,61.8521,61.8521,61.8277,61.8375,2533
2026-08-22 11:46:00,61.8424,61.8424,61.8375,61.8391,2449
2026-08-22 11:47:00,61.8473,61.8473,61.8376,61.8376,381806
2026-08-22 11:48:00,61.8424,61.8424,61.8375,61.8424,3461
2026-08-22 11:49:00,61.8473,61.857,61.8473,61.8521,1561
2026-08-22 11:50:00,61.8521,61.857,61.8375,61.8424,2719
2026-08-22 11:51:00,61.8424,61.8424,61.8229,61.8229,1432
2026-08-22 11:52:00,61.8188,61.8277,61.8082,61.8229,6021
2026-08-22 11:53:00,61.8277,61.8277,61.8229,61.8229,1537
2026-08-22 11:54:00,61.8229,61.8229,61.8131,61.8131,1113
2026-08-22 11:55:00,61.818,61.8229,61.818,61.8229,1170
2026-08-22 11:56:00,61.8229,61.8277,61.8229,61.8277,850
2026-08-22 11:57:00,61.8229,61.8229,61.818,61.8229,1750
2026-08-22 11:58:00,61.8229,61.8229,61.7838,61.7936,7112
2026-08-22 11:59:00,61.7936,61.8033,61.7887,61.7887,2072
2026-08-22 12:00:00,61.7692,61.7838,61.7692,61.7838,4919
2026-08-22 12:01:00,61.7838,61.7838,61.7741,61.7838,1636
2026-08-22 12:02:00,61.7838,61.7838,61.7741,61.7741,1351
2026-08-22 12:03:00,61.7741,61.779,61.7741,61.779,912
2026-08-22 12:04:00,61.7838,61.7838,61.7838,61.7838,935
2026-08-22 12:05:00,61.779,61.779,61.7546,61.7546,5711
2026-08-22 12:06:00,61.7497,61.7546,61.7302,61.7497,10803
2026-08-22 12:07:00,61.7546,61.7546,61.7399,61.7448,8153
2026-08-22 12:08:00,61.7399,61.7448,61.7399,61.7448,2205
2026-08-22 12:09:00,61.7448,61.7643,61.7448,61.7643,14788
2026-08-22 12:10:00,61.7595,61.7643,61.7594,61.7643,2802
2026-08-22 12:11:00,61.7643,61.7741,61.7643,61.7741,1556
2026-08-22 12:12:00,61.7741,61.7741,61.7692,61.7721,7961
2026-08-22 12:13:00,61.7693,61.7693,61.7692,61.7692,895
2026-08-22 12:14:00,61.779,61.779,61.779,61.779,1440
2026-08-22 12:15:00,61.7741,61.779,61.7741,61.7741,722
2026-08-22 12:16:00,61.7766,61.7766,61.7546,61.7546,7052
2026-08-22 12:17:00,61.7546,61.7546,61.7497,61.7497,1013
2026-08-22 12:18:00,61.7546,61.7692,61.7546,61.7692,1828
2026-08-22 12:19:00,61.7692,61.7692,61.7692,61.7692,982
2026-08-22 12:20:00,61.7741,61.7741,61.7741,61.7741,2154
2026-08-22 12:21:00,61.7698,61.7741,61.7497,61.7546,4132
2026-08-22 12:22:00,61.7497,61.7546,61.7497,61.7546,3132
2026-08-22 12:23:00,61.7497,61.7546,61.7399,61.7399,2080
2026-08-22 12:24:00,61.7472,61.7472,61.7399,61.7448,1571
2026-08-22 12:25:00,61.7448,61.7448,61.7317,61.7317,1871
2026-08-22 12:26:00,61.7351,61.7351,61.7204,61.7204,4667
2026-08-22 12:27:00,61.7107,61.7253,61.7107,61.7253,781
2026-08-22 12:28:00,61.7253,61.7253,61.701,61.7107,1750
2026-08-22 12:29:00,61.7108,61.7155,61.7108,61.7155,634
2026-08-22 12:30:00,61.7204,61.7351,61.7204,61.7351,2386
2026-08-22 12:31:00,61.7393,61.7393,61.7393,61.7393,444
2026-08-22 12:32:00,61.7302,61.7399,61.7204,61.7253,6996
2026-08-22 12:33:00,61.7155,61.7155,61.7108,61.7155,1208
2026-08-22 12:34:00,61.7155,61.7302,61.7155,61.7253,1045
2026-08-22 12:35:00,61.7302,61.7643,61.7302,61.7643,8181
2026-08-22 12:36:00,61.7692,61.7741,61.7692,61.7692,4522
2026-08-22 12:37:00,61.7643,61.7643,61.7612,61.7643,1164
2026-08-22 12:38:00,61.7595,61.7643,61.7595,61.7643,924
2026-08-22 12:39:00,61.7692,61.7838,61.7692,61.779,1733
2026-08-22 12:40:00,61.7838,61.788,61.779,61.779,2214
2026-08-22 12:41:00,61.7741,61.7741,61.7692,61.7692,1053
2026-08-22 12:42:00,61.7643,61.7643,61.7302,61.7399,12929
2026-08-22 12:43:00,61.7399,61.7399,61.7351,61.7351,825
2026-08-22 12:44:00,61.7399,61.7448,61.7302,61.7302,3004
2026-08-22 12:45:00,61.7351,61.7351,61.7302,61.7302,553
2026-08-22 12:46:00,61.7253,61.7253,61.7205,61.7205,1854
2026-08-22 12:47:00,61.7302,61.7399,61.7302,61.7399,1726
2026-08-22 12:48:00,61.7448,61.7497,61.7399,61.7497,1159
2026-08-22 12:49:00,61.7399,61.7399,61.7302,61.7399,1354
2026-08-22 12:50:00,61.7497,61.7741,61.7497,61.7741,1287
2026-08-22 12:51:00,61.7741,61.8033,61.7715,61.8033,1160
2026-08-22 12:52:00,61.7985,61.7985,61.7887,61.7887,1696
2026-08-22 12:53:00,61.7936,61.7936,61.7887,61.7887,1216
2026-08-22 12:54:00,61.7985,61.7985,61.7936,61.7936,550
2026-08-22 12:55:00,61.7999,61.8082,61.7999,61.8082,761
2026-08-22 12:56:00,61.8033,61.8033,61.8033,61.8033,153
2026-08-22 12:57:00,61.8082,61.8229,61.8082,61.8082,2258
2026-08-22 12:58:00,61.8131,61.818,61.8082,61.818,2367
2026-08-22 12:59:00,61.8131,61.8131,61.8083,61.8083,744
2026-08-22 13:00:00,61.8131,61.8131,61.8033,61.8033,1043
2026-08-22 13:02:00,61.8082,61.818,61.8082,61.818,1256
2026-08-22 13:04:00,61.8229,61.8229,61.8229,61.8229,225
2026-08-22 13:05:00,61.8326,61.8326,61.8326,61.8326,654
2026-08-22 13:06:00,61.8296,61.8326,61.8131,61.818,2115
2026-08-22 13:07:00,61.8089,61.816,61.8089,61.816,1946
2026-08-22 13:08:00,61.8131,61.8131,61.7985,61.7985,1178
2026-08-22 13:09:00,61.7985,61.8033,61.7985,61.7985,544
2026-08-22 13:10:00,61.8034,61.8034,61.7997,61.7997,1196
2026-08-22 13:12:00,61.7985,61.7985,61.7887,61.7936,836
2026-08-22 13:13:00,61.7936,61.8033,61.7936,61.8033,4256
2026-08-22 13:14:00,61.8082,61.8082,61.7985,61.8082,2467
2026-08-22 13:15:00,61.8091,61.8326,61.8091,61.8326,2109
2026-08-22 13:16:00,61.8326,61.8326,61.8229,61.8326,2679
2026-08-22 13:17:00,61.8326,61.8326,61.8229,61.8229,1345
2026-08-22 13:18:00,61.8229,61.8229,61.8082,61.8131,1142
2026-08-22 13:19:00,61.8131,61.8131,61.8082,61.8082,1166
2026-08-22 13:20:00,61.8082,61.8229,61.8082,61.818,2227
2026-08-22 13:21:00,61.8229,61.8229,61.8082,61.8175,1621
2026-08-22 13:22:00,61.8229,61.8229,61.8131,61.8229,1797
2026-08-22 13:23:00,61.8229,61.8229,61.8131,61.8131,2459
2026-08-22 13:24:00,61.8179,61.8179,61.8179,61.8179,232
2026-08-22 13:25:00,61.8131,61.8131,61.8015,61.8033,2733
2026-08-22 13:26:00,61.8082,61.8131,61.8082,61.8082,665
2026-08-22 13:27:00,61.8131,61.8131,61.8131,61.8131,1174
2026-08-22 13:28:00,61.8082,61.818,61.8082,61.818,888
2026-08-22 13:29:00,61.818,61.8229,61.818,61.8229,534
2026-08-22 13:30:00,61.8275,61.8375,61.818,61.8375,6087
2026-08-22 13:31:00,61.8424,61.8424,61.8424,61.8424,948
2026-08-22 13:32:00,61.8424,61.8473,61.8424,61.8473,10044
2026-08-22 13:33:00,61.8375,61.8424,61.8277,61.8424,4651
2026-08-22 13:34:00,61.8375,61.8424,61.8375,61.8424,2254
2026-08-22 13:35:00,61.8424,61.8473,61.8424,61.8473,618
2026-08-22 13:36:00,61.8473,61.8521,61.8473,61.8521,1279
2026-08-22 13:37:00,61.8521,61.8521,61.8521,61.8521,863
2026-08-22 13:38:00,61.857,61.8667,61.857,61.8619,1576
2026-08-22 13:39:00,61.8668,61.8668,61.8668,61.8668,939
2026-08-22 13:40:00,61.8619,61.8619,61.8473,61.8521,4120
2026-08-22 13:41:00,61.8521,61.857,61.8521,61.857,1327
2026-08-22 13:42:00,61.8521,61.8521,61.8521,61.8521,1077
2026-08-22 13:43:00,61.8521,61.8521,61.8521,61.8521,1046
2026-08-22 13:44:00,61.857,61.8716,61.857,61.8716,8059
2026-08-22 13:45:00,61.8716,61.8716,61.857,61.8668,6144
2026-08-22 13:46:00,61.8668,61.8668,61.857,61.8619,2209
2026-08-22 13:47:00,61.8619,61.8716,61.8619,61.8716,1097
2026-08-22 13:48:00,61.8716,61.8814,61.8716,61.8814,1471
2026-08-22 13:49:00,61.8814,61.8814,61.8814,61.8814,964
2026-08-22 13:50:00,61.8863,61.8863,61.8863,61.8863,1574
2026-08-22 13:51:00,61.896,61.9009,61.896,61.9009,3072
2026-08-22 13:52:00,61.896,61.9009,61.8912,61.8929,3971
2026-08-22 13:53:00,61.896,61.9009,61.896,61.9009,1042
2026-08-22 13:54:00,61.8977,61.8977,61.8977,61.8977,402
2026-08-22 13:55:00,61.896,61.9009,61.896,61.9009,2569
2026-08-22 13:56:00,61.8912,61.9009,61.8912,61.9009,1859
2026-08-22 13:57:00,61.9009,61.9009,61.9009,61.9009,372
2026-08-22 13:58:00,61.8961,61.9058,61.896,61.9058,1374
2026-08-22 13:59:00,61.896,61.9009,61.896,61.896,2196
2026-08-22 14:00:00,61.9009,61.9009,61.8863,61.8912,2745
2026-08-22 14:01:00,61.8814,61.8863,61.8814,61.8863,1361
2026-08-22 14:02:00,61.896,61.896,61.8885,61.8885,524
2026-08-22 14:03:00,61.8918,61.8918,61.8912,61.8912,2725
2026-08-22 14:04:00,61.896,61.9058,61.8863,61.896,3473
2026-08-22 14:05:00,61.8912,61.896,61.8863,61.896,1874
2026-08-22 14:06:00,61.8912,61.8912,61.8863,61.8912,2466
2026-08-22 14:07:00,61.8863,61.9009,61.8863,61.9009,3781
2026-08-22 14:08:00,61.9107,61.9107,61.9058,61.9107,1828
2026-08-22 14:09:00,61.9107,61.9107,61.9009,61.9009,1945
2026-08-22 14:10:00,61.9009,61.9107,61.896,61.9107,1864
2026-08-22 14:11:00,61.9155,61.9229,61.9155,61.9229,4194
2026-08-22 14:12:00,61.9204,61.9253,61.9204,61.9253,1266
2026-08-22 14:13:00,61.9351,61.9351,61.9351,61.9351,899
2026-08-22 14:14:00,61.9399,61.9448,61.9352,61.9352,1541
2026-08-22 14:15:00,61.9399,61.9448,61.9399,61.9448,1919
2026-08-22 14:16:00,61.9399,61.9448,61.9399,61.9399,1477
2026-08-22 14:17:00,61.9351,61.9399,61.9204,61.9302,11310
2026-08-22 14:18:00,61.9361,61.9399,61.9254,61.9351,4418
2026-08-22 14:19:00,61.9399,61.9399,61.9351,61.9351,1839
2026-08-22 14:20:00,61.9351,61.9351,61.9351,61.9351,802
2026-08-22 14:21:00,61.9253,61.9312,61.9253,61.9312,1747
2026-08-22 14:22:00,61.9253,61.9253,61.9058,61.9155,11350
2026-08-22 14:23:00,61.9107,61.9204,61.9107,61.9204,4852
2026-08-22 14:24:00,61.9399,61.9399,61.9351,61.9351,2019
2026-08-22 14:25:00,61.9351,61.9351,61.9265,61.9265,1582
2026-08-22 14:26:00,61.9399,61.9448,61.9399,61.9448,1906
2026-08-22 14:27:00,61.9497,61.9497,61.9448,61.9497,3780
2026-08-22 14:28:00,61.9497,61.9497,61.9497,61.9497,970
2026-08-22 14:29:00,61.9546,61.9546,61.9497,61.9497,2541
2026-08-22 14:30:00,61.9497,61.9546,61.946,61.9497,1501
2026-08-22 14:31:00,61.9497,61.9546,61.9448,61.9497,4687
2026-08-22 14:32:00,61.9546,61.9642,61.9546,61.9546,3658
2026-08-22 14:33:00,61.9448,61.9642,61.9448,61.9642,2212
2026-08-22 14:34:00,61.9595,61.9595,61.9546,61.9546,1961
2026-08-22 14:35:00,61.9497,61.9547,61.9497,61.9547,1964
2026-08-22 14:36:00,61.9643,61.9643,61.9497,61.9497,4570
2026-08-22 14:37:00,61.9497,61.9497,61.9448,61.9497,8243
2026-08-22 14:38:00,61.9497,61.9497,61.9448,61.9448,940
2026-08-22 14:39:00,61.9497,61.9497,61.9491,61.9497,1442
2026-08-22 14:40:00,61.9448,61.9497,61.9448,61.9497,764
2026-08-22 14:41:00,61.9546,61.9546,61.9473,61.9497,1298
2026-08-22 14:42:00,61.9497,61.9497,61.9448,61.9497,4683
2026-08-22 14:43:00,61.9497,61.9595,61.9448,61.9595,3057
2026-08-22 14:45:00,61.9595,61.9595,61.9546,61.9546,664
2026-08-22 14:46:00,61.9595,61.9643,61.9557,61.9557,1081
2026-08-22 14:47:00,61.9546,61.9546,61.9448,61.9497,3951
2026-08-22 14:48:00,61.9497,61.9497,61.9497,61.9497,2340
2026-08-22 14:49:00,61.9497,61.9497,61.9448,61.9448,2718
2026-08-22 14:50:00,61.9351,61.9546,61.9351,61.9546,3396
2026-08-22 14:51:00,61.9497,61.9497,61.9497,61.9497,995
2026-08-22 14:52:00,61.9474,61.9497,61.9399,61.9399,6141
2026-08-22 14:53:00,61.9399,61.9399,61.9351,61.9351,3334
2026-08-22 14:54:00,61.9448,61.9448,61.9448,61.9448,930
2026-08-22 14:55:00,61.9448,61.9448,61.9415,61.9415,2588
2026-08-22 14:56:00,61.9448,61.9448,61.9399,61.9399,1174
2026-08-22 14:57:00,61.9447,61.9447,61.9302,61.9351,3189
2026-08-22 14:58:00,61.9351,61.9399,61.9351,61.9399,1976
2026-08-22 14:59:00,61.9351,61.9399,61.9351,61.9399,1318
2026-08-22 15:00:00,61.9448,61.9448,61.9399,61.9399,12727
2026-08-22 15:01:00,61.9399,61.9546,61.9351,61.9546,4741
2026-08-22 15:02:00,61.9595,61.9595,61.9595,61.9595,958
2026-08-22 15:04:00,61.9595,61.9595,61.9558,61.9558,1774
2026-08-22 15:05:00,61.9643,61.9643,61.9546,61.9546,1374
2026-08-22 15:06:00,61.9595,61.9607,61.9497,61.9497,13815
2026-08-22 15:07:00,61.9497,61.9497,61.9497,61.9497,1290
2026-08-22 15:08:00,61.9546,61.9546,61.9469,61.9497,11706
2026-08-22 15:09:00,61.9497,61.9497,61.9497,61.9497,624
2026-08-22 15:10:00,61.9473,61.9546,61.9461,61.9497,4138
2026-08-22 15:11:00,61.9497,61.9595,61.9497,61.9595,7636
2026-08-22 15:12:00,61.9595,61.9595,61.9399,61.9497,7460
2026-08-22 15:13:00,61.9497,61.9595,61.9448,61.9546,12960
2026-08-22 15:14:00,61.9595,61.9595,61.9548,61.9595,2863
2026-08-22 15:15:00,61.9643,61.9741,61.9643,61.9738,3922
2026-08-22 15:16:00,61.9654,61.9692,61.9643,61.9692,5062
2026-08-22 15:17:00,61.9741,61.9887,61.9741,61.9887,4822
2026-08-22 15:18:00,61.9887,61.9887,61.979,61.979,5386
2026-08-22 15:19:00,61.9838,61.9838,61.979,61.979,9964
2026-08-22 15:20:00,61.979,61.9838,61.979,61.979,8650
2026-08-22 15:21:00,61.9838,61.9838,61.979,61.979,4224
2026-08-22 15:22:00,61.979,61.979,61.9497,61.9595,19660
2026-08-22 15:23:00,61.9595,61.9643,61.9595,61.9595,1793
2026-08-22 15:24:00,61.9595,61.9595,61.9562,61.9595,1846
2026-08-22 15:25:00,61.9595,61.9628,61.9497,61.9546,6704
2026-08-22 15:26:00,61.9497,61.9595,61.9461,61.9546,5298
2026-08-22 15:27:00,61.9595,61.9595,61.9557,61.9595,1745
2026-08-22 15:28:00,61.9595,61.9595,61.9546,61.9546,2355
2026-08-22 15:29:00,61.9546,61.9546,61.9448,61.9458,17888
2026-08-22 15:30:00,61.9497,61.9643,61.9497,61.9595,17606
2026-08-22 15:31:00,61.9595,61.9643,61.9546,61.9546,8818
2026-08-22 15:32:00,61.9595,61.9643,61.9595,61.9595,2992
2026-08-22 15:33:00,61.9643,61.9643,61.9643,61.9643,859
2026-08-22 15:34:00,61.9595,61.9643,61.9595,61.9643,5284
2026-08-22 15:35:00,61.9692,61.9741,61.9692,61.9692,2552
2026-08-22 15:36:00,61.9692,61.9692,61.9595,61.9692,9640
2026-08-22 15:37:00,61.9648,61.9692,61.9643,61.9653,6912
2026-08-22 15:38:00,61.9741,61.9826,61.9741,61.979,4580
2026-08-22 15:39:00,61.979,61.9838,61.9751,61.9754,3790
2026-08-22 15:40:00,61.9838,61.9936,61.9838,61.9936,2690
2026-08-22 15:41:00,61.9985,62.0229,61.9985,62.0034,16075
2026-08-22 15:42:00,61.9985,61.9985,61.9838,61.9838,9678
2026-08-22 15:43:00,61.9887,61.9985,61.9849,61.9985,8286
2026-08-22 15:44:00,61.9936,61.9995,61.9848,61.9995,4916
2026-08-22 15:45:00,61.9985,62.0082,61.9937,61.9985,8945
2026-08-22 15:46:00,61.9985,62.0034,61.9936,62.0034,4530
2026-08-22 15:47:00,62.0034,62.0229,62.0034,62.018,5978
2026-08-22 15:48:00,62.018,62.018,61.9887,61.9985,22818
2026-08-22 15:49:00,61.9936,62.0229,61.9936,62.018,14344
2026-08-22 15:50:00,62.0131,62.0131,61.9838,61.9936,38391
2026-08-22 15:51:00,61.9936,62.0082,61.9936,61.9985,13550
2026-08-22 15:52:00,62.0034,62.018,62.0034,62.0082,16592
2026-08-22 15:53:00,62.0082,62.0229,62.0082,62.0131,8013
2026-08-22 15:54:00,62.018,62.0717,62.018,62.0619,19463
2026-08-22 15:55:00,62.0668,62.0668,62.0424,62.0473,28601
2026-08-22 15:56:00,62.0473,62.0619,62.0473,62.0619,15407
2026-08-22 15:57:00,62.0619,62.0619,62.0424,62.0424,25534
2026-08-22 15:58:00,62.0424,62.0473,62.0326,62.0473,17841
2026-08-22 15:59:00,62.0521,62.0717,62.0326,62.0326,40552
2026-08-25 09:30:00,61.8277,61.9351,61.8277,61.8863,41157
2026-08-25 09:31:00,61.8668,61.8765,61.857,61.857,3623
2026-08-25 09:32:00,61.8668,61.8765,61.8668,61.8765,3137
2026-08-25 09:33:00,61.8619,61.8668,61.857,61.857,5690
2026-08-25 09:34:00,61.8557,61.8668,61.8557,61.8668,2255
2026-08-25 09:35:00,61.8619,61.8765,61.8521,61.857,6882
2026-08-25 09:36:00,61.857,61.8619,61.8521,61.8521,2334
2026-08-25 09:37:00,61.8473,61.8521,61.8375,61.8375,1564
2026-08-25 09:38:00,61.857,61.8912,61.857,61.8912,9736
2026-08-25 09:39:00,61.8814,61.8863,61.8814,61.8814,1390
2026-08-25 09:40:00,61.8863,61.8863,61.8765,61.8814,4284
2026-08-25 09:41:00,61.8765,61.9107,61.8765,61.9107,6094
2026-08-25 09:42:00,61.9107,61.9107,61.9058,61.9058,314
2026-08-25 09:43:00,61.9155,61.9302,61.9155,61.9204,7240
2026-08-25 09:44:00,61.9155,61.9302,61.9155,61.9302,3742
2026-08-25 09:45:00,61.9302,61.9546,61.9302,61.9497,3159
2026-08-25 09:46:00,61.9546,61.9546,61.9448,61.9448,1124
2026-08-25 09:47:00,61.9351,61.9546,61.9346,61.9546,2743
2026-08-25 09:48:00,61.9634,61.9931,61.9634,61.9838,8463
2026-08-25 09:49:00,61.9838,61.9916,61.9643,61.9643,2321
2026-08-25 09:50:00,61.9546,61.9546,61.9546,61.9546,294
2026-08-25 09:51:00,61.9643,61.9838,61.9643,61.9819,3907
2026-08-25 09:52:00,61.9838,61.9838,61.9595,61.9643,2948
2026-08-25 09:53:00,61.9595,61.9595,61.9546,61.9595,1958
2026-08-25 09:54:00,61.9546,61.9692,61.9546,61.9643,2280
2026-08-25 09:55:00,61.9692,61.9887,61.9692,61.9838,1040
2026-08-25 09:56:00,61.979,61.9819,61.979,61.9819,369
2026-08-25 09:57:00,61.979,61.979,61.9643,61.9643,2179
2026-08-25 09:58:00,61.9576,61.9916,61.9576,61.9838,4405
2026-08-25 09:59:00,61.9838,61.9887,61.979,61.979,2489
2026-08-25 10:00:00,61.979,61.979,61.9448,61.9448,3109
2026-08-25 10:01:00,61.9351,61.9838,61.9302,61.9838,8114
2026-08-25 10:02:00,61.9838,61.9936,61.9838,61.9838,1729
2026-08-25 10:03:00,61.9741,61.9838,61.9643,61.9643,4432
2026-08-25 10:04:00,61.9643,61.9692,61.9546,61.9595,4560
2026-08-25 10:05:00,61.9595,61.9595,61.9448,61.9448,6377
2026-08-25 10:06:00,61.9497,61.9497,61.9448,61.9448,1174
2026-08-25 10:07:00,61.9546,61.9643,61.9497,61.9643,4828
2026-08-25 10:08:00,61.9546,61.9692,61.9448,61.9692,3144
2026-08-25 10:09:00,61.9741,62.0034,61.9741,61.9985,1782
2026-08-25 10:10:00,61.9936,62.0082,61.9936,62.0082,1174
2026-08-25 10:11:00,62.0082,62.0082,62.0034,62.0034,1164
2026-08-25 10:12:00,62.0034,62.0034,61.9936,62.0034,1071
2026-08-25 10:13:00,61.9985,62.0034,61.9692,61.9692,3680
2026-08-25 10:14:00,61.9692,62.0082,61.9692,62.0034,6645
2026-08-25 10:15:00,62.0229,62.0326,62.0034,62.0034,3980
2026-08-25 10:16:00,62.0034,62.018,61.9985,62.0082,1602
2026-08-25 10:17:00,62.0131,62.0326,62.0082,62.0277,6959
2026-08-25 10:18:00,62.0326,62.0521,62.0277,62.0473,6571
2026-08-25 10:19:00,62.0521,62.057,62.0375,62.0473,4110
2026-08-25 10:20:00,62.0521,62.057,62.0424,62.0473,5279
2026-08-25 10:21:00,62.0473,62.0473,62.0375,62.0375,1592
2026-08-25 10:22:00,62.0375,62.0424,62.0326,62.0424,1312
2026-08-25 10:23:00,62.0521,62.0521,62.0424,62.0473,3449
2026-08-25 10:24:00,62.0448,62.0668,62.0448,62.0668,1616
2026-08-25 10:25:00,62.062,62.0668,62.0472,62.0472,3182
2026-08-25 10:26:00,62.0473,62.0473,62.0473,62.0473,725
2026-08-25 10:27:00,62.0521,62.0765,62.0521,62.0619,10391
2026-08-25 10:28:00,62.0619,62.0765,62.0619,62.0717,1652
2026-08-25 10:29:00,62.0765,62.0765,62.0668,62.0717,1909
2026-08-25 10:30:00,62.0717,62.0717,62.0619,62.0668,933
2026-08-25 10:31:00,62.0619,62.0863,62.0619,62.0863,4499
2026-08-25 10:32:00,62.0912,62.1009,62.0912,62.0912,3558
2026-08-25 10:33:00,62.0863,62.096,62.0863,62.096,673
2026-08-25 10:34:00,62.0912,62.1156,62.0912,62.1107,6278
2026-08-25 10:35:00,62.1107,62.1107,62.1009,62.1058,2913
2026-08-25 10:36:00,62.1058,62.1156,62.1009,62.1026,2515
2026-08-25 10:37:00,62.1156,62.1204,62.1156,62.1204,1015
2026-08-25 10:38:00,62.1156,62.1156,62.1009,62.1055,4493
2026-08-25 10:39:00,62.1058,62.1058,62.0912,62.096,7919
2026-08-25 10:40:00,62.1009,62.1107,62.0717,62.0717,21665
2026-08-25 10:41:00,62.0765,62.0863,62.0765,62.0863,2143
2026-08-25 10:42:00,62.0814,62.0814,62.0619,62.0668,3222
2026-08-25 10:43:00,62.0668,62.0668,62.0619,62.0619,660
2026-08-25 10:44:00,62.057,62.0668,62.057,62.0668,2177
2026-08-25 10:45:00,62.0619,62.0619,62.0448,62.0448,597
2026-08-25 10:46:00,62.0448,62.057,62.0375,62.057,2699
2026-08-25 10:47:00,62.057,62.0619,62.0521,62.0619,2067
2026-08-25 10:48:00,62.0619,62.0619,62.057,62.057,921
2026-08-25 10:49:00,62.0521,62.0619,62.0521,62.0619,1362
2026-08-25 10:50:00,62.0619,62.0619,62.057,62.0619,973
2026-08-25 10:51:00,62.0619,62.0717,62.0521,62.0521,3746
2026-08-25 10:52:00,62.057,62.057,62.0521,62.057,1904
2026-08-25 10:53:00,62.0619,62.0668,62.0619,62.0668,1365
2026-08-25 10:54:00,62.0619,62.0619,62.0521,62.0521,1161
2026-08-25 10:55:00,62.0619,62.0619,62.0326,62.0375,2190
2026-08-25 10:56:00,62.0424,62.0424,62.0375,62.0375,657
2026-08-25 10:57:00,62.0375,62.0424,62.0277,62.0375,3140
2026-08-25 10:58:00,62.0375,62.0668,62.0375,62.057,2387
2026-08-25 10:59:00,62.057,62.057,62.0351,62.0351,4597
2026-08-25 11:00:00,62.0375,62.0375,62.0326,62.0375,699
2026-08-25 11:01:00,62.0424,62.0424,62.0375,62.0375,1264
2026-08-25 11:02:00,62.0424,62.0521,62.0424,62.0521,1656
2026-08-25 11:03:00,62.0521,62.0521,62.0326,62.0375,4146
2026-08-25 11:04:00,62.0326,62.0424,62.0326,62.0326,2023
2026-08-25 11:05:00,62.0326,62.0424,62.0277,62.0375,2969
2026-08-25 11:06:00,62.0375,62.0388,62.0326,62.0326,1441
2026-08-25 11:07:00,62.0473,62.0473,62.0326,62.0326,863
2026-08-25 11:08:00,62.0277,62.0277,62.0229,62.0229,745
2026-08-25 11:09:00,62.0229,62.0277,62.0131,62.0277,4536
2026-08-25 11:10:00,62.0277,62.0375,62.0277,62.0375,1832
2026-08-25 11:11:00,62.0375,62.0521,62.0375,62.0521,3275
2026-08-25 11:12:00,62.0521,62.0521,62.0326,62.0473,3000
2026-08-25 11:13:00,62.0473,62.0502,62.0473,62.0502,1431
2026-08-25 11:14:00,62.0473,62.0521,62.0473,62.0521,743
2026-08-25 11:15:00,62.0448,62.0473,62.0448,62.0473,712
2026-08-25 11:16:00,62.0473,62.0473,62.0229,62.0277,14689
2026-08-25 11:17:00,62.0277,62.0277,62.0229,62.0229,5245
2026-08-25 11:18:00,62.0277,62.0277,62.0229,62.0229,2774
2026-08-25 11:19:00,62.0229,62.0277,62.0131,62.0277,5834
2026-08-25 11:20:00,62.0277,62.0277,62.0131,62.0131,2574
2026-08-25 11:21:00,62.018,62.018,62.018,62.018,1126
2026-08-25 11:22:00,62.0131,62.0131,62.0058,62.0082,1623
2026-08-25 11:23:00,62.0082,62.0082,61.9936,61.9936,16429
2026-08-25 11:24:00,61.9887,62.0229,61.9887,62.018,4334
2026-08-25 11:25:00,62.0229,62.0277,62.0229,62.0277,1079
2026-08-25 11:26:00,62.0277,62.0326,62.018,62.0229,4940
2026-08-25 11:27:00,62.0229,62.0229,62.0229,62.0229,1055
2026-08-25 11:28:00,62.0139,62.0375,62.0139,62.0326,12368
2026-08-25 11:29:00,62.0277,62.0277,62.0277,62.0277,932
2026-08-25 11:30:00,62.0277,62.0326,62.0277,62.0277,2119
2026-08-25 11:31:00,62.0277,62.0277,62.0229,62.0229,3015
2026-08-25 11:32:00,62.0229,62.0229,62.0131,62.018,2178
2026-08-25 11:33:00,62.0156,62.018,62.0131,62.0131,3734
2026-08-25 11:34:00,62.0131,62.0326,62.0131,62.0326,7701
2026-08-25 11:35:00,62.0326,62.0424,62.0326,62.0375,6166
2026-08-25 11:36:00,62.0424,62.0473,62.0424,62.0424,4063
2026-08-25 11:37:00,62.0326,62.0375,62.0277,62.0375,6190
2026-08-25 11:38:00,62.0424,62.0473,62.0424,62.0473,1392
2026-08-25 11:39:00,62.0473,62.0473,62.0425,62.0473,1526
2026-08-25 11:40:00,62.0521,62.057,62.0361,62.0424,3222
2026-08-25 11:41:00,62.0375,62.0473,62.0375,62.0424,521
2026-08-25 11:42:00,62.0473,62.0473,62.0434,62.0473,2884
2026-08-25 11:43:00,62.0473,62.0473,62.0326,62.0375,1650
2026-08-25 11:44:00,62.0375,62.0375,62.0229,62.0277,4121
2026-08-25 11:45:00,62.0229,62.0277,62.0177,62.018,2060
2026-08-25 11:46:00,62.0156,62.0326,62.0156,62.0326,3224
2026-08-25 11:47:00,62.0229,62.0229,62.0082,62.0082,3943
2026-08-25 11:48:00,62.0082,62.0082,62.0082,62.0082,1067
2026-08-25 11:49:00,62.0082,62.0082,62.0082,62.0082,1246
2026-08-25 11:50:00,62.0082,62.0277,62.0082,62.0277,1799
2026-08-25 11:51:00,62.0277,62.0277,62.0277,62.0277,211
2026-08-25 11:52:00,62.0326,62.0375,62.0277,62.0326,3184
2026-08-25 11:53:00,62.0229,62.0326,62.0229,62.0277,7857
2026-08-25 11:54:00,62.0277,62.0277,62.0277,62.0277,475
2026-08-25 11:55:00,62.0326,62.0326,62.0277,62.0277,1536
2026-08-25 11:56:00,62.0277,62.0277,62.018,62.018,2045
2026-08-25 11:57:00,62.0229,62.0229,61.9985,61.9985,2290
2026-08-25 11:58:00,62.0034,62.018,62.0034,62.018,1502
2026-08-25 11:59:00,62.018,62.0226,62.0131,62.0131,1045
2026-08-25 12:00:00,62.0082,62.0131,62.0034,62.0082,2798
2026-08-25 12:01:00,62.0131,62.018,62.0131,62.018,1327
2026-08-25 12:02:00,62.018,62.0277,62.018,62.0229,1767
2026-08-25 12:03:00,62.0229,62.0229,62.018,62.018,1551
2026-08-25 12:04:00,62.0229,62.0277,62.0229,62.0277,555
2026-08-25 12:05:00,62.0326,62.0375,62.0326,62.0375,1207
2026-08-25 12:06:00,62.0424,62.0619,62.0424,62.057,2408
2026-08-25 12:07:00,62.057,62.057,62.0521,62.057,1727
2026-08-25 12:08:00,62.057,62.057,62.0521,62.0521,887
2026-08-25 12:09:00,62.0619,62.0619,62.0521,62.0521,1765
2026-08-25 12:10:00,62.0521,62.0521,62.0473,62.0473,4032
2026-08-25 12:11:00,62.0473,62.0486,62.0424,62.0425,1159
2026-08-25 12:12:00,62.0521,62.0521,62.0473,62.0473,545
2026-08-25 12:13:00,62.0473,62.0473,62.0424,62.0473,2141
2026-08-25 12:14:00,62.0473,62.0473,62.0424,62.0473,830
2026-08-25 12:15:00,62.0473,62.0619,62.0473,62.057,2273
2026-08-25 12:16:00,62.0619,62.0717,62.0558,62.0717,1830
2026-08-25 12:17:00,62.0717,62.0717,62.0717,62.0717,1142
2026-08-25 12:18:00,62.0765,62.0765,62.0765,62.0765,830
2026-08-25 12:19:00,62.0765,62.0765,62.0668,62.0668,1068
2026-08-25 12:20:00,62.0717,62.0814,62.0717,62.0717,966
2026-08-25 12:21:00,62.0765,62.0765,62.0717,62.0717,975
2026-08-25 12:22:00,62.0765,62.0912,62.0765,62.0912,2357
2026-08-25 12:23:00,62.0863,62.0863,62.0765,62.0765,1622
2026-08-25 12:25:00,62.0765,62.0765,62.0765,62.0765,1135
2026-08-25 12:26:00,62.0741,62.0814,62.0741,62.0765,920
2026-08-25 12:27:00,62.0814,62.0863,62.0814,62.0863,892
2026-08-25 12:28:00,62.0863,62.1058,62.0863,62.1058,1180
2026-08-25 12:29:00,62.1058,62.1082,62.1009,62.1058,2343
2026-08-25 12:30:00,62.1058,62.1156,62.1009,62.1156,1625
2026-08-25 12:31:00,62.1107,62.1107,62.1058,62.1058,1783
2026-08-25 12:32:00,62.1058,62.1058,62.096,62.1058,2043
2026-08-25 12:33:00,62.1009,62.1009,62.1009,62.1009,1132
2026-08-25 12:34:00,62.0912,62.1009,62.0863,62.1009,1399
2026-08-25 12:35:00,62.1107,62.1204,62.1107,62.1156,1616
2026-08-25 12:37:00,62.1156,62.1204,62.1107,62.1204,1578
2026-08-25 12:38:00,62.1107,62.1204,62.1107,62.1156,1379
2026-08-25 12:39:00,62.1107,62.1204,62.1107,62.1204,1082
2026-08-25 12:40:00,62.1253,62.1302,62.1253,62.1302,687
2026-08-25 12:41:00,62.1204,62.1253,62.1204,62.1253,625
2026-08-25 12:42:00,62.1253,62.1253,62.1204,62.1253,2370
2026-08-25 12:43:00,62.1131,62.1253,62.1131,62.1214,2131
2026-08-25 12:44:00,62.1253,62.1253,62.1253,62.1253,506
2026-08-25 12:45:00,62.1204,62.1302,62.1204,62.1253,3483
2026-08-25 12:46:00,62.1253,62.1253,62.1107,62.1107,9036
2026-08-25 12:47:00,62.1156,62.1204,62.1107,62.1156,1334
2026-08-25 12:48:00,62.1156,62.1156,62.1107,62.1156,1191
2026-08-25 12:49:00,62.1107,62.1156,62.1107,62.1107,888
2026-08-25 12:50:00,62.1142,62.13,62.1107,62.13,1604
2026-08-25 12:51:00,62.1253,62.1351,62.1253,62.1351,1265
2026-08-25 12:52:00,62.1351,62.1351,62.1204,62.1302,2493
2026-08-25 12:53:00,62.1351,62.1448,62.1302,62.1448,7329
2026-08-25 12:54:00,62.1448,62.1448,62.14,62.14,429
2026-08-25 12:55:00,62.1448,62.1546,62.14,62.1546,2742
2026-08-25 12:56:00,62.1546,62.1546,62.14,62.1448,5390
2026-08-25 12:57:00,62.14,62.14,62.1302,62.1302,937
2026-08-25 12:58:00,62.1351,62.1351,62.1302,62.1302,868
2026-08-25 12:59:00,62.1351,62.14,62.1326,62.1351,1087
2026-08-25 13:01:00,62.14,62.1497,62.1351,62.1497,840
2026-08-25 13:02:00,62.1546,62.1692,62.1546,62.1643,1566
2026-08-25 13:03:00,62.1643,62.1643,62.1643,62.1643,552
2026-08-25 13:04:00,62.1692,62.179,62.1692,62.179,617
2026-08-25 13:05:00,62.1741,62.1839,62.1741,62.1839,1862
2026-08-25 13:06:00,62.179,62.179,62.1643,62.1741,4825
2026-08-25 13:07:00,62.1741,62.1741,62.1692,62.1692,2235
2026-08-25 13:08:00,62.1741,62.179,62.1595,62.1643,2517
2026-08-25 13:09:00,62.1643,62.1643,62.1643,62.1643,688
2026-08-25 13:11:00,62.1741,62.1839,62.1693,62.1839,3029
2026-08-25 13:12:00,62.1839,62.1839,62.179,62.1839,492
2026-08-25 13:13:00,62.1887,62.2082,62.1887,62.1887,4755
2026-08-25 13:14:00,62.1984,62.1984,62.1741,62.1741,3240
2026-08-25 13:15:00,62.1741,62.179,62.1741,62.1741,988
2026-08-25 13:16:00,62.1839,62.1839,62.179,62.179,1130
2026-08-25 13:17:00,62.1693,62.1693,62.1546,62.1643,3870
2026-08-25 13:18:00,62.1692,62.1741,62.1692,62.1741,4616
2026-08-25 13:19:00,62.1692,62.1765,62.1692,62.1765,1511
2026-08-25 13:20:00,62.179,62.1873,62.179,62.179,2694
2026-08-25 13:21:00,62.179,62.179,62.179,62.179,583
2026-08-25 13:22:00,62.1717,62.1839,62.1692,62.1839,1424
2026-08-25 13:23:00,62.1839,62.1839,62.179,62.1839,549
2026-08-25 13:24:00,62.179,62.1839,62.179,62.179,1747
2026-08-25 13:25:00,62.179,62.1839,62.1692,62.1839,3968
2026-08-25 13:26:00,62.179,62.1839,62.179,62.1839,843
2026-08-25 13:27:00,62.179,62.179,62.1497,62.1546,1673
2026-08-25 13:28:00,62.1497,62.1546,62.1497,62.1497,1086
2026-08-25 13:29:00,62.1497,62.1546,62.1497,62.1546,1897
2026-08-25 13:30:00,62.1573,62.1573,62.1573,62.1573,543
2026-08-25 13:31:00,62.1595,62.1595,62.1595,62.1595,486
2026-08-25 13:32:00,62.1497,62.1497,62.1107,62.1107,5184
2026-08-25 13:33:00,62.1156,62.1253,62.1107,62.1204,2960
2026-08-25 13:34:00,62.1239,62.1239,62.1107,62.1204,4148
2026-08-25 13:35:00,62.1204,62.1204,62.1204,62.1204,787
2026-08-25 13:36:00,62.1253,62.1253,62.1107,62.1204,1902
2026-08-25 13:37:00,62.1156,62.1156,62.1107,62.1107,1184
2026-08-25 13:38:00,62.1107,62.1302,62.1058,62.1302,3577
2026-08-25 13:39:00,62.1302,62.1302,62.1107,62.1156,7102
2026-08-25 13:40:00,62.1156,62.1156,62.1107,62.1107,2008
2026-08-25 13:41:00,62.1058,62.1058,62.096,62.096,1425
2026-08-25 13:42:00,62.1058,62.1058,62.1009,62.1009,622
2026-08-25 13:43:00,62.096,62.096,62.096,62.096,388
2026-08-25 13:44:00,62.1009,62.1058,62.096,62.096,3254
2026-08-25 13:45:00,62.1009,62.1058,62.0863,62.0863,4634
2026-08-25 13:46:00,62.0814,62.0912,62.0814,62.0814,3185
2026-08-25 13:47:00,62.0717,62.0814,62.0717,62.0814,2570
2026-08-25 13:48:00,62.0912,62.0912,62.0912,62.0912,340
2026-08-25 13:49:00,62.0912,62.0912,62.0912,62.0912,400
2026-08-25 13:50:00,62.0863,62.0863,62.0814,62.0814,1380
2026-08-25 13:51:00,62.0812,62.0912,62.0812,62.0814,1976
2026-08-25 13:52:00,62.0863,62.0863,62.0814,62.0814,1602
2026-08-25 13:53:00,62.0814,62.0863,62.0814,62.0863,910
2026-08-25 13:54:00,62.0912,62.1009,62.0912,62.1009,1492
2026-08-25 13:55:00,62.1058,62.1107,62.1058,62.1058,872
2026-08-25 13:56:00,62.1058,62.1058,62.1058,62.1058,1035
2026-08-25 13:57:00,62.1058,62.1253,62.1058,62.1107,5196
2026-08-25 13:58:00,62.1204,62.1253,62.1204,62.1253,443
2026-08-25 13:59:00,62.1204,62.1204,62.1204,62.1204,322
2026-08-25 14:00:00,62.1253,62.1253,62.1058,62.1058,4079
2026-08-25 14:01:00,62.1107,62.1107,62.1107,62.1107,1467
2026-08-25 14:02:00,62.1107,62.1107,62.1066,62.1107,720
2026-08-25 14:03:00,62.1058,62.1058,62.1058,62.1058,527
2026-08-25 14:04:00,62.1107,62.1107,62.1058,62.1068,2663
2026-08-25 14:05:00,62.1058,62.1204,62.1058,62.1204,1741
2026-08-25 14:06:00,62.1204,62.1204,62.1106,62.1107,2451
2026-08-25 14:07:00,62.1009,62.1058,62.1009,62.1058,2284
2026-08-25 14:08:00,62.1009,62.1009,62.0717,62.096,16197
2026-08-25 14:09:00,62.1009,62.1107,62.0912,62.1058,6034
2026-08-25 14:10:00,62.1058,62.1058,62.0912,62.0912,2743
2026-08-25 14:11:00,62.0912,62.0912,62.0668,62.0668,2174
2026-08-25 14:12:00,62.0668,62.0668,62.0668,62.0668,344
2026-08-25 14:13:00,62.0717,62.0765,62.0717,62.0765,2517
2026-08-25 14:14:00,62.0726,62.0726,62.0668,62.0668,2290
2026-08-25 14:15:00,62.064,62.0717,62.064,62.0717,447
2026-08-25 14:16:00,62.0717,62.0765,62.0717,62.0765,647
2026-08-25 14:17:00,62.0765,62.0814,62.0765,62.0814,595
2026-08-25 14:18:00,62.0814,62.0814,62.0717,62.0765,1134
2026-08-25 14:19:00,62.0814,62.0814,62.0765,62.0765,1163
2026-08-25 14:20:00,62.0814,62.1009,62.0814,62.096,3241
2026-08-25 14:21:00,62.096,62.096,62.0912,62.0912,4673
2026-08-25 14:22:00,62.1009,62.1107,62.1009,62.1107,1380
2026-08-25 14:23:00,62.1156,62.1204,62.1156,62.1204,2614
2026-08-25 14:24:00,62.1246,62.1302,62.1246,62.1253,986
2026-08-25 14:25:00,62.1253,62.1301,62.1204,62.1204,2640
2026-08-25 14:26:00,62.1302,62.1302,62.1253,62.1302,5999
2026-08-25 14:27:00,62.1253,62.1253,62.1009,62.1009,4899
2026-08-25 14:28:00,62.096,62.1009,62.096,62.1009,785
2026-08-25 14:29:00,62.096,62.1156,62.096,62.1156,3449
2026-08-25 14:30:00,62.1156,62.1156,62.0914,62.1009,7716
2026-08-25 14:31:00,62.1009,62.1009,62.1002,62.1002,626
2026-08-25 14:32:00,62.096,62.096,62.0863,62.0863,3810
2026-08-25 14:33:00,62.0814,62.0912,62.0717,62.0863,9448
2026-08-25 14:34:00,62.0863,62.0863,62.0863,62.0863,310
2026-08-25 14:35:00,62.0815,62.1009,62.0815,62.1009,2365
2026-08-25 14:36:00,62.096,62.096,62.0814,62.0814,3936
2026-08-25 14:37:00,62.0814,62.0912,62.0814,62.0912,2570
2026-08-25 14:38:00,62.096,62.096,62.0912,62.096,1196
2026-08-25 14:39:00,62.0912,62.096,62.0912,62.096,728
2026-08-25 14:40:00,62.096,62.096,62.0912,62.0912,1004
2026-08-25 14:41:00,62.0912,62.1058,62.0912,62.1009,6974
2026-08-25 14:42:00,62.096,62.096,62.0863,62.0912,2263
2026-08-25 14:43:00,62.1009,62.1009,62.1009,62.1009,529
2026-08-25 14:44:00,62.1009,62.1009,62.096,62.1009,866
2026-08-25 14:45:00,62.1009,62.1107,62.1009,62.1107,3475
2026-08-25 14:46:00,62.1058,62.1058,62.0863,62.0863,3849
2026-08-25 14:47:00,62.0863,62.0912,62.0814,62.0863,5401
2026-08-25 14:48:00,62.0717,62.0717,62.0717,62.0717,417
2026-08-25 14:49:00,62.0765,62.0814,62.0717,62.0717,2464
2026-08-25 14:50:00,62.0765,62.0863,62.0765,62.0863,1915
2026-08-25 14:51:00,62.0863,62.0863,62.0863,62.0863,456
2026-08-25 14:52:00,62.0863,62.0863,62.0863,62.0863,438
2026-08-25 14:53:00,62.0814,62.096,62.0814,62.096,7813
2026-08-25 14:54:00,62.096,62.096,62.096,62.096,712
2026-08-25 14:55:00,62.096,62.1009,62.0863,62.1009,28446
2026-08-25 14:56:00,62.1009,62.1058,62.0765,62.0765,8936
2026-08-25 14:57:00,62.0765,62.0765,62.0765,62.0765,360
2026-08-25 14:58:00,62.0765,62.0765,62.0765,62.0765,502
2026-08-25 14:59:00,62.0717,62.0863,62.0717,62.0717,7747
2026-08-25 15:00:00,62.0668,62.0668,62.0668,62.0668,290
2026-08-25 15:01:00,62.0717,62.0717,62.0717,62.0717,417
2026-08-25 15:02:00,62.0668,62.0668,62.0668,62.0668,6444
2026-08-25 15:03:00,62.0668,62.0668,62.0473,62.057,3880
2026-08-25 15:04:00,62.0521,62.0521,62.0521,62.0521,1903
2026-08-25 15:05:00,62.0521,62.057,62.0448,62.0521,2215
2026-08-25 15:06:00,62.0473,62.0473,62.0473,62.0473,979
2026-08-25 15:07:00,62.0473,62.0473,62.0473,62.0473,372
2026-08-25 15:08:00,62.0521,62.0521,62.0473,62.0473,1070
2026-08-25 15:09:00,62.0473,62.0521,62.0473,62.0473,4593
2026-08-25 15:10:00,62.0473,62.0619,62.0442,62.0619,5405
2026-08-25 15:11:00,62.0521,62.0717,62.0473,62.0668,9463
2026-08-25 15:12:00,62.0716,62.0814,62.0668,62.0717,4259
2026-08-25 15:13:00,62.0741,62.0814,62.0741,62.0765,1016
2026-08-25 15:14:00,62.0814,62.0814,62.0717,62.0765,4924
2026-08-25 15:15:00,62.0765,62.0765,62.0668,62.0717,21867
2026-08-25 15:16:00,62.0765,62.0765,62.0619,62.0668,2154
2026-08-25 15:17:00,62.0717,62.0814,62.0717,62.0814,1730
2026-08-25 15:18:00,62.0756,62.0863,62.0756,62.0855,2507
2026-08-25 15:19:00,62.0863,62.0863,62.0782,62.0814,8871
2026-08-25 15:20:00,62.0814,62.0863,62.0726,62.0726,9772
2026-08-25 15:21:00,62.0814,62.0863,62.0814,62.0863,4122
2026-08-25 15:22:00,62.0863,62.0912,62.0814,62.0912,4530
2026-08-25 15:23:00,62.0912,62.1106,62.0863,62.0863,4141
2026-08-25 15:24:00,62.0863,62.0863,62.0814,62.0814,2054
2026-08-25 15:25:00,62.0814,62.0912,62.0814,62.0863,1447
2026-08-25 15:26:00,62.0863,62.0863,62.0814,62.0863,1295
2026-08-25 15:27:00,62.0814,62.0814,62.0717,62.0765,2562
2026-08-25 15:28:00,62.0765,62.0814,62.0717,62.0765,11213
2026-08-25 15:29:00,62.0765,62.0814,62.0765,62.0765,3347
2026-08-25 15:30:00,62.0765,62.0912,62.0619,62.0643,17092
2026-08-25 15:31:00,62.0668,62.0668,62.0668,62.0668,1076
2026-08-25 15:32:00,62.0668,62.0717,62.0619,62.0658,1651
2026-08-25 15:33:00,62.0668,62.0668,62.0668,62.0668,639
2026-08-25 15:34:00,62.0668,62.0814,62.0619,62.0814,18821
2026-08-25 15:35:00,62.0765,62.0765,62.0668,62.0668,3253
2026-08-25 15:36:00,62.0668,62.0668,62.0619,62.0668,665
2026-08-25 15:37:00,62.0619,62.0717,62.0619,62.0668,2546
2026-08-25 15:38:00,62.0668,62.0668,62.0531,62.057,8082
2026-08-25 15:39:00,62.057,62.0619,62.0434,62.0473,11924
2026-08-25 15:40:00,62.0473,62.0521,62.0473,62.0521,4002
2026-08-25 15:41:00,62.0521,62.0521,62.0521,62.0521,938
2026-08-25 15:42:00,62.0473,62.0521,62.0473,62.0473,927
2026-08-25 15:43:00,62.0473,62.0619,62.0473,62.057,4888
2026-08-25 15:44:00,62.057,62.0619,62.0473,62.057,16181
2026-08-25 15:45:00,62.057,62.0619,62.0521,62.057,3088
2026-08-25 15:46:00,62.057,62.057,62.0521,62.057,3467
2026-08-25 15:47:00,62.057,62.057,62.0521,62.0521,3285
2026-08-25 15:48:00,62.057,62.057,62.0424,62.0473,16814
2026-08-25 15:49:00,62.0473,62.057,62.0437,62.0473,26486
2026-08-25 15:50:00,62.0521,62.0717,62.0519,62.057,19203
2026-08-25 15:51:00,62.057,62.0619,62.0521,62.057,11978
2026-08-25 15:52:00,62.057,62.0717,62.057,62.057,17849
2026-08-25 15:53:00,62.057,62.1204,62.057,62.0668,102569
2026-08-25 15:54:00,62.0668,62.0668,62.0424,62.0473,15147
2026-08-25 15:55:00,62.0473,62.0619,62.0424,62.0473,14516
2026-08-25 15:56:00,62.0424,62.0765,62.0424,62.0668,33958
2026-08-25 15:57:00,62.0668,62.0814,62.0668,62.0765,18116
2026-08-25 15:58:00,62.0765,62.0814,62.0521,62.0668,47610
2026-08-25 15:59:00,62.0717,62.1253,62.0668,62.1107,54613
2026-08-26 09:30:00,62.4424,62.4444,62.4034,62.4424,41350
2026-08-26 09:31:00,62.4326,62.4326,62.4083,62.4278,7954
2026-08-26 09:32:00,62.4229,62.4278,62.4131,62.4131,4336
2026-08-26 09:33:00,62.4131,62.4375,62.3644,62.3644,20559
2026-08-26 09:34:00,62.3644,62.3692,62.3595,62.3644,2223
2026-08-26 09:35:00,62.3546,62.4034,62.3546,62.4034,1428
2026-08-26 09:36:00,62.4083,62.4229,62.4034,62.4112,5651
2026-08-26 09:37:00,62.4034,62.4034,62.3692,62.3692,4157
2026-08-26 09:38:00,62.3741,62.3839,62.3741,62.379,1382
2026-08-26 09:39:00,62.3878,62.3887,62.3878,62.3887,400
2026-08-26 09:40:00,62.3936,62.3936,62.379,62.3875,6460
2026-08-26 09:41:00,62.3839,62.4083,62.3839,62.4034,13002
2026-08-26 09:42:00,62.3936,62.3936,62.3546,62.3546,27808
2026-08-26 09:43:00,62.3644,62.3741,62.3448,62.3741,5352
2026-08-26 09:44:00,62.3644,62.3838,62.3644,62.3741,681
2026-08-26 09:45:00,62.3839,62.4034,62.3741,62.4034,3190
2026-08-26 09:46:00,62.4034,62.4131,62.3985,62.4131,2630
2026-08-26 09:47:00,62.4034,62.4034,62.3936,62.3936,1397
2026-08-26 09:48:00,62.4034,62.4229,62.3985,62.4229,2091
2026-08-26 09:49:00,62.4229,62.4229,62.4034,62.4131,2216
2026-08-26 09:50:00,62.4229,62.4326,62.4229,62.4229,1902
2026-08-26 09:51:00,62.4229,62.4229,62.3936,62.3936,5528
2026-08-26 09:52:00,62.3839,62.3936,62.379,62.3936,3666
2026-08-26 09:53:00,62.3936,62.4034,62.3546,62.3546,7930
2026-08-26 09:54:00,62.3546,62.3643,62.3497,62.3546,3241
2026-08-26 09:55:00,62.3448,62.3497,62.3253,62.3253,3572
2026-08-26 09:56:00,62.3156,62.3253,62.3156,62.3253,11036
2026-08-26 09:57:00,62.3253,62.3253,62.3156,62.3156,4503
2026-08-26 09:58:00,62.3156,62.3351,62.3156,62.3351,3937
2026-08-26 09:59:00,62.3351,62.3351,62.3253,62.3253,471
2026-08-26 10:00:00,62.3253,62.3351,62.2961,62.3058,6442
2026-08-26 10:01:00,62.3058,62.3253,62.3058,62.3156,6997
2026-08-26 10:02:00,62.3253,62.3448,62.3156,62.3448,9797
2026-08-26 10:03:00,62.3448,62.3839,62.3448,62.3839,6447
2026-08-26 10:04:00,62.3839,62.4131,62.3839,62.4034,6203
2026-08-26 10:05:00,62.4083,62.4229,62.4034,62.4131,5344
2026-08-26 10:06:00,62.4131,62.4326,62.4083,62.4229,8297
2026-08-26 10:07:00,62.4131,62.4131,62.4131,62.4131,639
2026-08-26 10:08:00,62.4083,62.4083,62.3839,62.3985,1879
2026-08-26 10:09:00,62.3936,62.3936,62.3741,62.3839,8838
2026-08-26 10:10:00,62.3839,62.3839,62.3644,62.3644,5358
2026-08-26 10:11:00,62.3692,62.3741,62.3595,62.3692,2484
2026-08-26 10:12:00,62.3692,62.379,62.3692,62.379,2955
2026-08-26 10:13:00,62.3692,62.379,62.3692,62.3741,2528
2026-08-26 10:14:00,62.3692,62.3692,62.3448,62.3546,16188
2026-08-26 10:15:00,62.3546,62.3595,62.3448,62.3448,3528
2026-08-26 10:16:00,62.3497,62.3741,62.3448,62.3741,5231
2026-08-26 10:17:00,62.3692,62.3741,62.3692,62.3741,1254
2026-08-26 10:18:00,62.379,62.3985,62.3692,62.3741,4194
2026-08-26 10:19:00,62.3741,62.3985,62.3741,62.3936,4575
2026-08-26 10:20:00,62.3741,62.3741,62.3692,62.3741,1376
2026-08-26 10:21:00,62.379,62.3985,62.379,62.3985,1122
2026-08-26 10:22:00,62.4034,62.4326,62.4034,62.4326,6868
2026-08-26 10:23:00,62.4326,62.4473,62.4326,62.4424,6063
2026-08-26 10:24:00,62.4424,62.457,62.4424,62.4424,2718
2026-08-26 10:25:00,62.4326,62.4351,62.4034,62.4083,12043
2026-08-26 10:26:00,62.4083,62.4229,62.4034,62.4229,2630
2026-08-26 10:27:00,62.4229,62.4424,62.418,62.4424,2936
2026-08-26 10:28:00,62.4424,62.4814,62.4424,62.4717,2396
2026-08-26 10:29:00,62.4668,62.4717,62.4668,62.4717,1460
2026-08-26 10:30:00,62.4619,62.4619,62.4522,62.4619,1402
2026-08-26 10:31:00,62.4522,62.4619,62.4522,62.4619,1381
2026-08-26 10:32:00,62.4619,62.4619,62.4473,62.4522,2684
2026-08-26 10:33:00,62.4473,62.4522,62.4034,62.4034,6712
2026-08-26 10:34:00,62.4034,62.4083,62.3936,62.3936,3034
2026-08-26 10:35:00,62.3887,62.3887,62.3644,62.3668,3481
2026-08-26 10:36:00,62.3644,62.3741,62.3595,62.3741,1323
2026-08-26 10:37:00,62.3644,62.3839,62.3644,62.3839,1876
2026-08-26 10:38:00,62.3836,62.3839,62.3752,62.3839,1349
2026-08-26 10:39:00,62.3936,62.3953,62.3936,62.3953,1076
2026-08-26 10:40:00,62.4034,62.4034,62.3936,62.3985,3186
2026-08-26 10:41:00,62.3936,62.3985,62.3936,62.3936,2286
2026-08-26 10:42:00,62.384,62.384,62.3692,62.3692,2494
2026-08-26 10:43:00,62.3692,62.3692,62.3595,62.3595,2116
2026-08-26 10:44:00,62.3595,62.3936,62.3546,62.3936,7957
2026-08-26 10:45:00,62.3936,62.3985,62.3839,62.3839,2868
2026-08-26 10:46:00,62.3839,62.3839,62.3741,62.3741,958
2026-08-26 10:47:00,62.3741,62.3741,62.3741,62.3741,813
2026-08-26 10:48:00,62.379,62.3839,62.3741,62.3741,2882
2026-08-26 10:49:00,62.379,62.3839,62.379,62.3839,1760
2026-08-26 10:50:00,62.3839,62.3839,62.3692,62.3741,1742
2026-08-26 10:51:00,62.3839,62.4131,62.3839,62.3979,6671
2026-08-26 10:52:00,62.4034,62.4034,62.3956,62.3956,1247
2026-08-26 10:53:00,62.3985,62.3985,62.3936,62.3975,10494
2026-08-26 10:54:00,62.3985,62.3985,62.3936,62.3985,5237
2026-08-26 10:55:00,62.3839,62.3839,62.3741,62.3741,2372
2026-08-26 10:56:00,62.3741,62.3839,62.3741,62.3839,1578
2026-08-26 10:57:00,62.3833,62.3833,62.3741,62.3741,8530
2026-08-26 10:58:00,62.3644,62.3644,62.3595,62.3595,1895
2026-08-26 10:59:00,62.3644,62.3741,62.3644,62.3644,3794
2026-08-26 11:00:00,62.3741,62.3936,62.3741,62.3936,3253
2026-08-26 11:01:00,62.3936,62.3936,62.3887,62.3887,952
2026-08-26 11:02:00,62.3936,62.4131,62.3936,62.4083,3832
2026-08-26 11:03:00,62.4131,62.418,62.4131,62.418,1076
2026-08-26 11:04:00,62.418,62.4229,62.4131,62.418,1591
2026-08-26 11:05:00,62.4229,62.4278,62.4131,62.418,4136
2026-08-26 11:06:00,62.418,62.4229,62.418,62.418,3182
2026-08-26 11:07:00,62.4131,62.418,62.4083,62.418,3404
2026-08-26 11:08:00,62.4229,62.4522,62.4229,62.4326,20621
2026-08-26 11:09:00,62.4326,62.4375,62.4326,62.4326,2449
2026-08-26 11:10:00,62.4278,62.4326,62.4278,62.4278,6605
2026-08-26 11:11:00,62.4229,62.4522,62.4229,62.4424,6006
2026-08-26 11:12:00,62.4424,62.4424,62.4131,62.4131,5512
2026-08-26 11:13:00,62.418,62.4326,62.4131,62.4132,12333
2026-08-26 11:14:00,62.418,62.418,62.4131,62.4156,1487
2026-08-26 11:15:00,62.4131,62.4278,62.4034,62.4083,4847
2026-08-26 11:16:00,62.4131,62.418,62.4034,62.4034,3252
2026-08-26 11:17:00,62.3936,62.3936,62.3773,62.3773,1433
2026-08-26 11:18:00,62.3839,62.3839,62.3644,62.3644,9172
2026-08-26 11:19:00,62.3692,62.3692,62.3692,62.3692,421
2026-08-26 11:20:00,62.3692,62.3839,62.3692,62.3741,2721
2026-08-26 11:21:00,62.3741,62.379,62.3741,62.379,2149
2026-08-26 11:23:00,62.3839,62.4034,62.3839,62.3985,3670
2026-08-26 11:24:00,62.3985,62.4034,62.3936,62.4034,11785
2026-08-26 11:25:00,62.3985,62.4034,62.3936,62.4034,4237
2026-08-26 11:26:00,62.4083,62.4131,62.4034,62.4131,4766
2026-08-26 11:27:00,62.418,62.4278,62.4134,62.4229,3278
2026-08-26 11:28:00,62.418,62.4619,62.418,62.4522,6199
2026-08-26 11:29:00,62.4619,62.4668,62.4229,62.4229,22465
2026-08-26 11:30:00,62.4131,62.4131,62.3887,62.3887,4978
2026-08-26 11:31:00,62.3936,62.3936,62.379,62.3839,4547
2026-08-26 11:32:00,62.3887,62.3887,62.3765,62.3765,3384
2026-08-26 11:33:00,62.3839,62.3936,62.3741,62.3741,16301
2026-08-26 11:34:00,62.3692,62.3887,62.3692,62.3887,2656
2026-08-26 11:35:00,62.3887,62.4034,62.3887,62.3887,5419
2026-08-26 11:36:00,62.3936,62.4003,62.3936,62.4003,1025
2026-08-26 11:37:00,62.4034,62.4034,62.3936,62.4034,1353
2026-08-26 11:38:00,62.4034,62.4278,62.4034,62.4278,153159
2026-08-26 11:39:00,62.4284,62.4326,62.4229,62.4278,9333
2026-08-26 11:40:00,62.4278,62.4326,62.4229,62.4278,3608
2026-08-26 11:41:00,62.4278,62.4278,62.4229,62.4278,1445
2026-08-26 11:42:00,62.4278,62.4278,62.4278,62.4278,150393
2026-08-26 11:43:00,62.4326,62.4375,62.4326,62.4375,3580
2026-08-26 11:44:00,62.4326,62.4375,62.4278,62.4278,4599
2026-08-26 11:45:00,62.4326,62.4375,62.4326,62.4375,1797
2026-08-26 11:46:00,62.4375,62.4473,62.4375,62.4473,3304
2026-08-26 11:47:00,62.4463,62.4463,62.4424,62.4424,1490
2026-08-26 11:48:00,62.4375,62.4375,62.4375,62.4375,464
2026-08-26 11:49:00,62.4375,62.4424,62.4375,62.4375,704
2026-08-26 11:50:00,62.4424,62.4473,62.4424,62.4424,1950
2026-08-26 11:51:00,62.4473,62.4522,62.4473,62.4522,852
2026-08-26 11:52:00,62.4619,62.4668,62.4619,62.4619,865
2026-08-26 11:53:00,62.4717,62.4766,62.4717,62.4766,1488
2026-08-26 11:54:00,62.4814,62.4814,62.4766,62.4766,407
2026-08-26 11:55:00,62.4814,62.4863,62.4814,62.4863,2197
2026-08-26 11:56:00,62.4863,62.4863,62.457,62.457,4384
2026-08-26 11:57:00,62.4619,62.4619,62.457,62.4619,860
2026-08-26 11:58:00,62.4668,62.4766,62.4668,62.4766,1337
2026-08-26 11:59:00,62.4814,62.4814,62.4814,62.4814,317
2026-08-26 12:00:00,62.4814,62.4912,62.4766,62.4863,10211
2026-08-26 12:01:00,62.4863,62.4863,62.4863,62.4863,490
2026-08-26 12:02:00,62.4912,62.5009,62.4863,62.5009,1799
2026-08-26 12:03:00,62.5009,62.5009,62.4814,62.4821,2367
2026-08-26 12:04:00,62.4814,62.4863,62.4668,62.4668,2161
2026-08-26 12:05:00,62.4619,62.4668,62.4522,62.4522,2719
2026-08-26 12:06:00,62.457,62.457,62.457,62.457,761
2026-08-26 12:07:00,62.457,62.4717,62.457,62.4717,1498
2026-08-26 12:08:00,62.4814,62.4814,62.4619,62.4619,3188
2026-08-26 12:09:00,62.4522,62.457,62.4522,62.457,422
2026-08-26 12:10:00,62.4619,62.4668,62.4619,62.4668,1823
2026-08-26 12:11:00,62.4668,62.4717,62.4668,62.4668,2249
2026-08-26 12:12:00,62.4668,62.4766,62.4668,62.4766,814
2026-08-26 12:13:00,62.4766,62.4912,62.4766,62.4912,2280
2026-08-26 12:14:00,62.4912,62.4912,62.4912,62.4912,1138
2026-08-26 12:15:00,62.4863,62.4912,62.4863,62.4912,1401
2026-08-26 12:16:00,62.4863,62.4863,62.4863,62.4863,743
2026-08-26 12:18:00,62.4912,62.4912,62.4912,62.4912,804
2026-08-26 12:20:00,62.4961,62.5009,62.4961,62.5009,1307
2026-08-26 12:21:00,62.4961,62.4961,62.4863,62.4863,2828
2026-08-26 12:22:00,62.4863,62.4863,62.4668,62.4668,1817
2026-08-26 12:23:00,62.4692,62.4716,62.4424,62.4522,3554
2026-08-26 12:24:00,62.4522,62.4522,62.4522,62.4522,310
2026-08-26 12:25:00,62.4522,62.4522,62.4473,62.4473,723
2026-08-26 12:26:00,62.4473,62.4473,62.4473,62.4473,397
2026-08-26 12:27:00,62.4473,62.4473,62.4326,62.4375,3377
2026-08-26 12:28:00,62.4424,62.4522,62.4424,62.4522,1016
2026-08-26 12:29:00,62.4522,62.4522,62.4522,62.4522,133
2026-08-26 12:30:00,62.4473,62.4473,62.4424,62.4424,2124
2026-08-26 12:31:00,62.4424,62.4424,62.4326,62.4424,3178
2026-08-26 12:32:00,62.4424,62.4522,62.4424,62.4522,910
2026-08-26 12:33:00,62.4522,62.457,62.4522,62.457,2084
2026-08-26 12:34:00,62.457,62.457,62.457,62.457,603
2026-08-26 12:35:00,62.4619,62.4619,62.4522,62.4619,3114
2026-08-26 12:36:00,62.457,62.457,62.4522,62.457,638
2026-08-26 12:37:00,62.4522,62.4522,62.4424,62.4522,18494
2026-08-26 12:38:00,62.4619,62.4619,62.4619,62.4619,225
2026-08-26 12:39:00,62.457,62.457,62.4522,62.457,1094
2026-08-26 12:40:00,62.4587,62.4587,62.457,62.457,644
2026-08-26 12:41:00,62.4619,62.4619,62.457,62.457,449
2026-08-26 12:42:00,62.4522,62.4522,62.4424,62.4424,1439
2026-08-26 12:43:00,62.452,62.4521,62.4473,62.4473,2506
2026-08-26 12:44:00,62.4473,62.457,62.4424,62.4522,2233
2026-08-26 12:45:00,62.4424,62.4424,62.4339,62.4424,3255
2026-08-26 12:46:00,62.4522,62.4522,62.4522,62.4522,334
2026-08-26 12:47:00,62.4619,62.4619,62.4619,62.4619,172
2026-08-26 12:48:00,62.4619,62.4619,62.4619,62.4619,1520
2026-08-26 12:49:00,62.4668,62.4668,62.4668,62.4668,1265
2026-08-26 12:50:00,62.4717,62.4912,62.4717,62.4912,1625
2026-08-26 12:51:00,62.4863,62.4912,62.4863,62.4912,527
2026-08-26 12:52:00,62.4863,62.4863,62.4814,62.4833,507
2026-08-26 12:53:00,62.4863,62.4912,62.4863,62.4912,1265
2026-08-26 12:54:00,62.5104,62.5104,62.5104,62.5104,1264
2026-08-26 12:55:00,62.5107,62.5156,62.5107,62.5156,1226
2026-08-26 12:56:00,62.5117,62.5205,62.5117,62.5156,1316
2026-08-26 12:57:00,62.5156,62.5205,62.5107,62.5108,1504
2026-08-26 12:58:00,62.5205,62.5205,62.5156,62.5156,638
2026-08-26 12:59:00,62.5156,62.5205,62.5058,62.5107,3030
2026-08-26 13:00:00,62.5058,62.5107,62.5058,62.5058,2271
2026-08-26 13:01:00,62.5058,62.5058,62.5047,62.5058,835
2026-08-26 13:02:00,62.5058,62.5058,62.5058,62.5058,4583
2026-08-26 13:03:00,62.5058,62.5107,62.5058,62.5107,761
2026-08-26 13:04:00,62.5058,62.5107,62.4912,62.4961,5611
2026-08-26 13:05:00,62.4961,62.5107,62.4912,62.5058,3253
2026-08-26 13:06:00,62.5058,62.5058,62.5058,62.5058,1159
2026-08-26 13:07:00,62.5058,62.5058,62.5046,62.5058,785
2026-08-26 13:08:00,62.5009,62.5156,62.5009,62.5156,16099
2026-08-26 13:09:00,62.5156,62.5156,62.4961,62.5058,7862
2026-08-26 13:10:00,62.5107,62.5205,62.5107,62.5205,1651
2026-08-26 13:11:00,62.5156,62.5302,62.5156,62.5253,2103
2026-08-26 13:12:00,62.5216,62.5299,62.5216,62.5299,1136
2026-08-26 13:13:00,62.5302,62.54,62.5302,62.54,957
2026-08-26 13:14:00,62.5351,62.5546,62.5351,62.5546,3441
2026-08-26 13:15:00,62.5595,62.5595,62.5497,62.5546,1490
2026-08-26 13:16:00,62.5507,62.5546,62.5507,62.5546,1088
2026-08-26 13:17:00,62.5546,62.5546,62.5497,62.5546,4516
2026-08-26 13:18:00,62.5595,62.5741,62.5595,62.5741,2637
2026-08-26 13:19:00,62.579,62.579,62.579,62.579,264
2026-08-26 13:20:00,62.5741,62.579,62.5741,62.5741,744
2026-08-26 13:21:00,62.579,62.579,62.5741,62.5741,781
2026-08-26 13:22:00,62.5717,62.5717,62.5717,62.5717,308
2026-08-26 13:23:00,62.5741,62.5741,62.5644,62.5644,3548
2026-08-26 13:24:00,62.5644,62.5644,62.5644,62.5644,235
2026-08-26 13:25:00,62.5692,62.5888,62.5692,62.579,2938
2026-08-26 13:26:00,62.5839,62.5839,62.5839,62.5839,614
2026-08-26 13:27:00,62.579,62.5888,62.579,62.5888,1271
2026-08-26 13:28:00,62.5985,62.6083,62.5936,62.6036,2355
2026-08-26 13:29:00,62.6083,62.6083,62.6083,62.6083,598
2026-08-26 13:30:00,62.618,62.618,62.6083,62.618,1509
2026-08-26 13:31:00,62.6131,62.6131,62.6131,62.6131,653
2026-08-26 13:32:00,62.6131,62.618,62.6083,62.618,5089
2026-08-26 13:33:00,62.6131,62.618,62.6131,62.6131,1170
2026-08-26 13:34:00,62.6131,62.6131,62.6034,62.6083,3924
2026-08-26 13:35:00,62.618,62.6522,62.618,62.6522,7915
2026-08-26 13:36:00,62.6482,62.6571,62.6482,62.6522,1244
2026-08-26 13:37:00,62.6522,62.6571,62.6522,62.6522,1249
2026-08-26 13:38:00,62.6522,62.6522,62.6375,62.6375,4781
2026-08-26 13:39:00,62.6278,62.6327,62.6278,62.6327,1519
2026-08-26 13:40:00,62.6327,62.6375,62.6327,62.6375,1083
2026-08-26 13:41:00,62.6375,62.6473,62.6375,62.6473,1593
2026-08-26 13:42:00,62.6522,62.6571,62.6522,62.6571,486
2026-08-26 13:43:00,62.6571,62.6571,62.6473,62.6522,5508
2026-08-26 13:44:00,62.6522,62.6522,62.6473,62.6522,2253
2026-08-26 13:45:00,62.6473,62.6522,62.6473,62.6522,506
2026-08-26 13:46:00,62.6522,62.6522,62.6229,62.6229,6769
2026-08-26 13:47:00,62.6229,62.6229,62.6229,62.6229,436
2026-08-26 13:48:00,62.6278,62.6278,62.6229,62.6229,567
2026-08-26 13:49:00,62.6278,62.6375,62.6229,62.6327,3076
2026-08-26 13:50:00,62.6327,62.6375,62.6327,62.6375,515
2026-08-26 13:51:00,62.6375,62.6375,62.6327,62.6327,754
2026-08-26 13:52:00,62.6293,62.6293,62.6293,62.6293,652
2026-08-26 13:53:00,62.6327,62.6424,62.6327,62.6375,2275
2026-08-26 13:54:00,62.6424,62.6424,62.6424,62.6424,444
2026-08-26 13:55:00,62.6473,62.6473,62.6473,62.6473,616
2026-08-26 13:56:00,62.6522,62.6571,62.6522,62.6571,318
2026-08-26 13:57:00,62.6522,62.6522,62.6522,62.6522,575
2026-08-26 13:58:00,62.6571,62.6571,62.6473,62.6473,3186
2026-08-26 13:59:00,62.6522,62.6539,62.6522,62.6522,453
2026-08-26 14:00:00,62.6522,62.6571,62.6522,62.6522,1060
2026-08-26 14:01:00,62.6522,62.6522,62.6522,62.6522,316
2026-08-26 14:02:00,62.6522,62.6522,62.6522,62.6522,438
2026-08-26 14:03:00,62.6522,62.6522,62.6475,62.6522,935
2026-08-26 14:04:00,62.6571,62.6619,62.6571,62.6619,2195
2026-08-26 14:05:00,62.6668,62.6668,62.6668,62.6668,712
2026-08-26 14:06:00,62.6619,62.6619,62.6571,62.6619,6435
2026-08-26 14:07:00,62.6619,62.6619,62.6619,62.6619,496
2026-08-26 14:08:00,62.6619,62.6619,62.6619,62.6619,278
2026-08-26 14:09:00,62.6586,62.6619,62.6586,62.6619,826
2026-08-26 14:10:00,62.6668,62.6668,62.6473,62.6571,13548
2026-08-26 14:11:00,62.6571,62.6668,62.6571,62.6668,1486
2026-08-26 14:12:00,62.6619,62.6619,62.6571,62.6619,1860
2026-08-26 14:13:00,62.6571,62.6571,62.6522,62.6522,1386
2026-08-26 14:14:00,62.6473,62.6619,62.6473,62.6619,3097
2026-08-26 14:15:00,62.6668,62.6668,62.6619,62.6619,685
2026-08-26 14:16:00,62.6668,62.6668,62.6619,62.6619,1066
2026-08-26 14:17:00,62.6619,62.6668,62.6619,62.6668,986
2026-08-26 14:18:00,62.6571,62.6619,62.6571,62.6619,2563
2026-08-26 14:19:00,62.6668,62.6668,62.6619,62.6619,1143
2026-08-26 14:20:00,62.6571,62.6619,62.6571,62.6619,3058
2026-08-26 14:21:00,62.6619,62.6668,62.6619,62.6668,3777
2026-08-26 14:22:00,62.6571,62.6668,62.6571,62.6668,1323
2026-08-26 14:23:00,62.6644,62.6644,62.6619,62.6619,950
2026-08-26 14:24:00,62.6619,62.6619,62.6581,62.6581,1248
2026-08-26 14:25:00,62.6668,62.6766,62.6668,62.6766,3507
2026-08-26 14:26:00,62.6717,62.6717,62.6571,62.6637,7255
2026-08-26 14:27:00,62.6571,62.6717,62.6571,62.6717,1245
2026-08-26 14:28:00,62.6717,62.6766,62.6668,62.6668,2188
2026-08-26 14:29:00,62.6717,62.6766,62.6679,62.6766,1047
2026-08-26 14:30:00,62.6766,62.6766,62.6766,62.6766,295
2026-08-26 14:31:00,62.6717,62.6764,62.6717,62.6764,390
2026-08-26 14:32:00,62.6717,62.6766,62.6668,62.6668,3067
2026-08-26 14:33:00,62.6619,62.6668,62.6619,62.6668,491
2026-08-26 14:34:00,62.6571,62.6668,62.6571,62.6668,5312
2026-08-26 14:35:00,62.6668,62.6717,62.6668,62.6717,1785
2026-08-26 14:36:00,62.6717,62.6717,62.6717,62.6717,245
2026-08-26 14:37:00,62.6668,62.6766,62.6668,62.6765,2156
2026-08-26 14:38:00,62.6717,62.6717,62.6717,62.6717,991
2026-08-26 14:39:00,62.6717,62.6717,62.6473,62.6473,11094
2026-08-26 14:40:00,62.6375,62.6522,62.6375,62.6522,3548
2026-08-26 14:41:00,62.6522,62.6571,62.6278,62.6278,13895
2026-08-26 14:42:00,62.6229,62.6229,62.618,62.6229,1291
2026-08-26 14:43:00,62.6229,62.6278,62.6229,62.6278,1568
2026-08-26 14:44:00,62.6327,62.6327,62.6327,62.6327,881
2026-08-26 14:45:00,62.6348,62.6424,62.6348,62.6424,1400
2026-08-26 14:46:00,62.6418,62.6424,62.6375,62.6375,11679
2026-08-26 14:47:00,62.6473,62.6571,62.6473,62.6571,2313
2026-08-26 14:48:00,62.6619,62.6619,62.6619,62.6619,1308
2026-08-26 14:50:00,62.6619,62.6766,62.6619,62.6766,4019
2026-08-26 14:51:00,62.6766,62.6766,62.6765,62.6765,778
2026-08-26 14:52:00,62.6766,62.6863,62.6766,62.6814,6213
2026-08-26 14:53:00,62.6766,62.6814,62.6668,62.6668,5636
2026-08-26 14:54:00,62.6668,62.6668,62.6668,62.6668,1448
2026-08-26 14:55:00,62.6571,62.6571,62.6571,62.6571,2705
2026-08-26 14:56:00,62.6522,62.6571,62.6522,62.6571,1281
2026-08-26 14:57:00,62.6668,62.6668,62.6668,62.6668,372
2026-08-26 14:59:00,62.6571,62.6571,62.6522,62.6522,2364
2026-08-26 15:00:00,62.6522,62.6522,62.6473,62.6473,3686
2026-08-26 15:01:00,62.6424,62.6424,62.6424,62.6424,1295
2026-08-26 15:02:00,62.6424,62.6473,62.6375,62.6473,1869
2026-08-26 15:03:00,62.6424,62.6522,62.6424,62.6473,6533
2026-08-26 15:04:00,62.6473,62.6473,62.6327,62.6327,2133
2026-08-26 15:05:00,62.6375,62.6473,62.6375,62.6473,2204
2026-08-26 15:07:00,62.6424,62.6424,62.6394,62.6394,852
2026-08-26 15:08:00,62.6473,62.6473,62.6327,62.6327,22226
2026-08-26 15:09:00,62.6375,62.6375,62.6278,62.6375,4079
2026-08-26 15:10:00,62.6297,62.6375,62.6278,62.6327,894
2026-08-26 15:11:00,62.6297,62.6297,62.6297,62.6297,325
2026-08-26 15:12:00,62.6375,62.6375,62.6327,62.6356,1034
2026-08-26 15:14:00,62.6375,62.6375,62.6278,62.6327,2400
2026-08-26 15:15:00,62.6327,62.6375,62.6278,62.6375,1532
2026-08-26 15:16:00,62.6375,62.6375,62.6229,62.6327,17431
2026-08-26 15:17:00,62.6327,62.6327,62.6327,62.6327,551
2026-08-26 15:18:00,62.6327,62.6327,62.6278,62.6278,4176
2026-08-26 15:19:00,62.618,62.618,62.6083,62.6131,2993
2026-08-26 15:20:00,62.618,62.6229,62.6131,62.6229,7146
2026-08-26 15:21:00,62.6229,62.6229,62.6229,62.6229,736
2026-08-26 15:22:00,62.6278,62.6278,62.6278,62.6278,751
2026-08-26 15:23:00,62.6229,62.6278,62.6229,62.6229,1468
2026-08-26 15:24:00,62.6236,62.6236,62.6236,62.6236,414
2026-08-26 15:25:00,62.6192,62.6229,62.618,62.6229,1112
2026-08-26 15:26:00,62.6229,62.6229,62.6229,62.6229,2077
2026-08-26 15:27:00,62.6278,62.6278,62.6229,62.6229,1282
2026-08-26 15:28:00,62.6229,62.6246,62.6229,62.6229,1797
2026-08-26 15:29:00,62.625,62.625,62.6229,62.6229,1064
2026-08-26 15:30:00,62.618,62.6205,62.6034,62.6131,14605
2026-08-26 15:31:00,62.6131,62.6131,62.6083,62.6131,3041
2026-08-26 15:32:00,62.6131,62.618,62.6034,62.6034,7064
2026-08-26 15:33:00,62.6034,62.6034,62.6034,62.6034,1995
2026-08-26 15:34:00,62.6034,62.6034,62.6034,62.6034,1699
2026-08-26 15:35:00,62.6034,62.618,62.6034,62.618,5813
2026-08-26 15:36:00,62.618,62.6229,62.6017,62.6034,11882
2026-08-26 15:37:00,62.5985,62.6034,62.5985,62.6034,1736
2026-08-26 15:38:00,62.6034,62.6034,62.5839,62.5839,4163
2026-08-26 15:39:00,62.5839,62.5839,62.5839,62.5839,748
2026-08-26 15:40:00,62.5839,62.5985,62.5839,62.5985,5287
2026-08-26 15:41:00,62.5985,62.5985,62.5936,62.5942,712
2026-08-26 15:42:00,62.5936,62.5985,62.5839,62.5936,8020
2026-08-26 15:43:00,62.5936,62.5985,62.5936,62.5984,5879
2026-08-26 15:44:00,62.5936,62.5985,62.5888,62.5936,2464
2026-08-26 15:45:00,62.5936,62.6083,62.5936,62.6083,4106
2026-08-26 15:46:00,62.6083,62.6278,62.5985,62.6158,12692
2026-08-26 15:47:00,62.618,62.6229,62.6083,62.6092,16293
2026-08-26 15:48:00,62.6131,62.618,62.6083,62.6131,8840
2026-08-26 15:49:00,62.6131,62.6278,62.6131,62.618,10054
2026-08-26 15:50:00,62.618,62.6375,62.618,62.6278,17484
2026-08-26 15:51:00,62.6229,62.6473,62.6229,62.6473,13820
2026-08-26 15:52:00,62.6375,62.6375,62.6278,62.6278,9826
2026-08-26 15:53:00,62.618,62.618,62.5985,62.6034,7098
2026-08-26 15:54:00,62.5985,62.6034,62.5888,62.5985,12882
2026-08-26 15:55:00,62.5985,62.618,62.5936,62.6131,13152
2026-08-26 15:56:00,62.6131,62.618,62.5986,62.6034,13801
2026-08-26 15:57:00,62.6034,62.6083,62.5985,62.6034,13535
2026-08-26 15:58:00,62.6034,62.6034,62.5595,62.5595,37525
2026-08-26 15:59:00,62.5644,62.5741,62.5302,62.5302,78584
2026-08-27 09:30:00,62.4717,62.4814,62.4229,62.4424,56914
2026-08-27 09:31:00,62.4326,62.4424,62.4034,62.4131,11706
2026-08-27 09:32:00,62.4229,62.4278,62.4131,62.4278,8266
2026-08-27 09:33:00,62.4229,62.4278,62.4034,62.4073,7703
2026-08-27 09:34:00,62.4131,62.4423,62.4131,62.4131,3195
2026-08-27 09:35:00,62.4131,62.4717,62.4131,62.4717,2958
2026-08-27 09:36:00,62.4717,62.5205,62.4717,62.5205,6295
2026-08-27 09:37:00,62.5205,62.5205,62.5107,62.5107,1619
2026-08-27 09:38:00,62.5009,62.5009,62.5009,62.5009,1216
2026-08-27 09:39:00,62.5107,62.5107,62.5009,62.5107,3147
2026-08-27 09:40:00,62.5107,62.5107,62.5009,62.5107,2633
2026-08-27 09:41:00,62.5009,62.5009,62.4814,62.4814,2006
2026-08-27 09:42:00,62.4717,62.4766,62.4619,62.4717,2906
2026-08-27 09:43:00,62.4619,62.4668,62.4619,62.4619,2694
2026-08-27 09:44:00,62.4522,62.4619,62.4522,62.4522,794
2026-08-27 09:45:00,62.457,62.4619,62.4522,62.4523,1997
2026-08-27 09:46:00,62.457,62.4717,62.457,62.4717,2098
2026-08-27 09:47:00,62.4717,62.4912,62.4668,62.4912,4724
2026-08-27 09:48:00,62.4912,62.5009,62.4912,62.5009,3209
2026-08-27 09:49:00,62.5107,62.5449,62.5107,62.5449,1389
2026-08-27 09:50:00,62.5497,62.5546,62.54,62.54,1725
2026-08-27 09:51:00,62.54,62.5497,62.54,62.5497,669
2026-08-27 09:52:00,62.5595,62.5644,62.5595,62.5595,1135
2026-08-27 09:53:00,62.5449,62.5497,62.5449,62.5497,646
2026-08-27 09:54:00,62.5497,62.5497,62.5497,62.5497,1202
2026-08-27 09:55:00,62.5497,62.5546,62.5205,62.5205,6001
2026-08-27 09:56:00,62.5205,62.5253,62.5205,62.5253,1504
2026-08-27 09:57:00,62.5107,62.5156,62.5009,62.5009,3584
2026-08-27 09:58:00,62.5009,62.5009,62.4814,62.4814,1460
2026-08-27 09:59:00,62.4766,62.4766,62.4717,62.4766,694
2026-08-27 10:00:00,62.4766,62.4912,62.4766,62.4814,5429
2026-08-27 10:01:00,62.4912,62.5009,62.4912,62.5009,1734
2026-08-27 10:02:00,62.4913,62.5058,62.4912,62.5009,2615
2026-08-27 10:03:00,62.5009,62.5107,62.5009,62.5009,1223
2026-08-27 10:04:00,62.5058,62.5302,62.5058,62.5302,1631
2026-08-27 10:05:00,62.5253,62.5449,62.5253,62.54,2937
2026-08-27 10:06:00,62.5351,62.5546,62.5302,62.54,12856
2026-08-27 10:07:00,62.5384,62.5741,62.5384,62.5692,3945
2026-08-27 10:08:00,62.5595,62.5741,62.5546,62.5741,4768
2026-08-27 10:09:00,62.579,62.579,62.5692,62.5692,1222
2026-08-27 10:10:00,62.5692,62.579,62.5595,62.5595,1565
2026-08-27 10:11:00,62.5497,62.5692,62.5497,62.5644,6606
2026-08-27 10:12:00,62.5595,62.5644,62.5497,62.5497,2191
2026-08-27 10:13:00,62.54,62.5546,62.54,62.5497,4467
2026-08-27 10:14:00,62.54,62.5546,62.54,62.5497,2435
2026-08-27 10:15:00,62.5497,62.5497,62.5449,62.5449,2591
2026-08-27 10:16:00,62.5595,62.579,62.5595,62.579,1321
2026-08-27 10:17:00,62.579,62.5839,62.579,62.5839,1213
2026-08-27 10:18:00,62.5839,62.5839,62.5741,62.5741,673
2026-08-27 10:19:00,62.5692,62.5741,62.5604,62.5604,5084
2026-08-27 10:20:00,62.5692,62.5839,62.5644,62.5839,2812
2026-08-27 10:21:00,62.5888,62.5936,62.5801,62.5801,2472
2026-08-27 10:22:00,62.5791,62.5791,62.5644,62.5644,955
2026-08-27 10:23:00,62.5644,62.5644,62.5595,62.5596,1072
2026-08-27 10:24:00,62.5644,62.5644,62.5497,62.5497,1849
2026-08-27 10:25:00,62.5497,62.5546,62.5497,62.5546,753
2026-08-27 10:26:00,62.5546,62.5546,62.5302,62.5351,10507
2026-08-27 10:27:00,62.5253,62.5351,62.5253,62.5351,1920
2026-08-27 10:28:00,62.5351,62.5393,62.5351,62.5393,742
2026-08-27 10:29:00,62.5302,62.54,62.5302,62.54,1546
2026-08-27 10:30:00,62.5351,62.5546,62.5302,62.5546,3849
2026-08-27 10:31:00,62.5546,62.5546,62.5546,62.5546,331
2026-08-27 10:32:00,62.5595,62.5741,62.5595,62.5741,1478
2026-08-27 10:33:00,62.5728,62.5888,62.5728,62.5888,10738
2026-08-27 10:34:00,62.5888,62.6034,62.5741,62.5839,12684
2026-08-27 10:35:00,62.5839,62.5936,62.579,62.5936,2945
2026-08-27 10:36:00,62.5985,62.6327,62.5912,62.5912,22004
2026-08-27 10:37:00,62.5985,62.6034,62.5936,62.5985,14784
2026-08-27 10:38:00,62.6034,62.6327,62.6034,62.6327,14676
2026-08-27 10:39:00,62.6278,62.6327,62.618,62.618,2994
2026-08-27 10:40:00,62.618,62.6327,62.6083,62.6083,4467
2026-08-27 10:41:00,62.6083,62.6131,62.5985,62.6083,1438
2026-08-27 10:42:00,62.6229,62.6229,62.618,62.6229,1290
2026-08-27 10:43:00,62.6229,62.6229,62.618,62.6229,3790
2026-08-27 10:44:00,62.618,62.6327,62.618,62.6327,3987
2026-08-27 10:45:00,62.6327,62.6327,62.6193,62.6229,2225
2026-08-27 10:46:00,62.6278,62.6424,62.6278,62.6424,1879
2026-08-27 10:47:00,62.6424,62.6424,62.6327,62.6375,4688
2026-08-27 10:48:00,62.6473,62.6668,62.6473,62.6619,2419
2026-08-27 10:49:00,62.6619,62.6668,62.6571,62.6619,7076
2026-08-27 10:50:00,62.6668,62.6814,62.6571,62.6619,4629
2026-08-27 10:51:00,62.6571,62.6717,62.6571,62.6717,2826
2026-08-27 10:52:00,62.6668,62.6668,62.6474,62.6474,6919
2026-08-27 10:53:00,62.6571,62.6717,62.6522,62.6522,3594
2026-08-27 10:54:00,62.6571,62.6619,62.6571,62.6619,3425
2026-08-27 10:55:00,62.6473,62.6473,62.6375,62.6424,14537
2026-08-27 10:56:00,62.6327,62.6522,62.6327,62.6522,3011
2026-08-27 10:57:00,62.6619,62.6717,62.6619,62.6717,4957
2026-08-27 10:58:00,62.6668,62.6717,62.6571,62.6619,11148
2026-08-27 10:59:00,62.6619,62.6759,62.6619,62.6759,6052
2026-08-27 11:00:00,62.6717,62.6863,62.6571,62.6863,13703
2026-08-27 11:01:00,62.6814,62.6814,62.6668,62.6717,2875
2026-08-27 11:02:00,62.6717,62.6814,62.6668,62.6814,10754
2026-08-27 11:03:00,62.6814,62.6814,62.6473,62.6522,9242
2026-08-27 11:04:00,62.6522,62.6619,62.6522,62.6619,2427
2026-08-27 11:05:00,62.6668,62.6863,62.6668,62.6863,4672
2026-08-27 11:06:00,62.6863,62.6961,62.6766,62.6961,3812
2026-08-27 11:07:00,62.7058,62.7107,62.6863,62.6863,8803
2026-08-27 11:08:00,62.6863,62.7058,62.6863,62.701,5763
2026-08-27 11:09:00,62.701,62.7156,62.701,62.7156,3186
2026-08-27 11:10:00,62.7107,62.7156,62.7058,62.7156,2079
2026-08-27 11:11:00,62.7205,62.7253,62.701,62.701,10816
2026-08-27 11:12:00,62.701,62.701,62.6717,62.6814,269286
2026-08-27 11:13:00,62.6668,62.6717,62.6571,62.6717,2295
2026-08-27 11:14:00,62.6766,62.6814,62.6619,62.6619,12018
2026-08-27 11:15:00,62.6571,62.6814,62.6571,62.6668,4089
2026-08-27 11:16:00,62.6619,62.6619,62.6522,62.6571,2681
2026-08-27 11:17:00,62.6599,62.6619,62.6599,62.6619,1761
2026-08-27 11:18:00,62.6583,62.6619,62.6522,62.6522,2703
2026-08-27 11:19:00,62.6375,62.6375,62.6277,62.6277,2561
2026-08-27 11:20:00,62.6278,62.6327,62.618,62.618,3047
2026-08-27 11:21:00,62.6327,62.6327,62.6229,62.6229,1070
2026-08-27 11:22:00,62.618,62.6229,62.618,62.6189,3674
2026-08-27 11:23:00,62.6229,62.6229,62.6083,62.6083,1870
2026-08-27 11:24:00,62.6083,62.6083,62.6083,62.6083,910
2026-08-27 11:25:00,62.6131,62.6131,62.6034,62.6034,2644
2026-08-27 11:26:00,62.6083,62.6131,62.5936,62.5936,1924
2026-08-27 11:27:00,62.5936,62.5936,62.579,62.579,693
2026-08-27 11:28:00,62.579,62.5839,62.579,62.5839,3425
2026-08-27 11:29:00,62.5741,62.6083,62.5741,62.6083,5514
2026-08-27 11:30:00,62.6131,62.618,62.5985,62.6083,8801
2026-08-27 11:31:00,62.5985,62.6131,62.5936,62.6131,4511
2026-08-27 11:32:00,62.618,62.6229,62.618,62.6229,2014
2026-08-27 11:33:00,62.6083,62.6083,62.6034,62.6034,498
2026-08-27 11:34:00,62.6034,62.6473,62.6034,62.6327,33625
2026-08-27 11:35:00,62.6375,62.6424,62.6034,62.6131,42888
2026-08-27 11:36:00,62.6131,62.6131,62.6083,62.6083,748
2026-08-27 11:37:00,62.6034,62.6034,62.5741,62.579,4654
2026-08-27 11:38:00,62.5741,62.5741,62.5692,62.5741,1411
2026-08-27 11:39:00,62.579,62.5985,62.579,62.5936,3456
2026-08-27 11:40:00,62.5888,62.618,62.579,62.618,302706
2026-08-27 11:41:00,62.6278,62.6522,62.6278,62.6473,3549
2026-08-27 11:42:00,62.6485,62.6485,62.6424,62.6424,1669
2026-08-27 11:43:00,62.6473,62.6473,62.6229,62.6278,4841
2026-08-27 11:44:00,62.6278,62.6424,62.6229,62.6424,4696
2026-08-27 11:45:00,62.6473,62.6522,62.6473,62.6522,2422
2026-08-27 11:46:00,62.6522,62.6522,62.6375,62.6424,2268
2026-08-27 11:47:00,62.6473,62.6473,62.6473,62.6473,396
2026-08-27 11:48:00,62.6473,62.6571,62.6473,62.6522,881
2026-08-27 11:49:00,62.6473,62.6522,62.6473,62.6473,3621
2026-08-27 11:50:00,62.6424,62.6473,62.6278,62.6278,3937
2026-08-27 11:51:00,62.6327,62.6424,62.6327,62.6424,1484
2026-08-27 11:52:00,62.6473,62.6522,62.6278,62.6424,7548
2026-08-27 11:53:00,62.6424,62.6473,62.6424,62.6424,2277
2026-08-27 11:55:00,62.6571,62.6717,62.6571,62.6717,2321
2026-08-27 11:56:00,62.6619,62.6619,62.6571,62.6571,480
2026-08-27 11:57:00,62.6571,62.6571,62.6497,62.6497,1641
2026-08-27 11:58:00,62.6571,62.6571,62.6571,62.6571,975
2026-08-27 11:59:00,62.6668,62.6766,62.6668,62.6668,3952
2026-08-27 12:00:00,62.6717,62.6717,62.6522,62.6522,4945
2026-08-27 12:01:00,62.6522,62.6571,62.6522,62.6522,531
2026-08-27 12:02:00,62.6522,62.6522,62.6473,62.6473,1215
2026-08-27 12:03:00,62.6424,62.6522,62.6424,62.6522,1387
2026-08-27 12:04:00,62.6522,62.6522,62.6473,62.6473,581
2026-08-27 12:05:00,62.6522,62.6522,62.6473,62.6473,2915
2026-08-27 12:06:00,62.6522,62.6522,62.6327,62.6327,3893
2026-08-27 12:07:00,62.6327,62.6327,62.6083,62.6083,2889
2026-08-27 12:08:00,62.6131,62.6131,62.5985,62.6022,2966
2026-08-27 12:10:00,62.6034,62.6034,62.601,62.6034,1208
2026-08-27 12:11:00,62.5985,62.6082,62.5936,62.5936,4330
2026-08-27 12:12:00,62.5888,62.5982,62.5888,62.5888,2453
2026-08-27 12:13:00,62.5965,62.6034,62.5965,62.6034,1258
2026-08-27 12:14:00,62.6082,62.6082,62.6034,62.6034,681
2026-08-27 12:15:00,62.6083,62.6131,62.6083,62.6131,176675
2026-08-27 12:16:00,62.6131,62.618,62.6034,62.6083,161593
2026-08-27 12:17:00,62.6083,62.6278,62.6034,62.6278,245656
2026-08-27 12:18:00,62.6229,62.6278,62.618,62.6229,2942
2026-08-27 12:19:00,62.6278,62.6373,62.6278,62.6373,1639
2026-08-27 12:20:00,62.6375,62.6473,62.6375,62.6424,3606
2026-08-27 12:21:00,62.6424,62.6473,62.64,62.6473,4476
2026-08-27 12:22:00,62.6473,62.6473,62.6424,62.6427,1235
2026-08-27 12:23:00,62.6424,62.6473,62.6278,62.6278,8929
2026-08-27 12:24:00,62.6375,62.6424,62.6375,62.6375,1565
2026-08-27 12:25:00,62.6424,62.6473,62.6375,62.6473,7939
2026-08-27 12:26:00,62.6473,62.6473,62.6473,62.6473,1137
2026-08-27 12:27:00,62.6473,62.6571,62.6473,62.6558,1925
2026-08-27 12:28:00,62.6522,62.6571,62.6522,62.6571,443
2026-08-27 12:29:00,62.6571,62.6571,62.6571,62.6571,302
2026-08-27 12:30:00,62.6522,62.6571,62.6522,62.6522,852
2026-08-27 12:31:00,62.6522,62.6522,62.6472,62.6472,1931
2026-08-27 12:33:00,62.6424,62.6424,62.6375,62.6424,1597
2026-08-27 12:34:00,62.6424,62.6424,62.6424,62.6424,401
2026-08-27 12:35:00,62.6473,62.6473,62.6473,62.6473,511
2026-08-27 12:36:00,62.64,62.6473,62.6375,62.6424,1064
2026-08-27 12:37:00,62.6473,62.6473,62.6473,62.6473,406
2026-08-27 12:38:00,62.6424,62.6424,62.6327,62.6375,4965
2026-08-27 12:39:00,62.646,62.646,62.6375,62.6375,1910
2026-08-27 12:40:00,62.6424,62.6424,62.6375,62.6375,6826
2026-08-27 12:41:00,62.6375,62.6375,62.6375,62.6375,106
2026-08-27 12:42:00,62.6327,62.6327,62.6278,62.6327,5426
2026-08-27 12:43:00,62.6327,62.6327,62.6327,62.6327,908
2026-08-27 12:44:00,62.6327,62.6327,62.6278,62.6278,537
2026-08-27 12:45:00,62.6375,62.6522,62.6327,62.6473,5202
2026-08-27 12:46:00,62.651,62.6571,62.651,62.6571,848
2026-08-27 12:47:00,62.6565,62.6619,62.6565,62.6619,2560
2026-08-27 12:48:00,62.6619,62.6619,62.6571,62.6619,4101
2026-08-27 12:49:00,62.6668,62.6766,62.6668,62.6717,4025
2026-08-27 12:50:00,62.6717,62.6766,62.6717,62.6747,639
2026-08-27 12:51:00,62.6766,62.6814,62.6668,62.6766,7071
2026-08-27 12:52:00,62.6814,62.6863,62.6717,62.6844,3852
2026-08-27 12:54:00,62.6814,62.6814,62.6668,62.6717,1963
2026-08-27 12:55:00,62.6717,62.6766,62.6668,62.6717,7707
2026-08-27 12:56:00,62.6668,62.6814,62.6571,62.6619,3947
2026-08-27 12:57:00,62.6619,62.6619,62.6571,62.6571,1398
2026-08-27 12:59:00,62.6522,62.6522,62.6473,62.6522,1536
2026-08-27 13:00:00,62.6424,62.6522,62.6424,62.6522,4350
2026-08-27 13:01:00,62.6522,62.6522,62.6522,62.6522,259
2026-08-27 13:02:00,62.6571,62.6571,62.6571,62.6571,373
2026-08-27 13:03:00,62.6571,62.6571,62.6571,62.6571,2262
2026-08-27 13:04:00,62.6571,62.6619,62.6571,62.6619,1726
2026-08-27 13:05:00,62.6619,62.6668,62.6619,62.6668,566
2026-08-27 13:06:00,62.6571,62.6619,62.6522,62.6522,2378
2026-08-27 13:07:00,62.6522,62.6619,62.6522,62.6619,1586
2026-08-27 13:08:00,62.6668,62.6668,62.6667,62.6667,487
2026-08-27 13:09:00,62.6582,62.6582,62.6582,62.6582,262
2026-08-27 13:10:00,62.6619,62.6619,62.6571,62.6619,4603
2026-08-27 13:11:00,62.6619,62.6619,62.6619,62.6619,910
2026-08-27 13:12:00,62.6619,62.6619,62.6619,62.6619,396
2026-08-27 13:13:00,62.6668,62.6668,62.6571,62.6619,7801
2026-08-27 13:14:00,62.6619,62.6619,62.6522,62.6522,19239
2026-08-27 13:15:00,62.6571,62.6619,62.6571,62.6619,5206
2026-08-27 13:16:00,62.6522,62.6522,62.6473,62.6473,3899
2026-08-27 13:17:00,62.6522,62.6522,62.6522,62.6522,412
2026-08-27 13:18:00,62.6522,62.6571,62.6522,62.6522,665
2026-08-27 13:19:00,62.6522,62.6571,62.6473,62.6571,1351
2026-08-27 13:20:00,62.6522,62.6668,62.6522,62.6668,3291
2026-08-27 13:21:00,62.6619,62.6668,62.6473,62.6522,7598
2026-08-27 13:22:00,62.6522,62.6571,62.6424,62.6522,2297
2026-08-27 13:23:00,62.6522,62.6522,62.6417,62.6417,2998
2026-08-27 13:25:00,62.6424,62.6453,62.6424,62.6453,1373
2026-08-27 13:26:00,62.6424,62.6571,62.6375,62.6571,2845
2026-08-27 13:27:00,62.6522,62.6571,62.6522,62.6571,855
2026-08-27 13:28:00,62.6522,62.6522,62.6473,62.6522,2506
2026-08-27 13:29:00,62.6522,62.6571,62.6522,62.6571,1211
2026-08-27 13:30:00,62.6571,62.6717,62.6571,62.6717,2647
2026-08-27 13:31:00,62.6668,62.6863,62.6668,62.6863,4819
2026-08-27 13:32:00,62.6912,62.7107,62.6912,62.701,5113
2026-08-27 13:33:00,62.701,62.701,62.6961,62.701,1331
2026-08-27 13:34:00,62.701,62.701,62.701,62.701,601
2026-08-27 13:35:00,62.701,62.7058,62.6814,62.6814,4518
2026-08-27 13:36:00,62.6766,62.6766,62.6717,62.6717,4237
2026-08-27 13:37:00,62.6766,62.6766,62.6668,62.6766,5732
2026-08-27 13:38:00,62.6717,62.6766,62.6668,62.6717,1111
2026-08-27 13:39:00,62.6717,62.6717,62.6668,62.6668,1373
2026-08-27 13:40:00,62.6668,62.6766,62.6619,62.6619,2594
2026-08-27 13:41:00,62.6619,62.6619,62.6473,62.6551,2273
2026-08-27 13:42:00,62.6522,62.6522,62.6424,62.6424,4396
2026-08-27 13:43:00,62.6424,62.6424,62.6424,62.6424,858
2026-08-27 13:44:00,62.6375,62.6473,62.6375,62.6424,3573
2026-08-27 13:45:00,62.6522,62.6522,62.6522,62.6522,595
2026-08-27 13:46:00,62.6522,62.6571,62.6473,62.6571,1438
2026-08-27 13:47:00,62.6473,62.6522,62.6473,62.6473,5129
2026-08-27 13:48:00,62.6473,62.6522,62.6473,62.6522,2710
2026-08-27 13:49:00,62.6473,62.6522,62.6278,62.6278,2097
2026-08-27 13:50:00,62.6327,62.6327,62.6278,62.6327,622
2026-08-27 13:51:00,62.6375,62.6375,62.6375,62.6375,2249
2026-08-27 13:52:00,62.6424,62.6424,62.6375,62.6375,2192
2026-08-27 13:53:00,62.6424,62.6424,62.6327,62.6327,2488
2026-08-27 13:54:00,62.6327,62.6327,62.618,62.6278,5546
2026-08-27 13:55:00,62.6327,62.6424,62.6327,62.6327,3985
2026-08-27 13:56:00,62.6278,62.6327,62.6278,62.6278,1866
2026-08-27 13:57:00,62.6278,62.6327,62.6229,62.6278,13902
2026-08-27 13:58:00,62.6229,62.6229,62.6083,62.6131,6804
2026-08-27 13:59:00,62.6131,62.618,62.6083,62.618,2976
2026-08-27 14:00:00,62.6083,62.6131,62.6083,62.6131,3401
2026-08-27 14:01:00,62.6131,62.6202,62.6131,62.6202,4620
2026-08-27 14:02:00,62.6229,62.6229,62.6083,62.6131,8146
2026-08-27 14:03:00,62.6131,62.6131,62.5985,62.6083,4399
2026-08-27 14:04:00,62.6034,62.6034,62.6034,62.6034,943
2026-08-27 14:05:00,62.6034,62.6083,62.6034,62.6083,3093
2026-08-27 14:06:00,62.618,62.6278,62.618,62.6278,2816
2026-08-27 14:07:00,62.6278,62.6375,62.6278,62.6375,1970
2026-08-27 14:08:00,62.6375,62.6473,62.6375,62.6473,1552
2026-08-27 14:09:00,62.6473,62.6473,62.6375,62.6375,5896
2026-08-27 14:10:00,62.6424,62.6424,62.6278,62.6327,7688
2026-08-27 14:11:00,62.6327,62.6327,62.6278,62.6278,2260
2026-08-27 14:12:00,62.6278,62.6375,62.6229,62.6375,11206
2026-08-27 14:13:00,62.6327,62.6327,62.6327,62.6327,534
2026-08-27 14:14:00,62.6375,62.6375,62.6278,62.6327,1174
2026-08-27 14:15:00,62.6375,62.6424,62.6375,62.6424,1880
2026-08-27 14:16:00,62.6424,62.6473,62.6278,62.6278,6238
2026-08-27 14:17:00,62.6278,62.6278,62.6278,62.6278,766
2026-08-27 14:18:00,62.6278,62.6375,62.6278,62.6375,1912
2026-08-27 14:19:00,62.6279,62.6375,62.6279,62.6375,1486
2026-08-27 14:20:00,62.6375,62.6717,62.6327,62.6717,17608
2026-08-27 14:21:00,62.6668,62.696,62.6668,62.696,8879
2026-08-27 14:22:00,62.6959,62.6959,62.6766,62.6766,8774
2026-08-27 14:23:00,62.6814,62.6862,62.6717,62.6717,5475
2026-08-27 14:24:00,62.6717,62.6717,62.6717,62.6717,677
2026-08-27 14:25:00,62.6668,62.6717,62.6668,62.6717,2350
2026-08-27 14:26:00,62.6619,62.6668,62.6571,62.6667,3110
2026-08-27 14:27:00,62.6619,62.6717,62.6522,62.6668,19499
2026-08-27 14:28:00,62.6668,62.6736,62.6571,62.6619,32325
2026-08-27 14:29:00,62.6668,62.6717,62.6668,62.6717,1792
2026-08-27 14:30:00,62.6766,62.6814,62.6668,62.6814,3930
2026-08-27 14:31:00,62.6766,62.6766,62.6571,62.6571,4590
2026-08-27 14:32:00,62.6522,62.6571,62.6473,62.6522,12039
2026-08-27 14:33:00,62.6522,62.6522,62.6522,62.6522,1120
2026-08-27 14:34:00,62.6473,62.6522,62.6473,62.6522,803
2026-08-27 14:35:00,62.6522,62.6571,62.6522,62.6571,1262
2026-08-27 14:36:00,62.6571,62.6619,62.6571,62.6619,5490
2026-08-27 14:37:00,62.6619,62.6668,62.6571,62.6619,5084
2026-08-27 14:38:00,62.6571,62.6619,62.6522,62.6619,10238
2026-08-27 14:39:00,62.6619,62.6668,62.6619,62.6619,969
2026-08-27 14:40:00,62.6619,62.6766,62.6619,62.6766,3492
2026-08-27 14:41:00,62.6741,62.6766,62.6619,62.6619,5285
2026-08-27 14:42:00,62.6619,62.6619,62.6522,62.6571,3074
2026-08-27 14:43:00,62.6571,62.6571,62.6473,62.6522,5974
2026-08-27 14:44:00,62.6522,62.656,62.6522,62.6522,523
2026-08-27 14:45:00,62.6522,62.6522,62.6522,62.6522,484
2026-08-27 14:46:00,62.6522,62.6522,62.6522,62.6522,1883
2026-08-27 14:47:00,62.6571,62.6619,62.6522,62.6619,3230
2026-08-27 14:48:00,62.6619,62.6619,62.6424,62.6424,10149
2026-08-27 14:49:00,62.6424,62.6571,62.6424,62.6522,3847
2026-08-27 14:50:00,62.6554,62.6554,62.6486,62.6522,7982
2026-08-27 14:51:00,62.6522,62.6619,62.6522,62.6619,3182
2026-08-27 14:52:00,62.6619,62.6717,62.6619,62.6717,8186
2026-08-27 14:53:00,62.6717,62.6717,62.6619,62.6717,10962
2026-08-27 14:54:00,62.6766,62.6912,62.6766,62.6912,2342
2026-08-27 14:55:00,62.6912,62.6961,62.6902,62.6912,1786
2026-08-27 14:56:00,62.6961,62.701,62.6912,62.6912,8504
2026-08-27 14:57:00,62.6912,62.701,62.6912,62.701,3230
2026-08-27 14:58:00,62.701,62.701,62.6912,62.6961,3597
2026-08-27 14:59:00,62.6961,62.7058,62.6961,62.7058,1248
2026-08-27 15:00:00,62.701,62.7253,62.701,62.7156,3851
2026-08-27 15:01:00,62.7253,62.74,62.7253,62.74,5659
2026-08-27 15:02:00,62.7449,62.7449,62.7351,62.74,4013
2026-08-27 15:03:00,62.74,62.7449,62.7351,62.74,3450
2026-08-27 15:04:00,62.74,62.7546,62.74,62.7546,2745
2026-08-27 15:05:00,62.7449,62.7546,62.74,62.7546,11758
2026-08-27 15:06:00,62.7497,62.7546,62.7449,62.7497,7864
2026-08-27 15:07:00,62.7497,62.7497,62.7302,62.7302,6694
2026-08-27 15:08:00,62.7302,62.7302,62.6912,62.6912,3090
2026-08-27 15:09:00,62.6912,62.7058,62.6912,62.6961,5952
2026-08-27 15:10:00,62.6961,62.6961,62.6814,62.6814,2855
2026-08-27 15:11:00,62.6863,62.6961,62.6841,62.6961,10053
2026-08-27 15:12:00,62.6912,62.6912,62.6863,62.6912,988
2026-08-27 15:13:00,62.6863,62.6912,62.6717,62.6814,7724
2026-08-27 15:14:00,62.6766,62.6814,62.6619,62.6717,7555
2026-08-27 15:15:00,62.6717,62.6833,62.6717,62.6833,2346
2026-08-27 15:16:00,62.6863,62.6863,62.6717,62.6717,3618
2026-08-27 15:17:00,62.6668,62.6863,62.6619,62.6863,4755
2026-08-27 15:18:00,62.6864,62.6922,62.6814,62.6814,11770
2026-08-27 15:19:00,62.6814,62.6863,62.6814,62.6814,2640
2026-08-27 15:20:00,62.6814,62.6912,62.6814,62.6912,1288
2026-08-27 15:21:00,62.6912,62.6912,62.6766,62.6766,9116
2026-08-27 15:22:00,62.6814,62.6863,62.6814,62.6814,1911
2026-08-27 15:23:00,62.6814,62.6814,62.6766,62.6766,1142
2026-08-27 15:24:00,62.6814,62.6961,62.6814,62.6961,3363
2026-08-27 15:25:00,62.6961,62.6961,62.6912,62.6961,1811
2026-08-27 15:26:00,62.6912,62.6961,62.6912,62.6961,3479
2026-08-27 15:27:00,62.6912,62.6961,62.6912,62.6961,4020
2026-08-27 15:28:00,62.6912,62.701,62.6863,62.6961,10983
2026-08-27 15:29:00,62.6912,62.6961,62.6912,62.6912,1784
2026-08-27 15:30:00,62.6912,62.6961,62.6912,62.6912,1742
2026-08-27 15:31:00,62.6912,62.7058,62.6863,62.6961,20882
2026-08-27 15:32:00,62.6912,62.6912,62.6912,62.6912,1172
2026-08-27 15:33:00,62.6912,62.6961,62.6796,62.6912,12654
2026-08-27 15:34:00,62.6961,62.6961,62.6863,62.6912,5971
2026-08-27 15:35:00,62.6912,62.6912,62.6619,62.6814,14009
2026-08-27 15:36:00,62.6814,62.6814,62.6668,62.6717,20288
2026-08-27 15:37:00,62.6717,62.6863,62.6717,62.6863,4485
2026-08-27 15:38:00,62.6863,62.7058,62.6863,62.701,4800
2026-08-27 15:39:00,62.701,62.7351,62.6961,62.7205,16356
2026-08-27 15:40:00,62.7205,62.7205,62.701,62.701,19441
2026-08-27 15:41:00,62.701,62.701,62.6912,62.6961,4697
2026-08-27 15:42:00,62.6961,62.6961,62.6912,62.6912,3029
2026-08-27 15:43:00,62.6961,62.701,62.6912,62.701,4502
2026-08-27 15:44:00,62.701,62.7058,62.701,62.7058,1590
2026-08-27 15:45:00,62.7058,62.7156,62.701,62.7156,7954
2026-08-27 15:46:00,62.7205,62.7302,62.7156,62.7302,6757
2026-08-27 15:47:00,62.7302,62.74,62.7302,62.74,14548
2026-08-27 15:48:00,62.7449,62.7497,62.7351,62.74,22195
2026-08-27 15:49:00,62.74,62.74,62.7302,62.7302,5119
2026-08-27 15:50:00,62.7351,62.7741,62.7302,62.7585,29174
2026-08-27 15:51:00,62.7644,62.7741,62.7449,62.7595,27821
2026-08-27 15:52:00,62.7644,62.7741,62.7595,62.7693,11586
2026-08-27 15:53:00,62.7644,62.7741,62.7546,62.7741,20368
2026-08-27 15:54:00,62.7741,62.7741,62.7644,62.7693,8070
2026-08-27 15:55:00,62.7741,62.779,62.7693,62.7693,23081
2026-08-27 15:56:00,62.7741,62.7985,62.7693,62.7888,45280
2026-08-27 15:57:00,62.7888,62.7919,62.7741,62.779,35335
2026-08-27 15:58:00,62.779,62.7985,62.779,62.7985,55929
2026-08-27 15:59:00,62.7985,62.8229,62.779,62.8132,191532
2026-08-28 09:30:00,62.7156,62.8619,62.7156,62.8424,99562
2026-08-28 09:31:00,62.8522,62.9107,62.8327,62.8619,38767
2026-08-28 09:32:00,62.8619,62.8717,62.8229,62.8424,17442
2026-08-28 09:33:00,62.8522,62.8522,62.8278,62.8522,14670
2026-08-28 09:34:00,62.8619,62.8619,62.8229,62.8229,10196
2026-08-28 09:35:00,62.8132,62.8278,62.8034,62.8278,9443
2026-08-28 09:36:00,62.8278,62.8717,62.8278,62.8522,25873
2026-08-28 09:37:00,62.8522,62.8619,62.8278,62.8522,12385
2026-08-28 09:38:00,62.8424,62.8424,62.7839,62.7839,9411
2026-08-28 09:39:00,62.7839,62.7839,62.7644,62.7644,6651
2026-08-28 09:40:00,62.7644,62.7693,62.7449,62.7595,12230
2026-08-28 09:41:00,62.7595,62.7595,62.74,62.7497,4438
2026-08-28 09:42:00,62.7497,62.7644,62.7449,62.7644,4315
2026-08-28 09:43:00,62.7741,62.7888,62.7693,62.7888,5989
2026-08-28 09:44:00,62.7839,62.7985,62.7644,62.7839,13721
2026-08-28 09:45:00,62.7888,62.8229,62.7741,62.8229,5202
2026-08-28 09:46:00,62.8229,62.8229,62.7839,62.7936,11578
2026-08-28 09:47:00,62.7936,62.8034,62.7546,62.7741,13279
2026-08-28 09:48:00,62.779,62.7936,62.779,62.7936,2186
2026-08-28 09:49:00,62.7888,62.8034,62.7839,62.8034,6540
2026-08-28 09:50:00,62.8229,62.8229,62.8229,62.8229,3551
2026-08-28 09:51:00,62.8229,62.8229,62.7936,62.8034,10506
2026-08-28 09:52:00,62.8034,62.8132,62.7985,62.8034,4096
2026-08-28 09:53:00,62.8034,62.8034,62.7497,62.7546,12244
2026-08-28 09:54:00,62.7644,62.779,62.7595,62.779,9323
2026-08-28 09:55:00,62.779,62.8278,62.7741,62.818,23442
2026-08-28 09:56:00,62.8132,62.818,62.8034,62.8083,14362
2026-08-28 09:57:00,62.8034,62.8083,62.779,62.7839,11952
2026-08-28 09:58:00,62.7839,62.7839,62.7546,62.7546,11127
2026-08-28 09:59:00,62.7595,62.7595,62.7351,62.74,1839
2026-08-28 10:00:00,62.7449,62.7839,62.7449,62.7741,12246
2026-08-28 10:01:00,62.7741,62.7741,62.7253,62.7351,10776
2026-08-28 10:02:00,62.74,62.7741,62.7302,62.7644,6262
2026-08-28 10:03:00,62.7644,62.7693,62.7546,62.7546,5767
2026-08-28 10:04:00,62.7497,62.7741,62.7449,62.7595,4817
2026-08-28 10:05:00,62.7595,62.7644,62.7351,62.7546,13655
2026-08-28 10:06:00,62.7546,62.7741,62.7449,62.7693,11181
2026-08-28 10:07:00,62.7741,62.7985,62.7741,62.7851,11819
2026-08-28 10:08:00,62.7888,62.7985,62.7741,62.7936,27752
2026-08-28 10:09:00,62.7985,62.8522,62.7936,62.8522,14241
2026-08-28 10:10:00,62.8522,62.8717,62.8424,62.8522,14786
2026-08-28 10:11:00,62.8619,62.8619,62.8229,62.8278,15013
2026-08-28 10:12:00,62.8278,62.8619,62.8254,62.8473,5971
2026-08-28 10:13:00,62.8522,62.8815,62.8473,62.8522,8297
2026-08-28 10:14:00,62.8522,62.8863,62.8522,62.8863,5810
2026-08-28 10:15:00,62.8815,62.8815,62.8424,62.8522,2934
2026-08-28 10:16:00,62.8522,62.8571,62.8327,62.8327,7207
2026-08-28 10:17:00,62.8278,62.8619,62.8229,62.8522,9137
2026-08-28 10:18:00,62.8473,62.8619,62.8424,62.8424,5827
2026-08-28 10:19:00,62.8424,62.8473,62.8424,62.8473,8945
2026-08-28 10:20:00,62.8473,62.8473,62.8229,62.8375,21263
2026-08-28 10:21:00,62.8424,62.8717,62.8424,62.8668,27211
2026-08-28 10:22:00,62.8619,62.8815,62.8522,62.8717,19066
2026-08-28 10:23:00,62.8668,62.8766,62.8619,62.8717,5958
2026-08-28 10:24:00,62.8717,62.8766,62.8619,62.8717,9218
2026-08-28 10:25:00,62.8619,62.8815,62.8619,62.8815,1427
2026-08-28 10:26:00,62.8856,62.901,62.8856,62.901,3045
2026-08-28 10:27:00,62.8961,62.8961,62.8668,62.8815,12661
2026-08-28 10:28:00,62.8766,62.8912,62.8619,62.8619,4025
2026-08-28 10:29:00,62.8571,62.8668,62.8571,62.8571,4719
2026-08-28 10:30:00,62.8571,62.8668,62.8278,62.8278,9143
2026-08-28 10:31:00,62.8327,62.8375,62.8327,62.8375,2440
2026-08-28 10:32:00,62.8375,62.8815,62.8229,62.8766,18856
2026-08-28 10:33:00,62.8815,62.8961,62.8717,62.8912,12912
2026-08-28 10:34:00,62.8815,62.8815,62.8522,62.8522,6786
2026-08-28 10:35:00,62.8522,62.8863,62.8522,62.8863,8389
2026-08-28 10:36:00,62.8854,62.9254,62.8854,62.9254,4548
2026-08-28 10:37:00,62.9254,62.9478,62.9254,62.9449,3919
2026-08-28 10:38:00,62.9449,62.9595,62.9449,62.9546,3829
2026-08-28 10:39:00,62.9644,62.9693,62.9595,62.9644,1735
2026-08-28 10:40:00,62.9595,62.9644,62.9156,62.9156,8557
2026-08-28 10:41:00,62.9107,62.9107,62.8912,62.9058,3111
2026-08-28 10:42:00,62.9058,62.9058,62.8912,62.8912,3067
2026-08-28 10:43:00,62.8961,62.901,62.8912,62.8961,4572
2026-08-28 10:44:00,62.901,62.901,62.8961,62.8961,796
2026-08-28 10:45:00,62.8961,62.9205,62.8961,62.9156,4967
2026-08-28 10:46:00,62.9156,62.9156,62.8912,62.901,4125
2026-08-28 10:47:00,62.901,62.9156,62.8961,62.9156,2831
2026-08-28 10:48:00,62.9156,62.9254,62.9156,62.9254,1132
2026-08-28 10:49:00,62.9254,62.9254,62.9107,62.9156,2981
2026-08-28 10:50:00,62.9205,62.9254,62.9205,62.9254,1671
2026-08-28 10:51:00,62.9254,62.9546,62.9254,62.9546,13330
2026-08-28 10:52:00,62.9546,62.9546,62.9107,62.9205,10720
2026-08-28 10:53:00,62.9254,62.9302,62.9205,62.9254,1909
2026-08-28 10:54:00,62.9205,62.9302,62.9205,62.9205,6455
2026-08-28 10:55:00,62.9206,62.9254,62.9205,62.9254,1557
2026-08-28 10:56:00,62.9302,62.9351,62.9254,62.9351,2354
2026-08-28 10:57:00,62.9351,62.9595,62.9351,62.9449,15509
2026-08-28 10:58:00,62.9449,62.9449,62.9449,62.9449,1639
2026-08-28 10:59:00,62.9449,62.9498,62.94,62.9498,5804
2026-08-28 11:00:00,62.9449,62.9644,62.9449,62.9644,2580
2026-08-28 11:01:00,62.9644,62.9658,62.9302,62.9302,5350
2026-08-28 11:02:00,62.9254,62.9351,62.9254,62.9351,2453
2026-08-28 11:03:00,62.9302,62.9498,62.9302,62.9351,6261
2026-08-28 11:04:00,62.9351,62.9351,62.9351,62.9351,2386
2026-08-28 11:05:00,62.9351,62.9546,62.9351,62.9546,3676
2026-08-28 11:06:00,62.9498,62.9546,62.9302,62.9546,3633
2026-08-28 11:07:00,62.9546,62.9595,62.9449,62.9498,5367
2026-08-28 11:08:00,62.9496,62.9937,62.9449,62.9888,5886
2026-08-28 11:09:00,62.9888,62.9937,62.9741,62.9839,5375
2026-08-28 11:10:00,62.9839,62.9937,62.979,62.9937,5845
2026-08-28 11:11:00,62.9888,62.9888,62.9741,62.9839,6178
2026-08-28 11:12:00,62.9888,62.9888,62.9644,62.9741,3998
2026-08-28 11:13:00,62.9741,62.979,62.9595,62.9595,7347
2026-08-28 11:14:00,62.9595,62.9644,62.9595,62.9644,3651
2026-08-28 11:15:00,62.9692,62.9937,62.9644,62.9937,3869
2026-08-28 11:16:00,62.9937,62.9976,62.9937,62.9937,4341
2026-08-28 11:17:00,62.9937,62.9937,62.9693,62.9693,39165
2026-08-28 11:18:00,62.979,62.9839,62.9595,62.9741,14714
2026-08-28 11:19:00,62.9741,62.9741,62.9693,62.9741,3434
2026-08-28 11:20:00,62.9741,63.0034,62.9741,63.0034,8763
2026-08-28 11:21:00,63.0034,63.0034,62.979,62.9888,11355
2026-08-28 11:22:00,62.9839,62.9839,62.9741,62.9839,4229
2026-08-28 11:23:00,62.9839,62.9937,62.9839,62.9937,3106
2026-08-28 11:24:00,62.9985,63.0229,62.9985,63.0132,9352
2026-08-28 11:25:00,63.0132,63.0229,63.0132,63.018,6715
2026-08-28 11:26:00,63.0278,63.0376,63.0229,63.0327,5171
2026-08-28 11:27:00,63.0376,63.0571,63.0278,63.0571,15794
2026-08-28 11:28:00,63.0473,63.0473,63.0278,63.0278,6391
2026-08-28 11:29:00,63.0376,63.0522,63.0278,63.0376,17466
2026-08-28 11:30:00,63.0376,63.0766,63.0376,63.0766,4877
2026-08-28 11:31:00,63.0766,63.0912,63.0668,63.0668,5375
2026-08-28 11:32:00,63.0717,63.101,63.0571,63.101,7997
2026-08-28 11:33:00,63.1059,63.1205,63.101,63.1205,4328
2026-08-28 11:34:00,63.1302,63.1302,63.0961,63.1107,20308
2026-08-28 11:35:00,63.1205,63.1205,63.0863,63.0863,25351
2026-08-28 11:36:00,63.0863,63.101,63.0766,63.0815,7877
2026-08-28 11:37:00,63.0815,63.101,63.0766,63.0961,5133
2026-08-28 11:38:00,63.0912,63.1107,63.0912,63.0961,2368
2026-08-28 11:39:00,63.101,63.101,63.0961,63.0961,1955
2026-08-28 11:40:00,63.0961,63.1059,63.0912,63.1059,903
2026-08-28 11:41:00,63.101,63.101,63.0815,63.0815,1803
2026-08-28 11:42:00,63.0863,63.0863,63.0863,63.0863,715
2026-08-28 11:43:00,63.0912,63.0961,63.0912,63.0961,545
2026-08-28 11:44:00,63.101,63.101,63.0961,63.101,2094
2026-08-28 11:45:00,63.0863,63.0912,63.0863,63.0863,1059
2026-08-28 11:46:00,63.0863,63.0912,63.0863,63.0863,1508
2026-08-28 11:47:00,63.0912,63.0912,63.0815,63.0815,2607
2026-08-28 11:48:00,63.0863,63.0922,63.0863,63.0922,1366
2026-08-28 11:50:00,63.0863,63.1254,63.0863,63.1254,2353
2026-08-28 11:51:00,63.1205,63.1351,63.1173,63.1351,2722
2026-08-28 11:52:00,63.14,63.1595,63.14,63.1595,3210
2026-08-28 11:53:00,63.1644,63.1742,63.1644,63.1693,908
2026-08-28 11:54:00,63.1742,63.1839,63.1742,63.1742,7588
2026-08-28 11:55:00,63.1742,63.1742,63.1449,63.1595,3278
2026-08-28 11:56:00,63.1546,63.1546,63.142,63.1449,1456
2026-08-28 11:58:00,63.1693,63.179,63.1693,63.1742,2231
2026-08-28 11:59:00,63.1888,63.1888,63.1888,63.1888,316544
2026-08-28 12:00:00,63.1888,63.1888,63.1742,63.1839,5673
2026-08-28 12:01:00,63.1839,63.1888,63.1839,63.1839,1767
2026-08-28 12:03:00,63.1839,63.1936,63.1839,63.1839,6210
2026-08-28 12:04:00,63.1839,63.1839,63.1839,63.1839,249
2026-08-28 12:05:00,63.1839,63.1839,63.1595,63.1595,2837
2026-08-28 12:06:00,63.1595,63.1595,63.1449,63.1498,4157
2026-08-28 12:07:00,63.1467,63.1693,63.1467,63.1693,2426
2026-08-28 12:08:00,63.1693,63.1742,63.1693,63.1742,1213
2026-08-28 12:09:00,63.179,63.179,63.1546,63.1595,4098
2026-08-28 12:10:00,63.1595,63.1693,63.1595,63.1644,2365
2026-08-28 12:11:00,63.1644,63.1742,63.1644,63.1742,2128
2026-08-28 12:12:00,63.179,63.179,63.179,63.179,662
2026-08-28 12:14:00,63.1784,63.179,63.1546,63.1546,3490
2026-08-28 12:15:00,63.1644,63.1693,63.1498,63.1693,2812
2026-08-28 12:16:00,63.1644,63.1742,63.1595,63.1644,5057
2026-08-28 12:17:00,63.1693,63.1693,63.1546,63.1546,3432
2026-08-28 12:18:00,63.1595,63.1595,63.1449,63.1498,3477
2026-08-28 12:19:00,63.1498,63.1498,63.1498,63.1498,1107
2026-08-28 12:20:00,63.1498,63.1498,63.1449,63.1498,5394
2026-08-28 12:21:00,63.1449,63.1498,63.1449,63.1498,1911
2026-08-28 12:22:00,63.1498,63.1742,63.1498,63.1693,301460
2026-08-28 12:23:00,63.1693,63.1742,63.1644,63.1693,70170
2026-08-28 12:24:00,63.1693,63.179,63.1693,63.179,1432
2026-08-28 12:25:00,63.179,63.179,63.179,63.179,246
2026-08-28 12:26:00,63.179,63.179,63.1742,63.1742,7482
2026-08-28 12:27:00,63.1742,63.1742,63.1742,63.1742,1047
2026-08-28 12:28:00,63.179,63.1985,63.179,63.1985,1927
2026-08-28 12:29:00,63.1937,63.1985,63.1888,63.1888,1238
2026-08-28 12:30:00,63.1888,63.1888,63.1839,63.1888,1927
2026-08-28 12:31:00,63.1888,63.1906,63.1742,63.1742,7491
2026-08-28 12:32:00,63.1742,63.1742,63.1742,63.1742,1252
2026-08-28 12:33:00,63.1742,63.1742,63.1595,63.1595,2205
2026-08-28 12:34:00,63.1595,63.1644,63.1546,63.1595,3962
2026-08-28 12:35:00,63.1595,63.1595,63.1498,63.1498,3502
2026-08-28 12:36:00,63.1543,63.1693,63.1543,63.1693,3180
2026-08-28 12:37:00,63.1742,63.1742,63.1644,63.1693,2276
2026-08-28 12:38:00,63.1693,63.1937,63.1693,63.1937,11739
2026-08-28 12:39:00,63.2083,63.2132,63.2083,63.2132,911
2026-08-28 12:40:00,63.2083,63.2132,63.2034,63.2132,3950
2026-08-28 12:41:00,63.2083,63.2132,63.2034,63.2132,904
2026-08-28 12:42:00,63.2132,63.2522,63.2132,63.2522,11450
2026-08-28 12:43:00,63.2473,63.2522,63.2424,63.2522,5097
2026-08-28 12:44:00,63.2473,63.2522,63.2473,63.2522,3614
2026-08-28 12:45:00,63.2522,63.262,63.2473,63.262,3777
2026-08-28 12:46:00,63.262,63.2717,63.262,63.2717,1138
2026-08-28 12:47:00,63.2668,63.2717,63.2668,63.2717,1790
2026-08-28 12:48:00,63.2717,63.2717,63.2473,63.2473,2960
2026-08-28 12:49:00,63.2522,63.262,63.2424,63.2599,2255
2026-08-28 12:50:00,63.2571,63.2571,63.2522,63.2522,2532
2026-08-28 12:51:00,63.2571,63.262,63.2522,63.262,4337
2026-08-28 12:52:00,63.262,63.2815,63.262,63.2766,12499
2026-08-28 12:53:00,63.2766,63.2815,63.2717,63.2766,7076
2026-08-28 12:54:00,63.2717,63.2815,63.2717,63.2717,4006
2026-08-28 12:55:00,63.2766,63.2815,63.2766,63.2766,2269
2026-08-28 12:56:00,63.2766,63.2766,63.2668,63.2668,3814
2026-08-28 12:57:00,63.2717,63.2912,63.2668,63.2912,4490
2026-08-28 12:58:00,63.2961,63.2961,63.262,63.262,11334
2026-08-28 12:59:00,63.2571,63.2717,63.2571,63.2717,2325
2026-08-28 13:00:00,63.2668,63.2668,63.262,63.2668,1275
2026-08-28 13:01:00,63.2668,63.2864,63.262,63.2815,8685
2026-08-28 13:02:00,63.2717,63.2717,63.262,63.262,1927
2026-08-28 13:03:00,63.2668,63.2717,63.262,63.262,808
2026-08-28 13:04:00,63.2668,63.2668,63.2522,63.2522,2527
2026-08-28 13:05:00,63.2522,63.2668,63.2522,63.2522,4805
2026-08-28 13:06:00,63.2571,63.2571,63.2522,63.2522,463
2026-08-28 13:07:00,63.262,63.262,63.262,63.262,2038
2026-08-28 13:08:00,63.2693,63.2717,63.2693,63.2717,932
2026-08-28 13:09:00,63.2668,63.2717,63.262,63.2668,1971
2026-08-28 13:10:00,63.2717,63.2815,63.2717,63.2717,8073
2026-08-28 13:11:00,63.2717,63.2766,63.2717,63.2717,3237
2026-08-28 13:12:00,63.2717,63.2815,63.2717,63.2815,2712
2026-08-28 13:13:00,63.2766,63.2815,63.2766,63.2815,1156
2026-08-28 13:14:00,63.2815,63.2815,63.2718,63.2766,2329
2026-08-28 13:15:00,63.2766,63.2766,63.2717,63.2717,5036
2026-08-28 13:16:00,63.2766,63.301,63.2717,63.301,5405
2026-08-28 13:17:00,63.301,63.3205,63.2912,63.3205,10432
2026-08-28 13:18:00,63.3107,63.3205,63.3107,63.3156,470
2026-08-28 13:19:00,63.3205,63.34,63.3156,63.3327,8639
2026-08-28 13:20:00,63.3205,63.3351,63.3205,63.3205,18767
2026-08-28 13:21:00,63.3205,63.3254,63.3205,63.3254,2368
2026-08-28 13:22:00,63.3205,63.3205,63.3205,63.3205,264
2026-08-28 13:23:00,63.3254,63.3303,63.3254,63.3303,2801
2026-08-28 13:24:00,63.3351,63.34,63.3303,63.3351,10855
2026-08-28 13:25:00,63.3303,63.34,63.3303,63.34,4533
2026-08-28 13:26:00,63.3351,63.3351,63.3351,63.3351,440
2026-08-28 13:27:00,63.34,63.3498,63.34,63.3498,3202
2026-08-28 13:28:00,63.3409,63.3409,63.3409,63.3409,694
2026-08-28 13:30:00,63.3498,63.3498,63.3449,63.3449,1532
2026-08-28 13:31:00,63.3498,63.3595,63.3498,63.3595,8639
2026-08-28 13:32:00,63.3644,63.3693,63.3644,63.3644,1370
2026-08-28 13:33:00,63.3693,63.379,63.3693,63.379,3687
2026-08-28 13:34:00,63.3742,63.379,63.3742,63.379,652
2026-08-28 13:35:00,63.379,63.3888,63.3693,63.3693,24805
2026-08-28 13:36:00,63.3693,63.3937,63.3693,63.3937,8811
2026-08-28 13:37:00,63.3937,63.4083,63.3937,63.4034,6611
2026-08-28 13:38:00,63.4083,63.4083,63.4083,63.4083,1275
2026-08-28 13:39:00,63.4034,63.4083,63.3986,63.4083,11800
2026-08-28 13:40:00,63.4083,63.4278,63.4083,63.426,28268
2026-08-28 13:42:00,63.4229,63.4229,63.4132,63.4229,9606
2026-08-28 13:43:00,63.4229,63.4229,63.4229,63.4229,928
2026-08-28 13:44:00,63.4229,63.4229,63.4181,63.4181,606
2026-08-28 13:45:00,63.4229,63.4229,63.4229,63.4229,1068
2026-08-28 13:46:00,63.4181,63.4278,63.4181,63.4229,7540
2026-08-28 13:48:00,63.4278,63.4425,63.4229,63.4229,14544
2026-08-28 13:49:00,63.4229,63.4229,63.4229,63.4229,333
2026-08-28 13:50:00,63.4229,63.4277,63.4181,63.4229,4075
2026-08-28 13:51:00,63.4229,63.4229,63.4181,63.4181,6856
2026-08-28 13:52:00,63.4278,63.4278,63.4278,63.4278,2441
2026-08-28 13:53:00,63.4376,63.4376,63.4327,63.4327,878
2026-08-28 13:54:00,63.4278,63.4376,63.4132,63.4181,16880
2026-08-28 13:55:00,63.4229,63.4229,63.4181,63.4229,1249
2026-08-28 13:56:00,63.4229,63.4229,63.4181,63.4229,1554
2026-08-28 13:57:00,63.4229,63.4473,63.4181,63.4425,5062
2026-08-28 13:58:00,63.4425,63.4425,63.442,63.442,340
2026-08-28 14:00:00,63.4425,63.4425,63.4376,63.4376,8005
2026-08-28 14:01:00,63.4376,63.4376,63.4229,63.4376,9653
2026-08-28 14:02:00,63.4376,63.4473,63.4376,63.4425,3541
2026-08-28 14:03:00,63.4425,63.4571,63.4376,63.4522,15451
2026-08-28 14:04:00,63.4522,63.4522,63.4522,63.4522,514
2026-08-28 14:05:00,63.4522,63.4669,63.4498,63.4522,17460
2026-08-28 14:06:00,63.4717,63.5059,63.4717,63.5059,16464
2026-08-28 14:07:00,63.5059,63.5156,63.5059,63.5156,11544
2026-08-28 14:08:00,63.5108,63.5254,63.5083,63.5205,8680
2026-08-28 14:09:00,63.5205,63.5254,63.5156,63.5254,3458
2026-08-28 14:10:00,63.5205,63.5351,63.5156,63.5351,7753
2026-08-28 14:11:00,63.5303,63.5351,63.5156,63.5303,11785
2026-08-28 14:12:00,63.5303,63.5303,63.5156,63.5205,14033
2026-08-28 14:13:00,63.5235,63.5351,63.5156,63.5303,10908
2026-08-28 14:14:00,63.5303,63.5303,63.5156,63.5156,13980
2026-08-28 14:15:00,63.5205,63.5234,63.5108,63.5156,4301
2026-08-28 14:16:00,63.5077,63.5156,63.4961,63.5049,10022
2026-08-28 14:17:00,63.501,63.5048,63.4961,63.4961,1565
2026-08-28 14:18:00,63.501,63.5156,63.501,63.5059,10097
2026-08-28 14:19:00,63.5078,63.5108,63.4717,63.4717,7829
2026-08-28 14:20:00,63.4766,63.4864,63.4669,63.4766,3876
2026-08-28 14:21:00,63.4815,63.4815,63.4571,63.4766,11517
2026-08-28 14:22:00,63.4766,63.4815,63.4766,63.4815,1710
2026-08-28 14:23:00,63.4766,63.4961,63.4669,63.4912,6709
2026-08-28 14:24:00,63.4912,63.4961,63.4864,63.4961,1581
2026-08-28 14:25:00,63.4864,63.5156,63.4864,63.501,17374
2026-08-28 14:26:00,63.501,63.5059,63.4864,63.4864,9674
2026-08-28 14:27:00,63.4865,63.5059,63.4865,63.501,5949
2026-08-28 14:28:00,63.501,63.501,63.4766,63.4961,15229
2026-08-28 14:29:00,63.4864,63.501,63.4815,63.4961,9489
2026-08-28 14:30:00,63.4961,63.5059,63.4815,63.4864,13222
2026-08-28 14:31:00,63.4912,63.4961,63.4912,63.4961,1296
2026-08-28 14:32:00,63.4912,63.4912,63.4766,63.4766,3692
2026-08-28 14:33:00,63.4815,63.4961,63.4815,63.4912,3686
2026-08-28 14:34:00,63.4912,63.4961,63.4912,63.4961,2781
2026-08-28 14:35:00,63.4912,63.5059,63.4815,63.4815,33174
2026-08-28 14:36:00,63.4815,63.4961,63.4815,63.4961,3532
2026-08-28 14:37:00,63.4912,63.501,63.4864,63.4912,11626
2026-08-28 14:38:00,63.4912,63.4912,63.4669,63.4815,11170
2026-08-28 14:39:00,63.4815,63.4815,63.4669,63.4717,8153
2026-08-28 14:40:00,63.4717,63.4717,63.4473,63.4522,26638
2026-08-28 14:41:00,63.4522,63.4669,63.4474,63.4669,14945
2026-08-28 14:42:00,63.4669,63.4766,63.4571,63.4571,18051
2026-08-28 14:43:00,63.462,63.4669,63.4425,63.4571,28985
2026-08-28 14:44:00,63.4522,63.4669,63.4522,63.4669,2270
2026-08-28 14:45:00,63.462,63.4864,63.4571,63.462,19671
2026-08-28 14:46:00,63.462,63.462,63.4473,63.4473,8606
2026-08-28 14:47:00,63.4473,63.4473,63.4083,63.4183,11609
2026-08-28 14:48:00,63.4229,63.4278,63.4083,63.4229,5949
2026-08-28 14:49:00,63.4229,63.4376,63.4181,63.4327,10404
2026-08-28 14:50:00,63.4278,63.4376,63.4278,63.4327,6090
2026-08-28 14:51:00,63.4327,63.4327,63.4278,63.4278,5887
2026-08-28 14:52:00,63.4278,63.4376,63.4278,63.4327,7271
2026-08-28 14:53:00,63.4327,63.4815,63.4327,63.4766,34331
2026-08-28 14:54:00,63.4681,63.4717,63.462,63.4669,8377
2026-08-28 14:55:00,63.4717,63.4912,63.4669,63.4912,13110
2026-08-28 14:56:00,63.4864,63.4864,63.4717,63.4717,2886
2026-08-28 14:57:00,63.4717,63.4766,63.462,63.4766,3631
2026-08-28 14:58:00,63.4766,63.4864,63.4766,63.4815,4534
2026-08-28 14:59:00,63.4815,63.4815,63.4815,63.4815,613
2026-08-28 15:00:00,63.4766,63.4815,63.462,63.462,13909
2026-08-28 15:01:00,63.462,63.4864,63.4571,63.4815,5968
2026-08-28 15:02:00,63.4766,63.4815,63.4766,63.4766,5347
2026-08-28 15:03:00,63.4815,63.4961,63.4766,63.4864,12618
2026-08-28 15:04:00,63.4864,63.4864,63.4669,63.4669,2733
2026-08-28 15:05:00,63.4571,63.4961,63.4571,63.4961,16081
2026-08-28 15:06:00,63.4864,63.4864,63.4669,63.4864,12005
2026-08-28 15:07:00,63.4864,63.4961,63.4766,63.4912,5156
2026-08-28 15:08:00,63.4912,63.5059,63.4864,63.4981,11186
2026-08-28 15:09:00,63.501,63.5254,63.4961,63.5205,10455
2026-08-28 15:10:00,63.5254,63.5254,63.5205,63.5205,2077
2026-08-28 15:11:00,63.5205,63.5254,63.5156,63.5205,5787
2026-08-28 15:12:00,63.5205,63.5254,63.5156,63.5205,6566
2026-08-28 15:13:00,63.5205,63.5351,63.5205,63.5205,13658
2026-08-28 15:14:00,63.5205,63.5205,63.5205,63.5205,1320
2026-08-28 15:15:00,63.5205,63.5205,63.501,63.501,8755
2026-08-28 15:16:00,63.501,63.5205,63.501,63.5205,4293
2026-08-28 15:17:00,63.5205,63.5254,63.5205,63.5244,6461
2026-08-28 15:18:00,63.5205,63.5205,63.5205,63.5205,2333
2026-08-28 15:19:00,63.5205,63.5351,63.5205,63.5303,13844
2026-08-28 15:20:00,63.5303,63.5303,63.5059,63.5205,18425
2026-08-28 15:21:00,63.5254,63.5351,63.5205,63.5254,5471
2026-08-28 15:22:00,63.5156,63.5351,63.5108,63.5303,15161
2026-08-28 15:23:00,63.5303,63.5449,63.5205,63.54,21962
2026-08-28 15:24:00,63.54,63.5736,63.54,63.5736,16511
2026-08-28 15:25:00,63.5693,63.5693,63.5693,63.5693,1245
2026-08-28 15:26:00,63.5693,63.574,63.5693,63.5693,1589
2026-08-28 15:27:00,63.5741,63.5741,63.5644,63.5693,7410
2026-08-28 15:28:00,63.5693,63.5839,63.5644,63.5644,32273
2026-08-28 15:29:00,63.5693,63.5791,63.5644,63.5644,20925
2026-08-28 15:30:00,63.5693,63.5839,63.5644,63.5693,26829
2026-08-28 15:31:00,63.5693,63.5693,63.5546,63.5644,21773
2026-08-28 15:32:00,63.5547,63.5595,63.5498,63.5547,3533
2026-08-28 15:33:00,63.5547,63.5547,63.5498,63.5498,2415
2026-08-28 15:34:00,63.5498,63.5791,63.5498,63.5742,23161
2026-08-28 15:35:00,63.5742,63.5742,63.5205,63.5205,19694
2026-08-28 15:36:00,63.5156,63.5205,63.5108,63.5108,2453
2026-08-28 15:37:00,63.5108,63.5108,63.4571,63.4766,24797
2026-08-28 15:38:00,63.4717,63.4766,63.4571,63.4766,17697
2026-08-28 15:39:00,63.4766,63.4864,63.4669,63.4766,5848
2026-08-28 15:40:00,63.4766,63.4864,63.4522,63.4522,8252
2026-08-28 15:41:00,63.4522,63.4669,63.4522,63.4669,11984
2026-08-28 15:42:00,63.462,63.4669,63.4473,63.4571,13531
2026-08-28 15:43:00,63.4522,63.4669,63.4522,63.462,6596
2026-08-28 15:44:00,63.462,63.462,63.4473,63.462,8049
2026-08-28 15:45:00,63.462,63.4669,63.4425,63.4425,20179
2026-08-28 15:46:00,63.4473,63.4522,63.4088,63.4132,25991
2026-08-28 15:47:00,63.4083,63.4132,63.3888,63.4034,14782
2026-08-28 15:48:00,63.4083,63.4376,63.4034,63.4327,23956
2026-08-28 15:49:00,63.4327,63.4473,63.4229,63.4303,29471
2026-08-28 15:50:00,63.4181,63.4717,63.4083,63.4717,42920
2026-08-28 15:51:00,63.4766,63.4912,63.4473,63.4864,31491
2026-08-28 15:52:00,63.4864,63.4912,63.4669,63.4815,30105
2026-08-28 15:53:00,63.4864,63.5059,63.4717,63.4815,22983
2026-08-28 15:54:00,63.4815,63.501,63.4669,63.4669,22226
2026-08-28 15:55:00,63.4571,63.4815,63.4425,63.4669,43843
2026-08-28 15:56:00,63.462,63.462,63.4473,63.4522,16486
2026-08-28 15:57:00,63.4473,63.4766,63.4473,63.4766,50275
2026-08-28 15:58:00,63.4717,63.5156,63.462,63.4766,77506
2026-08-28 15:59:00,63.4571,63.4961,63.4571,63.4864,88026
2026-08-29 09:30:00,63.2132,63.34,63.2132,63.3107,93441
2026-08-29 09:31:00,63.3205,63.3303,63.2571,63.2717,56915
2026-08-29 09:32:00,63.2717,63.301,63.262,63.2815,52645
2026-08-29 09:33:00,63.2864,63.3107,63.2522,63.262,37724
2026-08-29 09:34:00,63.262,63.2815,63.2327,63.2327,10846
2026-08-29 09:35:00,63.2424,63.2912,63.2424,63.2424,32822
2026-08-29 09:36:00,63.2571,63.262,63.1498,63.1742,36721
2026-08-29 09:37:00,63.1742,63.1888,63.1449,63.1546,11134
2026-08-29 09:38:00,63.1546,63.1888,63.1546,63.1693,11267
2026-08-29 09:39:00,63.179,63.2034,63.1693,63.2034,11324
2026-08-29 09:40:00,63.1985,63.2229,63.1985,63.2132,9553
2026-08-29 09:41:00,63.2132,63.2132,63.1449,63.1449,8360
2026-08-29 09:42:00,63.14,63.1742,63.14,63.1644,6329
2026-08-29 09:43:00,63.1498,63.1742,63.1449,63.1644,3526
2026-08-29 09:44:00,63.1644,63.1742,63.1449,63.1546,4916
2026-08-29 09:45:00,63.1546,63.1551,63.1351,63.1546,6785
2026-08-29 09:46:00,63.1449,63.1546,63.14,63.1546,6545
2026-08-29 09:47:00,63.1546,63.1839,63.14,63.179,9690
2026-08-29 09:48:00,63.179,63.1888,63.1693,63.1693,8350
2026-08-29 09:49:00,63.1644,63.1644,63.1156,63.1205,10051
2026-08-29 09:50:00,63.1205,63.1205,63.0961,63.1059,5080
2026-08-29 09:51:00,63.1059,63.1059,63.0766,63.0766,8897
2026-08-29 09:52:00,63.0815,63.0863,63.0668,63.0766,18695
2026-08-29 09:53:00,63.0717,63.0961,63.0717,63.0863,25387
2026-08-29 09:54:00,63.0815,63.1059,63.0815,63.0912,17076
2026-08-29 09:55:00,63.0912,63.0961,63.0863,63.094,5323
2026-08-29 09:56:00,63.0863,63.0961,63.0766,63.0961,9554
2026-08-29 09:57:00,63.0815,63.0961,63.0766,63.0912,11798
2026-08-29 09:58:00,63.0815,63.0961,63.0815,63.0863,10491
2026-08-29 09:59:00,63.0815,63.1059,63.0766,63.1059,5123
2026-08-29 10:00:00,63.1156,63.1351,63.0912,63.1059,16951
2026-08-29 10:01:00,63.1156,63.1205,63.0961,63.1156,13036
2026-08-29 10:02:00,63.1156,63.1205,63.101,63.1156,6786
2026-08-29 10:03:00,63.1059,63.1156,63.101,63.101,7914
2026-08-29 10:04:00,63.1059,63.1156,63.0961,63.1107,18802
2026-08-29 10:05:00,63.1205,63.1254,63.1107,63.1107,5276
2026-08-29 10:06:00,63.1107,63.1254,63.1107,63.1205,14219
2026-08-29 10:07:00,63.1205,63.1205,63.0964,63.101,20827
2026-08-29 10:08:00,63.1107,63.1205,63.1059,63.1107,5916
2026-08-29 10:09:00,63.1107,63.1254,63.1059,63.1107,31678
2026-08-29 10:10:00,63.1107,63.1107,63.0766,63.0766,13905
2026-08-29 10:11:00,63.0815,63.0961,63.0766,63.0766,8521
2026-08-29 10:12:00,63.0815,63.0912,63.0571,63.0766,20157
2026-08-29 10:13:00,63.0766,63.0863,63.0766,63.0863,4733
2026-08-29 10:14:00,63.0815,63.0863,63.0571,63.0571,5539
2026-08-29 10:15:00,63.0571,63.101,63.0571,63.0961,15869
2026-08-29 10:16:00,63.0961,63.1059,63.0766,63.0766,7291
2026-08-29 10:17:00,63.0815,63.0961,63.0815,63.0912,5083
2026-08-29 10:18:00,63.0863,63.1107,63.0863,63.1107,16295
2026-08-29 10:19:00,63.1107,63.1449,63.1059,63.1449,14203
2026-08-29 10:20:00,63.1351,63.1644,63.1254,63.1595,11302
2026-08-29 10:21:00,63.1595,63.1839,63.1595,63.179,21975
2026-08-29 10:22:00,63.179,63.1839,63.1351,63.1351,18485
2026-08-29 10:23:00,63.1351,63.1449,63.1205,63.1254,15279
2026-08-29 10:24:00,63.1302,63.1302,63.1156,63.1156,2365
2026-08-29 10:25:00,63.1156,63.1254,63.1107,63.1229,16587
2026-08-29 10:26:00,63.1156,63.1254,63.1107,63.1229,14762
2026-08-29 10:27:00,63.1156,63.1254,63.1107,63.1156,8368
2026-08-29 10:28:00,63.1107,63.1156,63.1107,63.1107,15488
2026-08-29 10:29:00,63.1107,63.1205,63.1107,63.1205,5199
2026-08-29 10:30:00,63.1254,63.1254,63.101,63.101,2788
2026-08-29 10:31:00,63.101,63.1156,63.101,63.1107,13210
2026-08-29 10:32:00,63.1107,63.1254,63.1059,63.1107,12126
2026-08-29 10:33:00,63.1107,63.1156,63.1107,63.1107,6076
2026-08-29 10:34:00,63.1107,63.1107,63.101,63.101,7123
2026-08-29 10:35:00,63.101,63.1156,63.101,63.1107,15731
2026-08-29 10:36:00,63.1156,63.1254,63.1107,63.1254,28462
2026-08-29 10:37:00,63.1205,63.1351,63.0961,63.0961,20780
2026-08-29 10:38:00,63.0863,63.0863,63.0278,63.0522,8461
2026-08-29 10:39:00,63.0571,63.0863,63.0571,63.0863,7413
2026-08-29 10:40:00,63.0815,63.0863,63.0766,63.0815,4628
2026-08-29 10:41:00,63.0766,63.0766,63.0668,63.0668,3352
2026-08-29 10:42:00,63.0571,63.0668,63.0376,63.0668,20083
2026-08-29 10:43:00,63.0668,63.0766,63.0668,63.0668,4628
2026-08-29 10:44:00,63.0571,63.0571,63.0376,63.0376,2319
2026-08-29 10:45:00,63.0376,63.0473,63.0278,63.0278,5159
2026-08-29 10:46:00,63.0376,63.0376,62.9937,63.0006,11919
2026-08-29 10:47:00,62.9888,62.9888,62.9401,62.9401,3825
2026-08-29 10:48:00,62.9498,62.9498,62.9205,62.9302,8934
2026-08-29 10:49:00,62.94,62.9693,62.94,62.9498,4164
2026-08-29 10:50:00,62.9546,62.9741,62.94,62.94,7699
2026-08-29 10:51:00,62.9498,62.9595,62.9351,62.9498,3732
2026-08-29 10:52:00,62.9546,62.9839,62.9546,62.9839,1699
2026-08-29 10:53:00,62.9888,62.9888,62.9156,62.9351,5946
2026-08-29 10:54:00,62.94,62.94,62.94,62.94,929
2026-08-29 10:55:00,62.9205,62.9205,62.9107,62.9205,3721
2026-08-29 10:56:00,62.9254,62.9254,62.9058,62.9107,2170
2026-08-29 10:57:00,62.9058,62.9254,62.8961,62.8961,4319
2026-08-29 10:58:00,62.8961,62.901,62.8815,62.8863,4634
2026-08-29 10:59:00,62.8863,62.8961,62.8619,62.8619,4286
2026-08-29 11:00:00,62.8668,62.8815,62.8571,62.8815,6238
2026-08-29 11:01:00,62.8912,62.9058,62.8863,62.901,2778
2026-08-29 11:02:00,62.901,62.901,62.8863,62.8912,1851
2026-08-29 11:03:00,62.8766,62.8863,62.8717,62.8815,5329
2026-08-29 11:04:00,62.8717,62.8717,62.8619,62.8619,3641
2026-08-29 11:05:00,62.8619,62.8668,62.8571,62.8619,1578
2026-08-29 11:06:00,62.8571,62.8717,62.8522,62.8522,3567
2026-08-29 11:07:00,62.8473,62.8522,62.8327,62.8424,2647
2026-08-29 11:08:00,62.8522,62.8522,62.8375,62.8375,1972
2026-08-29 11:09:00,62.8522,62.8571,62.8473,62.8571,3995
2026-08-29 11:10:00,62.8522,62.8522,62.8132,62.8278,5892
2026-08-29 11:11:00,62.8327,62.8327,62.8278,62.8278,2097
2026-08-29 11:12:00,62.8375,62.8375,62.818,62.818,1226
2026-08-29 11:13:00,62.8132,62.8229,62.8083,62.8229,3141
2026-08-29 11:14:00,62.818,62.8288,62.8132,62.8288,2215
2026-08-29 11:15:00,62.8278,62.8375,62.818,62.818,3043
2026-08-29 11:16:00,62.818,62.8229,62.8158,62.821,2501
2026-08-29 11:17:00,62.8132,62.8473,62.8132,62.8375,6768
2026-08-29 11:18:00,62.8375,62.8375,62.8278,62.8278,2035
2026-08-29 11:19:00,62.8229,62.8375,62.8229,62.8327,3334
2026-08-29 11:20:00,62.8327,62.8424,62.8278,62.8375,4077
2026-08-29 11:21:00,62.8424,62.8424,62.8083,62.8278,10452
2026-08-29 11:22:00,62.8229,62.8327,62.8034,62.8034,3682
2026-08-29 11:23:00,62.8034,62.8083,62.7985,62.8034,1942
2026-08-29 11:24:00,62.8034,62.8034,62.7741,62.7741,3510
2026-08-29 11:25:00,62.7741,62.7936,62.7741,62.7936,15628
2026-08-29 11:26:00,62.7936,62.8083,62.7936,62.8083,3084
2026-08-29 11:27:00,62.8034,62.8327,62.7985,62.8278,11556
2026-08-29 11:28:00,62.8278,62.8278,62.779,62.8083,11342
2026-08-29 11:29:00,62.8327,62.8619,62.8327,62.8522,11983
2026-08-29 11:30:00,62.8424,62.8424,62.8327,62.8424,8176
2026-08-29 11:31:00,62.8522,62.8522,62.8375,62.8375,5490
2026-08-29 11:32:00,62.8278,62.8522,62.8278,62.8522,2883
2026-08-29 11:33:00,62.8424,62.8717,62.8375,62.8619,8008
2026-08-29 11:34:00,62.8571,62.8863,62.8571,62.8717,7245
2026-08-29 11:35:00,62.8668,62.8863,62.8522,62.8863,12154
2026-08-29 11:36:00,62.8912,62.8912,62.8815,62.8815,1157
2026-08-29 11:37:00,62.8863,62.8863,62.8815,62.8815,799
2026-08-29 11:38:00,62.8863,62.9107,62.8815,62.901,8845
2026-08-29 11:39:00,62.9082,62.9091,62.901,62.901,5331
2026-08-29 11:40:00,62.901,62.9156,62.901,62.9156,1042
2026-08-29 11:41:00,62.9156,62.94,62.9156,62.9254,2197
2026-08-29 11:42:00,62.9302,62.9351,62.9156,62.9351,3702
2026-08-29 11:43:00,62.9302,62.9302,62.9205,62.9254,2255
2026-08-29 11:44:00,62.9205,62.9302,62.9205,62.9302,1594
2026-08-29 11:45:00,62.9302,62.9302,62.9058,62.9058,3879
2026-08-29 11:46:00,62.9011,62.9156,62.901,62.9107,2175
2026-08-29 11:47:00,62.9106,62.9106,62.901,62.901,1565
2026-08-29 11:48:00,62.901,62.901,62.8912,62.8912,1424
2026-08-29 11:49:00,62.8863,62.9351,62.8863,62.9351,9537
2026-08-29 11:50:00,62.9449,62.9595,62.9449,62.9498,832
2026-08-29 11:51:00,62.94,62.94,62.9254,62.9302,2466
2026-08-29 11:52:00,62.9302,62.9351,62.9107,62.9351,3602
2026-08-29 11:53:00,62.9351,62.9351,62.9254,62.9302,4604
2026-08-29 11:54:00,62.929,62.9498,62.929,62.9498,2389
2026-08-29 11:55:00,62.9507,62.9741,62.9507,62.9693,2965
2026-08-29 11:56:00,62.9789,62.9789,62.9595,62.9693,916
2026-08-29 11:57:00,62.9596,62.9596,62.9596,62.9596,461
2026-08-29 11:58:00,62.9644,62.9937,62.9644,62.9888,2965
2026-08-29 11:59:00,62.979,62.9871,62.9741,62.9741,2352
2026-08-29 12:00:00,62.9693,62.9888,62.9595,62.979,22124
2026-08-29 12:01:00,62.9839,63.0034,62.9839,62.9985,2476
2026-08-29 12:02:00,62.9937,62.9937,62.9888,62.9888,4936
2026-08-29 12:03:00,62.9937,62.9985,62.979,62.9858,6013
2026-08-29 12:04:00,62.9868,62.9888,62.9693,62.9693,7586
2026-08-29 12:05:00,62.979,62.979,62.9644,62.9693,1433
2026-08-29 12:06:00,62.979,62.979,62.9693,62.9693,2914
2026-08-29 12:07:00,62.9644,62.9693,62.9595,62.9644,1761
2026-08-29 12:08:00,62.9644,62.979,62.9595,62.9595,6807
2026-08-29 12:09:00,62.9595,62.9644,62.9595,62.9595,1433
2026-08-29 12:10:00,62.9693,62.9741,62.9693,62.9741,1592
2026-08-29 12:11:00,62.9693,62.9693,62.9693,62.9693,229
2026-08-29 12:12:00,62.961,62.961,62.9595,62.9595,957
2026-08-29 12:13:00,62.9693,62.9741,62.9693,62.9741,1471
2026-08-29 12:15:00,62.9693,62.9693,62.9595,62.9595,1047
2026-08-29 12:16:00,62.9595,62.9693,62.9546,62.9546,4737
2026-08-29 12:17:00,62.9584,62.9595,62.94,62.94,4251
2026-08-29 12:18:00,62.9449,62.9449,62.94,62.94,1291
2026-08-29 12:19:00,62.9351,62.9449,62.9351,62.9449,778
2026-08-29 12:20:00,62.94,62.9498,62.94,62.9498,2293
2026-08-29 12:21:00,62.9498,62.9498,62.9351,62.94,5180
2026-08-29 12:22:00,62.94,62.94,62.94,62.94,689
2026-08-29 12:25:00,62.9302,62.9302,62.9254,62.9302,1939
2026-08-29 12:26:00,62.9302,62.94,62.9302,62.9376,5314
2026-08-29 12:27:00,62.9302,62.9302,62.8863,62.8863,2153
2026-08-29 12:28:00,62.8815,62.8912,62.8766,62.8863,4705
2026-08-29 12:29:00,62.8815,62.8815,62.8815,62.8815,493
2026-08-29 12:30:00,62.8815,62.8815,62.8813,62.8813,749
2026-08-29 12:31:00,62.8815,62.8815,62.8619,62.8619,5885
2026-08-29 12:32:00,62.8619,62.8619,62.8424,62.8502,5374
2026-08-29 12:33:00,62.8522,62.8522,62.8424,62.8424,610
2026-08-29 12:34:00,62.8424,62.8424,62.8424,62.8424,989
2026-08-29 12:35:00,62.8424,62.8502,62.8424,62.8502,1277
2026-08-29 12:36:00,62.8522,62.8619,62.8473,62.8619,3524
2026-08-29 12:37:00,62.8522,62.8571,62.8522,62.8522,3639
2026-08-29 12:38:00,62.8327,62.8375,62.8229,62.8375,1878
2026-08-29 12:39:00,62.8619,62.8961,62.8619,62.8961,4850
2026-08-29 12:40:00,62.8912,62.901,62.8912,62.8933,4125
2026-08-29 12:41:00,62.901,62.9058,62.901,62.9058,835
2026-08-29 12:42:00,62.8961,62.901,62.8912,62.901,3062
2026-08-29 12:43:00,62.9058,62.9205,62.901,62.9205,7459
2026-08-29 12:44:00,62.9205,62.9302,62.9205,62.9302,1007
2026-08-29 12:45:00,62.9254,62.9351,62.9254,62.9351,409
2026-08-29 12:46:00,62.94,62.94,62.9302,62.9302,1411
2026-08-29 12:47:00,62.9302,62.9302,62.9205,62.9205,426
2026-08-29 12:48:00,62.9205,62.9302,62.9156,62.9156,5582
2026-08-29 12:49:00,62.9205,62.9302,62.9205,62.9205,2178
2026-08-29 12:50:00,62.9205,62.9205,62.9205,62.9205,1649
2026-08-29 12:51:00,62.9205,62.9254,62.9205,62.9205,1043
2026-08-29 12:52:00,62.9283,62.9283,62.9283,62.9283,557
2026-08-29 12:53:00,62.9205,62.9205,62.9205,62.9205,636
2026-08-29 12:54:00,62.9205,62.9205,62.9205,62.9205,410
2026-08-29 12:55:00,62.9205,62.9254,62.9205,62.9205,844
2026-08-29 12:56:00,62.9205,62.9351,62.9205,62.9351,2893
2026-08-29 12:57:00,62.9449,62.9498,62.9302,62.9302,4196
2026-08-29 12:58:00,62.94,62.94,62.94,62.94,1083
2026-08-29 12:59:00,62.94,62.94,62.9205,62.9205,1115
2026-08-29 13:00:00,62.9107,62.9254,62.9107,62.9254,4581
2026-08-29 13:01:00,62.9254,62.9254,62.9205,62.9205,1225
2026-08-29 13:02:00,62.9254,62.979,62.9254,62.979,24872
2026-08-29 13:03:00,62.9741,62.979,62.9741,62.979,17073
2026-08-29 13:04:00,62.9741,62.979,62.9693,62.9741,7232
2026-08-29 13:05:00,62.9693,62.979,62.9498,62.9498,5305
2026-08-29 13:06:00,62.9498,62.9498,62.94,62.94,2359
2026-08-29 13:07:00,62.94,62.94,62.94,62.94,821
2026-08-29 13:08:00,62.94,62.94,62.9254,62.9302,1305
2026-08-29 13:09:00,62.94,62.94,62.94,62.94,411
2026-08-29 13:10:00,62.9449,62.9449,62.94,62.94,713
2026-08-29 13:11:00,62.9318,62.94,62.9205,62.9205,1500
2026-08-29 13:12:00,62.9302,62.9498,62.9302,62.9498,1049
2026-08-29 13:13:00,62.9449,62.9693,62.9449,62.9644,6189
2026-08-29 13:14:00,62.9693,62.9693,62.9595,62.9595,355
2026-08-29 13:15:00,62.9595,62.9595,62.9498,62.9595,1195
2026-08-29 13:16:00,62.9498,62.9498,62.9449,62.9449,684
2026-08-29 13:17:00,62.9449,62.9449,62.9206,62.9206,2814
2026-08-29 13:18:00,62.9254,62.9302,62.9254,62.9302,873
2026-08-29 13:19:00,62.9302,62.94,62.9205,62.9283,2922
2026-08-29 13:20:00,62.9302,62.94,62.9302,62.94,1276
2026-08-29 13:21:00,62.9302,62.9351,62.9302,62.9351,414
2026-08-29 13:22:00,62.94,62.94,62.9302,62.9302,1037
2026-08-29 13:23:00,62.9205,62.94,62.9205,62.94,3451
2026-08-29 13:24:00,62.94,62.94,62.9302,62.9302,1028
2026-08-29 13:25:00,62.9302,62.9302,62.9302,62.9302,1331
2026-08-29 13:26:00,62.9401,62.9401,62.94,62.94,728
2026-08-29 13:27:00,62.94,62.9498,62.94,62.9498,1416
2026-08-29 13:28:00,62.9449,62.9498,62.94,62.9449,2753
2026-08-29 13:29:00,62.9498,62.9498,62.94,62.9451,995
2026-08-29 13:30:00,62.9498,62.95,62.9498,62.9498,1453
2026-08-29 13:31:00,62.9498,62.9498,62.9449,62.9449,592
2026-08-29 13:32:00,62.9498,62.9498,62.9107,62.9205,4718
2026-08-29 13:33:00,62.9107,62.9205,62.9107,62.9205,1349
2026-08-29 13:34:00,62.9205,62.9205,62.9205,62.9205,602
2026-08-29 13:35:00,62.9156,62.9351,62.9107,62.9351,4575
2026-08-29 13:36:00,62.9498,62.9546,62.9498,62.9498,780
2026-08-29 13:37:00,62.9449,62.9449,62.9302,62.9302,616
2026-08-29 13:38:00,62.9498,62.9498,62.9498,62.9498,820
2026-08-29 13:39:00,62.9594,62.9594,62.9594,62.9594,267
2026-08-29 13:40:00,62.94,62.9546,62.94,62.9546,1441
2026-08-29 13:41:00,62.9644,62.9644,62.9644,62.9644,347
2026-08-29 13:42:00,62.9693,62.9693,62.9595,62.9644,1092
2026-08-29 13:43:00,62.9644,62.9717,62.9644,62.9717,1158
2026-08-29 13:44:00,62.979,62.979,62.9693,62.979,2102
2026-08-29 13:45:00,62.979,62.979,62.9693,62.979,6940
2026-08-29 13:46:00,62.979,62.979,62.9595,62.9644,1159
2026-08-29 13:47:00,62.9595,62.9644,62.9595,62.9596,2885
2026-08-29 13:48:00,62.9612,62.9741,62.9612,62.9741,2556
2026-08-29 13:49:00,62.9741,62.9741,62.9693,62.9693,2378
2026-08-29 13:50:00,62.9693,62.979,62.9595,62.979,5983
2026-08-29 13:51:00,62.9693,62.9741,62.9595,62.9595,1035
2026-08-29 13:52:00,62.9693,62.979,62.9693,62.979,1022
2026-08-29 13:53:00,62.9755,62.979,62.9693,62.979,1617
2026-08-29 13:54:00,62.979,62.9839,62.9694,62.9694,9953
2026-08-29 13:55:00,62.979,62.9839,62.9693,62.979,10503
2026-08-29 13:56:00,62.9693,62.9693,62.9595,62.9595,1501
2026-08-29 13:57:00,62.9644,62.9644,62.9595,62.9644,1150
2026-08-29 13:58:00,62.9644,62.9644,62.9595,62.9595,1523
2026-08-29 13:59:00,62.9546,62.9595,62.94,62.9595,5740
2026-08-29 14:00:00,62.9644,62.9693,62.94,62.94,1380
2026-08-29 14:01:00,62.94,62.9546,62.94,62.9546,1842
2026-08-29 14:02:00,62.9595,62.9644,62.9546,62.9595,4996
2026-08-29 14:03:00,62.9546,62.9595,62.9546,62.9546,864
2026-08-29 14:04:00,62.9546,62.9546,62.9449,62.9498,2284
2026-08-29 14:05:00,62.9498,62.9644,62.9498,62.9644,2072
2026-08-29 14:06:00,62.9693,62.9693,62.9498,62.9644,5172
2026-08-29 14:07:00,62.9644,62.979,62.9644,62.979,10245
2026-08-29 14:08:00,62.979,62.979,62.9741,62.9741,6909
2026-08-29 14:09:00,62.979,62.9839,62.9741,62.979,7982
2026-08-29 14:10:00,62.979,62.979,62.9741,62.9741,1460
2026-08-29 14:11:00,62.979,62.9839,62.9693,62.9839,9250
2026-08-29 14:12:00,62.9839,62.9839,62.9644,62.9741,16509
2026-08-29 14:13:00,62.9741,62.979,62.9741,62.9741,5434
2026-08-29 14:14:00,62.9741,62.9839,62.9741,62.979,12598
2026-08-29 14:15:00,62.9741,62.9839,62.9741,62.9839,5775
2026-08-29 14:16:00,62.979,62.9839,62.979,62.9839,1904
2026-08-29 14:17:00,62.9839,62.9839,62.979,62.979,1642
2026-08-29 14:18:00,62.9839,62.9839,62.9741,62.979,3823
2026-08-29 14:20:00,62.9717,62.9839,62.9717,62.9839,13035
2026-08-29 14:21:00,62.9839,62.9863,62.9839,62.9839,2401
2026-08-29 14:22:00,62.9839,62.9888,62.979,62.9839,11631
2026-08-29 14:23:00,62.9839,62.9839,62.9693,62.9693,7283
2026-08-29 14:24:00,62.9693,62.9693,62.9595,62.9595,866
2026-08-29 14:25:00,62.9644,62.9839,62.9644,62.9839,56648
2026-08-29 14:26:00,62.9839,62.9839,62.9839,62.9839,1273
2026-08-29 14:27:00,62.9839,62.9839,62.9839,62.9839,2271
2026-08-29 14:28:00,62.979,62.979,62.9595,62.9741,6372
2026-08-29 14:29:00,62.9696,62.979,62.9644,62.9741,19404
2026-08-29 14:30:00,62.979,62.979,62.9693,62.979,3883
2026-08-29 14:31:00,62.9741,62.9741,62.9693,62.9741,1042
2026-08-29 14:32:00,62.979,62.979,62.9693,62.9693,4445
2026-08-29 14:33:00,62.9694,62.9694,62.9595,62.9693,3128
2026-08-29 14:34:00,62.9741,62.979,62.9741,62.979,5573
2026-08-29 14:35:00,62.9839,62.9888,62.9839,62.9839,1667
2026-08-29 14:36:00,62.9839,62.9839,62.9741,62.9741,3358
2026-08-29 14:37:00,62.979,62.9888,62.979,62.9839,2902
2026-08-29 14:38:00,62.9839,62.9888,62.979,62.9839,21873
2026-08-29 14:39:00,62.9888,62.9888,62.9839,62.9839,1238
2026-08-29 14:40:00,62.9839,62.9839,62.979,62.979,813
2026-08-29 14:41:00,62.9839,62.9888,62.9839,62.9839,5583
2026-08-29 14:42:00,62.979,62.9839,62.9693,62.9693,5113
2026-08-29 14:43:00,62.9693,62.9741,62.9693,62.9741,566
2026-08-29 14:44:00,62.9741,62.9839,62.9741,62.9839,5789
2026-08-29 14:45:00,62.979,62.9839,62.9693,62.9839,3819
2026-08-29 14:46:00,62.9839,62.9888,62.9741,62.9839,13278
2026-08-29 14:47:00,62.9839,62.9839,62.9839,62.9839,2024
2026-08-29 14:48:00,62.9888,62.9985,62.9839,62.9912,15169
2026-08-29 14:49:00,62.9937,63.0034,62.9937,62.9937,6928
2026-08-29 14:50:00,62.9937,63.0034,62.9912,63.0034,6377
2026-08-29 14:51:00,62.9985,63.0083,62.9985,63.0034,3352
2026-08-29 14:52:00,62.9985,63.0083,62.9985,63.0034,2562
2026-08-29 14:53:00,62.9985,62.9985,62.9888,62.9937,1831
2026-08-29 14:54:00,62.9888,62.9937,62.9793,62.9937,11569
2026-08-29 14:55:00,62.9888,62.9888,62.979,62.979,7967
2026-08-29 14:56:00,62.9839,62.9937,62.9839,62.9888,8771
2026-08-29 14:57:00,62.9888,62.9937,62.9839,62.9937,12544
2026-08-29 14:58:00,62.9937,62.9985,62.9937,62.9937,5929
2026-08-29 14:59:00,62.9937,62.9985,62.9888,62.9888,9726
2026-08-29 15:00:00,62.9937,62.9937,62.979,62.9839,1914
2026-08-29 15:01:00,62.9839,62.9888,62.9839,62.9839,8175
2026-08-29 15:02:00,62.9839,63.0132,62.979,63.0132,9227
2026-08-29 15:03:00,63.0132,63.0132,63.0132,63.0132,943
2026-08-29 15:04:00,63.0132,63.0668,63.0132,63.0473,28865
2026-08-29 15:05:00,63.0522,63.0522,63.0424,63.0424,2035
2026-08-29 15:06:00,63.0424,63.0498,63.0327,63.0473,6387
2026-08-29 15:07:00,63.0522,63.0766,63.0473,63.0766,6699
2026-08-29 15:08:00,63.0717,63.0717,63.062,63.062,5160
2026-08-29 15:09:00,63.0571,63.0766,63.0522,63.0668,3689
2026-08-29 15:10:00,63.0717,63.0766,63.0522,63.0668,6378
2026-08-29 15:11:00,63.0717,63.0766,63.062,63.062,5899
2026-08-29 15:12:00,63.0571,63.0644,63.0473,63.0522,4526
2026-08-29 15:13:00,63.0522,63.062,63.0522,63.062,4892
2026-08-29 15:14:00,63.0668,63.0668,63.062,63.062,1782
2026-08-29 15:15:00,63.062,63.0717,63.0571,63.062,6209
2026-08-29 15:16:00,63.062,63.0717,63.062,63.0717,3961
2026-08-29 15:17:00,63.0668,63.0766,63.0668,63.0717,22878
2026-08-29 15:18:00,63.0717,63.0815,63.0717,63.0815,9320
2026-08-29 15:19:00,63.0815,63.0815,63.0717,63.0766,5594
2026-08-29 15:20:00,63.0766,63.0766,63.062,63.062,2959
2026-08-29 15:21:00,63.062,63.0717,63.0571,63.0717,2180
2026-08-29 15:22:00,63.0717,63.0766,63.0717,63.0766,7881
2026-08-29 15:23:00,63.0717,63.0766,63.0717,63.0717,3037
2026-08-29 15:24:00,63.0717,63.0717,63.062,63.0717,5344
2026-08-29 15:25:00,63.0717,63.0766,63.0717,63.0717,5404
2026-08-29 15:26:00,63.0717,63.0766,63.0668,63.0717,7917
2026-08-29 15:27:00,63.0717,63.0815,63.0668,63.0717,19836
2026-08-29 15:28:00,63.0717,63.0815,63.0717,63.0717,5026
2026-08-29 15:29:00,63.0717,63.0717,63.0668,63.0717,918
2026-08-29 15:30:00,63.0766,63.0863,63.0678,63.0815,33945
2026-08-29 15:31:00,63.0815,63.0863,63.0815,63.0815,8211
2026-08-29 15:32:00,63.0815,63.0815,63.0668,63.0815,8269
2026-08-29 15:33:00,63.0766,63.0766,63.0473,63.0473,18139
2026-08-29 15:34:00,63.0522,63.0571,63.0473,63.0473,2394
2026-08-29 15:35:00,63.0522,63.0766,63.0522,63.0668,9741
2026-08-29 15:36:00,63.0717,63.0766,63.0668,63.0717,6858
2026-08-29 15:37:00,63.0717,63.0766,63.062,63.062,9442
2026-08-29 15:38:00,63.062,63.0717,63.062,63.0717,3489
2026-08-29 15:39:00,63.0671,63.0766,63.0671,63.0717,3654
2026-08-29 15:40:00,63.0717,63.0717,63.0522,63.0522,2321
2026-08-29 15:41:00,63.0522,63.0766,63.0522,63.0717,22627
2026-08-29 15:42:00,63.0717,63.0717,63.062,63.062,3246
2026-08-29 15:43:00,63.062,63.0755,63.062,63.0668,5998
2026-08-29 15:44:00,63.0668,63.0766,63.062,63.0766,5774
2026-08-29 15:45:00,63.0717,63.0766,63.062,63.0717,4734
2026-08-29 15:46:00,63.0717,63.0717,63.062,63.0668,2934
2026-08-29 15:47:00,63.0717,63.0717,63.0522,63.0717,10335
2026-08-29 15:48:00,63.0717,63.0815,63.0717,63.0717,9542
2026-08-29 15:49:00,63.0717,63.0815,63.0717,63.0766,20378
2026-08-29 15:50:00,63.0766,63.1546,63.0717,63.1498,88941
2026-08-29 15:51:00,63.1449,63.1742,63.1302,63.14,57465
2026-08-29 15:52:00,63.1351,63.1546,63.1107,63.1205,14252
2026-08-29 15:53:00,63.1205,63.1546,63.1205,63.1546,6755
2026-08-29 15:54:00,63.1498,63.1839,63.14,63.179,14913
2026-08-29 15:55:00,63.179,63.1888,63.1693,63.1693,12854
2026-08-29 15:56:00,63.179,63.2034,63.179,63.1985,30159
2026-08-29 15:57:00,63.1937,63.2034,63.1839,63.1985,16305
2026-08-29 15:58:00,63.1985,63.2034,63.1839,63.1888,33179
2026-08-29 15:59:00,63.1888,63.2181,63.1742,63.2034,56601
